run,metric,test,model_a,model_b,n,n_description,k_models,average_rank_a,average_rank_b,rank_difference,critical_difference,significant,note
EXP-A1,sensitivity,Nemenyi (post-hoc to Friedman),M1,M3,25,"n is the number of cross-validation folds, one paired observation each",6,1.94,6.0,4.0600000000000005,1.507922370016207,True,"Nemenyi compares average ranks against one critical difference; it reports a decision, not a p-value."
EXP-A1,sensitivity,Nemenyi (post-hoc to Friedman),M1,M4,25,"n is the number of cross-validation folds, one paired observation each",6,1.94,4.6,2.6599999999999997,1.507922370016207,True,"Nemenyi compares average ranks against one critical difference; it reports a decision, not a p-value."
EXP-A1,sensitivity,Nemenyi (post-hoc to Friedman),M1,M5,25,"n is the number of cross-validation folds, one paired observation each",6,1.94,2.86,0.9199999999999999,1.507922370016207,False,"Nemenyi compares average ranks against one critical difference; it reports a decision, not a p-value."
EXP-A1,sensitivity,Nemenyi (post-hoc to Friedman),M1,M6,25,"n is the number of cross-validation folds, one paired observation each",6,1.94,1.3,0.6399999999999999,1.507922370016207,False,"Nemenyi compares average ranks against one critical difference; it reports a decision, not a p-value."
EXP-A1,sensitivity,Nemenyi (post-hoc to Friedman),M1,M8,25,"n is the number of cross-validation folds, one paired observation each",6,1.94,4.3,2.36,1.507922370016207,True,"Nemenyi compares average ranks against one critical difference; it reports a decision, not a p-value."
EXP-A1,sensitivity,Nemenyi (post-hoc to Friedman),M3,M4,25,"n is the number of cross-validation folds, one paired observation each",6,6.0,4.6,1.4000000000000004,1.507922370016207,False,"Nemenyi compares average ranks against one critical difference; it reports a decision, not a p-value."
EXP-A1,sensitivity,Nemenyi (post-hoc to Friedman),M3,M5,25,"n is the number of cross-validation folds, one paired observation each",6,6.0,2.86,3.14,1.507922370016207,True,"Nemenyi compares average ranks against one critical difference; it reports a decision, not a p-value."
EXP-A1,sensitivity,Nemenyi (post-hoc to Friedman),M3,M6,25,"n is the number of cross-validation folds, one paired observation each",6,6.0,1.3,4.7,1.507922370016207,True,"Nemenyi compares average ranks against one critical difference; it reports a decision, not a p-value."
EXP-A1,sensitivity,Nemenyi (post-hoc to Friedman),M3,M8,25,"n is the number of cross-validation folds, one paired observation each",6,6.0,4.3,1.7000000000000002,1.507922370016207,True,"Nemenyi compares average ranks against one critical difference; it reports a decision, not a p-value."
EXP-A1,sensitivity,Nemenyi (post-hoc to Friedman),M4,M5,25,"n is the number of cross-validation folds, one paired observation each",6,4.6,2.86,1.7399999999999998,1.507922370016207,True,"Nemenyi compares average ranks against one critical difference; it reports a decision, not a p-value."
EXP-A1,sensitivity,Nemenyi (post-hoc to Friedman),M4,M6,25,"n is the number of cross-validation folds, one paired observation each",6,4.6,1.3,3.3,1.507922370016207,True,"Nemenyi compares average ranks against one critical difference; it reports a decision, not a p-value."
EXP-A1,sensitivity,Nemenyi (post-hoc to Friedman),M4,M8,25,"n is the number of cross-validation folds, one paired observation each",6,4.6,4.3,0.2999999999999998,1.507922370016207,False,"Nemenyi compares average ranks against one critical difference; it reports a decision, not a p-value."
EXP-A1,sensitivity,Nemenyi (post-hoc to Friedman),M5,M6,25,"n is the number of cross-validation folds, one paired observation each",6,2.86,1.3,1.5599999999999998,1.507922370016207,True,"Nemenyi compares average ranks against one critical difference; it reports a decision, not a p-value."
EXP-A1,sensitivity,Nemenyi (post-hoc to Friedman),M5,M8,25,"n is the number of cross-validation folds, one paired observation each",6,2.86,4.3,1.44,1.507922370016207,False,"Nemenyi compares average ranks against one critical difference; it reports a decision, not a p-value."
EXP-A1,sensitivity,Nemenyi (post-hoc to Friedman),M6,M8,25,"n is the number of cross-validation folds, one paired observation each",6,1.3,4.3,3.0,1.507922370016207,True,"Nemenyi compares average ranks against one critical difference; it reports a decision, not a p-value."
EXP-A1,balanced_accuracy,Nemenyi (post-hoc to Friedman),M1,M3,25,"n is the number of cross-validation folds, one paired observation each",6,3.56,5.96,2.4,1.507922370016207,True,"Nemenyi compares average ranks against one critical difference; it reports a decision, not a p-value."
EXP-A1,balanced_accuracy,Nemenyi (post-hoc to Friedman),M1,M4,25,"n is the number of cross-validation folds, one paired observation each",6,3.56,3.56,0.0,1.507922370016207,False,"Nemenyi compares average ranks against one critical difference; it reports a decision, not a p-value."
EXP-A1,balanced_accuracy,Nemenyi (post-hoc to Friedman),M1,M5,25,"n is the number of cross-validation folds, one paired observation each",6,3.56,2.68,0.8799999999999999,1.507922370016207,False,"Nemenyi compares average ranks against one critical difference; it reports a decision, not a p-value."
EXP-A1,balanced_accuracy,Nemenyi (post-hoc to Friedman),M1,M6,25,"n is the number of cross-validation folds, one paired observation each",6,3.56,1.96,1.6,1.507922370016207,True,"Nemenyi compares average ranks against one critical difference; it reports a decision, not a p-value."
EXP-A1,balanced_accuracy,Nemenyi (post-hoc to Friedman),M1,M8,25,"n is the number of cross-validation folds, one paired observation each",6,3.56,3.28,0.28000000000000025,1.507922370016207,False,"Nemenyi compares average ranks against one critical difference; it reports a decision, not a p-value."
EXP-A1,balanced_accuracy,Nemenyi (post-hoc to Friedman),M3,M4,25,"n is the number of cross-validation folds, one paired observation each",6,5.96,3.56,2.4,1.507922370016207,True,"Nemenyi compares average ranks against one critical difference; it reports a decision, not a p-value."
EXP-A1,balanced_accuracy,Nemenyi (post-hoc to Friedman),M3,M5,25,"n is the number of cross-validation folds, one paired observation each",6,5.96,2.68,3.28,1.507922370016207,True,"Nemenyi compares average ranks against one critical difference; it reports a decision, not a p-value."
EXP-A1,balanced_accuracy,Nemenyi (post-hoc to Friedman),M3,M6,25,"n is the number of cross-validation folds, one paired observation each",6,5.96,1.96,4.0,1.507922370016207,True,"Nemenyi compares average ranks against one critical difference; it reports a decision, not a p-value."
EXP-A1,balanced_accuracy,Nemenyi (post-hoc to Friedman),M3,M8,25,"n is the number of cross-validation folds, one paired observation each",6,5.96,3.28,2.68,1.507922370016207,True,"Nemenyi compares average ranks against one critical difference; it reports a decision, not a p-value."
EXP-A1,balanced_accuracy,Nemenyi (post-hoc to Friedman),M4,M5,25,"n is the number of cross-validation folds, one paired observation each",6,3.56,2.68,0.8799999999999999,1.507922370016207,False,"Nemenyi compares average ranks against one critical difference; it reports a decision, not a p-value."
EXP-A1,balanced_accuracy,Nemenyi (post-hoc to Friedman),M4,M6,25,"n is the number of cross-validation folds, one paired observation each",6,3.56,1.96,1.6,1.507922370016207,True,"Nemenyi compares average ranks against one critical difference; it reports a decision, not a p-value."
EXP-A1,balanced_accuracy,Nemenyi (post-hoc to Friedman),M4,M8,25,"n is the number of cross-validation folds, one paired observation each",6,3.56,3.28,0.28000000000000025,1.507922370016207,False,"Nemenyi compares average ranks against one critical difference; it reports a decision, not a p-value."
EXP-A1,balanced_accuracy,Nemenyi (post-hoc to Friedman),M5,M6,25,"n is the number of cross-validation folds, one paired observation each",6,2.68,1.96,0.7200000000000002,1.507922370016207,False,"Nemenyi compares average ranks against one critical difference; it reports a decision, not a p-value."
EXP-A1,balanced_accuracy,Nemenyi (post-hoc to Friedman),M5,M8,25,"n is the number of cross-validation folds, one paired observation each",6,2.68,3.28,0.5999999999999996,1.507922370016207,False,"Nemenyi compares average ranks against one critical difference; it reports a decision, not a p-value."
EXP-A1,balanced_accuracy,Nemenyi (post-hoc to Friedman),M6,M8,25,"n is the number of cross-validation folds, one paired observation each",6,1.96,3.28,1.3199999999999998,1.507922370016207,False,"Nemenyi compares average ranks against one critical difference; it reports a decision, not a p-value."
EXP-A1,specificity,Nemenyi (post-hoc to Friedman),M1,M3,25,"n is the number of cross-validation folds, one paired observation each",6,5.44,2.34,3.1000000000000005,1.507922370016207,True,"Nemenyi compares average ranks against one critical difference; it reports a decision, not a p-value."
EXP-A1,specificity,Nemenyi (post-hoc to Friedman),M1,M4,25,"n is the number of cross-validation folds, one paired observation each",6,5.44,1.6,3.8400000000000003,1.507922370016207,True,"Nemenyi compares average ranks against one critical difference; it reports a decision, not a p-value."
EXP-A1,specificity,Nemenyi (post-hoc to Friedman),M1,M5,25,"n is the number of cross-validation folds, one paired observation each",6,5.44,4.04,1.4000000000000004,1.507922370016207,False,"Nemenyi compares average ranks against one critical difference; it reports a decision, not a p-value."
EXP-A1,specificity,Nemenyi (post-hoc to Friedman),M1,M6,25,"n is the number of cross-validation folds, one paired observation each",6,5.44,5.52,0.07999999999999918,1.507922370016207,False,"Nemenyi compares average ranks against one critical difference; it reports a decision, not a p-value."
EXP-A1,specificity,Nemenyi (post-hoc to Friedman),M1,M8,25,"n is the number of cross-validation folds, one paired observation each",6,5.44,2.06,3.3800000000000003,1.507922370016207,True,"Nemenyi compares average ranks against one critical difference; it reports a decision, not a p-value."
EXP-A1,specificity,Nemenyi (post-hoc to Friedman),M3,M4,25,"n is the number of cross-validation folds, one paired observation each",6,2.34,1.6,0.7399999999999998,1.507922370016207,False,"Nemenyi compares average ranks against one critical difference; it reports a decision, not a p-value."
EXP-A1,specificity,Nemenyi (post-hoc to Friedman),M3,M5,25,"n is the number of cross-validation folds, one paired observation each",6,2.34,4.04,1.7000000000000002,1.507922370016207,True,"Nemenyi compares average ranks against one critical difference; it reports a decision, not a p-value."
EXP-A1,specificity,Nemenyi (post-hoc to Friedman),M3,M6,25,"n is the number of cross-validation folds, one paired observation each",6,2.34,5.52,3.1799999999999997,1.507922370016207,True,"Nemenyi compares average ranks against one critical difference; it reports a decision, not a p-value."
EXP-A1,specificity,Nemenyi (post-hoc to Friedman),M3,M8,25,"n is the number of cross-validation folds, one paired observation each",6,2.34,2.06,0.2799999999999998,1.507922370016207,False,"Nemenyi compares average ranks against one critical difference; it reports a decision, not a p-value."
EXP-A1,specificity,Nemenyi (post-hoc to Friedman),M4,M5,25,"n is the number of cross-validation folds, one paired observation each",6,1.6,4.04,2.44,1.507922370016207,True,"Nemenyi compares average ranks against one critical difference; it reports a decision, not a p-value."
EXP-A1,specificity,Nemenyi (post-hoc to Friedman),M4,M6,25,"n is the number of cross-validation folds, one paired observation each",6,1.6,5.52,3.9199999999999995,1.507922370016207,True,"Nemenyi compares average ranks against one critical difference; it reports a decision, not a p-value."
EXP-A1,specificity,Nemenyi (post-hoc to Friedman),M4,M8,25,"n is the number of cross-validation folds, one paired observation each",6,1.6,2.06,0.45999999999999996,1.507922370016207,False,"Nemenyi compares average ranks against one critical difference; it reports a decision, not a p-value."
EXP-A1,specificity,Nemenyi (post-hoc to Friedman),M5,M6,25,"n is the number of cross-validation folds, one paired observation each",6,4.04,5.52,1.4799999999999995,1.507922370016207,False,"Nemenyi compares average ranks against one critical difference; it reports a decision, not a p-value."
EXP-A1,specificity,Nemenyi (post-hoc to Friedman),M5,M8,25,"n is the number of cross-validation folds, one paired observation each",6,4.04,2.06,1.98,1.507922370016207,True,"Nemenyi compares average ranks against one critical difference; it reports a decision, not a p-value."
EXP-A1,specificity,Nemenyi (post-hoc to Friedman),M6,M8,25,"n is the number of cross-validation folds, one paired observation each",6,5.52,2.06,3.4599999999999995,1.507922370016207,True,"Nemenyi compares average ranks against one critical difference; it reports a decision, not a p-value."
EXP-A1,f1,Nemenyi (post-hoc to Friedman),M1,M3,25,"n is the number of cross-validation folds, one paired observation each",6,5.16,4.8,0.3600000000000003,1.507922370016207,False,"Nemenyi compares average ranks against one critical difference; it reports a decision, not a p-value."
EXP-A1,f1,Nemenyi (post-hoc to Friedman),M1,M4,25,"n is the number of cross-validation folds, one paired observation each",6,5.16,1.94,3.22,1.507922370016207,True,"Nemenyi compares average ranks against one critical difference; it reports a decision, not a p-value."
EXP-A1,f1,Nemenyi (post-hoc to Friedman),M1,M5,25,"n is the number of cross-validation folds, one paired observation each",6,5.16,2.88,2.2800000000000002,1.507922370016207,True,"Nemenyi compares average ranks against one critical difference; it reports a decision, not a p-value."
EXP-A1,f1,Nemenyi (post-hoc to Friedman),M1,M6,25,"n is the number of cross-validation folds, one paired observation each",6,5.16,4.36,0.7999999999999998,1.507922370016207,False,"Nemenyi compares average ranks against one critical difference; it reports a decision, not a p-value."
EXP-A1,f1,Nemenyi (post-hoc to Friedman),M1,M8,25,"n is the number of cross-validation folds, one paired observation each",6,5.16,1.86,3.3,1.507922370016207,True,"Nemenyi compares average ranks against one critical difference; it reports a decision, not a p-value."
EXP-A1,f1,Nemenyi (post-hoc to Friedman),M3,M4,25,"n is the number of cross-validation folds, one paired observation each",6,4.8,1.94,2.86,1.507922370016207,True,"Nemenyi compares average ranks against one critical difference; it reports a decision, not a p-value."
EXP-A1,f1,Nemenyi (post-hoc to Friedman),M3,M5,25,"n is the number of cross-validation folds, one paired observation each",6,4.8,2.88,1.92,1.507922370016207,True,"Nemenyi compares average ranks against one critical difference; it reports a decision, not a p-value."
EXP-A1,f1,Nemenyi (post-hoc to Friedman),M3,M6,25,"n is the number of cross-validation folds, one paired observation each",6,4.8,4.36,0.4399999999999995,1.507922370016207,False,"Nemenyi compares average ranks against one critical difference; it reports a decision, not a p-value."
EXP-A1,f1,Nemenyi (post-hoc to Friedman),M3,M8,25,"n is the number of cross-validation folds, one paired observation each",6,4.8,1.86,2.9399999999999995,1.507922370016207,True,"Nemenyi compares average ranks against one critical difference; it reports a decision, not a p-value."
EXP-A1,f1,Nemenyi (post-hoc to Friedman),M4,M5,25,"n is the number of cross-validation folds, one paired observation each",6,1.94,2.88,0.94,1.507922370016207,False,"Nemenyi compares average ranks against one critical difference; it reports a decision, not a p-value."
EXP-A1,f1,Nemenyi (post-hoc to Friedman),M4,M6,25,"n is the number of cross-validation folds, one paired observation each",6,1.94,4.36,2.4200000000000004,1.507922370016207,True,"Nemenyi compares average ranks against one critical difference; it reports a decision, not a p-value."
EXP-A1,f1,Nemenyi (post-hoc to Friedman),M4,M8,25,"n is the number of cross-validation folds, one paired observation each",6,1.94,1.86,0.07999999999999985,1.507922370016207,False,"Nemenyi compares average ranks against one critical difference; it reports a decision, not a p-value."
EXP-A1,f1,Nemenyi (post-hoc to Friedman),M5,M6,25,"n is the number of cross-validation folds, one paired observation each",6,2.88,4.36,1.4800000000000004,1.507922370016207,False,"Nemenyi compares average ranks against one critical difference; it reports a decision, not a p-value."
EXP-A1,f1,Nemenyi (post-hoc to Friedman),M5,M8,25,"n is the number of cross-validation folds, one paired observation each",6,2.88,1.86,1.0199999999999998,1.507922370016207,False,"Nemenyi compares average ranks against one critical difference; it reports a decision, not a p-value."
EXP-A1,f1,Nemenyi (post-hoc to Friedman),M6,M8,25,"n is the number of cross-validation folds, one paired observation each",6,4.36,1.86,2.5,1.507922370016207,True,"Nemenyi compares average ranks against one critical difference; it reports a decision, not a p-value."
EXP-A1,roc_auc,Nemenyi (post-hoc to Friedman),M1,M3,25,"n is the number of cross-validation folds, one paired observation each",6,5.4,5.28,0.1200000000000001,1.507922370016207,False,"Nemenyi compares average ranks against one critical difference; it reports a decision, not a p-value."
EXP-A1,roc_auc,Nemenyi (post-hoc to Friedman),M1,M4,25,"n is the number of cross-validation folds, one paired observation each",6,5.4,1.72,3.6800000000000006,1.507922370016207,True,"Nemenyi compares average ranks against one critical difference; it reports a decision, not a p-value."
EXP-A1,roc_auc,Nemenyi (post-hoc to Friedman),M1,M5,25,"n is the number of cross-validation folds, one paired observation each",6,5.4,3.4,2.0000000000000004,1.507922370016207,True,"Nemenyi compares average ranks against one critical difference; it reports a decision, not a p-value."
EXP-A1,roc_auc,Nemenyi (post-hoc to Friedman),M1,M6,25,"n is the number of cross-validation folds, one paired observation each",6,5.4,2.72,2.68,1.507922370016207,True,"Nemenyi compares average ranks against one critical difference; it reports a decision, not a p-value."
EXP-A1,roc_auc,Nemenyi (post-hoc to Friedman),M1,M8,25,"n is the number of cross-validation folds, one paired observation each",6,5.4,2.48,2.9200000000000004,1.507922370016207,True,"Nemenyi compares average ranks against one critical difference; it reports a decision, not a p-value."
EXP-A1,roc_auc,Nemenyi (post-hoc to Friedman),M3,M4,25,"n is the number of cross-validation folds, one paired observation each",6,5.28,1.72,3.5600000000000005,1.507922370016207,True,"Nemenyi compares average ranks against one critical difference; it reports a decision, not a p-value."
EXP-A1,roc_auc,Nemenyi (post-hoc to Friedman),M3,M5,25,"n is the number of cross-validation folds, one paired observation each",6,5.28,3.4,1.8800000000000003,1.507922370016207,True,"Nemenyi compares average ranks against one critical difference; it reports a decision, not a p-value."
EXP-A1,roc_auc,Nemenyi (post-hoc to Friedman),M3,M6,25,"n is the number of cross-validation folds, one paired observation each",6,5.28,2.72,2.56,1.507922370016207,True,"Nemenyi compares average ranks against one critical difference; it reports a decision, not a p-value."
EXP-A1,roc_auc,Nemenyi (post-hoc to Friedman),M3,M8,25,"n is the number of cross-validation folds, one paired observation each",6,5.28,2.48,2.8000000000000003,1.507922370016207,True,"Nemenyi compares average ranks against one critical difference; it reports a decision, not a p-value."
EXP-A1,roc_auc,Nemenyi (post-hoc to Friedman),M4,M5,25,"n is the number of cross-validation folds, one paired observation each",6,1.72,3.4,1.68,1.507922370016207,True,"Nemenyi compares average ranks against one critical difference; it reports a decision, not a p-value."
EXP-A1,roc_auc,Nemenyi (post-hoc to Friedman),M4,M6,25,"n is the number of cross-validation folds, one paired observation each",6,1.72,2.72,1.0000000000000002,1.507922370016207,False,"Nemenyi compares average ranks against one critical difference; it reports a decision, not a p-value."
EXP-A1,roc_auc,Nemenyi (post-hoc to Friedman),M4,M8,25,"n is the number of cross-validation folds, one paired observation each",6,1.72,2.48,0.76,1.507922370016207,False,"Nemenyi compares average ranks against one critical difference; it reports a decision, not a p-value."
EXP-A1,roc_auc,Nemenyi (post-hoc to Friedman),M5,M6,25,"n is the number of cross-validation folds, one paired observation each",6,3.4,2.72,0.6799999999999997,1.507922370016207,False,"Nemenyi compares average ranks against one critical difference; it reports a decision, not a p-value."
EXP-A1,roc_auc,Nemenyi (post-hoc to Friedman),M5,M8,25,"n is the number of cross-validation folds, one paired observation each",6,3.4,2.48,0.9199999999999999,1.507922370016207,False,"Nemenyi compares average ranks against one critical difference; it reports a decision, not a p-value."
EXP-A1,roc_auc,Nemenyi (post-hoc to Friedman),M6,M8,25,"n is the number of cross-validation folds, one paired observation each",6,2.72,2.48,0.2400000000000002,1.507922370016207,False,"Nemenyi compares average ranks against one critical difference; it reports a decision, not a p-value."
EXP-A1,accuracy,Nemenyi (post-hoc to Friedman),M1,M3,25,"n is the number of cross-validation folds, one paired observation each",6,5.52,3.8,1.7199999999999998,1.507922370016207,True,"Nemenyi compares average ranks against one critical difference; it reports a decision, not a p-value."
EXP-A1,accuracy,Nemenyi (post-hoc to Friedman),M1,M4,25,"n is the number of cross-validation folds, one paired observation each",6,5.52,1.7,3.8199999999999994,1.507922370016207,True,"Nemenyi compares average ranks against one critical difference; it reports a decision, not a p-value."
EXP-A1,accuracy,Nemenyi (post-hoc to Friedman),M1,M5,25,"n is the number of cross-validation folds, one paired observation each",6,5.52,3.26,2.26,1.507922370016207,True,"Nemenyi compares average ranks against one critical difference; it reports a decision, not a p-value."
EXP-A1,accuracy,Nemenyi (post-hoc to Friedman),M1,M6,25,"n is the number of cross-validation folds, one paired observation each",6,5.52,5.12,0.39999999999999947,1.507922370016207,False,"Nemenyi compares average ranks against one critical difference; it reports a decision, not a p-value."
EXP-A1,accuracy,Nemenyi (post-hoc to Friedman),M1,M8,25,"n is the number of cross-validation folds, one paired observation each",6,5.52,1.6,3.9199999999999995,1.507922370016207,True,"Nemenyi compares average ranks against one critical difference; it reports a decision, not a p-value."
EXP-A1,accuracy,Nemenyi (post-hoc to Friedman),M3,M4,25,"n is the number of cross-validation folds, one paired observation each",6,3.8,1.7,2.0999999999999996,1.507922370016207,True,"Nemenyi compares average ranks against one critical difference; it reports a decision, not a p-value."
EXP-A1,accuracy,Nemenyi (post-hoc to Friedman),M3,M5,25,"n is the number of cross-validation folds, one paired observation each",6,3.8,3.26,0.54,1.507922370016207,False,"Nemenyi compares average ranks against one critical difference; it reports a decision, not a p-value."
EXP-A1,accuracy,Nemenyi (post-hoc to Friedman),M3,M6,25,"n is the number of cross-validation folds, one paired observation each",6,3.8,5.12,1.3200000000000003,1.507922370016207,False,"Nemenyi compares average ranks against one critical difference; it reports a decision, not a p-value."
EXP-A1,accuracy,Nemenyi (post-hoc to Friedman),M3,M8,25,"n is the number of cross-validation folds, one paired observation each",6,3.8,1.6,2.1999999999999997,1.507922370016207,True,"Nemenyi compares average ranks against one critical difference; it reports a decision, not a p-value."
EXP-A1,accuracy,Nemenyi (post-hoc to Friedman),M4,M5,25,"n is the number of cross-validation folds, one paired observation each",6,1.7,3.26,1.5599999999999998,1.507922370016207,True,"Nemenyi compares average ranks against one critical difference; it reports a decision, not a p-value."
EXP-A1,accuracy,Nemenyi (post-hoc to Friedman),M4,M6,25,"n is the number of cross-validation folds, one paired observation each",6,1.7,5.12,3.42,1.507922370016207,True,"Nemenyi compares average ranks against one critical difference; it reports a decision, not a p-value."
EXP-A1,accuracy,Nemenyi (post-hoc to Friedman),M4,M8,25,"n is the number of cross-validation folds, one paired observation each",6,1.7,1.6,0.09999999999999987,1.507922370016207,False,"Nemenyi compares average ranks against one critical difference; it reports a decision, not a p-value."
EXP-A1,accuracy,Nemenyi (post-hoc to Friedman),M5,M6,25,"n is the number of cross-validation folds, one paired observation each",6,3.26,5.12,1.8600000000000003,1.507922370016207,True,"Nemenyi compares average ranks against one critical difference; it reports a decision, not a p-value."
EXP-A1,accuracy,Nemenyi (post-hoc to Friedman),M5,M8,25,"n is the number of cross-validation folds, one paired observation each",6,3.26,1.6,1.6599999999999997,1.507922370016207,True,"Nemenyi compares average ranks against one critical difference; it reports a decision, not a p-value."
EXP-A1,accuracy,Nemenyi (post-hoc to Friedman),M6,M8,25,"n is the number of cross-validation folds, one paired observation each",6,5.12,1.6,3.52,1.507922370016207,True,"Nemenyi compares average ranks against one critical difference; it reports a decision, not a p-value."
EXP-A2,sensitivity,Nemenyi (post-hoc to Friedman),M1,M3,25,"n is the number of cross-validation folds, one paired observation each",7,2.58,7.0,4.42,1.8014532871044353,True,"Nemenyi compares average ranks against one critical difference; it reports a decision, not a p-value."
EXP-A2,sensitivity,Nemenyi (post-hoc to Friedman),M1,M4,25,"n is the number of cross-validation folds, one paired observation each",7,2.58,4.6,2.0199999999999996,1.8014532871044353,True,"Nemenyi compares average ranks against one critical difference; it reports a decision, not a p-value."
EXP-A2,sensitivity,Nemenyi (post-hoc to Friedman),M1,M5,25,"n is the number of cross-validation folds, one paired observation each",7,2.58,4.64,2.0599999999999996,1.8014532871044353,True,"Nemenyi compares average ranks against one critical difference; it reports a decision, not a p-value."
EXP-A2,sensitivity,Nemenyi (post-hoc to Friedman),M1,M6,25,"n is the number of cross-validation folds, one paired observation each",7,2.58,2.52,0.06000000000000005,1.8014532871044353,False,"Nemenyi compares average ranks against one critical difference; it reports a decision, not a p-value."
EXP-A2,sensitivity,Nemenyi (post-hoc to Friedman),M1,M7,25,"n is the number of cross-validation folds, one paired observation each",7,2.58,2.52,0.06000000000000005,1.8014532871044353,False,"Nemenyi compares average ranks against one critical difference; it reports a decision, not a p-value."
EXP-A2,sensitivity,Nemenyi (post-hoc to Friedman),M1,M8,25,"n is the number of cross-validation folds, one paired observation each",7,2.58,4.14,1.5599999999999996,1.8014532871044353,False,"Nemenyi compares average ranks against one critical difference; it reports a decision, not a p-value."
EXP-A2,sensitivity,Nemenyi (post-hoc to Friedman),M3,M4,25,"n is the number of cross-validation folds, one paired observation each",7,7.0,4.6,2.4000000000000004,1.8014532871044353,True,"Nemenyi compares average ranks against one critical difference; it reports a decision, not a p-value."
EXP-A2,sensitivity,Nemenyi (post-hoc to Friedman),M3,M5,25,"n is the number of cross-validation folds, one paired observation each",7,7.0,4.64,2.3600000000000003,1.8014532871044353,True,"Nemenyi compares average ranks against one critical difference; it reports a decision, not a p-value."
EXP-A2,sensitivity,Nemenyi (post-hoc to Friedman),M3,M6,25,"n is the number of cross-validation folds, one paired observation each",7,7.0,2.52,4.48,1.8014532871044353,True,"Nemenyi compares average ranks against one critical difference; it reports a decision, not a p-value."
EXP-A2,sensitivity,Nemenyi (post-hoc to Friedman),M3,M7,25,"n is the number of cross-validation folds, one paired observation each",7,7.0,2.52,4.48,1.8014532871044353,True,"Nemenyi compares average ranks against one critical difference; it reports a decision, not a p-value."
EXP-A2,sensitivity,Nemenyi (post-hoc to Friedman),M3,M8,25,"n is the number of cross-validation folds, one paired observation each",7,7.0,4.14,2.8600000000000003,1.8014532871044353,True,"Nemenyi compares average ranks against one critical difference; it reports a decision, not a p-value."
EXP-A2,sensitivity,Nemenyi (post-hoc to Friedman),M4,M5,25,"n is the number of cross-validation folds, one paired observation each",7,4.6,4.64,0.040000000000000036,1.8014532871044353,False,"Nemenyi compares average ranks against one critical difference; it reports a decision, not a p-value."
EXP-A2,sensitivity,Nemenyi (post-hoc to Friedman),M4,M6,25,"n is the number of cross-validation folds, one paired observation each",7,4.6,2.52,2.0799999999999996,1.8014532871044353,True,"Nemenyi compares average ranks against one critical difference; it reports a decision, not a p-value."
EXP-A2,sensitivity,Nemenyi (post-hoc to Friedman),M4,M7,25,"n is the number of cross-validation folds, one paired observation each",7,4.6,2.52,2.0799999999999996,1.8014532871044353,True,"Nemenyi compares average ranks against one critical difference; it reports a decision, not a p-value."
EXP-A2,sensitivity,Nemenyi (post-hoc to Friedman),M4,M8,25,"n is the number of cross-validation folds, one paired observation each",7,4.6,4.14,0.45999999999999996,1.8014532871044353,False,"Nemenyi compares average ranks against one critical difference; it reports a decision, not a p-value."
EXP-A2,sensitivity,Nemenyi (post-hoc to Friedman),M5,M6,25,"n is the number of cross-validation folds, one paired observation each",7,4.64,2.52,2.1199999999999997,1.8014532871044353,True,"Nemenyi compares average ranks against one critical difference; it reports a decision, not a p-value."
EXP-A2,sensitivity,Nemenyi (post-hoc to Friedman),M5,M7,25,"n is the number of cross-validation folds, one paired observation each",7,4.64,2.52,2.1199999999999997,1.8014532871044353,True,"Nemenyi compares average ranks against one critical difference; it reports a decision, not a p-value."
EXP-A2,sensitivity,Nemenyi (post-hoc to Friedman),M5,M8,25,"n is the number of cross-validation folds, one paired observation each",7,4.64,4.14,0.5,1.8014532871044353,False,"Nemenyi compares average ranks against one critical difference; it reports a decision, not a p-value."
EXP-A2,sensitivity,Nemenyi (post-hoc to Friedman),M6,M7,25,"n is the number of cross-validation folds, one paired observation each",7,2.52,2.52,0.0,1.8014532871044353,False,"Nemenyi compares average ranks against one critical difference; it reports a decision, not a p-value."
EXP-A2,sensitivity,Nemenyi (post-hoc to Friedman),M6,M8,25,"n is the number of cross-validation folds, one paired observation each",7,2.52,4.14,1.6199999999999997,1.8014532871044353,False,"Nemenyi compares average ranks against one critical difference; it reports a decision, not a p-value."
EXP-A2,sensitivity,Nemenyi (post-hoc to Friedman),M7,M8,25,"n is the number of cross-validation folds, one paired observation each",7,2.52,4.14,1.6199999999999997,1.8014532871044353,False,"Nemenyi compares average ranks against one critical difference; it reports a decision, not a p-value."
EXP-A2,balanced_accuracy,Nemenyi (post-hoc to Friedman),M1,M3,25,"n is the number of cross-validation folds, one paired observation each",7,3.68,6.88,3.1999999999999997,1.8014532871044353,True,"Nemenyi compares average ranks against one critical difference; it reports a decision, not a p-value."
EXP-A2,balanced_accuracy,Nemenyi (post-hoc to Friedman),M1,M4,25,"n is the number of cross-validation folds, one paired observation each",7,3.68,3.68,0.0,1.8014532871044353,False,"Nemenyi compares average ranks against one critical difference; it reports a decision, not a p-value."
EXP-A2,balanced_accuracy,Nemenyi (post-hoc to Friedman),M1,M5,25,"n is the number of cross-validation folds, one paired observation each",7,3.68,3.96,0.2799999999999998,1.8014532871044353,False,"Nemenyi compares average ranks against one critical difference; it reports a decision, not a p-value."
EXP-A2,balanced_accuracy,Nemenyi (post-hoc to Friedman),M1,M6,25,"n is the number of cross-validation folds, one paired observation each",7,3.68,2.82,0.8600000000000003,1.8014532871044353,False,"Nemenyi compares average ranks against one critical difference; it reports a decision, not a p-value."
EXP-A2,balanced_accuracy,Nemenyi (post-hoc to Friedman),M1,M7,25,"n is the number of cross-validation folds, one paired observation each",7,3.68,2.98,0.7000000000000002,1.8014532871044353,False,"Nemenyi compares average ranks against one critical difference; it reports a decision, not a p-value."
EXP-A2,balanced_accuracy,Nemenyi (post-hoc to Friedman),M1,M8,25,"n is the number of cross-validation folds, one paired observation each",7,3.68,4.0,0.31999999999999984,1.8014532871044353,False,"Nemenyi compares average ranks against one critical difference; it reports a decision, not a p-value."
EXP-A2,balanced_accuracy,Nemenyi (post-hoc to Friedman),M3,M4,25,"n is the number of cross-validation folds, one paired observation each",7,6.88,3.68,3.1999999999999997,1.8014532871044353,True,"Nemenyi compares average ranks against one critical difference; it reports a decision, not a p-value."
EXP-A2,balanced_accuracy,Nemenyi (post-hoc to Friedman),M3,M5,25,"n is the number of cross-validation folds, one paired observation each",7,6.88,3.96,2.92,1.8014532871044353,True,"Nemenyi compares average ranks against one critical difference; it reports a decision, not a p-value."
EXP-A2,balanced_accuracy,Nemenyi (post-hoc to Friedman),M3,M6,25,"n is the number of cross-validation folds, one paired observation each",7,6.88,2.82,4.0600000000000005,1.8014532871044353,True,"Nemenyi compares average ranks against one critical difference; it reports a decision, not a p-value."
EXP-A2,balanced_accuracy,Nemenyi (post-hoc to Friedman),M3,M7,25,"n is the number of cross-validation folds, one paired observation each",7,6.88,2.98,3.9,1.8014532871044353,True,"Nemenyi compares average ranks against one critical difference; it reports a decision, not a p-value."
EXP-A2,balanced_accuracy,Nemenyi (post-hoc to Friedman),M3,M8,25,"n is the number of cross-validation folds, one paired observation each",7,6.88,4.0,2.88,1.8014532871044353,True,"Nemenyi compares average ranks against one critical difference; it reports a decision, not a p-value."
EXP-A2,balanced_accuracy,Nemenyi (post-hoc to Friedman),M4,M5,25,"n is the number of cross-validation folds, one paired observation each",7,3.68,3.96,0.2799999999999998,1.8014532871044353,False,"Nemenyi compares average ranks against one critical difference; it reports a decision, not a p-value."
EXP-A2,balanced_accuracy,Nemenyi (post-hoc to Friedman),M4,M6,25,"n is the number of cross-validation folds, one paired observation each",7,3.68,2.82,0.8600000000000003,1.8014532871044353,False,"Nemenyi compares average ranks against one critical difference; it reports a decision, not a p-value."
EXP-A2,balanced_accuracy,Nemenyi (post-hoc to Friedman),M4,M7,25,"n is the number of cross-validation folds, one paired observation each",7,3.68,2.98,0.7000000000000002,1.8014532871044353,False,"Nemenyi compares average ranks against one critical difference; it reports a decision, not a p-value."
EXP-A2,balanced_accuracy,Nemenyi (post-hoc to Friedman),M4,M8,25,"n is the number of cross-validation folds, one paired observation each",7,3.68,4.0,0.31999999999999984,1.8014532871044353,False,"Nemenyi compares average ranks against one critical difference; it reports a decision, not a p-value."
EXP-A2,balanced_accuracy,Nemenyi (post-hoc to Friedman),M5,M6,25,"n is the number of cross-validation folds, one paired observation each",7,3.96,2.82,1.1400000000000001,1.8014532871044353,False,"Nemenyi compares average ranks against one critical difference; it reports a decision, not a p-value."
EXP-A2,balanced_accuracy,Nemenyi (post-hoc to Friedman),M5,M7,25,"n is the number of cross-validation folds, one paired observation each",7,3.96,2.98,0.98,1.8014532871044353,False,"Nemenyi compares average ranks against one critical difference; it reports a decision, not a p-value."
EXP-A2,balanced_accuracy,Nemenyi (post-hoc to Friedman),M5,M8,25,"n is the number of cross-validation folds, one paired observation each",7,3.96,4.0,0.040000000000000036,1.8014532871044353,False,"Nemenyi compares average ranks against one critical difference; it reports a decision, not a p-value."
EXP-A2,balanced_accuracy,Nemenyi (post-hoc to Friedman),M6,M7,25,"n is the number of cross-validation folds, one paired observation each",7,2.82,2.98,0.16000000000000014,1.8014532871044353,False,"Nemenyi compares average ranks against one critical difference; it reports a decision, not a p-value."
EXP-A2,balanced_accuracy,Nemenyi (post-hoc to Friedman),M6,M8,25,"n is the number of cross-validation folds, one paired observation each",7,2.82,4.0,1.1800000000000002,1.8014532871044353,False,"Nemenyi compares average ranks against one critical difference; it reports a decision, not a p-value."
EXP-A2,balanced_accuracy,Nemenyi (post-hoc to Friedman),M7,M8,25,"n is the number of cross-validation folds, one paired observation each",7,2.98,4.0,1.02,1.8014532871044353,False,"Nemenyi compares average ranks against one critical difference; it reports a decision, not a p-value."
EXP-A2,specificity,Nemenyi (post-hoc to Friedman),M1,M3,25,"n is the number of cross-validation folds, one paired observation each",7,5.98,1.24,4.74,1.8014532871044353,True,"Nemenyi compares average ranks against one critical difference; it reports a decision, not a p-value."
EXP-A2,specificity,Nemenyi (post-hoc to Friedman),M1,M4,25,"n is the number of cross-validation folds, one paired observation each",7,5.98,3.2,2.7800000000000002,1.8014532871044353,True,"Nemenyi compares average ranks against one critical difference; it reports a decision, not a p-value."
EXP-A2,specificity,Nemenyi (post-hoc to Friedman),M1,M5,25,"n is the number of cross-validation folds, one paired observation each",7,5.98,3.48,2.5000000000000004,1.8014532871044353,True,"Nemenyi compares average ranks against one critical difference; it reports a decision, not a p-value."
EXP-A2,specificity,Nemenyi (post-hoc to Friedman),M1,M6,25,"n is the number of cross-validation folds, one paired observation each",7,5.98,5.0,0.9800000000000004,1.8014532871044353,False,"Nemenyi compares average ranks against one critical difference; it reports a decision, not a p-value."
EXP-A2,specificity,Nemenyi (post-hoc to Friedman),M1,M7,25,"n is the number of cross-validation folds, one paired observation each",7,5.98,5.08,0.9000000000000004,1.8014532871044353,False,"Nemenyi compares average ranks against one critical difference; it reports a decision, not a p-value."
EXP-A2,specificity,Nemenyi (post-hoc to Friedman),M1,M8,25,"n is the number of cross-validation folds, one paired observation each",7,5.98,4.02,1.9600000000000009,1.8014532871044353,True,"Nemenyi compares average ranks against one critical difference; it reports a decision, not a p-value."
EXP-A2,specificity,Nemenyi (post-hoc to Friedman),M3,M4,25,"n is the number of cross-validation folds, one paired observation each",7,1.24,3.2,1.9600000000000002,1.8014532871044353,True,"Nemenyi compares average ranks against one critical difference; it reports a decision, not a p-value."
EXP-A2,specificity,Nemenyi (post-hoc to Friedman),M3,M5,25,"n is the number of cross-validation folds, one paired observation each",7,1.24,3.48,2.24,1.8014532871044353,True,"Nemenyi compares average ranks against one critical difference; it reports a decision, not a p-value."
EXP-A2,specificity,Nemenyi (post-hoc to Friedman),M3,M6,25,"n is the number of cross-validation folds, one paired observation each",7,1.24,5.0,3.76,1.8014532871044353,True,"Nemenyi compares average ranks against one critical difference; it reports a decision, not a p-value."
EXP-A2,specificity,Nemenyi (post-hoc to Friedman),M3,M7,25,"n is the number of cross-validation folds, one paired observation each",7,1.24,5.08,3.84,1.8014532871044353,True,"Nemenyi compares average ranks against one critical difference; it reports a decision, not a p-value."
EXP-A2,specificity,Nemenyi (post-hoc to Friedman),M3,M8,25,"n is the number of cross-validation folds, one paired observation each",7,1.24,4.02,2.7799999999999994,1.8014532871044353,True,"Nemenyi compares average ranks against one critical difference; it reports a decision, not a p-value."
EXP-A2,specificity,Nemenyi (post-hoc to Friedman),M4,M5,25,"n is the number of cross-validation folds, one paired observation each",7,3.2,3.48,0.2799999999999998,1.8014532871044353,False,"Nemenyi compares average ranks against one critical difference; it reports a decision, not a p-value."
EXP-A2,specificity,Nemenyi (post-hoc to Friedman),M4,M6,25,"n is the number of cross-validation folds, one paired observation each",7,3.2,5.0,1.7999999999999998,1.8014532871044353,False,"Nemenyi compares average ranks against one critical difference; it reports a decision, not a p-value."
EXP-A2,specificity,Nemenyi (post-hoc to Friedman),M4,M7,25,"n is the number of cross-validation folds, one paired observation each",7,3.2,5.08,1.88,1.8014532871044353,True,"Nemenyi compares average ranks against one critical difference; it reports a decision, not a p-value."
EXP-A2,specificity,Nemenyi (post-hoc to Friedman),M4,M8,25,"n is the number of cross-validation folds, one paired observation each",7,3.2,4.02,0.8199999999999994,1.8014532871044353,False,"Nemenyi compares average ranks against one critical difference; it reports a decision, not a p-value."
EXP-A2,specificity,Nemenyi (post-hoc to Friedman),M5,M6,25,"n is the number of cross-validation folds, one paired observation each",7,3.48,5.0,1.52,1.8014532871044353,False,"Nemenyi compares average ranks against one critical difference; it reports a decision, not a p-value."
EXP-A2,specificity,Nemenyi (post-hoc to Friedman),M5,M7,25,"n is the number of cross-validation folds, one paired observation each",7,3.48,5.08,1.6,1.8014532871044353,False,"Nemenyi compares average ranks against one critical difference; it reports a decision, not a p-value."
EXP-A2,specificity,Nemenyi (post-hoc to Friedman),M5,M8,25,"n is the number of cross-validation folds, one paired observation each",7,3.48,4.02,0.5399999999999996,1.8014532871044353,False,"Nemenyi compares average ranks against one critical difference; it reports a decision, not a p-value."
EXP-A2,specificity,Nemenyi (post-hoc to Friedman),M6,M7,25,"n is the number of cross-validation folds, one paired observation each",7,5.0,5.08,0.08000000000000007,1.8014532871044353,False,"Nemenyi compares average ranks against one critical difference; it reports a decision, not a p-value."
EXP-A2,specificity,Nemenyi (post-hoc to Friedman),M6,M8,25,"n is the number of cross-validation folds, one paired observation each",7,5.0,4.02,0.9800000000000004,1.8014532871044353,False,"Nemenyi compares average ranks against one critical difference; it reports a decision, not a p-value."
EXP-A2,specificity,Nemenyi (post-hoc to Friedman),M7,M8,25,"n is the number of cross-validation folds, one paired observation each",7,5.08,4.02,1.0600000000000005,1.8014532871044353,False,"Nemenyi compares average ranks against one critical difference; it reports a decision, not a p-value."
EXP-A2,f1,Nemenyi (post-hoc to Friedman),M1,M3,25,"n is the number of cross-validation folds, one paired observation each",7,5.56,4.76,0.7999999999999998,1.8014532871044353,False,"Nemenyi compares average ranks against one critical difference; it reports a decision, not a p-value."
EXP-A2,f1,Nemenyi (post-hoc to Friedman),M1,M4,25,"n is the number of cross-validation folds, one paired observation each",7,5.56,2.48,3.0799999999999996,1.8014532871044353,True,"Nemenyi compares average ranks against one critical difference; it reports a decision, not a p-value."
EXP-A2,f1,Nemenyi (post-hoc to Friedman),M1,M5,25,"n is the number of cross-validation folds, one paired observation each",7,5.56,3.32,2.2399999999999998,1.8014532871044353,True,"Nemenyi compares average ranks against one critical difference; it reports a decision, not a p-value."
EXP-A2,f1,Nemenyi (post-hoc to Friedman),M1,M6,25,"n is the number of cross-validation folds, one paired observation each",7,5.56,3.9,1.6599999999999997,1.8014532871044353,False,"Nemenyi compares average ranks against one critical difference; it reports a decision, not a p-value."
EXP-A2,f1,Nemenyi (post-hoc to Friedman),M1,M7,25,"n is the number of cross-validation folds, one paired observation each",7,5.56,4.06,1.5,1.8014532871044353,False,"Nemenyi compares average ranks against one critical difference; it reports a decision, not a p-value."
EXP-A2,f1,Nemenyi (post-hoc to Friedman),M1,M8,25,"n is the number of cross-validation folds, one paired observation each",7,5.56,3.92,1.6399999999999997,1.8014532871044353,False,"Nemenyi compares average ranks against one critical difference; it reports a decision, not a p-value."
EXP-A2,f1,Nemenyi (post-hoc to Friedman),M3,M4,25,"n is the number of cross-validation folds, one paired observation each",7,4.76,2.48,2.28,1.8014532871044353,True,"Nemenyi compares average ranks against one critical difference; it reports a decision, not a p-value."
EXP-A2,f1,Nemenyi (post-hoc to Friedman),M3,M5,25,"n is the number of cross-validation folds, one paired observation each",7,4.76,3.32,1.44,1.8014532871044353,False,"Nemenyi compares average ranks against one critical difference; it reports a decision, not a p-value."
EXP-A2,f1,Nemenyi (post-hoc to Friedman),M3,M6,25,"n is the number of cross-validation folds, one paired observation each",7,4.76,3.9,0.8599999999999999,1.8014532871044353,False,"Nemenyi compares average ranks against one critical difference; it reports a decision, not a p-value."
EXP-A2,f1,Nemenyi (post-hoc to Friedman),M3,M7,25,"n is the number of cross-validation folds, one paired observation each",7,4.76,4.06,0.7000000000000002,1.8014532871044353,False,"Nemenyi compares average ranks against one critical difference; it reports a decision, not a p-value."
EXP-A2,f1,Nemenyi (post-hoc to Friedman),M3,M8,25,"n is the number of cross-validation folds, one paired observation each",7,4.76,3.92,0.8399999999999999,1.8014532871044353,False,"Nemenyi compares average ranks against one critical difference; it reports a decision, not a p-value."
EXP-A2,f1,Nemenyi (post-hoc to Friedman),M4,M5,25,"n is the number of cross-validation folds, one paired observation each",7,2.48,3.32,0.8399999999999999,1.8014532871044353,False,"Nemenyi compares average ranks against one critical difference; it reports a decision, not a p-value."
EXP-A2,f1,Nemenyi (post-hoc to Friedman),M4,M6,25,"n is the number of cross-validation folds, one paired observation each",7,2.48,3.9,1.42,1.8014532871044353,False,"Nemenyi compares average ranks against one critical difference; it reports a decision, not a p-value."
EXP-A2,f1,Nemenyi (post-hoc to Friedman),M4,M7,25,"n is the number of cross-validation folds, one paired observation each",7,2.48,4.06,1.5799999999999996,1.8014532871044353,False,"Nemenyi compares average ranks against one critical difference; it reports a decision, not a p-value."
EXP-A2,f1,Nemenyi (post-hoc to Friedman),M4,M8,25,"n is the number of cross-validation folds, one paired observation each",7,2.48,3.92,1.44,1.8014532871044353,False,"Nemenyi compares average ranks against one critical difference; it reports a decision, not a p-value."
EXP-A2,f1,Nemenyi (post-hoc to Friedman),M5,M6,25,"n is the number of cross-validation folds, one paired observation each",7,3.32,3.9,0.5800000000000001,1.8014532871044353,False,"Nemenyi compares average ranks against one critical difference; it reports a decision, not a p-value."
EXP-A2,f1,Nemenyi (post-hoc to Friedman),M5,M7,25,"n is the number of cross-validation folds, one paired observation each",7,3.32,4.06,0.7399999999999998,1.8014532871044353,False,"Nemenyi compares average ranks against one critical difference; it reports a decision, not a p-value."
EXP-A2,f1,Nemenyi (post-hoc to Friedman),M5,M8,25,"n is the number of cross-validation folds, one paired observation each",7,3.32,3.92,0.6000000000000001,1.8014532871044353,False,"Nemenyi compares average ranks against one critical difference; it reports a decision, not a p-value."
EXP-A2,f1,Nemenyi (post-hoc to Friedman),M6,M7,25,"n is the number of cross-validation folds, one paired observation each",7,3.9,4.06,0.1599999999999997,1.8014532871044353,False,"Nemenyi compares average ranks against one critical difference; it reports a decision, not a p-value."
EXP-A2,f1,Nemenyi (post-hoc to Friedman),M6,M8,25,"n is the number of cross-validation folds, one paired observation each",7,3.9,3.92,0.020000000000000018,1.8014532871044353,False,"Nemenyi compares average ranks against one critical difference; it reports a decision, not a p-value."
EXP-A2,f1,Nemenyi (post-hoc to Friedman),M7,M8,25,"n is the number of cross-validation folds, one paired observation each",7,4.06,3.92,0.13999999999999968,1.8014532871044353,False,"Nemenyi compares average ranks against one critical difference; it reports a decision, not a p-value."
EXP-A2,roc_auc,Nemenyi (post-hoc to Friedman),M1,M3,25,"n is the number of cross-validation folds, one paired observation each",7,6.28,6.2,0.08000000000000007,1.8014532871044353,False,"Nemenyi compares average ranks against one critical difference; it reports a decision, not a p-value."
EXP-A2,roc_auc,Nemenyi (post-hoc to Friedman),M1,M4,25,"n is the number of cross-validation folds, one paired observation each",7,6.28,2.92,3.3600000000000003,1.8014532871044353,True,"Nemenyi compares average ranks against one critical difference; it reports a decision, not a p-value."
EXP-A2,roc_auc,Nemenyi (post-hoc to Friedman),M1,M5,25,"n is the number of cross-validation folds, one paired observation each",7,6.28,3.4,2.8800000000000003,1.8014532871044353,True,"Nemenyi compares average ranks against one critical difference; it reports a decision, not a p-value."
EXP-A2,roc_auc,Nemenyi (post-hoc to Friedman),M1,M6,25,"n is the number of cross-validation folds, one paired observation each",7,6.28,2.82,3.4600000000000004,1.8014532871044353,True,"Nemenyi compares average ranks against one critical difference; it reports a decision, not a p-value."
EXP-A2,roc_auc,Nemenyi (post-hoc to Friedman),M1,M7,25,"n is the number of cross-validation folds, one paired observation each",7,6.28,2.94,3.3400000000000003,1.8014532871044353,True,"Nemenyi compares average ranks against one critical difference; it reports a decision, not a p-value."
EXP-A2,roc_auc,Nemenyi (post-hoc to Friedman),M1,M8,25,"n is the number of cross-validation folds, one paired observation each",7,6.28,3.44,2.8400000000000003,1.8014532871044353,True,"Nemenyi compares average ranks against one critical difference; it reports a decision, not a p-value."
EXP-A2,roc_auc,Nemenyi (post-hoc to Friedman),M3,M4,25,"n is the number of cross-validation folds, one paired observation each",7,6.2,2.92,3.2800000000000002,1.8014532871044353,True,"Nemenyi compares average ranks against one critical difference; it reports a decision, not a p-value."
EXP-A2,roc_auc,Nemenyi (post-hoc to Friedman),M3,M5,25,"n is the number of cross-validation folds, one paired observation each",7,6.2,3.4,2.8000000000000003,1.8014532871044353,True,"Nemenyi compares average ranks against one critical difference; it reports a decision, not a p-value."
EXP-A2,roc_auc,Nemenyi (post-hoc to Friedman),M3,M6,25,"n is the number of cross-validation folds, one paired observation each",7,6.2,2.82,3.3800000000000003,1.8014532871044353,True,"Nemenyi compares average ranks against one critical difference; it reports a decision, not a p-value."
EXP-A2,roc_auc,Nemenyi (post-hoc to Friedman),M3,M7,25,"n is the number of cross-validation folds, one paired observation each",7,6.2,2.94,3.2600000000000002,1.8014532871044353,True,"Nemenyi compares average ranks against one critical difference; it reports a decision, not a p-value."
EXP-A2,roc_auc,Nemenyi (post-hoc to Friedman),M3,M8,25,"n is the number of cross-validation folds, one paired observation each",7,6.2,3.44,2.7600000000000002,1.8014532871044353,True,"Nemenyi compares average ranks against one critical difference; it reports a decision, not a p-value."
EXP-A2,roc_auc,Nemenyi (post-hoc to Friedman),M4,M5,25,"n is the number of cross-validation folds, one paired observation each",7,2.92,3.4,0.48,1.8014532871044353,False,"Nemenyi compares average ranks against one critical difference; it reports a decision, not a p-value."
EXP-A2,roc_auc,Nemenyi (post-hoc to Friedman),M4,M6,25,"n is the number of cross-validation folds, one paired observation each",7,2.92,2.82,0.10000000000000009,1.8014532871044353,False,"Nemenyi compares average ranks against one critical difference; it reports a decision, not a p-value."
EXP-A2,roc_auc,Nemenyi (post-hoc to Friedman),M4,M7,25,"n is the number of cross-validation folds, one paired observation each",7,2.92,2.94,0.020000000000000018,1.8014532871044353,False,"Nemenyi compares average ranks against one critical difference; it reports a decision, not a p-value."
EXP-A2,roc_auc,Nemenyi (post-hoc to Friedman),M4,M8,25,"n is the number of cross-validation folds, one paired observation each",7,2.92,3.44,0.52,1.8014532871044353,False,"Nemenyi compares average ranks against one critical difference; it reports a decision, not a p-value."
EXP-A2,roc_auc,Nemenyi (post-hoc to Friedman),M5,M6,25,"n is the number of cross-validation folds, one paired observation each",7,3.4,2.82,0.5800000000000001,1.8014532871044353,False,"Nemenyi compares average ranks against one critical difference; it reports a decision, not a p-value."
EXP-A2,roc_auc,Nemenyi (post-hoc to Friedman),M5,M7,25,"n is the number of cross-validation folds, one paired observation each",7,3.4,2.94,0.45999999999999996,1.8014532871044353,False,"Nemenyi compares average ranks against one critical difference; it reports a decision, not a p-value."
EXP-A2,roc_auc,Nemenyi (post-hoc to Friedman),M5,M8,25,"n is the number of cross-validation folds, one paired observation each",7,3.4,3.44,0.040000000000000036,1.8014532871044353,False,"Nemenyi compares average ranks against one critical difference; it reports a decision, not a p-value."
EXP-A2,roc_auc,Nemenyi (post-hoc to Friedman),M6,M7,25,"n is the number of cross-validation folds, one paired observation each",7,2.82,2.94,0.1200000000000001,1.8014532871044353,False,"Nemenyi compares average ranks against one critical difference; it reports a decision, not a p-value."
EXP-A2,roc_auc,Nemenyi (post-hoc to Friedman),M6,M8,25,"n is the number of cross-validation folds, one paired observation each",7,2.82,3.44,0.6200000000000001,1.8014532871044353,False,"Nemenyi compares average ranks against one critical difference; it reports a decision, not a p-value."
EXP-A2,roc_auc,Nemenyi (post-hoc to Friedman),M7,M8,25,"n is the number of cross-validation folds, one paired observation each",7,2.94,3.44,0.5,1.8014532871044353,False,"Nemenyi compares average ranks against one critical difference; it reports a decision, not a p-value."
EXP-A2,accuracy,Nemenyi (post-hoc to Friedman),M1,M3,25,"n is the number of cross-validation folds, one paired observation each",7,6.06,2.94,3.1199999999999997,1.8014532871044353,True,"Nemenyi compares average ranks against one critical difference; it reports a decision, not a p-value."
EXP-A2,accuracy,Nemenyi (post-hoc to Friedman),M1,M4,25,"n is the number of cross-validation folds, one paired observation each",7,6.06,2.8,3.26,1.8014532871044353,True,"Nemenyi compares average ranks against one critical difference; it reports a decision, not a p-value."
EXP-A2,accuracy,Nemenyi (post-hoc to Friedman),M1,M5,25,"n is the number of cross-validation folds, one paired observation each",7,6.06,3.28,2.78,1.8014532871044353,True,"Nemenyi compares average ranks against one critical difference; it reports a decision, not a p-value."
EXP-A2,accuracy,Nemenyi (post-hoc to Friedman),M1,M6,25,"n is the number of cross-validation folds, one paired observation each",7,6.06,4.44,1.6199999999999992,1.8014532871044353,False,"Nemenyi compares average ranks against one critical difference; it reports a decision, not a p-value."
EXP-A2,accuracy,Nemenyi (post-hoc to Friedman),M1,M7,25,"n is the number of cross-validation folds, one paired observation each",7,6.06,4.6,1.46,1.8014532871044353,False,"Nemenyi compares average ranks against one critical difference; it reports a decision, not a p-value."
EXP-A2,accuracy,Nemenyi (post-hoc to Friedman),M1,M8,25,"n is the number of cross-validation folds, one paired observation each",7,6.06,3.88,2.1799999999999997,1.8014532871044353,True,"Nemenyi compares average ranks against one critical difference; it reports a decision, not a p-value."
EXP-A2,accuracy,Nemenyi (post-hoc to Friedman),M3,M4,25,"n is the number of cross-validation folds, one paired observation each",7,2.94,2.8,0.14000000000000012,1.8014532871044353,False,"Nemenyi compares average ranks against one critical difference; it reports a decision, not a p-value."
EXP-A2,accuracy,Nemenyi (post-hoc to Friedman),M3,M5,25,"n is the number of cross-validation folds, one paired observation each",7,2.94,3.28,0.33999999999999986,1.8014532871044353,False,"Nemenyi compares average ranks against one critical difference; it reports a decision, not a p-value."
EXP-A2,accuracy,Nemenyi (post-hoc to Friedman),M3,M6,25,"n is the number of cross-validation folds, one paired observation each",7,2.94,4.44,1.5000000000000004,1.8014532871044353,False,"Nemenyi compares average ranks against one critical difference; it reports a decision, not a p-value."
EXP-A2,accuracy,Nemenyi (post-hoc to Friedman),M3,M7,25,"n is the number of cross-validation folds, one paired observation each",7,2.94,4.6,1.6599999999999997,1.8014532871044353,False,"Nemenyi compares average ranks against one critical difference; it reports a decision, not a p-value."
EXP-A2,accuracy,Nemenyi (post-hoc to Friedman),M3,M8,25,"n is the number of cross-validation folds, one paired observation each",7,2.94,3.88,0.94,1.8014532871044353,False,"Nemenyi compares average ranks against one critical difference; it reports a decision, not a p-value."
EXP-A2,accuracy,Nemenyi (post-hoc to Friedman),M4,M5,25,"n is the number of cross-validation folds, one paired observation each",7,2.8,3.28,0.48,1.8014532871044353,False,"Nemenyi compares average ranks against one critical difference; it reports a decision, not a p-value."
EXP-A2,accuracy,Nemenyi (post-hoc to Friedman),M4,M6,25,"n is the number of cross-validation folds, one paired observation each",7,2.8,4.44,1.6400000000000006,1.8014532871044353,False,"Nemenyi compares average ranks against one critical difference; it reports a decision, not a p-value."
EXP-A2,accuracy,Nemenyi (post-hoc to Friedman),M4,M7,25,"n is the number of cross-validation folds, one paired observation each",7,2.8,4.6,1.7999999999999998,1.8014532871044353,False,"Nemenyi compares average ranks against one critical difference; it reports a decision, not a p-value."
EXP-A2,accuracy,Nemenyi (post-hoc to Friedman),M4,M8,25,"n is the number of cross-validation folds, one paired observation each",7,2.8,3.88,1.08,1.8014532871044353,False,"Nemenyi compares average ranks against one critical difference; it reports a decision, not a p-value."
EXP-A2,accuracy,Nemenyi (post-hoc to Friedman),M5,M6,25,"n is the number of cross-validation folds, one paired observation each",7,3.28,4.44,1.1600000000000006,1.8014532871044353,False,"Nemenyi compares average ranks against one critical difference; it reports a decision, not a p-value."
EXP-A2,accuracy,Nemenyi (post-hoc to Friedman),M5,M7,25,"n is the number of cross-validation folds, one paired observation each",7,3.28,4.6,1.3199999999999998,1.8014532871044353,False,"Nemenyi compares average ranks against one critical difference; it reports a decision, not a p-value."
EXP-A2,accuracy,Nemenyi (post-hoc to Friedman),M5,M8,25,"n is the number of cross-validation folds, one paired observation each",7,3.28,3.88,0.6000000000000001,1.8014532871044353,False,"Nemenyi compares average ranks against one critical difference; it reports a decision, not a p-value."
EXP-A2,accuracy,Nemenyi (post-hoc to Friedman),M6,M7,25,"n is the number of cross-validation folds, one paired observation each",7,4.44,4.6,0.15999999999999925,1.8014532871044353,False,"Nemenyi compares average ranks against one critical difference; it reports a decision, not a p-value."
EXP-A2,accuracy,Nemenyi (post-hoc to Friedman),M6,M8,25,"n is the number of cross-validation folds, one paired observation each",7,4.44,3.88,0.5600000000000005,1.8014532871044353,False,"Nemenyi compares average ranks against one critical difference; it reports a decision, not a p-value."
EXP-A2,accuracy,Nemenyi (post-hoc to Friedman),M7,M8,25,"n is the number of cross-validation folds, one paired observation each",7,4.6,3.88,0.7199999999999998,1.8014532871044353,False,"Nemenyi compares average ranks against one critical difference; it reports a decision, not a p-value."
EXP-B1,balanced_accuracy,Nemenyi (post-hoc to Friedman),M1,M3,10,"n is the number of cross-validation folds, one paired observation each",6,3.4,4.7,1.3000000000000003,2.384234611985204,False,"Nemenyi compares average ranks against one critical difference; it reports a decision, not a p-value."
EXP-B1,balanced_accuracy,Nemenyi (post-hoc to Friedman),M1,M4,10,"n is the number of cross-validation folds, one paired observation each",6,3.4,1.95,1.45,2.384234611985204,False,"Nemenyi compares average ranks against one critical difference; it reports a decision, not a p-value."
EXP-B1,balanced_accuracy,Nemenyi (post-hoc to Friedman),M1,M5,10,"n is the number of cross-validation folds, one paired observation each",6,3.4,3.35,0.04999999999999982,2.384234611985204,False,"Nemenyi compares average ranks against one critical difference; it reports a decision, not a p-value."
EXP-B1,balanced_accuracy,Nemenyi (post-hoc to Friedman),M1,M6,10,"n is the number of cross-validation folds, one paired observation each",6,3.4,3.75,0.3500000000000001,2.384234611985204,False,"Nemenyi compares average ranks against one critical difference; it reports a decision, not a p-value."
EXP-B1,balanced_accuracy,Nemenyi (post-hoc to Friedman),M1,M7,10,"n is the number of cross-validation folds, one paired observation each",6,3.4,3.85,0.4500000000000002,2.384234611985204,False,"Nemenyi compares average ranks against one critical difference; it reports a decision, not a p-value."
EXP-B1,balanced_accuracy,Nemenyi (post-hoc to Friedman),M3,M4,10,"n is the number of cross-validation folds, one paired observation each",6,4.7,1.95,2.75,2.384234611985204,True,"Nemenyi compares average ranks against one critical difference; it reports a decision, not a p-value."
EXP-B1,balanced_accuracy,Nemenyi (post-hoc to Friedman),M3,M5,10,"n is the number of cross-validation folds, one paired observation each",6,4.7,3.35,1.35,2.384234611985204,False,"Nemenyi compares average ranks against one critical difference; it reports a decision, not a p-value."
EXP-B1,balanced_accuracy,Nemenyi (post-hoc to Friedman),M3,M6,10,"n is the number of cross-validation folds, one paired observation each",6,4.7,3.75,0.9500000000000002,2.384234611985204,False,"Nemenyi compares average ranks against one critical difference; it reports a decision, not a p-value."
EXP-B1,balanced_accuracy,Nemenyi (post-hoc to Friedman),M3,M7,10,"n is the number of cross-validation folds, one paired observation each",6,4.7,3.85,0.8500000000000001,2.384234611985204,False,"Nemenyi compares average ranks against one critical difference; it reports a decision, not a p-value."
EXP-B1,balanced_accuracy,Nemenyi (post-hoc to Friedman),M4,M5,10,"n is the number of cross-validation folds, one paired observation each",6,1.95,3.35,1.4000000000000001,2.384234611985204,False,"Nemenyi compares average ranks against one critical difference; it reports a decision, not a p-value."
EXP-B1,balanced_accuracy,Nemenyi (post-hoc to Friedman),M4,M6,10,"n is the number of cross-validation folds, one paired observation each",6,1.95,3.75,1.8,2.384234611985204,False,"Nemenyi compares average ranks against one critical difference; it reports a decision, not a p-value."
EXP-B1,balanced_accuracy,Nemenyi (post-hoc to Friedman),M4,M7,10,"n is the number of cross-validation folds, one paired observation each",6,1.95,3.85,1.9000000000000001,2.384234611985204,False,"Nemenyi compares average ranks against one critical difference; it reports a decision, not a p-value."
EXP-B1,balanced_accuracy,Nemenyi (post-hoc to Friedman),M5,M6,10,"n is the number of cross-validation folds, one paired observation each",6,3.35,3.75,0.3999999999999999,2.384234611985204,False,"Nemenyi compares average ranks against one critical difference; it reports a decision, not a p-value."
EXP-B1,balanced_accuracy,Nemenyi (post-hoc to Friedman),M5,M7,10,"n is the number of cross-validation folds, one paired observation each",6,3.35,3.85,0.5,2.384234611985204,False,"Nemenyi compares average ranks against one critical difference; it reports a decision, not a p-value."
EXP-B1,balanced_accuracy,Nemenyi (post-hoc to Friedman),M6,M7,10,"n is the number of cross-validation folds, one paired observation each",6,3.75,3.85,0.10000000000000009,2.384234611985204,False,"Nemenyi compares average ranks against one critical difference; it reports a decision, not a p-value."
EXP-B1,macro_f1,Nemenyi (post-hoc to Friedman),M1,M3,10,"n is the number of cross-validation folds, one paired observation each",6,2.4,4.9,2.5000000000000004,2.384234611985204,True,"Nemenyi compares average ranks against one critical difference; it reports a decision, not a p-value."
EXP-B1,macro_f1,Nemenyi (post-hoc to Friedman),M1,M4,10,"n is the number of cross-validation folds, one paired observation each",6,2.4,2.6,0.20000000000000018,2.384234611985204,False,"Nemenyi compares average ranks against one critical difference; it reports a decision, not a p-value."
EXP-B1,macro_f1,Nemenyi (post-hoc to Friedman),M1,M5,10,"n is the number of cross-validation folds, one paired observation each",6,2.4,3.2,0.8000000000000003,2.384234611985204,False,"Nemenyi compares average ranks against one critical difference; it reports a decision, not a p-value."
EXP-B1,macro_f1,Nemenyi (post-hoc to Friedman),M1,M6,10,"n is the number of cross-validation folds, one paired observation each",6,2.4,4.2,1.8000000000000003,2.384234611985204,False,"Nemenyi compares average ranks against one critical difference; it reports a decision, not a p-value."
EXP-B1,macro_f1,Nemenyi (post-hoc to Friedman),M1,M7,10,"n is the number of cross-validation folds, one paired observation each",6,2.4,3.7,1.3000000000000003,2.384234611985204,False,"Nemenyi compares average ranks against one critical difference; it reports a decision, not a p-value."
EXP-B1,macro_f1,Nemenyi (post-hoc to Friedman),M3,M4,10,"n is the number of cross-validation folds, one paired observation each",6,4.9,2.6,2.3000000000000003,2.384234611985204,False,"Nemenyi compares average ranks against one critical difference; it reports a decision, not a p-value."
EXP-B1,macro_f1,Nemenyi (post-hoc to Friedman),M3,M5,10,"n is the number of cross-validation folds, one paired observation each",6,4.9,3.2,1.7000000000000002,2.384234611985204,False,"Nemenyi compares average ranks against one critical difference; it reports a decision, not a p-value."
EXP-B1,macro_f1,Nemenyi (post-hoc to Friedman),M3,M6,10,"n is the number of cross-validation folds, one paired observation each",6,4.9,4.2,0.7000000000000002,2.384234611985204,False,"Nemenyi compares average ranks against one critical difference; it reports a decision, not a p-value."
EXP-B1,macro_f1,Nemenyi (post-hoc to Friedman),M3,M7,10,"n is the number of cross-validation folds, one paired observation each",6,4.9,3.7,1.2000000000000002,2.384234611985204,False,"Nemenyi compares average ranks against one critical difference; it reports a decision, not a p-value."
EXP-B1,macro_f1,Nemenyi (post-hoc to Friedman),M4,M5,10,"n is the number of cross-validation folds, one paired observation each",6,2.6,3.2,0.6000000000000001,2.384234611985204,False,"Nemenyi compares average ranks against one critical difference; it reports a decision, not a p-value."
EXP-B1,macro_f1,Nemenyi (post-hoc to Friedman),M4,M6,10,"n is the number of cross-validation folds, one paired observation each",6,2.6,4.2,1.6,2.384234611985204,False,"Nemenyi compares average ranks against one critical difference; it reports a decision, not a p-value."
EXP-B1,macro_f1,Nemenyi (post-hoc to Friedman),M4,M7,10,"n is the number of cross-validation folds, one paired observation each",6,2.6,3.7,1.1,2.384234611985204,False,"Nemenyi compares average ranks against one critical difference; it reports a decision, not a p-value."
EXP-B1,macro_f1,Nemenyi (post-hoc to Friedman),M5,M6,10,"n is the number of cross-validation folds, one paired observation each",6,3.2,4.2,1.0,2.384234611985204,False,"Nemenyi compares average ranks against one critical difference; it reports a decision, not a p-value."
EXP-B1,macro_f1,Nemenyi (post-hoc to Friedman),M5,M7,10,"n is the number of cross-validation folds, one paired observation each",6,3.2,3.7,0.5,2.384234611985204,False,"Nemenyi compares average ranks against one critical difference; it reports a decision, not a p-value."
EXP-B1,macro_f1,Nemenyi (post-hoc to Friedman),M6,M7,10,"n is the number of cross-validation folds, one paired observation each",6,4.2,3.7,0.5,2.384234611985204,False,"Nemenyi compares average ranks against one critical difference; it reports a decision, not a p-value."
EXP-B2,accuracy,Nemenyi (post-hoc to Friedman),M1,M3,5,"n is the number of cross-validation folds, one paired observation each",6,5.6,2.8,2.8,3.3718169241488294,False,"Nemenyi compares average ranks against one critical difference; it reports a decision, not a p-value."
EXP-B2,accuracy,Nemenyi (post-hoc to Friedman),M1,M4,5,"n is the number of cross-validation folds, one paired observation each",6,5.6,4.6,1.0,3.3718169241488294,False,"Nemenyi compares average ranks against one critical difference; it reports a decision, not a p-value."
EXP-B2,accuracy,Nemenyi (post-hoc to Friedman),M1,M5,5,"n is the number of cross-validation folds, one paired observation each",6,5.6,3.8,1.7999999999999998,3.3718169241488294,False,"Nemenyi compares average ranks against one critical difference; it reports a decision, not a p-value."
EXP-B2,accuracy,Nemenyi (post-hoc to Friedman),M1,M6,5,"n is the number of cross-validation folds, one paired observation each",6,5.6,1.8,3.8,3.3718169241488294,True,"Nemenyi compares average ranks against one critical difference; it reports a decision, not a p-value."
EXP-B2,accuracy,Nemenyi (post-hoc to Friedman),M1,M7,5,"n is the number of cross-validation folds, one paired observation each",6,5.6,2.4,3.1999999999999997,3.3718169241488294,False,"Nemenyi compares average ranks against one critical difference; it reports a decision, not a p-value."
EXP-B2,accuracy,Nemenyi (post-hoc to Friedman),M3,M4,5,"n is the number of cross-validation folds, one paired observation each",6,2.8,4.6,1.7999999999999998,3.3718169241488294,False,"Nemenyi compares average ranks against one critical difference; it reports a decision, not a p-value."
EXP-B2,accuracy,Nemenyi (post-hoc to Friedman),M3,M5,5,"n is the number of cross-validation folds, one paired observation each",6,2.8,3.8,1.0,3.3718169241488294,False,"Nemenyi compares average ranks against one critical difference; it reports a decision, not a p-value."
EXP-B2,accuracy,Nemenyi (post-hoc to Friedman),M3,M6,5,"n is the number of cross-validation folds, one paired observation each",6,2.8,1.8,0.9999999999999998,3.3718169241488294,False,"Nemenyi compares average ranks against one critical difference; it reports a decision, not a p-value."
EXP-B2,accuracy,Nemenyi (post-hoc to Friedman),M3,M7,5,"n is the number of cross-validation folds, one paired observation each",6,2.8,2.4,0.3999999999999999,3.3718169241488294,False,"Nemenyi compares average ranks against one critical difference; it reports a decision, not a p-value."
EXP-B2,accuracy,Nemenyi (post-hoc to Friedman),M4,M5,5,"n is the number of cross-validation folds, one paired observation each",6,4.6,3.8,0.7999999999999998,3.3718169241488294,False,"Nemenyi compares average ranks against one critical difference; it reports a decision, not a p-value."
EXP-B2,accuracy,Nemenyi (post-hoc to Friedman),M4,M6,5,"n is the number of cross-validation folds, one paired observation each",6,4.6,1.8,2.8,3.3718169241488294,False,"Nemenyi compares average ranks against one critical difference; it reports a decision, not a p-value."
EXP-B2,accuracy,Nemenyi (post-hoc to Friedman),M4,M7,5,"n is the number of cross-validation folds, one paired observation each",6,4.6,2.4,2.1999999999999997,3.3718169241488294,False,"Nemenyi compares average ranks against one critical difference; it reports a decision, not a p-value."
EXP-B2,accuracy,Nemenyi (post-hoc to Friedman),M5,M6,5,"n is the number of cross-validation folds, one paired observation each",6,3.8,1.8,1.9999999999999998,3.3718169241488294,False,"Nemenyi compares average ranks against one critical difference; it reports a decision, not a p-value."
EXP-B2,accuracy,Nemenyi (post-hoc to Friedman),M5,M7,5,"n is the number of cross-validation folds, one paired observation each",6,3.8,2.4,1.4,3.3718169241488294,False,"Nemenyi compares average ranks against one critical difference; it reports a decision, not a p-value."
EXP-B2,accuracy,Nemenyi (post-hoc to Friedman),M6,M7,5,"n is the number of cross-validation folds, one paired observation each",6,1.8,2.4,0.5999999999999999,3.3718169241488294,False,"Nemenyi compares average ranks against one critical difference; it reports a decision, not a p-value."
EXP-C1-three_class,balanced_accuracy,Nemenyi (post-hoc to Friedman),M3,M4,5,"n is the number of cross-validation folds, one paired observation each",5,4.3,1.5,2.8,2.727774370870376,True,"Nemenyi compares average ranks against one critical difference; it reports a decision, not a p-value."
EXP-C1-three_class,balanced_accuracy,Nemenyi (post-hoc to Friedman),M3,M5,5,"n is the number of cross-validation folds, one paired observation each",5,4.3,1.8,2.5,2.727774370870376,False,"Nemenyi compares average ranks against one critical difference; it reports a decision, not a p-value."
EXP-C1-three_class,balanced_accuracy,Nemenyi (post-hoc to Friedman),M3,M6,5,"n is the number of cross-validation folds, one paired observation each",5,4.3,4.6,0.2999999999999998,2.727774370870376,False,"Nemenyi compares average ranks against one critical difference; it reports a decision, not a p-value."
EXP-C1-three_class,balanced_accuracy,Nemenyi (post-hoc to Friedman),M3,M7,5,"n is the number of cross-validation folds, one paired observation each",5,4.3,2.8,1.5,2.727774370870376,False,"Nemenyi compares average ranks against one critical difference; it reports a decision, not a p-value."
EXP-C1-three_class,balanced_accuracy,Nemenyi (post-hoc to Friedman),M4,M5,5,"n is the number of cross-validation folds, one paired observation each",5,1.5,1.8,0.30000000000000004,2.727774370870376,False,"Nemenyi compares average ranks against one critical difference; it reports a decision, not a p-value."
EXP-C1-three_class,balanced_accuracy,Nemenyi (post-hoc to Friedman),M4,M6,5,"n is the number of cross-validation folds, one paired observation each",5,1.5,4.6,3.0999999999999996,2.727774370870376,True,"Nemenyi compares average ranks against one critical difference; it reports a decision, not a p-value."
EXP-C1-three_class,balanced_accuracy,Nemenyi (post-hoc to Friedman),M4,M7,5,"n is the number of cross-validation folds, one paired observation each",5,1.5,2.8,1.2999999999999998,2.727774370870376,False,"Nemenyi compares average ranks against one critical difference; it reports a decision, not a p-value."
EXP-C1-three_class,balanced_accuracy,Nemenyi (post-hoc to Friedman),M5,M6,5,"n is the number of cross-validation folds, one paired observation each",5,1.8,4.6,2.8,2.727774370870376,True,"Nemenyi compares average ranks against one critical difference; it reports a decision, not a p-value."
EXP-C1-three_class,balanced_accuracy,Nemenyi (post-hoc to Friedman),M5,M7,5,"n is the number of cross-validation folds, one paired observation each",5,1.8,2.8,0.9999999999999998,2.727774370870376,False,"Nemenyi compares average ranks against one critical difference; it reports a decision, not a p-value."
EXP-C1-three_class,balanced_accuracy,Nemenyi (post-hoc to Friedman),M6,M7,5,"n is the number of cross-validation folds, one paired observation each",5,4.6,2.8,1.7999999999999998,2.727774370870376,False,"Nemenyi compares average ranks against one critical difference; it reports a decision, not a p-value."
EXP-C1-three_class,accuracy,Nemenyi (post-hoc to Friedman),M3,M4,5,"n is the number of cross-validation folds, one paired observation each",5,1.9,4.1,2.1999999999999997,2.727774370870376,False,"Nemenyi compares average ranks against one critical difference; it reports a decision, not a p-value."
EXP-C1-three_class,accuracy,Nemenyi (post-hoc to Friedman),M3,M5,5,"n is the number of cross-validation folds, one paired observation each",5,1.9,4.6,2.6999999999999997,2.727774370870376,False,"Nemenyi compares average ranks against one critical difference; it reports a decision, not a p-value."
EXP-C1-three_class,accuracy,Nemenyi (post-hoc to Friedman),M3,M6,5,"n is the number of cross-validation folds, one paired observation each",5,1.9,1.3,0.5999999999999999,2.727774370870376,False,"Nemenyi compares average ranks against one critical difference; it reports a decision, not a p-value."
EXP-C1-three_class,accuracy,Nemenyi (post-hoc to Friedman),M3,M7,5,"n is the number of cross-validation folds, one paired observation each",5,1.9,3.1,1.2000000000000002,2.727774370870376,False,"Nemenyi compares average ranks against one critical difference; it reports a decision, not a p-value."
EXP-C1-three_class,accuracy,Nemenyi (post-hoc to Friedman),M4,M5,5,"n is the number of cross-validation folds, one paired observation each",5,4.1,4.6,0.5,2.727774370870376,False,"Nemenyi compares average ranks against one critical difference; it reports a decision, not a p-value."
EXP-C1-three_class,accuracy,Nemenyi (post-hoc to Friedman),M4,M6,5,"n is the number of cross-validation folds, one paired observation each",5,4.1,1.3,2.8,2.727774370870376,True,"Nemenyi compares average ranks against one critical difference; it reports a decision, not a p-value."
EXP-C1-three_class,accuracy,Nemenyi (post-hoc to Friedman),M4,M7,5,"n is the number of cross-validation folds, one paired observation each",5,4.1,3.1,0.9999999999999996,2.727774370870376,False,"Nemenyi compares average ranks against one critical difference; it reports a decision, not a p-value."
EXP-C1-three_class,accuracy,Nemenyi (post-hoc to Friedman),M5,M6,5,"n is the number of cross-validation folds, one paired observation each",5,4.6,1.3,3.3,2.727774370870376,True,"Nemenyi compares average ranks against one critical difference; it reports a decision, not a p-value."
EXP-C1-three_class,accuracy,Nemenyi (post-hoc to Friedman),M5,M7,5,"n is the number of cross-validation folds, one paired observation each",5,4.6,3.1,1.4999999999999996,2.727774370870376,False,"Nemenyi compares average ranks against one critical difference; it reports a decision, not a p-value."
EXP-C1-three_class,accuracy,Nemenyi (post-hoc to Friedman),M6,M7,5,"n is the number of cross-validation folds, one paired observation each",5,1.3,3.1,1.8,2.727774370870376,False,"Nemenyi compares average ranks against one critical difference; it reports a decision, not a p-value."
EXP-C1-three_class,macro_f1,Nemenyi (post-hoc to Friedman),M3,M4,5,"n is the number of cross-validation folds, one paired observation each",5,4.3,1.3,3.0,2.727774370870376,True,"Nemenyi compares average ranks against one critical difference; it reports a decision, not a p-value."
EXP-C1-three_class,macro_f1,Nemenyi (post-hoc to Friedman),M3,M5,5,"n is the number of cross-validation folds, one paired observation each",5,4.3,2.0,2.3,2.727774370870376,False,"Nemenyi compares average ranks against one critical difference; it reports a decision, not a p-value."
EXP-C1-three_class,macro_f1,Nemenyi (post-hoc to Friedman),M3,M6,5,"n is the number of cross-validation folds, one paired observation each",5,4.3,4.6,0.2999999999999998,2.727774370870376,False,"Nemenyi compares average ranks against one critical difference; it reports a decision, not a p-value."
EXP-C1-three_class,macro_f1,Nemenyi (post-hoc to Friedman),M3,M7,5,"n is the number of cross-validation folds, one paired observation each",5,4.3,2.8,1.5,2.727774370870376,False,"Nemenyi compares average ranks against one critical difference; it reports a decision, not a p-value."
EXP-C1-three_class,macro_f1,Nemenyi (post-hoc to Friedman),M4,M5,5,"n is the number of cross-validation folds, one paired observation each",5,1.3,2.0,0.7,2.727774370870376,False,"Nemenyi compares average ranks against one critical difference; it reports a decision, not a p-value."
EXP-C1-three_class,macro_f1,Nemenyi (post-hoc to Friedman),M4,M6,5,"n is the number of cross-validation folds, one paired observation each",5,1.3,4.6,3.3,2.727774370870376,True,"Nemenyi compares average ranks against one critical difference; it reports a decision, not a p-value."
EXP-C1-three_class,macro_f1,Nemenyi (post-hoc to Friedman),M4,M7,5,"n is the number of cross-validation folds, one paired observation each",5,1.3,2.8,1.4999999999999998,2.727774370870376,False,"Nemenyi compares average ranks against one critical difference; it reports a decision, not a p-value."
EXP-C1-three_class,macro_f1,Nemenyi (post-hoc to Friedman),M5,M6,5,"n is the number of cross-validation folds, one paired observation each",5,2.0,4.6,2.5999999999999996,2.727774370870376,False,"Nemenyi compares average ranks against one critical difference; it reports a decision, not a p-value."
EXP-C1-three_class,macro_f1,Nemenyi (post-hoc to Friedman),M5,M7,5,"n is the number of cross-validation folds, one paired observation each",5,2.0,2.8,0.7999999999999998,2.727774370870376,False,"Nemenyi compares average ranks against one critical difference; it reports a decision, not a p-value."
EXP-C1-three_class,macro_f1,Nemenyi (post-hoc to Friedman),M6,M7,5,"n is the number of cross-validation folds, one paired observation each",5,4.6,2.8,1.7999999999999998,2.727774370870376,False,"Nemenyi compares average ranks against one critical difference; it reports a decision, not a p-value."
EXP-C1-two_class,sensitivity,Nemenyi (post-hoc to Friedman),M3,M4,5,"n is the number of cross-validation folds, one paired observation each",5,5.0,3.6,1.4,2.727774370870376,False,"Nemenyi compares average ranks against one critical difference; it reports a decision, not a p-value."
EXP-C1-two_class,sensitivity,Nemenyi (post-hoc to Friedman),M3,M5,5,"n is the number of cross-validation folds, one paired observation each",5,5.0,3.4,1.6,2.727774370870376,False,"Nemenyi compares average ranks against one critical difference; it reports a decision, not a p-value."
EXP-C1-two_class,sensitivity,Nemenyi (post-hoc to Friedman),M3,M6,5,"n is the number of cross-validation folds, one paired observation each",5,5.0,1.5,3.5,2.727774370870376,True,"Nemenyi compares average ranks against one critical difference; it reports a decision, not a p-value."
EXP-C1-two_class,sensitivity,Nemenyi (post-hoc to Friedman),M3,M7,5,"n is the number of cross-validation folds, one paired observation each",5,5.0,1.5,3.5,2.727774370870376,True,"Nemenyi compares average ranks against one critical difference; it reports a decision, not a p-value."
EXP-C1-two_class,sensitivity,Nemenyi (post-hoc to Friedman),M4,M5,5,"n is the number of cross-validation folds, one paired observation each",5,3.6,3.4,0.20000000000000018,2.727774370870376,False,"Nemenyi compares average ranks against one critical difference; it reports a decision, not a p-value."
EXP-C1-two_class,sensitivity,Nemenyi (post-hoc to Friedman),M4,M6,5,"n is the number of cross-validation folds, one paired observation each",5,3.6,1.5,2.1,2.727774370870376,False,"Nemenyi compares average ranks against one critical difference; it reports a decision, not a p-value."
EXP-C1-two_class,sensitivity,Nemenyi (post-hoc to Friedman),M4,M7,5,"n is the number of cross-validation folds, one paired observation each",5,3.6,1.5,2.1,2.727774370870376,False,"Nemenyi compares average ranks against one critical difference; it reports a decision, not a p-value."
EXP-C1-two_class,sensitivity,Nemenyi (post-hoc to Friedman),M5,M6,5,"n is the number of cross-validation folds, one paired observation each",5,3.4,1.5,1.9,2.727774370870376,False,"Nemenyi compares average ranks against one critical difference; it reports a decision, not a p-value."
EXP-C1-two_class,sensitivity,Nemenyi (post-hoc to Friedman),M5,M7,5,"n is the number of cross-validation folds, one paired observation each",5,3.4,1.5,1.9,2.727774370870376,False,"Nemenyi compares average ranks against one critical difference; it reports a decision, not a p-value."
EXP-C1-two_class,sensitivity,Nemenyi (post-hoc to Friedman),M6,M7,5,"n is the number of cross-validation folds, one paired observation each",5,1.5,1.5,0.0,2.727774370870376,False,"Nemenyi compares average ranks against one critical difference; it reports a decision, not a p-value."
EXP-C1-two_class,balanced_accuracy,Nemenyi (post-hoc to Friedman),M3,M4,5,"n is the number of cross-validation folds, one paired observation each",5,5.0,2.6,2.4,2.727774370870376,False,"Nemenyi compares average ranks against one critical difference; it reports a decision, not a p-value."
EXP-C1-two_class,balanced_accuracy,Nemenyi (post-hoc to Friedman),M3,M5,5,"n is the number of cross-validation folds, one paired observation each",5,5.0,2.8,2.2,2.727774370870376,False,"Nemenyi compares average ranks against one critical difference; it reports a decision, not a p-value."
EXP-C1-two_class,balanced_accuracy,Nemenyi (post-hoc to Friedman),M3,M6,5,"n is the number of cross-validation folds, one paired observation each",5,5.0,2.3,2.7,2.727774370870376,False,"Nemenyi compares average ranks against one critical difference; it reports a decision, not a p-value."
EXP-C1-two_class,balanced_accuracy,Nemenyi (post-hoc to Friedman),M3,M7,5,"n is the number of cross-validation folds, one paired observation each",5,5.0,2.3,2.7,2.727774370870376,False,"Nemenyi compares average ranks against one critical difference; it reports a decision, not a p-value."
EXP-C1-two_class,balanced_accuracy,Nemenyi (post-hoc to Friedman),M4,M5,5,"n is the number of cross-validation folds, one paired observation each",5,2.6,2.8,0.19999999999999973,2.727774370870376,False,"Nemenyi compares average ranks against one critical difference; it reports a decision, not a p-value."
EXP-C1-two_class,balanced_accuracy,Nemenyi (post-hoc to Friedman),M4,M6,5,"n is the number of cross-validation folds, one paired observation each",5,2.6,2.3,0.30000000000000027,2.727774370870376,False,"Nemenyi compares average ranks against one critical difference; it reports a decision, not a p-value."
EXP-C1-two_class,balanced_accuracy,Nemenyi (post-hoc to Friedman),M4,M7,5,"n is the number of cross-validation folds, one paired observation each",5,2.6,2.3,0.30000000000000027,2.727774370870376,False,"Nemenyi compares average ranks against one critical difference; it reports a decision, not a p-value."
EXP-C1-two_class,balanced_accuracy,Nemenyi (post-hoc to Friedman),M5,M6,5,"n is the number of cross-validation folds, one paired observation each",5,2.8,2.3,0.5,2.727774370870376,False,"Nemenyi compares average ranks against one critical difference; it reports a decision, not a p-value."
EXP-C1-two_class,balanced_accuracy,Nemenyi (post-hoc to Friedman),M5,M7,5,"n is the number of cross-validation folds, one paired observation each",5,2.8,2.3,0.5,2.727774370870376,False,"Nemenyi compares average ranks against one critical difference; it reports a decision, not a p-value."
EXP-C1-two_class,balanced_accuracy,Nemenyi (post-hoc to Friedman),M6,M7,5,"n is the number of cross-validation folds, one paired observation each",5,2.3,2.3,0.0,2.727774370870376,False,"Nemenyi compares average ranks against one critical difference; it reports a decision, not a p-value."
EXP-C1-two_class,specificity,Nemenyi (post-hoc to Friedman),M3,M4,5,"n is the number of cross-validation folds, one paired observation each",5,1.0,2.6,1.6,2.727774370870376,False,"Nemenyi compares average ranks against one critical difference; it reports a decision, not a p-value."
EXP-C1-two_class,specificity,Nemenyi (post-hoc to Friedman),M3,M5,5,"n is the number of cross-validation folds, one paired observation each",5,1.0,2.4,1.4,2.727774370870376,False,"Nemenyi compares average ranks against one critical difference; it reports a decision, not a p-value."
EXP-C1-two_class,specificity,Nemenyi (post-hoc to Friedman),M3,M6,5,"n is the number of cross-validation folds, one paired observation each",5,1.0,4.5,3.5,2.727774370870376,True,"Nemenyi compares average ranks against one critical difference; it reports a decision, not a p-value."
EXP-C1-two_class,specificity,Nemenyi (post-hoc to Friedman),M3,M7,5,"n is the number of cross-validation folds, one paired observation each",5,1.0,4.5,3.5,2.727774370870376,True,"Nemenyi compares average ranks against one critical difference; it reports a decision, not a p-value."
EXP-C1-two_class,specificity,Nemenyi (post-hoc to Friedman),M4,M5,5,"n is the number of cross-validation folds, one paired observation each",5,2.6,2.4,0.20000000000000018,2.727774370870376,False,"Nemenyi compares average ranks against one critical difference; it reports a decision, not a p-value."
EXP-C1-two_class,specificity,Nemenyi (post-hoc to Friedman),M4,M6,5,"n is the number of cross-validation folds, one paired observation each",5,2.6,4.5,1.9,2.727774370870376,False,"Nemenyi compares average ranks against one critical difference; it reports a decision, not a p-value."
EXP-C1-two_class,specificity,Nemenyi (post-hoc to Friedman),M4,M7,5,"n is the number of cross-validation folds, one paired observation each",5,2.6,4.5,1.9,2.727774370870376,False,"Nemenyi compares average ranks against one critical difference; it reports a decision, not a p-value."
EXP-C1-two_class,specificity,Nemenyi (post-hoc to Friedman),M5,M6,5,"n is the number of cross-validation folds, one paired observation each",5,2.4,4.5,2.1,2.727774370870376,False,"Nemenyi compares average ranks against one critical difference; it reports a decision, not a p-value."
EXP-C1-two_class,specificity,Nemenyi (post-hoc to Friedman),M5,M7,5,"n is the number of cross-validation folds, one paired observation each",5,2.4,4.5,2.1,2.727774370870376,False,"Nemenyi compares average ranks against one critical difference; it reports a decision, not a p-value."
EXP-C1-two_class,specificity,Nemenyi (post-hoc to Friedman),M6,M7,5,"n is the number of cross-validation folds, one paired observation each",5,4.5,4.5,0.0,2.727774370870376,False,"Nemenyi compares average ranks against one critical difference; it reports a decision, not a p-value."
EXP-C1-two_class,f1,Nemenyi (post-hoc to Friedman),M3,M4,5,"n is the number of cross-validation folds, one paired observation each",5,5.0,2.4,2.6,2.727774370870376,False,"Nemenyi compares average ranks against one critical difference; it reports a decision, not a p-value."
EXP-C1-two_class,f1,Nemenyi (post-hoc to Friedman),M3,M5,5,"n is the number of cross-validation folds, one paired observation each",5,5.0,3.0,2.0,2.727774370870376,False,"Nemenyi compares average ranks against one critical difference; it reports a decision, not a p-value."
EXP-C1-two_class,f1,Nemenyi (post-hoc to Friedman),M3,M6,5,"n is the number of cross-validation folds, one paired observation each",5,5.0,2.3,2.7,2.727774370870376,False,"Nemenyi compares average ranks against one critical difference; it reports a decision, not a p-value."
EXP-C1-two_class,f1,Nemenyi (post-hoc to Friedman),M3,M7,5,"n is the number of cross-validation folds, one paired observation each",5,5.0,2.3,2.7,2.727774370870376,False,"Nemenyi compares average ranks against one critical difference; it reports a decision, not a p-value."
EXP-C1-two_class,f1,Nemenyi (post-hoc to Friedman),M4,M5,5,"n is the number of cross-validation folds, one paired observation each",5,2.4,3.0,0.6000000000000001,2.727774370870376,False,"Nemenyi compares average ranks against one critical difference; it reports a decision, not a p-value."
EXP-C1-two_class,f1,Nemenyi (post-hoc to Friedman),M4,M6,5,"n is the number of cross-validation folds, one paired observation each",5,2.4,2.3,0.10000000000000009,2.727774370870376,False,"Nemenyi compares average ranks against one critical difference; it reports a decision, not a p-value."
EXP-C1-two_class,f1,Nemenyi (post-hoc to Friedman),M4,M7,5,"n is the number of cross-validation folds, one paired observation each",5,2.4,2.3,0.10000000000000009,2.727774370870376,False,"Nemenyi compares average ranks against one critical difference; it reports a decision, not a p-value."
EXP-C1-two_class,f1,Nemenyi (post-hoc to Friedman),M5,M6,5,"n is the number of cross-validation folds, one paired observation each",5,3.0,2.3,0.7000000000000002,2.727774370870376,False,"Nemenyi compares average ranks against one critical difference; it reports a decision, not a p-value."
EXP-C1-two_class,f1,Nemenyi (post-hoc to Friedman),M5,M7,5,"n is the number of cross-validation folds, one paired observation each",5,3.0,2.3,0.7000000000000002,2.727774370870376,False,"Nemenyi compares average ranks against one critical difference; it reports a decision, not a p-value."
EXP-C1-two_class,f1,Nemenyi (post-hoc to Friedman),M6,M7,5,"n is the number of cross-validation folds, one paired observation each",5,2.3,2.3,0.0,2.727774370870376,False,"Nemenyi compares average ranks against one critical difference; it reports a decision, not a p-value."
EXP-C1-two_class,roc_auc,Nemenyi (post-hoc to Friedman),M3,M4,5,"n is the number of cross-validation folds, one paired observation each",5,3.6,4.8,1.1999999999999997,2.727774370870376,False,"Nemenyi compares average ranks against one critical difference; it reports a decision, not a p-value."
EXP-C1-two_class,roc_auc,Nemenyi (post-hoc to Friedman),M3,M5,5,"n is the number of cross-validation folds, one paired observation each",5,3.6,3.2,0.3999999999999999,2.727774370870376,False,"Nemenyi compares average ranks against one critical difference; it reports a decision, not a p-value."
EXP-C1-two_class,roc_auc,Nemenyi (post-hoc to Friedman),M3,M6,5,"n is the number of cross-validation folds, one paired observation each",5,3.6,1.7,1.9000000000000001,2.727774370870376,False,"Nemenyi compares average ranks against one critical difference; it reports a decision, not a p-value."
EXP-C1-two_class,roc_auc,Nemenyi (post-hoc to Friedman),M3,M7,5,"n is the number of cross-validation folds, one paired observation each",5,3.6,1.7,1.9000000000000001,2.727774370870376,False,"Nemenyi compares average ranks against one critical difference; it reports a decision, not a p-value."
EXP-C1-two_class,roc_auc,Nemenyi (post-hoc to Friedman),M4,M5,5,"n is the number of cross-validation folds, one paired observation each",5,4.8,3.2,1.5999999999999996,2.727774370870376,False,"Nemenyi compares average ranks against one critical difference; it reports a decision, not a p-value."
EXP-C1-two_class,roc_auc,Nemenyi (post-hoc to Friedman),M4,M6,5,"n is the number of cross-validation folds, one paired observation each",5,4.8,1.7,3.0999999999999996,2.727774370870376,True,"Nemenyi compares average ranks against one critical difference; it reports a decision, not a p-value."
EXP-C1-two_class,roc_auc,Nemenyi (post-hoc to Friedman),M4,M7,5,"n is the number of cross-validation folds, one paired observation each",5,4.8,1.7,3.0999999999999996,2.727774370870376,True,"Nemenyi compares average ranks against one critical difference; it reports a decision, not a p-value."
EXP-C1-two_class,roc_auc,Nemenyi (post-hoc to Friedman),M5,M6,5,"n is the number of cross-validation folds, one paired observation each",5,3.2,1.7,1.5000000000000002,2.727774370870376,False,"Nemenyi compares average ranks against one critical difference; it reports a decision, not a p-value."
EXP-C1-two_class,roc_auc,Nemenyi (post-hoc to Friedman),M5,M7,5,"n is the number of cross-validation folds, one paired observation each",5,3.2,1.7,1.5000000000000002,2.727774370870376,False,"Nemenyi compares average ranks against one critical difference; it reports a decision, not a p-value."
EXP-C1-two_class,roc_auc,Nemenyi (post-hoc to Friedman),M6,M7,5,"n is the number of cross-validation folds, one paired observation each",5,1.7,1.7,0.0,2.727774370870376,False,"Nemenyi compares average ranks against one critical difference; it reports a decision, not a p-value."
EXP-C1-two_class,accuracy,Nemenyi (post-hoc to Friedman),M3,M4,5,"n is the number of cross-validation folds, one paired observation each",5,1.2,2.6,1.4000000000000001,2.727774370870376,False,"Nemenyi compares average ranks against one critical difference; it reports a decision, not a p-value."
EXP-C1-two_class,accuracy,Nemenyi (post-hoc to Friedman),M3,M5,5,"n is the number of cross-validation folds, one paired observation each",5,1.2,2.2,1.0000000000000002,2.727774370870376,False,"Nemenyi compares average ranks against one critical difference; it reports a decision, not a p-value."
EXP-C1-two_class,accuracy,Nemenyi (post-hoc to Friedman),M3,M6,5,"n is the number of cross-validation folds, one paired observation each",5,1.2,4.5,3.3,2.727774370870376,True,"Nemenyi compares average ranks against one critical difference; it reports a decision, not a p-value."
EXP-C1-two_class,accuracy,Nemenyi (post-hoc to Friedman),M3,M7,5,"n is the number of cross-validation folds, one paired observation each",5,1.2,4.5,3.3,2.727774370870376,True,"Nemenyi compares average ranks against one critical difference; it reports a decision, not a p-value."
EXP-C1-two_class,accuracy,Nemenyi (post-hoc to Friedman),M4,M5,5,"n is the number of cross-validation folds, one paired observation each",5,2.6,2.2,0.3999999999999999,2.727774370870376,False,"Nemenyi compares average ranks against one critical difference; it reports a decision, not a p-value."
EXP-C1-two_class,accuracy,Nemenyi (post-hoc to Friedman),M4,M6,5,"n is the number of cross-validation folds, one paired observation each",5,2.6,4.5,1.9,2.727774370870376,False,"Nemenyi compares average ranks against one critical difference; it reports a decision, not a p-value."
EXP-C1-two_class,accuracy,Nemenyi (post-hoc to Friedman),M4,M7,5,"n is the number of cross-validation folds, one paired observation each",5,2.6,4.5,1.9,2.727774370870376,False,"Nemenyi compares average ranks against one critical difference; it reports a decision, not a p-value."
EXP-C1-two_class,accuracy,Nemenyi (post-hoc to Friedman),M5,M6,5,"n is the number of cross-validation folds, one paired observation each",5,2.2,4.5,2.3,2.727774370870376,False,"Nemenyi compares average ranks against one critical difference; it reports a decision, not a p-value."
EXP-C1-two_class,accuracy,Nemenyi (post-hoc to Friedman),M5,M7,5,"n is the number of cross-validation folds, one paired observation each",5,2.2,4.5,2.3,2.727774370870376,False,"Nemenyi compares average ranks against one critical difference; it reports a decision, not a p-value."
EXP-C1-two_class,accuracy,Nemenyi (post-hoc to Friedman),M6,M7,5,"n is the number of cross-validation folds, one paired observation each",5,4.5,4.5,0.0,2.727774370870376,False,"Nemenyi compares average ranks against one critical difference; it reports a decision, not a p-value."
EXP-C2,roc_auc,Nemenyi (post-hoc to Friedman),M3,M4,5,"n is the number of cross-validation folds, one paired observation each",5,4.4,3.2,1.2000000000000002,2.727774370870376,False,"Nemenyi compares average ranks against one critical difference; it reports a decision, not a p-value."
EXP-C2,roc_auc,Nemenyi (post-hoc to Friedman),M3,M5,5,"n is the number of cross-validation folds, one paired observation each",5,4.4,3.6,0.8000000000000003,2.727774370870376,False,"Nemenyi compares average ranks against one critical difference; it reports a decision, not a p-value."
EXP-C2,roc_auc,Nemenyi (post-hoc to Friedman),M3,M6,5,"n is the number of cross-validation folds, one paired observation each",5,4.4,1.9,2.5000000000000004,2.727774370870376,False,"Nemenyi compares average ranks against one critical difference; it reports a decision, not a p-value."
EXP-C2,roc_auc,Nemenyi (post-hoc to Friedman),M3,M7,5,"n is the number of cross-validation folds, one paired observation each",5,4.4,1.9,2.5000000000000004,2.727774370870376,False,"Nemenyi compares average ranks against one critical difference; it reports a decision, not a p-value."
EXP-C2,roc_auc,Nemenyi (post-hoc to Friedman),M4,M5,5,"n is the number of cross-validation folds, one paired observation each",5,3.2,3.6,0.3999999999999999,2.727774370870376,False,"Nemenyi compares average ranks against one critical difference; it reports a decision, not a p-value."
EXP-C2,roc_auc,Nemenyi (post-hoc to Friedman),M4,M6,5,"n is the number of cross-validation folds, one paired observation each",5,3.2,1.9,1.3000000000000003,2.727774370870376,False,"Nemenyi compares average ranks against one critical difference; it reports a decision, not a p-value."
EXP-C2,roc_auc,Nemenyi (post-hoc to Friedman),M4,M7,5,"n is the number of cross-validation folds, one paired observation each",5,3.2,1.9,1.3000000000000003,2.727774370870376,False,"Nemenyi compares average ranks against one critical difference; it reports a decision, not a p-value."
EXP-C2,roc_auc,Nemenyi (post-hoc to Friedman),M5,M6,5,"n is the number of cross-validation folds, one paired observation each",5,3.6,1.9,1.7000000000000002,2.727774370870376,False,"Nemenyi compares average ranks against one critical difference; it reports a decision, not a p-value."
EXP-C2,roc_auc,Nemenyi (post-hoc to Friedman),M5,M7,5,"n is the number of cross-validation folds, one paired observation each",5,3.6,1.9,1.7000000000000002,2.727774370870376,False,"Nemenyi compares average ranks against one critical difference; it reports a decision, not a p-value."
EXP-C2,roc_auc,Nemenyi (post-hoc to Friedman),M6,M7,5,"n is the number of cross-validation folds, one paired observation each",5,1.9,1.9,0.0,2.727774370870376,False,"Nemenyi compares average ranks against one critical difference; it reports a decision, not a p-value."
