run,exp_id,model_id,task,repeat,fold,fold_label,n_train,n_test,n_features,accuracy,balanced_accuracy,sensitivity,specificity,precision,f1,mcc,roc_auc,pr_auc,tp,fp,tn,fn,support,n_positive,n_negative,brier,ece,fit_seconds,predict_seconds,params,note,planner_inner_best_score,planner_n_trials,planner_search_seconds,planner_tuning,planner_inner_scores,macro_f1,weighted_f1,macro_precision,macro_recall,n_classes,ovr_auc_macro,precision_normal,recall_normal,f1_normal,support_normal,precision_murmur,recall_murmur,f1_murmur,support_murmur,precision_extrahls,recall_extrahls,f1_extrahls,support_extrahls,precision_artifact,recall_artifact,f1_artifact,support_artifact,precision_extrastole,recall_extrastole,f1_extrastole,support_extrastole,precision_Absent,recall_Absent,f1_Absent,support_Absent,precision_Present,recall_Present,f1_Present,support_Present,precision_Unknown,recall_Unknown,f1_Unknown,support_Unknown
EXP-A1,EXP-A1,M1,binary,0,0,r0f0,2593,647,138,0.7851622874806801,0.7918064136510738,0.803030303030303,0.7805825242718447,0.4840182648401826,0.603988603988604,0.4970172555676769,0.8776993233303914,0.6452693892368185,106.0,113.0,402.0,26.0,647.0,132.0,515.0,0.3153380733920949,0.1237554681387884,0.534553,0.007132,{},config defaults,,,,,,,,,,,,,,,,,,,,,,,,,,,,,,,,,,,,,,,,,,,
EXP-A1,EXP-A1,M1,binary,0,1,r0f1,2589,651,138,0.8525345622119815,0.8463437166199947,0.835820895522388,0.8568665377176016,0.6021505376344086,0.7,0.6199433858576437,0.9324316521839544,0.7597149159378628,112.0,74.0,443.0,22.0,651.0,134.0,517.0,0.2065413485784718,0.0541268536913355,0.182526,0.006357,{},config defaults,,,,,,,,,,,,,,,,,,,,,,,,,,,,,,,,,,,,,,,,,,,
EXP-A1,EXP-A1,M1,binary,0,2,r0f2,2596,644,138,0.8835403726708074,0.8586893442257042,0.816793893129771,0.9005847953216374,0.6772151898734177,0.740484429065744,0.6711137285431504,0.9408657351606328,0.8370494064749844,107.0,51.0,462.0,24.0,644.0,131.0,513.0,0.165020198691735,0.0205202674563036,0.203872,0.00649,{},config defaults,,,,,,,,,,,,,,,,,,,,,,,,,,,,,,,,,,,,,,,,,,,
EXP-A1,EXP-A1,M1,binary,0,3,r0f3,2585,655,138,0.8458015267175573,0.8327156666572725,0.8102189781021898,0.8552123552123552,0.5967741935483871,0.6873065015479877,0.6001855244760913,0.9230194741143648,0.7505524136369331,111.0,75.0,443.0,26.0,655.0,137.0,518.0,0.2181039614543103,0.0452552227987047,0.207301,0.006676,{},config defaults,,,,,,,,,,,,,,,,,,,,,,,,,,,,,,,,,,,,,,,,,,,
EXP-A1,EXP-A1,M1,binary,0,4,r0f4,2597,643,138,0.8149300155520995,0.8355051288167938,0.8702290076335878,0.80078125,0.5277777777777778,0.6570605187319885,0.5722146525056176,0.9204735209923663,0.6983341963884748,114.0,102.0,410.0,17.0,643.0,131.0,512.0,0.250310621436472,0.0870709027006314,0.184559,0.006352,{},config defaults,,,,,,,,,,,,,,,,,,,,,,,,,,,,,,,,,,,,,,,,,,,
EXP-A1,EXP-A1,M1,binary,1,0,r1f0,2593,647,138,0.7758887171561051,0.7803471609296853,0.7878787878787878,0.7728155339805826,0.4705882352941176,0.5892351274787535,0.4764483220115207,0.8839952927331568,0.6283338709523653,104.0,117.0,398.0,28.0,647.0,132.0,515.0,0.2976069632706005,0.0962256024691368,0.184617,0.005783,{},config defaults,,,,,,,,,,,,,,,,,,,,,,,,,,,,,,,,,,,,,,,,,,,
EXP-A1,EXP-A1,M1,binary,1,1,r1f1,2585,655,138,0.8442748091603054,0.8583248328233027,0.8823529411764706,0.8342967244701349,0.5825242718446602,0.7017543859649122,0.6260416897978021,0.9241471154935964,0.7361510677616461,120.0,86.0,433.0,16.0,655.0,136.0,519.0,0.2194209683123158,0.0469235550006878,0.180934,0.005637,{},config defaults,,,,,,,,,,,,,,,,,,,,,,,,,,,,,,,,,,,,,,,,,,,
EXP-A1,EXP-A1,M1,binary,1,2,r1f2,2596,644,138,0.8773291925465838,0.8690013838667916,0.8549618320610687,0.8830409356725146,0.6511627906976745,0.7392739273927392,0.6714552876017578,0.936818296802226,0.8168830627868346,112.0,60.0,453.0,19.0,644.0,131.0,513.0,0.1772972409762785,0.0466385240021515,0.183182,0.006014,{},config defaults,,,,,,,,,,,,,,,,,,,,,,,,,,,,,,,,,,,,,,,,,,,
EXP-A1,EXP-A1,M1,binary,1,3,r1f3,2589,651,138,0.8356374807987711,0.8306847545219638,0.8222222222222222,0.8391472868217055,0.5721649484536082,0.6747720364741642,0.5862420130293654,0.9263996554694228,0.7564198623284719,111.0,83.0,433.0,24.0,651.0,135.0,516.0,0.2247611184308179,0.0755007536233912,0.187426,0.005725,{},config defaults,,,,,,,,,,,,,,,,,,,,,,,,,,,,,,,,,,,,,,,,,,,
EXP-A1,EXP-A1,M1,binary,1,4,r1f4,2597,643,138,0.8538102643856921,0.8769605796755725,0.916030534351145,0.837890625,0.5911330049261084,0.718562874251497,0.6533143588050389,0.9437768368320612,0.7667845853092577,120.0,83.0,429.0,11.0,643.0,131.0,512.0,0.2004146508304626,0.0425251752805507,0.242231,0.006701,{},config defaults,,,,,,,,,,,,,,,,,,,,,,,,,,,,,,,,,,,,,,,,,,,
EXP-A1,EXP-A1,M1,binary,2,0,r2f0,2596,644,138,0.7996894409937888,0.817426305373272,0.8473282442748091,0.7875243664717348,0.5045454545454545,0.6324786324786325,0.5388563084840713,0.8986205972947636,0.6614135370711145,111.0,109.0,404.0,20.0,644.0,131.0,513.0,0.276009298730389,0.0796615392220332,0.186405,0.005624,{},config defaults,,,,,,,,,,,,,,,,,,,,,,,,,,,,,,,,,,,,,,,,,,,
EXP-A1,EXP-A1,M1,binary,2,1,r2f1,2589,651,138,0.8387096774193549,0.8376396547244436,0.835820895522388,0.839458413926499,0.5743589743589743,0.6808510638297872,0.5960482083282758,0.9281590115188084,0.7640172339739316,112.0,83.0,434.0,22.0,651.0,134.0,517.0,0.2237201505358104,0.060439640347853,0.19822,0.007758,{},config defaults,,,,,,,,,,,,,,,,,,,,,,,,,,,,,,,,,,,,,,,,,,,
EXP-A1,EXP-A1,M1,binary,2,2,r2f2,2585,655,138,0.8549618320610687,0.8492447087337598,0.8394160583941606,0.859073359073359,0.6117021276595744,0.7076923076923077,0.6279826269593106,0.9268663867204012,0.7902486611428834,115.0,73.0,445.0,22.0,655.0,137.0,518.0,0.1962182869708949,0.0438581975184877,0.191811,0.007759,{},config defaults,,,,,,,,,,,,,,,,,,,,,,,,,,,,,,,,,,,,,,,,,,,
EXP-A1,EXP-A1,M1,binary,2,3,r2f3,2597,643,138,0.864696734059098,0.8837965171755725,0.916030534351145,0.8515625,0.6122448979591837,0.7339449541284404,0.6716141786368581,0.9327439169847328,0.7387875793357066,120.0,76.0,436.0,11.0,643.0,131.0,512.0,0.2041049197718602,0.0464580509405067,0.184356,0.006071,{},config defaults,,,,,,,,,,,,,,,,,,,,,,,,,,,,,,,,,,,,,,,,,,,
EXP-A1,EXP-A1,M1,binary,2,4,r2f4,2593,647,138,0.8593508500772797,0.8496763754045308,0.8333333333333334,0.8660194174757282,0.6145251396648045,0.707395498392283,0.6299954683995269,0.9261694616063548,0.731373078524184,110.0,69.0,446.0,22.0,647.0,132.0,515.0,0.214946417504337,0.0644960296998197,0.200582,0.007188,{},config defaults,,,,,,,,,,,,,,,,,,,,,,,,,,,,,,,,,,,,,,,,,,,
EXP-A1,EXP-A1,M1,binary,3,0,r3f0,2596,644,138,0.7903726708074534,0.8030519470856956,0.8244274809160306,0.7816764132553606,0.4909090909090909,0.6153846153846154,0.5144546961647569,0.890748924899186,0.6633522683378079,108.0,112.0,401.0,23.0,644.0,131.0,513.0,0.2909216292554804,0.0977350005424929,0.194553,0.006404,{},config defaults,,,,,,,,,,,,,,,,,,,,,,,,,,,,,,,,,,,,,,,,,,,
EXP-A1,EXP-A1,M1,binary,3,1,r3f1,2593,647,138,0.8639876352395672,0.8554060017652251,0.8409090909090909,0.8699029126213592,0.6235955056179775,0.7161290322580646,0.641429472037062,0.9372903795233892,0.7486587333281488,111.0,67.0,448.0,21.0,647.0,132.0,515.0,0.1936929639063618,0.0641632129988968,0.197638,0.00614,{},config defaults,,,,,,,,,,,,,,,,,,,,,,,,,,,,,,,,,,,,,,,,,,,
EXP-A1,EXP-A1,M1,binary,3,2,r3f2,2585,655,138,0.8366412213740458,0.86436019494503,0.9117647058823528,0.8169556840077071,0.5662100456621004,0.6985915492957746,0.6265399274923886,0.9347444179984132,0.7623270743876355,124.0,95.0,424.0,12.0,655.0,136.0,519.0,0.225630518218203,0.0438383733488053,0.193944,0.007073,{},config defaults,,,,,,,,,,,,,,,,,,,,,,,,,,,,,,,,,,,,,,,,,,,
EXP-A1,EXP-A1,M1,binary,3,3,r3f3,2589,651,138,0.8525345622119815,0.8659560723514212,0.8888888888888888,0.8430232558139535,0.5970149253731343,0.7142857142857143,0.6423125430500041,0.9297014068331898,0.7374398866131558,120.0,81.0,435.0,15.0,651.0,135.0,516.0,0.2101684671402824,0.042355304923525,0.19914,0.005692,{},config defaults,,,,,,,,,,,,,,,,,,,,,,,,,,,,,,,,,,,,,,,,,,,
EXP-A1,EXP-A1,M1,binary,3,4,r3f4,2597,643,138,0.8662519440124417,0.8506903029580153,0.8244274809160306,0.876953125,0.631578947368421,0.7152317880794702,0.6393745224899607,0.9268099952290076,0.8005665374309443,108.0,63.0,449.0,23.0,643.0,131.0,512.0,0.1922410519575397,0.0386547099408978,0.177716,0.005951,{},config defaults,,,,,,,,,,,,,,,,,,,,,,,,,,,,,,,,,,,,,,,,,,,
EXP-A1,EXP-A1,M1,binary,4,0,r4f0,2585,655,138,0.7984732824427481,0.8375623370735578,0.9044117647058824,0.7707129094412332,0.5082644628099173,0.6507936507936508,0.5673543708315464,0.9029808455173975,0.6825420670767285,123.0,119.0,400.0,13.0,655.0,136.0,519.0,0.2898060062787389,0.0834570802855146,0.199376,0.007607,{},config defaults,,,,,,,,,,,,,,,,,,,,,,,,,,,,,,,,,,,,,,,,,,,
EXP-A1,EXP-A1,M1,binary,4,1,r4f1,2596,644,138,0.8711180124223602,0.8707870184366769,0.8702290076335878,0.8713450292397661,0.6333333333333333,0.7331189710610932,0.6652020882908656,0.9472493787479724,0.8173011225488209,114.0,66.0,447.0,17.0,644.0,131.0,513.0,0.1794749496025414,0.040900971658684,0.182883,0.007252,{},config defaults,,,,,,,,,,,,,,,,,,,,,,,,,,,,,,,,,,,,,,,,,,,
EXP-A1,EXP-A1,M1,binary,4,2,r4f2,2593,647,138,0.8361669242658424,0.8266622536040011,0.8106060606060606,0.8427184466019417,0.5691489361702128,0.66875,0.5798748354301024,0.9355545748749632,0.7854372170894872,107.0,81.0,434.0,25.0,647.0,132.0,515.0,0.2029892352150723,0.0587480373225421,0.182523,0.007586,{},config defaults,,,,,,,,,,,,,,,,,,,,,,,,,,,,,,,,,,,,,,,,,,,
EXP-A1,EXP-A1,M1,binary,4,3,r4f3,2589,651,138,0.8571428571428571,0.8633936261843238,0.8740740740740741,0.8527131782945736,0.6082474226804123,0.7173252279635258,0.6442287042966446,0.9329457364341086,0.7298393905041698,118.0,76.0,440.0,17.0,651.0,135.0,516.0,0.2042187817458562,0.0435822334797881,0.190365,0.008162,{},config defaults,,,,,,,,,,,,,,,,,,,,,,,,,,,,,,,,,,,,,,,,,,,
EXP-A1,EXP-A1,M1,binary,4,4,r4f4,2597,643,138,0.8398133748055988,0.8170473520992366,0.7786259541984732,0.85546875,0.5795454545454546,0.6644951140065146,0.5728091941493245,0.8941734255725191,0.6771563670262074,102.0,74.0,438.0,29.0,643.0,131.0,512.0,0.2386623061643296,0.0703192996620377,0.192888,0.006002,{},config defaults,,,,,,,,,,,,,,,,,,,,,,,,,,,,,,,,,,,,,,,,,,,
EXP-A1,EXP-A1,M3,binary,0,0,r0f0,2593,647,138,0.8346213292117465,0.7609002647837599,0.6363636363636364,0.8854368932038835,0.5874125874125874,0.610909090909091,0.5067710633572868,0.8818917328626065,0.5712963053881107,84.0,59.0,456.0,48.0,647.0,132.0,515.0,0.2297301826823939,0.0430598963526606,1.011648,0.764468,{},config defaults,,,,,,,,,,,,,,,,,,,,,,,,,,,,,,,,,,,,,,,,,,,
EXP-A1,EXP-A1,M3,binary,0,1,r0f1,2589,651,138,0.8940092165898618,0.803350269926961,0.6492537313432836,0.9574468085106383,0.7981651376146789,0.7160493827160493,0.6569906060700856,0.9408037183521464,0.8110458321947229,87.0,22.0,495.0,47.0,651.0,134.0,517.0,0.1608038730409598,0.0569570246455081,0.932849,0.733604,{},config defaults,,,,,,,,,,,,,,,,,,,,,,,,,,,,,,,,,,,,,,,,,,,
EXP-A1,EXP-A1,M3,binary,0,2,r0f2,2596,644,138,0.8757763975155279,0.7401306489293633,0.5114503816793893,0.9688109161793372,0.8072289156626506,0.6261682242990654,0.5769676239054314,0.9271163489725162,0.7683702993917547,67.0,16.0,497.0,64.0,644.0,131.0,513.0,0.173119677509959,0.0392243055944016,0.93797,0.622942,{},config defaults,,,,,,,,,,,,,,,,,,,,,,,,,,,,,,,,,,,,,,,,,,,
EXP-A1,EXP-A1,M3,binary,0,3,r0f3,2585,655,138,0.8961832061068702,0.8243031874418736,0.7007299270072993,0.947876447876448,0.7804878048780488,0.7384615384615385,0.6754574629389545,0.9247949722402278,0.7953492049586379,96.0,27.0,491.0,41.0,655.0,137.0,518.0,0.1827060478351708,0.0935754602081835,0.920998,0.841119,{},config defaults,,,,,,,,,,,,,,,,,,,,,,,,,,,,,,,,,,,,,,,,,,,
EXP-A1,EXP-A1,M3,binary,0,4,r0f4,2597,643,138,0.8786936236391913,0.8528223401717557,0.8091603053435115,0.896484375,0.6666666666666666,0.7310344827586207,0.6587724933806479,0.9373359971374046,0.690990227846014,106.0,53.0,459.0,25.0,643.0,131.0,512.0,0.1783722130997036,0.0600359244482448,0.952684,0.629801,{},config defaults,,,,,,,,,,,,,,,,,,,,,,,,,,,,,,,,,,,,,,,,,,,
EXP-A1,EXP-A1,M3,binary,1,0,r1f0,2593,647,138,0.8284389489953632,0.7485657546337159,0.6136363636363636,0.883495145631068,0.574468085106383,0.5934065934065934,0.4852628626968842,0.8779493968814358,0.5819613763417755,81.0,60.0,455.0,51.0,647.0,132.0,515.0,0.2374061842223473,0.0399414103027961,0.900234,0.629414,{},config defaults,,,,,,,,,,,,,,,,,,,,,,,,,,,,,,,,,,,,,,,,,,,
EXP-A1,EXP-A1,M3,binary,1,1,r1f1,2585,655,138,0.8778625954198473,0.8035532131927916,0.6764705882352942,0.930635838150289,0.71875,0.696969696969697,0.6210229797536967,0.9292757565453929,0.75865218703514,92.0,36.0,483.0,44.0,655.0,136.0,519.0,0.1792423379563322,0.0589493364931683,0.931736,0.630064,{},config defaults,,,,,,,,,,,,,,,,,,,,,,,,,,,,,,,,,,,,,,,,,,,
EXP-A1,EXP-A1,M3,binary,1,2,r1f2,2596,644,138,0.9130434782608696,0.8374179724119459,0.7099236641221374,0.9649122807017544,0.8378378378378378,0.768595041322314,0.719229419417638,0.9539008675207952,0.8675614064407223,93.0,18.0,495.0,38.0,644.0,131.0,513.0,0.1434987934579659,0.0633253323679191,1.10528,0.630605,{},config defaults,,,,,,,,,,,,,,,,,,,,,,,,,,,,,,,,,,,,,,,,,,,
EXP-A1,EXP-A1,M3,binary,1,3,r1f3,2589,651,138,0.8663594470046083,0.7707579672695952,0.6074074074074074,0.9341085271317828,0.7068965517241379,0.6533864541832669,0.5737161694025683,0.923026126902096,0.669056127384076,82.0,34.0,482.0,53.0,651.0,135.0,516.0,0.1847933758415506,0.0239503044768033,0.918759,0.623593,{},config defaults,,,,,,,,,,,,,,,,,,,,,,,,,,,,,,,,,,,,,,,,,,,
EXP-A1,EXP-A1,M3,binary,1,4,r1f4,2597,643,138,0.895800933125972,0.8465231393129771,0.7633587786259542,0.9296875,0.7352941176470589,0.7490636704119851,0.6835329115749913,0.946057967557252,0.7471948130302237,100.0,36.0,476.0,31.0,643.0,131.0,512.0,0.1669009716548559,0.0840810991898464,0.98096,0.65739,{},config defaults,,,,,,,,,,,,,,,,,,,,,,,,,,,,,,,,,,,,,,,,,,,
EXP-A1,EXP-A1,M3,binary,2,0,r2f0,2596,644,138,0.8385093167701864,0.7423180512774727,0.5801526717557252,0.9044834307992202,0.608,0.59375,0.4932549001460647,0.8854069014776125,0.5881176436664651,76.0,49.0,464.0,55.0,644.0,131.0,513.0,0.2226373235168799,0.0359433828299999,1.066425,0.603248,{},config defaults,,,,,,,,,,,,,,,,,,,,,,,,,,,,,,,,,,,,,,,,,,,
EXP-A1,EXP-A1,M3,binary,2,1,r2f1,2589,651,138,0.8832565284178188,0.8269869222552615,0.7313432835820896,0.9226305609284332,0.7101449275362319,0.7205882352941176,0.646933773311733,0.9332688588007736,0.7613298552059403,98.0,40.0,477.0,36.0,651.0,134.0,517.0,0.1730330087393804,0.0507106937511935,1.152954,0.775652,{},config defaults,,,,,,,,,,,,,,,,,,,,,,,,,,,,,,,,,,,,,,,,,,,
EXP-A1,EXP-A1,M3,binary,2,2,r2f2,2585,655,138,0.9068702290076336,0.8256911760561396,0.6861313868613139,0.9652509652509652,0.8392857142857143,0.7550200803212851,0.7036427631502731,0.9429022348730378,0.8139366988079532,94.0,18.0,500.0,43.0,655.0,137.0,518.0,0.1615207166129606,0.0796648001303026,1.164329,0.659094,{},config defaults,,,,,,,,,,,,,,,,,,,,,,,,,,,,,,,,,,,,,,,,,,,
EXP-A1,EXP-A1,M3,binary,2,3,r2f3,2597,643,138,0.8926905132192846,0.8474102457061068,0.7709923664122137,0.923828125,0.7214285714285714,0.7453874538745388,0.6781023289665742,0.94329973759542,0.7219718254555271,101.0,39.0,473.0,30.0,643.0,131.0,512.0,0.1685459698931823,0.0761400563698035,1.126946,0.620222,{},config defaults,,,,,,,,,,,,,,,,,,,,,,,,,,,,,,,,,,,,,,,,,,,
EXP-A1,EXP-A1,M3,binary,2,4,r2f4,2593,647,138,0.8763523956723338,0.7927478670197117,0.6515151515151515,0.933980582524272,0.7166666666666667,0.6825396825396826,0.6070415031634077,0.9222712562518388,0.6971002270232313,86.0,34.0,481.0,46.0,647.0,132.0,515.0,0.1810102287457045,0.0363420147870322,0.926246,0.613328,{},config defaults,,,,,,,,,,,,,,,,,,,,,,,,,,,,,,,,,,,,,,,,,,,
EXP-A1,EXP-A1,M3,binary,3,0,r3f0,2596,644,138,0.8260869565217391,0.737362915346041,0.5877862595419847,0.8869395711500975,0.5703703703703704,0.5789473684210527,0.4694738622032071,0.8706158951237296,0.5724553957560613,77.0,58.0,455.0,54.0,644.0,131.0,513.0,0.2365680006506637,0.0397016616328631,0.924665,0.594509,{},config defaults,,,,,,,,,,,,,,,,,,,,,,,,,,,,,,,,,,,,,,,,,,,
EXP-A1,EXP-A1,M3,binary,3,1,r3f1,2593,647,138,0.8809891808346213,0.8181965283907031,0.7121212121212122,0.9242718446601942,0.706766917293233,0.7094339622641509,0.6346125156366981,0.935201529861724,0.7062822538344751,94.0,39.0,476.0,38.0,647.0,132.0,515.0,0.1662537504406572,0.0381915738520773,1.091888,0.652441,{},config defaults,,,,,,,,,,,,,,,,,,,,,,,,,,,,,,,,,,,,,,,,,,,
EXP-A1,EXP-A1,M3,binary,3,2,r3f2,2585,655,138,0.9038167938931296,0.8443485775813215,0.7426470588235294,0.9460500963391136,0.7829457364341085,0.7622641509433963,0.7024148667253393,0.9474243454607276,0.8080829039364332,101.0,28.0,491.0,35.0,655.0,136.0,519.0,0.1661525609972471,0.096155580110642,0.92407,0.645889,{},config defaults,,,,,,,,,,,,,,,,,,,,,,,,,,,,,,,,,,,,,,,,,,,
EXP-A1,EXP-A1,M3,binary,3,3,r3f3,2589,651,138,0.9001536098310292,0.8248923341946598,0.6962962962962963,0.9534883720930232,0.7966101694915254,0.7430830039525692,0.6838432852552278,0.9376399655469424,0.7726715155277586,94.0,24.0,492.0,41.0,651.0,135.0,516.0,0.1678908943157665,0.0753312700461801,0.920953,0.678323,{},config defaults,,,,,,,,,,,,,,,,,,,,,,,,,,,,,,,,,,,,,,,,,,,
EXP-A1,EXP-A1,M3,binary,3,4,r3f4,2597,643,138,0.8849144634525661,0.7970837309160306,0.648854961832061,0.9453125,0.7522123893805309,0.6967213114754098,0.6287852373844093,0.9216662690839694,0.7406885738731412,85.0,28.0,484.0,46.0,643.0,131.0,512.0,0.1791008089732672,0.0554885473092009,1.230668,0.637075,{},config defaults,,,,,,,,,,,,,,,,,,,,,,,,,,,,,,,,,,,,,,,,,,,
EXP-A1,EXP-A1,M3,binary,4,0,r4f0,2585,655,138,0.8366412213740458,0.7721154935962824,0.6617647058823529,0.882466281310212,0.5960264900662252,0.627177700348432,0.524122322808776,0.8984330726510257,0.6342261771525752,90.0,61.0,458.0,46.0,655.0,136.0,519.0,0.2184388387062799,0.0409390969922584,0.871679,0.617246,{},config defaults,,,,,,,,,,,,,,,,,,,,,,,,,,,,,,,,,,,,,,,,,,,
EXP-A1,EXP-A1,M3,binary,4,1,r4f1,2596,644,138,0.8881987577639752,0.7820335401693377,0.6030534351145038,0.9610136452241717,0.797979797979798,0.6869565217391305,0.6295195711438378,0.9410591789057036,0.7886005434844592,79.0,20.0,493.0,52.0,644.0,131.0,513.0,0.164014065947515,0.0603267434070347,0.948155,0.631756,{},config defaults,,,,,,,,,,,,,,,,,,,,,,,,,,,,,,,,,,,,,,,,,,,
EXP-A1,EXP-A1,M3,binary,4,2,r4f2,2593,647,138,0.8825347758887172,0.7881803471609297,0.6287878787878788,0.9475728155339804,0.7545454545454545,0.6859504132231405,0.6183031379057359,0.9268461312150632,0.743264157057347,83.0,27.0,488.0,49.0,647.0,132.0,515.0,0.1745056466694569,0.040936170905446,0.922636,0.864747,{},config defaults,,,,,,,,,,,,,,,,,,,,,,,,,,,,,,,,,,,,,,,,,,,
EXP-A1,EXP-A1,M3,binary,4,3,r4f3,2589,651,138,0.8878648233486943,0.8308139534883721,0.7333333333333333,0.9282945736434108,0.7279411764705882,0.7306273062730627,0.659830644348363,0.9439850703416596,0.7498035646404932,99.0,37.0,479.0,36.0,651.0,135.0,516.0,0.1676152245482767,0.0840448741208341,0.962197,0.628869,{},config defaults,,,,,,,,,,,,,,,,,,,,,,,,,,,,,,,,,,,,,,,,,,,
EXP-A1,EXP-A1,M3,binary,4,4,r4f4,2597,643,138,0.8724727838258165,0.7835907681297709,0.6335877862595419,0.93359375,0.7094017094017094,0.6693548387096774,0.5921161545256035,0.909783516221374,0.6616687172710636,83.0,34.0,478.0,48.0,643.0,131.0,512.0,0.1924109860441138,0.0596652414792104,0.908532,0.607372,{},config defaults,,,,,,,,,,,,,,,,,,,,,,,,,,,,,,,,,,,,,,,,,,,
EXP-A1,EXP-A1,M4,binary,0,0,r0f0,2593,647,138,0.848531684698609,0.8090761988820241,0.7424242424242424,0.8757281553398059,0.6049382716049383,0.6666666666666666,0.5749866504511496,0.9159385113268608,0.7001981401539955,98.0,64.0,451.0,34.0,647.0,132.0,515.0,0.2160337805255023,0.0267573415765069,4.980706,0.462777,{},config defaults,,,,,,,,,,,,,,,,,,,,,,,,,,,,,,,,,,,,,,,,,,,
EXP-A1,EXP-A1,M4,binary,0,1,r0f1,2589,651,138,0.9231950844854072,0.8548962152487081,0.7388059701492538,0.9709864603481624,0.868421052631579,0.7983870967741935,0.7550739123866418,0.9518028811455296,0.8627977898658129,99.0,15.0,502.0,35.0,651.0,134.0,517.0,0.146465757296467,0.0882242703533026,4.979496,0.401577,{},config defaults,,,,,,,,,,,,,,,,,,,,,,,,,,,,,,,,,,,,,,,,,,,
EXP-A1,EXP-A1,M4,binary,0,2,r0f2,2596,644,138,0.8990683229813664,0.7803297471839055,0.5801526717557252,0.9805068226120858,0.8837209302325582,0.7004608294930875,0.6634790074786145,0.9526732437539992,0.8483248963937596,76.0,10.0,503.0,55.0,644.0,131.0,513.0,0.1483154285714286,0.0526832298136646,5.098799,0.345024,{},config defaults,,,,,,,,,,,,,,,,,,,,,,,,,,,,,,,,,,,,,,,,,,,
EXP-A1,EXP-A1,M4,binary,0,3,r0f3,2585,655,138,0.8916030534351145,0.8321449708311022,0.7299270072992701,0.9343629343629344,0.746268656716418,0.7380073800738007,0.6697482372640895,0.935856607389454,0.8325021653716242,100.0,34.0,484.0,37.0,655.0,137.0,518.0,0.1762436396946564,0.0877435114503816,4.805863,0.385091,{},config defaults,,,,,,,,,,,,,,,,,,,,,,,,,,,,,,,,,,,,,,,,,,,
EXP-A1,EXP-A1,M4,binary,0,4,r0f4,2597,643,138,0.9020217729393468,0.8930328602099237,0.8778625954198473,0.908203125,0.7098765432098766,0.7849829351535836,0.7292886260429821,0.951976979961832,0.8003211707534498,115.0,47.0,465.0,16.0,643.0,131.0,512.0,0.1687198631415241,0.0596671850699844,4.634304,0.444162,{},config defaults,,,,,,,,,,,,,,,,,,,,,,,,,,,,,,,,,,,,,,,,,,,
EXP-A1,EXP-A1,M4,binary,1,0,r1f0,2593,647,138,0.8531684698608965,0.8035378052368344,0.7196969696969697,0.887378640776699,0.6209150326797386,0.6666666666666666,0.5757370464288804,0.9006325389820535,0.6754715791768015,95.0,58.0,457.0,37.0,647.0,132.0,515.0,0.230104828438949,0.0648840803709427,5.007233,0.381134,{},config defaults,,,,,,,,,,,,,,,,,,,,,,,,,,,,,,,,,,,,,,,,,,,
EXP-A1,EXP-A1,M4,binary,1,1,r1f1,2585,655,138,0.9068702290076336,0.8462753598549246,0.7426470588235294,0.9499036608863198,0.7952755905511811,0.7680608365019012,0.7105356883656944,0.9514762552419812,0.8302984061725931,101.0,26.0,493.0,35.0,655.0,136.0,519.0,0.1575408610687023,0.0765312977099236,4.779083,0.370012,{},config defaults,,,,,,,,,,,,,,,,,,,,,,,,,,,,,,,,,,,,,,,,,,,
EXP-A1,EXP-A1,M4,binary,1,2,r1f2,2596,644,138,0.9192546583850932,0.8441587429132628,0.7175572519083969,0.9707602339181286,0.8623853211009175,0.7833333333333333,0.7389124648149913,0.9698004553368152,0.9056820962383018,94.0,15.0,498.0,37.0,644.0,131.0,513.0,0.1247979130434782,0.0737701863354038,4.671727,0.491299,{},config defaults,,,,,,,,,,,,,,,,,,,,,,,,,,,,,,,,,,,,,,,,,,,
EXP-A1,EXP-A1,M4,binary,1,3,r1f3,2589,651,138,0.8955453149001537,0.8274547803617571,0.7111111111111111,0.9437984496124032,0.768,0.7384615384615385,0.6741013346865,0.9280074648291704,0.7512763454133727,96.0,29.0,487.0,39.0,651.0,135.0,516.0,0.1766493149001536,0.0450568356374807,4.624193,0.501664,{},config defaults,,,,,,,,,,,,,,,,,,,,,,,,,,,,,,,,,,,,,,,,,,,
EXP-A1,EXP-A1,M4,binary,1,4,r1f4,2597,643,138,0.91601866251944,0.8989816913167938,0.8702290076335878,0.927734375,0.7549668874172185,0.8085106382978723,0.7581978803467421,0.9649481154580152,0.8651904537460517,114.0,37.0,475.0,17.0,643.0,131.0,512.0,0.1456677200622084,0.0804945567651632,4.690661,0.489749,{},config defaults,,,,,,,,,,,,,,,,,,,,,,,,,,,,,,,,,,,,,,,,,,,
EXP-A1,EXP-A1,M4,binary,2,0,r2f0,2596,644,138,0.8524844720496895,0.793722006458045,0.6946564885496184,0.8927875243664717,0.6232876712328768,0.6570397111913358,0.5647675209540792,0.9038510185557194,0.6710491260098858,91.0,55.0,458.0,40.0,644.0,131.0,513.0,0.2177054285714285,0.0353385093167701,4.751524,0.544745,{},config defaults,,,,,,,,,,,,,,,,,,,,,,,,,,,,,,,,,,,,,,,,,,,
EXP-A1,EXP-A1,M4,binary,2,1,r2f1,2589,651,138,0.8986175115207373,0.8394223274343948,0.7388059701492538,0.9400386847195358,0.7615384615384615,0.75,0.6865584800225221,0.9491757845203384,0.8226470811624903,99.0,31.0,486.0,35.0,651.0,134.0,517.0,0.1612858371735791,0.0648141321044547,4.578461,0.419738,{},config defaults,,,,,,,,,,,,,,,,,,,,,,,,,,,,,,,,,,,,,,,,,,,
EXP-A1,EXP-A1,M4,binary,2,2,r2f2,2585,655,138,0.9297709923664124,0.8831200856748302,0.8029197080291971,0.9633204633204632,0.8527131782945736,0.8270676691729323,0.7836143005499688,0.96219316292309,0.886481526193578,110.0,19.0,499.0,27.0,655.0,137.0,518.0,0.1472286900763358,0.1047114503816793,4.674534,0.379774,{},config defaults,,,,,,,,,,,,,,,,,,,,,,,,,,,,,,,,,,,,,,,,,,,
EXP-A1,EXP-A1,M4,binary,2,3,r2f3,2597,643,138,0.917573872472784,0.8800766340648856,0.816793893129771,0.943359375,0.7867647058823529,0.8014981273408239,0.749718731104271,0.9561888716603052,0.8202994538787255,107.0,29.0,483.0,24.0,643.0,131.0,512.0,0.1533963172628304,0.0804696734059097,5.019587,0.389413,{},config defaults,,,,,,,,,,,,,,,,,,,,,,,,,,,,,,,,,,,,,,,,,,,
EXP-A1,EXP-A1,M4,binary,2,4,r2f4,2593,647,138,0.9026275115919628,0.8346057664018829,0.7196969696969697,0.9495145631067962,0.7851239669421488,0.7509881422924901,0.6916214270200112,0.944321859370403,0.813854322981121,95.0,26.0,489.0,37.0,647.0,132.0,515.0,0.1582460092735703,0.0471344667697062,5.006403,0.387462,{},config defaults,,,,,,,,,,,,,,,,,,,,,,,,,,,,,,,,,,,,,,,,,,,
EXP-A1,EXP-A1,M4,binary,3,0,r3f0,2596,644,138,0.8571428571428571,0.78811957799503,0.6717557251908397,0.9044834307992202,0.6423357664233577,0.6567164179104478,0.5668039038796558,0.90754877014419,0.6972233947836141,88.0,49.0,464.0,43.0,644.0,131.0,513.0,0.2141556273291925,0.0297453416149068,4.870909,0.365915,{},config defaults,,,,,,,,,,,,,,,,,,,,,,,,,,,,,,,,,,,,,,,,,,,
EXP-A1,EXP-A1,M4,binary,3,1,r3f1,2593,647,138,0.8995363214837713,0.8664680788467196,0.8106060606060606,0.9223300970873788,0.7278911564625851,0.7670250896057348,0.7048765420639624,0.949418946749044,0.8166436603169158,107.0,40.0,475.0,25.0,647.0,132.0,515.0,0.1579866831530139,0.048646058732612,5.018706,0.399314,{},config defaults,,,,,,,,,,,,,,,,,,,,,,,,,,,,,,,,,,,,,,,,,,,
EXP-A1,EXP-A1,M4,binary,3,2,r3f2,2585,655,138,0.9083969465648856,0.8662303071517624,0.7941176470588235,0.9383429672447012,0.7714285714285715,0.782608695652174,0.7247192173246618,0.9560948656919416,0.8546145127713657,108.0,32.0,487.0,28.0,655.0,136.0,519.0,0.1586528366412213,0.0913312977099236,4.753842,0.353789,{},config defaults,,,,,,,,,,,,,,,,,,,,,,,,,,,,,,,,,,,,,,,,,,,
EXP-A1,EXP-A1,M4,binary,3,3,r3f3,2589,651,138,0.9216589861751152,0.8603359173126615,0.7555555555555555,0.9651162790697676,0.85,0.8,0.7535141301165613,0.9498851564743038,0.8430975333387766,102.0,18.0,498.0,33.0,651.0,135.0,516.0,0.1535559078341014,0.0831397849462365,4.793562,0.380551,{},config defaults,,,,,,,,,,,,,,,,,,,,,,,,,,,,,,,,,,,,,,,,,,,
EXP-A1,EXP-A1,M4,binary,3,4,r3f4,2597,643,138,0.9082426127527216,0.8401344823473282,0.7251908396946565,0.955078125,0.8050847457627118,0.7630522088353414,0.7078327145375108,0.9439781130725192,0.8248715021357194,95.0,23.0,489.0,36.0,643.0,131.0,512.0,0.1570400248833592,0.0724603421461897,4.931817,0.379375,{},config defaults,,,,,,,,,,,,,,,,,,,,,,,,,,,,,,,,,,,,,,,,,,,
EXP-A1,EXP-A1,M4,binary,4,0,r4f0,2585,655,138,0.8564885496183207,0.81177037288904,0.7352941176470589,0.8882466281310212,0.6329113924050633,0.6802721088435374,0.5911684297728056,0.9101000226680268,0.704842223912661,100.0,58.0,461.0,36.0,655.0,136.0,519.0,0.2187503145038167,0.0500091603053435,4.793684,0.495858,{},config defaults,,,,,,,,,,,,,,,,,,,,,,,,,,,,,,,,,,,,,,,,,,,
EXP-A1,EXP-A1,M4,binary,4,1,r4f1,2596,644,138,0.9285714285714286,0.8727437763195095,0.7786259541984732,0.9668615984405458,0.8571428571428571,0.816,0.7731817499152164,0.9590048063330506,0.8703490293927765,102.0,17.0,496.0,29.0,644.0,131.0,513.0,0.141742099378882,0.0906801242236025,5.303754,0.499398,{},config defaults,,,,,,,,,,,,,,,,,,,,,,,,,,,,,,,,,,,,,,,,,,,
EXP-A1,EXP-A1,M4,binary,4,2,r4f2,2593,647,138,0.9088098918083464,0.832855251544572,0.7045454545454546,0.9611650485436892,0.8230088495575221,0.7591836734693878,0.7065878069145891,0.9562224183583408,0.8544797776415354,93.0,20.0,495.0,39.0,647.0,132.0,515.0,0.1475042720247295,0.0632210200927357,4.589466,0.503471,{},config defaults,,,,,,,,,,,,,,,,,,,,,,,,,,,,,,,,,,,,,,,,,,,
EXP-A1,EXP-A1,M4,binary,4,3,r4f3,2589,651,138,0.9109062980030722,0.8726959517657192,0.8074074074074075,0.937984496124031,0.7730496453900709,0.7898550724637681,0.7336379046566673,0.9496052253804192,0.8252705301237709,109.0,32.0,484.0,26.0,651.0,135.0,516.0,0.1593782365591398,0.0798955453149001,4.502188,0.452589,{},config defaults,,,,,,,,,,,,,,,,,,,,,,,,,,,,,,,,,,,,,,,,,,,
EXP-A1,EXP-A1,M4,binary,4,4,r4f4,2597,643,138,0.8895800933125972,0.8198950381679388,0.7022900763358778,0.9375,0.7419354838709677,0.7215686274509804,0.6531510154042239,0.9243648616412214,0.7612843220958072,92.0,32.0,480.0,39.0,643.0,131.0,512.0,0.1791337604976672,0.0528335925349922,4.717058,0.430859,{},config defaults,,,,,,,,,,,,,,,,,,,,,,,,,,,,,,,,,,,,,,,,,,,
EXP-A1,EXP-A1,M5,binary,0,0,r0f0,2593,647,138,0.8176197836166924,0.8093777581641659,0.7954545454545454,0.8233009708737864,0.5357142857142857,0.6402439024390244,0.5426169517154407,0.9076493086201824,0.7196330402144142,105.0,91.0,424.0,27.0,647.0,132.0,515.0,0.2498129999776813,0.0882906658716169,25.760254,0.014985,{},config defaults,,,,,,,,,,,,,,,,,,,,,,,,,,,,,,,,,,,,,,,,,,,
EXP-A1,EXP-A1,M5,binary,0,1,r0f1,2589,651,138,0.8970814132104454,0.8439836600363751,0.753731343283582,0.9342359767891684,0.7481481481481481,0.7509293680297398,0.686078396755225,0.9292560408787784,0.8462034463139657,101.0,34.0,483.0,33.0,651.0,134.0,517.0,0.1573465898818349,0.0215233134651182,27.08149,0.014681,{},config defaults,,,,,,,,,,,,,,,,,,,,,,,,,,,,,,,,,,,,,,,,,,,
EXP-A1,EXP-A1,M5,binary,0,2,r0f2,2596,644,138,0.90527950310559,0.8268604080174993,0.6946564885496184,0.95906432748538,0.8125,0.7489711934156379,0.6942594774096881,0.9494516613841644,0.8476090298263005,91.0,21.0,492.0,40.0,644.0,131.0,513.0,0.1377034952367936,0.016751588377321,28.009224,0.014212,{},config defaults,,,,,,,,,,,,,,,,,,,,,,,,,,,,,,,,,,,,,,,,,,,
EXP-A1,EXP-A1,M5,binary,0,3,r0f3,2585,655,138,0.8763358778625954,0.8385987656060649,0.7737226277372263,0.9034749034749034,0.6794871794871795,0.7235494880546075,0.6465884724679508,0.93189696474368,0.8035870311344644,106.0,50.0,468.0,31.0,655.0,137.0,518.0,0.1775348821833466,0.0234819114507603,28.093938,0.014716,{},config defaults,,,,,,,,,,,,,,,,,,,,,,,,,,,,,,,,,,,,,,,,,,,
EXP-A1,EXP-A1,M5,binary,0,4,r0f4,2597,643,138,0.8709175738724728,0.8848625357824427,0.9083969465648856,0.861328125,0.6263157894736842,0.7414330218068536,0.6794857597874479,0.9462666984732824,0.7502255817203937,119.0,71.0,441.0,12.0,643.0,131.0,512.0,0.1888662701942141,0.0381518891506402,28.210623,0.019261,{},config defaults,,,,,,,,,,,,,,,,,,,,,,,,,,,,,,,,,,,,,,,,,,,
EXP-A1,EXP-A1,M5,binary,1,0,r1f0,2593,647,138,0.8207109737248841,0.8028684907325684,0.7727272727272727,0.8330097087378641,0.5425531914893617,0.6375,0.5376373127989723,0.904751397469844,0.6983612021093382,102.0,86.0,429.0,30.0,647.0,132.0,515.0,0.243297743073916,0.0549127203059723,29.482644,0.016618,{},config defaults,,,,,,,,,,,,,,,,,,,,,,,,,,,,,,,,,,,,,,,,,,,
EXP-A1,EXP-A1,M5,binary,1,1,r1f1,2585,655,138,0.8702290076335878,0.8475716876345913,0.8088235294117647,0.8863198458574181,0.650887573964497,0.7213114754098361,0.6444155839562791,0.940326419585175,0.7781874877712925,110.0,59.0,460.0,26.0,655.0,136.0,519.0,0.1762991308731913,0.0295164570595356,28.576854,0.014467,{},config defaults,,,,,,,,,,,,,,,,,,,,,,,,,,,,,,,,,,,,,,,,,,,
EXP-A1,EXP-A1,M5,binary,1,2,r1f2,2596,644,138,0.9254658385093169,0.8793208636519203,0.8015267175572519,0.9571150097465888,0.8267716535433071,0.813953488372093,0.7675097915638525,0.9586179188429088,0.8901949116041258,105.0,22.0,491.0,26.0,644.0,131.0,513.0,0.1195226635743441,0.0164521899020643,31.420012,0.014087,{},config defaults,,,,,,,,,,,,,,,,,,,,,,,,,,,,,,,,,,,,,,,,,,,
EXP-A1,EXP-A1,M5,binary,1,3,r1f3,2589,651,138,0.8970814132104454,0.8585055986218777,0.7925925925925926,0.9244186046511628,0.7328767123287672,0.7615658362989324,0.6969402647688642,0.930864197530864,0.7418487198320591,107.0,39.0,477.0,28.0,651.0,135.0,516.0,0.1683337271904149,0.0362757476297964,27.90315,0.014049,{},config defaults,,,,,,,,,,,,,,,,,,,,,,,,,,,,,,,,,,,,,,,,,,,
EXP-A1,EXP-A1,M5,binary,1,4,r1f4,2597,643,138,0.8989113530326595,0.8967601979961832,0.8931297709923665,0.900390625,0.6964285714285714,0.782608695652174,0.7274904165790139,0.9642622853053436,0.8424790394623938,117.0,51.0,461.0,14.0,643.0,131.0,512.0,0.1391425850845616,0.0151144434850412,33.448458,0.017652,{},config defaults,,,,,,,,,,,,,,,,,,,,,,,,,,,,,,,,,,,,,,,,,,,
EXP-A1,EXP-A1,M5,binary,2,0,r2f0,2596,644,138,0.8260869565217391,0.7885213457732542,0.7251908396946565,0.8518518518518519,0.5555555555555556,0.6291390728476821,0.5259853519126659,0.8834575837388212,0.700631523383527,95.0,76.0,437.0,36.0,644.0,131.0,513.0,0.252465801846336,0.0648487099367479,34.323342,0.022825,{},config defaults,,,,,,,,,,,,,,,,,,,,,,,,,,,,,,,,,,,,,,,,,,,
EXP-A1,EXP-A1,M5,binary,2,1,r2f1,2589,651,138,0.880184331797235,0.8582233898207223,0.8208955223880597,0.8955512572533849,0.6707317073170732,0.738255033557047,0.6672601688084585,0.9487283120182454,0.8395982238377363,110.0,54.0,463.0,24.0,651.0,134.0,517.0,0.1625626112599417,0.0352456399020171,33.151117,0.013521,{},config defaults,,,,,,,,,,,,,,,,,,,,,,,,,,,,,,,,,,,,,,,,,,,
EXP-A1,EXP-A1,M5,binary,2,2,r2f2,2585,655,138,0.9099236641221374,0.8893625116252853,0.8540145985401459,0.9247104247104247,0.75,0.7986348122866894,0.743526962295484,0.9567257559958292,0.8903990562081816,117.0,39.0,479.0,20.0,655.0,137.0,518.0,0.1299430522438633,0.0157163299000648,33.075326,0.014393,{},config defaults,,,,,,,,,,,,,,,,,,,,,,,,,,,,,,,,,,,,,,,,,,,
EXP-A1,EXP-A1,M5,binary,2,3,r2f3,2597,643,138,0.9004665629860031,0.8863758349236641,0.8625954198473282,0.91015625,0.710691823899371,0.7793103448275862,0.7214219259210839,0.9518726145038168,0.7721719483030192,113.0,46.0,466.0,18.0,643.0,131.0,512.0,0.1518205583356612,0.02207359029337,31.950962,0.018321,{},config defaults,,,,,,,,,,,,,,,,,,,,,,,,,,,,,,,,,,,,,,,,,,,
EXP-A1,EXP-A1,M5,binary,2,4,r2f4,2593,647,138,0.8964451313755796,0.85325831126802,0.7803030303030303,0.9262135922330096,0.7304964539007093,0.7545787545787546,0.6896490614726631,0.9467637540453074,0.7889424846850619,103.0,38.0,477.0,29.0,647.0,132.0,515.0,0.1549059150037107,0.0253318157279593,32.766309,0.018787,{},config defaults,,,,,,,,,,,,,,,,,,,,,,,,,,,,,,,,,,,,,,,,,,,
EXP-A1,EXP-A1,M5,binary,3,0,r3f0,2596,644,138,0.8462732919254659,0.7983497760516644,0.7175572519083969,0.8791423001949318,0.6025641025641025,0.6550522648083623,0.5606319342601411,0.9058077764385518,0.7141433827160216,94.0,62.0,451.0,37.0,644.0,131.0,513.0,0.2270672934662718,0.0626810876033306,33.859617,0.024415,{},config defaults,,,,,,,,,,,,,,,,,,,,,,,,,,,,,,,,,,,,,,,,,,,
EXP-A1,EXP-A1,M5,binary,3,1,r3f1,2593,647,138,0.9010819165378672,0.8871579876434246,0.8636363636363636,0.9106796116504854,0.7125,0.7808219178082192,0.7232431477443123,0.9518240659017358,0.8227728811681848,114.0,46.0,469.0,18.0,647.0,132.0,515.0,0.1553615333651302,0.0305587129448297,37.885092,0.019832,{},config defaults,,,,,,,,,,,,,,,,,,,,,,,,,,,,,,,,,,,,,,,,,,,
EXP-A1,EXP-A1,M5,binary,3,2,r3f2,2585,655,138,0.8763358778625954,0.8704168083418339,0.8602941176470589,0.8805394990366089,0.6536312849162011,0.7428571428571429,0.6742855026177614,0.9488835996826476,0.8184996319587619,117.0,62.0,457.0,19.0,655.0,136.0,519.0,0.1689101034069075,0.0188025347371794,35.132301,0.015431,{},config defaults,,,,,,,,,,,,,,,,,,,,,,,,,,,,,,,,,,,,,,,,,,,
EXP-A1,EXP-A1,M5,binary,3,3,r3f3,2589,651,138,0.8970814132104454,0.8612403100775194,0.8,0.9224806201550388,0.7297297297297297,0.7632508833922261,0.6988807636411879,0.9441142693080676,0.8141417221415927,108.0,40.0,476.0,27.0,651.0,135.0,516.0,0.1612652077631133,0.0373241025476487,34.005714,0.018495,{},config defaults,,,,,,,,,,,,,,,,,,,,,,,,,,,,,,,,,,,,,,,,,,,
EXP-A1,EXP-A1,M5,binary,3,4,r3f4,2597,643,138,0.8989113530326595,0.8427958015267176,0.7480916030534351,0.9375,0.7538461538461538,0.7509578544061303,0.6875523320074627,0.9367843511450382,0.8280358114786679,98.0,32.0,480.0,33.0,643.0,131.0,512.0,0.1544669296147284,0.0219075458135263,36.89485,0.016038,{},config defaults,,,,,,,,,,,,,,,,,,,,,,,,,,,,,,,,,,,,,,,,,,,
EXP-A1,EXP-A1,M5,binary,4,0,r4f0,2585,655,138,0.8427480916030534,0.8356568060750311,0.8235294117647058,0.8477842003853564,0.5863874345549738,0.6850152905198776,0.5991049565315554,0.9136206505723676,0.7291391124348602,112.0,79.0,440.0,24.0,655.0,136.0,519.0,0.2287155788670901,0.0501660335469839,36.197532,0.04595,{},config defaults,,,,,,,,,,,,,,,,,,,,,,,,,,,,,,,,,,,,,,,,,,,
EXP-A1,EXP-A1,M5,binary,4,1,r4f1,2596,644,138,0.906832298136646,0.8647828221954377,0.7938931297709924,0.935672514619883,0.7591240875912408,0.7761194029850746,0.7176198477292614,0.9580971087600256,0.8580192359938247,104.0,33.0,480.0,27.0,644.0,131.0,513.0,0.1346103436699026,0.0120221255089,34.447168,0.013582,{},config defaults,,,,,,,,,,,,,,,,,,,,,,,,,,,,,,,,,,,,,,,,,,,
EXP-A1,EXP-A1,M5,binary,4,2,r4f2,2593,647,138,0.8778979907264297,0.8331568108267138,0.7575757575757576,0.90873786407767,0.6802721088435374,0.7168458781362007,0.6408045729920571,0.943056781406296,0.8202980885205412,100.0,47.0,468.0,32.0,647.0,132.0,515.0,0.1606680244615247,0.022413083964321,34.175432,0.018408,{},config defaults,,,,,,,,,,,,,,,,,,,,,,,,,,,,,,,,,,,,,,,,,,,
EXP-A1,EXP-A1,M5,binary,4,3,r4f3,2589,651,138,0.890937019969278,0.8628337639965546,0.8148148148148148,0.9108527131782944,0.7051282051282052,0.7560137457044673,0.6892305611204684,0.9462245190927362,0.819150968193185,110.0,46.0,470.0,25.0,651.0,135.0,516.0,0.1618580844982154,0.0261362700355105,35.873406,0.021569,{},config defaults,,,,,,,,,,,,,,,,,,,,,,,,,,,,,,,,,,,,,,,,,,,
EXP-A1,EXP-A1,M5,binary,4,4,r4f4,2597,643,138,0.8786936236391913,0.824420026240458,0.732824427480916,0.916015625,0.6906474820143885,0.7111111111111111,0.634871177088854,0.8943076097328244,0.7260733568601718,96.0,43.0,469.0,35.0,643.0,131.0,512.0,0.1969796119365428,0.0594818282598095,36.786457,0.015738,{},config defaults,,,,,,,,,,,,,,,,,,,,,,,,,,,,,,,,,,,,,,,,,,,
EXP-A1,EXP-A1,M6,binary,0,0,r0f0,2593,647,138,0.8145285935085008,0.8356060606060607,0.8712121212121212,0.8,0.5275229357798165,0.6571428571428571,0.5722601151464203,0.9024713150926744,0.6294091149893317,115.0,103.0,412.0,17.0,647.0,132.0,515.0,0.2122793247220806,0.0366062210026442,234.211817,2.014966,{},config defaults,,,,,,,,,,,,,,,,,,,,,,,,,,,,,,,,,,,,,,,,,,,
EXP-A1,EXP-A1,M6,binary,0,1,r0f1,2589,651,138,0.8187403993855606,0.8499451485320015,0.9029850746268656,0.7969052224371374,0.5353982300884956,0.6722222222222223,0.5944002163673184,0.9515574929992204,0.8582965866470481,121.0,105.0,412.0,13.0,651.0,134.0,517.0,0.1480883409176687,0.0868750092814763,236.492944,1.670965,{},config defaults,,,,,,,,,,,,,,,,,,,,,,,,,,,,,,,,,,,,,,,,,,,
EXP-A1,EXP-A1,M6,binary,0,2,r0f2,2596,644,138,0.8866459627329193,0.8748493370831659,0.8549618320610687,0.8947368421052632,0.6746987951807228,0.7542087542087542,0.6899427904646384,0.9511480142255556,0.8400408674156508,112.0,54.0,459.0,19.0,644.0,131.0,513.0,0.1560493976085594,0.0620474099736973,232.740367,1.408548,{},config defaults,,,,,,,,,,,,,,,,,,,,,,,,,,,,,,,,,,,,,,,,,,,
EXP-A1,EXP-A1,M6,binary,0,3,r0f3,2585,655,138,0.8763358778625954,0.8466519178198011,0.7956204379562044,0.8976833976833977,0.6728395061728395,0.7290969899665551,0.6535334173897355,0.941479018121354,0.8453975168555217,109.0,53.0,465.0,28.0,655.0,137.0,518.0,0.171572436180327,0.1191081035775401,223.578325,1.215537,{},config defaults,,,,,,,,,,,,,,,,,,,,,,,,,,,,,,,,,,,,,,,,,,,
EXP-A1,EXP-A1,M6,binary,0,4,r0f4,2597,643,138,0.8164852255054432,0.884765625,1.0,0.76953125,0.5261044176706827,0.6894736842105263,0.6362812193996006,0.9498151240458016,0.7349602225584843,131.0,118.0,394.0,0.0,643.0,131.0,512.0,0.1657507667267676,0.0827402547638898,220.054038,1.427669,{},config defaults,,,,,,,,,,,,,,,,,,,,,,,,,,,,,,,,,,,,,,,,,,,
EXP-A1,EXP-A1,M6,binary,1,0,r1f0,2593,647,138,0.80370942812983,0.8259929390997351,0.8636363636363636,0.7883495145631068,0.5112107623318386,0.6422535211267606,0.5528323001157996,0.8963224477787584,0.6252189352561747,114.0,109.0,406.0,18.0,647.0,132.0,515.0,0.2204822181031887,0.0426975194618803,206.638223,1.224897,{},config defaults,,,,,,,,,,,,,,,,,,,,,,,,,,,,,,,,,,,,,,,,,,,
EXP-A1,EXP-A1,M6,binary,1,1,r1f1,2585,655,138,0.8854961832061069,0.8599186784540406,0.8161764705882353,0.903660886319846,0.6894409937888198,0.7474747474747475,0.6781271021535465,0.946815142241868,0.7991064694103377,111.0,50.0,469.0,25.0,655.0,136.0,519.0,0.1620140641732357,0.0825957276639109,197.638741,1.350427,{},config defaults,,,,,,,,,,,,,,,,,,,,,,,,,,,,,,,,,,,,,,,,,,,
EXP-A1,EXP-A1,M6,binary,1,2,r1f2,2596,644,138,0.9145962732919256,0.8781825216136184,0.816793893129771,0.9395711500974658,0.7753623188405797,0.7955390334572491,0.7420120834551659,0.9687811556031724,0.9084930845800774,107.0,31.0,482.0,24.0,644.0,131.0,513.0,0.1304361711858561,0.0801683769639572,192.514591,1.245872,{},config defaults,,,,,,,,,,,,,,,,,,,,,,,,,,,,,,,,,,,,,,,,,,,
EXP-A1,EXP-A1,M6,binary,1,3,r1f3,2589,651,138,0.8294930875576036,0.851421188630491,0.8888888888888888,0.813953488372093,0.5555555555555556,0.6837606837606838,0.6051710859944731,0.929787539477462,0.7060592409573588,120.0,96.0,420.0,15.0,651.0,135.0,516.0,0.17358760660657,0.0558310380122818,254.461117,1.54967,{},config defaults,,,,,,,,,,,,,,,,,,,,,,,,,,,,,,,,,,,,,,,,,,,
EXP-A1,EXP-A1,M6,binary,1,4,r1f4,2597,643,138,0.8475894245723172,0.8900957180343512,0.9618320610687024,0.818359375,0.5753424657534246,0.72,0.6630813629405635,0.9612953244274808,0.8112089582492885,126.0,93.0,419.0,5.0,643.0,131.0,512.0,0.149945452729054,0.1084942783188869,268.684532,1.487421,{},config defaults,,,,,,,,,,,,,,,,,,,,,,,,,,,,,,,,,,,,,,,,,,,
EXP-A1,EXP-A1,M6,binary,2,0,r2f0,2596,644,138,0.7841614906832298,0.8190482567742512,0.8778625954198473,0.7602339181286549,0.4831932773109244,0.6233062330623306,0.5321440453389685,0.8984866747020223,0.6343421536582358,115.0,123.0,390.0,16.0,644.0,131.0,513.0,0.2110820723216808,0.0453890404229429,227.641641,1.396274,{},config defaults,,,,,,,,,,,,,,,,,,,,,,,,,,,,,,,,,,,,,,,,,,,
EXP-A1,EXP-A1,M6,binary,2,1,r2f1,2589,651,138,0.8448540706605223,0.8663861543347094,0.9029850746268656,0.8297872340425532,0.5789473684210527,0.7055393586005831,0.6345742454830705,0.9483241433066776,0.816715017513939,121.0,88.0,429.0,13.0,651.0,134.0,517.0,0.1601013363644814,0.086249148057746,232.948673,1.981394,{},config defaults,,,,,,,,,,,,,,,,,,,,,,,,,,,,,,,,,,,,,,,,,,,
EXP-A1,EXP-A1,M6,binary,2,2,r2f2,2585,655,138,0.850381679389313,0.8758771806217062,0.9197080291970804,0.832046332046332,0.5915492957746479,0.72,0.6526798174021385,0.960586759856833,0.8839599676538606,126.0,87.0,431.0,11.0,655.0,137.0,518.0,0.1484279139027343,0.1084294384308806,204.185478,1.299038,{},config defaults,,,,,,,,,,,,,,,,,,,,,,,,,,,,,,,,,,,,,,,,,,,
EXP-A1,EXP-A1,M6,binary,2,3,r2f3,2597,643,138,0.8398133748055988,0.8880531369274809,0.9694656488549618,0.806640625,0.5619469026548672,0.711484593837535,0.6547410573855867,0.9540642891221374,0.7713254679880804,127.0,99.0,413.0,4.0,643.0,131.0,512.0,0.1545526909973489,0.0963652933700273,195.601219,1.224977,{},config defaults,,,,,,,,,,,,,,,,,,,,,,,,,,,,,,,,,,,,,,,,,,,
EXP-A1,EXP-A1,M6,binary,2,4,r2f4,2593,647,138,0.8794435857805255,0.8735657546337159,0.8636363636363636,0.883495145631068,0.6551724137931034,0.7450980392156863,0.67901979975244,0.9414827890556046,0.7608339513809539,114.0,60.0,455.0,18.0,647.0,132.0,515.0,0.161627560809953,0.0660925863974638,198.096878,1.229521,{},config defaults,,,,,,,,,,,,,,,,,,,,,,,,,,,,,,,,,,,,,,,,,,,
EXP-A1,EXP-A1,M6,binary,3,0,r3f0,2596,644,138,0.8245341614906833,0.7960730919750607,0.7480916030534351,0.8440545808966862,0.550561797752809,0.6343042071197411,0.5329915277981665,0.8962992723539128,0.639646423633892,98.0,80.0,433.0,33.0,644.0,131.0,513.0,0.2137364610831272,0.0314458708226663,200.14328,1.237671,{},config defaults,,,,,,,,,,,,,,,,,,,,,,,,,,,,,,,,,,,,,,,,,,,
EXP-A1,EXP-A1,M6,binary,3,1,r3f1,2593,647,138,0.8979907264296755,0.893667255075022,0.8863636363636364,0.9009708737864076,0.6964285714285714,0.78,0.7236481734439949,0.946528390703148,0.7698857934140355,117.0,51.0,464.0,15.0,647.0,132.0,515.0,0.155592614520274,0.0616028927082282,197.267771,1.225413,{},config defaults,,,,,,,,,,,,,,,,,,,,,,,,,,,,,,,,,,,,,,,,,,,
EXP-A1,EXP-A1,M6,binary,3,2,r3f2,2585,655,138,0.8183206106870229,0.8772172163663152,0.9779411764705882,0.7764932562620424,0.5341365461847389,0.6909090909090909,0.6303938162427817,0.9618752125127508,0.8435274896279927,133.0,116.0,403.0,3.0,655.0,136.0,519.0,0.1553509909394557,0.1203319096740068,199.757099,1.275545,{},config defaults,,,,,,,,,,,,,,,,,,,,,,,,,,,,,,,,,,,,,,,,,,,
EXP-A1,EXP-A1,M6,binary,3,3,r3f3,2589,651,138,0.82642089093702,0.857687338501292,0.9111111111111112,0.8042635658914729,0.5491071428571429,0.6852367688022284,0.610502365746257,0.9498133792707436,0.8298802036996518,123.0,101.0,415.0,12.0,651.0,135.0,516.0,0.1546039112997,0.096761889511334,198.247395,1.323544,{},config defaults,,,,,,,,,,,,,,,,,,,,,,,,,,,,,,,,,,,,,,,,,,,
EXP-A1,EXP-A1,M6,binary,3,4,r3f4,2597,643,138,0.8631415241057543,0.8430567151717557,0.8091603053435115,0.876953125,0.6272189349112426,0.7066666666666667,0.6278183796259439,0.9397065839694656,0.7957489767964022,106.0,63.0,449.0,25.0,643.0,131.0,512.0,0.1635082895051595,0.0800718863920534,207.305672,1.325712,{},config defaults,,,,,,,,,,,,,,,,,,,,,,,,,,,,,,,,,,,,,,,,,,,
EXP-A1,EXP-A1,M6,binary,4,0,r4f0,2585,655,138,0.8381679389312977,0.8300535532131927,0.8161764705882353,0.8439306358381503,0.578125,0.676829268292683,0.5882019114133465,0.9116513657486116,0.6837949734753614,111.0,81.0,438.0,25.0,655.0,136.0,519.0,0.2069164820813127,0.0532084635735976,200.932531,1.668859,{},config defaults,,,,,,,,,,,,,,,,,,,,,,,,,,,,,,,,,,,,,,,,,,,
EXP-A1,EXP-A1,M6,binary,4,1,r4f1,2596,644,138,0.8835403726708074,0.8785842893918426,0.8702290076335878,0.8869395711500975,0.6627906976744186,0.7524752475247525,0.6888928714881813,0.956966206865765,0.840205405810422,114.0,58.0,455.0,17.0,644.0,131.0,513.0,0.1485704390104958,0.0997852428238532,201.456134,1.282757,{},config defaults,,,,,,,,,,,,,,,,,,,,,,,,,,,,,,,,,,,,,,,,,,,
EXP-A1,EXP-A1,M6,binary,4,2,r4f2,2593,647,138,0.8531684698608965,0.8683289202706679,0.8939393939393939,0.8427184466019417,0.592964824120603,0.7129909365558912,0.6432663751019011,0.9474257134451308,0.8236098602867385,118.0,81.0,434.0,14.0,647.0,132.0,515.0,0.1564520561797822,0.0680531057512738,195.437493,1.402852,{},config defaults,,,,,,,,,,,,,,,,,,,,,,,,,,,,,,,,,,,,,,,,,,,
EXP-A1,EXP-A1,M6,binary,4,3,r4f3,2589,651,138,0.847926267281106,0.8767226528854436,0.925925925925926,0.8275193798449613,0.5841121495327103,0.7163323782234957,0.6502732085549053,0.9513924777490668,0.7941907215403499,125.0,89.0,427.0,10.0,651.0,135.0,516.0,0.157270212090661,0.0976977056939422,204.341677,1.323618,{},config defaults,,,,,,,,,,,,,,,,,,,,,,,,,,,,,,,,,,,,,,,,,,,
EXP-A1,EXP-A1,M6,binary,4,4,r4f4,2597,643,138,0.8242612752721618,0.827163346851145,0.8320610687022901,0.822265625,0.545,0.6586102719033232,0.5693094665439249,0.9242604961832062,0.7232044490636629,109.0,91.0,421.0,22.0,643.0,131.0,512.0,0.1765850825479197,0.063008121806656,220.498372,1.334058,{},config defaults,,,,,,,,,,,,,,,,,,,,,,,,,,,,,,,,,,,,,,,,,,,
EXP-A1,EXP-A1,M8,binary,0,0,r0f0,2593,647,138,0.8670788253477589,0.8376287143277434,0.7878787878787878,0.887378640776699,0.6419753086419753,0.7074829931972789,0.6281040217578785,0.9282141806413652,0.761738820022377,104.0,58.0,457.0,28.0,647.0,132.0,515.0,0.2217534159523604,0.0942808291090327,6.970063,0.024843,{},config defaults,,,,,,,,,,,,,,,,,,,,,,,,,,,,,,,,,,,,,,,,,,,
EXP-A1,EXP-A1,M8,binary,0,1,r0f1,2589,651,138,0.9262672811059908,0.8623589018158723,0.753731343283582,0.9709864603481624,0.8706896551724138,0.808,0.7657036469014407,0.946303299748838,0.8648464116520953,101.0,15.0,502.0,33.0,651.0,134.0,517.0,0.1335463478896848,0.0493846497228069,7.218743,0.023386,{},config defaults,,,,,,,,,,,,,,,,,,,,,,,,,,,,,,,,,,,,,,,,,,,
EXP-A1,EXP-A1,M8,binary,0,2,r0f2,2596,644,138,0.90527950310559,0.7984390577801586,0.6183206106870229,0.9785575048732944,0.8804347826086957,0.726457399103139,0.6866201331288878,0.9520705920866628,0.8582590912472622,81.0,11.0,502.0,50.0,644.0,131.0,513.0,0.1544889265609566,0.0587603660844127,7.230542,0.032076,{},config defaults,,,,,,,,,,,,,,,,,,,,,,,,,,,,,,,,,,,,,,,,,,,
EXP-A1,EXP-A1,M8,binary,0,3,r0f3,2585,655,138,0.8931297709923665,0.8277414536538624,0.7153284671532847,0.9401544401544402,0.7596899224806202,0.7368421052631579,0.6703456685488883,0.934503846912606,0.8338925881794372,98.0,31.0,487.0,39.0,655.0,137.0,518.0,0.1653621014403757,0.0526180918890101,7.264561,0.023024,{},config defaults,,,,,,,,,,,,,,,,,,,,,,,,,,,,,,,,,,,,,,,,,,,
EXP-A1,EXP-A1,M8,binary,0,4,r0f4,2597,643,138,0.9035769828926904,0.8968496541030535,0.8854961832061069,0.908203125,0.7116564417177914,0.7891156462585034,0.7348728611742237,0.9531697280534353,0.7574000869567717,116.0,47.0,465.0,15.0,643.0,131.0,512.0,0.1552099840332494,0.0567845373094359,7.779464,0.02641,{},config defaults,,,,,,,,,,,,,,,,,,,,,,,,,,,,,,,,,,,,,,,,,,,
EXP-A1,EXP-A1,M8,binary,1,0,r1f0,2593,647,138,0.848531684698609,0.8090761988820241,0.7424242424242424,0.8757281553398059,0.6049382716049383,0.6666666666666666,0.5749866504511496,0.9064283612827304,0.7306560937714534,98.0,64.0,451.0,34.0,647.0,132.0,515.0,0.2356658438584531,0.0907464966154909,7.862607,0.020288,{},config defaults,,,,,,,,,,,,,,,,,,,,,,,,,,,,,,,,,,,,,,,,,,,
EXP-A1,EXP-A1,M8,binary,1,1,r1f1,2585,655,138,0.8854961832061069,0.8382140428425706,0.7573529411764706,0.9190751445086706,0.7103448275862069,0.7330960854092526,0.6608542318604849,0.9435849484302392,0.8039334660478632,103.0,42.0,477.0,33.0,655.0,136.0,519.0,0.1721955161769773,0.064309665446973,7.103336,0.033604,{},config defaults,,,,,,,,,,,,,,,,,,,,,,,,,,,,,,,,,,,,,,,,,,,
EXP-A1,EXP-A1,M8,binary,1,2,r1f2,2596,644,138,0.9254658385093169,0.8594259184857819,0.7480916030534351,0.9707602339181286,0.8672566371681416,0.8032786885245902,0.7607592383972174,0.9697632546166092,0.9128139647387088,98.0,15.0,498.0,33.0,644.0,131.0,513.0,0.1104937357776726,0.0390646922292176,7.696531,0.021937,{},config defaults,,,,,,,,,,,,,,,,,,,,,,,,,,,,,,,,,,,,,,,,,,,
EXP-A1,EXP-A1,M8,binary,1,3,r1f3,2589,651,138,0.901689708141321,0.842269595176572,0.7407407407407407,0.9437984496124032,0.7751937984496124,0.7575757575757576,0.6962415626649083,0.9316393913293138,0.7701109235453178,100.0,29.0,487.0,35.0,651.0,135.0,516.0,0.1733757717813766,0.0678448038899587,11.997584,0.026751,{},config defaults,,,,,,,,,,,,,,,,,,,,,,,,,,,,,,,,,,,,,,,,,,,
EXP-A1,EXP-A1,M8,binary,1,4,r1f4,2597,643,138,0.9051321928460342,0.8807848282442747,0.8396946564885496,0.921875,0.7333333333333333,0.7829181494661922,0.7252891340498112,0.9639790076335878,0.8542916954376644,110.0,40.0,472.0,21.0,643.0,131.0,512.0,0.1393290333577293,0.0499988620982013,7.691373,0.022003,{},config defaults,,,,,,,,,,,,,,,,,,,,,,,,,,,,,,,,,,,,,,,,,,,
EXP-A1,EXP-A1,M8,binary,2,0,r2f0,2596,644,138,0.84472049689441,0.7831644420635984,0.6793893129770993,0.8869395711500975,0.6054421768707483,0.6402877697841727,0.5431580004845968,0.8942904334627918,0.7183644092315502,89.0,58.0,455.0,42.0,644.0,131.0,513.0,0.2450044152287752,0.095312404891719,7.377774,0.027199,{},config defaults,,,,,,,,,,,,,,,,,,,,,,,,,,,,,,,,,,,,,,,,,,,
EXP-A1,EXP-A1,M8,binary,2,1,r2f1,2589,651,138,0.8940092165898618,0.8420494240595859,0.753731343283582,0.93036750483559,0.7372262773722628,0.7453874538745388,0.6785388006491345,0.9438205490920638,0.8354296598553617,101.0,36.0,481.0,33.0,651.0,134.0,517.0,0.1556054879567535,0.0523348746394965,7.546996,0.026537,{},config defaults,,,,,,,,,,,,,,,,,,,,,,,,,,,,,,,,,,,,,,,,,,,
EXP-A1,EXP-A1,M8,binary,2,2,r2f2,2585,655,138,0.916030534351145,0.8556421384888537,0.7518248175182481,0.9594594594594594,0.8306451612903226,0.789272030651341,0.7384315926016757,0.9603190260124566,0.8855227714904402,103.0,21.0,497.0,34.0,655.0,137.0,518.0,0.1256904879543209,0.0318070959498863,7.810426,0.02328,{},config defaults,,,,,,,,,,,,,,,,,,,,,,,,,,,,,,,,,,,,,,,,,,,
EXP-A1,EXP-A1,M8,binary,2,3,r2f3,2597,643,138,0.9206842923794712,0.8933906846374046,0.8473282442748091,0.939453125,0.7816901408450704,0.8131868131868132,0.7639442397632833,0.9536468272900764,0.8198134137018488,111.0,31.0,481.0,20.0,643.0,131.0,512.0,0.1382303885705765,0.0482327199278871,7.858745,0.030865,{},config defaults,,,,,,,,,,,,,,,,,,,,,,,,,,,,,,,,,,,,,,,,,,,
EXP-A1,EXP-A1,M8,binary,2,4,r2f4,2593,647,138,0.9010819165378672,0.8477199176228303,0.7575757575757576,0.9378640776699028,0.7575757575757576,0.7575757575757576,0.6954398352456604,0.9415269196822594,0.7804113008287896,100.0,32.0,483.0,32.0,647.0,132.0,515.0,0.1667478896427933,0.0662155244413078,7.383479,0.022357,{},config defaults,,,,,,,,,,,,,,,,,,,,,,,,,,,,,,,,,,,,,,,,,,,
EXP-A1,EXP-A1,M8,binary,3,0,r3f0,2596,644,138,0.8493788819875776,0.7804041486243174,0.6641221374045801,0.8966861598440545,0.6214285714285714,0.6420664206642066,0.5473050744171869,0.9092451229855808,0.7299555106556129,87.0,53.0,460.0,44.0,644.0,131.0,513.0,0.2298443388517945,0.0926479020659227,7.565878,0.021856,{},config defaults,,,,,,,,,,,,,,,,,,,,,,,,,,,,,,,,,,,,,,,,,,,
EXP-A1,EXP-A1,M8,binary,3,1,r3f1,2593,647,138,0.9088098918083464,0.8779273315681083,0.8257575757575758,0.9300970873786408,0.7517241379310344,0.7870036101083032,0.7304542447739725,0.9568549573403942,0.8292224312855612,109.0,36.0,479.0,23.0,647.0,132.0,515.0,0.1460834500084715,0.0538128641141806,7.823654,0.024306,{},config defaults,,,,,,,,,,,,,,,,,,,,,,,,,,,,,,,,,,,,,,,,,,,
EXP-A1,EXP-A1,M8,binary,3,2,r3f2,2585,655,138,0.9099236641221374,0.8834721749971666,0.8382352941176471,0.928709055876686,0.7549668874172185,0.794425087108014,0.7386067012789681,0.9547772866371982,0.8377094531239166,114.0,37.0,482.0,22.0,655.0,136.0,519.0,0.1449539070023567,0.0416366767337303,7.559965,0.022676,{},config defaults,,,,,,,,,,,,,,,,,,,,,,,,,,,,,,,,,,,,,,,,,,,
EXP-A1,EXP-A1,M8,binary,3,3,r3f3,2589,651,138,0.912442396313364,0.8627260981912145,0.7777777777777778,0.9476744186046512,0.7954545454545454,0.7865168539325843,0.7315262087938504,0.9446023542922768,0.8311689047063193,105.0,27.0,489.0,30.0,651.0,135.0,516.0,0.1518023490794058,0.0552618555758954,7.474802,0.020776,{},config defaults,,,,,,,,,,,,,,,,,,,,,,,,,,,,,,,,,,,,,,,,,,,
EXP-A1,EXP-A1,M8,binary,3,4,r3f4,2597,643,138,0.9082426127527216,0.8259333253816794,0.6870229007633588,0.96484375,0.8333333333333334,0.7531380753138075,0.7023290347953534,0.9373956345419848,0.8338138718167212,90.0,18.0,494.0,41.0,643.0,131.0,512.0,0.1538972338061051,0.0515588141896677,7.267443,0.02512,{},config defaults,,,,,,,,,,,,,,,,,,,,,,,,,,,,,,,,,,,,,,,,,,,
EXP-A1,EXP-A1,M8,binary,4,0,r4f0,2585,655,138,0.8778625954198473,0.8496755638671654,0.8014705882352942,0.8978805394990366,0.6728395061728395,0.7315436241610739,0.6574571393217948,0.931755071970985,0.7771800125783388,109.0,53.0,466.0,27.0,655.0,136.0,519.0,0.1965891133594913,0.0699840856872441,10.245758,0.024461,{},config defaults,,,,,,,,,,,,,,,,,,,,,,,,,,,,,,,,,,,,,,,,,,,
EXP-A1,EXP-A1,M8,binary,4,1,r4f1,2596,644,138,0.9145962732919256,0.8469190363525438,0.732824427480916,0.9610136452241717,0.8275862068965517,0.7773279352226721,0.726785913958524,0.9527699656265344,0.8647327033268354,96.0,20.0,493.0,35.0,644.0,131.0,513.0,0.1384306666109064,0.0440982233108201,13.864699,0.024101,{},config defaults,,,,,,,,,,,,,,,,,,,,,,,,,,,,,,,,,,,,,,,,,,,
EXP-A1,EXP-A1,M8,binary,4,2,r4f2,2593,647,138,0.8979907264296755,0.8288761400411886,0.7121212121212122,0.945631067961165,0.7704918032786885,0.7401574803149606,0.6776311710128411,0.9462341865254488,0.8352957234058862,94.0,28.0,487.0,38.0,647.0,132.0,515.0,0.1559612958229113,0.0568176835913562,8.139492,0.024918,{},config defaults,,,,,,,,,,,,,,,,,,,,,,,,,,,,,,,,,,,,,,,,,,,
EXP-A1,EXP-A1,M8,binary,4,3,r4f3,2589,651,138,0.9032258064516128,0.8569121447028424,0.7777777777777778,0.936046511627907,0.7608695652173914,0.7692307692307693,0.7080840813280271,0.940367499282228,0.822261933212658,105.0,33.0,483.0,30.0,651.0,135.0,516.0,0.1620447821279788,0.0631259496677123,7.470673,0.021801,{},config defaults,,,,,,,,,,,,,,,,,,,,,,,,,,,,,,,,,,,,,,,,,,,
EXP-A1,EXP-A1,M8,binary,4,4,r4f4,2597,643,138,0.8911353032659409,0.8180313692748091,0.6946564885496184,0.94140625,0.7520661157024794,0.7222222222222222,0.6554546463245876,0.928852576335878,0.7643858513894548,91.0,30.0,482.0,40.0,643.0,131.0,512.0,0.1820565396822349,0.0672117901812445,7.557223,0.021681,{},config defaults,,,,,,,,,,,,,,,,,,,,,,,,,,,,,,,,,,,,,,,,,,,
EXP-A2,EXP-A2,M1,binary,0,0,r0f0,2593,647,138,0.7897990726429676,0.8031700500147103,0.8257575757575758,0.7805825242718447,0.4909909909909909,0.615819209039548,0.5146783724424583,0.8803765813474551,0.6544243172786941,109.0,113.0,402.0,23.0,647.0,132.0,515.0,0.3103208953273642,0.1154572130694597,0.241999,0.008837,"{""C"": 0.4731474644815011, ""l1_ratio"": 0.0, ""max_iter"": 2000, ""solver"": ""liblinear""}",bayes search inside this training fold,0.853936,12.0,56.59,nested-bayes,,,,,,,,,,,,,,,,,,,,,,,,,,,,,,,,,,,,,,,
EXP-A2,EXP-A2,M1,binary,0,1,r0f1,2589,651,138,0.8525345622119815,0.8574006178007447,0.8656716417910447,0.8491295938104448,0.5979381443298969,0.7073170731707317,0.6318645642645354,0.9329224284765728,0.7601739708532379,116.0,78.0,439.0,18.0,651.0,134.0,517.0,0.2044815508126328,0.0452887752476298,0.226449,0.006223,"{""C"": 0.4731474644815011, ""l1_ratio"": 0.0, ""max_iter"": 2000, ""solver"": ""liblinear""}",bayes search inside this training fold,0.842272,12.0,45.11,nested-bayes,,,,,,,,,,,,,,,,,,,,,,,,,,,,,,,,,,,,,,,
EXP-A2,EXP-A2,M1,binary,0,2,r0f2,2596,644,138,0.8850931677018633,0.8625061381188339,0.8244274809160306,0.9005847953216374,0.6792452830188679,0.7448275862068966,0.6768154425647688,0.940449087094326,0.8372068659058727,108.0,51.0,462.0,23.0,644.0,131.0,513.0,0.1663426240932018,0.0160865073156767,0.236899,0.005982,"{""C"": 0.4731474644815011, ""l1_ratio"": 0.0, ""max_iter"": 2000, ""solver"": ""liblinear""}",bayes search inside this training fold,0.833644,12.0,90.74,nested-bayes,,,,,,,,,,,,,,,,,,,,,,,,,,,,,,,,,,,,,,,
EXP-A2,EXP-A2,M1,binary,0,3,r0f3,2585,655,138,0.8473282442748091,0.8417340698362596,0.8321167883211679,0.8513513513513513,0.5968586387434555,0.6951219512195121,0.6116004045305248,0.9195389341374745,0.7294276328691006,114.0,77.0,441.0,23.0,655.0,137.0,518.0,0.2238608243503919,0.0337337022257758,3.472198,0.006147,"{""C"": 0.2437391987072402, ""l1_ratio"": 0.0, ""max_iter"": 5000, ""solver"": ""saga""}",bayes search inside this training fold,0.846612,12.0,108.79,nested-bayes,,,,,,,,,,,,,,,,,,,,,,,,,,,,,,,,,,,,,,,
EXP-A2,EXP-A2,M1,binary,0,4,r0f4,2597,643,138,0.8149300155520995,0.8582269799618321,0.931297709923664,0.78515625,0.5258620689655172,0.6721763085399449,0.6008886659265192,0.9237237595419848,0.6997049564213959,122.0,110.0,402.0,9.0,643.0,131.0,512.0,0.2467223418764418,0.0642598594357049,0.19742,0.006122,"{""C"": 0.10592439431558083, ""l1_ratio"": 0.0, ""max_iter"": 2000, ""solver"": ""liblinear""}",bayes search inside this training fold,0.841056,12.0,97.24,nested-bayes,,,,,,,,,,,,,,,,,,,,,,,,,,,,,,,,,,,,,,,
EXP-A2,EXP-A2,M1,binary,1,0,r1f0,2593,647,138,0.7712519319938176,0.7746175345689909,0.7803030303030303,0.7689320388349514,0.4639639639639639,0.5819209039548022,0.4662060310023063,0.8835834068843778,0.6278396831032393,103.0,119.0,396.0,29.0,647.0,132.0,515.0,0.296811126223589,0.0918608818890705,0.23157,0.007967,"{""C"": 0.4731474644815011, ""l1_ratio"": 0.0, ""max_iter"": 2000, ""solver"": ""liblinear""}",bayes search inside this training fold,0.855024,12.0,135.66,nested-bayes,,,,,,,,,,,,,,,,,,,,,,,,,,,,,,,,,,,,,,,
EXP-A2,EXP-A2,M1,binary,1,1,r1f1,2585,655,138,0.8381679389312977,0.8544712682760965,0.8823529411764706,0.8265895953757225,0.5714285714285714,0.6936416184971098,0.6161330636778073,0.9252096792474216,0.7350410673576477,120.0,90.0,429.0,16.0,655.0,136.0,519.0,0.2204426778134391,0.044302319595447,0.241332,0.008491,"{""C"": 0.4731474644815011, ""l1_ratio"": 0.0, ""max_iter"": 2000, ""solver"": ""liblinear""}",bayes search inside this training fold,0.831303,12.0,41.9,nested-bayes,,,,,,,,,,,,,,,,,,,,,,,,,,,,,,,,,,,,,,,
EXP-A2,EXP-A2,M1,binary,1,2,r1f2,2596,644,138,0.8711180124223602,0.873629153460411,0.8778625954198473,0.8693957115009746,0.6318681318681318,0.7348242811501597,0.6680491260773008,0.9380980015773106,0.7982265528579456,115.0,67.0,446.0,16.0,644.0,131.0,513.0,0.1813195136694328,0.0164277670961508,0.103518,0.006901,"{""C"": 0.026161506430952816, ""l1_ratio"": 0.0, ""max_iter"": 5000, ""solver"": ""lbfgs""}",bayes search inside this training fold,0.832231,12.0,51.2,nested-bayes,,,,,,,,,,,,,,,,,,,,,,,,,,,,,,,,,,,,,,,
EXP-A2,EXP-A2,M1,binary,1,3,r1f3,2589,651,138,0.8387096774193549,0.8380921619293713,0.837037037037037,0.8391472868217055,0.576530612244898,0.6827794561933535,0.5976172149265516,0.9267154751650876,0.7553536479245262,113.0,83.0,433.0,22.0,651.0,135.0,516.0,0.2215723111187748,0.0636179349687267,0.263841,0.007328,"{""C"": 0.4731474644815011, ""l1_ratio"": 0.0, ""max_iter"": 2000, ""solver"": ""liblinear""}",bayes search inside this training fold,0.830198,12.0,45.48,nested-bayes,,,,,,,,,,,,,,,,,,,,,,,,,,,,,,,,,,,,,,,
EXP-A2,EXP-A2,M1,binary,1,4,r1f4,2597,643,138,0.8475894245723172,0.8645336354961832,0.8931297709923665,0.8359375,0.582089552238806,0.7048192771084337,0.633474397928554,0.9440899332061068,0.7690825120957091,117.0,84.0,428.0,14.0,643.0,131.0,512.0,0.1985778840130362,0.0532973100372206,28.490326,0.005784,"{""C"": 1.7475951592807504, ""l1_ratio"": 1.0, ""max_iter"": 5000, ""solver"": ""saga""}",bayes search inside this training fold,0.823394,12.0,184.86,nested-bayes,,,,,,,,,,,,,,,,,,,,,,,,,,,,,,,,,,,,,,,
EXP-A2,EXP-A2,M1,binary,2,0,r2f0,2596,644,138,0.796583850931677,0.8240033927056828,0.8702290076335878,0.7777777777777778,0.5,0.6350974930362117,0.5454560900626817,0.9012990491495916,0.6660260933522809,114.0,114.0,399.0,17.0,644.0,131.0,513.0,0.2738580422216535,0.0577728857185371,2.027331,0.00774,"{""C"": 0.10466029972452176, ""l1_ratio"": 0.0, ""max_iter"": 1000, ""solver"": ""saga""}",bayes search inside this training fold,0.852174,12.0,54.04,nested-bayes,,,,,,,,,,,,,,,,,,,,,,,,,,,,,,,,,,,,,,,
EXP-A2,EXP-A2,M1,binary,2,1,r2f1,2589,651,138,0.7496159754224271,0.8202459655301828,0.9402985074626866,0.7001934235976789,0.4483985765124555,0.6072289156626506,0.5228261622854127,0.887626663587286,0.6517914068306425,126.0,155.0,362.0,8.0,651.0,134.0,517.0,0.3492595525993643,0.0268629784839466,0.089022,0.00655,"{""C"": 0.001, ""l1_ratio"": 0.0, ""max_iter"": 1000, ""solver"": ""liblinear""}",bayes search inside this training fold,0.829839,12.0,72.16,nested-bayes,,,,,,,,,,,,,,,,,,,,,,,,,,,,,,,,,,,,,,,
EXP-A2,EXP-A2,M1,binary,2,2,r2f2,2585,655,138,0.8549618320610687,0.8546134768762506,0.8540145985401459,0.8552123552123552,0.609375,0.7112462006079028,0.6336789577010611,0.927331398134318,0.789535710119711,117.0,75.0,443.0,20.0,655.0,137.0,518.0,0.1963578588635942,0.0395519095600166,0.193086,0.008872,"{""C"": 0.6317967091932517, ""l1_ratio"": 0.0, ""max_iter"": 1000, ""solver"": ""lbfgs""}",bayes search inside this training fold,0.828955,12.0,133.62,nested-bayes,,,,,,,,,,,,,,,,,,,,,,,,,,,,,,,,,,,,,,,
EXP-A2,EXP-A2,M1,binary,2,3,r2f3,2597,643,138,0.8631415241057543,0.8885004174618321,0.931297709923664,0.845703125,0.6069651741293532,0.7349397590361446,0.67512307255719,0.9336682967557252,0.734334489707835,122.0,79.0,433.0,9.0,643.0,131.0,512.0,0.2049711426535372,0.0364688239534072,0.228593,0.007139,"{""C"": 0.4731474644815011, ""l1_ratio"": 0.0, ""max_iter"": 2000, ""solver"": ""liblinear""}",bayes search inside this training fold,0.83663,12.0,77.21,nested-bayes,,,,,,,,,,,,,,,,,,,,,,,,,,,,,,,,,,,,,,,
EXP-A2,EXP-A2,M1,binary,2,4,r2f4,2593,647,138,0.8624420401854714,0.8488011179758752,0.8257575757575758,0.8718446601941747,0.6228571428571429,0.7100977198697068,0.632861127137228,0.9282141806413652,0.735488216005353,109.0,66.0,449.0,23.0,647.0,132.0,515.0,0.2151302285841873,0.071692949495423,11.908466,0.006953,"{""C"": 60.153087183964686, ""l1_ratio"": 0.0, ""max_iter"": 2000, ""solver"": ""saga""}",bayes search inside this training fold,0.823827,12.0,57.73,nested-bayes,,,,,,,,,,,,,,,,,,,,,,,,,,,,,,,,,,,,,,,
EXP-A2,EXP-A2,M1,binary,3,0,r3f0,2596,644,138,0.7934782608695652,0.8135276698956891,0.8473282442748091,0.7797270955165692,0.4955357142857143,0.6253521126760564,0.5299703176734413,0.8924303974524946,0.666922682105866,111.0,113.0,400.0,20.0,644.0,131.0,513.0,0.2865192840135177,0.0850934344496013,0.235867,0.006753,"{""C"": 0.4731474644815011, ""l1_ratio"": 0.0, ""max_iter"": 2000, ""solver"": ""liblinear""}",bayes search inside this training fold,0.851371,12.0,87.37,nested-bayes,,,,,,,,,,,,,,,,,,,,,,,,,,,,,,,,,,,,,,,
EXP-A2,EXP-A2,M1,binary,3,1,r3f1,2593,647,138,0.8639876352395672,0.858223006766696,0.8484848484848485,0.8679611650485437,0.6222222222222222,0.717948717948718,0.6442869840822827,0.9353633421594588,0.7461171607798939,112.0,68.0,447.0,20.0,647.0,132.0,515.0,0.1919318049198612,0.046460440247073,2.831954,0.005691,"{""C"": 0.158616128460017, ""l1_ratio"": 0.0, ""max_iter"": 5000, ""solver"": ""saga""}",bayes search inside this training fold,0.826517,12.0,34.29,nested-bayes,,,,,,,,,,,,,,,,,,,,,,,,,,,,,,,,,,,,,,,
EXP-A2,EXP-A2,M1,binary,3,2,r3f2,2585,655,138,0.8351145038167939,0.8769622010653972,0.9485294117647058,0.8053949903660886,0.5608695652173913,0.7049180327868853,0.640652537060335,0.9469993199591976,0.756765947024639,129.0,101.0,418.0,7.0,655.0,136.0,519.0,0.22602373750812,0.0302215972612185,4.940098,0.007802,"{""C"": 0.09239685675296978, ""l1_ratio"": 1.0, ""max_iter"": 5000, ""solver"": ""saga""}",bayes search inside this training fold,0.839204,12.0,118.45,nested-bayes,,,,,,,,,,,,,,,,,,,,,,,,,,,,,,,,,,,,,,,
EXP-A2,EXP-A2,M1,binary,3,3,r3f3,2589,651,138,0.8448540706605223,0.8611111111111112,0.8888888888888888,0.8333333333333334,0.5825242718446602,0.7038123167155426,0.6295771635166278,0.928825724949756,0.7318645428126261,120.0,86.0,430.0,15.0,651.0,135.0,516.0,0.213397604391138,0.0415185316863792,0.235418,0.006039,"{""C"": 0.4731474644815011, ""l1_ratio"": 0.0, ""max_iter"": 2000, ""solver"": ""liblinear""}",bayes search inside this training fold,0.836295,12.0,65.18,nested-bayes,,,,,,,,,,,,,,,,,,,,,,,,,,,,,,,,,,,,,,,
EXP-A2,EXP-A2,M1,binary,3,4,r3f4,2597,643,138,0.8693623639191291,0.855483659351145,0.8320610687022901,0.87890625,0.6374269005847953,0.7218543046357616,0.6481137146750052,0.92770455629771,0.8035657065012235,109.0,62.0,450.0,22.0,643.0,131.0,512.0,0.1928826533135559,0.0412556676490069,0.231496,0.008141,"{""C"": 0.4731474644815011, ""l1_ratio"": 0.0, ""max_iter"": 2000, ""solver"": ""liblinear""}",bayes search inside this training fold,0.83862,12.0,54.29,nested-bayes,,,,,,,,,,,,,,,,,,,,,,,,,,,,,,,,,,,,,,,
EXP-A2,EXP-A2,M1,binary,4,0,r4f0,2585,655,138,0.7984732824427481,0.8294230987192565,0.8823529411764706,0.7764932562620424,0.5084745762711864,0.6451612903225806,0.5566396827346879,0.8994531338546979,0.6853219924748621,120.0,116.0,403.0,16.0,655.0,136.0,519.0,0.2876166282330605,0.0698428343447585,2.960756,0.007783,"{""C"": 0.204826454940904, ""l1_ratio"": 0.0, ""max_iter"": 1000, ""solver"": ""saga""}",bayes search inside this training fold,0.841628,12.0,88.12,nested-bayes,,,,,,,,,,,,,,,,,,,,,,,,,,,,,,,,,,,,,,,
EXP-A2,EXP-A2,M1,binary,4,1,r4f1,2596,644,138,0.8586956521739131,0.8686740175289793,0.8854961832061069,0.8518518518518519,0.6041666666666666,0.718266253869969,0.648854059150761,0.9451066172641104,0.8028562815910667,116.0,76.0,437.0,15.0,644.0,131.0,513.0,0.1938578465568122,0.037278412780999,13.751082,0.007184,"{""C"": 0.1965846755305687, ""l1_ratio"": 1.0, ""max_iter"": 5000, ""solver"": ""saga""}",bayes search inside this training fold,0.837767,12.0,135.38,nested-bayes,,,,,,,,,,,,,,,,,,,,,,,,,,,,,,,,,,,,,,,
EXP-A2,EXP-A2,M1,binary,4,2,r4f2,2593,647,138,0.8454404945904173,0.8409385113268608,0.8333333333333334,0.8485436893203884,0.5851063829787234,0.6875,0.6052173490087805,0.9370697263901148,0.7875128120823378,110.0,78.0,437.0,22.0,647.0,132.0,515.0,0.2009285704753185,0.0415721325842396,0.303102,0.005743,"{""C"": 0.4731474644815011, ""l1_ratio"": 0.0, ""max_iter"": 2000, ""solver"": ""liblinear""}",bayes search inside this training fold,0.837149,12.0,182.72,nested-bayes,,,,,,,,,,,,,,,,,,,,,,,,,,,,,,,,,,,,,,,
EXP-A2,EXP-A2,M1,binary,4,3,r4f3,2589,651,138,0.8632872503840245,0.8754737295434969,0.8962962962962963,0.8546511627906976,0.6173469387755102,0.7311178247734139,0.6636934830058137,0.9347975882859604,0.7332916767715192,121.0,75.0,441.0,14.0,651.0,135.0,516.0,0.2019863135354266,0.0289854282275048,0.280663,0.007312,"{""C"": 0.4731474644815011, ""l1_ratio"": 0.0, ""max_iter"": 2000, ""solver"": ""liblinear""}",bayes search inside this training fold,0.833976,12.0,42.63,nested-bayes,,,,,,,,,,,,,,,,,,,,,,,,,,,,,,,,,,,,,,,
EXP-A2,EXP-A2,M1,binary,4,4,r4f4,2597,643,138,0.8491446345256609,0.8257469584923665,0.7862595419847328,0.865234375,0.5988372093023255,0.6798679867986799,0.5927974357344877,0.8896409828244274,0.679232228216188,103.0,69.0,443.0,28.0,643.0,131.0,512.0,0.2331731922674554,0.0720034798415955,0.289608,0.007279,"{""C"": 4.849856684722168, ""l1_ratio"": 0.0, ""max_iter"": 5000, ""solver"": ""lbfgs""}",bayes search inside this training fold,0.844295,12.0,86.39,nested-bayes,,,,,,,,,,,,,,,,,,,,,,,,,,,,,,,,,,,,,,,
EXP-A2,EXP-A2,M3,binary,0,0,r0f0,2593,647,138,0.8377125193199382,0.7825610473668727,0.6893939393939394,0.8757281553398059,0.5870967741935483,0.6341463414634146,0.5335614781346231,0.8899382171226832,0.6158259567396227,91.0,64.0,451.0,41.0,647.0,132.0,515.0,0.2285726722663777,0.0363534931128657,1.647064,0.848453,"{""C"": 9.643857615941439, ""class_weight"": ""balanced"", ""gamma"": 0.016949768237884747}",bayes search inside this training fold,0.804118,12.0,49.92,nested-bayes,,,,,,,,,,,,,,,,,,,,,,,,,,,,,,,,,,,,,,,
EXP-A2,EXP-A2,M3,binary,0,1,r0f1,2589,651,138,0.890937019969278,0.7903591327694217,0.6194029850746269,0.9613152804642168,0.8058252427184466,0.70042194092827,0.6433603105637252,0.9415687519847572,0.8060619375524788,83.0,20.0,497.0,51.0,651.0,134.0,517.0,0.1642847165606654,0.0641777049432061,0.910096,0.570273,"{""C"": 1.9780827689353788, ""class_weight"": ""balanced"", ""gamma"": 0.004661686413912771}",bayes search inside this training fold,0.786883,12.0,57.7,nested-bayes,,,,,,,,,,,,,,,,,,,,,,,,,,,,,,,,,,,,,,,
EXP-A2,EXP-A2,M3,binary,0,2,r0f2,2596,644,138,0.8711180124223602,0.7514173474398465,0.549618320610687,0.953216374269006,0.75,0.6343612334801763,0.5683209560801034,0.9102123417109356,0.740813071550155,72.0,24.0,489.0,59.0,644.0,131.0,513.0,0.1846914929633858,0.0272240143922729,1.521817,0.857941,"{""C"": 9.643857615941439, ""class_weight"": ""balanced"", ""gamma"": 0.016949768237884747}",bayes search inside this training fold,0.802988,12.0,47.32,nested-bayes,,,,,,,,,,,,,,,,,,,,,,,,,,,,,,,,,,,,,,,
EXP-A2,EXP-A2,M3,binary,0,3,r0f3,2585,655,138,0.899236641221374,0.8208649212298847,0.6861313868613139,0.9555984555984556,0.8034188034188035,0.7401574803149606,0.6813861951979424,0.9268945692303356,0.7972961373466871,94.0,23.0,495.0,43.0,655.0,137.0,518.0,0.1831256332015097,0.0992339260527572,1.032749,0.565397,"{""C"": 1.9780827689353788, ""class_weight"": ""balanced"", ""gamma"": 0.004661686413912771}",bayes search inside this training fold,0.793136,12.0,52.22,nested-bayes,,,,,,,,,,,,,,,,,,,,,,,,,,,,,,,,,,,,,,,
EXP-A2,EXP-A2,M3,binary,0,4,r0f4,2597,643,138,0.8895800933125972,0.8653387404580153,0.8244274809160306,0.90625,0.6923076923076923,0.7526132404181185,0.6865458896378248,0.9401240458015268,0.7272608046242767,108.0,48.0,464.0,23.0,643.0,131.0,512.0,0.1762767447722752,0.0594265338380537,1.462223,0.902443,"{""C"": 9.643857615941439, ""class_weight"": ""balanced"", ""gamma"": 0.016949768237884747}",bayes search inside this training fold,0.781056,12.0,45.56,nested-bayes,,,,,,,,,,,,,,,,,,,,,,,,,,,,,,,,,,,,,,,
EXP-A2,EXP-A2,M3,binary,1,0,r1f0,2593,647,138,0.8253477588871716,0.7325389820535452,0.5757575757575758,0.8893203883495145,0.5714285714285714,0.5735849056603773,0.4637767392716436,0.8759929390997353,0.5793586488564467,76.0,57.0,458.0,56.0,647.0,132.0,515.0,0.2343892900380969,0.036397600133151,0.822121,0.646897,"{""C"": 1.9780827689353788, ""class_weight"": ""balanced"", ""gamma"": 0.004661686413912771}",bayes search inside this training fold,0.823024,12.0,46.01,nested-bayes,,,,,,,,,,,,,,,,,,,,,,,,,,,,,,,,,,,,,,,
EXP-A2,EXP-A2,M3,binary,1,1,r1f1,2585,655,138,0.8610687022900764,0.7793905134308059,0.6397058823529411,0.9190751445086706,0.6744186046511628,0.6566037735849056,0.5699110234003436,0.9197976878612716,0.7681681755003893,87.0,42.0,477.0,49.0,655.0,136.0,519.0,0.1879415988153482,0.0371870967717525,1.834653,1.080504,"{""C"": 998.6414196384693, ""class_weight"": ""balanced"", ""gamma"": 0.024720078176140727}",bayes search inside this training fold,0.796005,12.0,52.79,nested-bayes,,,,,,,,,,,,,,,,,,,,,,,,,,,,,,,,,,,,,,,
EXP-A2,EXP-A2,M3,binary,1,2,r1f2,2596,644,138,0.903726708074534,0.8145172090531673,0.6641221374045801,0.9649122807017544,0.8285714285714286,0.7372881355932204,0.6854561970061394,0.9500022320432124,0.8557220219502875,87.0,18.0,495.0,44.0,644.0,131.0,513.0,0.1510634820787061,0.0584195523965859,0.876556,0.576479,"{""C"": 1.9780827689353788, ""class_weight"": ""balanced"", ""gamma"": 0.004661686413912771}",bayes search inside this training fold,0.789786,12.0,43.64,nested-bayes,,,,,,,,,,,,,,,,,,,,,,,,,,,,,,,,,,,,,,,
EXP-A2,EXP-A2,M3,binary,1,3,r1f3,2589,651,138,0.8663594470046083,0.7762273901808785,0.6222222222222222,0.9302325581395348,0.7,0.6588235294117647,0.5776311259194006,0.9214757393051968,0.6705726798919796,84.0,36.0,480.0,51.0,651.0,135.0,516.0,0.1871684372696279,0.0170518637633807,1.446302,0.833005,"{""C"": 0.8984805452588236, ""class_weight"": ""balanced"", ""gamma"": 0.013605140945808798}",bayes search inside this training fold,0.802926,12.0,51.31,nested-bayes,,,,,,,,,,,,,,,,,,,,,,,,,,,,,,,,,,,,,,,
EXP-A2,EXP-A2,M3,binary,1,4,r1f4,2597,643,138,0.906687402799378,0.8618797709923665,0.7862595419847328,0.9375,0.762962962962963,0.7744360902255639,0.7157579663585714,0.950336951335878,0.793710260011379,103.0,32.0,480.0,28.0,643.0,131.0,512.0,0.1637787870850351,0.0842682127922333,1.767597,1.047737,"{""C"": 739.5089250712385, ""class_weight"": null, ""gamma"": 0.025906921744528157}",bayes search inside this training fold,0.775709,12.0,51.37,nested-bayes,,,,,,,,,,,,,,,,,,,,,,,,,,,,,,,,,,,,,,,
EXP-A2,EXP-A2,M3,binary,2,0,r2f0,2596,644,138,0.843167701863354,0.748084162909394,0.5877862595419847,0.9083820662768032,0.6209677419354839,0.6039215686274509,0.5065366251388301,0.885778908679672,0.6049577431040979,77.0,47.0,466.0,54.0,644.0,131.0,513.0,0.2219906418526931,0.0140430931695929,1.623981,0.844078,"{""C"": 9.643857615941439, ""class_weight"": ""balanced"", ""gamma"": 0.016949768237884747}",bayes search inside this training fold,0.808923,12.0,47.04,nested-bayes,,,,,,,,,,,,,,,,,,,,,,,,,,,,,,,,,,,,,,,
EXP-A2,EXP-A2,M3,binary,2,1,r2f1,2589,651,138,0.8863287250384024,0.8316853835272381,0.7388059701492538,0.9245647969052224,0.717391304347826,0.7279411764705882,0.6562295373700462,0.9342359767891684,0.7654289948661671,99.0,39.0,478.0,35.0,651.0,134.0,517.0,0.1720110369920094,0.0502245947448303,0.986337,0.666533,"{""C"": 1.233613500061379, ""class_weight"": ""balanced"", ""gamma"": 0.008766536338520389}",bayes search inside this training fold,0.800238,12.0,45.81,nested-bayes,,,,,,,,,,,,,,,,,,,,,,,,,,,,,,,,,,,,,,,
EXP-A2,EXP-A2,M3,binary,2,2,r2f2,2585,655,138,0.899236641221374,0.8101273849449031,0.656934306569343,0.9633204633204632,0.8256880733944955,0.7317073170731707,0.6773072211726867,0.9341092917735254,0.8360196814409605,90.0,19.0,499.0,47.0,655.0,137.0,518.0,0.1655339362976246,0.0715015648365812,1.486269,1.06926,"{""C"": 30.440546640217043, ""class_weight"": null, ""gamma"": 0.017593199224444626}",bayes search inside this training fold,0.789078,12.0,49.31,nested-bayes,,,,,,,,,,,,,,,,,,,,,,,,,,,,,,,,,,,,,,,
EXP-A2,EXP-A2,M3,binary,2,3,r2f3,2597,643,138,0.895800933125972,0.8323219823473282,0.7251908396946565,0.939453125,0.753968253968254,0.7392996108949417,0.6744179949509895,0.9424200858778626,0.751282773842733,95.0,31.0,481.0,36.0,643.0,131.0,512.0,0.1675319047568588,0.0711418133630342,1.439544,0.843472,"{""C"": 9.643857615941439, ""class_weight"": ""balanced"", ""gamma"": 0.016949768237884747}",bayes search inside this training fold,0.785236,12.0,50.74,nested-bayes,,,,,,,,,,,,,,,,,,,,,,,,,,,,,,,,,,,,,,,
EXP-A2,EXP-A2,M3,binary,2,4,r2f4,2593,647,138,0.8809891808346213,0.798477493380406,0.6590909090909091,0.9378640776699028,0.7310924369747899,0.6932270916334662,0.6209286839667227,0.9201529861724036,0.6794402792572888,87.0,32.0,483.0,45.0,647.0,132.0,515.0,0.1840146375353837,0.0465206583881603,0.967292,0.556345,"{""C"": 1.9780827689353788, ""class_weight"": ""balanced"", ""gamma"": 0.004661686413912771}",bayes search inside this training fold,0.802122,12.0,47.31,nested-bayes,,,,,,,,,,,,,,,,,,,,,,,,,,,,,,,,,,,,,,,
EXP-A2,EXP-A2,M3,binary,3,0,r3f0,2596,644,138,0.8229813664596274,0.709834382393643,0.5190839694656488,0.9005847953216374,0.5714285714285714,0.544,0.435259084869136,0.8761811228665387,0.5885414105851257,68.0,51.0,462.0,63.0,644.0,131.0,513.0,0.2337942553073379,0.0388918656562684,1.60231,0.853272,"{""C"": 9.643857615941439, ""class_weight"": ""balanced"", ""gamma"": 0.016949768237884747}",bayes search inside this training fold,0.807799,12.0,46.35,nested-bayes,,,,,,,,,,,,,,,,,,,,,,,,,,,,,,,,,,,,,,,
EXP-A2,EXP-A2,M3,binary,3,1,r3f1,2593,647,138,0.8918083462132921,0.8390776699029125,0.75,0.9281553398058252,0.7279411764705882,0.7388059701492538,0.6707178455556312,0.9402765519270374,0.7560182760931989,99.0,37.0,478.0,33.0,647.0,132.0,515.0,0.1614628032106908,0.0422558209190607,1.402733,0.887326,"{""C"": 9.643857615941439, ""class_weight"": ""balanced"", ""gamma"": 0.016949768237884747}",bayes search inside this training fold,0.787262,12.0,47.63,nested-bayes,,,,,,,,,,,,,,,,,,,,,,,,,,,,,,,,,,,,,,,
EXP-A2,EXP-A2,M3,binary,3,2,r3f2,2585,655,138,0.902290076335878,0.8488113453473876,0.7573529411764706,0.9402697495183044,0.7686567164179104,0.762962962962963,0.7014592881703527,0.9441374815822284,0.81093216828333,103.0,31.0,488.0,33.0,655.0,136.0,519.0,0.1653145407747764,0.0773580401654505,1.625059,0.934619,"{""C"": 1.13317588970326, ""class_weight"": null, ""gamma"": 0.01917339093156976}",bayes search inside this training fold,0.796356,12.0,59.66,nested-bayes,,,,,,,,,,,,,,,,,,,,,,,,,,,,,,,,,,,,,,,
EXP-A2,EXP-A2,M3,binary,3,3,r3f3,2589,651,138,0.9001536098310292,0.8194229112833764,0.6814814814814815,0.9573643410852714,0.8070175438596491,0.7389558232931727,0.681472328525867,0.9379414298018948,0.7726277552411102,92.0,22.0,494.0,43.0,651.0,135.0,516.0,0.1706043726213843,0.0819417656324992,0.852835,0.567249,"{""C"": 1.9780827689353788, ""class_weight"": ""balanced"", ""gamma"": 0.004661686413912771}",bayes search inside this training fold,0.78156,12.0,46.63,nested-bayes,,,,,,,,,,,,,,,,,,,,,,,,,,,,,,,,,,,,,,,
EXP-A2,EXP-A2,M3,binary,3,4,r3f4,2597,643,138,0.895800933125972,0.7953989742366412,0.6259541984732825,0.96484375,0.82,0.70995670995671,0.6566133253643903,0.9182072996183206,0.7612511193803586,82.0,18.0,494.0,49.0,643.0,131.0,512.0,0.1776961614788256,0.0657957593642296,1.511385,0.84649,"{""C"": 9.643857615941439, ""class_weight"": ""balanced"", ""gamma"": 0.016949768237884747}",bayes search inside this training fold,0.788897,12.0,53.15,nested-bayes,,,,,,,,,,,,,,,,,,,,,,,,,,,,,,,,,,,,,,,
EXP-A2,EXP-A2,M3,binary,4,0,r4f0,2585,655,138,0.8473282442748091,0.7897115493596283,0.6911764705882353,0.8882466281310212,0.618421052631579,0.6527777777777778,0.556728111247538,0.9080103139521704,0.6504514210126967,94.0,58.0,461.0,42.0,655.0,136.0,519.0,0.2139164655395135,0.0437726511956997,1.579621,0.868795,"{""C"": 9.643857615941439, ""class_weight"": ""balanced"", ""gamma"": 0.016949768237884747}",bayes search inside this training fold,0.802569,12.0,51.24,nested-bayes,,,,,,,,,,,,,,,,,,,,,,,,,,,,,,,,,,,,,,,
EXP-A2,EXP-A2,M3,binary,4,1,r4f1,2596,644,138,0.8866459627329193,0.7924274213948781,0.6335877862595419,0.9512670565302144,0.7685185185185185,0.694560669456067,0.6301561050889123,0.9133967233605642,0.7501080791478688,83.0,25.0,488.0,48.0,644.0,131.0,513.0,0.1830594988645608,0.0538217116262961,1.876774,1.34103,"{""C"": 940.2739219882317, ""class_weight"": null, ""gamma"": 0.02632552295899838}",bayes search inside this training fold,0.787755,12.0,57.12,nested-bayes,,,,,,,,,,,,,,,,,,,,,,,,,,,,,,,,,,,,,,,
EXP-A2,EXP-A2,M3,binary,4,2,r4f2,2593,647,138,0.8717156105100463,0.7757502206531333,0.6136363636363636,0.9378640776699028,0.7168141592920354,0.6612244897959184,0.585364787736932,0.928729037952339,0.7654578006016539,81.0,32.0,483.0,51.0,647.0,132.0,515.0,0.1753170565685378,0.041052430055138,1.462586,0.849306,"{""C"": 9.643857615941439, ""class_weight"": ""balanced"", ""gamma"": 0.016949768237884747}",bayes search inside this training fold,0.797571,12.0,57.45,nested-bayes,,,,,,,,,,,,,,,,,,,,,,,,,,,,,,,,,,,,,,,
EXP-A2,EXP-A2,M3,binary,4,3,r4f3,2589,651,138,0.8970814132104454,0.8393626184323859,0.7407407407407407,0.937984496124031,0.7575757575757576,0.7490636704119851,0.6844080172508806,0.936534596612116,0.7738971120593724,100.0,32.0,484.0,35.0,651.0,135.0,516.0,0.1709017292743333,0.0748933812327667,1.6059,1.040047,"{""C"": 860.959645077667, ""class_weight"": ""balanced"", ""gamma"": 0.021881539995640433}",bayes search inside this training fold,0.776746,12.0,56.72,nested-bayes,,,,,,,,,,,,,,,,,,,,,,,,,,,,,,,,,,,,,,,
EXP-A2,EXP-A2,M3,binary,4,4,r4f4,2597,643,138,0.8771384136858476,0.7893606870229007,0.6412213740458015,0.9375,0.7241379310344828,0.680161943319838,0.6061859255075807,0.903879413167939,0.6675208098171236,84.0,32.0,480.0,47.0,643.0,131.0,512.0,0.1966532626499695,0.0388898400810437,1.533487,0.84263,"{""C"": 9.643857615941439, ""class_weight"": ""balanced"", ""gamma"": 0.016949768237884747}",bayes search inside this training fold,0.802829,12.0,49.37,nested-bayes,,,,,,,,,,,,,,,,,,,,,,,,,,,,,,,,,,,,,,,
EXP-A2,EXP-A2,M4,binary,0,0,r0f0,2593,647,138,0.8330757341576507,0.8388055310385407,0.8484848484848485,0.829126213592233,0.56,0.6746987951807228,0.5908841057581167,0.9167843483377464,0.711168016692921,112.0,88.0,427.0,20.0,647.0,132.0,515.0,0.241849754860908,0.0457524038637681,19.813179,0.627636,"{""class_weight"": ""balanced_subsample"", ""max_depth"": null, ""max_features"": 0.3, ""min_samples_leaf"": 8, ""n_estimators"": 817}",bayes search inside this training fold,0.846413,12.0,274.25,nested-bayes,,,,,,,,,,,,,,,,,,,,,,,,,,,,,,,,,,,,,,,
EXP-A2,EXP-A2,M4,binary,0,1,r0f1,2589,651,138,0.890937019969278,0.8567005398539218,0.7985074626865671,0.9148936170212766,0.7086092715231788,0.7508771929824561,0.6833732223985666,0.9484396200814112,0.8603920203153775,107.0,44.0,473.0,27.0,651.0,134.0,517.0,0.1606455811698752,0.0577209508856135,20.89295,0.648641,"{""class_weight"": ""balanced_subsample"", ""max_depth"": null, ""max_features"": 0.3, ""min_samples_leaf"": 8, ""n_estimators"": 817}",bayes search inside this training fold,0.851458,12.0,194.68,nested-bayes,,,,,,,,,,,,,,,,,,,,,,,,,,,,,,,,,,,,,,,
EXP-A2,EXP-A2,M4,binary,0,2,r0f2,2596,644,138,0.90527950310559,0.8240182729937652,0.6870229007633588,0.9610136452241717,0.8181818181818182,0.7468879668049793,0.6931494099328399,0.9524277190006398,0.8496999653987439,90.0,20.0,493.0,41.0,644.0,131.0,513.0,0.1464681786820984,0.0536702957442987,20.38933,0.603088,"{""class_weight"": ""balanced_subsample"", ""max_depth"": null, ""max_features"": 0.3, ""min_samples_leaf"": 8, ""n_estimators"": 817}",bayes search inside this training fold,0.856487,12.0,242.69,nested-bayes,,,,,,,,,,,,,,,,,,,,,,,,,,,,,,,,,,,,,,,
EXP-A2,EXP-A2,M4,binary,0,3,r0f3,2585,655,138,0.8656488549618321,0.8452639292055351,0.8102189781021898,0.8803088803088803,0.6416184971098265,0.7161290322580646,0.6370298705896813,0.9341233830284924,0.8328534729997971,111.0,62.0,456.0,26.0,655.0,137.0,518.0,0.1960558890075144,0.0588418575410791,6.680817,0.216126,"{""class_weight"": ""balanced_subsample"", ""max_depth"": null, ""max_features"": 0.3, ""min_samples_leaf"": 9, ""n_estimators"": 273}",bayes search inside this training fold,0.850279,12.0,285.06,nested-bayes,,,,,,,,,,,,,,,,,,,,,,,,,,,,,,,,,,,,,,,
EXP-A2,EXP-A2,M4,binary,0,4,r0f4,2597,643,138,0.8911353032659409,0.906078542461832,0.931297709923664,0.880859375,0.6666666666666666,0.7770700636942676,0.7249469130173302,0.9501878578244276,0.7984484934571349,122.0,61.0,451.0,9.0,643.0,131.0,512.0,0.1911298698474808,0.0575704618173366,22.594265,0.70742,"{""class_weight"": ""balanced_subsample"", ""max_depth"": null, ""max_features"": 0.3, ""min_samples_leaf"": 8, ""n_estimators"": 943}",bayes search inside this training fold,0.83633,12.0,269.61,nested-bayes,,,,,,,,,,,,,,,,,,,,,,,,,,,,,,,,,,,,,,,
EXP-A2,EXP-A2,M4,binary,1,0,r1f0,2593,647,138,0.7836166924265843,0.7964695498676082,0.8181818181818182,0.7747572815533981,0.4821428571428571,0.6067415730337079,0.5022344242694847,0.8860988526037069,0.6191163671349025,108.0,116.0,399.0,24.0,647.0,132.0,515.0,0.2871279950187427,0.036439931586603,15.356955,0.688685,"{""class_weight"": null, ""max_depth"": 5, ""max_features"": 0.3, ""min_samples_leaf"": 1, ""n_estimators"": 872}",bayes search inside this training fold,0.863775,12.0,307.65,nested-bayes,,,,,,,,,,,,,,,,,,,,,,,,,,,,,,,,,,,,,,,
EXP-A2,EXP-A2,M4,binary,1,1,r1f1,2585,655,138,0.8824427480916031,0.8552788167290037,0.8088235294117647,0.9017341040462428,0.6832298136645962,0.7407407407407407,0.6693850829854745,0.9491386149835656,0.8163988448114183,110.0,51.0,468.0,26.0,655.0,136.0,519.0,0.1751369515306463,0.0622909848912334,1.886119,0.182256,"{""class_weight"": ""balanced_subsample"", ""max_depth"": 10, ""max_features"": ""sqrt"", ""min_samples_leaf"": 4, ""n_estimators"": 190}",bayes search inside this training fold,0.846173,12.0,102.88,nested-bayes,,,,,,,,,,,,,,,,,,,,,,,,,,,,,,,,,,,,,,,
EXP-A2,EXP-A2,M4,binary,1,2,r1f2,2596,644,138,0.9099378881987578,0.8752585450054313,0.816793893129771,0.9337231968810916,0.7588652482269503,0.7867647058823529,0.7305692145529289,0.9664449503742392,0.9013930322370716,107.0,34.0,479.0,24.0,644.0,131.0,513.0,0.1426299378379628,0.0861409418223216,1.299312,0.127605,"{""class_weight"": null, ""max_depth"": 20, ""max_features"": ""sqrt"", ""min_samples_leaf"": 9, ""n_estimators"": 151}",bayes search inside this training fold,0.841786,12.0,245.26,nested-bayes,,,,,,,,,,,,,,,,,,,,,,,,,,,,,,,,,,,,,,,
EXP-A2,EXP-A2,M4,binary,1,3,r1f3,2589,651,138,0.880184331797235,0.834173126614987,0.7555555555555555,0.9127906976744186,0.6938775510204082,0.723404255319149,0.6480661191918198,0.930792420327304,0.7661628484345774,102.0,45.0,471.0,33.0,651.0,135.0,516.0,0.1838433838194546,0.0292182125437816,20.225624,0.627075,"{""class_weight"": ""balanced_subsample"", ""max_depth"": null, ""max_features"": 0.3, ""min_samples_leaf"": 8, ""n_estimators"": 817}",bayes search inside this training fold,0.845291,12.0,392.44,nested-bayes,,,,,,,,,,,,,,,,,,,,,,,,,,,,,,,,,,,,,,,
EXP-A2,EXP-A2,M4,binary,1,4,r1f4,2597,643,138,0.8786936236391913,0.8925855796755725,0.916030534351145,0.869140625,0.6417112299465241,0.7547169811320755,0.6963566744370249,0.9607138597328244,0.8517886459764613,120.0,67.0,445.0,11.0,643.0,131.0,512.0,0.1797315688016364,0.0651129857720317,7.499956,0.791936,"{""class_weight"": ""balanced"", ""max_depth"": 10, ""max_features"": ""sqrt"", ""min_samples_leaf"": 9, ""n_estimators"": 939}",bayes search inside this training fold,0.829289,12.0,324.64,nested-bayes,,,,,,,,,,,,,,,,,,,,,,,,,,,,,,,,,,,,,,,
EXP-A2,EXP-A2,M4,binary,2,0,r2f0,2596,644,138,0.8245341614906833,0.7932309569513265,0.7404580152671756,0.8460038986354775,0.5511363636363636,0.6319218241042345,0.5297303835152862,0.8967010401321369,0.6760043688813181,97.0,79.0,434.0,34.0,644.0,131.0,513.0,0.2358394896088045,0.0400425971285429,10.545289,0.307225,"{""class_weight"": ""balanced_subsample"", ""max_depth"": null, ""max_features"": 0.3, ""min_samples_leaf"": 3, ""n_estimators"": 349}",bayes search inside this training fold,0.871222,12.0,195.44,nested-bayes,,,,,,,,,,,,,,,,,,,,,,,,,,,,,,,,,,,,,,,
EXP-A2,EXP-A2,M4,binary,2,1,r2f1,2589,651,138,0.8755760368663594,0.8663789370362887,0.8507462686567164,0.8820116054158608,0.6514285714285715,0.7378640776699029,0.6682449170331938,0.9465919916856724,0.827043127333683,114.0,61.0,456.0,20.0,651.0,134.0,517.0,0.1779649038266287,0.0432979267184325,19.812993,0.612255,"{""class_weight"": ""balanced_subsample"", ""max_depth"": null, ""max_features"": 0.3, ""min_samples_leaf"": 8, ""n_estimators"": 817}",bayes search inside this training fold,0.850076,12.0,171.08,nested-bayes,,,,,,,,,,,,,,,,,,,,,,,,,,,,,,,,,,,,,,,
EXP-A2,EXP-A2,M4,binary,2,2,r2f2,2585,655,138,0.850381679389313,0.8758771806217062,0.9197080291970804,0.832046332046332,0.5915492957746479,0.72,0.6526798174021385,0.9620099766085168,0.8803576470769949,126.0,87.0,431.0,11.0,655.0,137.0,518.0,0.1777465375041224,0.0622798207619045,16.959758,0.707748,"{""class_weight"": ""balanced_subsample"", ""max_depth"": 5, ""max_features"": 0.3, ""min_samples_leaf"": 7, ""n_estimators"": 977}",bayes search inside this training fold,0.846667,12.0,217.25,nested-bayes,,,,,,,,,,,,,,,,,,,,,,,,,,,,,,,,,,,,,,,
EXP-A2,EXP-A2,M4,binary,2,3,r2f3,2597,643,138,0.9144634525660964,0.8809637404580153,0.8244274809160306,0.9375,0.7714285714285715,0.7970479704797048,0.7435946488317878,0.9500984017175572,0.795092988415359,108.0,32.0,480.0,23.0,643.0,131.0,512.0,0.1564035607711782,0.0504670262345222,5.355494,0.110322,"{""class_weight"": ""balanced_subsample"", ""max_depth"": 30, ""max_features"": 0.5, ""min_samples_leaf"": 2, ""n_estimators"": 100}",bayes search inside this training fold,0.834253,12.0,202.52,nested-bayes,,,,,,,,,,,,,,,,,,,,,,,,,,,,,,,,,,,,,,,
EXP-A2,EXP-A2,M4,binary,2,4,r2f4,2593,647,138,0.8918083462132921,0.8418946749043836,0.7575757575757576,0.9262135922330096,0.7246376811594203,0.7407407407407407,0.6726892354158918,0.9401294498381876,0.7907621855489274,100.0,38.0,477.0,32.0,647.0,132.0,515.0,0.1692371455676199,0.0402603624463514,19.987938,0.631414,"{""class_weight"": ""balanced_subsample"", ""max_depth"": null, ""max_features"": 0.3, ""min_samples_leaf"": 8, ""n_estimators"": 817}",bayes search inside this training fold,0.845609,12.0,351.11,nested-bayes,,,,,,,,,,,,,,,,,,,,,,,,,,,,,,,,,,,,,,,
EXP-A2,EXP-A2,M4,binary,3,0,r3f0,2596,644,138,0.8416149068322981,0.8011100694909453,0.732824427480916,0.8693957115009746,0.588957055214724,0.6530612244897959,0.5575492869802333,0.901909140960969,0.6856202385148351,96.0,67.0,446.0,35.0,644.0,131.0,513.0,0.2362931601183882,0.0364355608235687,3.898579,0.130844,"{""class_weight"": ""balanced"", ""max_depth"": 10, ""max_features"": 0.3, ""min_samples_leaf"": 5, ""n_estimators"": 152}",bayes search inside this training fold,0.860054,12.0,86.79,nested-bayes,,,,,,,,,,,,,,,,,,,,,,,,,,,,,,,,,,,,,,,
EXP-A2,EXP-A2,M4,binary,3,1,r3f1,2593,647,138,0.9119010819165378,0.902405119152692,0.8863636363636364,0.9184466019417477,0.7358490566037735,0.8041237113402062,0.7533132382893801,0.9507208002353632,0.8233197261230943,117.0,42.0,473.0,15.0,647.0,132.0,515.0,0.1614842621041176,0.0373294469993202,4.57034,0.10194,"{""class_weight"": ""balanced"", ""max_depth"": 30, ""max_features"": 0.5, ""min_samples_leaf"": 5, ""n_estimators"": 100}",bayes search inside this training fold,0.83989,12.0,209.09,nested-bayes,,,,,,,,,,,,,,,,,,,,,,,,,,,,,,,,,,,,,,,
EXP-A2,EXP-A2,M4,binary,3,2,r3f2,2585,655,138,0.8732824427480916,0.876629264422532,0.8823529411764706,0.8709055876685935,0.6417112299465241,0.7430340557275542,0.6764776631022579,0.9552448146888814,0.8453649337356806,120.0,67.0,452.0,16.0,655.0,136.0,519.0,0.1793826400694887,0.0488855603074392,19.88139,0.602195,"{""class_weight"": ""balanced_subsample"", ""max_depth"": null, ""max_features"": 0.3, ""min_samples_leaf"": 8, ""n_estimators"": 817}",bayes search inside this training fold,0.83249,12.0,235.47,nested-bayes,,,,,,,,,,,,,,,,,,,,,,,,,,,,,,,,,,,,,,,
EXP-A2,EXP-A2,M4,binary,3,3,r3f3,2589,651,138,0.8648233486943164,0.8600344530577089,0.8518518518518519,0.8682170542635659,0.6284153005464481,0.7232704402515723,0.649407531967142,0.9396353718059144,0.8033798086970053,115.0,68.0,448.0,20.0,651.0,135.0,516.0,0.1957877147632201,0.0452042065437146,2.094751,0.112165,"{""class_weight"": ""balanced_subsample"", ""max_depth"": 5, ""max_features"": 0.3, ""min_samples_leaf"": 9, ""n_estimators"": 109}",bayes search inside this training fold,0.838737,12.0,326.51,nested-bayes,,,,,,,,,,,,,,,,,,,,,,,,,,,,,,,,,,,,,,,
EXP-A2,EXP-A2,M4,binary,3,4,r3f4,2597,643,138,0.8864696734059098,0.8435039957061068,0.7709923664122137,0.916015625,0.7013888888888888,0.7345454545454545,0.6637444433653323,0.9401836832061068,0.8073544027177741,101.0,43.0,469.0,30.0,643.0,131.0,512.0,0.1766571601241548,0.0761139172083209,1.092234,0.103462,"{""class_weight"": null, ""max_depth"": 30, ""max_features"": ""sqrt"", ""min_samples_leaf"": 7, ""n_estimators"": 121}",bayes search inside this training fold,0.855876,12.0,139.34,nested-bayes,,,,,,,,,,,,,,,,,,,,,,,,,,,,,,,,,,,,,,,
EXP-A2,EXP-A2,M4,binary,4,0,r4f0,2585,655,138,0.8351145038167939,0.8227006120367222,0.8014705882352942,0.8439306358381503,0.5736842105263158,0.6687116564417178,0.576872240552778,0.9064660546299446,0.7059232750077791,109.0,81.0,438.0,27.0,655.0,136.0,519.0,0.2454498414232838,0.0397981820886536,13.413678,0.40968,"{""class_weight"": ""balanced_subsample"", ""max_depth"": null, ""max_features"": 0.3, ""min_samples_leaf"": 7, ""n_estimators"": 534}",bayes search inside this training fold,0.85933,12.0,310.06,nested-bayes,,,,,,,,,,,,,,,,,,,,,,,,,,,,,,,,,,,,,,,
EXP-A2,EXP-A2,M4,binary,4,1,r4f1,2596,644,138,0.8711180124223602,0.8622606133654747,0.8473282442748091,0.8771929824561403,0.6379310344827587,0.7278688524590164,0.6567829817938362,0.9586030385548264,0.8675730190607082,111.0,63.0,450.0,20.0,644.0,131.0,513.0,0.1656326323715628,0.034221589237791,23.894394,0.632596,"{""class_weight"": ""balanced"", ""max_depth"": 5, ""max_features"": 0.5, ""min_samples_leaf"": 4, ""n_estimators"": 848}",bayes search inside this training fold,0.838125,12.0,283.9,nested-bayes,,,,,,,,,,,,,,,,,,,,,,,,,,,,,,,,,,,,,,,
EXP-A2,EXP-A2,M4,binary,4,2,r4f2,2593,647,138,0.8964451313755796,0.858892321270962,0.7954545454545454,0.9223300970873788,0.7241379310344828,0.7581227436823105,0.6936635633136639,0.948661370991468,0.8402843037426707,105.0,40.0,475.0,27.0,647.0,132.0,515.0,0.1602957479535479,0.0402904925548978,25.3375,0.46212,"{""class_weight"": ""balanced_subsample"", ""max_depth"": 30, ""max_features"": 0.5, ""min_samples_leaf"": 6, ""n_estimators"": 614}",bayes search inside this training fold,0.852156,12.0,266.1,nested-bayes,,,,,,,,,,,,,,,,,,,,,,,,,,,,,,,,,,,,,,,
EXP-A2,EXP-A2,M4,binary,4,3,r4f3,2589,651,138,0.8817204301075269,0.8706933677863911,0.8518518518518519,0.8895348837209303,0.6686046511627907,0.749185667752443,0.6817176944225332,0.9444587998851564,0.8129495907388242,115.0,57.0,459.0,20.0,651.0,135.0,516.0,0.177613111326835,0.0415788100010816,20.061674,0.626374,"{""class_weight"": ""balanced_subsample"", ""max_depth"": null, ""max_features"": 0.3, ""min_samples_leaf"": 8, ""n_estimators"": 817}",bayes search inside this training fold,0.84096,12.0,340.01,nested-bayes,,,,,,,,,,,,,,,,,,,,,,,,,,,,,,,,,,,,,,,
EXP-A2,EXP-A2,M4,binary,4,4,r4f4,2597,643,138,0.8569206842923794,0.8277895395992366,0.7786259541984732,0.876953125,0.6181818181818182,0.6891891891891891,0.6045605354280363,0.9232317509541984,0.7546110087672195,102.0,63.0,449.0,29.0,643.0,131.0,512.0,0.2053864930939709,0.0440442458396287,1.358529,0.408912,"{""class_weight"": null, ""max_depth"": 20, ""max_features"": ""sqrt"", ""min_samples_leaf"": 9, ""n_estimators"": 151}",bayes search inside this training fold,0.850795,12.0,196.09,nested-bayes,,,,,,,,,,,,,,,,,,,,,,,,,,,,,,,,,,,,,,,
EXP-A2,EXP-A2,M5,binary,0,0,r0f0,2593,647,138,0.8500772797527048,0.7987790526625478,0.7121212121212122,0.8854368932038835,0.6143790849673203,0.6596491228070176,0.566710855606726,0.9124448367166814,0.7411790369529349,94.0,59.0,456.0,38.0,647.0,132.0,515.0,0.2653474662601346,0.1297127144963465,89.887791,0.049232,"{""learning_rate"": 0.09323453822421686, ""max_depth"": 7, ""min_samples_leaf"": 4, ""n_estimators"": 499, ""subsample"": 0.634483377656865}",bayes search inside this training fold,0.843029,5.0,840.01,nested-bayes,,,,,,,,,,,,,,,,,,,,,,,,,,,,,,,,,,,,,,,
EXP-A2,EXP-A2,M5,binary,0,1,r0f1,2589,651,138,0.901689708141321,0.8468850140015589,0.753731343283582,0.9400386847195358,0.7651515151515151,0.7593984962406015,0.6976579698965307,0.9372239383354024,0.8422215043597817,101.0,31.0,486.0,33.0,651.0,134.0,517.0,0.1629459088956987,0.065595442806469,155.369463,0.063924,"{""learning_rate"": 0.0031266912307463765, ""max_depth"": 7, ""min_samples_leaf"": 9, ""n_estimators"": 658, ""subsample"": 0.8387400631785948}",bayes search inside this training fold,0.844001,5.0,675.17,nested-bayes,,,,,,,,,,,,,,,,,,,,,,,,,,,,,,,,,,,,,,,
EXP-A2,EXP-A2,M5,binary,0,2,r0f2,2596,644,138,0.9099378881987578,0.8241001145782183,0.6793893129770993,0.9688109161793372,0.8476190476190476,0.7542372881355932,0.7063411018329533,0.9540347901135366,0.8598414593417708,89.0,16.0,497.0,42.0,644.0,131.0,513.0,0.1331180942175689,0.0091728826709749,98.338999,0.035846,"{""learning_rate"": 0.015982313333397728, ""max_depth"": 4, ""min_samples_leaf"": 12, ""n_estimators"": 680, ""subsample"": 0.8202412691633745}",bayes search inside this training fold,0.854534,5.0,525.08,nested-bayes,,,,,,,,,,,,,,,,,,,,,,,,,,,,,,,,,,,,,,,
EXP-A2,EXP-A2,M5,binary,0,3,r0f3,2585,655,138,0.8641221374045801,0.8496674463827749,0.8248175182481752,0.8745173745173745,0.6348314606741573,0.7174603174603175,0.6393536816219458,0.9409576416875688,0.835795484866642,113.0,65.0,453.0,24.0,655.0,137.0,518.0,0.1862620235957309,0.0370147974246359,24.447496,0.014619,"{""learning_rate"": 0.0173579720185871, ""max_depth"": 4, ""min_samples_leaf"": 13, ""n_estimators"": 170, ""subsample"": 0.6571467271687763}",bayes search inside this training fold,0.833885,5.0,489.68,nested-bayes,,,,,,,,,,,,,,,,,,,,,,,,,,,,,,,,,,,,,,,
EXP-A2,EXP-A2,M5,binary,0,4,r0f4,2597,643,138,0.8662519440124417,0.8876133110687023,0.9236641221374046,0.8515625,0.6142131979695431,0.7378048780487805,0.6773275868484532,0.944537213740458,0.7400143172562021,121.0,76.0,436.0,10.0,643.0,131.0,512.0,0.1944212920347906,0.0393222303959048,17.413512,0.020253,"{""learning_rate"": 0.0173579720185871, ""max_depth"": 4, ""min_samples_leaf"": 13, ""n_estimators"": 170, ""subsample"": 0.6571467271687763}",bayes search inside this training fold,0.828707,5.0,485.06,nested-bayes,,,,,,,,,,,,,,,,,,,,,,,,,,,,,,,,,,,,,,,
EXP-A2,EXP-A2,M5,binary,1,0,r1f0,2593,647,138,0.7851622874806801,0.7889894086496028,0.7954545454545454,0.7825242718446602,0.4838709677419355,0.6017191977077364,0.4933310009330992,0.887422771403354,0.6390394947189277,105.0,112.0,403.0,27.0,647.0,132.0,515.0,0.2779685137068993,0.0493420739819351,26.023698,0.030775,"{""learning_rate"": 0.0173579720185871, ""max_depth"": 4, ""min_samples_leaf"": 13, ""n_estimators"": 170, ""subsample"": 0.6571467271687763}",bayes search inside this training fold,0.864095,5.0,592.74,nested-bayes,,,,,,,,,,,,,,,,,,,,,,,,,,,,,,,,,,,,,,,
EXP-A2,EXP-A2,M5,binary,1,1,r1f1,2585,655,138,0.8824427480916031,0.8444264989232687,0.7794117647058824,0.9094412331406552,0.6928104575163399,0.7335640138408305,0.6603620573473553,0.9453275529865124,0.811808986288425,106.0,47.0,472.0,30.0,655.0,136.0,519.0,0.1676252764661048,0.0516819062955991,210.201751,0.075047,"{""learning_rate"": 0.0031266912307463765, ""max_depth"": 7, ""min_samples_leaf"": 9, ""n_estimators"": 658, ""subsample"": 0.8387400631785948}",bayes search inside this training fold,0.842877,5.0,629.14,nested-bayes,,,,,,,,,,,,,,,,,,,,,,,,,,,,,,,,,,,,,,,
EXP-A2,EXP-A2,M5,binary,1,2,r1f2,2596,644,138,0.922360248447205,0.8802136809368629,0.8091603053435115,0.9512670565302144,0.8091603053435115,0.8091603053435115,0.7604273618737258,0.9695698108715384,0.9099876948044135,106.0,25.0,488.0,25.0,644.0,131.0,513.0,0.1091344455915926,0.0284307060715999,118.169468,0.03994,"{""learning_rate"": 0.015303716369000334, ""max_depth"": 4, ""min_samples_leaf"": 15, ""n_estimators"": 619, ""subsample"": 0.8690423266938949}",bayes search inside this training fold,0.8368,5.0,617.35,nested-bayes,,,,,,,,,,,,,,,,,,,,,,,,,,,,,,,,,,,,,,,
EXP-A2,EXP-A2,M5,binary,1,3,r1f3,2589,651,138,0.8709677419354839,0.8365633074935401,0.7777777777777778,0.8953488372093024,0.660377358490566,0.7142857142857143,0.6351954582197271,0.9284811943726672,0.7187992663570386,105.0,54.0,462.0,30.0,651.0,135.0,516.0,0.1876918148838045,0.020183494344996,23.177605,0.015107,"{""learning_rate"": 0.0173579720185871, ""max_depth"": 4, ""min_samples_leaf"": 13, ""n_estimators"": 170, ""subsample"": 0.6571467271687763}",bayes search inside this training fold,0.842832,5.0,440.95,nested-bayes,,,,,,,,,,,,,,,,,,,,,,,,,,,,,,,,,,,,,,,
EXP-A2,EXP-A2,M5,binary,1,4,r1f4,2597,643,138,0.8864696734059098,0.9003086235687023,0.9236641221374046,0.876953125,0.657608695652174,0.7682539682539683,0.7134775553980856,0.9634124522900764,0.8355694415244829,121.0,63.0,449.0,10.0,643.0,131.0,512.0,0.1594634878300699,0.0444632371358899,23.216223,0.017608,"{""learning_rate"": 0.0173579720185871, ""max_depth"": 4, ""min_samples_leaf"": 13, ""n_estimators"": 170, ""subsample"": 0.6571467271687763}",bayes search inside this training fold,0.815127,5.0,460.06,nested-bayes,,,,,,,,,,,,,,,,,,,,,,,,,,,,,,,,,,,,,,,
EXP-A2,EXP-A2,M5,binary,2,0,r2f0,2596,644,138,0.7996894409937888,0.7946892251833995,0.7862595419847328,0.8031189083820662,0.5049019607843137,0.6149253731343284,0.5099729736439365,0.8887996071603947,0.6600629627671706,103.0,101.0,412.0,28.0,644.0,131.0,513.0,0.2685016937911476,0.0539486996223082,22.578034,0.024732,"{""learning_rate"": 0.0173579720185871, ""max_depth"": 4, ""min_samples_leaf"": 13, ""n_estimators"": 170, ""subsample"": 0.6571467271687763}",bayes search inside this training fold,0.868344,5.0,484.77,nested-bayes,,,,,,,,,,,,,,,,,,,,,,,,,,,,,,,,,,,,,,,
EXP-A2,EXP-A2,M5,binary,2,1,r2f1,2589,651,138,0.869431643625192,0.8818600421490228,0.9029850746268656,0.8607350096711799,0.6269430051813472,0.7400611620795107,0.6761148722318063,0.944455671353099,0.7934986194530496,121.0,72.0,445.0,13.0,651.0,134.0,517.0,0.1846360866274994,0.0525175593538695,25.752435,0.027198,"{""learning_rate"": 0.0173579720185871, ""max_depth"": 4, ""min_samples_leaf"": 13, ""n_estimators"": 170, ""subsample"": 0.6571467271687763}",bayes search inside this training fold,0.849161,5.0,480.34,nested-bayes,,,,,,,,,,,,,,,,,,,,,,,,,,,,,,,,,,,,,,,
EXP-A2,EXP-A2,M5,binary,2,2,r2f2,2585,655,138,0.9038167938931296,0.8801327396217907,0.8394160583941606,0.9208494208494208,0.7371794871794872,0.7849829351535836,0.7259017823268415,0.9624327142575316,0.8788129062963405,115.0,41.0,477.0,22.0,655.0,137.0,518.0,0.3698296704810155,0.3255412731975585,59.160199,0.071823,"{""learning_rate"": 0.0010393190962653526, ""max_depth"": 6, ""min_samples_leaf"": 4, ""n_estimators"": 235, ""subsample"": 0.6008106218062078}",bayes search inside this training fold,0.831039,5.0,420.4,nested-bayes,,,,,,,,,,,,,,,,,,,,,,,,,,,,,,,,,,,,,,,
EXP-A2,EXP-A2,M5,binary,2,3,r2f3,2597,643,138,0.9097978227060654,0.8865547471374046,0.8473282442748091,0.92578125,0.7449664429530202,0.7928571428571428,0.7379977306454383,0.9536617366412214,0.7882691145693812,111.0,38.0,474.0,20.0,643.0,131.0,512.0,0.142492922565399,0.0240105197803399,175.119663,0.03611,"{""learning_rate"": 0.01444212651437026, ""max_depth"": 4, ""min_samples_leaf"": 14, ""n_estimators"": 737, ""subsample"": 0.7906090962538036}",bayes search inside this training fold,0.82707,5.0,537.47,nested-bayes,,,,,,,,,,,,,,,,,,,,,,,,,,,,,,,,,,,,,,,
EXP-A2,EXP-A2,M5,binary,2,4,r2f4,2593,647,138,0.8732612055641422,0.8330611944689614,0.7651515151515151,0.9009708737864076,0.6644736842105263,0.7112676056338029,0.6331698368067126,0.9385848779052662,0.7428529350483298,101.0,51.0,464.0,31.0,647.0,132.0,515.0,0.1737627170560277,0.0467970206945539,18.983468,0.026343,"{""learning_rate"": 0.0173579720185871, ""max_depth"": 4, ""min_samples_leaf"": 13, ""n_estimators"": 170, ""subsample"": 0.6571467271687763}",bayes search inside this training fold,0.834954,5.0,487.17,nested-bayes,,,,,,,,,,,,,,,,,,,,,,,,,,,,,,,,,,,,,,,
EXP-A2,EXP-A2,M5,binary,3,0,r3f0,2596,644,138,0.84472049689441,0.8059015222534709,0.7404580152671756,0.8713450292397661,0.5950920245398773,0.6598639455782312,0.5664213618193841,0.9055994524053984,0.7009896340398062,97.0,66.0,447.0,34.0,644.0,131.0,513.0,0.2218858891617313,0.0586866932198215,250.685672,0.111617,"{""learning_rate"": 0.0031266912307463765, ""max_depth"": 7, ""min_samples_leaf"": 9, ""n_estimators"": 658, ""subsample"": 0.8387400631785948}",bayes search inside this training fold,0.850004,5.0,410.69,nested-bayes,,,,,,,,,,,,,,,,,,,,,,,,,,,,,,,,,,,,,,,
EXP-A2,EXP-A2,M5,binary,3,1,r3f1,2593,647,138,0.884080370942813,0.8821123859958812,0.8787878787878788,0.8854368932038835,0.6628571428571428,0.755700325732899,0.6933007459889351,0.9449396881435717,0.7728492882571518,116.0,59.0,456.0,16.0,647.0,132.0,515.0,0.1735992466156709,0.0417436208702106,34.818574,0.025575,"{""learning_rate"": 0.0173579720185871, ""max_depth"": 4, ""min_samples_leaf"": 13, ""n_estimators"": 170, ""subsample"": 0.6571467271687763}",bayes search inside this training fold,0.827577,5.0,486.18,nested-bayes,,,,,,,,,,,,,,,,,,,,,,,,,,,,,,,,,,,,,,,
EXP-A2,EXP-A2,M5,binary,3,2,r3f2,2585,655,138,0.8061068702290076,0.8532316105633004,0.9338235294117648,0.7726396917148363,0.5183673469387755,0.6666666666666666,0.5921990682202862,0.9481893913634818,0.8291663381272492,127.0,118.0,401.0,9.0,655.0,136.0,519.0,0.2207990025604285,0.0761929847568725,22.628699,0.026305,"{""learning_rate"": 0.023407993616080324, ""max_depth"": 2, ""min_samples_leaf"": 14, ""n_estimators"": 207, ""subsample"": 0.6592929852339807}",bayes search inside this training fold,0.824417,5.0,539.22,nested-bayes,,,,,,,,,,,,,,,,,,,,,,,,,,,,,,,,,,,,,,,
EXP-A2,EXP-A2,M5,binary,3,3,r3f3,2589,651,138,0.8172043010752689,0.8245262704565031,0.837037037037037,0.812015503875969,0.5380952380952381,0.6550724637681159,0.5629147743812668,0.923040482342808,0.7280034814607459,113.0,97.0,419.0,22.0,651.0,135.0,516.0,0.218816676058728,0.0683564508148953,101.358844,0.042069,"{""learning_rate"": 0.005105870407237786, ""max_depth"": 2, ""min_samples_leaf"": 1, ""n_estimators"": 759, ""subsample"": 0.8115289417755925}",bayes search inside this training fold,0.839054,5.0,537.45,nested-bayes,,,,,,,,,,,,,,,,,,,,,,,,,,,,,,,,,,,,,,,
EXP-A2,EXP-A2,M5,binary,3,4,r3f4,2597,643,138,0.9051321928460342,0.8495422829198473,0.7557251908396947,0.943359375,0.7734375,0.7644787644787645,0.7051666147843741,0.9408247853053436,0.8278826414590912,99.0,29.0,483.0,32.0,643.0,131.0,512.0,0.1568820573596049,0.0652498359537439,258.461739,0.095325,"{""learning_rate"": 0.0031266912307463765, ""max_depth"": 7, ""min_samples_leaf"": 9, ""n_estimators"": 658, ""subsample"": 0.8387400631785948}",bayes search inside this training fold,0.837508,5.0,471.21,nested-bayes,,,,,,,,,,,,,,,,,,,,,,,,,,,,,,,,,,,,,,,
EXP-A2,EXP-A2,M5,binary,4,0,r4f0,2585,655,138,0.7984732824427481,0.8077184631077865,0.8235294117647058,0.791907514450867,0.509090909090909,0.6292134831460674,0.528543473612606,0.9007707129094412,0.6918475617384221,112.0,108.0,411.0,24.0,655.0,136.0,519.0,0.2615160394553084,0.0527577440093683,31.543491,0.018548,"{""learning_rate"": 0.0173579720185871, ""max_depth"": 4, ""min_samples_leaf"": 13, ""n_estimators"": 170, ""subsample"": 0.6571467271687763}",bayes search inside this training fold,0.854085,5.0,585.44,nested-bayes,,,,,,,,,,,,,,,,,,,,,,,,,,,,,,,,,,,,,,,
EXP-A2,EXP-A2,M5,binary,4,1,r4f1,2596,644,138,0.9006211180124224,0.8836212669077272,0.8549618320610687,0.912280701754386,0.7133757961783439,0.7777777777777778,0.7193043628930091,0.9595404967040162,0.8664025835592923,112.0,45.0,468.0,19.0,644.0,131.0,513.0,0.1398444529800964,0.0255998170371723,121.700049,0.03005,"{""learning_rate"": 0.036614797115554064, ""max_depth"": 2, ""min_samples_leaf"": 19, ""n_estimators"": 799, ""subsample"": 0.954711345954176}",bayes search inside this training fold,0.836032,5.0,483.16,nested-bayes,,,,,,,,,,,,,,,,,,,,,,,,,,,,,,,,,,,,,,,
EXP-A2,EXP-A2,M5,binary,4,2,r4f2,2593,647,138,0.8686244204018547,0.8611356281259194,0.8484848484848485,0.8737864077669902,0.632768361581921,0.7249190938511327,0.6529130511497266,0.9431450426596056,0.810056680518138,112.0,65.0,450.0,20.0,647.0,132.0,515.0,0.1833490561975548,0.0440527162526264,37.314422,0.020854,"{""learning_rate"": 0.017842583543290262, ""max_depth"": 3, ""min_samples_leaf"": 10, ""n_estimators"": 192, ""subsample"": 0.8412516425971764}",bayes search inside this training fold,0.852169,5.0,447.94,nested-bayes,,,,,,,,,,,,,,,,,,,,,,,,,,,,,,,,,,,,,,,
EXP-A2,EXP-A2,M5,binary,4,3,r4f3,2589,651,138,0.8786482334869432,0.8386735572782085,0.7703703703703704,0.9069767441860463,0.6842105263157895,0.7247386759581882,0.6491289126866117,0.9407263853000288,0.8086765270725625,104.0,48.0,468.0,31.0,651.0,135.0,516.0,0.1684890618600966,0.0566746431129723,256.641633,0.146415,"{""learning_rate"": 0.0031266912307463765, ""max_depth"": 7, ""min_samples_leaf"": 9, ""n_estimators"": 658, ""subsample"": 0.8387400631785948}",bayes search inside this training fold,0.842603,5.0,407.6,nested-bayes,,,,,,,,,,,,,,,,,,,,,,,,,,,,,,,,,,,,,,,
EXP-A2,EXP-A2,M5,binary,4,4,r4f4,2597,643,138,0.8833592534992224,0.8387106393129771,0.7633587786259542,0.9140625,0.6944444444444444,0.7272727272727273,0.6544823570118111,0.9298962309160306,0.7551347682059599,100.0,44.0,468.0,31.0,643.0,131.0,512.0,0.1790362392586101,0.0623090155350578,276.517428,0.124102,"{""learning_rate"": 0.0031266912307463765, ""max_depth"": 7, ""min_samples_leaf"": 9, ""n_estimators"": 658, ""subsample"": 0.8387400631785948}",bayes search inside this training fold,0.833694,5.0,669.95,nested-bayes,,,,,,,,,,,,,,,,,,,,,,,,,,,,,,,,,,,,,,,
EXP-A2,EXP-A2,M6,binary,0,0,r0f0,2593,647,138,0.8207109737248841,0.8394895557516917,0.8712121212121212,0.8077669902912621,0.5373831775700935,0.6647398843930635,0.5815621840626561,0.9081788761400412,0.6665142039843728,115.0,99.0,416.0,17.0,647.0,132.0,515.0,0.2095776810847172,0.0334272168116879,996.986138,1.553838,"{""members"": {""M3"": {""C"": 9.643857615941439, ""class_weight"": ""balanced"", ""gamma"": 0.016949768237884747}, ""M4"": {""class_weight"": ""balanced_subsample"", ""max_depth"": null, ""max_features"": 0.3, ""min_samples_leaf"": 8, ""n_estimators"": 817}, ""M5"": {""learning_rate"": 0.09323453822421686, ""max_depth"": 7, ""min_samples_leaf"": 4, ""n_estimators"": 499, ""subsample"": 0.634483377656865}}}","bayes search inside this training fold, per member",,,1164.17,nested-bayes,"{""M3"": 0.804118, ""M4"": 0.846413, ""M5"": 0.843029}",,,,,,,,,,,,,,,,,,,,,,,,,,,,,,,,,,,,,,
EXP-A2,EXP-A2,M6,binary,0,1,r0f1,2589,651,138,0.8310291858678955,0.8521536418487832,0.8880597014925373,0.816247582205029,0.5560747663551402,0.6839080459770115,0.6061948539897113,0.9486850082277202,0.8514432173211467,119.0,95.0,422.0,15.0,651.0,134.0,517.0,0.1495499303762385,0.0828905154582386,1545.163012,1.454898,"{""members"": {""M3"": {""C"": 1.9780827689353788, ""class_weight"": ""balanced"", ""gamma"": 0.004661686413912771}, ""M4"": {""class_weight"": ""balanced_subsample"", ""max_depth"": null, ""max_features"": 0.3, ""min_samples_leaf"": 8, ""n_estimators"": 817}, ""M5"": {""learning_rate"": 0.0031266912307463765, ""max_depth"": 7, ""min_samples_leaf"": 9, ""n_estimators"": 658, ""subsample"": 0.8387400631785948}}}","bayes search inside this training fold, per member",,,927.54,nested-bayes,"{""M3"": 0.786883, ""M4"": 0.851458, ""M5"": 0.844001}",,,,,,,,,,,,,,,,,,,,,,,,,,,,,,,,,,,,,,
EXP-A2,EXP-A2,M6,binary,0,2,r0f2,2596,644,138,0.90527950310559,0.8439132181599036,0.7404580152671756,0.9473684210526316,0.782258064516129,0.7607843137254902,0.7021997648877544,0.947026174426737,0.8298811826077046,97.0,27.0,486.0,34.0,644.0,131.0,513.0,0.1552590274698952,0.0559001839424035,708.797714,2.780469,"{""members"": {""M3"": {""C"": 9.643857615941439, ""class_weight"": ""balanced"", ""gamma"": 0.016949768237884747}, ""M4"": {""class_weight"": ""balanced_subsample"", ""max_depth"": null, ""max_features"": 0.3, ""min_samples_leaf"": 8, ""n_estimators"": 817}, ""M5"": {""learning_rate"": 0.015982313333397728, ""max_depth"": 4, ""min_samples_leaf"": 12, ""n_estimators"": 680, ""subsample"": 0.8202412691633745}}}","bayes search inside this training fold, per member",,,815.09,nested-bayes,"{""M3"": 0.802988, ""M4"": 0.856487, ""M5"": 0.854534}",,,,,,,,,,,,,,,,,,,,,,,,,,,,,,,,,,,,,,
EXP-A2,EXP-A2,M6,binary,0,3,r0f3,2585,655,138,0.8702290076335878,0.8535284502437788,0.8248175182481752,0.8822393822393823,0.6494252873563219,0.7266881028938906,0.6510770187852807,0.9424794972240228,0.8455671354606098,113.0,61.0,457.0,24.0,655.0,137.0,518.0,0.167982714540848,0.1039843564290339,235.637756,2.138239,"{""members"": {""M3"": {""C"": 1.9780827689353788, ""class_weight"": ""balanced"", ""gamma"": 0.004661686413912771}, ""M4"": {""class_weight"": ""balanced_subsample"", ""max_depth"": null, ""max_features"": 0.3, ""min_samples_leaf"": 9, ""n_estimators"": 273}, ""M5"": {""learning_rate"": 0.0173579720185871, ""max_depth"": 4, ""min_samples_leaf"": 13, ""n_estimators"": 170, ""subsample"": 0.6571467271687763}}}","bayes search inside this training fold, per member",,,826.96,nested-bayes,"{""M3"": 0.793136, ""M4"": 0.850279, ""M5"": 0.833885}",,,,,,,,,,,,,,,,,,,,,,,,,,,,,,,,,,,,,,
EXP-A2,EXP-A2,M6,binary,0,4,r0f4,2597,643,138,0.8289269051321928,0.8868976622137404,0.9847328244274808,0.7890625,0.5443037974683544,0.7010869565217391,0.6460401952830904,0.9514104246183206,0.7466186912783144,129.0,108.0,404.0,2.0,643.0,131.0,512.0,0.1613065670513005,0.0890009631595275,219.830105,2.026133,"{""members"": {""M3"": {""C"": 9.643857615941439, ""class_weight"": ""balanced"", ""gamma"": 0.016949768237884747}, ""M4"": {""class_weight"": ""balanced_subsample"", ""max_depth"": null, ""max_features"": 0.3, ""min_samples_leaf"": 8, ""n_estimators"": 943}, ""M5"": {""learning_rate"": 0.0173579720185871, ""max_depth"": 4, ""min_samples_leaf"": 13, ""n_estimators"": 170, ""subsample"": 0.6571467271687763}}}","bayes search inside this training fold, per member",,,800.23,nested-bayes,"{""M3"": 0.781056, ""M4"": 0.83633, ""M5"": 0.828707}",,,,,,,,,,,,,,,,,,,,,,,,,,,,,,,,,,,,,,
EXP-A2,EXP-A2,M6,binary,1,0,r1f0,2593,647,138,0.8377125193199382,0.8135481023830538,0.7727272727272727,0.8543689320388349,0.576271186440678,0.6601941747572816,0.5668774617212392,0.8905854663136217,0.6073443798499248,102.0,75.0,440.0,30.0,647.0,132.0,515.0,0.219318737697692,0.0421313277324319,190.982291,1.422659,"{""members"": {""M3"": {""C"": 1.9780827689353788, ""class_weight"": ""balanced"", ""gamma"": 0.004661686413912771}, ""M4"": {""class_weight"": null, ""max_depth"": 5, ""max_features"": 0.3, ""min_samples_leaf"": 1, ""n_estimators"": 872}, ""M5"": {""learning_rate"": 0.0173579720185871, ""max_depth"": 4, ""min_samples_leaf"": 13, ""n_estimators"": 170, ""subsample"": 0.6571467271687763}}}","bayes search inside this training fold, per member",,,946.4,nested-bayes,"{""M3"": 0.823024, ""M4"": 0.863775, ""M5"": 0.864095}",,,,,,,,,,,,,,,,,,,,,,,,,,,,,,,,,,,,,,
EXP-A2,EXP-A2,M6,binary,1,1,r1f1,2585,655,138,0.8916030534351145,0.8556330046469455,0.7941176470588235,0.9171483622350676,0.7152317880794702,0.7526132404181185,0.68498560666142,0.9425365521931316,0.8092679460014598,108.0,43.0,476.0,28.0,655.0,136.0,519.0,0.1625236593827129,0.0766743804476613,959.288637,1.936824,"{""members"": {""M3"": {""C"": 998.6414196384693, ""class_weight"": ""balanced"", ""gamma"": 0.024720078176140727}, ""M4"": {""class_weight"": ""balanced_subsample"", ""max_depth"": 10, ""max_features"": ""sqrt"", ""min_samples_leaf"": 4, ""n_estimators"": 190}, ""M5"": {""learning_rate"": 0.0031266912307463765, ""max_depth"": 7, ""min_samples_leaf"": 9, ""n_estimators"": 658, ""subsample"": 0.8387400631785948}}}","bayes search inside this training fold, per member",,,784.8,nested-bayes,"{""M3"": 0.796005, ""M4"": 0.846173, ""M5"": 0.842877}",,,,,,,,,,,,,,,,,,,,,,,,,,,,,,,,,,,,,,
EXP-A2,EXP-A2,M6,binary,1,2,r1f2,2596,644,138,0.908385093167702,0.8714417511123016,0.8091603053435115,0.9337231968810916,0.7571428571428571,0.7822878228782287,0.7249962464233612,0.96876627531509,0.908021538661428,106.0,34.0,479.0,25.0,644.0,131.0,513.0,0.1346381933335988,0.0748830055807439,1003.327271,3.194537,"{""members"": {""M3"": {""C"": 1.9780827689353788, ""class_weight"": ""balanced"", ""gamma"": 0.004661686413912771}, ""M4"": {""class_weight"": null, ""max_depth"": 20, ""max_features"": ""sqrt"", ""min_samples_leaf"": 9, ""n_estimators"": 151}, ""M5"": {""learning_rate"": 0.015303716369000334, ""max_depth"": 4, ""min_samples_leaf"": 15, ""n_estimators"": 619, ""subsample"": 0.8690423266938949}}}","bayes search inside this training fold, per member",,,906.25,nested-bayes,"{""M3"": 0.789786, ""M4"": 0.841786, ""M5"": 0.8368}",,,,,,,,,,,,,,,,,,,,,,,,,,,,,,,,,,,,,,
EXP-A2,EXP-A2,M6,binary,1,3,r1f3,2589,651,138,0.8632872503840245,0.8344530577088717,0.7851851851851852,0.8837209302325582,0.6385542168674698,0.7043189368770764,0.622202838751205,0.92786391042205,0.7042748038802982,106.0,60.0,456.0,29.0,651.0,135.0,516.0,0.1727656040361386,0.0523576739953406,353.671246,2.741817,"{""members"": {""M3"": {""C"": 0.8984805452588236, ""class_weight"": ""balanced"", ""gamma"": 0.013605140945808798}, ""M4"": {""class_weight"": ""balanced_subsample"", ""max_depth"": null, ""max_features"": 0.3, ""min_samples_leaf"": 8, ""n_estimators"": 817}, ""M5"": {""learning_rate"": 0.0173579720185871, ""max_depth"": 4, ""min_samples_leaf"": 13, ""n_estimators"": 170, ""subsample"": 0.6571467271687763}}}","bayes search inside this training fold, per member",,,884.7,nested-bayes,"{""M3"": 0.802926, ""M4"": 0.845291, ""M5"": 0.842832}",,,,,,,,,,,,,,,,,,,,,,,,,,,,,,,,,,,,,,
EXP-A2,EXP-A2,M6,binary,1,4,r1f4,2597,643,138,0.8351477449455676,0.8851234494274809,0.9694656488549618,0.80078125,0.5545851528384279,0.7055555555555556,0.6478622500980057,0.960922590648855,0.8354484157032762,127.0,102.0,410.0,4.0,643.0,131.0,512.0,0.1530681892675114,0.1151403842634353,258.371753,3.588064,"{""members"": {""M3"": {""C"": 739.5089250712385, ""class_weight"": null, ""gamma"": 0.025906921744528157}, ""M4"": {""class_weight"": ""balanced"", ""max_depth"": 10, ""max_features"": ""sqrt"", ""min_samples_leaf"": 9, ""n_estimators"": 939}, ""M5"": {""learning_rate"": 0.0173579720185871, ""max_depth"": 4, ""min_samples_leaf"": 13, ""n_estimators"": 170, ""subsample"": 0.6571467271687763}}}","bayes search inside this training fold, per member",,,836.07,nested-bayes,"{""M3"": 0.775709, ""M4"": 0.829289, ""M5"": 0.815127}",,,,,,,,,,,,,,,,,,,,,,,,,,,,,,,,,,,,,,
EXP-A2,EXP-A2,M6,binary,2,0,r2f0,2596,644,138,0.7624223602484472,0.796876627531509,0.8549618320610687,0.7387914230019493,0.4552845528455284,0.5941644562334217,0.4919163349526587,0.8936059402110024,0.6450514772801668,112.0,134.0,379.0,19.0,644.0,131.0,513.0,0.2117033736207988,0.0441742389479268,277.419005,2.837849,"{""members"": {""M3"": {""C"": 9.643857615941439, ""class_weight"": ""balanced"", ""gamma"": 0.016949768237884747}, ""M4"": {""class_weight"": ""balanced_subsample"", ""max_depth"": null, ""max_features"": 0.3, ""min_samples_leaf"": 3, ""n_estimators"": 349}, ""M5"": {""learning_rate"": 0.0173579720185871, ""max_depth"": 4, ""min_samples_leaf"": 13, ""n_estimators"": 170, ""subsample"": 0.6571467271687763}}}","bayes search inside this training fold, per member",,,727.25,nested-bayes,"{""M3"": 0.808923, ""M4"": 0.871222, ""M5"": 0.868344}",,,,,,,,,,,,,,,,,,,,,,,,,,,,,,,,,,,,,,
EXP-A2,EXP-A2,M6,binary,2,1,r2f1,2589,651,138,0.8540706605222734,0.8638961863795145,0.8805970149253731,0.8471953578336557,0.5989847715736041,0.7129909365558912,0.6405368668113286,0.9483097087098358,0.8147366630461682,118.0,79.0,438.0,16.0,651.0,134.0,517.0,0.157845078786565,0.081246111589969,339.318464,2.839229,"{""members"": {""M3"": {""C"": 1.233613500061379, ""class_weight"": ""balanced"", ""gamma"": 0.008766536338520389}, ""M4"": {""class_weight"": ""balanced_subsample"", ""max_depth"": null, ""max_features"": 0.3, ""min_samples_leaf"": 8, ""n_estimators"": 817}, ""M5"": {""learning_rate"": 0.0173579720185871, ""max_depth"": 4, ""min_samples_leaf"": 13, ""n_estimators"": 170, ""subsample"": 0.6571467271687763}}}","bayes search inside this training fold, per member",,,697.24,nested-bayes,"{""M3"": 0.800238, ""M4"": 0.850076, ""M5"": 0.849161}",,,,,,,,,,,,,,,,,,,,,,,,,,,,,,,,,,,,,,
EXP-A2,EXP-A2,M6,binary,2,2,r2f2,2585,655,138,0.8564885496183207,0.8824225685539554,0.927007299270073,0.8378378378378378,0.6018957345971564,0.7298850574712644,0.6656806920933444,0.9606008511118,0.8879247868823459,127.0,84.0,434.0,10.0,655.0,137.0,518.0,0.1479716681921717,0.1259869244019256,360.204055,2.545559,"{""members"": {""M3"": {""C"": 30.440546640217043, ""class_weight"": null, ""gamma"": 0.017593199224444626}, ""M4"": {""class_weight"": ""balanced_subsample"", ""max_depth"": 5, ""max_features"": 0.3, ""min_samples_leaf"": 7, ""n_estimators"": 977}, ""M5"": {""learning_rate"": 0.0010393190962653526, ""max_depth"": 6, ""min_samples_leaf"": 4, ""n_estimators"": 235, ""subsample"": 0.6008106218062078}}}","bayes search inside this training fold, per member",,,686.96,nested-bayes,"{""M3"": 0.789078, ""M4"": 0.846667, ""M5"": 0.831039}",,,,,,,,,,,,,,,,,,,,,,,,,,,,,,,,,,,,,,
EXP-A2,EXP-A2,M6,binary,2,3,r2f3,2597,643,138,0.8818040435458787,0.9030593988549618,0.9389312977099236,0.8671875,0.643979057591623,0.7639751552795031,0.7105322190556388,0.956688334923664,0.7788762684063835,123.0,68.0,444.0,8.0,643.0,131.0,512.0,0.1465535077728544,0.074188422219327,731.314553,1.145422,"{""members"": {""M3"": {""C"": 9.643857615941439, ""class_weight"": ""balanced"", ""gamma"": 0.016949768237884747}, ""M4"": {""class_weight"": ""balanced_subsample"", ""max_depth"": 30, ""max_features"": 0.5, ""min_samples_leaf"": 2, ""n_estimators"": 100}, ""M5"": {""learning_rate"": 0.01444212651437026, ""max_depth"": 4, ""min_samples_leaf"": 14, ""n_estimators"": 737, ""subsample"": 0.7906090962538036}}}","bayes search inside this training fold, per member",,,790.73,nested-bayes,"{""M3"": 0.785236, ""M4"": 0.834253, ""M5"": 0.82707}",,,,,,,,,,,,,,,,,,,,,,,,,,,,,,,,,,,,,,
EXP-A2,EXP-A2,M6,binary,2,4,r2f4,2593,647,138,0.8856259659969088,0.8464621947631656,0.7803030303030303,0.912621359223301,0.6959459459459459,0.7357142857142858,0.6648065619679064,0.9363047955280964,0.7213994985054606,103.0,45.0,470.0,29.0,647.0,132.0,515.0,0.1633508047900253,0.0559059787077146,181.242249,1.340651,"{""members"": {""M3"": {""C"": 1.9780827689353788, ""class_weight"": ""balanced"", ""gamma"": 0.004661686413912771}, ""M4"": {""class_weight"": ""balanced_subsample"", ""max_depth"": null, ""max_features"": 0.3, ""min_samples_leaf"": 8, ""n_estimators"": 817}, ""M5"": {""learning_rate"": 0.0173579720185871, ""max_depth"": 4, ""min_samples_leaf"": 13, ""n_estimators"": 170, ""subsample"": 0.6571467271687763}}}","bayes search inside this training fold, per member",,,885.58,nested-bayes,"{""M3"": 0.802122, ""M4"": 0.845609, ""M5"": 0.834954}",,,,,,,,,,,,,,,,,,,,,,,,,,,,,,,,,,,,,,
EXP-A2,EXP-A2,M6,binary,3,0,r3f0,2596,644,138,0.8183229813664596,0.8205958067348185,0.8244274809160306,0.8167641325536062,0.5346534653465347,0.6486486486486487,0.5562824315364563,0.8965522372513133,0.6374523849747292,108.0,94.0,419.0,23.0,644.0,131.0,513.0,0.2153717125228376,0.0371576179711725,927.882907,1.364087,"{""members"": {""M3"": {""C"": 9.643857615941439, ""class_weight"": ""balanced"", ""gamma"": 0.016949768237884747}, ""M4"": {""class_weight"": ""balanced"", ""max_depth"": 10, ""max_features"": 0.3, ""min_samples_leaf"": 5, ""n_estimators"": 152}, ""M5"": {""learning_rate"": 0.0031266912307463765, ""max_depth"": 7, ""min_samples_leaf"": 9, ""n_estimators"": 658, ""subsample"": 0.8387400631785948}}}","bayes search inside this training fold, per member",,,543.83,nested-bayes,"{""M3"": 0.807799, ""M4"": 0.860054, ""M5"": 0.850004}",,,,,,,,,,,,,,,,,,,,,,,,,,,,,,,,,,,,,,
EXP-A2,EXP-A2,M6,binary,3,1,r3f1,2593,647,138,0.8948995363214838,0.8973595175051485,0.9015151515151516,0.8932038834951457,0.6839080459770115,0.7777777777777778,0.7222690427569516,0.9471462194763166,0.779640319279717,119.0,55.0,460.0,13.0,647.0,132.0,515.0,0.1534015165102872,0.0593786097192356,164.215498,1.240696,"{""members"": {""M3"": {""C"": 9.643857615941439, ""class_weight"": ""balanced"", ""gamma"": 0.016949768237884747}, ""M4"": {""class_weight"": ""balanced"", ""max_depth"": 30, ""max_features"": 0.5, ""min_samples_leaf"": 5, ""n_estimators"": 100}, ""M5"": {""learning_rate"": 0.0173579720185871, ""max_depth"": 4, ""min_samples_leaf"": 13, ""n_estimators"": 170, ""subsample"": 0.6571467271687763}}}","bayes search inside this training fold, per member",,,742.91,nested-bayes,"{""M3"": 0.787262, ""M4"": 0.83989, ""M5"": 0.827577}",,,,,,,,,,,,,,,,,,,,,,,,,,,,,,,,,,,,,,
EXP-A2,EXP-A2,M6,binary,3,2,r3f2,2585,655,138,0.8061068702290076,0.869510087271903,0.9779411764705882,0.7610789980732178,0.5175097276264592,0.6768447837150128,0.6139052251043345,0.961733537345574,0.8472155260527909,133.0,124.0,395.0,3.0,655.0,136.0,519.0,0.1508611284387717,0.1097368433471577,178.285616,2.26204,"{""members"": {""M3"": {""C"": 1.13317588970326, ""class_weight"": null, ""gamma"": 0.01917339093156976}, ""M4"": {""class_weight"": ""balanced_subsample"", ""max_depth"": null, ""max_features"": 0.3, ""min_samples_leaf"": 8, ""n_estimators"": 817}, ""M5"": {""learning_rate"": 0.023407993616080324, ""max_depth"": 2, ""min_samples_leaf"": 14, ""n_estimators"": 207, ""subsample"": 0.6592929852339807}}}","bayes search inside this training fold, per member",,,834.35,nested-bayes,"{""M3"": 0.796356, ""M4"": 0.83249, ""M5"": 0.824417}",,,,,,,,,,,,,,,,,,,,,,,,,,,,,,,,,,,,,,
EXP-A2,EXP-A2,M6,binary,3,3,r3f3,2589,651,138,0.8233486943164362,0.8502799310938846,0.8962962962962963,0.8042635658914729,0.545045045045045,0.6778711484593838,0.5991448808411486,0.9419465977605512,0.7878764906387269,121.0,101.0,415.0,14.0,651.0,135.0,516.0,0.1680161324073521,0.10072766496942,373.954128,0.829046,"{""members"": {""M3"": {""C"": 1.9780827689353788, ""class_weight"": ""balanced"", ""gamma"": 0.004661686413912771}, ""M4"": {""class_weight"": ""balanced_subsample"", ""max_depth"": 5, ""max_features"": 0.3, ""min_samples_leaf"": 9, ""n_estimators"": 109}, ""M5"": {""learning_rate"": 0.005105870407237786, ""max_depth"": 2, ""min_samples_leaf"": 1, ""n_estimators"": 759, ""subsample"": 0.8115289417755925}}}","bayes search inside this training fold, per member",,,910.6,nested-bayes,"{""M3"": 0.78156, ""M4"": 0.838737, ""M5"": 0.839054}",,,,,,,,,,,,,,,,,,,,,,,,,,,,,,,,,,,,,,
EXP-A2,EXP-A2,M6,binary,3,4,r3f4,2597,643,138,0.8755832037325039,0.8565496779580153,0.8244274809160306,0.888671875,0.6545454545454545,0.7297297297297297,0.6576044631458814,0.9412720658396948,0.803832976521778,108.0,57.0,455.0,23.0,643.0,131.0,512.0,0.1599738775546107,0.0706368073816433,888.568174,1.279067,"{""members"": {""M3"": {""C"": 9.643857615941439, ""class_weight"": ""balanced"", ""gamma"": 0.016949768237884747}, ""M4"": {""class_weight"": null, ""max_depth"": 30, ""max_features"": ""sqrt"", ""min_samples_leaf"": 7, ""n_estimators"": 121}, ""M5"": {""learning_rate"": 0.0031266912307463765, ""max_depth"": 7, ""min_samples_leaf"": 9, ""n_estimators"": 658, ""subsample"": 0.8387400631785948}}}","bayes search inside this training fold, per member",,,663.7,nested-bayes,"{""M3"": 0.788897, ""M4"": 0.855876, ""M5"": 0.837508}",,,,,,,,,,,,,,,,,,,,,,,,,,,,,,,,,,,,,,
EXP-A2,EXP-A2,M6,binary,4,0,r4f0,2585,655,138,0.8381679389312977,0.8463320299217953,0.8602941176470589,0.8323699421965318,0.5735294117647058,0.6882352941176471,0.6066978173118346,0.9126997619857192,0.6823095493043722,117.0,87.0,432.0,19.0,655.0,136.0,519.0,0.2064545477607406,0.0438832776913406,165.620632,1.409966,"{""members"": {""M3"": {""C"": 9.643857615941439, ""class_weight"": ""balanced"", ""gamma"": 0.016949768237884747}, ""M4"": {""class_weight"": ""balanced_subsample"", ""max_depth"": null, ""max_features"": 0.3, ""min_samples_leaf"": 7, ""n_estimators"": 534}, ""M5"": {""learning_rate"": 0.0173579720185871, ""max_depth"": 4, ""min_samples_leaf"": 13, ""n_estimators"": 170, ""subsample"": 0.6571467271687763}}}","bayes search inside this training fold, per member",,,946.74,nested-bayes,"{""M3"": 0.802569, ""M4"": 0.85933, ""M5"": 0.854085}",,,,,,,,,,,,,,,,,,,,,,,,,,,,,,,,,,,,,,
EXP-A2,EXP-A2,M6,binary,4,1,r4f1,2596,644,138,0.8322981366459627,0.8577890867967204,0.900763358778626,0.8148148148148148,0.5539906103286385,0.686046511627907,0.6122418024981244,0.9554484174813624,0.8315819904943466,118.0,95.0,418.0,13.0,644.0,131.0,513.0,0.1524928346103575,0.1060933471215814,526.154725,2.27971,"{""members"": {""M3"": {""C"": 940.2739219882317, ""class_weight"": null, ""gamma"": 0.02632552295899838}, ""M4"": {""class_weight"": ""balanced"", ""max_depth"": 5, ""max_features"": 0.5, ""min_samples_leaf"": 4, ""n_estimators"": 848}, ""M5"": {""learning_rate"": 0.036614797115554064, ""max_depth"": 2, ""min_samples_leaf"": 19, ""n_estimators"": 799, ""subsample"": 0.954711345954176}}}","bayes search inside this training fold, per member",,,824.18,nested-bayes,"{""M3"": 0.787755, ""M4"": 0.838125, ""M5"": 0.836032}",,,,,,,,,,,,,,,,,,,,,,,,,,,,,,,,,,,,,,
EXP-A2,EXP-A2,M6,binary,4,2,r4f2,2593,647,138,0.8825347758887172,0.8586054721977052,0.8181818181818182,0.8990291262135922,0.675,0.7397260273972602,0.6699046869452048,0.9466460723742276,0.8273780554257947,108.0,52.0,463.0,24.0,647.0,132.0,515.0,0.1541357519313488,0.0616245264582951,219.519825,1.597544,"{""members"": {""M3"": {""C"": 9.643857615941439, ""class_weight"": ""balanced"", ""gamma"": 0.016949768237884747}, ""M4"": {""class_weight"": ""balanced_subsample"", ""max_depth"": 30, ""max_features"": 0.5, ""min_samples_leaf"": 6, ""n_estimators"": 614}, ""M5"": {""learning_rate"": 0.017842583543290262, ""max_depth"": 3, ""min_samples_leaf"": 10, ""n_estimators"": 192, ""subsample"": 0.8412516425971764}}}","bayes search inside this training fold, per member",,,771.49,nested-bayes,"{""M3"": 0.797571, ""M4"": 0.852156, ""M5"": 0.852169}",,,,,,,,,,,,,,,,,,,,,,,,,,,,,,,,,,,,,,
EXP-A2,EXP-A2,M6,binary,4,3,r4f3,2589,651,138,0.8571428571428571,0.8715977605512488,0.8962962962962963,0.8468992248062015,0.605,0.7223880597014926,0.6531178448976083,0.9487797875394774,0.8029329432120206,121.0,79.0,437.0,14.0,651.0,135.0,516.0,0.1544663598391488,0.0889649737090161,943.400626,2.059149,"{""members"": {""M3"": {""C"": 860.959645077667, ""class_weight"": ""balanced"", ""gamma"": 0.021881539995640433}, ""M4"": {""class_weight"": ""balanced_subsample"", ""max_depth"": null, ""max_features"": 0.3, ""min_samples_leaf"": 8, ""n_estimators"": 817}, ""M5"": {""learning_rate"": 0.0031266912307463765, ""max_depth"": 7, ""min_samples_leaf"": 9, ""n_estimators"": 658, ""subsample"": 0.8387400631785948}}}","bayes search inside this training fold, per member",,,804.33,nested-bayes,"{""M3"": 0.776746, ""M4"": 0.84096, ""M5"": 0.842603}",,,,,,,,,,,,,,,,,,,,,,,,,,,,,,,,,,,,,,
EXP-A2,EXP-A2,M6,binary,4,4,r4f4,2597,643,138,0.8522550544323484,0.8390610090648856,0.816793893129771,0.861328125,0.601123595505618,0.6925566343042071,0.6104386125014319,0.923828125,0.7306079452858852,107.0,71.0,441.0,24.0,643.0,131.0,512.0,0.1749476119351829,0.0488957326538745,879.261214,1.483401,"{""members"": {""M3"": {""C"": 9.643857615941439, ""class_weight"": ""balanced"", ""gamma"": 0.016949768237884747}, ""M4"": {""class_weight"": null, ""max_depth"": 20, ""max_features"": ""sqrt"", ""min_samples_leaf"": 9, ""n_estimators"": 151}, ""M5"": {""learning_rate"": 0.0031266912307463765, ""max_depth"": 7, ""min_samples_leaf"": 9, ""n_estimators"": 658, ""subsample"": 0.8387400631785948}}}","bayes search inside this training fold, per member",,,915.41,nested-bayes,"{""M3"": 0.802829, ""M4"": 0.850795, ""M5"": 0.833694}",,,,,,,,,,,,,,,,,,,,,,,,,,,,,,,,,,,,,,
EXP-A2,EXP-A2,M7,binary,0,0,r0f0,2593,647,138,0.8145285935085008,0.8327890556045896,0.8636363636363636,0.8019417475728156,0.5277777777777778,0.6551724137931034,0.5687535237747215,0.9076787290379524,0.6664465367418438,114.0,102.0,413.0,18.0,647.0,132.0,515.0,0.2083596779174021,0.0298144679612089,629.013688,4.763322,"{""members"": {""M3"": {""C"": 9.643857615941439, ""class_weight"": ""balanced"", ""gamma"": 0.016949768237884747}, ""M4"": {""class_weight"": ""balanced_subsample"", ""max_depth"": null, ""max_features"": 0.3, ""min_samples_leaf"": 8, ""n_estimators"": 817}, ""M5"": {""learning_rate"": 0.09323453822421686, ""max_depth"": 7, ""min_samples_leaf"": 4, ""n_estimators"": 499, ""subsample"": 0.634483377656865}}}","bayes search inside this training fold, per member",,,1164.17,nested-bayes,"{""M3"": 0.804118, ""M4"": 0.846413, ""M5"": 0.843029}",,,,,,,,,,,,,,,,,,,,,,,,,,,,,,,,,,,,,,
EXP-A2,EXP-A2,M7,binary,0,1,r0f1,2589,651,138,0.8310291858678955,0.8521536418487832,0.8880597014925373,0.816247582205029,0.5560747663551402,0.6839080459770115,0.6061948539897113,0.9486850082277202,0.8514432173211467,119.0,95.0,422.0,15.0,651.0,134.0,517.0,0.1495499303762385,0.0828905154582386,1073.759367,1.499772,"{""members"": {""M3"": {""C"": 1.9780827689353788, ""class_weight"": ""balanced"", ""gamma"": 0.004661686413912771}, ""M4"": {""class_weight"": ""balanced_subsample"", ""max_depth"": null, ""max_features"": 0.3, ""min_samples_leaf"": 8, ""n_estimators"": 817}, ""M5"": {""learning_rate"": 0.0031266912307463765, ""max_depth"": 7, ""min_samples_leaf"": 9, ""n_estimators"": 658, ""subsample"": 0.8387400631785948}}}","bayes search inside this training fold, per member",,,927.54,nested-bayes,"{""M3"": 0.786883, ""M4"": 0.851458, ""M5"": 0.844001}",,,,,,,,,,,,,,,,,,,,,,,,,,,,,,,,,,,,,,
EXP-A2,EXP-A2,M7,binary,0,2,r0f2,2596,644,138,0.90527950310559,0.8439132181599036,0.7404580152671756,0.9473684210526316,0.782258064516129,0.7607843137254902,0.7021997648877544,0.947026174426737,0.8298811826077046,97.0,27.0,486.0,34.0,644.0,131.0,513.0,0.1552590274698952,0.0559001839424035,660.554253,1.722042,"{""members"": {""M3"": {""C"": 9.643857615941439, ""class_weight"": ""balanced"", ""gamma"": 0.016949768237884747}, ""M4"": {""class_weight"": ""balanced_subsample"", ""max_depth"": null, ""max_features"": 0.3, ""min_samples_leaf"": 8, ""n_estimators"": 817}, ""M5"": {""learning_rate"": 0.015982313333397728, ""max_depth"": 4, ""min_samples_leaf"": 12, ""n_estimators"": 680, ""subsample"": 0.8202412691633745}}}","bayes search inside this training fold, per member",,,815.09,nested-bayes,"{""M3"": 0.802988, ""M4"": 0.856487, ""M5"": 0.854534}",,,,,,,,,,,,,,,,,,,,,,,,,,,,,,,,,,,,,,
EXP-A2,EXP-A2,M7,binary,0,3,r0f3,2585,655,138,0.8702290076335878,0.8535284502437788,0.8248175182481752,0.8822393822393823,0.6494252873563219,0.7266881028938906,0.6510770187852807,0.9424794972240228,0.8455671354606098,113.0,61.0,457.0,24.0,655.0,137.0,518.0,0.167982714540848,0.1039843564290339,145.155364,0.92903,"{""members"": {""M3"": {""C"": 1.9780827689353788, ""class_weight"": ""balanced"", ""gamma"": 0.004661686413912771}, ""M4"": {""class_weight"": ""balanced_subsample"", ""max_depth"": null, ""max_features"": 0.3, ""min_samples_leaf"": 9, ""n_estimators"": 273}, ""M5"": {""learning_rate"": 0.0173579720185871, ""max_depth"": 4, ""min_samples_leaf"": 13, ""n_estimators"": 170, ""subsample"": 0.6571467271687763}}}","bayes search inside this training fold, per member",,,826.96,nested-bayes,"{""M3"": 0.793136, ""M4"": 0.850279, ""M5"": 0.833885}",,,,,,,,,,,,,,,,,,,,,,,,,,,,,,,,,,,,,,
EXP-A2,EXP-A2,M7,binary,0,4,r0f4,2597,643,138,0.8289269051321928,0.8868976622137404,0.9847328244274808,0.7890625,0.5443037974683544,0.7010869565217391,0.6460401952830904,0.9514104246183206,0.7466186912783144,129.0,108.0,404.0,2.0,643.0,131.0,512.0,0.1613065670513005,0.0890009631595275,203.623651,1.686221,"{""members"": {""M3"": {""C"": 9.643857615941439, ""class_weight"": ""balanced"", ""gamma"": 0.016949768237884747}, ""M4"": {""class_weight"": ""balanced_subsample"", ""max_depth"": null, ""max_features"": 0.3, ""min_samples_leaf"": 8, ""n_estimators"": 943}, ""M5"": {""learning_rate"": 0.0173579720185871, ""max_depth"": 4, ""min_samples_leaf"": 13, ""n_estimators"": 170, ""subsample"": 0.6571467271687763}}}","bayes search inside this training fold, per member",,,800.23,nested-bayes,"{""M3"": 0.781056, ""M4"": 0.83633, ""M5"": 0.828707}",,,,,,,,,,,,,,,,,,,,,,,,,,,,,,,,,,,,,,
EXP-A2,EXP-A2,M7,binary,1,0,r1f0,2593,647,138,0.8377125193199382,0.8135481023830538,0.7727272727272727,0.8543689320388349,0.576271186440678,0.6601941747572816,0.5668774617212392,0.8905854663136217,0.6073443798499248,102.0,75.0,440.0,30.0,647.0,132.0,515.0,0.219318737697692,0.0421313277324319,190.611971,2.398587,"{""members"": {""M3"": {""C"": 1.9780827689353788, ""class_weight"": ""balanced"", ""gamma"": 0.004661686413912771}, ""M4"": {""class_weight"": null, ""max_depth"": 5, ""max_features"": 0.3, ""min_samples_leaf"": 1, ""n_estimators"": 872}, ""M5"": {""learning_rate"": 0.0173579720185871, ""max_depth"": 4, ""min_samples_leaf"": 13, ""n_estimators"": 170, ""subsample"": 0.6571467271687763}}}","bayes search inside this training fold, per member",,,946.4,nested-bayes,"{""M3"": 0.823024, ""M4"": 0.863775, ""M5"": 0.864095}",,,,,,,,,,,,,,,,,,,,,,,,,,,,,,,,,,,,,,
EXP-A2,EXP-A2,M7,binary,1,1,r1f1,2585,655,138,0.8916030534351145,0.8556330046469455,0.7941176470588235,0.9171483622350676,0.7152317880794702,0.7526132404181185,0.68498560666142,0.9425365521931316,0.8092679460014598,108.0,43.0,476.0,28.0,655.0,136.0,519.0,0.1625236593827129,0.0766743804476613,967.156275,1.877931,"{""members"": {""M3"": {""C"": 998.6414196384693, ""class_weight"": ""balanced"", ""gamma"": 0.024720078176140727}, ""M4"": {""class_weight"": ""balanced_subsample"", ""max_depth"": 10, ""max_features"": ""sqrt"", ""min_samples_leaf"": 4, ""n_estimators"": 190}, ""M5"": {""learning_rate"": 0.0031266912307463765, ""max_depth"": 7, ""min_samples_leaf"": 9, ""n_estimators"": 658, ""subsample"": 0.8387400631785948}}}","bayes search inside this training fold, per member",,,784.8,nested-bayes,"{""M3"": 0.796005, ""M4"": 0.846173, ""M5"": 0.842877}",,,,,,,,,,,,,,,,,,,,,,,,,,,,,,,,,,,,,,
EXP-A2,EXP-A2,M7,binary,1,2,r1f2,2596,644,138,0.908385093167702,0.8714417511123016,0.8091603053435115,0.9337231968810916,0.7571428571428571,0.7822878228782287,0.7249962464233612,0.96876627531509,0.908021538661428,106.0,34.0,479.0,25.0,644.0,131.0,513.0,0.1346381933335988,0.0748830055807439,636.088148,0.935012,"{""members"": {""M3"": {""C"": 1.9780827689353788, ""class_weight"": ""balanced"", ""gamma"": 0.004661686413912771}, ""M4"": {""class_weight"": null, ""max_depth"": 20, ""max_features"": ""sqrt"", ""min_samples_leaf"": 9, ""n_estimators"": 151}, ""M5"": {""learning_rate"": 0.015303716369000334, ""max_depth"": 4, ""min_samples_leaf"": 15, ""n_estimators"": 619, ""subsample"": 0.8690423266938949}}}","bayes search inside this training fold, per member",,,906.25,nested-bayes,"{""M3"": 0.789786, ""M4"": 0.841786, ""M5"": 0.8368}",,,,,,,,,,,,,,,,,,,,,,,,,,,,,,,,,,,,,,
EXP-A2,EXP-A2,M7,binary,1,3,r1f3,2589,651,138,0.8632872503840245,0.8344530577088717,0.7851851851851852,0.8837209302325582,0.6385542168674698,0.7043189368770764,0.622202838751205,0.92786391042205,0.7042748038802982,106.0,60.0,456.0,29.0,651.0,135.0,516.0,0.1727656040361386,0.0523576739953406,216.540832,1.943327,"{""members"": {""M3"": {""C"": 0.8984805452588236, ""class_weight"": ""balanced"", ""gamma"": 0.013605140945808798}, ""M4"": {""class_weight"": ""balanced_subsample"", ""max_depth"": null, ""max_features"": 0.3, ""min_samples_leaf"": 8, ""n_estimators"": 817}, ""M5"": {""learning_rate"": 0.0173579720185871, ""max_depth"": 4, ""min_samples_leaf"": 13, ""n_estimators"": 170, ""subsample"": 0.6571467271687763}}}","bayes search inside this training fold, per member",,,884.7,nested-bayes,"{""M3"": 0.802926, ""M4"": 0.845291, ""M5"": 0.842832}",,,,,,,,,,,,,,,,,,,,,,,,,,,,,,,,,,,,,,
EXP-A2,EXP-A2,M7,binary,1,4,r1f4,2597,643,138,0.8351477449455676,0.8851234494274809,0.9694656488549618,0.80078125,0.5545851528384279,0.7055555555555556,0.6478622500980057,0.960922590648855,0.8354484157032762,127.0,102.0,410.0,4.0,643.0,131.0,512.0,0.1530681892675114,0.1151403842634353,183.035586,3.360465,"{""members"": {""M3"": {""C"": 739.5089250712385, ""class_weight"": null, ""gamma"": 0.025906921744528157}, ""M4"": {""class_weight"": ""balanced"", ""max_depth"": 10, ""max_features"": ""sqrt"", ""min_samples_leaf"": 9, ""n_estimators"": 939}, ""M5"": {""learning_rate"": 0.0173579720185871, ""max_depth"": 4, ""min_samples_leaf"": 13, ""n_estimators"": 170, ""subsample"": 0.6571467271687763}}}","bayes search inside this training fold, per member",,,836.07,nested-bayes,"{""M3"": 0.775709, ""M4"": 0.829289, ""M5"": 0.815127}",,,,,,,,,,,,,,,,,,,,,,,,,,,,,,,,,,,,,,
EXP-A2,EXP-A2,M7,binary,2,0,r2f0,2596,644,138,0.7624223602484472,0.796876627531509,0.8549618320610687,0.7387914230019493,0.4552845528455284,0.5941644562334217,0.4919163349526587,0.8936059402110024,0.6450514772801668,112.0,134.0,379.0,19.0,644.0,131.0,513.0,0.2117033736207988,0.0441742389479268,181.715457,1.403314,"{""members"": {""M3"": {""C"": 9.643857615941439, ""class_weight"": ""balanced"", ""gamma"": 0.016949768237884747}, ""M4"": {""class_weight"": ""balanced_subsample"", ""max_depth"": null, ""max_features"": 0.3, ""min_samples_leaf"": 3, ""n_estimators"": 349}, ""M5"": {""learning_rate"": 0.0173579720185871, ""max_depth"": 4, ""min_samples_leaf"": 13, ""n_estimators"": 170, ""subsample"": 0.6571467271687763}}}","bayes search inside this training fold, per member",,,727.25,nested-bayes,"{""M3"": 0.808923, ""M4"": 0.871222, ""M5"": 0.868344}",,,,,,,,,,,,,,,,,,,,,,,,,,,,,,,,,,,,,,
EXP-A2,EXP-A2,M7,binary,2,1,r2f1,2589,651,138,0.8540706605222734,0.8638961863795145,0.8805970149253731,0.8471953578336557,0.5989847715736041,0.7129909365558912,0.6405368668113286,0.9483097087098358,0.8147366630461682,118.0,79.0,438.0,16.0,651.0,134.0,517.0,0.157845078786565,0.081246111589969,208.636519,1.362306,"{""members"": {""M3"": {""C"": 1.233613500061379, ""class_weight"": ""balanced"", ""gamma"": 0.008766536338520389}, ""M4"": {""class_weight"": ""balanced_subsample"", ""max_depth"": null, ""max_features"": 0.3, ""min_samples_leaf"": 8, ""n_estimators"": 817}, ""M5"": {""learning_rate"": 0.0173579720185871, ""max_depth"": 4, ""min_samples_leaf"": 13, ""n_estimators"": 170, ""subsample"": 0.6571467271687763}}}","bayes search inside this training fold, per member",,,697.24,nested-bayes,"{""M3"": 0.800238, ""M4"": 0.850076, ""M5"": 0.849161}",,,,,,,,,,,,,,,,,,,,,,,,,,,,,,,,,,,,,,
EXP-A2,EXP-A2,M7,binary,2,2,r2f2,2585,655,138,0.8564885496183207,0.8824225685539554,0.927007299270073,0.8378378378378378,0.6018957345971564,0.7298850574712644,0.6656806920933444,0.9606008511118,0.8879247868823459,127.0,84.0,434.0,10.0,655.0,137.0,518.0,0.1479716681921717,0.1259869244019256,341.061456,1.767691,"{""members"": {""M3"": {""C"": 30.440546640217043, ""class_weight"": null, ""gamma"": 0.017593199224444626}, ""M4"": {""class_weight"": ""balanced_subsample"", ""max_depth"": 5, ""max_features"": 0.3, ""min_samples_leaf"": 7, ""n_estimators"": 977}, ""M5"": {""learning_rate"": 0.0010393190962653526, ""max_depth"": 6, ""min_samples_leaf"": 4, ""n_estimators"": 235, ""subsample"": 0.6008106218062078}}}","bayes search inside this training fold, per member",,,686.96,nested-bayes,"{""M3"": 0.789078, ""M4"": 0.846667, ""M5"": 0.831039}",,,,,,,,,,,,,,,,,,,,,,,,,,,,,,,,,,,,,,
EXP-A2,EXP-A2,M7,binary,2,3,r2f3,2597,643,138,0.8818040435458787,0.9030593988549618,0.9389312977099236,0.8671875,0.643979057591623,0.7639751552795031,0.7105322190556388,0.956688334923664,0.7788762684063835,123.0,68.0,444.0,8.0,643.0,131.0,512.0,0.1465535077728544,0.074188422219327,714.159807,2.947839,"{""members"": {""M3"": {""C"": 9.643857615941439, ""class_weight"": ""balanced"", ""gamma"": 0.016949768237884747}, ""M4"": {""class_weight"": ""balanced_subsample"", ""max_depth"": 30, ""max_features"": 0.5, ""min_samples_leaf"": 2, ""n_estimators"": 100}, ""M5"": {""learning_rate"": 0.01444212651437026, ""max_depth"": 4, ""min_samples_leaf"": 14, ""n_estimators"": 737, ""subsample"": 0.7906090962538036}}}","bayes search inside this training fold, per member",,,790.73,nested-bayes,"{""M3"": 0.785236, ""M4"": 0.834253, ""M5"": 0.82707}",,,,,,,,,,,,,,,,,,,,,,,,,,,,,,,,,,,,,,
EXP-A2,EXP-A2,M7,binary,2,4,r2f4,2593,647,138,0.8856259659969088,0.8464621947631656,0.7803030303030303,0.912621359223301,0.6959459459459459,0.7357142857142858,0.6648065619679064,0.9363047955280964,0.7213994985054606,103.0,45.0,470.0,29.0,647.0,132.0,515.0,0.1633508047900253,0.0559059787077146,205.835071,1.342938,"{""members"": {""M3"": {""C"": 1.9780827689353788, ""class_weight"": ""balanced"", ""gamma"": 0.004661686413912771}, ""M4"": {""class_weight"": ""balanced_subsample"", ""max_depth"": null, ""max_features"": 0.3, ""min_samples_leaf"": 8, ""n_estimators"": 817}, ""M5"": {""learning_rate"": 0.0173579720185871, ""max_depth"": 4, ""min_samples_leaf"": 13, ""n_estimators"": 170, ""subsample"": 0.6571467271687763}}}","bayes search inside this training fold, per member",,,885.58,nested-bayes,"{""M3"": 0.802122, ""M4"": 0.845609, ""M5"": 0.834954}",,,,,,,,,,,,,,,,,,,,,,,,,,,,,,,,,,,,,,
EXP-A2,EXP-A2,M7,binary,3,0,r3f0,2596,644,138,0.8183229813664596,0.8205958067348185,0.8244274809160306,0.8167641325536062,0.5346534653465347,0.6486486486486487,0.5562824315364563,0.8965522372513133,0.6374523849747292,108.0,94.0,419.0,23.0,644.0,131.0,513.0,0.2153717125228376,0.0371576179711725,1049.962949,1.780131,"{""members"": {""M3"": {""C"": 9.643857615941439, ""class_weight"": ""balanced"", ""gamma"": 0.016949768237884747}, ""M4"": {""class_weight"": ""balanced"", ""max_depth"": 10, ""max_features"": 0.3, ""min_samples_leaf"": 5, ""n_estimators"": 152}, ""M5"": {""learning_rate"": 0.0031266912307463765, ""max_depth"": 7, ""min_samples_leaf"": 9, ""n_estimators"": 658, ""subsample"": 0.8387400631785948}}}","bayes search inside this training fold, per member",,,543.83,nested-bayes,"{""M3"": 0.807799, ""M4"": 0.860054, ""M5"": 0.850004}",,,,,,,,,,,,,,,,,,,,,,,,,,,,,,,,,,,,,,
EXP-A2,EXP-A2,M7,binary,3,1,r3f1,2593,647,138,0.8948995363214838,0.8973595175051485,0.9015151515151516,0.8932038834951457,0.6839080459770115,0.7777777777777778,0.7222690427569516,0.9471462194763166,0.779640319279717,119.0,55.0,460.0,13.0,647.0,132.0,515.0,0.1534015165102872,0.0593786097192356,189.86896,1.527687,"{""members"": {""M3"": {""C"": 9.643857615941439, ""class_weight"": ""balanced"", ""gamma"": 0.016949768237884747}, ""M4"": {""class_weight"": ""balanced"", ""max_depth"": 30, ""max_features"": 0.5, ""min_samples_leaf"": 5, ""n_estimators"": 100}, ""M5"": {""learning_rate"": 0.0173579720185871, ""max_depth"": 4, ""min_samples_leaf"": 13, ""n_estimators"": 170, ""subsample"": 0.6571467271687763}}}","bayes search inside this training fold, per member",,,742.91,nested-bayes,"{""M3"": 0.787262, ""M4"": 0.83989, ""M5"": 0.827577}",,,,,,,,,,,,,,,,,,,,,,,,,,,,,,,,,,,,,,
EXP-A2,EXP-A2,M7,binary,3,2,r3f2,2585,655,138,0.8061068702290076,0.869510087271903,0.9779411764705882,0.7610789980732178,0.5175097276264592,0.6768447837150128,0.6139052251043345,0.961733537345574,0.8472155260527909,133.0,124.0,395.0,3.0,655.0,136.0,519.0,0.1508611284387717,0.1097368433471577,220.839177,2.352439,"{""members"": {""M3"": {""C"": 1.13317588970326, ""class_weight"": null, ""gamma"": 0.01917339093156976}, ""M4"": {""class_weight"": ""balanced_subsample"", ""max_depth"": null, ""max_features"": 0.3, ""min_samples_leaf"": 8, ""n_estimators"": 817}, ""M5"": {""learning_rate"": 0.023407993616080324, ""max_depth"": 2, ""min_samples_leaf"": 14, ""n_estimators"": 207, ""subsample"": 0.6592929852339807}}}","bayes search inside this training fold, per member",,,834.35,nested-bayes,"{""M3"": 0.796356, ""M4"": 0.83249, ""M5"": 0.824417}",,,,,,,,,,,,,,,,,,,,,,,,,,,,,,,,,,,,,,
EXP-A2,EXP-A2,M7,binary,3,3,r3f3,2589,651,138,0.8233486943164362,0.8502799310938846,0.8962962962962963,0.8042635658914729,0.545045045045045,0.6778711484593838,0.5991448808411486,0.9419465977605512,0.7878764906387269,121.0,101.0,415.0,14.0,651.0,135.0,516.0,0.1680161324073522,0.10072766496942,565.911176,1.792515,"{""members"": {""M3"": {""C"": 1.9780827689353788, ""class_weight"": ""balanced"", ""gamma"": 0.004661686413912771}, ""M4"": {""class_weight"": ""balanced_subsample"", ""max_depth"": 5, ""max_features"": 0.3, ""min_samples_leaf"": 9, ""n_estimators"": 109}, ""M5"": {""learning_rate"": 0.005105870407237786, ""max_depth"": 2, ""min_samples_leaf"": 1, ""n_estimators"": 759, ""subsample"": 0.8115289417755925}}}","bayes search inside this training fold, per member",,,910.6,nested-bayes,"{""M3"": 0.78156, ""M4"": 0.838737, ""M5"": 0.839054}",,,,,,,,,,,,,,,,,,,,,,,,,,,,,,,,,,,,,,
EXP-A2,EXP-A2,M7,binary,3,4,r3f4,2597,643,138,0.8755832037325039,0.8565496779580153,0.8244274809160306,0.888671875,0.6545454545454545,0.7297297297297297,0.6576044631458814,0.9412720658396948,0.803832976521778,108.0,57.0,455.0,23.0,643.0,131.0,512.0,0.1599738775546107,0.0706368073816433,1517.773905,1.849652,"{""members"": {""M3"": {""C"": 9.643857615941439, ""class_weight"": ""balanced"", ""gamma"": 0.016949768237884747}, ""M4"": {""class_weight"": null, ""max_depth"": 30, ""max_features"": ""sqrt"", ""min_samples_leaf"": 7, ""n_estimators"": 121}, ""M5"": {""learning_rate"": 0.0031266912307463765, ""max_depth"": 7, ""min_samples_leaf"": 9, ""n_estimators"": 658, ""subsample"": 0.8387400631785948}}}","bayes search inside this training fold, per member",,,663.7,nested-bayes,"{""M3"": 0.788897, ""M4"": 0.855876, ""M5"": 0.837508}",,,,,,,,,,,,,,,,,,,,,,,,,,,,,,,,,,,,,,
EXP-A2,EXP-A2,M7,binary,4,0,r4f0,2585,655,138,0.833587786259542,0.8461549359628244,0.8676470588235294,0.8246628131021194,0.5645933014354066,0.6840579710144927,0.6024390085675952,0.9119205485662472,0.6815939592149053,118.0,91.0,428.0,18.0,655.0,136.0,519.0,0.2067725147448796,0.0444876097253283,199.292891,2.250487,"{""members"": {""M3"": {""C"": 9.643857615941439, ""class_weight"": ""balanced"", ""gamma"": 0.016949768237884747}, ""M4"": {""class_weight"": ""balanced_subsample"", ""max_depth"": null, ""max_features"": 0.3, ""min_samples_leaf"": 7, ""n_estimators"": 534}, ""M5"": {""learning_rate"": 0.0173579720185871, ""max_depth"": 4, ""min_samples_leaf"": 13, ""n_estimators"": 170, ""subsample"": 0.6571467271687763}}}","bayes search inside this training fold, per member",,,946.74,nested-bayes,"{""M3"": 0.802569, ""M4"": 0.85933, ""M5"": 0.854085}",,,,,,,,,,,,,,,,,,,,,,,,,,,,,,,,,,,,,,
EXP-A2,EXP-A2,M7,binary,4,1,r4f1,2596,644,138,0.8322981366459627,0.8577890867967204,0.900763358778626,0.8148148148148148,0.5539906103286385,0.686046511627907,0.6122418024981244,0.9554484174813624,0.8315819904943466,118.0,95.0,418.0,13.0,644.0,131.0,513.0,0.1524928346103575,0.1060933471215813,609.381311,2.043507,"{""members"": {""M3"": {""C"": 940.2739219882317, ""class_weight"": null, ""gamma"": 0.02632552295899838}, ""M4"": {""class_weight"": ""balanced"", ""max_depth"": 5, ""max_features"": 0.5, ""min_samples_leaf"": 4, ""n_estimators"": 848}, ""M5"": {""learning_rate"": 0.036614797115554064, ""max_depth"": 2, ""min_samples_leaf"": 19, ""n_estimators"": 799, ""subsample"": 0.954711345954176}}}","bayes search inside this training fold, per member",,,824.18,nested-bayes,"{""M3"": 0.787755, ""M4"": 0.838125, ""M5"": 0.836032}",,,,,,,,,,,,,,,,,,,,,,,,,,,,,,,,,,,,,,
EXP-A2,EXP-A2,M7,binary,4,2,r4f2,2593,647,138,0.8825347758887172,0.8586054721977052,0.8181818181818182,0.8990291262135922,0.675,0.7397260273972602,0.6699046869452048,0.9466460723742276,0.8273780554257947,108.0,52.0,463.0,24.0,647.0,132.0,515.0,0.1541357519313488,0.0616245264582951,226.017207,1.49254,"{""members"": {""M3"": {""C"": 9.643857615941439, ""class_weight"": ""balanced"", ""gamma"": 0.016949768237884747}, ""M4"": {""class_weight"": ""balanced_subsample"", ""max_depth"": 30, ""max_features"": 0.5, ""min_samples_leaf"": 6, ""n_estimators"": 614}, ""M5"": {""learning_rate"": 0.017842583543290262, ""max_depth"": 3, ""min_samples_leaf"": 10, ""n_estimators"": 192, ""subsample"": 0.8412516425971764}}}","bayes search inside this training fold, per member",,,771.49,nested-bayes,"{""M3"": 0.797571, ""M4"": 0.852156, ""M5"": 0.852169}",,,,,,,,,,,,,,,,,,,,,,,,,,,,,,,,,,,,,,
EXP-A2,EXP-A2,M7,binary,4,3,r4f3,2589,651,138,0.8571428571428571,0.8715977605512488,0.8962962962962963,0.8468992248062015,0.605,0.7223880597014926,0.6531178448976083,0.9487797875394774,0.8029329432120206,121.0,79.0,437.0,14.0,651.0,135.0,516.0,0.1544663598391488,0.0889649737090161,1176.722046,2.017338,"{""members"": {""M3"": {""C"": 860.959645077667, ""class_weight"": ""balanced"", ""gamma"": 0.021881539995640433}, ""M4"": {""class_weight"": ""balanced_subsample"", ""max_depth"": null, ""max_features"": 0.3, ""min_samples_leaf"": 8, ""n_estimators"": 817}, ""M5"": {""learning_rate"": 0.0031266912307463765, ""max_depth"": 7, ""min_samples_leaf"": 9, ""n_estimators"": 658, ""subsample"": 0.8387400631785948}}}","bayes search inside this training fold, per member",,,804.33,nested-bayes,"{""M3"": 0.776746, ""M4"": 0.84096, ""M5"": 0.842603}",,,,,,,,,,,,,,,,,,,,,,,,,,,,,,,,,,,,,,
EXP-A2,EXP-A2,M7,binary,4,4,r4f4,2597,643,138,0.8522550544323484,0.8390610090648856,0.816793893129771,0.861328125,0.601123595505618,0.6925566343042071,0.6104386125014319,0.923828125,0.7306079452858852,107.0,71.0,441.0,24.0,643.0,131.0,512.0,0.1749476119351829,0.0488957326538745,1051.796068,1.271075,"{""members"": {""M3"": {""C"": 9.643857615941439, ""class_weight"": ""balanced"", ""gamma"": 0.016949768237884747}, ""M4"": {""class_weight"": null, ""max_depth"": 20, ""max_features"": ""sqrt"", ""min_samples_leaf"": 9, ""n_estimators"": 151}, ""M5"": {""learning_rate"": 0.0031266912307463765, ""max_depth"": 7, ""min_samples_leaf"": 9, ""n_estimators"": 658, ""subsample"": 0.8387400631785948}}}","bayes search inside this training fold, per member",,,915.41,nested-bayes,"{""M3"": 0.802829, ""M4"": 0.850795, ""M5"": 0.833694}",,,,,,,,,,,,,,,,,,,,,,,,,,,,,,,,,,,,,,
EXP-A2,EXP-A2,M8,binary,0,0,r0f0,2593,647,138,0.8160741885625966,0.8393939393939394,0.8787878787878788,0.8,0.5296803652968036,0.6609686609686609,0.5780703796167486,0.9151220947337452,0.6914614325228458,116.0,103.0,412.0,16.0,647.0,132.0,515.0,0.2468797147099041,0.0500557384866835,6.745825,0.08264,"{""colsample_bytree"": 0.5604699929086161, ""learning_rate"": 0.0065589104153522685, ""max_depth"": 3, ""n_estimators"": 964, ""reg_lambda"": 3.770449477850904, ""subsample"": 0.7185777787870882}",bayes search inside this training fold,0.850483,12.0,463.13,nested-bayes,,,,,,,,,,,,,,,,,,,,,,,,,,,,,,,,,,,,,,,
EXP-A2,EXP-A2,M8,binary,0,1,r0f1,2589,651,138,0.8448540706605223,0.8442723519732094,0.8432835820895522,0.8452611218568665,0.5854922279792746,0.691131498470948,0.6095627496329432,0.9440948064320565,0.8314288571334629,113.0,80.0,437.0,21.0,651.0,134.0,517.0,0.1834042691550115,0.0629076132759703,3.776207,0.024076,"{""colsample_bytree"": 0.5282057895135501, ""learning_rate"": 0.007955537581329894, ""max_depth"": 3, ""n_estimators"": 513, ""reg_lambda"": 7.726718477963435, ""subsample"": 0.8603553891795412}",bayes search inside this training fold,0.843789,12.0,277.26,nested-bayes,,,,,,,,,,,,,,,,,,,,,,,,,,,,,,,,,,,,,,,
EXP-A2,EXP-A2,M8,binary,0,2,r0f2,2596,644,138,0.9021739130434784,0.8220689552549738,0.6870229007633588,0.9571150097465888,0.8035714285714286,0.7407407407407407,0.684082314898265,0.9457464696516524,0.8347887081813862,90.0,22.0,491.0,41.0,644.0,131.0,513.0,0.203190421831595,0.1676593393272494,26.41615,0.039375,"{""colsample_bytree"": 0.7306009978880863, ""learning_rate"": 0.0010722223248454392, ""max_depth"": 6, ""n_estimators"": 890, ""reg_lambda"": 0.010464370531955008, ""subsample"": 0.915660821469457}",bayes search inside this training fold,0.854889,12.0,453.56,nested-bayes,,,,,,,,,,,,,,,,,,,,,,,,,,,,,,,,,,,,,,,
EXP-A2,EXP-A2,M8,binary,0,3,r0f3,2585,655,138,0.8427480916030534,0.8468914691542428,0.8540145985401459,0.8397683397683398,0.585,0.6943620178041543,0.6126720701796541,0.9366175351576812,0.8246118851564903,117.0,83.0,435.0,20.0,655.0,137.0,518.0,0.203598129268109,0.0337640208142404,7.143227,0.025963,"{""colsample_bytree"": 0.5178359648636195, ""learning_rate"": 0.00709129779882058, ""max_depth"": 3, ""n_estimators"": 937, ""reg_lambda"": 9.350175328714839, ""subsample"": 0.8671488249568171}",bayes search inside this training fold,0.841134,12.0,376.64,nested-bayes,,,,,,,,,,,,,,,,,,,,,,,,,,,,,,,,,,,,,,,
EXP-A2,EXP-A2,M8,binary,0,4,r0f4,2597,643,138,0.8320373250388803,0.8689691674618321,0.931297709923664,0.806640625,0.5520361990950227,0.6931818181818182,0.6258040046347084,0.939766221374046,0.6936095590831532,122.0,99.0,413.0,9.0,643.0,131.0,512.0,0.216365473509085,0.043190601639577,3.74251,0.019134,"{""colsample_bytree"": 0.5282057895135501, ""learning_rate"": 0.007955537581329894, ""max_depth"": 3, ""n_estimators"": 513, ""reg_lambda"": 7.726718477963435, ""subsample"": 0.8603553891795412}",bayes search inside this training fold,0.836558,12.0,303.69,nested-bayes,,,,,,,,,,,,,,,,,,,,,,,,,,,,,,,,,,,,,,,
EXP-A2,EXP-A2,M8,binary,1,0,r1f0,2593,647,138,0.8284389489953632,0.7964548396587232,0.7424242424242424,0.8504854368932039,0.56,0.6384364820846905,0.5378845832274025,0.8990732568402471,0.7058805838234092,98.0,77.0,438.0,34.0,647.0,132.0,515.0,0.2365064742436243,0.0511687484554014,36.148103,0.050291,"{""colsample_bytree"": 0.7189590299111618, ""learning_rate"": 0.003178714290326965, ""max_depth"": 8, ""n_estimators"": 972, ""reg_lambda"": 0.07968161631400494, ""subsample"": 0.8625526388057163}",bayes search inside this training fold,0.861378,12.0,520.92,nested-bayes,,,,,,,,,,,,,,,,,,,,,,,,,,,,,,,,,,,,,,,
EXP-A2,EXP-A2,M8,binary,1,1,r1f1,2585,655,138,0.8854961832061069,0.8300748044882693,0.7352941176470589,0.9248554913294798,0.7194244604316546,0.7272727272727273,0.654882299943001,0.9451292077524652,0.8030943600283413,100.0,39.0,480.0,36.0,655.0,136.0,519.0,0.1964307478088199,0.1290411489610454,27.094469,0.038468,"{""colsample_bytree"": 0.9458758795247741, ""learning_rate"": 0.0024593048096243067, ""max_depth"": 10, ""n_estimators"": 450, ""reg_lambda"": 0.3103305317506921, ""subsample"": 0.6581277976876803}",bayes search inside this training fold,0.842887,12.0,436.7,nested-bayes,,,,,,,,,,,,,,,,,,,,,,,,,,,,,,,,,,,,,,,
EXP-A2,EXP-A2,M8,binary,1,2,r1f2,2596,644,138,0.8944099378881988,0.8797226314301445,0.8549618320610687,0.9044834307992202,0.6956521739130435,0.7671232876712328,0.7059993553136834,0.965805097986697,0.9026996662348884,112.0,49.0,464.0,19.0,644.0,131.0,513.0,0.1333500586431226,0.0399875527027971,2.79546,0.019217,"{""colsample_bytree"": 0.8596567680568421, ""learning_rate"": 0.016263704328347166, ""max_depth"": 2, ""n_estimators"": 570, ""reg_lambda"": 0.20415077424600683, ""subsample"": 0.9563880166167034}",bayes search inside this training fold,0.837898,12.0,320.35,nested-bayes,,,,,,,,,,,,,,,,,,,,,,,,,,,,,,,,,,,,,,,
EXP-A2,EXP-A2,M8,binary,1,3,r1f3,2589,651,138,0.8740399385560675,0.8385012919896642,0.7777777777777778,0.8992248062015504,0.6687898089171974,0.7191780821917808,0.6416065083291126,0.9251722652885443,0.7345501021664453,105.0,52.0,464.0,30.0,651.0,135.0,516.0,0.3584161353155703,0.2785378594735433,11.652996,0.030523,"{""colsample_bytree"": 0.5325561069015637, ""learning_rate"": 0.0010863803807993648, ""max_depth"": 7, ""n_estimators"": 325, ""reg_lambda"": 10.804645411806371, ""subsample"": 0.9791507670379362}",bayes search inside this training fold,0.84396,12.0,347.16,nested-bayes,,,,,,,,,,,,,,,,,,,,,,,,,,,,,,,,,,,,,,,
EXP-A2,EXP-A2,M8,binary,1,4,r1f4,2597,643,138,0.8569206842923794,0.8817539360687023,0.9236641221374046,0.83984375,0.5960591133004927,0.7245508982035929,0.6616217753555884,0.960162213740458,0.821721114840956,121.0,82.0,430.0,10.0,643.0,131.0,512.0,0.1790036814897454,0.0418543991738492,4.088295,0.01754,"{""colsample_bytree"": 0.5282057895135501, ""learning_rate"": 0.007955537581329894, ""max_depth"": 3, ""n_estimators"": 513, ""reg_lambda"": 7.726718477963435, ""subsample"": 0.8603553891795412}",bayes search inside this training fold,0.825456,12.0,368.97,nested-bayes,,,,,,,,,,,,,,,,,,,,,,,,,,,,,,,,,,,,,,,
EXP-A2,EXP-A2,M8,binary,2,0,r2f0,2596,644,138,0.8105590062111802,0.7986697022454354,0.7786259541984732,0.8187134502923976,0.5230769230769231,0.6257668711656442,0.523329261785501,0.8843652813118462,0.6120863641461683,102.0,93.0,420.0,29.0,644.0,131.0,513.0,0.3572595684653051,0.1933485126088124,7.905377,0.019912,"{""colsample_bytree"": 0.6031739075362158, ""learning_rate"": 0.002146080832680435, ""max_depth"": 7, ""n_estimators"": 208, ""reg_lambda"": 5.23644684597457, ""subsample"": 0.9996264732325537}",bayes search inside this training fold,0.867187,12.0,333.26,nested-bayes,,,,,,,,,,,,,,,,,,,,,,,,,,,,,,,,,,,,,,,
EXP-A2,EXP-A2,M8,binary,2,1,r2f1,2589,651,138,0.8294930875576036,0.8650076503363261,0.9253731343283582,0.804642166344294,0.5511111111111111,0.6908077994428969,0.6206311578355987,0.9451340974046596,0.7907450185464593,124.0,101.0,416.0,10.0,651.0,134.0,517.0,0.2025751843428347,0.0475532175392232,3.953329,0.018321,"{""colsample_bytree"": 0.5282057895135501, ""learning_rate"": 0.007955537581329894, ""max_depth"": 3, ""n_estimators"": 513, ""reg_lambda"": 7.726718477963435, ""subsample"": 0.8603553891795412}",bayes search inside this training fold,0.846266,12.0,358.27,nested-bayes,,,,,,,,,,,,,,,,,,,,,,,,,,,,,,,,,,,,,,,
EXP-A2,EXP-A2,M8,binary,2,2,r2f2,2585,655,138,0.8717557251908397,0.8732843897077474,0.8759124087591241,0.8706563706563707,0.6417112299465241,0.7407407407407407,0.6722816510134484,0.9618831553138124,0.8812738455715076,120.0,67.0,451.0,17.0,655.0,137.0,518.0,0.157195045551698,0.0471298417972244,1.109604,0.015732,"{""colsample_bytree"": 0.5003282298684297, ""learning_rate"": 0.11198756955424709, ""max_depth"": 3, ""n_estimators"": 143, ""reg_lambda"": 97.99544357487585, ""subsample"": 0.9071874605057382}",bayes search inside this training fold,0.844603,12.0,331.41,nested-bayes,,,,,,,,,,,,,,,,,,,,,,,,,,,,,,,,,,,,,,,
EXP-A2,EXP-A2,M8,binary,2,3,r2f3,2597,643,138,0.8615863141524106,0.8875238549618321,0.931297709923664,0.84375,0.6039603960396039,0.7327327327327328,0.6725182686236565,0.9491292938931296,0.7683934934686703,122.0,80.0,432.0,9.0,643.0,131.0,512.0,0.1912826560906564,0.0244933734785527,3.953764,0.018186,"{""colsample_bytree"": 0.5282057895135501, ""learning_rate"": 0.007955537581329894, ""max_depth"": 3, ""n_estimators"": 513, ""reg_lambda"": 7.726718477963435, ""subsample"": 0.8603553891795412}",bayes search inside this training fold,0.827495,12.0,380.18,nested-bayes,,,,,,,,,,,,,,,,,,,,,,,,,,,,,,,,,,,,,,,
EXP-A2,EXP-A2,M8,binary,2,4,r2f4,2593,647,138,0.8608964451313755,0.8450132391879965,0.8181818181818182,0.8718446601941747,0.6206896551724138,0.7058823529411765,0.6271207081470261,0.9392468373050896,0.7462493213073731,108.0,66.0,449.0,24.0,647.0,132.0,515.0,0.1777320282688388,0.0300924216945536,3.911864,0.018234,"{""colsample_bytree"": 0.5282057895135501, ""learning_rate"": 0.007955537581329894, ""max_depth"": 3, ""n_estimators"": 513, ""reg_lambda"": 7.726718477963435, ""subsample"": 0.8603553891795412}",bayes search inside this training fold,0.837086,12.0,345.99,nested-bayes,,,,,,,,,,,,,,,,,,,,,,,,,,,,,,,,,,,,,,,
EXP-A2,EXP-A2,M8,binary,3,0,r3f0,2596,644,138,0.8493788819875776,0.7889305536955196,0.6870229007633588,0.8908382066276803,0.6164383561643836,0.6498194945848376,0.5555545343920845,0.9100784191181942,0.7290288010079757,90.0,56.0,457.0,41.0,644.0,131.0,513.0,0.2187093485090774,0.0553855890442865,5.804715,0.017819,"{""colsample_bytree"": 0.7845999156298387, ""learning_rate"": 0.04677454494018713, ""max_depth"": 5, ""n_estimators"": 274, ""reg_lambda"": 7.19988632211504, ""subsample"": 0.9914158698074835}",bayes search inside this training fold,0.854054,12.0,453.02,nested-bayes,,,,,,,,,,,,,,,,,,,,,,,,,,,,,,,,,,,,,,,
EXP-A2,EXP-A2,M8,binary,3,1,r3f1,2593,647,138,0.8948995363214838,0.8832744924977936,0.8636363636363636,0.9029126213592232,0.6951219512195121,0.7702702702702703,0.7101253292457458,0.947852309502795,0.7977075361535226,114.0,50.0,465.0,18.0,647.0,132.0,515.0,0.1619430709152593,0.0321063601989097,3.275219,0.039186,"{""colsample_bytree"": 0.937064594835139, ""learning_rate"": 0.07483599352406949, ""max_depth"": 2, ""n_estimators"": 580, ""reg_lambda"": 10.840558189347515, ""subsample"": 0.8986698471373711}",bayes search inside this training fold,0.834651,12.0,621.76,nested-bayes,,,,,,,,,,,,,,,,,,,,,,,,,,,,,,,,,,,,,,,
EXP-A2,EXP-A2,M8,binary,3,2,r3f2,2585,655,138,0.9129770992366412,0.879972798367902,0.8235294117647058,0.9364161849710982,0.7724137931034483,0.797153024911032,0.7424488636924581,0.9565765612603424,0.8370367777725419,112.0,33.0,486.0,24.0,655.0,136.0,519.0,0.1353381958578615,0.0167369217363022,24.419141,0.041894,"{""colsample_bytree"": 0.6657432820609162, ""learning_rate"": 0.062282582709858356, ""max_depth"": 10, ""n_estimators"": 687, ""reg_lambda"": 35.08725555631322, ""subsample"": 0.999505535535215}",bayes search inside this training fold,0.823204,12.0,525.16,nested-bayes,,,,,,,,,,,,,,,,,,,,,,,,,,,,,,,,,,,,,,,
EXP-A2,EXP-A2,M8,binary,3,3,r3f3,2589,651,138,0.912442396313364,0.8599913867355728,0.7703703703703704,0.9496124031007752,0.8,0.7849056603773585,0.730168852247909,0.9430232558139536,0.8282641763136528,104.0,26.0,490.0,31.0,651.0,135.0,516.0,0.1502706634036368,0.0539549213766868,20.740841,0.038777,"{""colsample_bytree"": 0.7128259599938278, ""learning_rate"": 0.04118864685280301, ""max_depth"": 7, ""n_estimators"": 772, ""reg_lambda"": 9.693901130278059, ""subsample"": 0.9973482808308047}",bayes search inside this training fold,0.834849,12.0,345.0,nested-bayes,,,,,,,,,,,,,,,,,,,,,,,,,,,,,,,,,,,,,,,
EXP-A2,EXP-A2,M8,binary,3,4,r3f4,2597,643,138,0.8973561430793157,0.8503399332061068,0.7709923664122137,0.9296875,0.7372262773722628,0.753731343283582,0.6892150063477119,0.9435382872137404,0.8271290185508764,101.0,36.0,476.0,30.0,643.0,131.0,512.0,0.2322084575791426,0.1953641936345196,46.892374,0.06353,"{""colsample_bytree"": 0.5, ""learning_rate"": 0.001, ""max_depth"": 9, ""n_estimators"": 949, ""reg_lambda"": 6.724801530396827, ""subsample"": 0.7242016593436258}",bayes search inside this training fold,0.845433,12.0,433.71,nested-bayes,,,,,,,,,,,,,,,,,,,,,,,,,,,,,,,,,,,,,,,
EXP-A2,EXP-A2,M8,binary,4,0,r4f0,2585,655,138,0.815267175572519,0.8264550039669047,0.8455882352941176,0.8073217726396917,0.5348837209302325,0.6552706552706553,0.5639763474306355,0.9120338886999888,0.7113396945055952,115.0,100.0,419.0,21.0,655.0,136.0,519.0,0.2511260324941051,0.0466192847899808,1.111023,0.016097,"{""colsample_bytree"": 0.5389947697076193, ""learning_rate"": 0.11308403121521995, ""max_depth"": 3, ""n_estimators"": 142, ""reg_lambda"": 49.39616496253741, ""subsample"": 0.8326649928854966}",bayes search inside this training fold,0.860879,12.0,318.87,nested-bayes,,,,,,,,,,,,,,,,,,,,,,,,,,,,,,,,,,,,,,,
EXP-A2,EXP-A2,M8,binary,4,1,r4f1,2596,644,138,0.9177018633540373,0.8659211642337395,0.7786259541984732,0.953216374269006,0.8095238095238095,0.7937743190661478,0.7426115551900694,0.956772763120694,0.8747717750937896,102.0,24.0,489.0,29.0,644.0,131.0,513.0,0.1292201464808895,0.0533357742040054,36.946291,0.04638,"{""colsample_bytree"": 0.7229163764267956, ""learning_rate"": 0.0031266912307463765, ""max_depth"": 8, ""n_estimators"": 817, ""reg_lambda"": 0.02511306167739, ""subsample"": 0.8387400631785948}",bayes search inside this training fold,0.830143,12.0,486.05,nested-bayes,,,,,,,,,,,,,,,,,,,,,,,,,,,,,,,,,,,,,,,
EXP-A2,EXP-A2,M8,binary,4,2,r4f2,2593,647,138,0.884080370942813,0.856759340982642,0.8106060606060606,0.9029126213592232,0.6815286624203821,0.740484429065744,0.6707305111188623,0.9479994115916448,0.8311133850244318,107.0,50.0,465.0,25.0,647.0,132.0,515.0,0.1640204704040802,0.0280506978447691,17.555459,0.035422,"{""colsample_bytree"": 0.6895906860623474, ""learning_rate"": 0.014043258416228568, ""max_depth"": 6, ""n_estimators"": 494, ""reg_lambda"": 68.38351705107361, ""subsample"": 0.8972295104198648}",bayes search inside this training fold,0.846691,12.0,379.77,nested-bayes,,,,,,,,,,,,,,,,,,,,,,,,,,,,,,,,,,,,,,,
EXP-A2,EXP-A2,M8,binary,4,3,r4f3,2589,651,138,0.8740399385560675,0.8631136950904392,0.8444444444444444,0.8817829457364341,0.6514285714285715,0.7354838709677419,0.66411281242977,0.943755383290267,0.805807042662235,114.0,61.0,455.0,21.0,651.0,135.0,516.0,0.1731966031276921,0.0244595825946825,11.779742,0.040337,"{""colsample_bytree"": 0.5062181833134413, ""learning_rate"": 0.008500332267029844, ""max_depth"": 4, ""n_estimators"": 965, ""reg_lambda"": 18.408620951505675, ""subsample"": 0.7575872183924575}",bayes search inside this training fold,0.841136,12.0,409.64,nested-bayes,,,,,,,,,,,,,,,,,,,,,,,,,,,,,,,,,,,,,,,
EXP-A2,EXP-A2,M8,binary,4,4,r4f4,2597,643,138,0.8258164852255054,0.8139387523854962,0.7938931297709924,0.833984375,0.5502645502645502,0.65,0.5551198069979544,0.9173425572519084,0.701810424810461,104.0,85.0,427.0,27.0,643.0,131.0,512.0,0.2157618883669356,0.0327196565237979,4.45647,0.024566,"{""colsample_bytree"": 0.5282057895135501, ""learning_rate"": 0.007955537581329894, ""max_depth"": 3, ""n_estimators"": 513, ""reg_lambda"": 7.726718477963435, ""subsample"": 0.8603553891795412}",bayes search inside this training fold,0.847264,12.0,437.27,nested-bayes,,,,,,,,,,,,,,,,,,,,,,,,,,,,,,,,,,,,,,,
EXP-B1,EXP-B1,M1,pascal_a,0,0,r0f0,62,62,138,0.6612903225806451,0.5975490196078431,,,,,,,,,,,,62.0,,,0.4891084659561139,0.1954529967555233,1.0571,0.00288,"{""C"": 5.720419920216622, ""l1_ratio"": 1.0, ""max_iter"": 2000, ""solver"": ""saga""}",bayes search inside this training fold,0.601403,12.0,16.95,nested-bayes,,0.5945919005129532,0.6560624137024816,0.6055555555555555,0.5975490196078431,4.0,0.858207613378139,0.3888888888888889,0.4666666666666667,0.4242424242424242,15.0,0.7,0.8235294117647058,0.7567567567567568,17.0,0.3333333333333333,0.2,0.25,10.0,1.0,0.9,0.9473684210526316,20.0,,,,,,,,,,,,,,,,
EXP-B1,EXP-B1,M1,pascal_a,0,1,r0f1,62,62,138,0.6290322580645161,0.5785539215686275,,,,,,,,,,,,62.0,,,0.5873190068273184,0.2493683081543294,1.330555,0.01558,"{""C"": 6.344089552665764, ""l1_ratio"": 1.0, ""max_iter"": 2000, ""solver"": ""saga""}",bayes search inside this training fold,0.61543,12.0,15.58,nested-bayes,,0.5782467532467532,0.6344365312107247,0.5821428571428572,0.5785539215686275,4.0,0.8520232592284931,0.4285714285714285,0.375,0.4,16.0,0.75,0.7058823529411765,0.7272727272727273,17.0,0.25,0.3333333333333333,0.2857142857142857,9.0,0.9,0.9,0.9,20.0,,,,,,,,,,,,,,,,
EXP-B1,EXP-B1,M1,pascal_a,1,0,r1f0,62,62,138,0.7258064516129032,0.7266135620915033,,,,,,,,,,,,62.0,,,0.5051868196951287,0.2658995801339598,1.197739,0.003592,"{""C"": 60.9677904501411, ""l1_ratio"": 1.0, ""max_iter"": 2000, ""solver"": ""saga""}",bayes search inside this training fold,0.6273,12.0,23.09,nested-bayes,,0.7017234625930279,0.7233488748215255,0.7052083333333333,0.7266135620915033,4.0,0.8790023560011919,0.5833333333333334,0.4375,0.5,16.0,0.8,0.9411764705882352,0.8648648648648649,17.0,0.5,0.7777777777777778,0.6086956521739131,9.0,0.9375,0.75,0.8333333333333334,20.0,,,,,,,,,,,,,,,,
EXP-B1,EXP-B1,M1,pascal_a,1,1,r1f1,62,62,138,0.6451612903225806,0.5909313725490196,,,,,,,,,,,,62.0,,,0.5415848144258063,0.2820722014960758,1.452148,0.002736,"{""C"": 61.78706529052855, ""l1_ratio"": 1.0, ""max_iter"": 2000, ""solver"": ""saga""}",bayes search inside this training fold,0.598676,12.0,23.57,nested-bayes,,0.5965309200603318,0.6482751909696881,0.6110128261831048,0.5909313725490196,4.0,0.8472185164300308,0.3684210526315789,0.4666666666666667,0.4117647058823529,15.0,0.6470588235294118,0.6470588235294118,0.6470588235294118,17.0,0.4285714285714285,0.3,0.3529411764705882,10.0,1.0,0.95,0.9743589743589745,20.0,,,,,,,,,,,,,,,,
EXP-B1,EXP-B1,M1,pascal_a,2,0,r2f0,62,62,138,0.6612903225806451,0.5933823529411765,,,,,,,,,,,,62.0,,,0.3990400941904735,0.1301201697800313,0.053168,0.0053,"{""C"": 0.08014430326185781, ""l1_ratio"": 0.0, ""max_iter"": 1000, ""solver"": ""lbfgs""}",bayes search inside this training fold,0.652105,12.0,9.82,nested-bayes,,0.5927881254369319,0.6598663672709348,0.592687908496732,0.5933823529411765,4.0,0.8725176540883675,0.375,0.4,0.3870967741935484,15.0,0.8235294117647058,0.8235294117647058,0.8235294117647058,17.0,0.2222222222222222,0.2,0.2105263157894736,10.0,0.95,0.95,0.95,20.0,,,,,,,,,,,,,,,,
EXP-B1,EXP-B1,M1,pascal_a,2,1,r2f1,62,62,138,0.5967741935483871,0.572875816993464,,,,,,,,,,,,62.0,,,0.6513117304849336,0.3249212758181482,1.461724,0.004526,"{""C"": 61.787100280343054, ""l1_ratio"": 1.0, ""max_iter"": 2000, ""solver"": ""saga""}",bayes search inside this training fold,0.582513,12.0,15.37,nested-bayes,,0.5855846134000158,0.6211558787678582,0.6202898550724637,0.572875816993464,4.0,0.8159200183696667,0.3478260869565217,0.5,0.4102564102564102,16.0,0.7333333333333333,0.6470588235294118,0.6875,17.0,0.4,0.4444444444444444,0.4210526315789473,9.0,1.0,0.7,0.8235294117647058,20.0,,,,,,,,,,,,,,,,
EXP-B1,EXP-B1,M1,pascal_a,3,0,r3f0,62,62,138,0.6774193548387096,0.6455882352941176,,,,,,,,,,,,62.0,,,0.4852452295800715,0.1813755053741426,0.037374,0.002605,"{""C"": 0.1122383217882262, ""l1_ratio"": 0.0, ""max_iter"": 5000, ""solver"": ""lbfgs""}",bayes search inside this training fold,0.584836,12.0,10.71,nested-bayes,,0.6412184306921149,0.6697264252442521,0.6433712486344065,0.6455882352941176,4.0,0.8610806720396833,0.4615384615384615,0.4,0.4285714285714285,15.0,0.7142857142857143,0.8823529411764706,0.7894736842105263,17.0,0.5555555555555556,0.5,0.5263157894736842,10.0,0.8421052631578947,0.8,0.8205128205128205,20.0,,,,,,,,,,,,,,,,
EXP-B1,EXP-B1,M1,pascal_a,3,1,r3f1,62,62,138,0.6774193548387096,0.6718341503267974,,,,,,,,,,,,62.0,,,0.5203007453900925,0.2006085997004624,0.040476,0.002684,"{""C"": 1.708689609337248, ""l1_ratio"": 0.0, ""max_iter"": 5000, ""solver"": ""lbfgs""}",bayes search inside this training fold,0.707771,12.0,8.68,nested-bayes,,0.6385416666666667,0.6750672043010754,0.6691885964912281,0.6718341503267974,4.0,0.8565774699953812,0.625,0.3125,0.4166666666666667,16.0,0.7333333333333333,0.6470588235294118,0.6875,17.0,0.3684210526315789,0.7777777777777778,0.5,9.0,0.95,0.95,0.95,20.0,,,,,,,,,,,,,,,,
EXP-B1,EXP-B1,M1,pascal_a,4,0,r4f0,62,62,138,0.6774193548387096,0.6475490196078431,,,,,,,,,,,,62.0,,,0.3962377626940664,0.1201514180233059,0.072836,0.003327,"{""C"": 0.017266221722533618, ""l1_ratio"": 0.0, ""max_iter"": 2000, ""solver"": ""saga""}",bayes search inside this training fold,0.626605,12.0,14.82,nested-bayes,,0.635916179337232,0.6772873042822108,0.6349206349206349,0.6475490196078431,4.0,0.8704428498076808,0.3333333333333333,0.2666666666666666,0.2962962962962963,15.0,0.7777777777777778,0.8235294117647058,0.8,17.0,0.4285714285714285,0.6,0.5,10.0,1.0,0.9,0.9473684210526316,20.0,,,,,,,,,,,,,,,,
EXP-B1,EXP-B1,M1,pascal_a,4,1,r4f1,62,62,138,0.6774193548387096,0.6578431372549018,,,,,,,,,,,,62.0,,,0.618765043233748,0.3334893450862332,0.019146,0.002641,"{""C"": 0.0010621468497404184, ""l1_ratio"": 0.0, ""max_iter"": 5000, ""solver"": ""saga""}",bayes search inside this training fold,0.653296,12.0,11.01,nested-bayes,,0.6293040293040293,0.6702540470282407,0.6354166666666666,0.6578431372549018,4.0,0.8675372187773114,0.4444444444444444,0.25,0.32,16.0,0.7222222222222222,0.7647058823529411,0.7428571428571429,17.0,0.375,0.6666666666666666,0.48,9.0,1.0,0.95,0.9743589743589745,20.0,,,,,,,,,,,,,,,,
EXP-B1,EXP-B1,M3,pascal_a,0,0,r0f0,62,62,138,0.6935483870967742,0.6039215686274509,,,,,,,,,,,,62.0,,,0.4874326125658797,0.2205139856457739,0.07386,0.033832,"{""C"": 3.217559031172368, ""class_weight"": ""balanced"", ""gamma"": 0.00013046856657967856}",bayes search inside this training fold,0.582616,12.0,7.13,nested-bayes,,0.549924924924925,0.6300251864767994,0.5051470588235294,0.6039215686274509,4.0,0.9133534974273396,0.4705882352941176,0.5333333333333333,0.5,15.0,0.75,0.8823529411764706,0.8108108108108109,17.0,0.0,0.0,0.0,10.0,0.8,1.0,0.8888888888888888,20.0,,,,,,,,,,,,,,,,
EXP-B1,EXP-B1,M3,pascal_a,0,1,r0f1,62,62,138,0.6935483870967742,0.6856209150326797,,,,,,,,,,,,62.0,,,0.4485731816758531,0.1231770123120295,0.068206,0.01984,"{""C"": 1.9247346954836364, ""class_weight"": ""balanced"", ""gamma"": 0.003090214998845765}",bayes search inside this training fold,0.629799,12.0,6.81,nested-bayes,,0.6443781245265869,0.6737157126730554,0.6589781746031745,0.6856209150326797,4.0,0.8595029227168034,0.5714285714285714,0.25,0.3478260869565217,16.0,0.7222222222222222,0.7647058823529411,0.7428571428571429,17.0,0.4375,0.7777777777777778,0.56,9.0,0.9047619047619048,0.95,0.926829268292683,20.0,,,,,,,,,,,,,,,,
EXP-B1,EXP-B1,M3,pascal_a,1,0,r1f0,62,62,138,0.7096774193548387,0.6944444444444444,,,,,,,,,,,,62.0,,,0.4435952084050743,0.1821625383135299,0.08071,0.025324,"{""C"": 96.09812947036423, ""class_weight"": null, ""gamma"": 0.0008263688714158015}",bayes search inside this training fold,0.56673,12.0,7.14,nested-bayes,,0.5857085460389487,0.6121324538451687,0.5111413043478261,0.6944444444444444,4.0,0.8791502834727,0.0,0.0,0.0,16.0,0.7083333333333334,1.0,0.8292682926829268,17.0,0.4666666666666667,0.7777777777777778,0.5833333333333334,9.0,0.8695652173913043,1.0,0.9302325581395348,20.0,,,,,,,,,,,,,,,,
EXP-B1,EXP-B1,M3,pascal_a,1,1,r1f1,62,62,138,0.6612903225806451,0.5806372549019607,,,,,,,,,,,,62.0,,,0.447601402564904,0.1942379972130903,0.074071,0.026243,"{""C"": 7.219059299846868, ""class_weight"": ""balanced"", ""gamma"": 0.0027637329146332416}",bayes search inside this training fold,0.651045,12.0,7.11,nested-bayes,,0.5371336996336996,0.618539524991138,0.5083333333333333,0.5806372549019607,4.0,0.8719290825986696,0.4166666666666667,0.6666666666666666,0.5128205128205128,15.0,0.6666666666666666,0.7058823529411765,0.6857142857142857,17.0,0.0,0.0,0.0,10.0,0.95,0.95,0.95,20.0,,,,,,,,,,,,,,,,
EXP-B1,EXP-B1,M3,pascal_a,2,0,r2f0,62,62,138,0.6612903225806451,0.5914215686274509,,,,,,,,,,,,62.0,,,0.4375004461383675,0.1399281829894024,0.079745,0.023269,"{""C"": 1000.0, ""class_weight"": null, ""gamma"": 0.0017355539850116507}",bayes search inside this training fold,0.615602,12.0,7.93,nested-bayes,,0.575342336970244,0.636284764191741,0.5701581027667985,0.5914215686274509,4.0,0.8560498203645888,0.4545454545454545,0.3333333333333333,0.3846153846153846,15.0,0.75,0.8823529411764706,0.8108108108108109,17.0,0.25,0.2,0.2222222222222222,10.0,0.8260869565217391,0.95,0.8837209302325582,20.0,,,,,,,,,,,,,,,,
EXP-B1,EXP-B1,M3,pascal_a,2,1,r2f1,62,62,138,0.6612903225806451,0.5652573529411764,,,,,,,,,,,,62.0,,,0.4540896231747969,0.1860138021849014,0.109646,0.024391,"{""C"": 0.01, ""class_weight"": ""balanced"", ""gamma"": 0.0001}",bayes search inside this training fold,0.603907,12.0,7.06,nested-bayes,,0.5234265734265734,0.610542146026017,0.4924242424242424,0.5652573529411764,4.0,0.8943155403397345,0.5,0.4375,0.4666666666666667,16.0,0.6363636363636364,0.8235294117647058,0.717948717948718,17.0,0.0,0.0,0.0,9.0,0.8333333333333334,1.0,0.9090909090909092,20.0,,,,,,,,,,,,,,,,
EXP-B1,EXP-B1,M3,pascal_a,3,0,r3f0,62,62,138,0.6612903225806451,0.5747549019607843,,,,,,,,,,,,62.0,,,0.4892687502685029,0.1796757102088731,0.074555,0.028232,"{""C"": 0.06904237819271952, ""class_weight"": ""balanced"", ""gamma"": 0.000918023231548625}",bayes search inside this training fold,0.603724,12.0,7.02,nested-bayes,,0.5243592596713772,0.6041791548365559,0.4823153899240856,0.5747549019607843,4.0,0.8670150397856906,0.3888888888888889,0.4666666666666667,0.4242424242424242,15.0,0.7142857142857143,0.8823529411764706,0.7894736842105263,17.0,0.0,0.0,0.0,10.0,0.8260869565217391,0.95,0.8837209302325582,20.0,,,,,,,,,,,,,,,,
EXP-B1,EXP-B1,M3,pascal_a,3,1,r3f1,62,62,138,0.5806451612903226,0.5303921568627451,,,,,,,,,,,,62.0,,,0.4525244528003863,0.2763335260351039,0.085909,0.021358,"{""C"": 196.00189237673715, ""class_weight"": null, ""gamma"": 0.0002697639376598033}",bayes search inside this training fold,0.713294,12.0,6.85,nested-bayes,,0.5226455455113992,0.5808498805154981,0.5324404761904762,0.5303921568627451,4.0,0.8413725267588577,0.4,0.25,0.3076923076923077,16.0,0.625,0.5882352941176471,0.6060606060606061,17.0,0.2,0.3333333333333333,0.25,9.0,0.9047619047619048,0.95,0.926829268292683,20.0,,,,,,,,,,,,,,,,
EXP-B1,EXP-B1,M3,pascal_a,4,0,r4f0,62,62,138,0.6612903225806451,0.6245098039215686,,,,,,,,,,,,62.0,,,0.4758957221226225,0.1668642259754884,0.079139,0.031193,"{""C"": 2.151140310517972, ""class_weight"": ""balanced"", ""gamma"": 0.004973737230039493}",bayes search inside this training fold,0.654076,12.0,6.9,nested-bayes,,0.617912234191304,0.6525094477082474,0.6165802042160738,0.6245098039215686,4.0,0.8546657165321121,0.4166666666666667,0.3333333333333333,0.3703703703703703,15.0,0.8125,0.7647058823529411,0.7878787878787878,17.0,0.4545454545454545,0.5,0.4761904761904761,10.0,0.782608695652174,0.9,0.8372093023255814,20.0,,,,,,,,,,,,,,,,
EXP-B1,EXP-B1,M3,pascal_a,4,1,r4f1,62,62,138,0.6129032258064516,0.5224264705882353,,,,,,,,,,,,62.0,,,0.5175800960958188,0.2288895286626442,0.106876,0.02066,"{""C"": 0.01, ""class_weight"": ""balanced"", ""gamma"": 0.0001}",bayes search inside this training fold,0.696413,12.0,6.93,nested-bayes,,0.5056568969051035,0.5937454131928146,0.4900793650793651,0.5224264705882353,4.0,0.865051955633224,0.3333333333333333,0.375,0.3529411764705882,16.0,0.7222222222222222,0.7647058823529411,0.7428571428571429,17.0,0.0,0.0,0.0,9.0,0.9047619047619048,0.95,0.926829268292683,20.0,,,,,,,,,,,,,,,,
EXP-B1,EXP-B1,M4,pascal_a,0,0,r0f0,62,62,138,0.7096774193548387,0.6997549019607843,,,,,,,,,,,,62.0,,,0.3836776031653696,0.1849140478583434,0.771092,0.134456,"{""class_weight"": null, ""max_depth"": 10, ""max_features"": ""sqrt"", ""min_samples_leaf"": 9, ""n_estimators"": 231}",bayes search inside this training fold,0.596955,12.0,55.31,nested-bayes,,0.6208655013209093,0.65874388332612,0.6696428571428572,0.6997549019607843,4.0,0.9109579654283972,0.5,0.0666666666666666,0.1176470588235294,15.0,0.75,0.8823529411764706,0.8108108108108109,17.0,0.4285714285714285,0.9,0.5806451612903226,10.0,1.0,0.95,0.9743589743589745,20.0,,,,,,,,,,,,,,,,
EXP-B1,EXP-B1,M4,pascal_a,0,1,r0f1,62,62,138,0.6612903225806451,0.6696486928104575,,,,,,,,,,,,62.0,,,0.4227005535683086,0.0720735189850969,3.054136,0.537404,"{""class_weight"": ""balanced_subsample"", ""max_depth"": 30, ""max_features"": 0.3, ""min_samples_leaf"": 10, ""n_estimators"": 971}",bayes search inside this training fold,0.645684,12.0,99.46,nested-bayes,,0.5966791979949875,0.6257579432452097,0.6674603174603174,0.6696486928104575,4.0,0.8833570242767603,0.6666666666666666,0.125,0.2105263157894736,16.0,0.7222222222222222,0.7647058823529411,0.7428571428571429,17.0,0.3809523809523809,0.8888888888888888,0.5333333333333333,9.0,0.9,0.9,0.9,20.0,,,,,,,,,,,,,,,,
EXP-B1,EXP-B1,M4,pascal_a,1,0,r1f0,62,62,138,0.7258064516129032,0.7393382352941176,,,,,,,,,,,,62.0,,,0.3671230895035701,0.1121441139505655,0.366002,0.072822,"{""class_weight"": ""balanced_subsample"", ""max_depth"": 5, ""max_features"": 0.3, ""min_samples_leaf"": 2, ""n_estimators"": 100}",bayes search inside this training fold,0.64098,12.0,83.24,nested-bayes,,0.6567073170731708,0.6758589037503279,0.6735588972431078,0.7393382352941176,4.0,0.9014449428937558,0.5,0.125,0.2,16.0,0.7894736842105263,0.8823529411764706,0.8333333333333334,17.0,0.5,1.0,0.6666666666666666,9.0,0.9047619047619048,0.95,0.926829268292683,20.0,,,,,,,,,,,,,,,,
EXP-B1,EXP-B1,M4,pascal_a,1,1,r1f1,62,62,138,0.7096774193548387,0.670343137254902,,,,,,,,,,,,62.0,,,0.4014310822693734,0.1075110090439852,1.734032,0.295852,"{""class_weight"": ""balanced_subsample"", ""max_depth"": 10, ""max_features"": ""sqrt"", ""min_samples_leaf"": 5, ""n_estimators"": 488}",bayes search inside this training fold,0.672456,12.0,95.32,nested-bayes,,0.6681929181929183,0.7101106778526133,0.6693043798306957,0.670343137254902,4.0,0.8704778256092398,0.5384615384615384,0.4666666666666667,0.5,15.0,0.6842105263157895,0.7647058823529411,0.7222222222222222,17.0,0.4545454545454545,0.5,0.4761904761904761,10.0,1.0,0.95,0.9743589743589745,20.0,,,,,,,,,,,,,,,,
EXP-B1,EXP-B1,M4,pascal_a,2,0,r2f0,62,62,138,0.6774193548387096,0.6453431372549019,,,,,,,,,,,,62.0,,,0.404944135955704,0.1005110264629905,0.482156,0.096475,"{""class_weight"": ""balanced_subsample"", ""max_depth"": 30, ""max_features"": ""log2"", ""min_samples_leaf"": 5, ""n_estimators"": 147}",bayes search inside this training fold,0.653094,12.0,84.66,nested-bayes,,0.6364692218350755,0.6721094274202063,0.6312385531135531,0.6453431372549019,4.0,0.870691701394142,0.3076923076923077,0.2666666666666666,0.2857142857142857,15.0,0.8125,0.7647058823529411,0.7878787878787878,17.0,0.5,0.6,0.5454545454545454,10.0,0.9047619047619048,0.95,0.926829268292683,20.0,,,,,,,,,,,,,,,,
EXP-B1,EXP-B1,M4,pascal_a,2,1,r2f1,62,62,138,0.7096774193548387,0.7003267973856209,,,,,,,,,,,,62.0,,,0.4123273318954227,0.1552576545305023,0.363275,0.086367,"{""class_weight"": null, ""max_depth"": 5, ""max_features"": ""log2"", ""min_samples_leaf"": 9, ""n_estimators"": 104}",bayes search inside this training fold,0.708561,12.0,86.87,nested-bayes,,0.6596060943887031,0.695496337852579,0.6800088456435205,0.7003267973856209,4.0,0.8986682386586027,0.5714285714285714,0.25,0.3478260869565217,16.0,0.7368421052631579,0.8235294117647058,0.7777777777777778,17.0,0.4117647058823529,0.7777777777777778,0.5384615384615384,9.0,1.0,0.95,0.9743589743589745,20.0,,,,,,,,,,,,,,,,
EXP-B1,EXP-B1,M4,pascal_a,3,0,r3f0,62,62,138,0.6935483870967742,0.6580882352941175,,,,,,,,,,,,62.0,,,0.4040926942169082,0.0922854462777004,0.706962,0.123712,"{""class_weight"": ""balanced_subsample"", ""max_depth"": 10, ""max_features"": ""sqrt"", ""min_samples_leaf"": 4, ""n_estimators"": 190}",bayes search inside this training fold,0.694612,12.0,37.26,nested-bayes,,0.6390757381258023,0.6702844838295582,0.6297619047619047,0.6580882352941175,4.0,0.8800567349143694,0.3,0.2,0.24,15.0,0.7142857142857143,0.8823529411764706,0.7894736842105263,17.0,0.6,0.6,0.6,10.0,0.9047619047619048,0.95,0.926829268292683,20.0,,,,,,,,,,,,,,,,
EXP-B1,EXP-B1,M4,pascal_a,3,1,r3f1,62,62,138,0.6612903225806451,0.6805147058823529,,,,,,,,,,,,62.0,,,0.4025569479596458,0.118961780940664,3.148593,0.449849,"{""class_weight"": ""balanced_subsample"", ""max_depth"": null, ""max_features"": 0.3, ""min_samples_leaf"": 7, ""n_estimators"": 892}",bayes search inside this training fold,0.637134,12.0,98.29,nested-bayes,,0.6048160173160173,0.6358609132802681,0.6427884615384616,0.6805147058823529,4.0,0.862420597340659,0.4,0.125,0.1904761904761904,16.0,0.8461538461538461,0.6470588235294118,0.7333333333333333,17.0,0.375,1.0,0.5454545454545454,9.0,0.95,0.95,0.95,20.0,,,,,,,,,,,,,,,,
EXP-B1,EXP-B1,M4,pascal_a,4,0,r4f0,62,62,138,0.6451612903225806,0.5975490196078431,,,,,,,,,,,,62.0,,,0.4401529566397741,0.1044299201240145,0.652694,0.148296,"{""class_weight"": ""balanced_subsample"", ""max_depth"": 10, ""max_features"": ""sqrt"", ""min_samples_leaf"": 4, ""n_estimators"": 190}",bayes search inside this training fold,0.724766,12.0,62.3,nested-bayes,,0.5985563456151691,0.6495332624364883,0.6003002157800919,0.5975490196078431,4.0,0.8549521799991135,0.2666666666666666,0.2666666666666666,0.2666666666666666,15.0,0.8235294117647058,0.8235294117647058,0.8235294117647058,17.0,0.3636363636363636,0.4,0.3809523809523809,10.0,0.9473684210526316,0.9,0.9230769230769232,20.0,,,,,,,,,,,,,,,,
EXP-B1,EXP-B1,M4,pascal_a,4,1,r4f1,62,62,138,0.6451612903225806,0.5785334967320261,,,,,,,,,,,,62.0,,,0.4080935483870967,0.1938709677419354,0.329553,0.082388,"{""class_weight"": ""balanced"", ""max_depth"": 10, ""max_features"": ""sqrt"", ""min_samples_leaf"": 1, ""n_estimators"": 100}",bayes search inside this training fold,0.696164,12.0,48.07,nested-bayes,,0.5825013401232914,0.6463771279860973,0.6118953510257858,0.5785334967320261,4.0,0.8699787826328234,0.391304347826087,0.5625,0.4615384615384615,16.0,0.8181818181818182,0.5294117647058824,0.6428571428571429,17.0,0.2857142857142857,0.2222222222222222,0.25,9.0,0.9523809523809524,1.0,0.975609756097561,20.0,,,,,,,,,,,,,,,,
EXP-B1,EXP-B1,M5,pascal_a,0,0,r0f0,62,62,138,0.6774193548387096,0.6431372549019608,,,,,,,,,,,,62.0,,,0.3893843062178619,0.0790151466720629,8.567786,0.021624,"{""learning_rate"": 0.0031266912307463765, ""max_depth"": 7, ""min_samples_leaf"": 9, ""n_estimators"": 658, ""subsample"": 0.8387400631785948}",bayes search inside this training fold,0.584652,5.0,28.16,nested-bayes,,0.6502269660164397,0.6847091787669038,0.660453216374269,0.6431372549019608,4.0,0.8973762800264677,0.3888888888888889,0.4666666666666667,0.4242424242424242,15.0,0.75,0.7058823529411765,0.7272727272727273,17.0,0.5555555555555556,0.5,0.5263157894736842,10.0,0.9473684210526316,0.9,0.9230769230769232,20.0,,,,,,,,,,,,,,,,
EXP-B1,EXP-B1,M5,pascal_a,0,1,r0f1,62,62,138,0.6935483870967742,0.6865400326797386,,,,,,,,,,,,62.0,,,0.5717268944192638,0.2780349107700181,1.730041,0.00994,"{""learning_rate"": 0.44262861542667187, ""max_depth"": 3, ""min_samples_leaf"": 11, ""n_estimators"": 194, ""subsample"": 0.9995879620187467}",bayes search inside this training fold,0.567399,5.0,35.95,nested-bayes,,0.6553682606112274,0.6705271508918073,0.6796574014221073,0.6865400326797386,4.0,0.8626413066935825,0.7142857142857143,0.3125,0.4347826086956521,16.0,0.7058823529411765,0.7058823529411765,0.7058823529411765,17.0,0.5384615384615384,0.7777777777777778,0.6363636363636364,9.0,0.76,0.95,0.8444444444444444,20.0,,,,,,,,,,,,,,,,
EXP-B1,EXP-B1,M5,pascal_a,1,0,r1f0,62,62,138,0.6612903225806451,0.6313521241830066,,,,,,,,,,,,62.0,,,0.4081587604685807,0.2019343079963088,8.548101,0.028082,"{""learning_rate"": 0.0031266912307463765, ""max_depth"": 7, ""min_samples_leaf"": 9, ""n_estimators"": 658, ""subsample"": 0.8387400631785948}",bayes search inside this training fold,0.615516,5.0,93.79,nested-bayes,,0.5988983548766158,0.640271407452333,0.5955357142857143,0.6313521241830066,4.0,0.8927756254265448,0.375,0.1875,0.25,16.0,0.75,0.8823529411764706,0.8108108108108109,17.0,0.3571428571428571,0.5555555555555556,0.4347826086956521,9.0,0.9,0.9,0.9,20.0,,,,,,,,,,,,,,,,
EXP-B1,EXP-B1,M5,pascal_a,1,1,r1f1,62,62,138,0.5967741935483871,0.5306372549019608,,,,,,,,,,,,62.0,,,0.7352330972197649,0.3736463801275728,2.285874,0.017581,"{""learning_rate"": 0.4049154811199577, ""max_depth"": 2, ""min_samples_leaf"": 4, ""n_estimators"": 116, ""subsample"": 0.7020677802628514}",bayes search inside this training fold,0.637342,5.0,106.66,nested-bayes,,0.531579939668175,0.5955395805965066,0.5381468376824414,0.5306372549019608,4.0,0.8476192004352204,0.2352941176470588,0.2666666666666666,0.25,15.0,0.631578947368421,0.7058823529411765,0.6666666666666666,17.0,0.2857142857142857,0.2,0.2352941176470588,10.0,1.0,0.95,0.9743589743589745,20.0,,,,,,,,,,,,,,,,
EXP-B1,EXP-B1,M5,pascal_a,2,0,r2f0,62,62,138,0.6451612903225806,0.5600490196078431,,,,,,,,,,,,62.0,,,0.4161140931435667,0.2317228231661046,1.523462,0.005943,"{""learning_rate"": 0.0173579720185871, ""max_depth"": 4, ""min_samples_leaf"": 13, ""n_estimators"": 170, ""subsample"": 0.6571467271687763}",bayes search inside this training fold,0.622643,5.0,31.58,nested-bayes,,0.5375896700143472,0.6215578284815106,0.5195728291316526,0.5600490196078431,4.0,0.8744890639016109,0.35,0.4666666666666667,0.4,15.0,0.8235294117647058,0.8235294117647058,0.8235294117647058,17.0,0.0,0.0,0.0,10.0,0.9047619047619048,0.95,0.926829268292683,20.0,,,,,,,,,,,,,,,,
EXP-B1,EXP-B1,M5,pascal_a,2,1,r2f1,62,62,138,0.7258064516129032,0.6966094771241831,,,,,,,,,,,,62.0,,,0.5081046944901804,0.2408410410315062,1.24358,0.006013,"{""learning_rate"": 0.4426260313755176, ""max_depth"": 3, ""min_samples_leaf"": 11, ""n_estimators"": 194, ""subsample"": 0.9995875684567654}",bayes search inside this training fold,0.670223,5.0,29.88,nested-bayes,,0.7012370670265407,0.7368914428337179,0.7176113360323887,0.6966094771241831,4.0,0.8979262950394815,0.5,0.625,0.5555555555555556,16.0,0.9230769230769232,0.7058823529411765,0.8,17.0,0.5,0.5555555555555556,0.5263157894736842,9.0,0.9473684210526316,0.9,0.9230769230769232,20.0,,,,,,,,,,,,,,,,
EXP-B1,EXP-B1,M5,pascal_a,3,0,r3f0,62,62,138,0.6935483870967742,0.6580882352941175,,,,,,,,,,,,62.0,,,0.4423310784587781,0.0762232197813849,7.927114,0.020843,"{""learning_rate"": 0.0031266912307463765, ""max_depth"": 7, ""min_samples_leaf"": 9, ""n_estimators"": 658, ""subsample"": 0.8387400631785948}",bayes search inside this training fold,0.614381,5.0,28.35,nested-bayes,,0.636515009380863,0.66715336198027,0.629978354978355,0.6580882352941175,4.0,0.8690687936385684,0.3333333333333333,0.2,0.25,15.0,0.6818181818181818,0.8823529411764706,0.7692307692307693,17.0,0.6,0.6,0.6,10.0,0.9047619047619048,0.95,0.926829268292683,20.0,,,,,,,,,,,,,,,,
EXP-B1,EXP-B1,M5,pascal_a,3,1,r3f1,62,62,138,0.6451612903225806,0.5892156862745097,,,,,,,,,,,,62.0,,,0.42606080422971,0.1422981456020527,1.454415,0.015,"{""learning_rate"": 0.0173579720185871, ""max_depth"": 4, ""min_samples_leaf"": 13, ""n_estimators"": 170, ""subsample"": 0.6571467271687763}",bayes search inside this training fold,0.627353,5.0,56.85,nested-bayes,,0.5777777777777777,0.6420250896057348,0.5967105263157895,0.5892156862745097,4.0,0.8544395116537181,0.5,0.25,0.3333333333333333,16.0,0.7368421052631579,0.8235294117647058,0.7777777777777778,17.0,0.2,0.3333333333333333,0.25,9.0,0.95,0.95,0.95,20.0,,,,,,,,,,,,,,,,
EXP-B1,EXP-B1,M5,pascal_a,4,0,r4f0,62,62,138,0.6451612903225806,0.6017156862745098,,,,,,,,,,,,62.0,,,0.4552164281272933,0.0969392393848894,1.31274,0.006116,"{""learning_rate"": 0.0173579720185871, ""max_depth"": 4, ""min_samples_leaf"": 13, ""n_estimators"": 170, ""subsample"": 0.6571467271687763}",bayes search inside this training fold,0.687492,5.0,49.81,nested-bayes,,0.6076915634674923,0.65455220713073,0.6155228758169935,0.6017156862745098,4.0,0.858128464151618,0.2941176470588235,0.3333333333333333,0.3125,15.0,0.8235294117647058,0.8235294117647058,0.8235294117647058,17.0,0.4,0.4,0.4,10.0,0.9444444444444444,0.85,0.8947368421052632,20.0,,,,,,,,,,,,,,,,
EXP-B1,EXP-B1,M5,pascal_a,4,1,r4f1,62,62,138,0.7096774193548387,0.6625816993464053,,,,,,,,,,,,62.0,,,0.358375217913283,0.1536254261767002,1.304679,0.00805,"{""learning_rate"": 0.0173579720185871, ""max_depth"": 4, ""min_samples_leaf"": 13, ""n_estimators"": 170, ""subsample"": 0.6571467271687763}",bayes search inside this training fold,0.637602,5.0,43.95,nested-bayes,,0.6616655969191271,0.7105107871961571,0.6630952380952382,0.6625816993464053,4.0,0.902264660307656,0.5,0.5,0.5,16.0,0.8,0.7058823529411765,0.75,17.0,0.4,0.4444444444444444,0.4210526315789473,9.0,0.9523809523809524,1.0,0.975609756097561,20.0,,,,,,,,,,,,,,,,
EXP-B1,EXP-B1,M6,pascal_a,0,0,r0f0,62,62,138,0.7096774193548387,0.6247549019607843,,,,,,,,,,,,62.0,,,0.4315915642623541,0.2049297174056889,15.909411,0.190363,"{""members"": {""M3"": {""C"": 3.217559031172368, ""class_weight"": ""balanced"", ""gamma"": 0.00013046856657967856}, ""M4"": {""class_weight"": null, ""max_depth"": 10, ""max_features"": ""sqrt"", ""min_samples_leaf"": 9, ""n_estimators"": 231}, ""M5"": {""learning_rate"": 0.0031266912307463765, ""max_depth"": 7, ""min_samples_leaf"": 9, ""n_estimators"": 658, ""subsample"": 0.8387400631785948}}}","bayes search inside this training fold, per member",,,90.61,nested-bayes,"{""M3"": 0.582616, ""M4"": 0.596955, ""M5"": 0.584652}",0.5778713936608674,0.6639629050494924,0.5461956521739131,0.6247549019607843,4.0,0.90620810926662,0.4347826086956521,0.6666666666666666,0.5263157894736842,15.0,0.75,0.8823529411764706,0.8108108108108109,17.0,0.0,0.0,0.0,10.0,1.0,0.95,0.9743589743589745,20.0,,,,,,,,,,,,,,,,
EXP-B1,EXP-B1,M6,pascal_a,0,1,r0f1,62,62,138,0.6612903225806451,0.6300653594771242,,,,,,,,,,,,62.0,,,0.4358359535185679,0.135099695872027,8.266246,0.508922,"{""members"": {""M3"": {""C"": 1.9247346954836364, ""class_weight"": ""balanced"", ""gamma"": 0.003090214998845765}, ""M4"": {""class_weight"": ""balanced_subsample"", ""max_depth"": 30, ""max_features"": 0.3, ""min_samples_leaf"": 10, ""n_estimators"": 971}, ""M5"": {""learning_rate"": 0.44262861542667187, ""max_depth"": 3, ""min_samples_leaf"": 11, ""n_estimators"": 194, ""subsample"": 0.9995879620187467}}}","bayes search inside this training fold, per member",,,142.21,nested-bayes,"{""M3"": 0.629799, ""M4"": 0.645684, ""M5"": 0.567399}",0.6039337474120082,0.6446804247645762,0.6107503607503608,0.6300653594771242,4.0,0.875631442931288,0.5,0.25,0.3333333333333333,16.0,0.7222222222222222,0.7647058823529411,0.7428571428571429,17.0,0.3571428571428571,0.5555555555555556,0.4347826086956521,9.0,0.8636363636363636,0.95,0.9047619047619048,20.0,,,,,,,,,,,,,,,,
EXP-B1,EXP-B1,M6,pascal_a,1,0,r1f0,62,62,138,0.7419354838709677,0.7378472222222222,,,,,,,,,,,,62.0,,,0.4108844777976732,0.2281773503628966,16.209007,0.15271,"{""members"": {""M3"": {""C"": 96.09812947036423, ""class_weight"": null, ""gamma"": 0.0008263688714158015}, ""M4"": {""class_weight"": ""balanced_subsample"", ""max_depth"": 5, ""max_features"": 0.3, ""min_samples_leaf"": 2, ""n_estimators"": 100}, ""M5"": {""learning_rate"": 0.0031266912307463765, ""max_depth"": 7, ""min_samples_leaf"": 9, ""n_estimators"": 658, ""subsample"": 0.8387400631785948}}}","bayes search inside this training fold, per member",,,184.16,nested-bayes,"{""M3"": 0.56673, ""M4"": 0.64098, ""M5"": 0.615516}",0.6400070028011204,0.6635479353031536,0.7870553359683794,0.7378472222222222,4.0,0.8909101949160851,1.0,0.0625,0.1176470588235294,16.0,0.7391304347826086,1.0,0.85,17.0,0.5,0.8888888888888888,0.64,9.0,0.9090909090909092,1.0,0.9523809523809524,20.0,,,,,,,,,,,,,,,,
EXP-B1,EXP-B1,M6,pascal_a,1,1,r1f1,62,62,138,0.6935483870967742,0.620343137254902,,,,,,,,,,,,62.0,,,0.4340418536912005,0.1433626141658135,5.366472,0.299229,"{""members"": {""M3"": {""C"": 7.219059299846868, ""class_weight"": ""balanced"", ""gamma"": 0.0027637329146332416}, ""M4"": {""class_weight"": ""balanced_subsample"", ""max_depth"": 10, ""max_features"": ""sqrt"", ""min_samples_leaf"": 5, ""n_estimators"": 488}, ""M5"": {""learning_rate"": 0.4049154811199577, ""max_depth"": 2, ""min_samples_leaf"": 4, ""n_estimators"": 116, ""subsample"": 0.7020677802628514}}}","bayes search inside this training fold, per member",,,209.09,nested-bayes,"{""M3"": 0.651045, ""M4"": 0.672456, ""M5"": 0.637342}",0.6011787919682656,0.6689979987942637,0.7797482837528604,0.620343137254902,4.0,0.8623792656724447,0.4347826086956521,0.6666666666666666,0.5263157894736842,15.0,0.6842105263157895,0.7647058823529411,0.7222222222222222,17.0,1.0,0.1,0.1818181818181818,10.0,1.0,0.95,0.9743589743589745,20.0,,,,,,,,,,,,,,,,
EXP-B1,EXP-B1,M6,pascal_a,2,0,r2f0,62,62,138,0.6612903225806451,0.595343137254902,,,,,,,,,,,,62.0,,,0.423186029611944,0.1274004878344175,3.792279,0.173285,"{""members"": {""M3"": {""C"": 1000.0, ""class_weight"": null, ""gamma"": 0.0017355539850116507}, ""M4"": {""class_weight"": ""balanced_subsample"", ""max_depth"": 30, ""max_features"": ""log2"", ""min_samples_leaf"": 5, ""n_estimators"": 147}, ""M5"": {""learning_rate"": 0.0173579720185871, ""max_depth"": 4, ""min_samples_leaf"": 13, ""n_estimators"": 170, ""subsample"": 0.6571467271687763}}}","bayes search inside this training fold, per member",,,124.17,nested-bayes,"{""M3"": 0.615602, ""M4"": 0.653094, ""M5"": 0.622643}",0.5926158386187457,0.6508154027143149,0.603743961352657,0.595343137254902,4.0,0.8725482364249573,0.3888888888888889,0.4666666666666667,0.4242424242424242,15.0,0.8666666666666667,0.7647058823529411,0.8125,17.0,0.3333333333333333,0.2,0.25,10.0,0.8260869565217391,0.95,0.8837209302325582,20.0,,,,,,,,,,,,,,,,
EXP-B1,EXP-B1,M6,pascal_a,2,1,r2f1,62,62,138,0.6774193548387096,0.5961601307189542,,,,,,,,,,,,62.0,,,0.4294878650485649,0.1739996243690811,4.054175,0.115882,"{""members"": {""M3"": {""C"": 0.01, ""class_weight"": ""balanced"", ""gamma"": 0.0001}, ""M4"": {""class_weight"": null, ""max_depth"": 5, ""max_features"": ""log2"", ""min_samples_leaf"": 9, ""n_estimators"": 104}, ""M5"": {""learning_rate"": 0.4426260313755176, ""max_depth"": 3, ""min_samples_leaf"": 11, ""n_estimators"": 194, ""subsample"": 0.9995875684567654}}}","bayes search inside this training fold, per member",,,123.81,nested-bayes,"{""M3"": 0.603907, ""M4"": 0.708561, ""M5"": 0.670223}",0.5855261855261855,0.662112023402346,0.5927631578947368,0.5961601307189542,4.0,0.8978367433930093,0.4210526315789473,0.5,0.4571428571428571,16.0,0.7,0.8235294117647058,0.7567567567567568,17.0,0.25,0.1111111111111111,0.1538461538461538,9.0,1.0,0.95,0.9743589743589745,20.0,,,,,,,,,,,,,,,,
EXP-B1,EXP-B1,M6,pascal_a,3,0,r3f0,62,62,138,0.6774193548387096,0.6247549019607843,,,,,,,,,,,,62.0,,,0.4282276115394714,0.1177968820789173,18.015552,0.190807,"{""members"": {""M3"": {""C"": 0.06904237819271952, ""class_weight"": ""balanced"", ""gamma"": 0.000918023231548625}, ""M4"": {""class_weight"": ""balanced_subsample"", ""max_depth"": 10, ""max_features"": ""sqrt"", ""min_samples_leaf"": 4, ""n_estimators"": 190}, ""M5"": {""learning_rate"": 0.0031266912307463765, ""max_depth"": 7, ""min_samples_leaf"": 9, ""n_estimators"": 658, ""subsample"": 0.8387400631785948}}}","bayes search inside this training fold, per member",,,72.64,nested-bayes,"{""M3"": 0.603724, ""M4"": 0.694612, ""M5"": 0.614381}",0.6142609233109875,0.658814949779379,0.6130952380952381,0.6247549019607843,4.0,0.8801255594982128,0.3333333333333333,0.2666666666666666,0.2962962962962963,15.0,0.7142857142857143,0.8823529411764706,0.7894736842105263,17.0,0.5,0.4,0.4444444444444444,10.0,0.9047619047619048,0.95,0.926829268292683,20.0,,,,,,,,,,,,,,,,
EXP-B1,EXP-B1,M6,pascal_a,3,1,r3f1,62,62,138,0.6129032258064516,0.5607230392156863,,,,,,,,,,,,62.0,,,0.4272228665660818,0.2498941229549434,8.149881,0.492142,"{""members"": {""M3"": {""C"": 196.00189237673715, ""class_weight"": null, ""gamma"": 0.0002697639376598033}, ""M4"": {""class_weight"": ""balanced_subsample"", ""max_depth"": null, ""max_features"": 0.3, ""min_samples_leaf"": 7, ""n_estimators"": 892}, ""M5"": {""learning_rate"": 0.0173579720185871, ""max_depth"": 4, ""min_samples_leaf"": 13, ""n_estimators"": 170, ""subsample"": 0.6571467271687763}}}","bayes search inside this training fold, per member",,,161.99,nested-bayes,"{""M3"": 0.713294, ""M4"": 0.637134, ""M5"": 0.627353}",0.5607992878560719,0.6218156042946269,0.570558608058608,0.5607230392156863,4.0,0.8603143019239416,0.3846153846153846,0.3125,0.3448275862068966,16.0,0.7333333333333333,0.6470588235294118,0.6875,17.0,0.2142857142857142,0.3333333333333333,0.2608695652173913,9.0,0.95,0.95,0.95,20.0,,,,,,,,,,,,,,,,
EXP-B1,EXP-B1,M6,pascal_a,4,0,r4f0,62,62,138,0.6451612903225806,0.5892156862745098,,,,,,,,,,,,62.0,,,0.4418020595845239,0.1422574383113157,4.586039,0.169946,"{""members"": {""M3"": {""C"": 2.151140310517972, ""class_weight"": ""balanced"", ""gamma"": 0.004973737230039493}, ""M4"": {""class_weight"": ""balanced_subsample"", ""max_depth"": 10, ""max_features"": ""sqrt"", ""min_samples_leaf"": 4, ""n_estimators"": 190}, ""M5"": {""learning_rate"": 0.0173579720185871, ""max_depth"": 4, ""min_samples_leaf"": 13, ""n_estimators"": 170, ""subsample"": 0.6571467271687763}}}","bayes search inside this training fold, per member",,,119.01,nested-bayes,"{""M3"": 0.654076, ""M4"": 0.724766, ""M5"": 0.687492}",0.5937239521314599,0.6501118257803318,0.5995872033023736,0.5892156862745098,4.0,0.8740248800011003,0.2941176470588235,0.3333333333333333,0.3125,15.0,0.8235294117647058,0.8235294117647058,0.8235294117647058,17.0,0.3333333333333333,0.3,0.3157894736842105,10.0,0.9473684210526316,0.9,0.9230769230769232,20.0,,,,,,,,,,,,,,,,
EXP-B1,EXP-B1,M6,pascal_a,4,1,r4f1,62,62,138,0.6290322580645161,0.5376838235294118,,,,,,,,,,,,62.0,,,0.4461814566746677,0.2037236464402634,3.841075,0.145703,"{""members"": {""M3"": {""C"": 0.01, ""class_weight"": ""balanced"", ""gamma"": 0.0001}, ""M4"": {""class_weight"": ""balanced"", ""max_depth"": 10, ""max_features"": ""sqrt"", ""min_samples_leaf"": 1, ""n_estimators"": 100}, ""M5"": {""learning_rate"": 0.0173579720185871, ""max_depth"": 4, ""min_samples_leaf"": 13, ""n_estimators"": 170, ""subsample"": 0.6571467271687763}}}","bayes search inside this training fold, per member",,,98.95,nested-bayes,"{""M3"": 0.696413, ""M4"": 0.696164, ""M5"": 0.637602}",0.5172619047619047,0.6061443932411674,0.5133304195804196,0.5376838235294118,4.0,0.876235635592766,0.375,0.5625,0.45,16.0,0.7692307692307693,0.5882352941176471,0.6666666666666666,17.0,0.0,0.0,0.0,9.0,0.9090909090909092,1.0,0.9523809523809524,20.0,,,,,,,,,,,,,,,,
EXP-B1,EXP-B1,M7,pascal_a,0,0,r0f0,62,62,138,0.7258064516129032,0.6683823529411764,,,,,,,,,,,,62.0,,,0.4805154080423409,0.2647049722788783,60.676022,0.212382,"{""members"": {""M3"": {""C"": 3.217559031172368, ""class_weight"": ""balanced"", ""gamma"": 0.00013046856657967856}, ""M4"": {""class_weight"": null, ""max_depth"": 10, ""max_features"": ""sqrt"", ""min_samples_leaf"": 9, ""n_estimators"": 231}, ""M5"": {""learning_rate"": 0.0031266912307463765, ""max_depth"": 7, ""min_samples_leaf"": 9, ""n_estimators"": 658, ""subsample"": 0.8387400631785948}}}","bayes search inside this training fold, per member",,,90.61,nested-bayes,"{""M3"": 0.582616, ""M4"": 0.596955, ""M5"": 0.584652}",0.6719537815126051,0.7211981566820277,0.7058823529411764,0.6683823529411764,4.0,0.8912325063686141,0.45,0.6,0.5142857142857142,15.0,0.8235294117647058,0.8235294117647058,0.8235294117647058,17.0,0.6,0.3,0.4,10.0,0.95,0.95,0.95,20.0,,,,,,,,,,,,,,,,
EXP-B1,EXP-B1,M7,pascal_a,0,1,r0f1,62,62,138,0.6935483870967742,0.7099264705882353,,,,,,,,,,,,62.0,,,0.4200447915016236,0.0950176984457735,37.524961,0.686114,"{""members"": {""M3"": {""C"": 1.9247346954836364, ""class_weight"": ""balanced"", ""gamma"": 0.003090214998845765}, ""M4"": {""class_weight"": ""balanced_subsample"", ""max_depth"": 30, ""max_features"": 0.3, ""min_samples_leaf"": 10, ""n_estimators"": 971}, ""M5"": {""learning_rate"": 0.44262861542667187, ""max_depth"": 3, ""min_samples_leaf"": 11, ""n_estimators"": 194, ""subsample"": 0.9995879620187467}}}","bayes search inside this training fold, per member",,,142.21,nested-bayes,"{""M3"": 0.629799, ""M4"": 0.645684, ""M5"": 0.567399}",0.622977158343012,0.6471082637093653,0.7638888888888888,0.7099264705882353,4.0,0.8753534468545416,1.0,0.125,0.2222222222222222,16.0,0.7222222222222222,0.7647058823529411,0.7428571428571429,17.0,0.4285714285714285,1.0,0.6,9.0,0.9047619047619048,0.95,0.926829268292683,20.0,,,,,,,,,,,,,,,,
EXP-B1,EXP-B1,M7,pascal_a,1,0,r1f0,62,62,138,0.7096774193548387,0.7012459150326797,,,,,,,,,,,,62.0,,,0.4066121358595956,0.1447144420318968,57.613453,0.140754,"{""members"": {""M3"": {""C"": 96.09812947036423, ""class_weight"": null, ""gamma"": 0.0008263688714158015}, ""M4"": {""class_weight"": ""balanced_subsample"", ""max_depth"": 5, ""max_features"": 0.3, ""min_samples_leaf"": 2, ""n_estimators"": 100}, ""M5"": {""learning_rate"": 0.0031266912307463765, ""max_depth"": 7, ""min_samples_leaf"": 9, ""n_estimators"": 658, ""subsample"": 0.8387400631785948}}}","bayes search inside this training fold, per member",,,184.16,nested-bayes,"{""M3"": 0.56673, ""M4"": 0.64098, ""M5"": 0.615516}",0.6732582429990966,0.7020163111577352,0.6731601731601732,0.7012459150326797,4.0,0.8900756082785863,0.4545454545454545,0.3125,0.3703703703703703,16.0,0.8666666666666667,0.7647058823529411,0.8125,17.0,0.4666666666666667,0.7777777777777778,0.5833333333333334,9.0,0.9047619047619048,0.95,0.926829268292683,20.0,,,,,,,,,,,,,,,,
EXP-B1,EXP-B1,M7,pascal_a,1,1,r1f1,62,62,138,0.6290322580645161,0.5556372549019608,,,,,,,,,,,,62.0,,,0.4062621771550652,0.1355893056338014,21.00912,0.429628,"{""members"": {""M3"": {""C"": 7.219059299846868, ""class_weight"": ""balanced"", ""gamma"": 0.0027637329146332416}, ""M4"": {""class_weight"": ""balanced_subsample"", ""max_depth"": 10, ""max_features"": ""sqrt"", ""min_samples_leaf"": 5, ""n_estimators"": 488}, ""M5"": {""learning_rate"": 0.4049154811199577, ""max_depth"": 2, ""min_samples_leaf"": 4, ""n_estimators"": 116, ""subsample"": 0.7020677802628514}}}","bayes search inside this training fold, per member",,,209.09,nested-bayes,"{""M3"": 0.651045, ""M4"": 0.672456, ""M5"": 0.637342}",0.5492094914889033,0.622109563428349,0.5504385964912281,0.5556372549019608,4.0,0.8643692665282152,0.3684210526315789,0.4666666666666667,0.4117647058823529,15.0,0.6666666666666666,0.7058823529411765,0.6857142857142857,17.0,0.1666666666666666,0.1,0.125,10.0,1.0,0.95,0.9743589743589745,20.0,,,,,,,,,,,,,,,,
EXP-B1,EXP-B1,M7,pascal_a,2,0,r2f0,62,62,138,0.6290322580645161,0.5639705882352941,,,,,,,,,,,,62.0,,,0.4064778827703327,0.1203059480206562,15.041385,0.133481,"{""members"": {""M3"": {""C"": 1000.0, ""class_weight"": null, ""gamma"": 0.0017355539850116507}, ""M4"": {""class_weight"": ""balanced_subsample"", ""max_depth"": 30, ""max_features"": ""log2"", ""min_samples_leaf"": 5, ""n_estimators"": 147}, ""M5"": {""learning_rate"": 0.0173579720185871, ""max_depth"": 4, ""min_samples_leaf"": 13, ""n_estimators"": 170, ""subsample"": 0.6571467271687763}}}","bayes search inside this training fold, per member",,,124.17,nested-bayes,"{""M3"": 0.615602, ""M4"": 0.653094, ""M5"": 0.622643}",0.5674216027874565,0.6278942340114646,0.5845238095238096,0.5639705882352941,4.0,0.8734934522090342,0.3,0.4,0.3428571428571428,15.0,0.8,0.7058823529411765,0.75,17.0,0.3333333333333333,0.2,0.25,10.0,0.9047619047619048,0.95,0.926829268292683,20.0,,,,,,,,,,,,,,,,
EXP-B1,EXP-B1,M7,pascal_a,2,1,r2f1,62,62,138,0.6774193548387096,0.5930351307189543,,,,,,,,,,,,62.0,,,0.4299153803958039,0.1609008634809443,14.309422,0.119975,"{""members"": {""M3"": {""C"": 0.01, ""class_weight"": ""balanced"", ""gamma"": 0.0001}, ""M4"": {""class_weight"": null, ""max_depth"": 5, ""max_features"": ""log2"", ""min_samples_leaf"": 9, ""n_estimators"": 104}, ""M5"": {""learning_rate"": 0.4426260313755176, ""max_depth"": 3, ""min_samples_leaf"": 11, ""n_estimators"": 194, ""subsample"": 0.9995875684567654}}}","bayes search inside this training fold, per member",,,123.81,nested-bayes,"{""M3"": 0.603907, ""M4"": 0.708561, ""M5"": 0.670223}",0.5736705286790176,0.6481347850535648,0.5731060606060606,0.5930351307189543,4.0,0.898728948271953,0.4666666666666667,0.4375,0.4516129032258064,16.0,0.6666666666666666,0.8235294117647058,0.7368421052631579,17.0,0.25,0.1111111111111111,0.1538461538461538,9.0,0.9090909090909092,1.0,0.9523809523809524,20.0,,,,,,,,,,,,,,,,
EXP-B1,EXP-B1,M7,pascal_a,3,0,r3f0,62,62,138,0.6774193548387096,0.6247549019607843,,,,,,,,,,,,62.0,,,0.4078553248310463,0.0902309135689806,51.994898,0.161406,"{""members"": {""M3"": {""C"": 0.06904237819271952, ""class_weight"": ""balanced"", ""gamma"": 0.000918023231548625}, ""M4"": {""class_weight"": ""balanced_subsample"", ""max_depth"": 10, ""max_features"": ""sqrt"", ""min_samples_leaf"": 4, ""n_estimators"": 190}, ""M5"": {""learning_rate"": 0.0031266912307463765, ""max_depth"": 7, ""min_samples_leaf"": 9, ""n_estimators"": 658, ""subsample"": 0.8387400631785948}}}","bayes search inside this training fold, per member",,,72.64,nested-bayes,"{""M3"": 0.603724, ""M4"": 0.694612, ""M5"": 0.614381}",0.6181513683779032,0.6604715263885172,0.6245421245421245,0.6247549019607843,4.0,0.8829509013097874,0.3076923076923077,0.2666666666666666,0.2857142857142857,15.0,0.7142857142857143,0.8823529411764706,0.7894736842105263,17.0,0.5714285714285714,0.4,0.4705882352941176,10.0,0.9047619047619048,0.95,0.926829268292683,20.0,,,,,,,,,,,,,,,,
EXP-B1,EXP-B1,M7,pascal_a,3,1,r3f1,62,62,138,0.6290322580645161,0.588500816993464,,,,,,,,,,,,62.0,,,0.4106854895384689,0.187487744867398,26.496662,0.526943,"{""members"": {""M3"": {""C"": 196.00189237673715, ""class_weight"": null, ""gamma"": 0.0002697639376598033}, ""M4"": {""class_weight"": ""balanced_subsample"", ""max_depth"": null, ""max_features"": 0.3, ""min_samples_leaf"": 7, ""n_estimators"": 892}, ""M5"": {""learning_rate"": 0.0173579720185871, ""max_depth"": 4, ""min_samples_leaf"": 13, ""n_estimators"": 170, ""subsample"": 0.6571467271687763}}}","bayes search inside this training fold, per member",,,161.99,nested-bayes,"{""M3"": 0.713294, ""M4"": 0.637134, ""M5"": 0.627353}",0.584205069124424,0.6396580942470641,0.6005952380952381,0.588500816993464,4.0,0.8617218168372078,0.4166666666666667,0.3125,0.3571428571428571,16.0,0.7857142857142857,0.6470588235294118,0.7096774193548387,17.0,0.25,0.4444444444444444,0.32,9.0,0.95,0.95,0.95,20.0,,,,,,,,,,,,,,,,
EXP-B1,EXP-B1,M7,pascal_a,4,0,r4f0,62,62,138,0.6451612903225806,0.5789215686274509,,,,,,,,,,,,62.0,,,0.4337191913580839,0.1376779762753671,21.862245,0.20869,"{""members"": {""M3"": {""C"": 2.151140310517972, ""class_weight"": ""balanced"", ""gamma"": 0.004973737230039493}, ""M4"": {""class_weight"": ""balanced_subsample"", ""max_depth"": 10, ""max_features"": ""sqrt"", ""min_samples_leaf"": 4, ""n_estimators"": 190}, ""M5"": {""learning_rate"": 0.0173579720185871, ""max_depth"": 4, ""min_samples_leaf"": 13, ""n_estimators"": 170, ""subsample"": 0.6571467271687763}}}","bayes search inside this training fold, per member",,,119.01,nested-bayes,"{""M3"": 0.654076, ""M4"": 0.724766, ""M5"": 0.687492}",0.5787355006105006,0.6442369234707944,0.5812048503611971,0.5789215686274509,4.0,0.8662179601791616,0.2941176470588235,0.3333333333333333,0.3125,15.0,0.8333333333333334,0.8823529411764706,0.8571428571428571,17.0,0.25,0.2,0.2222222222222222,10.0,0.9473684210526316,0.9,0.9230769230769232,20.0,,,,,,,,,,,,,,,,
EXP-B1,EXP-B1,M7,pascal_a,4,1,r4f1,62,62,138,0.7096774193548387,0.6130514705882353,,,,,,,,,,,,62.0,,,0.5003091877213027,0.2573916971493865,12.734699,0.146002,"{""members"": {""M3"": {""C"": 0.01, ""class_weight"": ""balanced"", ""gamma"": 0.0001}, ""M4"": {""class_weight"": ""balanced"", ""max_depth"": 10, ""max_features"": ""sqrt"", ""min_samples_leaf"": 1, ""n_estimators"": 100}, ""M5"": {""learning_rate"": 0.0173579720185871, ""max_depth"": 4, ""min_samples_leaf"": 13, ""n_estimators"": 170, ""subsample"": 0.6571467271687763}}}","bayes search inside this training fold, per member",,,98.95,nested-bayes,"{""M3"": 0.696413, ""M4"": 0.696164, ""M5"": 0.637602}",0.5783721359940872,0.6726795889659776,0.5558035714285714,0.6130514705882353,4.0,0.8744659969196867,0.4583333333333333,0.6875,0.55,16.0,0.8125,0.7647058823529411,0.7878787878787878,17.0,0.0,0.0,0.0,9.0,0.9523809523809524,1.0,0.975609756097561,20.0,,,,,,,,,,,,,,,,
EXP-B2,EXP-B2,M1,pascal_b,0,0,r0f0,369,92,138,0.5543478260869565,0.4844663742690058,,,,,,,,,,,,92.0,,,0.6889232889015162,0.2875530906638245,4.618408,0.004445,"{""C"": 0.7455197939848914, ""l1_ratio"": 1.0, ""max_iter"": 5000, ""solver"": ""saga""}",bayes search inside this training fold,0.483647,12.0,116.73,nested-bayes,,0.4853420493664396,0.619694489027734,0.5571638025095472,0.4844663742690058,3.0,0.6638442736367013,0.8085106382978723,0.59375,0.6846846846846847,64.0,0.7692307692307693,0.5263157894736842,0.625,19.0,,,,,,,,,0.09375,0.3333333333333333,0.1463414634146341,9.0,,,,,,,,,,,,
EXP-B2,EXP-B2,M1,pascal_b,0,1,r0f1,369,92,138,0.532608695652174,0.4668920565302143,,,,,,,,,,,,92.0,,,0.8292374686374163,0.4022285607203863,3.692528,0.003692,"{""C"": 321.6415736973637, ""l1_ratio"": 1.0, ""max_iter"": 1000, ""solver"": ""saga""}",bayes search inside this training fold,0.457422,12.0,88.85,nested-bayes,,0.4317166941280416,0.5626384100019622,0.433517368299977,0.4668920565302143,3.0,0.6293309997049229,0.7608695652173914,0.546875,0.6363636363636364,64.0,0.4285714285714285,0.631578947368421,0.5106382978723404,19.0,,,,,,,,,0.1111111111111111,0.2222222222222222,0.1481481481481481,9.0,,,,,,,,,,,,
EXP-B2,EXP-B2,M1,pascal_b,0,2,r0f2,368,93,138,0.5913978494623656,0.5346491228070175,,,,,,,,,,,,93.0,,,0.7253893115591663,0.3430705237972708,0.123515,0.003056,"{""C"": 5.924085907759598, ""l1_ratio"": 0.0, ""max_iter"": 1000, ""solver"": ""lbfgs""}",bayes search inside this training fold,0.466428,12.0,37.98,nested-bayes,,0.5032515793385358,0.6208568585847688,0.505377302436126,0.5346491228070175,3.0,0.6805334559900466,0.7843137254901961,0.625,0.6956521739130435,64.0,0.55,0.5789473684210527,0.5641025641025641,19.0,,,,,,,,,0.1818181818181818,0.4,0.25,10.0,,,,,,,,,,,,
EXP-B2,EXP-B2,M1,pascal_b,0,3,r0f3,369,92,138,0.5760869565217391,0.5000609161793372,,,,,,,,,,,,92.0,,,0.6114209093859972,0.2873808841127142,3.035123,0.003842,"{""C"": 5.316991390353499, ""l1_ratio"": 1.0, ""max_iter"": 1000, ""solver"": ""saga""}",bayes search inside this training fold,0.432672,12.0,98.32,nested-bayes,,0.4838662099153106,0.6147341098933834,0.4951556380127808,0.5000609161793372,3.0,0.7199815084717166,0.7755102040816326,0.59375,0.672566371681416,64.0,0.6190476190476191,0.6842105263157895,0.65,19.0,,,,,,,,,0.0909090909090909,0.2222222222222222,0.1290322580645161,9.0,,,,,,,,,,,,
EXP-B2,EXP-B2,M1,pascal_b,0,4,r0f4,369,92,138,0.5760869565217391,0.457876461988304,,,,,,,,,,,,92.0,,,0.6152213819025167,0.2201518508482491,3.135908,0.004155,"{""C"": 1.095960267094766, ""l1_ratio"": 1.0, ""max_iter"": 1000, ""solver"": ""saga""}",bayes search inside this training fold,0.425252,12.0,78.71,nested-bayes,,0.4478611811980189,0.5969840917955657,0.472425032594524,0.457876461988304,3.0,0.6551458845547443,0.7288135593220338,0.671875,0.6991869918699187,64.0,0.5384615384615384,0.3684210526315789,0.4375,19.0,,,,,,,,,0.15,0.3333333333333333,0.2068965517241379,9.0,,,,,,,,,,,,
EXP-B2,EXP-B2,M3,pascal_b,0,0,r0f0,369,92,138,0.7391304347826086,0.4035087719298245,,,,,,,,,,,,92.0,,,0.4172325830079639,0.0641855033020492,0.12687,0.059345,"{""C"": 486.27850415982226, ""class_weight"": null, ""gamma"": 0.01177502825262823}",bayes search inside this training fold,0.392702,12.0,9.44,nested-bayes,,0.3966437833714721,0.6576460053725998,0.5757575757575758,0.4035087719298245,3.0,0.6259487346997309,0.7272727272727273,1.0,0.8421052631578947,64.0,1.0,0.2105263157894736,0.3478260869565217,19.0,,,,,,,,,0.0,0.0,0.0,9.0,,,,,,,,,,,,
EXP-B2,EXP-B2,M3,pascal_b,0,1,r0f1,369,92,138,0.7065217391304348,0.3632127192982455,,,,,,,,,,,,92.0,,,0.4307956853410305,0.0345196219563635,0.123988,0.051916,"{""C"": 0.46458351349909793, ""class_weight"": ""balanced"", ""gamma"": 0.0001}",bayes search inside this training fold,0.389928,12.0,8.67,nested-bayes,,0.3351158645276292,0.6104394326900721,0.4581772784019975,0.3632127192982455,3.0,0.6569569189901479,0.7078651685393258,0.984375,0.8235294117647058,64.0,0.6666666666666666,0.1052631578947368,0.1818181818181818,19.0,,,,,,,,,0.0,0.0,0.0,9.0,,,,,,,,,,,,
EXP-B2,EXP-B2,M3,pascal_b,0,2,r0f2,368,93,138,0.7096774193548387,0.4054276315789473,,,,,,,,,,,,93.0,,,0.4232678387770093,0.0809607955485968,0.132075,0.046858,"{""C"": 89.00792723361438, ""class_weight"": ""balanced"", ""gamma"": 0.01836794243749983}",bayes search inside this training fold,0.390746,12.0,7.96,nested-bayes,,0.3963874388930317,0.6391367914064024,0.4475490196078431,0.4054276315789473,3.0,0.6994414689709935,0.7176470588235294,0.953125,0.8187919463087249,64.0,0.625,0.2631578947368421,0.3703703703703703,19.0,,,,,,,,,0.0,0.0,0.0,10.0,,,,,,,,,,,,
EXP-B2,EXP-B2,M3,pascal_b,0,3,r0f3,369,92,138,0.7608695652173914,0.4509320175438596,,,,,,,,,,,,92.0,,,0.4064824305509695,0.0503635781065065,0.138333,0.060993,"{""C"": 9.643857615941439, ""class_weight"": ""balanced"", ""gamma"": 0.016949768237884747}",bayes search inside this training fold,0.398821,12.0,8.32,nested-bayes,,0.4566232899566233,0.6993297645471558,0.5416666666666666,0.4509320175438596,3.0,0.6098242408441975,0.75,0.984375,0.8513513513513513,64.0,0.875,0.3684210526315789,0.5185185185185185,19.0,,,,,,,,,0.0,0.0,0.0,9.0,,,,,,,,,,,,
EXP-B2,EXP-B2,M3,pascal_b,0,4,r0f4,369,92,138,0.717391304347826,0.3807565789473684,,,,,,,,,,,,92.0,,,0.4340910105152936,0.0309528309117521,0.143017,0.044918,"{""C"": 10.310748950062829, ""class_weight"": ""balanced"", ""gamma"": 0.018872566170724078}",bayes search inside this training fold,0.39357,12.0,8.19,nested-bayes,,0.3632723112128146,0.6305342751964979,0.4886363636363636,0.3807565789473684,3.0,0.6363066711777933,0.7159090909090909,0.984375,0.8289473684210527,64.0,0.75,0.1578947368421052,0.2608695652173913,19.0,,,,,,,,,0.0,0.0,0.0,9.0,,,,,,,,,,,,
EXP-B2,EXP-B2,M4,pascal_b,0,0,r0f0,369,92,138,0.5869565217391305,0.4559271442495126,,,,,,,,,,,,92.0,,,0.5188866437333117,0.0668969702518494,0.735535,0.130338,"{""class_weight"": ""balanced_subsample"", ""max_depth"": 10, ""max_features"": 0.5, ""min_samples_leaf"": 9, ""n_estimators"": 135}",bayes search inside this training fold,0.450944,12.0,59.74,nested-bayes,,0.4467898459345359,0.6027087202053888,0.4447454844006568,0.4559271442495126,3.0,0.6914620572159434,0.7413793103448276,0.671875,0.7049180327868853,64.0,0.45,0.4736842105263157,0.4615384615384615,19.0,,,,,,,,,0.1428571428571428,0.2222222222222222,0.1739130434782608,9.0,,,,,,,,,,,,
EXP-B2,EXP-B2,M4,pascal_b,0,1,r0f1,369,92,138,0.6195652173913043,0.4838876705653021,,,,,,,,,,,,92.0,,,0.5187246018305435,0.1476640167268222,3.981797,0.653912,"{""class_weight"": ""balanced_subsample"", ""max_depth"": null, ""max_features"": 0.3, ""min_samples_leaf"": 8, ""n_estimators"": 817}",bayes search inside this training fold,0.432243,12.0,95.4,nested-bayes,,0.4747125484837191,0.6262461133506293,0.4681818181818182,0.4838876705653021,3.0,0.6782430019556948,0.75,0.703125,0.7258064516129032,64.0,0.4545454545454545,0.5263157894736842,0.4878048780487805,19.0,,,,,,,,,0.2,0.2222222222222222,0.2105263157894736,9.0,,,,,,,,,,,,
EXP-B2,EXP-B2,M4,pascal_b,0,2,r0f2,368,93,138,0.5913978494623656,0.409813596491228,,,,,,,,,,,,93.0,,,0.5257917224689718,0.0800366110945921,5.684578,0.676304,"{""class_weight"": ""balanced"", ""max_depth"": null, ""max_features"": 0.5, ""min_samples_leaf"": 3, ""n_estimators"": 759}",bayes search inside this training fold,0.486076,12.0,76.17,nested-bayes,,0.4109401709401709,0.600253653156879,0.412568306010929,0.409813596491228,3.0,0.6209197233087941,0.7377049180327869,0.703125,0.72,64.0,0.5,0.5263157894736842,0.5128205128205128,19.0,,,,,,,,,0.0,0.0,0.0,10.0,,,,,,,,,,,,
EXP-B2,EXP-B2,M4,pascal_b,0,3,r0f3,369,92,138,0.6195652173913043,0.4449013157894737,,,,,,,,,,,,92.0,,,0.5229591565396031,0.130654299697555,0.79513,0.181958,"{""class_weight"": null, ""max_depth"": 20, ""max_features"": ""sqrt"", ""min_samples_leaf"": 8, ""n_estimators"": 175}",bayes search inside this training fold,0.448875,12.0,78.91,nested-bayes,,0.425720620842572,0.6216620071339053,0.4142372881355932,0.4449013157894737,3.0,0.6892238689525959,0.7627118644067796,0.703125,0.7317073170731707,64.0,0.48,0.631578947368421,0.5454545454545454,19.0,,,,,,,,,0.0,0.0,0.0,9.0,,,,,,,,,,,,
EXP-B2,EXP-B2,M4,pascal_b,0,4,r0f4,369,92,138,0.6304347826086957,0.3514254385964912,,,,,,,,,,,,92.0,,,0.5175121793401961,0.1141857658777235,0.768989,0.283011,"{""class_weight"": ""balanced_subsample"", ""max_depth"": 10, ""max_features"": ""sqrt"", ""min_samples_leaf"": 4, ""n_estimators"": 190}",bayes search inside this training fold,0.490385,12.0,61.97,nested-bayes,,0.3442080378250591,0.5879124267653407,0.354978354978355,0.3514254385964912,3.0,0.5902866452592394,0.7012987012987013,0.84375,0.7659574468085106,64.0,0.3636363636363636,0.2105263157894736,0.2666666666666666,19.0,,,,,,,,,0.0,0.0,0.0,9.0,,,,,,,,,,,,
EXP-B2,EXP-B2,M5,pascal_b,0,0,r0f0,369,92,138,0.75,0.4703947368421052,,,,,,,,,,,,92.0,,,0.3975001103763463,0.1257496089663263,6.336447,0.012064,"{""learning_rate"": 0.08884909929476544, ""max_depth"": 8, ""min_samples_leaf"": 20, ""n_estimators"": 139, ""subsample"": 0.6003115063364057}",bayes search inside this training fold,0.447278,5.0,166.83,nested-bayes,,0.4797202797202797,0.7076771055031925,0.5258918296892982,0.4703947368421052,3.0,0.7198888677787103,0.759493670886076,0.9375,0.8391608391608392,64.0,0.8181818181818182,0.4736842105263157,0.6,19.0,,,,,,,,,0.0,0.0,0.0,9.0,,,,,,,,,,,,
EXP-B2,EXP-B2,M5,pascal_b,0,1,r0f1,369,92,138,0.6739130434782609,0.409265350877193,,,,,,,,,,,,92.0,,,0.4495729480130143,0.0768666663915596,67.118415,0.038568,"{""learning_rate"": 0.0031266912307463765, ""max_depth"": 7, ""min_samples_leaf"": 9, ""n_estimators"": 658, ""subsample"": 0.8387400631785948}",bayes search inside this training fold,0.441936,5.0,233.33,nested-bayes,,0.4077380952380952,0.6369371118012422,0.4207152496626181,0.409265350877193,3.0,0.6684767418586007,0.7236842105263158,0.859375,0.7857142857142857,64.0,0.5384615384615384,0.3684210526315789,0.4375,19.0,,,,,,,,,0.0,0.0,0.0,9.0,,,,,,,,,,,,
EXP-B2,EXP-B2,M5,pascal_b,0,2,r0f2,368,93,138,0.5268817204301075,0.378563596491228,,,,,,,,,,,,93.0,,,0.5453650587778973,0.083188531390738,34.926805,0.0161,"{""learning_rate"": 0.002563578308271099, ""max_depth"": 3, ""min_samples_leaf"": 20, ""n_estimators"": 712, ""subsample"": 0.9406320391618699}",bayes search inside this training fold,0.491243,5.0,220.82,nested-bayes,,0.3735261546479057,0.5460945068199823,0.3752525252525252,0.378563596491228,3.0,0.6059591206095781,0.7090909090909091,0.609375,0.6554621848739496,64.0,0.4166666666666667,0.5263157894736842,0.4651162790697674,19.0,,,,,,,,,0.0,0.0,0.0,10.0,,,,,,,,,,,,
EXP-B2,EXP-B2,M5,pascal_b,0,3,r0f3,369,92,138,0.7717391304347826,0.524975633528265,,,,,,,,,,,,92.0,,,0.4171702883294794,0.1682055153885694,4.552154,0.00635,"{""learning_rate"": 0.3992187955073186, ""max_depth"": 2, ""min_samples_leaf"": 1, ""n_estimators"": 114, ""subsample"": 0.954254750081434}",bayes search inside this training fold,0.422073,5.0,161.14,nested-bayes,,0.5496031746031746,0.7416537267080746,0.6306792622582097,0.524975633528265,3.0,0.68360582519306,0.7894736842105263,0.9375,0.8571428571428571,64.0,0.7692307692307693,0.5263157894736842,0.625,19.0,,,,,,,,,0.3333333333333333,0.1111111111111111,0.1666666666666666,9.0,,,,,,,,,,,,
EXP-B2,EXP-B2,M5,pascal_b,0,4,r0f4,369,92,138,0.6195652173913043,0.3585526315789473,,,,,,,,,,,,92.0,,,0.5548289847855805,0.162940799616409,10.511186,0.010962,"{""learning_rate"": 0.0036313332781429046, ""max_depth"": 4, ""min_samples_leaf"": 15, ""n_estimators"": 236, ""subsample"": 0.7003765882528383}",bayes search inside this training fold,0.477674,5.0,174.02,nested-bayes,,0.3535671462829736,0.5850260009383798,0.3593162393162393,0.3585526315789473,3.0,0.5839102702552695,0.6933333333333334,0.8125,0.7482014388489209,64.0,0.3846153846153846,0.2631578947368421,0.3125,19.0,,,,,,,,,0.0,0.0,0.0,9.0,,,,,,,,,,,,
EXP-B2,EXP-B2,M6,pascal_b,0,0,r0f0,369,92,138,0.7717391304347826,0.456140350877193,,,,,,,,,,,,92.0,,,0.4037969776034043,0.1066685065613149,9.996761,0.236694,"{""members"": {""M3"": {""C"": 486.27850415982226, ""class_weight"": null, ""gamma"": 0.01177502825262823}, ""M4"": {""class_weight"": ""balanced_subsample"", ""max_depth"": 10, ""max_features"": 0.5, ""min_samples_leaf"": 9, ""n_estimators"": 135}, ""M5"": {""learning_rate"": 0.08884909929476544, ""max_depth"": 8, ""min_samples_leaf"": 20, ""n_estimators"": 139, ""subsample"": 0.6003115063364057}}}","bayes search inside this training fold, per member",,,236.01,nested-bayes,"{""M3"": 0.392702, ""M4"": 0.450944, ""M5"": 0.447278}",0.4658406470487007,0.7088112500280578,0.5843137254901961,0.456140350877193,3.0,0.6810116096675184,0.7529411764705882,1.0,0.8590604026845637,64.0,1.0,0.3684210526315789,0.5384615384615384,19.0,,,,,,,,,0.0,0.0,0.0,9.0,,,,,,,,,,,,
EXP-B2,EXP-B2,M6,pascal_b,0,1,r0f1,369,92,138,0.7391304347826086,0.4035087719298245,,,,,,,,,,,,92.0,,,0.4215152150301321,0.0901687040834155,104.833972,0.864353,"{""members"": {""M3"": {""C"": 0.46458351349909793, ""class_weight"": ""balanced"", ""gamma"": 0.0001}, ""M4"": {""class_weight"": ""balanced_subsample"", ""max_depth"": null, ""max_features"": 0.3, ""min_samples_leaf"": 8, ""n_estimators"": 817}, ""M5"": {""learning_rate"": 0.0031266912307463765, ""max_depth"": 7, ""min_samples_leaf"": 9, ""n_estimators"": 658, ""subsample"": 0.8387400631785948}}}","bayes search inside this training fold, per member",,,337.4,nested-bayes,"{""M3"": 0.389928, ""M4"": 0.432243, ""M5"": 0.441936}",0.3966437833714721,0.6576460053725998,0.5757575757575758,0.4035087719298245,3.0,0.6960091466649376,0.7272727272727273,1.0,0.8421052631578947,64.0,1.0,0.2105263157894736,0.3478260869565217,19.0,,,,,,,,,0.0,0.0,0.0,9.0,,,,,,,,,,,,
EXP-B2,EXP-B2,M6,pascal_b,0,2,r0f2,368,93,138,0.7419354838709677,0.4457236842105263,,,,,,,,,,,,93.0,,,0.4281128342682502,0.1057340964220395,74.452655,0.785514,"{""members"": {""M3"": {""C"": 89.00792723361438, ""class_weight"": ""balanced"", ""gamma"": 0.01836794243749983}, ""M4"": {""class_weight"": ""balanced"", ""max_depth"": null, ""max_features"": 0.5, ""min_samples_leaf"": 3, ""n_estimators"": 759}, ""M5"": {""learning_rate"": 0.002563578308271099, ""max_depth"": 3, ""min_samples_leaf"": 20, ""n_estimators"": 712, ""subsample"": 0.9406320391618699}}}","bayes search inside this training fold, per member",,,304.94,nested-bayes,"{""M3"": 0.390746, ""M4"": 0.486076, ""M5"": 0.491243}",0.4459459459459459,0.6787271142109852,0.5052910052910052,0.4457236842105263,3.0,0.6289221947632586,0.7380952380952381,0.96875,0.8378378378378378,64.0,0.7777777777777778,0.3684210526315789,0.5,19.0,,,,,,,,,0.0,0.0,0.0,10.0,,,,,,,,,,,,
EXP-B2,EXP-B2,M6,pascal_b,0,3,r0f3,369,92,138,0.75,0.4210526315789473,,,,,,,,,,,,92.0,,,0.3977866286674225,0.04385271062696,9.605077,0.246304,"{""members"": {""M3"": {""C"": 9.643857615941439, ""class_weight"": ""balanced"", ""gamma"": 0.016949768237884747}, ""M4"": {""class_weight"": null, ""max_depth"": 20, ""max_features"": ""sqrt"", ""min_samples_leaf"": 8, ""n_estimators"": 175}, ""M5"": {""learning_rate"": 0.3992187955073186, ""max_depth"": 2, ""min_samples_leaf"": 1, ""n_estimators"": 114, ""subsample"": 0.954254750081434}}}","bayes search inside this training fold, per member",,,248.37,nested-bayes,"{""M3"": 0.398821, ""M4"": 0.448875, ""M5"": 0.422073}",0.4214495952906549,0.6757426336500624,0.578544061302682,0.4210526315789473,3.0,0.6867731176864679,0.735632183908046,1.0,0.847682119205298,64.0,1.0,0.2631578947368421,0.4166666666666667,19.0,,,,,,,,,0.0,0.0,0.0,9.0,,,,,,,,,,,,
EXP-B2,EXP-B2,M6,pascal_b,0,4,r0f4,369,92,138,0.7282608695652174,0.3859649122807018,,,,,,,,,,,,92.0,,,0.4362209279784043,0.0384441150374637,20.487581,0.28175,"{""members"": {""M3"": {""C"": 10.310748950062829, ""class_weight"": ""balanced"", ""gamma"": 0.018872566170724078}, ""M4"": {""class_weight"": ""balanced_subsample"", ""max_depth"": 10, ""max_features"": ""sqrt"", ""min_samples_leaf"": 4, ""n_estimators"": 190}, ""M5"": {""learning_rate"": 0.0036313332781429046, ""max_depth"": 4, ""min_samples_leaf"": 15, ""n_estimators"": 236, ""subsample"": 0.7003765882528383}}}","bayes search inside this training fold, per member",,,244.18,nested-bayes,"{""M3"": 0.39357, ""M4"": 0.490385, ""M5"": 0.477674}",0.369776193305605,0.6383076287168359,0.5730337078651685,0.3859649122807018,3.0,0.6206226187279071,0.7191011235955056,1.0,0.8366013071895425,64.0,1.0,0.1578947368421052,0.2727272727272727,19.0,,,,,,,,,0.0,0.0,0.0,9.0,,,,,,,,,,,,
EXP-B2,EXP-B2,M7,pascal_b,0,0,r0f0,369,92,138,0.782608695652174,0.4736842105263157,,,,,,,,,,,,92.0,,,0.4047343289688801,0.1331127962830426,33.129903,0.320252,"{""members"": {""M3"": {""C"": 486.27850415982226, ""class_weight"": null, ""gamma"": 0.01177502825262823}, ""M4"": {""class_weight"": ""balanced_subsample"", ""max_depth"": 10, ""max_features"": 0.5, ""min_samples_leaf"": 9, ""n_estimators"": 135}, ""M5"": {""learning_rate"": 0.08884909929476544, ""max_depth"": 8, ""min_samples_leaf"": 20, ""n_estimators"": 139, ""subsample"": 0.6003115063364057}}}","bayes search inside this training fold, per member",,,236.01,nested-bayes,"{""M3"": 0.392702, ""M4"": 0.450944, ""M5"": 0.447278}",0.4858191524858191,0.7240283762022893,0.5873015873015873,0.4736842105263157,3.0,0.681181550877926,0.7619047619047619,1.0,0.8648648648648649,64.0,1.0,0.4210526315789473,0.5925925925925926,19.0,,,,,,,,,0.0,0.0,0.0,9.0,,,,,,,,,,,,
EXP-B2,EXP-B2,M7,pascal_b,0,1,r0f1,369,92,138,0.7282608695652174,0.4106359649122806,,,,,,,,,,,,92.0,,,0.4377669864075609,0.1392776824257446,292.911396,0.88211,"{""members"": {""M3"": {""C"": 0.46458351349909793, ""class_weight"": ""balanced"", ""gamma"": 0.0001}, ""M4"": {""class_weight"": ""balanced_subsample"", ""max_depth"": null, ""max_features"": 0.3, ""min_samples_leaf"": 8, ""n_estimators"": 817}, ""M5"": {""learning_rate"": 0.0031266912307463765, ""max_depth"": 7, ""min_samples_leaf"": 9, ""n_estimators"": 658, ""subsample"": 0.8387400631785948}}}","bayes search inside this training fold, per member",,,337.4,nested-bayes,"{""M3"": 0.389928, ""M4"": 0.432243, ""M5"": 0.441936}",0.4056100499053519,0.658363448631905,0.4812324929971989,0.4106359649122806,3.0,0.699518957119893,0.7294117647058823,0.96875,0.8322147651006712,64.0,0.7142857142857143,0.2631578947368421,0.3846153846153846,19.0,,,,,,,,,0.0,0.0,0.0,9.0,,,,,,,,,,,,
EXP-B2,EXP-B2,M7,pascal_b,0,2,r0f2,368,93,138,0.5913978494623656,0.409813596491228,,,,,,,,,,,,93.0,,,0.5257917224689718,0.080036611094592,218.743793,0.77853,"{""members"": {""M3"": {""C"": 89.00792723361438, ""class_weight"": ""balanced"", ""gamma"": 0.01836794243749983}, ""M4"": {""class_weight"": ""balanced"", ""max_depth"": null, ""max_features"": 0.5, ""min_samples_leaf"": 3, ""n_estimators"": 759}, ""M5"": {""learning_rate"": 0.002563578308271099, ""max_depth"": 3, ""min_samples_leaf"": 20, ""n_estimators"": 712, ""subsample"": 0.9406320391618699}}}","bayes search inside this training fold, per member",,,304.94,nested-bayes,"{""M3"": 0.390746, ""M4"": 0.486076, ""M5"": 0.491243}",0.4109401709401709,0.600253653156879,0.412568306010929,0.409813596491228,3.0,0.6209197233087941,0.7377049180327869,0.703125,0.72,64.0,0.5,0.5263157894736842,0.5128205128205128,19.0,,,,,,,,,0.0,0.0,0.0,10.0,,,,,,,,,,,,
EXP-B2,EXP-B2,M7,pascal_b,0,3,r0f3,369,92,138,0.75,0.4210526315789473,,,,,,,,,,,,92.0,,,0.3966440927001197,0.0451869274030303,35.163176,0.246889,"{""members"": {""M3"": {""C"": 9.643857615941439, ""class_weight"": ""balanced"", ""gamma"": 0.016949768237884747}, ""M4"": {""class_weight"": null, ""max_depth"": 20, ""max_features"": ""sqrt"", ""min_samples_leaf"": 8, ""n_estimators"": 175}, ""M5"": {""learning_rate"": 0.3992187955073186, ""max_depth"": 2, ""min_samples_leaf"": 1, ""n_estimators"": 114, ""subsample"": 0.954254750081434}}}","bayes search inside this training fold, per member",,,248.37,nested-bayes,"{""M3"": 0.398821, ""M4"": 0.448875, ""M5"": 0.422073}",0.4214495952906549,0.6757426336500624,0.578544061302682,0.4210526315789473,3.0,0.6672799853612732,0.735632183908046,1.0,0.847682119205298,64.0,1.0,0.2631578947368421,0.4166666666666667,19.0,,,,,,,,,0.0,0.0,0.0,9.0,,,,,,,,,,,,
EXP-B2,EXP-B2,M7,pascal_b,0,4,r0f4,369,92,138,0.7282608695652174,0.3859649122807018,,,,,,,,,,,,92.0,,,0.4402614736818479,0.0789372382310466,66.536719,0.302833,"{""members"": {""M3"": {""C"": 10.310748950062829, ""class_weight"": ""balanced"", ""gamma"": 0.018872566170724078}, ""M4"": {""class_weight"": ""balanced_subsample"", ""max_depth"": 10, ""max_features"": ""sqrt"", ""min_samples_leaf"": 4, ""n_estimators"": 190}, ""M5"": {""learning_rate"": 0.0036313332781429046, ""max_depth"": 4, ""min_samples_leaf"": 15, ""n_estimators"": 236, ""subsample"": 0.7003765882528383}}}","bayes search inside this training fold, per member",,,244.18,nested-bayes,"{""M3"": 0.39357, ""M4"": 0.490385, ""M5"": 0.477674}",0.369776193305605,0.6383076287168359,0.5730337078651685,0.3859649122807018,3.0,0.6079642557280082,0.7191011235955056,1.0,0.8366013071895425,64.0,1.0,0.1578947368421052,0.2727272727272727,19.0,,,,,,,,,0.0,0.0,0.0,9.0,,,,,,,,,,,,
EXP-C1-three_class,EXP-C1,M3,circor_murmur,0,0,r0f0,2530,633,138,0.7993680884676145,0.4206029951740018,,,,,,,,,,,,633.0,,,0.3225499682087297,0.0355484172961522,3.929684,1.918858,"{""C"": 23.937418592190927, ""class_weight"": ""balanced"", ""gamma"": 0.011938521011127445}",bayes search inside this training fold,0.41832,12.0,96.96,nested-bayes,,0.4309022807788685,0.7478282024929371,0.5302325581395348,0.4206029951740018,3.0,0.7079223497312528,,,,,,,,,,,,,,,,,,,,,0.8,0.9853862212943632,0.883068288119738,479.0,0.7906976744186046,0.2764227642276423,0.4096385542168674,123.0,0.0,0.0,0.0,31.0
EXP-C1-three_class,EXP-C1,M3,circor_murmur,0,1,r0f1,2530,633,138,0.8088467614533965,0.4435883480173714,,,,,,,,,,,,633.0,,,0.3211397012418451,0.0400246682704189,4.036538,1.676781,"{""C"": 4.846377926629961, ""class_weight"": ""balanced"", ""gamma"": 0.01706971857386489}",bayes search inside this training fold,0.406522,12.0,93.3,nested-bayes,,0.4590566122577454,0.764344453586831,0.5447173308619092,0.4435883480173714,3.0,0.7221970039807197,,,,,,,,,,,,,,,,,,,,,0.8072289156626506,0.9811715481171548,0.8857412653446648,478.0,0.8269230769230769,0.3495934959349593,0.4914285714285714,123.0,0.0,0.0,0.0,32.0
EXP-C1-three_class,EXP-C1,M3,circor_murmur,0,2,r0f2,2530,633,138,0.7677725118483413,0.380719395330004,,,,,,,,,,,,633.0,,,0.3693063055867205,0.0369798598694193,2.869717,1.74886,"{""C"": 3.254245444139968, ""class_weight"": ""balanced"", ""gamma"": 0.013031526519601575}",bayes search inside this training fold,0.44583,12.0,91.66,nested-bayes,,0.3764441780379159,0.7041385236707529,0.4646469606206422,0.380719395330004,3.0,0.6552173782685675,,,,,,,,,,,,,,,,,,,,,0.7762938230383973,0.9728033472803348,0.8635097493036211,478.0,0.6176470588235294,0.1693548387096774,0.2658227848101265,124.0,0.0,0.0,0.0,31.0
EXP-C1-three_class,EXP-C1,M3,circor_murmur,0,3,r0f3,2531,632,138,0.7911392405063291,0.4070426687530473,,,,,,,,,,,,632.0,,,0.3363915432077717,0.0293363431628925,3.173691,1.401052,"{""C"": 296.1486059249461, ""class_weight"": null, ""gamma"": 0.007773818602905711}",bayes search inside this training fold,0.429475,12.0,93.84,nested-bayes,,0.4139582820936252,0.7343660145195358,0.5319413373104648,0.4070426687530473,3.0,0.7065370688710292,,,,,,,,,,,,,,,,,,,,,0.790268456375839,0.9853556485355648,0.8770949720670391,478.0,0.8055555555555556,0.2357723577235772,0.3647798742138364,123.0,0.0,0.0,0.0,31.0
EXP-C1-three_class,EXP-C1,M3,circor_murmur,0,4,r0f4,2531,632,138,0.8037974683544303,0.4307355625857513,,,,,,,,,,,,632.0,,,0.3320035388559148,0.0363615082672093,2.933315,2.04659,"{""C"": 63.643628032697734, ""class_weight"": null, ""gamma"": 0.013963834368890033}",bayes search inside this training fold,0.398818,12.0,86.45,nested-bayes,,0.4437828565104311,0.7558207814604699,0.5373098139055585,0.4307355625857513,3.0,0.6626579694971436,,,,,,,,,,,,,,,,,,,,,0.8034188034188035,0.9832635983263598,0.8842897460018815,478.0,0.8085106382978723,0.3089430894308943,0.4470588235294118,123.0,0.0,0.0,0.0,31.0
EXP-C1-three_class,EXP-C1,M4,circor_murmur,0,0,r0f0,2530,633,138,0.740916271721959,0.5659036285965257,,,,,,,,,,,,633.0,,,0.4322018154947459,0.1637733008614435,2.876081,0.280553,"{""class_weight"": ""balanced_subsample"", ""max_depth"": 10, ""max_features"": ""sqrt"", ""min_samples_leaf"": 4, ""n_estimators"": 190}",bayes search inside this training fold,0.498604,12.0,395.17,nested-bayes,,0.5413513203724226,0.75407061672855,0.5417013419919327,0.5659036285965257,3.0,0.7452031007248663,,,,,,,,,,,,,,,,,,,,,0.8546637744034707,0.8225469728601252,0.8382978723404255,479.0,0.6037735849056604,0.5203252032520326,0.5589519650655022,123.0,0.1666666666666666,0.3548387096774194,0.2268041237113402,31.0
EXP-C1-three_class,EXP-C1,M4,circor_murmur,0,1,r0f1,2530,633,138,0.764612954186414,0.5692158922112234,,,,,,,,,,,,633.0,,,0.4037164516831603,0.1623236191763666,11.400789,1.87096,"{""class_weight"": ""balanced_subsample"", ""max_depth"": 10, ""max_features"": ""sqrt"", ""min_samples_leaf"": 1, ""n_estimators"": 599}",bayes search inside this training fold,0.506862,12.0,394.63,nested-bayes,,0.5639066951566952,0.7649996286844627,0.5620852179980811,0.5692158922112234,3.0,0.7524452398445344,,,,,,,,,,,,,,,,,,,,,0.8526970954356846,0.8598326359832636,0.85625,478.0,0.5585585585585585,0.5040650406504065,0.5299145299145299,123.0,0.275,0.34375,0.3055555555555556,32.0
EXP-C1-three_class,EXP-C1,M4,circor_murmur,0,2,r0f2,2530,633,138,0.7140600315955766,0.5436743600125973,,,,,,,,,,,,633.0,,,0.4305766938818875,0.0866433560824471,46.182048,1.073952,"{""class_weight"": null, ""max_depth"": 10, ""max_features"": 0.5, ""min_samples_leaf"": 1, ""n_estimators"": 954}",bayes search inside this training fold,0.525917,12.0,486.43,nested-bayes,,0.5135305279463263,0.710284413601108,0.5083390138604863,0.5436743600125973,3.0,0.70914751467904,,,,,,,,,,,,,,,,,,,,,0.8139059304703476,0.8326359832635983,0.8231644260599793,478.0,0.4333333333333333,0.314516129032258,0.3644859813084112,124.0,0.2777777777777778,0.4838709677419355,0.3529411764705882,31.0
EXP-C1-three_class,EXP-C1,M4,circor_murmur,0,3,r0f3,2531,632,138,0.7784810126582279,0.5261935147357952,,,,,,,,,,,,632.0,,,0.3936603383815527,0.1878168553984634,7.466719,0.837141,"{""class_weight"": null, ""max_depth"": null, ""max_features"": ""log2"", ""min_samples_leaf"": 3, ""n_estimators"": 995}",bayes search inside this training fold,0.523487,12.0,246.03,nested-bayes,,0.5413352853442439,0.768604513880004,0.56312647782682,0.5261935147357952,3.0,0.7784153507350204,,,,,,,,,,,,,,,,,,,,,0.8428290766208252,0.897489539748954,0.8693009118541033,478.0,0.5773195876288659,0.4552845528455284,0.509090909090909,123.0,0.2692307692307692,0.2258064516129032,0.2456140350877192,31.0
EXP-C1-three_class,EXP-C1,M4,circor_murmur,0,4,r0f4,2531,632,138,0.7199367088607594,0.5305736705632679,,,,,,,,,,,,632.0,,,0.4155142213392111,0.1235011813593718,8.903377,1.000322,"{""class_weight"": ""balanced"", ""max_depth"": 10, ""max_features"": ""sqrt"", ""min_samples_leaf"": 4, ""n_estimators"": 546}",bayes search inside this training fold,0.518694,12.0,413.92,nested-bayes,,0.509230958149053,0.7338069505482275,0.4978065072182719,0.5305736705632679,3.0,0.7450530498557916,,,,,,,,,,,,,,,,,,,,,0.8619909502262444,0.797071129707113,0.8282608695652174,478.0,0.4714285714285714,0.5365853658536586,0.5019011406844106,123.0,0.16,0.2580645161290322,0.1975308641975308,31.0
EXP-C1-three_class,EXP-C1,M5,circor_murmur,0,0,r0f0,2530,633,138,0.7266982622432859,0.5656829792084035,,,,,,,,,,,,633.0,,,0.4225231739798789,0.126607792628459,57.38855,0.0387,"{""learning_rate"": 0.0173579720185871, ""max_depth"": 4, ""min_samples_leaf"": 13, ""n_estimators"": 170, ""subsample"": 0.6571467271687763}",bayes search inside this training fold,0.508959,5.0,1609.15,nested-bayes,,0.531527076368307,0.7469411929422459,0.5266185589715001,0.5656829792084035,3.0,0.7534001142778181,,,,,,,,,,,,,,,,,,,,,0.8681818181818182,0.7974947807933194,0.8313384113166485,479.0,0.5630252100840336,0.5447154471544715,0.5537190082644629,123.0,0.1486486486486486,0.3548387096774194,0.2095238095238095,31.0
EXP-C1-three_class,EXP-C1,M5,circor_murmur,0,1,r0f1,2530,633,138,0.7093206951026856,0.5719539125307571,,,,,,,,,,,,633.0,,,0.4241883654340562,0.0985418670853622,56.640756,0.034494,"{""learning_rate"": 0.0173579720185871, ""max_depth"": 4, ""min_samples_leaf"": 13, ""n_estimators"": 170, ""subsample"": 0.6571467271687763}",bayes search inside this training fold,0.506817,5.0,1555.45,nested-bayes,,0.531337987322703,0.7233836322906488,0.514369927733983,0.5719539125307571,3.0,0.753152423812772,,,,,,,,,,,,,,,,,,,,,0.8480725623582767,0.7824267782426778,0.8139281828073993,478.0,0.4692307692307692,0.4959349593495935,0.4822134387351778,123.0,0.2258064516129032,0.4375,0.2978723404255319,32.0
EXP-C1-three_class,EXP-C1,M5,circor_murmur,0,2,r0f2,2530,633,138,0.6824644549763034,0.5417735186934809,,,,,,,,,,,,633.0,,,0.4574588249889495,0.0619523603860055,56.874689,0.02848,"{""learning_rate"": 0.0173579720185871, ""max_depth"": 4, ""min_samples_leaf"": 13, ""n_estimators"": 170, ""subsample"": 0.6571467271687763}",bayes search inside this training fold,0.520719,5.0,1739.48,nested-bayes,,0.4914276861092999,0.6896592908770066,0.4778792676490886,0.5417735186934809,3.0,0.7109442887809395,,,,,,,,,,,,,,,,,,,,,0.8173913043478261,0.7866108786610879,0.8017057569296375,478.0,0.3809523809523809,0.3225806451612903,0.3493449781659388,124.0,0.2352941176470588,0.5161290322580645,0.3232323232323232,31.0
EXP-C1-three_class,EXP-C1,M5,circor_murmur,0,3,r0f3,2531,632,138,0.7768987341772152,0.5415814868096042,,,,,,,,,,,,632.0,,,0.3621949651307772,0.1212142679656738,487.919346,0.171913,"{""learning_rate"": 0.0031266912307463765, ""max_depth"": 7, ""min_samples_leaf"": 9, ""n_estimators"": 658, ""subsample"": 0.8387400631785948}",bayes search inside this training fold,0.527479,5.0,1430.54,nested-bayes,,0.55113658271553,0.7687489559075168,0.5723493995299269,0.5415814868096042,3.0,0.762572589622407,,,,,,,,,,,,,,,,,,,,,0.8392156862745098,0.895397489539749,0.8663967611336032,478.0,0.6206896551724138,0.4390243902439024,0.5142857142857142,123.0,0.2571428571428571,0.2903225806451613,0.2727272727272727,31.0
EXP-C1-three_class,EXP-C1,M5,circor_murmur,0,4,r0f4,2531,632,138,0.7515822784810127,0.5063039495289001,,,,,,,,,,,,632.0,,,0.3610269714722781,0.09224823017591,505.38182,0.171143,"{""learning_rate"": 0.0031266912307463765, ""max_depth"": 7, ""min_samples_leaf"": 9, ""n_estimators"": 658, ""subsample"": 0.8387400631785948}",bayes search inside this training fold,0.505728,5.0,1629.71,nested-bayes,,0.506183950738255,0.7530828968712033,0.5071308080090745,0.5063039495289001,3.0,0.7366019703440644,,,,,,,,,,,,,,,,,,,,,0.8517745302713987,0.8535564853556485,0.8526645768025078,478.0,0.5344827586206896,0.5040650406504065,0.5188284518828452,123.0,0.1351351351351351,0.1612903225806451,0.1470588235294117,31.0
EXP-C1-three_class,EXP-C1,M6,circor_murmur,0,0,r0f0,2530,633,138,0.8009478672985783,0.4212988893980798,,,,,,,,,,,,633.0,,,0.3187613986573869,0.0864892332690796,141.81708,2.628841,"{""members"": {""M3"": {""C"": 23.937418592190927, ""class_weight"": ""balanced"", ""gamma"": 0.011938521011127445}, ""M4"": {""class_weight"": ""balanced_subsample"", ""max_depth"": 10, ""max_features"": ""sqrt"", ""min_samples_leaf"": 4, ""n_estimators"": 190}, ""M5"": {""learning_rate"": 0.0173579720185871, ""max_depth"": 4, ""min_samples_leaf"": 13, ""n_estimators"": 170, ""subsample"": 0.6571467271687763}}}","bayes search inside this training fold, per member",,,2101.28,nested-bayes,"{""M3"": 0.41832, ""M4"": 0.498604, ""M5"": 0.508959}",0.4320777872179741,0.7491005193002802,0.536620739666425,0.4212988893980798,3.0,0.7487327882015856,,,,,,,,,,,,,,,,,,,,,0.8003384094754653,0.9874739039665972,0.8841121495327103,479.0,0.8095238095238095,0.2764227642276423,0.4121212121212121,123.0,0.0,0.0,0.0,31.0
EXP-C1-three_class,EXP-C1,M6,circor_murmur,0,1,r0f1,2530,633,138,0.8072669826224329,0.4288022587338844,,,,,,,,,,,,633.0,,,0.3150571776154233,0.0743653336485006,127.604885,2.194676,"{""members"": {""M3"": {""C"": 4.846377926629961, ""class_weight"": ""balanced"", ""gamma"": 0.01706971857386489}, ""M4"": {""class_weight"": ""balanced_subsample"", ""max_depth"": 10, ""max_features"": ""sqrt"", ""min_samples_leaf"": 1, ""n_estimators"": 599}, ""M5"": {""learning_rate"": 0.0173579720185871, ""max_depth"": 4, ""min_samples_leaf"": 13, ""n_estimators"": 170, ""subsample"": 0.6571467271687763}}}","bayes search inside this training fold, per member",,,2043.38,nested-bayes,"{""M3"": 0.406522, ""M4"": 0.506862, ""M5"": 0.506817}",0.4435461580983968,0.7555567344949816,0.5742467409134075,0.4288022587338844,3.0,0.76521313323041,,,,,,,,,,,,,,,,,,,,,0.7996632996632996,0.9937238493723848,0.8861940298507462,478.0,0.9230769230769232,0.2926829268292683,0.4444444444444444,123.0,0.0,0.0,0.0,32.0
EXP-C1-three_class,EXP-C1,M6,circor_murmur,0,2,r0f2,2530,633,138,0.7709320695102686,0.3801232734961983,,,,,,,,,,,,633.0,,,0.3571478481089139,0.029196838489964,179.814404,2.318103,"{""members"": {""M3"": {""C"": 3.254245444139968, ""class_weight"": ""balanced"", ""gamma"": 0.013031526519601575}, ""M4"": {""class_weight"": null, ""max_depth"": 10, ""max_features"": 0.5, ""min_samples_leaf"": 1, ""n_estimators"": 954}, ""M5"": {""learning_rate"": 0.0173579720185871, ""max_depth"": 4, ""min_samples_leaf"": 13, ""n_estimators"": 170, ""subsample"": 0.6571467271687763}}}","bayes search inside this training fold, per member",,,2317.56,nested-bayes,"{""M3"": 0.44583, ""M4"": 0.525917, ""M5"": 0.520719}",0.3752017332035833,0.7047254873078777,0.4809286898839137,0.3801232734961983,3.0,0.7164622936225556,,,,,,,,,,,,,,,,,,,,,0.7761194029850746,0.9790794979079498,0.8658649398704903,478.0,0.6666666666666666,0.1612903225806451,0.2597402597402597,124.0,0.0,0.0,0.0,31.0
EXP-C1-three_class,EXP-C1,M6,circor_murmur,0,3,r0f3,2531,632,138,0.7943037974683544,0.4044120148314454,,,,,,,,,,,,632.0,,,0.3182963272577359,0.0380496337056387,950.021079,2.577458,"{""members"": {""M3"": {""C"": 296.1486059249461, ""class_weight"": null, ""gamma"": 0.007773818602905711}, ""M4"": {""class_weight"": null, ""max_depth"": null, ""max_features"": ""log2"", ""min_samples_leaf"": 3, ""n_estimators"": 995}, ""M5"": {""learning_rate"": 0.0031266912307463765, ""max_depth"": 7, ""min_samples_leaf"": 9, ""n_estimators"": 658, ""subsample"": 0.8387400631785948}}}","bayes search inside this training fold, per member",,,1770.42,nested-bayes,"{""M3"": 0.429475, ""M4"": 0.523487, ""M5"": 0.527479}",0.4108569353667393,0.7339789994760212,0.5630121816168328,0.4044120148314454,3.0,0.7718221496182996,,,,,,,,,,,,,,,,,,,,,0.7890365448504983,0.9937238493723848,0.8796296296296297,478.0,0.9,0.2195121951219512,0.3529411764705882,123.0,0.0,0.0,0.0,31.0
EXP-C1-three_class,EXP-C1,M6,circor_murmur,0,4,r0f4,2531,632,138,0.8164556962025317,0.4564411334489914,,,,,,,,,,,,632.0,,,0.3238392859768078,0.1183030393678832,1111.577726,7.043316,"{""members"": {""M3"": {""C"": 63.643628032697734, ""class_weight"": null, ""gamma"": 0.013963834368890033}, ""M4"": {""class_weight"": ""balanced"", ""max_depth"": 10, ""max_features"": ""sqrt"", ""min_samples_leaf"": 4, ""n_estimators"": 546}, ""M5"": {""learning_rate"": 0.0031266912307463765, ""max_depth"": 7, ""min_samples_leaf"": 9, ""n_estimators"": 658, ""subsample"": 0.8387400631785948}}}","bayes search inside this training fold, per member",,,2130.08,nested-bayes,"{""M3"": 0.398818, ""M4"": 0.518694, ""M5"": 0.505728}",0.4726843090306458,0.7762287213563274,0.5434377495784897,0.4564411334489914,3.0,0.7461502808360438,,,,,,,,,,,,,,,,,,,,,0.8167539267015707,0.9790794979079498,0.89058039961941,478.0,0.8135593220338984,0.3902439024390244,0.5274725274725275,123.0,0.0,0.0,0.0,31.0
EXP-C1-three_class,EXP-C1,M7,circor_murmur,0,0,r0f0,2530,633,138,0.7835703001579779,0.5021826768877158,,,,,,,,,,,,633.0,,,0.365150475609944,0.1418240692135522,431.747038,1.644061,"{""members"": {""M3"": {""C"": 23.937418592190927, ""class_weight"": ""balanced"", ""gamma"": 0.011938521011127445}, ""M4"": {""class_weight"": ""balanced_subsample"", ""max_depth"": 10, ""max_features"": ""sqrt"", ""min_samples_leaf"": 4, ""n_estimators"": 190}, ""M5"": {""learning_rate"": 0.0173579720185871, ""max_depth"": 4, ""min_samples_leaf"": 13, ""n_estimators"": 170, ""subsample"": 0.6571467271687763}}}","bayes search inside this training fold, per member",,,2101.28,nested-bayes,"{""M3"": 0.41832, ""M4"": 0.498604, ""M5"": 0.508959}",0.5256584306272061,0.7656895886870163,0.580321881269173,0.5021826768877158,3.0,0.7352057200207368,,,,,,,,,,,,,,,,,,,,,0.8230912476722533,0.9227557411273486,0.8700787401574803,479.0,0.6956521739130435,0.3902439024390244,0.5,123.0,0.2222222222222222,0.1935483870967742,0.2068965517241379,31.0
EXP-C1-three_class,EXP-C1,M7,circor_murmur,0,1,r0f1,2530,633,138,0.8072669826224329,0.4780869788300393,,,,,,,,,,,,633.0,,,0.3349231250477302,0.123649180891342,351.768491,2.274333,"{""members"": {""M3"": {""C"": 4.846377926629961, ""class_weight"": ""balanced"", ""gamma"": 0.01706971857386489}, ""M4"": {""class_weight"": ""balanced_subsample"", ""max_depth"": 10, ""max_features"": ""sqrt"", ""min_samples_leaf"": 1, ""n_estimators"": 599}, ""M5"": {""learning_rate"": 0.0173579720185871, ""max_depth"": 4, ""min_samples_leaf"": 13, ""n_estimators"": 170, ""subsample"": 0.6571467271687763}}}","bayes search inside this training fold, per member",,,2043.38,nested-bayes,"{""M3"": 0.406522, ""M4"": 0.506862, ""M5"": 0.506817}",0.5127583467374247,0.7756621506095883,0.6342060177749224,0.4780869788300393,3.0,0.7560298589472035,,,,,,,,,,,,,,,,,,,,,0.8162544169611308,0.9665271966527196,0.8850574712643678,478.0,0.8363636363636363,0.3739837398373983,0.5168539325842697,123.0,0.25,0.09375,0.1363636363636363,32.0
EXP-C1-three_class,EXP-C1,M7,circor_murmur,0,2,r0f2,2530,633,138,0.7661927330173776,0.390077383362577,,,,,,,,,,,,633.0,,,0.3646906389033281,0.0483683268984154,575.191184,3.449078,"{""members"": {""M3"": {""C"": 3.254245444139968, ""class_weight"": ""balanced"", ""gamma"": 0.013031526519601575}, ""M4"": {""class_weight"": null, ""max_depth"": 10, ""max_features"": 0.5, ""min_samples_leaf"": 1, ""n_estimators"": 954}, ""M5"": {""learning_rate"": 0.0173579720185871, ""max_depth"": 4, ""min_samples_leaf"": 13, ""n_estimators"": 170, ""subsample"": 0.6571467271687763}}}","bayes search inside this training fold, per member",,,2317.56,nested-bayes,"{""M3"": 0.44583, ""M4"": 0.525917, ""M5"": 0.520719}",0.3956612392366582,0.7065358474318203,0.5443652125279642,0.390077383362577,3.0,0.6974178020559004,,,,,,,,,,,,,,,,,,,,,0.7768456375838926,0.9686192468619248,0.8621973929236499,478.0,0.65625,0.1693548387096774,0.2692307692307692,124.0,0.2,0.032258064516129,0.0555555555555555,31.0
EXP-C1-three_class,EXP-C1,M7,circor_murmur,0,3,r0f3,2531,632,138,0.7911392405063291,0.4070426687530473,,,,,,,,,,,,632.0,,,0.3363915432077717,0.0293363431628925,3772.190017,3.214841,"{""members"": {""M3"": {""C"": 296.1486059249461, ""class_weight"": null, ""gamma"": 0.007773818602905711}, ""M4"": {""class_weight"": null, ""max_depth"": null, ""max_features"": ""log2"", ""min_samples_leaf"": 3, ""n_estimators"": 995}, ""M5"": {""learning_rate"": 0.0031266912307463765, ""max_depth"": 7, ""min_samples_leaf"": 9, ""n_estimators"": 658, ""subsample"": 0.8387400631785948}}}","bayes search inside this training fold, per member",,,1770.42,nested-bayes,"{""M3"": 0.429475, ""M4"": 0.523487, ""M5"": 0.527479}",0.4139582820936252,0.7343660145195358,0.5319413373104648,0.4070426687530473,3.0,0.7065370688710292,,,,,,,,,,,,,,,,,,,,,0.790268456375839,0.9853556485355648,0.8770949720670391,478.0,0.8055555555555556,0.2357723577235772,0.3647798742138364,123.0,0.0,0.0,0.0,31.0
EXP-C1-three_class,EXP-C1,M7,circor_murmur,0,4,r0f4,2531,632,138,0.7199367088607594,0.5305736705632679,,,,,,,,,,,,632.0,,,0.4155142213392111,0.1235011813593718,3159.929829,3.792762,"{""members"": {""M3"": {""C"": 63.643628032697734, ""class_weight"": null, ""gamma"": 0.013963834368890033}, ""M4"": {""class_weight"": ""balanced"", ""max_depth"": 10, ""max_features"": ""sqrt"", ""min_samples_leaf"": 4, ""n_estimators"": 546}, ""M5"": {""learning_rate"": 0.0031266912307463765, ""max_depth"": 7, ""min_samples_leaf"": 9, ""n_estimators"": 658, ""subsample"": 0.8387400631785948}}}","bayes search inside this training fold, per member",,,2130.08,nested-bayes,"{""M3"": 0.398818, ""M4"": 0.518694, ""M5"": 0.505728}",0.509230958149053,0.7338069505482275,0.4978065072182719,0.5305736705632679,3.0,0.7450530498557916,,,,,,,,,,,,,,,,,,,,,0.8619909502262444,0.797071129707113,0.8282608695652174,478.0,0.4714285714285714,0.5365853658536586,0.5019011406844106,123.0,0.16,0.2580645161290322,0.1975308641975308,31.0
EXP-C1-two_class,EXP-C1,M3,circor_murmur,0,0,r0f0,2405,602,138,0.8388704318936877,0.6238182527963066,0.2601626016260163,0.9874739039665972,0.8421052631578947,0.3975155279503105,0.4105855199988751,0.7947281769268633,0.6331444721281001,32.0,6.0,473.0,91.0,602.0,123.0,479.0,0.2404470077304178,0.0495903025412635,2.522804,1.887878,"{""C"": 1.9780827689353788, ""class_weight"": ""balanced"", ""gamma"": 0.004661686413912771}",bayes search inside this training fold,0.63541,12.0,96.92,nested-bayes,,,,,,,,,,,,,,,,,,,,,,,,,,,,,,,,,,,,,,,
EXP-C1-two_class,EXP-C1,M3,circor_murmur,0,1,r0f1,2406,601,138,0.8469217970049917,0.6350733068000136,0.2764227642276423,0.9937238493723848,0.918918918918919,0.425,0.4534460445369148,0.7622376432969351,0.606804679106486,34.0,3.0,475.0,89.0,601.0,123.0,478.0,0.2512290390099143,0.0401171455416869,2.908228,1.884366,"{""C"": 0.9575089328562135, ""class_weight"": ""balanced"", ""gamma"": 0.0011852842120793588}",bayes search inside this training fold,0.630574,12.0,99.26,nested-bayes,,,,,,,,,,,,,,,,,,,,,,,,,,,,,,,,,,,,,,,
EXP-C1-two_class,EXP-C1,M3,circor_murmur,0,2,r0f2,2405,602,138,0.8156146179401993,0.5763092185180186,0.1693548387096774,0.9832635983263598,0.7241379310344828,0.2745098039215686,0.2882408186550016,0.6601599406127683,0.4478693446989614,21.0,8.0,470.0,103.0,602.0,124.0,478.0,0.2947369306847776,0.0544549597685771,1.849217,0.795067,"{""C"": 1000.0, ""class_weight"": ""balanced"", ""gamma"": 0.0001}",bayes search inside this training fold,0.678574,12.0,71.72,nested-bayes,,,,,,,,,,,,,,,,,,,,,,,,,,,,,,,,,,,,,,,
EXP-C1-two_class,EXP-C1,M3,circor_murmur,0,3,r0f3,2406,601,138,0.8386023294509152,0.6117290880021771,0.2276422764227642,0.99581589958159,0.9333333333333332,0.3660130718954248,0.4139844914440283,0.7647549069632956,0.5865073423318303,28.0,2.0,476.0,95.0,601.0,123.0,478.0,0.2547981176818071,0.0213999634963522,1.826844,1.138329,"{""C"": 173.8146709781495, ""class_weight"": ""balanced"", ""gamma"": 0.010216212083806325}",bayes search inside this training fold,0.624351,12.0,63.07,nested-bayes,,,,,,,,,,,,,,,,,,,,,,,,,,,,,,,,,,,,,,,
EXP-C1-two_class,EXP-C1,M3,circor_murmur,0,4,r0f4,2406,601,138,0.8502495840266223,0.6492414191924346,0.3089430894308943,0.9895397489539748,0.8837209302325582,0.4578313253012048,0.4672341123172955,0.7430690206483656,0.5841126178141618,38.0,5.0,473.0,85.0,601.0,123.0,478.0,0.2520415076489503,0.0305381489672581,1.954305,1.313532,"{""C"": 9.643857615941439, ""class_weight"": ""balanced"", ""gamma"": 0.016949768237884747}",bayes search inside this training fold,0.623007,12.0,58.34,nested-bayes,,,,,,,,,,,,,,,,,,,,,,,,,,,,,,,,,,,,,,,
EXP-C1-two_class,EXP-C1,M4,circor_murmur,0,0,r0f0,2405,602,138,0.8372093023255814,0.6831983977459817,0.4227642276422764,0.9436325678496869,0.6582278481012658,0.5148514851485149,0.4375297506447446,0.7736307008164027,0.5991492934671743,52.0,27.0,452.0,71.0,602.0,123.0,479.0,0.2731230603065228,0.1021533161068044,7.824847,0.137409,"{""class_weight"": ""balanced"", ""max_depth"": null, ""max_features"": 0.5, ""min_samples_leaf"": 1, ""n_estimators"": 135}",bayes search inside this training fold,0.680366,12.0,209.09,nested-bayes,,,,,,,,,,,,,,,,,,,,,,,,,,,,,,,,,,,,,,,
EXP-C1-two_class,EXP-C1,M4,circor_murmur,0,1,r0f1,2406,601,138,0.8169717138103162,0.7068153212912882,0.5203252032520326,0.893305439330544,0.5565217391304348,0.5378151260504201,0.4242405272895469,0.752559785012076,0.6255283785447275,64.0,51.0,427.0,59.0,601.0,123.0,478.0,0.3040360743787296,0.1159423870349096,25.091942,0.744566,"{""class_weight"": ""balanced_subsample"", ""max_depth"": 30, ""max_features"": 0.3, ""min_samples_leaf"": 8, ""n_estimators"": 779}",bayes search inside this training fold,0.679788,12.0,185.62,nested-bayes,,,,,,,,,,,,,,,,,,,,,,,,,,,,,,,,,,,,,,,
EXP-C1-two_class,EXP-C1,M4,circor_murmur,0,2,r0f2,2405,602,138,0.7757475083056479,0.5840531785666081,0.2580645161290322,0.910041841004184,0.4266666666666667,0.321608040201005,0.2058604836024976,0.6436006883520042,0.4010473212858424,32.0,43.0,435.0,92.0,602.0,124.0,478.0,0.331244573045802,0.0479317401647729,5.324257,0.156765,"{""class_weight"": null, ""max_depth"": null, ""max_features"": 0.3, ""min_samples_leaf"": 2, ""n_estimators"": 105}",bayes search inside this training fold,0.716448,12.0,256.97,nested-bayes,,,,,,,,,,,,,,,,,,,,,,,,,,,,,,,,,,,,,,,
EXP-C1-two_class,EXP-C1,M4,circor_murmur,0,3,r0f3,2406,601,138,0.8286189683860233,0.6930043882028779,0.4634146341463415,0.9225941422594144,0.6063829787234043,0.5253456221198156,0.4287417502991158,0.7839745552267238,0.6102601427348074,57.0,37.0,441.0,66.0,601.0,123.0,478.0,0.2990321465071442,0.1368696362365385,2.037073,0.21828,"{""class_weight"": ""balanced_subsample"", ""max_depth"": 10, ""max_features"": ""sqrt"", ""min_samples_leaf"": 4, ""n_estimators"": 190}",bayes search inside this training fold,0.696909,12.0,274.21,nested-bayes,,,,,,,,,,,,,,,,,,,,,,,,,,,,,,,,,,,,,,,
EXP-C1-two_class,EXP-C1,M4,circor_murmur,0,4,r0f4,2406,601,138,0.8352745424292846,0.7062455352586998,0.4878048780487805,0.9246861924686192,0.625,0.547945205479452,0.4542550352047051,0.727157533081607,0.590898588199068,60.0,36.0,442.0,63.0,601.0,123.0,478.0,0.2873248749041347,0.0999685209335791,11.401982,0.232565,"{""class_weight"": ""balanced_subsample"", ""max_depth"": null, ""max_features"": 0.5, ""min_samples_leaf"": 1, ""n_estimators"": 185}",bayes search inside this training fold,0.687987,12.0,281.67,nested-bayes,,,,,,,,,,,,,,,,,,,,,,,,,,,,,,,,,,,,,,,
EXP-C1-two_class,EXP-C1,M5,circor_murmur,0,0,r0f0,2405,602,138,0.8488372093023255,0.6784204898416417,0.3902439024390244,0.9665970772442588,0.75,0.5133689839572193,0.4667817959493094,0.7750564353242697,0.6165558065473125,48.0,16.0,463.0,75.0,602.0,123.0,479.0,0.2429216866059985,0.0612839408740857,28.695513,0.022369,"{""learning_rate"": 0.07532621015030182, ""max_depth"": 8, ""min_samples_leaf"": 14, ""n_estimators"": 155, ""subsample"": 0.6944034377313526}",bayes search inside this training fold,0.681274,5.0,468.93,nested-bayes,,,,,,,,,,,,,,,,,,,,,,,,,,,,,,,,,,,,,,,
EXP-C1-two_class,EXP-C1,M5,circor_murmur,0,1,r0f1,2406,601,138,0.7986688851913477,0.7073851073238766,0.5528455284552846,0.8619246861924686,0.5074626865671642,0.5291828793774319,0.402034410156703,0.7655372997244617,0.6314272348929207,68.0,66.0,412.0,55.0,601.0,123.0,478.0,0.3144545654011629,0.1031737315671985,17.195391,0.014209,"{""learning_rate"": 0.0173579720185871, ""max_depth"": 4, ""min_samples_leaf"": 13, ""n_estimators"": 170, ""subsample"": 0.6571467271687763}",bayes search inside this training fold,0.673464,5.0,481.5,nested-bayes,,,,,,,,,,,,,,,,,,,,,,,,,,,,,,,,,,,,,,,
EXP-C1-two_class,EXP-C1,M5,circor_murmur,0,2,r0f2,2405,602,138,0.7873754152823921,0.6092927520583075,0.3064516129032258,0.9121338912133892,0.475,0.3725490196078431,0.2604149444234941,0.6480969091645297,0.4259334507357841,38.0,42.0,436.0,86.0,602.0,124.0,478.0,0.3223781157378291,0.0469939390791765,136.924685,0.063287,"{""learning_rate"": 0.0031266912307463765, ""max_depth"": 7, ""min_samples_leaf"": 9, ""n_estimators"": 658, ""subsample"": 0.8387400631785948}",bayes search inside this training fold,0.714939,5.0,380.18,nested-bayes,,,,,,,,,,,,,,,,,,,,,,,,,,,,,,,,,,,,,,,
EXP-C1-two_class,EXP-C1,M5,circor_murmur,0,3,r0f3,2406,601,138,0.831946755407654,0.655849236316631,0.3577235772357723,0.9539748953974896,0.6666666666666666,0.4656084656084656,0.4022094955616316,0.7856243834404872,0.5994784136884945,44.0,22.0,456.0,79.0,601.0,123.0,478.0,0.2560500515443936,0.0648700483068708,19.458525,0.018927,"{""learning_rate"": 0.08884909929476544, ""max_depth"": 8, ""min_samples_leaf"": 20, ""n_estimators"": 139, ""subsample"": 0.6003115063364057}",bayes search inside this training fold,0.69562,5.0,396.73,nested-bayes,,,,,,,,,,,,,,,,,,,,,,,,,,,,,,,,,,,,,,,
EXP-C1-two_class,EXP-C1,M5,circor_murmur,0,4,r0f4,2406,601,138,0.8186356073211315,0.7018233153042828,0.5040650406504065,0.899581589958159,0.5636363636363636,0.5321888412017167,0.4211441253665131,0.7401945776779943,0.6114794418987397,62.0,48.0,430.0,61.0,601.0,123.0,478.0,0.2850028587989545,0.0789818992113642,142.39497,0.0566,"{""learning_rate"": 0.0031266912307463765, ""max_depth"": 7, ""min_samples_leaf"": 9, ""n_estimators"": 658, ""subsample"": 0.8387400631785948}",bayes search inside this training fold,0.690373,5.0,10519.13,nested-bayes,,,,,,,,,,,,,,,,,,,,,,,,,,,,,,,,,,,,,,,
EXP-C1-two_class,EXP-C1,M6,circor_murmur,0,0,r0f0,2405,602,138,0.8222591362126246,0.7281854133781421,0.5691056910569106,0.8872651356993737,0.5645161290322581,0.5668016194331984,0.4550020948231003,0.7989205153011865,0.6479744035239409,70.0,54.0,425.0,53.0,602.0,123.0,479.0,0.2391896883821278,0.0686600822305818,189.44002,1.461869,"{""members"": {""M3"": {""C"": 1.9780827689353788, ""class_weight"": ""balanced"", ""gamma"": 0.004661686413912771}, ""M4"": {""class_weight"": ""balanced"", ""max_depth"": null, ""max_features"": 0.5, ""min_samples_leaf"": 1, ""n_estimators"": 135}, ""M5"": {""learning_rate"": 0.07532621015030182, ""max_depth"": 8, ""min_samples_leaf"": 14, ""n_estimators"": 155, ""subsample"": 0.6944034377313526}}}","bayes search inside this training fold, per member",,,774.94,nested-bayes,"{""M3"": 0.63541, ""M4"": 0.680366, ""M5"": 0.681274}",,,,,,,,,,,,,,,,,,,,,,,,,,,,,,,,,,,,,,
EXP-C1-two_class,EXP-C1,M6,circor_murmur,0,1,r0f1,2406,601,138,0.778702163061564,0.7038898527060584,0.5772357723577236,0.8305439330543933,0.4671052631578947,0.5163636363636364,0.3784836709652208,0.7623056774500799,0.6325563180630998,71.0,81.0,397.0,52.0,601.0,123.0,478.0,0.2454515933722395,0.069152874214841,172.079277,2.006405,"{""members"": {""M3"": {""C"": 0.9575089328562135, ""class_weight"": ""balanced"", ""gamma"": 0.0011852842120793588}, ""M4"": {""class_weight"": ""balanced_subsample"", ""max_depth"": 30, ""max_features"": 0.3, ""min_samples_leaf"": 8, ""n_estimators"": 779}, ""M5"": {""learning_rate"": 0.0173579720185871, ""max_depth"": 4, ""min_samples_leaf"": 13, ""n_estimators"": 170, ""subsample"": 0.6571467271687763}}}","bayes search inside this training fold, per member",,,766.38,nested-bayes,"{""M3"": 0.630574, ""M4"": 0.679788, ""M5"": 0.673464}",,,,,,,,,,,,,,,,,,,,,,,,,,,,,,,,,,,,,,
EXP-C1-two_class,EXP-C1,M6,circor_murmur,0,2,r0f2,2405,602,138,0.7657807308970099,0.6434741530570928,0.4354838709677419,0.8514644351464435,0.432,0.4337349397590361,0.2860976300616232,0.6695235524362262,0.441241811755519,54.0,71.0,407.0,70.0,602.0,124.0,478.0,0.2925448306526492,0.025553595183183,777.263182,1.000321,"{""members"": {""M3"": {""C"": 1000.0, ""class_weight"": ""balanced"", ""gamma"": 0.0001}, ""M4"": {""class_weight"": null, ""max_depth"": null, ""max_features"": 0.3, ""min_samples_leaf"": 2, ""n_estimators"": 105}, ""M5"": {""learning_rate"": 0.0031266912307463765, ""max_depth"": 7, ""min_samples_leaf"": 9, ""n_estimators"": 658, ""subsample"": 0.8387400631785948}}}","bayes search inside this training fold, per member",,,708.87,nested-bayes,"{""M3"": 0.678574, ""M4"": 0.716448, ""M5"": 0.714939}",,,,,,,,,,,,,,,,,,,,,,,,,,,,,,,,,,,,,,
EXP-C1-two_class,EXP-C1,M6,circor_murmur,0,3,r0f3,2406,601,138,0.8202995008319468,0.7089073715004932,0.5203252032520326,0.897489539748954,0.5663716814159292,0.5423728813559322,0.4314208515392043,0.7865258359696568,0.6205209807137744,64.0,49.0,429.0,59.0,601.0,123.0,478.0,0.2466175258958546,0.0506072772139503,108.752345,1.240021,"{""members"": {""M3"": {""C"": 173.8146709781495, ""class_weight"": ""balanced"", ""gamma"": 0.010216212083806325}, ""M4"": {""class_weight"": ""balanced_subsample"", ""max_depth"": 10, ""max_features"": ""sqrt"", ""min_samples_leaf"": 4, ""n_estimators"": 190}, ""M5"": {""learning_rate"": 0.08884909929476544, ""max_depth"": 8, ""min_samples_leaf"": 20, ""n_estimators"": 139, ""subsample"": 0.6003115063364057}}}","bayes search inside this training fold, per member",,,734.01,nested-bayes,"{""M3"": 0.624351, ""M4"": 0.696909, ""M5"": 0.69562}",,,,,,,,,,,,,,,,,,,,,,,,,,,,,,,,,,,,,,
EXP-C1-two_class,EXP-C1,M6,circor_murmur,0,4,r0f4,2406,601,138,0.7337770382695508,0.6967802837024186,0.6341463414634146,0.7594142259414226,0.4041450777202072,0.4936708860759494,0.3400708023027623,0.7469469673776238,0.6164192547966971,78.0,115.0,363.0,45.0,601.0,123.0,478.0,0.2431451379312548,0.0532557601180817,774.204709,1.579107,"{""members"": {""M3"": {""C"": 9.643857615941439, ""class_weight"": ""balanced"", ""gamma"": 0.016949768237884747}, ""M4"": {""class_weight"": ""balanced_subsample"", ""max_depth"": null, ""max_features"": 0.5, ""min_samples_leaf"": 1, ""n_estimators"": 185}, ""M5"": {""learning_rate"": 0.0031266912307463765, ""max_depth"": 7, ""min_samples_leaf"": 9, ""n_estimators"": 658, ""subsample"": 0.8387400631785948}}}","bayes search inside this training fold, per member",,,10859.14,nested-bayes,"{""M3"": 0.623007, ""M4"": 0.687987, ""M5"": 0.690373}",,,,,,,,,,,,,,,,,,,,,,,,,,,,,,,,,,,,,,
EXP-C1-two_class,EXP-C1,M7,circor_murmur,0,0,r0f0,2405,602,138,0.8222591362126246,0.7281854133781421,0.5691056910569106,0.8872651356993737,0.5645161290322581,0.5668016194331984,0.4550020948231003,0.7989205153011865,0.6479744035239409,70.0,54.0,425.0,53.0,602.0,123.0,479.0,0.2391896883821278,0.0686600822305818,174.170974,1.145544,"{""members"": {""M3"": {""C"": 1.9780827689353788, ""class_weight"": ""balanced"", ""gamma"": 0.004661686413912771}, ""M4"": {""class_weight"": ""balanced"", ""max_depth"": null, ""max_features"": 0.5, ""min_samples_leaf"": 1, ""n_estimators"": 135}, ""M5"": {""learning_rate"": 0.07532621015030182, ""max_depth"": 8, ""min_samples_leaf"": 14, ""n_estimators"": 155, ""subsample"": 0.6944034377313526}}}","bayes search inside this training fold, per member",,,774.94,nested-bayes,"{""M3"": 0.63541, ""M4"": 0.680366, ""M5"": 0.681274}",,,,,,,,,,,,,,,,,,,,,,,,,,,,,,,,,,,,,,
EXP-C1-two_class,EXP-C1,M7,circor_murmur,0,1,r0f1,2406,601,138,0.778702163061564,0.7038898527060584,0.5772357723577236,0.8305439330543933,0.4671052631578947,0.5163636363636364,0.3784836709652208,0.7623056774500799,0.6325563180630998,71.0,81.0,397.0,52.0,601.0,123.0,478.0,0.2454515933722395,0.069152874214841,167.159316,1.667008,"{""members"": {""M3"": {""C"": 0.9575089328562135, ""class_weight"": ""balanced"", ""gamma"": 0.0011852842120793588}, ""M4"": {""class_weight"": ""balanced_subsample"", ""max_depth"": 30, ""max_features"": 0.3, ""min_samples_leaf"": 8, ""n_estimators"": 779}, ""M5"": {""learning_rate"": 0.0173579720185871, ""max_depth"": 4, ""min_samples_leaf"": 13, ""n_estimators"": 170, ""subsample"": 0.6571467271687763}}}","bayes search inside this training fold, per member",,,766.38,nested-bayes,"{""M3"": 0.630574, ""M4"": 0.679788, ""M5"": 0.673464}",,,,,,,,,,,,,,,,,,,,,,,,,,,,,,,,,,,,,,
EXP-C1-two_class,EXP-C1,M7,circor_murmur,0,2,r0f2,2405,602,138,0.7657807308970099,0.6434741530570928,0.4354838709677419,0.8514644351464435,0.432,0.4337349397590361,0.2860976300616232,0.6695235524362262,0.441241811755519,54.0,71.0,407.0,70.0,602.0,124.0,478.0,0.2925448306526492,0.025553595183183,18876.091346,1.100725,"{""members"": {""M3"": {""C"": 1000.0, ""class_weight"": ""balanced"", ""gamma"": 0.0001}, ""M4"": {""class_weight"": null, ""max_depth"": null, ""max_features"": 0.3, ""min_samples_leaf"": 2, ""n_estimators"": 105}, ""M5"": {""learning_rate"": 0.0031266912307463765, ""max_depth"": 7, ""min_samples_leaf"": 9, ""n_estimators"": 658, ""subsample"": 0.8387400631785948}}}","bayes search inside this training fold, per member",,,708.87,nested-bayes,"{""M3"": 0.678574, ""M4"": 0.716448, ""M5"": 0.714939}",,,,,,,,,,,,,,,,,,,,,,,,,,,,,,,,,,,,,,
EXP-C1-two_class,EXP-C1,M7,circor_murmur,0,3,r0f3,2406,601,138,0.8202995008319468,0.7089073715004932,0.5203252032520326,0.897489539748954,0.5663716814159292,0.5423728813559322,0.4314208515392043,0.7865258359696568,0.6205209807137744,64.0,49.0,429.0,59.0,601.0,123.0,478.0,0.2466175258958546,0.0506072772139503,129.337928,1.224108,"{""members"": {""M3"": {""C"": 173.8146709781495, ""class_weight"": ""balanced"", ""gamma"": 0.010216212083806325}, ""M4"": {""class_weight"": ""balanced_subsample"", ""max_depth"": 10, ""max_features"": ""sqrt"", ""min_samples_leaf"": 4, ""n_estimators"": 190}, ""M5"": {""learning_rate"": 0.08884909929476544, ""max_depth"": 8, ""min_samples_leaf"": 20, ""n_estimators"": 139, ""subsample"": 0.6003115063364057}}}","bayes search inside this training fold, per member",,,734.01,nested-bayes,"{""M3"": 0.624351, ""M4"": 0.696909, ""M5"": 0.69562}",,,,,,,,,,,,,,,,,,,,,,,,,,,,,,,,,,,,,,
EXP-C1-two_class,EXP-C1,M7,circor_murmur,0,4,r0f4,2406,601,138,0.7337770382695508,0.6967802837024186,0.6341463414634146,0.7594142259414226,0.4041450777202072,0.4936708860759494,0.3400708023027623,0.7469469673776238,0.6164192547966971,78.0,115.0,363.0,45.0,601.0,123.0,478.0,0.2431451379312548,0.0532557601180817,807.670358,1.593163,"{""members"": {""M3"": {""C"": 9.643857615941439, ""class_weight"": ""balanced"", ""gamma"": 0.016949768237884747}, ""M4"": {""class_weight"": ""balanced_subsample"", ""max_depth"": null, ""max_features"": 0.5, ""min_samples_leaf"": 1, ""n_estimators"": 185}, ""M5"": {""learning_rate"": 0.0031266912307463765, ""max_depth"": 7, ""min_samples_leaf"": 9, ""n_estimators"": 658, ""subsample"": 0.8387400631785948}}}","bayes search inside this training fold, per member",,,10859.14,nested-bayes,"{""M3"": 0.623007, ""M4"": 0.687987, ""M5"": 0.690373}",,,,,,,,,,,,,,,,,,,,,,,,,,,,,,,,,,,,,,
EXP-C2,EXP-C2,M3,circor_outcome,0,0,r0f0,2530,633,138,0.5703001579778831,0.5641224196159149,0.3583061889250814,0.7699386503067485,0.5945945945945946,0.4471544715447154,0.1409266129094023,0.5777162726564218,0.5762712693943048,110.0,75.0,251.0,197.0,633.0,307.0,326.0,0.4893159058156847,0.0237796704344914,2.602765,1.68671,"{""C"": 0.01, ""class_weight"": null, ""gamma"": 0.0001}",bayes search inside this training fold,0.592953,12.0,79.03,nested-bayes,,,,,,,,,,,,,,,,,,,,,,,,,,,,,,,,,,,,,,,
EXP-C2,EXP-C2,M3,circor_outcome,0,1,r0f1,2530,633,138,0.6398104265402843,0.6361605804401271,0.5261437908496732,0.746177370030581,0.6598360655737705,0.5854545454545454,0.2796058576567995,0.654724071075933,0.6857757414287331,161.0,83.0,244.0,145.0,633.0,306.0,327.0,0.4650009750847017,0.0653065076625256,2.736455,1.502677,"{""C"": 1.290322770968029, ""class_weight"": ""balanced"", ""gamma"": 0.00015556216756077104}",bayes search inside this training fold,0.582888,12.0,69.43,nested-bayes,,,,,,,,,,,,,,,,,,,,,,,,,,,,,,,,,,,,,,,
EXP-C2,EXP-C2,M3,circor_outcome,0,2,r0f2,2530,633,138,0.6018957345971564,0.5953708700605624,0.3986928104575163,0.7920489296636085,0.6421052631578947,0.4919354838709677,0.2079704666647972,0.6396933900981391,0.6094063958006244,122.0,68.0,259.0,184.0,633.0,306.0,327.0,0.4747870928056751,0.0339063436019857,2.700352,2.095717,"{""C"": 0.08558042646296152, ""class_weight"": null, ""gamma"": 0.0001}",bayes search inside this training fold,0.584073,12.0,67.56,nested-bayes,,,,,,,,,,,,,,,,,,,,,,,,,,,,,,,,,,,,,,,
EXP-C2,EXP-C2,M3,circor_outcome,0,3,r0f3,2531,632,138,0.6360759493670886,0.6313003729099002,0.4803921568627451,0.7822085889570553,0.6743119266055045,0.5610687022900763,0.2760813380425176,0.6274710293115201,0.6510350106958724,147.0,71.0,255.0,159.0,632.0,306.0,326.0,0.4736595533243944,0.0785706101631879,2.446999,1.576212,"{""C"": 0.02292320689513215, ""class_weight"": null, ""gamma"": 0.00031071123188775073}",bayes search inside this training fold,0.570937,12.0,76.12,nested-bayes,,,,,,,,,,,,,,,,,,,,,,,,,,,,,,,,,,,,,,,
EXP-C2,EXP-C2,M3,circor_outcome,0,4,r0f4,2531,632,138,0.5854430379746836,0.581719395324592,0.4640522875816993,0.6993865030674846,0.5916666666666667,0.5201465201465202,0.1682968545061161,0.6166847106940936,0.607894709026082,142.0,98.0,228.0,164.0,632.0,306.0,326.0,0.4791591021473096,0.0186584784489145,3.079824,2.69225,"{""C"": 0.01, ""class_weight"": null, ""gamma"": 0.00383818069975465}",bayes search inside this training fold,0.594922,12.0,71.64,nested-bayes,,,,,,,,,,,,,,,,,,,,,,,,,,,,,,,,,,,,,,,
EXP-C2,EXP-C2,M4,circor_outcome,0,0,r0f0,2530,633,138,0.5671406003159558,0.5621940009192462,0.3973941368078176,0.7269938650306749,0.5781990521327014,0.471042471042471,0.1318739534310445,0.5723406806418737,0.5741833281408337,122.0,89.0,237.0,185.0,633.0,307.0,326.0,0.4905204328296702,0.0190130303599951,6.024122,0.884637,"{""class_weight"": ""balanced"", ""max_depth"": 5, ""max_features"": ""log2"", ""min_samples_leaf"": 9, ""n_estimators"": 967}",bayes search inside this training fold,0.60715,12.0,420.57,nested-bayes,,,,,,,,,,,,,,,,,,,,,,,,,,,,,,,,,,,,,,,
EXP-C2,EXP-C2,M4,circor_outcome,0,1,r0f1,2530,633,138,0.6303317535545023,0.6285602926185765,0.5751633986928104,0.6819571865443425,0.6285714285714286,0.6006825938566553,0.258705146963436,0.65841178469349,0.6853782477297783,176.0,104.0,223.0,130.0,633.0,306.0,327.0,0.461453274467506,0.0587365434689434,0.740599,0.140603,"{""class_weight"": ""balanced"", ""max_depth"": 5, ""max_features"": ""log2"", ""min_samples_leaf"": 8, ""n_estimators"": 103}",bayes search inside this training fold,0.585633,12.0,292.83,nested-bayes,,,,,,,,,,,,,,,,,,,,,,,,,,,,,,,,,,,,,,,
EXP-C2,EXP-C2,M4,circor_outcome,0,2,r0f2,2530,633,138,0.6066350710900474,0.6012172453079091,0.4379084967320261,0.764525993883792,0.6350710900473934,0.5183752417794971,0.2145960113845936,0.647838340229058,0.6581844258900132,134.0,77.0,250.0,172.0,633.0,306.0,327.0,0.4617239291146101,0.0145596686384353,2.396731,0.179396,"{""class_weight"": ""balanced_subsample"", ""max_depth"": 10, ""max_features"": ""sqrt"", ""min_samples_leaf"": 4, ""n_estimators"": 190}",bayes search inside this training fold,0.582313,12.0,257.27,nested-bayes,,,,,,,,,,,,,,,,,,,,,,,,,,,,,,,,,,,,,,,
EXP-C2,EXP-C2,M4,circor_outcome,0,3,r0f3,2531,632,138,0.6123417721518988,0.6090961947151048,0.5065359477124183,0.7116564417177914,0.6224899598393574,0.5585585585585585,0.223156761922484,0.6339969525642567,0.6653559049206138,155.0,94.0,232.0,151.0,632.0,306.0,326.0,0.464588013461257,0.0299897320272385,8.942402,0.764,"{""class_weight"": ""balanced_subsample"", ""max_depth"": 10, ""max_features"": ""log2"", ""min_samples_leaf"": 7, ""n_estimators"": 986}",bayes search inside this training fold,0.579004,12.0,488.82,nested-bayes,,,,,,,,,,,,,,,,,,,,,,,,,,,,,,,,,,,,,,,
EXP-C2,EXP-C2,M4,circor_outcome,0,4,r0f4,2531,632,138,0.6044303797468354,0.6012269938650308,0.5,0.7024539877300614,0.612,0.5503597122302158,0.206916042264872,0.6290749428605797,0.6327597863858101,153.0,97.0,229.0,153.0,632.0,306.0,326.0,0.4712239286123992,0.0378912769276196,44.217193,0.818693,"{""class_weight"": ""balanced"", ""max_depth"": null, ""max_features"": 0.3, ""min_samples_leaf"": 2, ""n_estimators"": 986}",bayes search inside this training fold,0.597458,12.0,596.82,nested-bayes,,,,,,,,,,,,,,,,,,,,,,,,,,,,,,,,,,,,,,,
EXP-C2,EXP-C2,M5,circor_outcome,0,0,r0f0,2530,633,138,0.5529225908372828,0.5487700085929538,0.4104234527687296,0.6871165644171779,0.5526315789473685,0.4710280373831775,0.1015467154077477,0.5739693451369876,0.5689267625319816,126.0,102.0,224.0,181.0,633.0,307.0,326.0,0.4987008549243821,0.0591271118748174,20.794505,0.014043,"{""learning_rate"": 0.0173579720185871, ""max_depth"": 4, ""min_samples_leaf"": 13, ""n_estimators"": 170, ""subsample"": 0.6571467271687763}",bayes search inside this training fold,0.601987,5.0,588.55,nested-bayes,,,,,,,,,,,,,,,,,,,,,,,,,,,,,,,,,,,,,,,
EXP-C2,EXP-C2,M5,circor_outcome,0,1,r0f1,2530,633,138,0.6240126382306477,0.6227588894885172,0.5849673202614379,0.6605504587155964,0.6172413793103448,0.6006711409395973,0.2462472999747116,0.6687653654734065,0.6909979757814534,179.0,111.0,216.0,127.0,633.0,306.0,327.0,0.4533608388331522,0.0291243631813851,22.042832,0.018989,"{""learning_rate"": 0.0173579720185871, ""max_depth"": 4, ""min_samples_leaf"": 13, ""n_estimators"": 170, ""subsample"": 0.6571467271687763}",bayes search inside this training fold,0.578292,5.0,473.58,nested-bayes,,,,,,,,,,,,,,,,,,,,,,,,,,,,,,,,,,,,,,,
EXP-C2,EXP-C2,M5,circor_outcome,0,2,r0f2,2530,633,138,0.5924170616113744,0.5872459075373269,0.4313725490196078,0.7431192660550459,0.6111111111111112,0.5057471264367817,0.183913981639159,0.638204313325738,0.6614681782149923,132.0,84.0,243.0,174.0,633.0,306.0,327.0,0.4613748037331122,0.0272080636453416,179.102853,0.070832,"{""learning_rate"": 0.0031266912307463765, ""max_depth"": 7, ""min_samples_leaf"": 9, ""n_estimators"": 658, ""subsample"": 0.8387400631785948}",bayes search inside this training fold,0.56685,5.0,539.39,nested-bayes,,,,,,,,,,,,,,,,,,,,,,,,,,,,,,,,,,,,,,,
EXP-C2,EXP-C2,M5,circor_outcome,0,3,r0f3,2531,632,138,0.6139240506329114,0.6104294478527608,0.5,0.7208588957055214,0.6270491803278688,0.5563636363636364,0.2267115434768718,0.6297967039576566,0.6571152299387695,153.0,91.0,235.0,153.0,632.0,306.0,326.0,0.4655250097385286,0.0411094882117989,145.898202,0.062352,"{""learning_rate"": 0.0031266912307463765, ""max_depth"": 7, ""min_samples_leaf"": 9, ""n_estimators"": 658, ""subsample"": 0.8387400631785948}",bayes search inside this training fold,0.574461,5.0,1001.14,nested-bayes,,,,,,,,,,,,,,,,,,,,,,,,,,,,,,,,,,,,,,,
EXP-C2,EXP-C2,M5,circor_outcome,0,4,r0f4,2531,632,138,0.6107594936708861,0.6082641645615301,0.5294117647058824,0.6871165644171779,0.6136363636363636,0.5684210526315789,0.219410983986584,0.6253959661574241,0.6458996195907767,162.0,102.0,224.0,144.0,632.0,306.0,326.0,0.4701773448358842,0.0398123617097642,20.482244,0.031043,"{""learning_rate"": 0.0173579720185871, ""max_depth"": 4, ""min_samples_leaf"": 13, ""n_estimators"": 170, ""subsample"": 0.6571467271687763}",bayes search inside this training fold,0.59504,5.0,5401.02,nested-bayes,,,,,,,,,,,,,,,,,,,,,,,,,,,,,,,,,,,,,,,
EXP-C2,EXP-C2,M6,circor_outcome,0,0,r0f0,2530,633,138,0.5703001579778831,0.5651665634179972,0.3941368078175896,0.7361963190184049,0.5845410628019324,0.4708171206225681,0.138849023595545,0.5798245438740233,0.5814987136594982,121.0,86.0,240.0,186.0,633.0,307.0,326.0,0.4878368718476207,0.0236523900828974,172.279521,3.048506,"{""members"": {""M3"": {""C"": 0.01, ""class_weight"": null, ""gamma"": 0.0001}, ""M4"": {""class_weight"": ""balanced"", ""max_depth"": 5, ""max_features"": ""log2"", ""min_samples_leaf"": 9, ""n_estimators"": 967}, ""M5"": {""learning_rate"": 0.0173579720185871, ""max_depth"": 4, ""min_samples_leaf"": 13, ""n_estimators"": 170, ""subsample"": 0.6571467271687763}}}","bayes search inside this training fold, per member",,,1088.16,nested-bayes,"{""M3"": 0.592953, ""M4"": 0.60715, ""M5"": 0.601987}",,,,,,,,,,,,,,,,,,,,,,,,,,,,,,,,,,,,,,
EXP-C2,EXP-C2,M6,circor_outcome,0,1,r0f1,2530,633,138,0.6161137440758294,0.6145889548479943,0.5686274509803921,0.6605504587155964,0.6105263157894737,0.5888324873096447,0.2301946848069558,0.6625792008954448,0.6903185301951466,174.0,111.0,216.0,132.0,633.0,306.0,327.0,0.4631935997833493,0.0826592782285831,121.844416,1.711767,"{""members"": {""M3"": {""C"": 1.290322770968029, ""class_weight"": ""balanced"", ""gamma"": 0.00015556216756077104}, ""M4"": {""class_weight"": ""balanced"", ""max_depth"": 5, ""max_features"": ""log2"", ""min_samples_leaf"": 8, ""n_estimators"": 103}, ""M5"": {""learning_rate"": 0.0173579720185871, ""max_depth"": 4, ""min_samples_leaf"": 13, ""n_estimators"": 170, ""subsample"": 0.6571467271687763}}}","bayes search inside this training fold, per member",,,835.84,nested-bayes,"{""M3"": 0.582888, ""M4"": 0.585633, ""M5"": 0.578292}",,,,,,,,,,,,,,,,,,,,,,,,,,,,,,,,,,,,,,
EXP-C2,EXP-C2,M6,circor_outcome,0,2,r0f2,2530,633,138,0.5987361769352291,0.5901091323379505,0.3300653594771242,0.8501529051987767,0.6733333333333333,0.4429824561403508,0.2117942660634213,0.6448801742919391,0.6562084806529941,101.0,49.0,278.0,205.0,633.0,306.0,327.0,0.4671563126649236,0.0244157168994265,917.484503,2.241038,"{""members"": {""M3"": {""C"": 0.08558042646296152, ""class_weight"": null, ""gamma"": 0.0001}, ""M4"": {""class_weight"": ""balanced_subsample"", ""max_depth"": 10, ""max_features"": ""sqrt"", ""min_samples_leaf"": 4, ""n_estimators"": 190}, ""M5"": {""learning_rate"": 0.0031266912307463765, ""max_depth"": 7, ""min_samples_leaf"": 9, ""n_estimators"": 658, ""subsample"": 0.8387400631785948}}}","bayes search inside this training fold, per member",,,864.23,nested-bayes,"{""M3"": 0.584073, ""M4"": 0.582313, ""M5"": 0.56685}",,,,,,,,,,,,,,,,,,,,,,,,,,,,,,,,,,,,,,
EXP-C2,EXP-C2,M6,circor_outcome,0,3,r0f3,2531,632,138,0.625,0.6229700469144713,0.5588235294117647,0.6871165644171779,0.6263736263736264,0.5906735751295337,0.2481248718775173,0.6412045390753438,0.6753029890990594,171.0,102.0,224.0,135.0,632.0,306.0,326.0,0.4671673344909563,0.0488987506410617,782.490171,2.212909,"{""members"": {""M3"": {""C"": 0.02292320689513215, ""class_weight"": null, ""gamma"": 0.00031071123188775073}, ""M4"": {""class_weight"": ""balanced_subsample"", ""max_depth"": 10, ""max_features"": ""log2"", ""min_samples_leaf"": 7, ""n_estimators"": 986}, ""M5"": {""learning_rate"": 0.0031266912307463765, ""max_depth"": 7, ""min_samples_leaf"": 9, ""n_estimators"": 658, ""subsample"": 0.8387400631785948}}}","bayes search inside this training fold, per member",,,1566.09,nested-bayes,"{""M3"": 0.570937, ""M4"": 0.579004, ""M5"": 0.574461}",,,,,,,,,,,,,,,,,,,,,,,,,,,,,,,,,,,,,,
EXP-C2,EXP-C2,M6,circor_outcome,0,4,r0f4,2531,632,138,0.5949367088607594,0.590019647940976,0.434640522875817,0.745398773006135,0.6157407407407407,0.5095785440613027,0.1896982297781492,0.6310497614178596,0.6335318104254758,133.0,83.0,243.0,173.0,632.0,306.0,326.0,0.4709611669752196,0.0163483195331997,209.001803,2.274766,"{""members"": {""M3"": {""C"": 0.01, ""class_weight"": null, ""gamma"": 0.00383818069975465}, ""M4"": {""class_weight"": ""balanced"", ""max_depth"": null, ""max_features"": 0.3, ""min_samples_leaf"": 2, ""n_estimators"": 986}, ""M5"": {""learning_rate"": 0.0173579720185871, ""max_depth"": 4, ""min_samples_leaf"": 13, ""n_estimators"": 170, ""subsample"": 0.6571467271687763}}}","bayes search inside this training fold, per member",,,6069.48,nested-bayes,"{""M3"": 0.594922, ""M4"": 0.597458, ""M5"": 0.59504}",,,,,,,,,,,,,,,,,,,,,,,,,,,,,,,,,,,,,,
EXP-C2,EXP-C2,M7,circor_outcome,0,0,r0f0,2530,633,138,0.5703001579778831,0.5651665634179972,0.3941368078175896,0.7361963190184049,0.5845410628019324,0.4708171206225681,0.138849023595545,0.5798245438740233,0.5814987136594982,121.0,86.0,240.0,186.0,633.0,307.0,326.0,0.4878368718476207,0.0236523900828974,126.447159,2.177703,"{""members"": {""M3"": {""C"": 0.01, ""class_weight"": null, ""gamma"": 0.0001}, ""M4"": {""class_weight"": ""balanced"", ""max_depth"": 5, ""max_features"": ""log2"", ""min_samples_leaf"": 9, ""n_estimators"": 967}, ""M5"": {""learning_rate"": 0.0173579720185871, ""max_depth"": 4, ""min_samples_leaf"": 13, ""n_estimators"": 170, ""subsample"": 0.6571467271687763}}}","bayes search inside this training fold, per member",,,1088.16,nested-bayes,"{""M3"": 0.592953, ""M4"": 0.60715, ""M5"": 0.601987}",,,,,,,,,,,,,,,,,,,,,,,,,,,,,,,,,,,,,,
EXP-C2,EXP-C2,M7,circor_outcome,0,1,r0f1,2530,633,138,0.6161137440758294,0.6145889548479943,0.5686274509803921,0.6605504587155964,0.6105263157894737,0.5888324873096447,0.2301946848069558,0.6625792008954448,0.6903185301951466,174.0,111.0,216.0,132.0,633.0,306.0,327.0,0.4631935997833493,0.0826592782285831,112.775196,1.575592,"{""members"": {""M3"": {""C"": 1.290322770968029, ""class_weight"": ""balanced"", ""gamma"": 0.00015556216756077104}, ""M4"": {""class_weight"": ""balanced"", ""max_depth"": 5, ""max_features"": ""log2"", ""min_samples_leaf"": 8, ""n_estimators"": 103}, ""M5"": {""learning_rate"": 0.0173579720185871, ""max_depth"": 4, ""min_samples_leaf"": 13, ""n_estimators"": 170, ""subsample"": 0.6571467271687763}}}","bayes search inside this training fold, per member",,,835.84,nested-bayes,"{""M3"": 0.582888, ""M4"": 0.585633, ""M5"": 0.578292}",,,,,,,,,,,,,,,,,,,,,,,,,,,,,,,,,,,,,,
EXP-C2,EXP-C2,M7,circor_outcome,0,2,r0f2,2530,633,138,0.5987361769352291,0.5901091323379505,0.3300653594771242,0.8501529051987767,0.6733333333333333,0.4429824561403508,0.2117942660634213,0.6448801742919391,0.6562084806529941,101.0,49.0,278.0,205.0,633.0,306.0,327.0,0.4671563126649236,0.0244157168994265,3064.797019,5.341019,"{""members"": {""M3"": {""C"": 0.08558042646296152, ""class_weight"": null, ""gamma"": 0.0001}, ""M4"": {""class_weight"": ""balanced_subsample"", ""max_depth"": 10, ""max_features"": ""sqrt"", ""min_samples_leaf"": 4, ""n_estimators"": 190}, ""M5"": {""learning_rate"": 0.0031266912307463765, ""max_depth"": 7, ""min_samples_leaf"": 9, ""n_estimators"": 658, ""subsample"": 0.8387400631785948}}}","bayes search inside this training fold, per member",,,864.23,nested-bayes,"{""M3"": 0.584073, ""M4"": 0.582313, ""M5"": 0.56685}",,,,,,,,,,,,,,,,,,,,,,,,,,,,,,,,,,,,,,
EXP-C2,EXP-C2,M7,circor_outcome,0,3,r0f3,2531,632,138,0.625,0.6229700469144713,0.5588235294117647,0.6871165644171779,0.6263736263736264,0.5906735751295337,0.2481248718775173,0.6412045390753438,0.6753029890990594,171.0,102.0,224.0,135.0,632.0,306.0,326.0,0.4671673344909563,0.0488987506410617,1525.97178,2.213472,"{""members"": {""M3"": {""C"": 0.02292320689513215, ""class_weight"": null, ""gamma"": 0.00031071123188775073}, ""M4"": {""class_weight"": ""balanced_subsample"", ""max_depth"": 10, ""max_features"": ""log2"", ""min_samples_leaf"": 7, ""n_estimators"": 986}, ""M5"": {""learning_rate"": 0.0031266912307463765, ""max_depth"": 7, ""min_samples_leaf"": 9, ""n_estimators"": 658, ""subsample"": 0.8387400631785948}}}","bayes search inside this training fold, per member",,,1566.09,nested-bayes,"{""M3"": 0.570937, ""M4"": 0.579004, ""M5"": 0.574461}",,,,,,,,,,,,,,,,,,,,,,,,,,,,,,,,,,,,,,
EXP-C2,EXP-C2,M7,circor_outcome,0,4,r0f4,2531,632,138,0.5949367088607594,0.590019647940976,0.434640522875817,0.745398773006135,0.6157407407407407,0.5095785440613027,0.1896982297781492,0.6310497614178596,0.6335318104254758,133.0,83.0,243.0,173.0,632.0,306.0,326.0,0.4709611669752196,0.0163483195331997,209.761549,2.151581,"{""members"": {""M3"": {""C"": 0.01, ""class_weight"": null, ""gamma"": 0.00383818069975465}, ""M4"": {""class_weight"": ""balanced"", ""max_depth"": null, ""max_features"": 0.3, ""min_samples_leaf"": 2, ""n_estimators"": 986}, ""M5"": {""learning_rate"": 0.0173579720185871, ""max_depth"": 4, ""min_samples_leaf"": 13, ""n_estimators"": 170, ""subsample"": 0.6571467271687763}}}","bayes search inside this training fold, per member",,,6069.48,nested-bayes,"{""M3"": 0.594922, ""M4"": 0.597458, ""M5"": 0.59504}",,,,,,,,,,,,,,,,,,,,,,,,,,,,,,,,,,,,,,
