group_id,method,record_uid,dataset_source,file_path,duplicate_of,similarity,decision,reason
exact_0001,raw_sha256,D1_training-a_a0001,D1,dataset/archive (3)/training-a/a0001.wav,,1.0,keep,byte-identical group; kept by the T17.6 priority rule
exact_0001,raw_sha256,D1_validation_a0001,D1,dataset/archive (3)/validation/a0001.wav,D1_training-a_a0001,1.0,drop,byte-identical to D1_training-a_a0001
exact_0002,raw_sha256,D1_training-a_a0002,D1,dataset/archive (3)/training-a/a0002.wav,,1.0,keep,byte-identical group; kept by the T17.6 priority rule
exact_0002,raw_sha256,D1_validation_a0002,D1,dataset/archive (3)/validation/a0002.wav,D1_training-a_a0002,1.0,drop,byte-identical to D1_training-a_a0002
exact_0003,raw_sha256,D1_training-a_a0003,D1,dataset/archive (3)/training-a/a0003.wav,,1.0,keep,byte-identical group; kept by the T17.6 priority rule
exact_0003,raw_sha256,D1_validation_a0003,D1,dataset/archive (3)/validation/a0003.wav,D1_training-a_a0003,1.0,drop,byte-identical to D1_training-a_a0003
exact_0004,raw_sha256,D1_training-a_a0004,D1,dataset/archive (3)/training-a/a0004.wav,,1.0,keep,byte-identical group; kept by the T17.6 priority rule
exact_0004,raw_sha256,D1_validation_a0004,D1,dataset/archive (3)/validation/a0004.wav,D1_training-a_a0004,1.0,drop,byte-identical to D1_training-a_a0004
exact_0005,raw_sha256,D1_training-a_a0005,D1,dataset/archive (3)/training-a/a0005.wav,,1.0,keep,byte-identical group; kept by the T17.6 priority rule
exact_0005,raw_sha256,D1_validation_a0005,D1,dataset/archive (3)/validation/a0005.wav,D1_training-a_a0005,1.0,drop,byte-identical to D1_training-a_a0005
exact_0006,raw_sha256,D1_training-a_a0006,D1,dataset/archive (3)/training-a/a0006.wav,,1.0,keep,byte-identical group; kept by the T17.6 priority rule
exact_0006,raw_sha256,D1_validation_a0006,D1,dataset/archive (3)/validation/a0006.wav,D1_training-a_a0006,1.0,drop,byte-identical to D1_training-a_a0006
exact_0007,raw_sha256,D1_training-a_a0007,D1,dataset/archive (3)/training-a/a0007.wav,,1.0,keep,byte-identical group; kept by the T17.6 priority rule
exact_0007,raw_sha256,D1_validation_a0007,D1,dataset/archive (3)/validation/a0007.wav,D1_training-a_a0007,1.0,drop,byte-identical to D1_training-a_a0007
exact_0008,raw_sha256,D1_training-a_a0008,D1,dataset/archive (3)/training-a/a0008.wav,,1.0,keep,byte-identical group; kept by the T17.6 priority rule
exact_0008,raw_sha256,D1_validation_a0008,D1,dataset/archive (3)/validation/a0008.wav,D1_training-a_a0008,1.0,drop,byte-identical to D1_training-a_a0008
exact_0009,raw_sha256,D1_training-a_a0009,D1,dataset/archive (3)/training-a/a0009.wav,,1.0,keep,byte-identical group; kept by the T17.6 priority rule
exact_0009,raw_sha256,D1_validation_a0009,D1,dataset/archive (3)/validation/a0009.wav,D1_training-a_a0009,1.0,drop,byte-identical to D1_training-a_a0009
exact_0010,raw_sha256,D1_training-a_a0010,D1,dataset/archive (3)/training-a/a0010.wav,,1.0,keep,byte-identical group; kept by the T17.6 priority rule
exact_0010,raw_sha256,D1_validation_a0010,D1,dataset/archive (3)/validation/a0010.wav,D1_training-a_a0010,1.0,drop,byte-identical to D1_training-a_a0010
exact_0011,raw_sha256,D1_training-a_a0011,D1,dataset/archive (3)/training-a/a0011.wav,,1.0,keep,byte-identical group; kept by the T17.6 priority rule
exact_0011,raw_sha256,D1_validation_a0011,D1,dataset/archive (3)/validation/a0011.wav,D1_training-a_a0011,1.0,drop,byte-identical to D1_training-a_a0011
exact_0012,raw_sha256,D1_training-a_a0012,D1,dataset/archive (3)/training-a/a0012.wav,,1.0,keep,byte-identical group; kept by the T17.6 priority rule
exact_0012,raw_sha256,D1_validation_a0012,D1,dataset/archive (3)/validation/a0012.wav,D1_training-a_a0012,1.0,drop,byte-identical to D1_training-a_a0012
exact_0013,raw_sha256,D1_training-a_a0013,D1,dataset/archive (3)/training-a/a0013.wav,,1.0,keep,byte-identical group; kept by the T17.6 priority rule
exact_0013,raw_sha256,D1_validation_a0013,D1,dataset/archive (3)/validation/a0013.wav,D1_training-a_a0013,1.0,drop,byte-identical to D1_training-a_a0013
exact_0014,raw_sha256,D1_training-a_a0014,D1,dataset/archive (3)/training-a/a0014.wav,,1.0,keep,byte-identical group; kept by the T17.6 priority rule
exact_0014,raw_sha256,D1_validation_a0014,D1,dataset/archive (3)/validation/a0014.wav,D1_training-a_a0014,1.0,drop,byte-identical to D1_training-a_a0014
exact_0015,raw_sha256,D1_training-a_a0015,D1,dataset/archive (3)/training-a/a0015.wav,,1.0,keep,byte-identical group; kept by the T17.6 priority rule
exact_0015,raw_sha256,D1_validation_a0015,D1,dataset/archive (3)/validation/a0015.wav,D1_training-a_a0015,1.0,drop,byte-identical to D1_training-a_a0015
exact_0016,raw_sha256,D1_training-a_a0016,D1,dataset/archive (3)/training-a/a0016.wav,,1.0,keep,byte-identical group; kept by the T17.6 priority rule
exact_0016,raw_sha256,D1_validation_a0016,D1,dataset/archive (3)/validation/a0016.wav,D1_training-a_a0016,1.0,drop,byte-identical to D1_training-a_a0016
exact_0017,raw_sha256,D1_training-a_a0017,D1,dataset/archive (3)/training-a/a0017.wav,,1.0,keep,byte-identical group; kept by the T17.6 priority rule
exact_0017,raw_sha256,D1_validation_a0017,D1,dataset/archive (3)/validation/a0017.wav,D1_training-a_a0017,1.0,drop,byte-identical to D1_training-a_a0017
exact_0018,raw_sha256,D1_training-a_a0018,D1,dataset/archive (3)/training-a/a0018.wav,,1.0,keep,byte-identical group; kept by the T17.6 priority rule
exact_0018,raw_sha256,D1_validation_a0018,D1,dataset/archive (3)/validation/a0018.wav,D1_training-a_a0018,1.0,drop,byte-identical to D1_training-a_a0018
exact_0019,raw_sha256,D1_training-a_a0019,D1,dataset/archive (3)/training-a/a0019.wav,,1.0,keep,byte-identical group; kept by the T17.6 priority rule
exact_0019,raw_sha256,D1_validation_a0019,D1,dataset/archive (3)/validation/a0019.wav,D1_training-a_a0019,1.0,drop,byte-identical to D1_training-a_a0019
exact_0020,raw_sha256,D1_training-a_a0020,D1,dataset/archive (3)/training-a/a0020.wav,,1.0,keep,byte-identical group; kept by the T17.6 priority rule
exact_0020,raw_sha256,D1_validation_a0020,D1,dataset/archive (3)/validation/a0020.wav,D1_training-a_a0020,1.0,drop,byte-identical to D1_training-a_a0020
exact_0021,raw_sha256,D1_training-a_a0021,D1,dataset/archive (3)/training-a/a0021.wav,,1.0,keep,byte-identical group; kept by the T17.6 priority rule
exact_0021,raw_sha256,D1_validation_a0021,D1,dataset/archive (3)/validation/a0021.wav,D1_training-a_a0021,1.0,drop,byte-identical to D1_training-a_a0021
exact_0022,raw_sha256,D1_training-a_a0022,D1,dataset/archive (3)/training-a/a0022.wav,,1.0,keep,byte-identical group; kept by the T17.6 priority rule
exact_0022,raw_sha256,D1_validation_a0022,D1,dataset/archive (3)/validation/a0022.wav,D1_training-a_a0022,1.0,drop,byte-identical to D1_training-a_a0022
exact_0023,raw_sha256,D1_training-a_a0023,D1,dataset/archive (3)/training-a/a0023.wav,,1.0,keep,byte-identical group; kept by the T17.6 priority rule
exact_0023,raw_sha256,D1_validation_a0023,D1,dataset/archive (3)/validation/a0023.wav,D1_training-a_a0023,1.0,drop,byte-identical to D1_training-a_a0023
exact_0024,raw_sha256,D1_training-a_a0024,D1,dataset/archive (3)/training-a/a0024.wav,,1.0,keep,byte-identical group; kept by the T17.6 priority rule
exact_0024,raw_sha256,D1_validation_a0024,D1,dataset/archive (3)/validation/a0024.wav,D1_training-a_a0024,1.0,drop,byte-identical to D1_training-a_a0024
exact_0025,raw_sha256,D1_training-a_a0025,D1,dataset/archive (3)/training-a/a0025.wav,,1.0,keep,byte-identical group; kept by the T17.6 priority rule
exact_0025,raw_sha256,D1_validation_a0025,D1,dataset/archive (3)/validation/a0025.wav,D1_training-a_a0025,1.0,drop,byte-identical to D1_training-a_a0025
exact_0026,raw_sha256,D1_training-a_a0026,D1,dataset/archive (3)/training-a/a0026.wav,,1.0,keep,byte-identical group; kept by the T17.6 priority rule
exact_0026,raw_sha256,D1_validation_a0026,D1,dataset/archive (3)/validation/a0026.wav,D1_training-a_a0026,1.0,drop,byte-identical to D1_training-a_a0026
exact_0027,raw_sha256,D1_training-a_a0027,D1,dataset/archive (3)/training-a/a0027.wav,,1.0,keep,byte-identical group; kept by the T17.6 priority rule
exact_0027,raw_sha256,D1_validation_a0027,D1,dataset/archive (3)/validation/a0027.wav,D1_training-a_a0027,1.0,drop,byte-identical to D1_training-a_a0027
exact_0028,raw_sha256,D1_training-a_a0028,D1,dataset/archive (3)/training-a/a0028.wav,,1.0,keep,byte-identical group; kept by the T17.6 priority rule
exact_0028,raw_sha256,D1_validation_a0028,D1,dataset/archive (3)/validation/a0028.wav,D1_training-a_a0028,1.0,drop,byte-identical to D1_training-a_a0028
exact_0029,raw_sha256,D1_training-a_a0029,D1,dataset/archive (3)/training-a/a0029.wav,,1.0,keep,byte-identical group; kept by the T17.6 priority rule
exact_0029,raw_sha256,D1_validation_a0029,D1,dataset/archive (3)/validation/a0029.wav,D1_training-a_a0029,1.0,drop,byte-identical to D1_training-a_a0029
exact_0030,raw_sha256,D1_training-a_a0030,D1,dataset/archive (3)/training-a/a0030.wav,,1.0,keep,byte-identical group; kept by the T17.6 priority rule
exact_0030,raw_sha256,D1_validation_a0030,D1,dataset/archive (3)/validation/a0030.wav,D1_training-a_a0030,1.0,drop,byte-identical to D1_training-a_a0030
exact_0031,raw_sha256,D1_training-a_a0031,D1,dataset/archive (3)/training-a/a0031.wav,,1.0,keep,byte-identical group; kept by the T17.6 priority rule
exact_0031,raw_sha256,D1_validation_a0031,D1,dataset/archive (3)/validation/a0031.wav,D1_training-a_a0031,1.0,drop,byte-identical to D1_training-a_a0031
exact_0032,raw_sha256,D1_training-a_a0032,D1,dataset/archive (3)/training-a/a0032.wav,,1.0,keep,byte-identical group; kept by the T17.6 priority rule
exact_0032,raw_sha256,D1_validation_a0032,D1,dataset/archive (3)/validation/a0032.wav,D1_training-a_a0032,1.0,drop,byte-identical to D1_training-a_a0032
exact_0033,raw_sha256,D1_training-a_a0033,D1,dataset/archive (3)/training-a/a0033.wav,,1.0,keep,byte-identical group; kept by the T17.6 priority rule
exact_0033,raw_sha256,D1_validation_a0033,D1,dataset/archive (3)/validation/a0033.wav,D1_training-a_a0033,1.0,drop,byte-identical to D1_training-a_a0033
exact_0034,raw_sha256,D1_training-a_a0034,D1,dataset/archive (3)/training-a/a0034.wav,,1.0,keep,byte-identical group; kept by the T17.6 priority rule
exact_0034,raw_sha256,D1_validation_a0034,D1,dataset/archive (3)/validation/a0034.wav,D1_training-a_a0034,1.0,drop,byte-identical to D1_training-a_a0034
exact_0035,raw_sha256,D1_training-a_a0035,D1,dataset/archive (3)/training-a/a0035.wav,,1.0,keep,byte-identical group; kept by the T17.6 priority rule
exact_0035,raw_sha256,D1_validation_a0035,D1,dataset/archive (3)/validation/a0035.wav,D1_training-a_a0035,1.0,drop,byte-identical to D1_training-a_a0035
exact_0036,raw_sha256,D1_training-a_a0036,D1,dataset/archive (3)/training-a/a0036.wav,,1.0,keep,byte-identical group; kept by the T17.6 priority rule
exact_0036,raw_sha256,D1_validation_a0036,D1,dataset/archive (3)/validation/a0036.wav,D1_training-a_a0036,1.0,drop,byte-identical to D1_training-a_a0036
exact_0037,raw_sha256,D1_training-a_a0037,D1,dataset/archive (3)/training-a/a0037.wav,,1.0,keep,byte-identical group; kept by the T17.6 priority rule
exact_0037,raw_sha256,D1_validation_a0037,D1,dataset/archive (3)/validation/a0037.wav,D1_training-a_a0037,1.0,drop,byte-identical to D1_training-a_a0037
exact_0038,raw_sha256,D1_training-a_a0038,D1,dataset/archive (3)/training-a/a0038.wav,,1.0,keep,byte-identical group; kept by the T17.6 priority rule
exact_0038,raw_sha256,D1_validation_a0038,D1,dataset/archive (3)/validation/a0038.wav,D1_training-a_a0038,1.0,drop,byte-identical to D1_training-a_a0038
exact_0039,raw_sha256,D1_training-a_a0039,D1,dataset/archive (3)/training-a/a0039.wav,,1.0,keep,byte-identical group; kept by the T17.6 priority rule
exact_0039,raw_sha256,D1_validation_a0039,D1,dataset/archive (3)/validation/a0039.wav,D1_training-a_a0039,1.0,drop,byte-identical to D1_training-a_a0039
exact_0040,raw_sha256,D1_training-a_a0040,D1,dataset/archive (3)/training-a/a0040.wav,,1.0,keep,byte-identical group; kept by the T17.6 priority rule
exact_0040,raw_sha256,D1_validation_a0040,D1,dataset/archive (3)/validation/a0040.wav,D1_training-a_a0040,1.0,drop,byte-identical to D1_training-a_a0040
exact_0041,raw_sha256,D1_training-a_a0041,D1,dataset/archive (3)/training-a/a0041.wav,,1.0,keep,byte-identical group; kept by the T17.6 priority rule
exact_0041,raw_sha256,D1_validation_a0041,D1,dataset/archive (3)/validation/a0041.wav,D1_training-a_a0041,1.0,drop,byte-identical to D1_training-a_a0041
exact_0042,raw_sha256,D1_training-a_a0042,D1,dataset/archive (3)/training-a/a0042.wav,,1.0,keep,byte-identical group; kept by the T17.6 priority rule
exact_0042,raw_sha256,D1_validation_a0042,D1,dataset/archive (3)/validation/a0042.wav,D1_training-a_a0042,1.0,drop,byte-identical to D1_training-a_a0042
exact_0043,raw_sha256,D1_training-a_a0043,D1,dataset/archive (3)/training-a/a0043.wav,,1.0,keep,byte-identical group; kept by the T17.6 priority rule
exact_0043,raw_sha256,D1_validation_a0043,D1,dataset/archive (3)/validation/a0043.wav,D1_training-a_a0043,1.0,drop,byte-identical to D1_training-a_a0043
exact_0044,raw_sha256,D1_training-a_a0044,D1,dataset/archive (3)/training-a/a0044.wav,,1.0,keep,byte-identical group; kept by the T17.6 priority rule
exact_0044,raw_sha256,D1_validation_a0044,D1,dataset/archive (3)/validation/a0044.wav,D1_training-a_a0044,1.0,drop,byte-identical to D1_training-a_a0044
exact_0045,raw_sha256,D1_training-a_a0045,D1,dataset/archive (3)/training-a/a0045.wav,,1.0,keep,byte-identical group; kept by the T17.6 priority rule
exact_0045,raw_sha256,D1_validation_a0045,D1,dataset/archive (3)/validation/a0045.wav,D1_training-a_a0045,1.0,drop,byte-identical to D1_training-a_a0045
exact_0046,raw_sha256,D1_training-a_a0046,D1,dataset/archive (3)/training-a/a0046.wav,,1.0,keep,byte-identical group; kept by the T17.6 priority rule
exact_0046,raw_sha256,D1_validation_a0046,D1,dataset/archive (3)/validation/a0046.wav,D1_training-a_a0046,1.0,drop,byte-identical to D1_training-a_a0046
exact_0047,raw_sha256,D1_training-a_a0047,D1,dataset/archive (3)/training-a/a0047.wav,,1.0,keep,byte-identical group; kept by the T17.6 priority rule
exact_0047,raw_sha256,D1_validation_a0047,D1,dataset/archive (3)/validation/a0047.wav,D1_training-a_a0047,1.0,drop,byte-identical to D1_training-a_a0047
exact_0048,raw_sha256,D1_training-a_a0048,D1,dataset/archive (3)/training-a/a0048.wav,,1.0,keep,byte-identical group; kept by the T17.6 priority rule
exact_0048,raw_sha256,D1_validation_a0048,D1,dataset/archive (3)/validation/a0048.wav,D1_training-a_a0048,1.0,drop,byte-identical to D1_training-a_a0048
exact_0049,raw_sha256,D1_training-a_a0049,D1,dataset/archive (3)/training-a/a0049.wav,,1.0,keep,byte-identical group; kept by the T17.6 priority rule
exact_0049,raw_sha256,D1_validation_a0049,D1,dataset/archive (3)/validation/a0049.wav,D1_training-a_a0049,1.0,drop,byte-identical to D1_training-a_a0049
exact_0050,raw_sha256,D1_training-a_a0050,D1,dataset/archive (3)/training-a/a0050.wav,,1.0,keep,byte-identical group; kept by the T17.6 priority rule
exact_0050,raw_sha256,D1_validation_a0050,D1,dataset/archive (3)/validation/a0050.wav,D1_training-a_a0050,1.0,drop,byte-identical to D1_training-a_a0050
exact_0051,raw_sha256,D1_training-a_a0051,D1,dataset/archive (3)/training-a/a0051.wav,,1.0,keep,byte-identical group; kept by the T17.6 priority rule
exact_0051,raw_sha256,D1_validation_a0051,D1,dataset/archive (3)/validation/a0051.wav,D1_training-a_a0051,1.0,drop,byte-identical to D1_training-a_a0051
exact_0052,raw_sha256,D1_training-a_a0052,D1,dataset/archive (3)/training-a/a0052.wav,,1.0,keep,byte-identical group; kept by the T17.6 priority rule
exact_0052,raw_sha256,D1_validation_a0052,D1,dataset/archive (3)/validation/a0052.wav,D1_training-a_a0052,1.0,drop,byte-identical to D1_training-a_a0052
exact_0053,raw_sha256,D1_training-a_a0053,D1,dataset/archive (3)/training-a/a0053.wav,,1.0,keep,byte-identical group; kept by the T17.6 priority rule
exact_0053,raw_sha256,D1_validation_a0053,D1,dataset/archive (3)/validation/a0053.wav,D1_training-a_a0053,1.0,drop,byte-identical to D1_training-a_a0053
exact_0054,raw_sha256,D1_training-a_a0054,D1,dataset/archive (3)/training-a/a0054.wav,,1.0,keep,byte-identical group; kept by the T17.6 priority rule
exact_0054,raw_sha256,D1_validation_a0054,D1,dataset/archive (3)/validation/a0054.wav,D1_training-a_a0054,1.0,drop,byte-identical to D1_training-a_a0054
exact_0055,raw_sha256,D1_training-a_a0055,D1,dataset/archive (3)/training-a/a0055.wav,,1.0,keep,byte-identical group; kept by the T17.6 priority rule
exact_0055,raw_sha256,D1_validation_a0055,D1,dataset/archive (3)/validation/a0055.wav,D1_training-a_a0055,1.0,drop,byte-identical to D1_training-a_a0055
exact_0056,raw_sha256,D1_training-a_a0056,D1,dataset/archive (3)/training-a/a0056.wav,,1.0,keep,byte-identical group; kept by the T17.6 priority rule
exact_0056,raw_sha256,D1_validation_a0056,D1,dataset/archive (3)/validation/a0056.wav,D1_training-a_a0056,1.0,drop,byte-identical to D1_training-a_a0056
exact_0057,raw_sha256,D1_training-a_a0057,D1,dataset/archive (3)/training-a/a0057.wav,,1.0,keep,byte-identical group; kept by the T17.6 priority rule
exact_0057,raw_sha256,D1_validation_a0057,D1,dataset/archive (3)/validation/a0057.wav,D1_training-a_a0057,1.0,drop,byte-identical to D1_training-a_a0057
exact_0058,raw_sha256,D1_training-a_a0068,D1,dataset/archive (3)/training-a/a0068.wav,,1.0,keep,byte-identical group; kept by the T17.6 priority rule
exact_0058,raw_sha256,D1_validation_a0068,D1,dataset/archive (3)/validation/a0068.wav,D1_training-a_a0068,1.0,drop,byte-identical to D1_training-a_a0068
exact_0059,raw_sha256,D1_training-a_a0069,D1,dataset/archive (3)/training-a/a0069.wav,,1.0,keep,byte-identical group; kept by the T17.6 priority rule
exact_0059,raw_sha256,D1_validation_a0069,D1,dataset/archive (3)/validation/a0069.wav,D1_training-a_a0069,1.0,drop,byte-identical to D1_training-a_a0069
exact_0060,raw_sha256,D1_training-a_a0070,D1,dataset/archive (3)/training-a/a0070.wav,,1.0,keep,byte-identical group; kept by the T17.6 priority rule
exact_0060,raw_sha256,D1_validation_a0070,D1,dataset/archive (3)/validation/a0070.wav,D1_training-a_a0070,1.0,drop,byte-identical to D1_training-a_a0070
exact_0061,raw_sha256,D1_training-a_a0071,D1,dataset/archive (3)/training-a/a0071.wav,,1.0,keep,byte-identical group; kept by the T17.6 priority rule
exact_0061,raw_sha256,D1_validation_a0071,D1,dataset/archive (3)/validation/a0071.wav,D1_training-a_a0071,1.0,drop,byte-identical to D1_training-a_a0071
exact_0062,raw_sha256,D1_training-a_a0080,D1,dataset/archive (3)/training-a/a0080.wav,,1.0,keep,byte-identical group; kept by the T17.6 priority rule
exact_0062,raw_sha256,D1_validation_a0080,D1,dataset/archive (3)/validation/a0080.wav,D1_training-a_a0080,1.0,drop,byte-identical to D1_training-a_a0080
exact_0063,raw_sha256,D1_training-a_a0081,D1,dataset/archive (3)/training-a/a0081.wav,,1.0,keep,byte-identical group; kept by the T17.6 priority rule
exact_0063,raw_sha256,D1_validation_a0081,D1,dataset/archive (3)/validation/a0081.wav,D1_training-a_a0081,1.0,drop,byte-identical to D1_training-a_a0081
exact_0064,raw_sha256,D1_training-a_a0085,D1,dataset/archive (3)/training-a/a0085.wav,,1.0,keep,byte-identical group; kept by the T17.6 priority rule
exact_0064,raw_sha256,D1_validation_a0085,D1,dataset/archive (3)/validation/a0085.wav,D1_training-a_a0085,1.0,drop,byte-identical to D1_training-a_a0085
exact_0065,raw_sha256,D1_training-a_a0086,D1,dataset/archive (3)/training-a/a0086.wav,,1.0,keep,byte-identical group; kept by the T17.6 priority rule
exact_0065,raw_sha256,D1_validation_a0086,D1,dataset/archive (3)/validation/a0086.wav,D1_training-a_a0086,1.0,drop,byte-identical to D1_training-a_a0086
exact_0066,raw_sha256,D1_training-a_a0088,D1,dataset/archive (3)/training-a/a0088.wav,,1.0,keep,byte-identical group; kept by the T17.6 priority rule
exact_0066,raw_sha256,D1_validation_a0088,D1,dataset/archive (3)/validation/a0088.wav,D1_training-a_a0088,1.0,drop,byte-identical to D1_training-a_a0088
exact_0067,raw_sha256,D1_training-a_a0091,D1,dataset/archive (3)/training-a/a0091.wav,,1.0,keep,byte-identical group; kept by the T17.6 priority rule
exact_0067,raw_sha256,D1_validation_a0091,D1,dataset/archive (3)/validation/a0091.wav,D1_training-a_a0091,1.0,drop,byte-identical to D1_training-a_a0091
exact_0068,raw_sha256,D1_training-a_a0093,D1,dataset/archive (3)/training-a/a0093.wav,,1.0,keep,byte-identical group; kept by the T17.6 priority rule
exact_0068,raw_sha256,D1_validation_a0093,D1,dataset/archive (3)/validation/a0093.wav,D1_training-a_a0093,1.0,drop,byte-identical to D1_training-a_a0093
exact_0069,raw_sha256,D1_training-a_a0094,D1,dataset/archive (3)/training-a/a0094.wav,,1.0,keep,byte-identical group; kept by the T17.6 priority rule
exact_0069,raw_sha256,D1_validation_a0094,D1,dataset/archive (3)/validation/a0094.wav,D1_training-a_a0094,1.0,drop,byte-identical to D1_training-a_a0094
exact_0070,raw_sha256,D1_training-a_a0102,D1,dataset/archive (3)/training-a/a0102.wav,,1.0,keep,byte-identical group; kept by the T17.6 priority rule
exact_0070,raw_sha256,D1_validation_a0102,D1,dataset/archive (3)/validation/a0102.wav,D1_training-a_a0102,1.0,drop,byte-identical to D1_training-a_a0102
exact_0071,raw_sha256,D1_training-a_a0105,D1,dataset/archive (3)/training-a/a0105.wav,,1.0,keep,byte-identical group; kept by the T17.6 priority rule
exact_0071,raw_sha256,D1_validation_a0105,D1,dataset/archive (3)/validation/a0105.wav,D1_training-a_a0105,1.0,drop,byte-identical to D1_training-a_a0105
exact_0072,raw_sha256,D1_training-a_a0106,D1,dataset/archive (3)/training-a/a0106.wav,,1.0,keep,byte-identical group; kept by the T17.6 priority rule
exact_0072,raw_sha256,D1_validation_a0106,D1,dataset/archive (3)/validation/a0106.wav,D1_training-a_a0106,1.0,drop,byte-identical to D1_training-a_a0106
exact_0073,raw_sha256,D1_training-a_a0108,D1,dataset/archive (3)/training-a/a0108.wav,,1.0,keep,byte-identical group; kept by the T17.6 priority rule
exact_0073,raw_sha256,D1_validation_a0108,D1,dataset/archive (3)/validation/a0108.wav,D1_training-a_a0108,1.0,drop,byte-identical to D1_training-a_a0108
exact_0074,raw_sha256,D1_training-a_a0109,D1,dataset/archive (3)/training-a/a0109.wav,,1.0,keep,byte-identical group; kept by the T17.6 priority rule
exact_0074,raw_sha256,D1_validation_a0109,D1,dataset/archive (3)/validation/a0109.wav,D1_training-a_a0109,1.0,drop,byte-identical to D1_training-a_a0109
exact_0075,raw_sha256,D1_training-a_a0118,D1,dataset/archive (3)/training-a/a0118.wav,,1.0,keep,byte-identical group; kept by the T17.6 priority rule
exact_0075,raw_sha256,D1_validation_a0118,D1,dataset/archive (3)/validation/a0118.wav,D1_training-a_a0118,1.0,drop,byte-identical to D1_training-a_a0118
exact_0076,raw_sha256,D1_training-a_a0125,D1,dataset/archive (3)/training-a/a0125.wav,,1.0,keep,byte-identical group; kept by the T17.6 priority rule
exact_0076,raw_sha256,D1_validation_a0125,D1,dataset/archive (3)/validation/a0125.wav,D1_training-a_a0125,1.0,drop,byte-identical to D1_training-a_a0125
exact_0077,raw_sha256,D1_training-a_a0127,D1,dataset/archive (3)/training-a/a0127.wav,,1.0,keep,byte-identical group; kept by the T17.6 priority rule
exact_0077,raw_sha256,D1_validation_a0127,D1,dataset/archive (3)/validation/a0127.wav,D1_training-a_a0127,1.0,drop,byte-identical to D1_training-a_a0127
exact_0078,raw_sha256,D1_training-a_a0129,D1,dataset/archive (3)/training-a/a0129.wav,,1.0,keep,byte-identical group; kept by the T17.6 priority rule
exact_0078,raw_sha256,D1_validation_a0129,D1,dataset/archive (3)/validation/a0129.wav,D1_training-a_a0129,1.0,drop,byte-identical to D1_training-a_a0129
exact_0079,raw_sha256,D1_training-a_a0136,D1,dataset/archive (3)/training-a/a0136.wav,,1.0,keep,byte-identical group; kept by the T17.6 priority rule
exact_0079,raw_sha256,D1_validation_a0136,D1,dataset/archive (3)/validation/a0136.wav,D1_training-a_a0136,1.0,drop,byte-identical to D1_training-a_a0136
exact_0080,raw_sha256,D1_training-a_a0139,D1,dataset/archive (3)/training-a/a0139.wav,,1.0,keep,byte-identical group; kept by the T17.6 priority rule
exact_0080,raw_sha256,D1_validation_a0139,D1,dataset/archive (3)/validation/a0139.wav,D1_training-a_a0139,1.0,drop,byte-identical to D1_training-a_a0139
exact_0081,raw_sha256,D1_training-b_b0001,D1,dataset/archive (3)/training-b/b0001.wav,,1.0,keep,byte-identical group; kept by the T17.6 priority rule
exact_0081,raw_sha256,D1_validation_b0001,D1,dataset/archive (3)/validation/b0001.wav,D1_training-b_b0001,1.0,drop,byte-identical to D1_training-b_b0001
exact_0082,raw_sha256,D1_training-b_b0002,D1,dataset/archive (3)/training-b/b0002.wav,,1.0,keep,byte-identical group; kept by the T17.6 priority rule
exact_0082,raw_sha256,D1_validation_b0002,D1,dataset/archive (3)/validation/b0002.wav,D1_training-b_b0002,1.0,drop,byte-identical to D1_training-b_b0002
exact_0083,raw_sha256,D1_training-b_b0003,D1,dataset/archive (3)/training-b/b0003.wav,,1.0,keep,byte-identical group; kept by the T17.6 priority rule
exact_0083,raw_sha256,D1_validation_b0003,D1,dataset/archive (3)/validation/b0003.wav,D1_training-b_b0003,1.0,drop,byte-identical to D1_training-b_b0003
exact_0084,raw_sha256,D1_training-b_b0004,D1,dataset/archive (3)/training-b/b0004.wav,,1.0,keep,byte-identical group; kept by the T17.6 priority rule
exact_0084,raw_sha256,D1_validation_b0004,D1,dataset/archive (3)/validation/b0004.wav,D1_training-b_b0004,1.0,drop,byte-identical to D1_training-b_b0004
exact_0085,raw_sha256,D1_training-b_b0005,D1,dataset/archive (3)/training-b/b0005.wav,,1.0,keep,byte-identical group; kept by the T17.6 priority rule
exact_0085,raw_sha256,D1_validation_b0005,D1,dataset/archive (3)/validation/b0005.wav,D1_training-b_b0005,1.0,drop,byte-identical to D1_training-b_b0005
exact_0086,raw_sha256,D1_training-b_b0006,D1,dataset/archive (3)/training-b/b0006.wav,,1.0,keep,byte-identical group; kept by the T17.6 priority rule
exact_0086,raw_sha256,D1_validation_b0006,D1,dataset/archive (3)/validation/b0006.wav,D1_training-b_b0006,1.0,drop,byte-identical to D1_training-b_b0006
exact_0087,raw_sha256,D1_training-b_b0007,D1,dataset/archive (3)/training-b/b0007.wav,,1.0,keep,byte-identical group; kept by the T17.6 priority rule
exact_0087,raw_sha256,D1_validation_b0007,D1,dataset/archive (3)/validation/b0007.wav,D1_training-b_b0007,1.0,drop,byte-identical to D1_training-b_b0007
exact_0088,raw_sha256,D1_training-b_b0008,D1,dataset/archive (3)/training-b/b0008.wav,,1.0,keep,byte-identical group; kept by the T17.6 priority rule
exact_0088,raw_sha256,D1_validation_b0008,D1,dataset/archive (3)/validation/b0008.wav,D1_training-b_b0008,1.0,drop,byte-identical to D1_training-b_b0008
exact_0089,raw_sha256,D1_training-b_b0009,D1,dataset/archive (3)/training-b/b0009.wav,,1.0,keep,byte-identical group; kept by the T17.6 priority rule
exact_0089,raw_sha256,D1_validation_b0009,D1,dataset/archive (3)/validation/b0009.wav,D1_training-b_b0009,1.0,drop,byte-identical to D1_training-b_b0009
exact_0090,raw_sha256,D1_training-b_b0010,D1,dataset/archive (3)/training-b/b0010.wav,,1.0,keep,byte-identical group; kept by the T17.6 priority rule
exact_0090,raw_sha256,D1_validation_b0010,D1,dataset/archive (3)/validation/b0010.wav,D1_training-b_b0010,1.0,drop,byte-identical to D1_training-b_b0010
exact_0091,raw_sha256,D1_training-b_b0011,D1,dataset/archive (3)/training-b/b0011.wav,,1.0,keep,byte-identical group; kept by the T17.6 priority rule
exact_0091,raw_sha256,D1_validation_b0011,D1,dataset/archive (3)/validation/b0011.wav,D1_training-b_b0011,1.0,drop,byte-identical to D1_training-b_b0011
exact_0092,raw_sha256,D1_training-b_b0012,D1,dataset/archive (3)/training-b/b0012.wav,,1.0,keep,byte-identical group; kept by the T17.6 priority rule
exact_0092,raw_sha256,D1_validation_b0012,D1,dataset/archive (3)/validation/b0012.wav,D1_training-b_b0012,1.0,drop,byte-identical to D1_training-b_b0012
exact_0093,raw_sha256,D1_training-b_b0013,D1,dataset/archive (3)/training-b/b0013.wav,,1.0,keep,byte-identical group; kept by the T17.6 priority rule
exact_0093,raw_sha256,D1_validation_b0013,D1,dataset/archive (3)/validation/b0013.wav,D1_training-b_b0013,1.0,drop,byte-identical to D1_training-b_b0013
exact_0094,raw_sha256,D1_training-b_b0014,D1,dataset/archive (3)/training-b/b0014.wav,,1.0,keep,byte-identical group; kept by the T17.6 priority rule
exact_0094,raw_sha256,D1_validation_b0014,D1,dataset/archive (3)/validation/b0014.wav,D1_training-b_b0014,1.0,drop,byte-identical to D1_training-b_b0014
exact_0095,raw_sha256,D1_training-b_b0015,D1,dataset/archive (3)/training-b/b0015.wav,,1.0,keep,byte-identical group; kept by the T17.6 priority rule
exact_0095,raw_sha256,D1_validation_b0015,D1,dataset/archive (3)/validation/b0015.wav,D1_training-b_b0015,1.0,drop,byte-identical to D1_training-b_b0015
exact_0096,raw_sha256,D1_training-b_b0016,D1,dataset/archive (3)/training-b/b0016.wav,,1.0,keep,byte-identical group; kept by the T17.6 priority rule
exact_0096,raw_sha256,D1_validation_b0016,D1,dataset/archive (3)/validation/b0016.wav,D1_training-b_b0016,1.0,drop,byte-identical to D1_training-b_b0016
exact_0097,raw_sha256,D1_training-b_b0017,D1,dataset/archive (3)/training-b/b0017.wav,,1.0,keep,byte-identical group; kept by the T17.6 priority rule
exact_0097,raw_sha256,D1_validation_b0017,D1,dataset/archive (3)/validation/b0017.wav,D1_training-b_b0017,1.0,drop,byte-identical to D1_training-b_b0017
exact_0098,raw_sha256,D1_training-b_b0018,D1,dataset/archive (3)/training-b/b0018.wav,,1.0,keep,byte-identical group; kept by the T17.6 priority rule
exact_0098,raw_sha256,D1_validation_b0018,D1,dataset/archive (3)/validation/b0018.wav,D1_training-b_b0018,1.0,drop,byte-identical to D1_training-b_b0018
exact_0099,raw_sha256,D1_training-b_b0019,D1,dataset/archive (3)/training-b/b0019.wav,,1.0,keep,byte-identical group; kept by the T17.6 priority rule
exact_0099,raw_sha256,D1_validation_b0019,D1,dataset/archive (3)/validation/b0019.wav,D1_training-b_b0019,1.0,drop,byte-identical to D1_training-b_b0019
exact_0100,raw_sha256,D1_training-b_b0020,D1,dataset/archive (3)/training-b/b0020.wav,,1.0,keep,byte-identical group; kept by the T17.6 priority rule
exact_0100,raw_sha256,D1_validation_b0020,D1,dataset/archive (3)/validation/b0020.wav,D1_training-b_b0020,1.0,drop,byte-identical to D1_training-b_b0020
exact_0101,raw_sha256,D1_training-b_b0021,D1,dataset/archive (3)/training-b/b0021.wav,,1.0,keep,byte-identical group; kept by the T17.6 priority rule
exact_0101,raw_sha256,D1_validation_b0021,D1,dataset/archive (3)/validation/b0021.wav,D1_training-b_b0021,1.0,drop,byte-identical to D1_training-b_b0021
exact_0102,raw_sha256,D1_training-b_b0022,D1,dataset/archive (3)/training-b/b0022.wav,,1.0,keep,byte-identical group; kept by the T17.6 priority rule
exact_0102,raw_sha256,D1_validation_b0022,D1,dataset/archive (3)/validation/b0022.wav,D1_training-b_b0022,1.0,drop,byte-identical to D1_training-b_b0022
exact_0103,raw_sha256,D1_training-b_b0023,D1,dataset/archive (3)/training-b/b0023.wav,,1.0,keep,byte-identical group; kept by the T17.6 priority rule
exact_0103,raw_sha256,D1_validation_b0023,D1,dataset/archive (3)/validation/b0023.wav,D1_training-b_b0023,1.0,drop,byte-identical to D1_training-b_b0023
exact_0104,raw_sha256,D1_training-b_b0024,D1,dataset/archive (3)/training-b/b0024.wav,,1.0,keep,byte-identical group; kept by the T17.6 priority rule
exact_0104,raw_sha256,D1_validation_b0024,D1,dataset/archive (3)/validation/b0024.wav,D1_training-b_b0024,1.0,drop,byte-identical to D1_training-b_b0024
exact_0105,raw_sha256,D1_training-b_b0025,D1,dataset/archive (3)/training-b/b0025.wav,,1.0,keep,byte-identical group; kept by the T17.6 priority rule
exact_0105,raw_sha256,D1_validation_b0025,D1,dataset/archive (3)/validation/b0025.wav,D1_training-b_b0025,1.0,drop,byte-identical to D1_training-b_b0025
exact_0106,raw_sha256,D1_training-b_b0026,D1,dataset/archive (3)/training-b/b0026.wav,,1.0,keep,byte-identical group; kept by the T17.6 priority rule
exact_0106,raw_sha256,D1_validation_b0026,D1,dataset/archive (3)/validation/b0026.wav,D1_training-b_b0026,1.0,drop,byte-identical to D1_training-b_b0026
exact_0107,raw_sha256,D1_training-b_b0027,D1,dataset/archive (3)/training-b/b0027.wav,,1.0,keep,byte-identical group; kept by the T17.6 priority rule
exact_0107,raw_sha256,D1_validation_b0027,D1,dataset/archive (3)/validation/b0027.wav,D1_training-b_b0027,1.0,drop,byte-identical to D1_training-b_b0027
exact_0108,raw_sha256,D1_training-b_b0028,D1,dataset/archive (3)/training-b/b0028.wav,,1.0,keep,byte-identical group; kept by the T17.6 priority rule
exact_0108,raw_sha256,D1_validation_b0028,D1,dataset/archive (3)/validation/b0028.wav,D1_training-b_b0028,1.0,drop,byte-identical to D1_training-b_b0028
exact_0109,raw_sha256,D1_training-b_b0029,D1,dataset/archive (3)/training-b/b0029.wav,,1.0,keep,byte-identical group; kept by the T17.6 priority rule
exact_0109,raw_sha256,D1_validation_b0029,D1,dataset/archive (3)/validation/b0029.wav,D1_training-b_b0029,1.0,drop,byte-identical to D1_training-b_b0029
exact_0110,raw_sha256,D1_training-b_b0030,D1,dataset/archive (3)/training-b/b0030.wav,,1.0,keep,byte-identical group; kept by the T17.6 priority rule
exact_0110,raw_sha256,D1_validation_b0030,D1,dataset/archive (3)/validation/b0030.wav,D1_training-b_b0030,1.0,drop,byte-identical to D1_training-b_b0030
exact_0111,raw_sha256,D1_training-b_b0031,D1,dataset/archive (3)/training-b/b0031.wav,,1.0,keep,byte-identical group; kept by the T17.6 priority rule
exact_0111,raw_sha256,D1_validation_b0031,D1,dataset/archive (3)/validation/b0031.wav,D1_training-b_b0031,1.0,drop,byte-identical to D1_training-b_b0031
exact_0112,raw_sha256,D1_training-b_b0032,D1,dataset/archive (3)/training-b/b0032.wav,,1.0,keep,byte-identical group; kept by the T17.6 priority rule
exact_0112,raw_sha256,D1_validation_b0032,D1,dataset/archive (3)/validation/b0032.wav,D1_training-b_b0032,1.0,drop,byte-identical to D1_training-b_b0032
exact_0113,raw_sha256,D1_training-b_b0033,D1,dataset/archive (3)/training-b/b0033.wav,,1.0,keep,byte-identical group; kept by the T17.6 priority rule
exact_0113,raw_sha256,D1_validation_b0033,D1,dataset/archive (3)/validation/b0033.wav,D1_training-b_b0033,1.0,drop,byte-identical to D1_training-b_b0033
exact_0114,raw_sha256,D1_training-b_b0034,D1,dataset/archive (3)/training-b/b0034.wav,,1.0,keep,byte-identical group; kept by the T17.6 priority rule
exact_0114,raw_sha256,D1_validation_b0034,D1,dataset/archive (3)/validation/b0034.wav,D1_training-b_b0034,1.0,drop,byte-identical to D1_training-b_b0034
exact_0115,raw_sha256,D1_training-b_b0035,D1,dataset/archive (3)/training-b/b0035.wav,,1.0,keep,byte-identical group; kept by the T17.6 priority rule
exact_0115,raw_sha256,D1_validation_b0035,D1,dataset/archive (3)/validation/b0035.wav,D1_training-b_b0035,1.0,drop,byte-identical to D1_training-b_b0035
exact_0116,raw_sha256,D1_training-b_b0036,D1,dataset/archive (3)/training-b/b0036.wav,,1.0,keep,byte-identical group; kept by the T17.6 priority rule
exact_0116,raw_sha256,D1_validation_b0036,D1,dataset/archive (3)/validation/b0036.wav,D1_training-b_b0036,1.0,drop,byte-identical to D1_training-b_b0036
exact_0117,raw_sha256,D1_training-b_b0037,D1,dataset/archive (3)/training-b/b0037.wav,,1.0,keep,byte-identical group; kept by the T17.6 priority rule
exact_0117,raw_sha256,D1_validation_b0037,D1,dataset/archive (3)/validation/b0037.wav,D1_training-b_b0037,1.0,drop,byte-identical to D1_training-b_b0037
exact_0118,raw_sha256,D1_training-b_b0038,D1,dataset/archive (3)/training-b/b0038.wav,,1.0,keep,byte-identical group; kept by the T17.6 priority rule
exact_0118,raw_sha256,D1_validation_b0038,D1,dataset/archive (3)/validation/b0038.wav,D1_training-b_b0038,1.0,drop,byte-identical to D1_training-b_b0038
exact_0119,raw_sha256,D1_training-b_b0039,D1,dataset/archive (3)/training-b/b0039.wav,,1.0,keep,byte-identical group; kept by the T17.6 priority rule
exact_0119,raw_sha256,D1_validation_b0039,D1,dataset/archive (3)/validation/b0039.wav,D1_training-b_b0039,1.0,drop,byte-identical to D1_training-b_b0039
exact_0120,raw_sha256,D1_training-b_b0040,D1,dataset/archive (3)/training-b/b0040.wav,,1.0,keep,byte-identical group; kept by the T17.6 priority rule
exact_0120,raw_sha256,D1_validation_b0040,D1,dataset/archive (3)/validation/b0040.wav,D1_training-b_b0040,1.0,drop,byte-identical to D1_training-b_b0040
exact_0121,raw_sha256,D1_training-b_b0041,D1,dataset/archive (3)/training-b/b0041.wav,,1.0,keep,byte-identical group; kept by the T17.6 priority rule
exact_0121,raw_sha256,D1_validation_b0041,D1,dataset/archive (3)/validation/b0041.wav,D1_training-b_b0041,1.0,drop,byte-identical to D1_training-b_b0041
exact_0122,raw_sha256,D1_training-b_b0042,D1,dataset/archive (3)/training-b/b0042.wav,,1.0,keep,byte-identical group; kept by the T17.6 priority rule
exact_0122,raw_sha256,D1_validation_b0042,D1,dataset/archive (3)/validation/b0042.wav,D1_training-b_b0042,1.0,drop,byte-identical to D1_training-b_b0042
exact_0123,raw_sha256,D1_training-b_b0043,D1,dataset/archive (3)/training-b/b0043.wav,,1.0,keep,byte-identical group; kept by the T17.6 priority rule
exact_0123,raw_sha256,D1_validation_b0043,D1,dataset/archive (3)/validation/b0043.wav,D1_training-b_b0043,1.0,drop,byte-identical to D1_training-b_b0043
exact_0124,raw_sha256,D1_training-b_b0044,D1,dataset/archive (3)/training-b/b0044.wav,,1.0,keep,byte-identical group; kept by the T17.6 priority rule
exact_0124,raw_sha256,D1_validation_b0044,D1,dataset/archive (3)/validation/b0044.wav,D1_training-b_b0044,1.0,drop,byte-identical to D1_training-b_b0044
exact_0125,raw_sha256,D1_training-b_b0045,D1,dataset/archive (3)/training-b/b0045.wav,,1.0,keep,byte-identical group; kept by the T17.6 priority rule
exact_0125,raw_sha256,D1_validation_b0045,D1,dataset/archive (3)/validation/b0045.wav,D1_training-b_b0045,1.0,drop,byte-identical to D1_training-b_b0045
exact_0126,raw_sha256,D1_training-b_b0046,D1,dataset/archive (3)/training-b/b0046.wav,,1.0,keep,byte-identical group; kept by the T17.6 priority rule
exact_0126,raw_sha256,D1_validation_b0046,D1,dataset/archive (3)/validation/b0046.wav,D1_training-b_b0046,1.0,drop,byte-identical to D1_training-b_b0046
exact_0127,raw_sha256,D1_training-b_b0047,D1,dataset/archive (3)/training-b/b0047.wav,,1.0,keep,byte-identical group; kept by the T17.6 priority rule
exact_0127,raw_sha256,D1_validation_b0047,D1,dataset/archive (3)/validation/b0047.wav,D1_training-b_b0047,1.0,drop,byte-identical to D1_training-b_b0047
exact_0128,raw_sha256,D1_training-b_b0048,D1,dataset/archive (3)/training-b/b0048.wav,,1.0,keep,byte-identical group; kept by the T17.6 priority rule
exact_0128,raw_sha256,D1_validation_b0048,D1,dataset/archive (3)/validation/b0048.wav,D1_training-b_b0048,1.0,drop,byte-identical to D1_training-b_b0048
exact_0129,raw_sha256,D1_training-b_b0049,D1,dataset/archive (3)/training-b/b0049.wav,,1.0,keep,byte-identical group; kept by the T17.6 priority rule
exact_0129,raw_sha256,D1_validation_b0049,D1,dataset/archive (3)/validation/b0049.wav,D1_training-b_b0049,1.0,drop,byte-identical to D1_training-b_b0049
exact_0130,raw_sha256,D1_training-b_b0050,D1,dataset/archive (3)/training-b/b0050.wav,,1.0,keep,byte-identical group; kept by the T17.6 priority rule
exact_0130,raw_sha256,D1_validation_b0050,D1,dataset/archive (3)/validation/b0050.wav,D1_training-b_b0050,1.0,drop,byte-identical to D1_training-b_b0050
exact_0131,raw_sha256,D1_training-b_b0051,D1,dataset/archive (3)/training-b/b0051.wav,,1.0,keep,byte-identical group; kept by the T17.6 priority rule
exact_0131,raw_sha256,D1_validation_b0051,D1,dataset/archive (3)/validation/b0051.wav,D1_training-b_b0051,1.0,drop,byte-identical to D1_training-b_b0051
exact_0132,raw_sha256,D1_training-b_b0052,D1,dataset/archive (3)/training-b/b0052.wav,,1.0,keep,byte-identical group; kept by the T17.6 priority rule
exact_0132,raw_sha256,D1_validation_b0052,D1,dataset/archive (3)/validation/b0052.wav,D1_training-b_b0052,1.0,drop,byte-identical to D1_training-b_b0052
exact_0133,raw_sha256,D1_training-b_b0053,D1,dataset/archive (3)/training-b/b0053.wav,,1.0,keep,byte-identical group; kept by the T17.6 priority rule
exact_0133,raw_sha256,D1_validation_b0053,D1,dataset/archive (3)/validation/b0053.wav,D1_training-b_b0053,1.0,drop,byte-identical to D1_training-b_b0053
exact_0134,raw_sha256,D1_training-b_b0054,D1,dataset/archive (3)/training-b/b0054.wav,,1.0,keep,byte-identical group; kept by the T17.6 priority rule
exact_0134,raw_sha256,D1_validation_b0054,D1,dataset/archive (3)/validation/b0054.wav,D1_training-b_b0054,1.0,drop,byte-identical to D1_training-b_b0054
exact_0135,raw_sha256,D1_training-b_b0055,D1,dataset/archive (3)/training-b/b0055.wav,,1.0,keep,byte-identical group; kept by the T17.6 priority rule
exact_0135,raw_sha256,D1_validation_b0055,D1,dataset/archive (3)/validation/b0055.wav,D1_training-b_b0055,1.0,drop,byte-identical to D1_training-b_b0055
exact_0136,raw_sha256,D1_training-b_b0056,D1,dataset/archive (3)/training-b/b0056.wav,,1.0,keep,byte-identical group; kept by the T17.6 priority rule
exact_0136,raw_sha256,D1_validation_b0056,D1,dataset/archive (3)/validation/b0056.wav,D1_training-b_b0056,1.0,drop,byte-identical to D1_training-b_b0056
exact_0137,raw_sha256,D1_training-b_b0057,D1,dataset/archive (3)/training-b/b0057.wav,,1.0,keep,byte-identical group; kept by the T17.6 priority rule
exact_0137,raw_sha256,D1_validation_b0057,D1,dataset/archive (3)/validation/b0057.wav,D1_training-b_b0057,1.0,drop,byte-identical to D1_training-b_b0057
exact_0138,raw_sha256,D1_training-b_b0058,D1,dataset/archive (3)/training-b/b0058.wav,,1.0,keep,byte-identical group; kept by the T17.6 priority rule
exact_0138,raw_sha256,D1_validation_b0058,D1,dataset/archive (3)/validation/b0058.wav,D1_training-b_b0058,1.0,drop,byte-identical to D1_training-b_b0058
exact_0139,raw_sha256,D1_training-b_b0059,D1,dataset/archive (3)/training-b/b0059.wav,,1.0,keep,byte-identical group; kept by the T17.6 priority rule
exact_0139,raw_sha256,D1_validation_b0059,D1,dataset/archive (3)/validation/b0059.wav,D1_training-b_b0059,1.0,drop,byte-identical to D1_training-b_b0059
exact_0140,raw_sha256,D1_training-b_b0060,D1,dataset/archive (3)/training-b/b0060.wav,,1.0,keep,byte-identical group; kept by the T17.6 priority rule
exact_0140,raw_sha256,D1_validation_b0060,D1,dataset/archive (3)/validation/b0060.wav,D1_training-b_b0060,1.0,drop,byte-identical to D1_training-b_b0060
exact_0141,raw_sha256,D1_training-b_b0061,D1,dataset/archive (3)/training-b/b0061.wav,,1.0,keep,byte-identical group; kept by the T17.6 priority rule
exact_0141,raw_sha256,D1_validation_b0061,D1,dataset/archive (3)/validation/b0061.wav,D1_training-b_b0061,1.0,drop,byte-identical to D1_training-b_b0061
exact_0142,raw_sha256,D1_training-b_b0062,D1,dataset/archive (3)/training-b/b0062.wav,,1.0,keep,byte-identical group; kept by the T17.6 priority rule
exact_0142,raw_sha256,D1_validation_b0062,D1,dataset/archive (3)/validation/b0062.wav,D1_training-b_b0062,1.0,drop,byte-identical to D1_training-b_b0062
exact_0143,raw_sha256,D1_training-b_b0063,D1,dataset/archive (3)/training-b/b0063.wav,,1.0,keep,byte-identical group; kept by the T17.6 priority rule
exact_0143,raw_sha256,D1_validation_b0063,D1,dataset/archive (3)/validation/b0063.wav,D1_training-b_b0063,1.0,drop,byte-identical to D1_training-b_b0063
exact_0144,raw_sha256,D1_training-b_b0064,D1,dataset/archive (3)/training-b/b0064.wav,,1.0,keep,byte-identical group; kept by the T17.6 priority rule
exact_0144,raw_sha256,D1_validation_b0064,D1,dataset/archive (3)/validation/b0064.wav,D1_training-b_b0064,1.0,drop,byte-identical to D1_training-b_b0064
exact_0145,raw_sha256,D1_training-b_b0065,D1,dataset/archive (3)/training-b/b0065.wav,,1.0,keep,byte-identical group; kept by the T17.6 priority rule
exact_0145,raw_sha256,D1_validation_b0065,D1,dataset/archive (3)/validation/b0065.wav,D1_training-b_b0065,1.0,drop,byte-identical to D1_training-b_b0065
exact_0146,raw_sha256,D1_training-b_b0066,D1,dataset/archive (3)/training-b/b0066.wav,,1.0,keep,byte-identical group; kept by the T17.6 priority rule
exact_0146,raw_sha256,D1_validation_b0066,D1,dataset/archive (3)/validation/b0066.wav,D1_training-b_b0066,1.0,drop,byte-identical to D1_training-b_b0066
exact_0147,raw_sha256,D1_training-b_b0067,D1,dataset/archive (3)/training-b/b0067.wav,,1.0,keep,byte-identical group; kept by the T17.6 priority rule
exact_0147,raw_sha256,D1_validation_b0067,D1,dataset/archive (3)/validation/b0067.wav,D1_training-b_b0067,1.0,drop,byte-identical to D1_training-b_b0067
exact_0148,raw_sha256,D1_training-b_b0068,D1,dataset/archive (3)/training-b/b0068.wav,,1.0,keep,byte-identical group; kept by the T17.6 priority rule
exact_0148,raw_sha256,D1_validation_b0068,D1,dataset/archive (3)/validation/b0068.wav,D1_training-b_b0068,1.0,drop,byte-identical to D1_training-b_b0068
exact_0149,raw_sha256,D1_training-b_b0077,D1,dataset/archive (3)/training-b/b0077.wav,,1.0,keep,byte-identical group; kept by the T17.6 priority rule
exact_0149,raw_sha256,D1_validation_b0077,D1,dataset/archive (3)/validation/b0077.wav,D1_training-b_b0077,1.0,drop,byte-identical to D1_training-b_b0077
exact_0150,raw_sha256,D1_training-b_b0081,D1,dataset/archive (3)/training-b/b0081.wav,,1.0,keep,byte-identical group; kept by the T17.6 priority rule
exact_0150,raw_sha256,D1_validation_b0081,D1,dataset/archive (3)/validation/b0081.wav,D1_training-b_b0081,1.0,drop,byte-identical to D1_training-b_b0081
exact_0151,raw_sha256,D1_training-b_b0086,D1,dataset/archive (3)/training-b/b0086.wav,,1.0,keep,byte-identical group; kept by the T17.6 priority rule
exact_0151,raw_sha256,D1_validation_b0086,D1,dataset/archive (3)/validation/b0086.wav,D1_training-b_b0086,1.0,drop,byte-identical to D1_training-b_b0086
exact_0152,raw_sha256,D1_training-b_b0096,D1,dataset/archive (3)/training-b/b0096.wav,,1.0,keep,byte-identical group; kept by the T17.6 priority rule
exact_0152,raw_sha256,D1_validation_b0096,D1,dataset/archive (3)/validation/b0096.wav,D1_training-b_b0096,1.0,drop,byte-identical to D1_training-b_b0096
exact_0153,raw_sha256,D1_training-b_b0106,D1,dataset/archive (3)/training-b/b0106.wav,,1.0,keep,byte-identical group; kept by the T17.6 priority rule
exact_0153,raw_sha256,D1_validation_b0106,D1,dataset/archive (3)/validation/b0106.wav,D1_training-b_b0106,1.0,drop,byte-identical to D1_training-b_b0106
exact_0154,raw_sha256,D1_training-b_b0117,D1,dataset/archive (3)/training-b/b0117.wav,,1.0,keep,byte-identical group; kept by the T17.6 priority rule
exact_0154,raw_sha256,D1_validation_b0117,D1,dataset/archive (3)/validation/b0117.wav,D1_training-b_b0117,1.0,drop,byte-identical to D1_training-b_b0117
exact_0155,raw_sha256,D1_training-b_b0120,D1,dataset/archive (3)/training-b/b0120.wav,,1.0,keep,byte-identical group; kept by the T17.6 priority rule
exact_0155,raw_sha256,D1_validation_b0120,D1,dataset/archive (3)/validation/b0120.wav,D1_training-b_b0120,1.0,drop,byte-identical to D1_training-b_b0120
exact_0156,raw_sha256,D1_training-b_b0130,D1,dataset/archive (3)/training-b/b0130.wav,,1.0,keep,byte-identical group; kept by the T17.6 priority rule
exact_0156,raw_sha256,D1_validation_b0130,D1,dataset/archive (3)/validation/b0130.wav,D1_training-b_b0130,1.0,drop,byte-identical to D1_training-b_b0130
exact_0157,raw_sha256,D1_training-b_b0136,D1,dataset/archive (3)/training-b/b0136.wav,,1.0,keep,byte-identical group; kept by the T17.6 priority rule
exact_0157,raw_sha256,D1_validation_b0136,D1,dataset/archive (3)/validation/b0136.wav,D1_training-b_b0136,1.0,drop,byte-identical to D1_training-b_b0136
exact_0158,raw_sha256,D1_training-b_b0137,D1,dataset/archive (3)/training-b/b0137.wav,,1.0,keep,byte-identical group; kept by the T17.6 priority rule
exact_0158,raw_sha256,D1_validation_b0137,D1,dataset/archive (3)/validation/b0137.wav,D1_training-b_b0137,1.0,drop,byte-identical to D1_training-b_b0137
exact_0159,raw_sha256,D1_training-b_b0140,D1,dataset/archive (3)/training-b/b0140.wav,,1.0,keep,byte-identical group; kept by the T17.6 priority rule
exact_0159,raw_sha256,D1_validation_b0140,D1,dataset/archive (3)/validation/b0140.wav,D1_training-b_b0140,1.0,drop,byte-identical to D1_training-b_b0140
exact_0160,raw_sha256,D1_training-b_b0148,D1,dataset/archive (3)/training-b/b0148.wav,,1.0,keep,byte-identical group; kept by the T17.6 priority rule
exact_0160,raw_sha256,D1_validation_b0148,D1,dataset/archive (3)/validation/b0148.wav,D1_training-b_b0148,1.0,drop,byte-identical to D1_training-b_b0148
exact_0161,raw_sha256,D1_training-b_b0155,D1,dataset/archive (3)/training-b/b0155.wav,,1.0,keep,byte-identical group; kept by the T17.6 priority rule
exact_0161,raw_sha256,D1_validation_b0155,D1,dataset/archive (3)/validation/b0155.wav,D1_training-b_b0155,1.0,drop,byte-identical to D1_training-b_b0155
exact_0162,raw_sha256,D1_training-b_b0159,D1,dataset/archive (3)/training-b/b0159.wav,,1.0,keep,byte-identical group; kept by the T17.6 priority rule
exact_0162,raw_sha256,D1_validation_b0159,D1,dataset/archive (3)/validation/b0159.wav,D1_training-b_b0159,1.0,drop,byte-identical to D1_training-b_b0159
exact_0163,raw_sha256,D1_training-b_b0164,D1,dataset/archive (3)/training-b/b0164.wav,,1.0,keep,byte-identical group; kept by the T17.6 priority rule
exact_0163,raw_sha256,D1_validation_b0164,D1,dataset/archive (3)/validation/b0164.wav,D1_training-b_b0164,1.0,drop,byte-identical to D1_training-b_b0164
exact_0164,raw_sha256,D1_training-b_b0171,D1,dataset/archive (3)/training-b/b0171.wav,,1.0,keep,byte-identical group; kept by the T17.6 priority rule
exact_0164,raw_sha256,D1_validation_b0171,D1,dataset/archive (3)/validation/b0171.wav,D1_training-b_b0171,1.0,drop,byte-identical to D1_training-b_b0171
exact_0165,raw_sha256,D1_training-b_b0176,D1,dataset/archive (3)/training-b/b0176.wav,,1.0,keep,byte-identical group; kept by the T17.6 priority rule
exact_0165,raw_sha256,D1_validation_b0176,D1,dataset/archive (3)/validation/b0176.wav,D1_training-b_b0176,1.0,drop,byte-identical to D1_training-b_b0176
exact_0166,raw_sha256,D1_training-b_b0190,D1,dataset/archive (3)/training-b/b0190.wav,,1.0,keep,byte-identical group; kept by the T17.6 priority rule
exact_0166,raw_sha256,D1_validation_b0190,D1,dataset/archive (3)/validation/b0190.wav,D1_training-b_b0190,1.0,drop,byte-identical to D1_training-b_b0190
exact_0167,raw_sha256,D1_training-b_b0197,D1,dataset/archive (3)/training-b/b0197.wav,,1.0,keep,byte-identical group; kept by the T17.6 priority rule
exact_0167,raw_sha256,D1_validation_b0197,D1,dataset/archive (3)/validation/b0197.wav,D1_training-b_b0197,1.0,drop,byte-identical to D1_training-b_b0197
exact_0168,raw_sha256,D1_training-b_b0208,D1,dataset/archive (3)/training-b/b0208.wav,,1.0,keep,byte-identical group; kept by the T17.6 priority rule
exact_0168,raw_sha256,D1_validation_b0208,D1,dataset/archive (3)/validation/b0208.wav,D1_training-b_b0208,1.0,drop,byte-identical to D1_training-b_b0208
exact_0169,raw_sha256,D1_training-b_b0221,D1,dataset/archive (3)/training-b/b0221.wav,,1.0,keep,byte-identical group; kept by the T17.6 priority rule
exact_0169,raw_sha256,D1_validation_b0221,D1,dataset/archive (3)/validation/b0221.wav,D1_training-b_b0221,1.0,drop,byte-identical to D1_training-b_b0221
exact_0170,raw_sha256,D1_training-b_b0224,D1,dataset/archive (3)/training-b/b0224.wav,,1.0,keep,byte-identical group; kept by the T17.6 priority rule
exact_0170,raw_sha256,D1_validation_b0224,D1,dataset/archive (3)/validation/b0224.wav,D1_training-b_b0224,1.0,drop,byte-identical to D1_training-b_b0224
exact_0171,raw_sha256,D1_training-b_b0232,D1,dataset/archive (3)/training-b/b0232.wav,,1.0,keep,byte-identical group; kept by the T17.6 priority rule
exact_0171,raw_sha256,D1_validation_b0232,D1,dataset/archive (3)/validation/b0232.wav,D1_training-b_b0232,1.0,drop,byte-identical to D1_training-b_b0232
exact_0172,raw_sha256,D1_training-b_b0233,D1,dataset/archive (3)/training-b/b0233.wav,,1.0,keep,byte-identical group; kept by the T17.6 priority rule
exact_0172,raw_sha256,D1_validation_b0233,D1,dataset/archive (3)/validation/b0233.wav,D1_training-b_b0233,1.0,drop,byte-identical to D1_training-b_b0233
exact_0173,raw_sha256,D1_training-b_b0235,D1,dataset/archive (3)/training-b/b0235.wav,,1.0,keep,byte-identical group; kept by the T17.6 priority rule
exact_0173,raw_sha256,D1_validation_b0235,D1,dataset/archive (3)/validation/b0235.wav,D1_training-b_b0235,1.0,drop,byte-identical to D1_training-b_b0235
exact_0174,raw_sha256,D1_training-b_b0238,D1,dataset/archive (3)/training-b/b0238.wav,,1.0,keep,byte-identical group; kept by the T17.6 priority rule
exact_0174,raw_sha256,D1_validation_b0238,D1,dataset/archive (3)/validation/b0238.wav,D1_training-b_b0238,1.0,drop,byte-identical to D1_training-b_b0238
exact_0175,raw_sha256,D1_training-b_b0239,D1,dataset/archive (3)/training-b/b0239.wav,,1.0,keep,byte-identical group; kept by the T17.6 priority rule
exact_0175,raw_sha256,D1_validation_b0239,D1,dataset/archive (3)/validation/b0239.wav,D1_training-b_b0239,1.0,drop,byte-identical to D1_training-b_b0239
exact_0176,raw_sha256,D1_training-b_b0242,D1,dataset/archive (3)/training-b/b0242.wav,,1.0,keep,byte-identical group; kept by the T17.6 priority rule
exact_0176,raw_sha256,D1_validation_b0242,D1,dataset/archive (3)/validation/b0242.wav,D1_training-b_b0242,1.0,drop,byte-identical to D1_training-b_b0242
exact_0177,raw_sha256,D1_training-b_b0243,D1,dataset/archive (3)/training-b/b0243.wav,,1.0,keep,byte-identical group; kept by the T17.6 priority rule
exact_0177,raw_sha256,D1_validation_b0243,D1,dataset/archive (3)/validation/b0243.wav,D1_training-b_b0243,1.0,drop,byte-identical to D1_training-b_b0243
exact_0178,raw_sha256,D1_training-b_b0248,D1,dataset/archive (3)/training-b/b0248.wav,,1.0,keep,byte-identical group; kept by the T17.6 priority rule
exact_0178,raw_sha256,D1_validation_b0248,D1,dataset/archive (3)/validation/b0248.wav,D1_training-b_b0248,1.0,drop,byte-identical to D1_training-b_b0248
exact_0179,raw_sha256,D1_training-c_c0001,D1,dataset/archive (3)/training-c/c0001.wav,,1.0,keep,byte-identical group; kept by the T17.6 priority rule
exact_0179,raw_sha256,D1_validation_c0001,D1,dataset/archive (3)/validation/c0001.wav,D1_training-c_c0001,1.0,drop,byte-identical to D1_training-c_c0001
exact_0180,raw_sha256,D1_training-c_c0002,D1,dataset/archive (3)/training-c/c0002.wav,,1.0,keep,byte-identical group; kept by the T17.6 priority rule
exact_0180,raw_sha256,D1_validation_c0002,D1,dataset/archive (3)/validation/c0002.wav,D1_training-c_c0002,1.0,drop,byte-identical to D1_training-c_c0002
exact_0181,raw_sha256,D1_training-c_c0003,D1,dataset/archive (3)/training-c/c0003.wav,,1.0,keep,byte-identical group; kept by the T17.6 priority rule
exact_0181,raw_sha256,D1_validation_c0003,D1,dataset/archive (3)/validation/c0003.wav,D1_training-c_c0003,1.0,drop,byte-identical to D1_training-c_c0003
exact_0182,raw_sha256,D1_training-c_c0004,D1,dataset/archive (3)/training-c/c0004.wav,,1.0,keep,byte-identical group; kept by the T17.6 priority rule
exact_0182,raw_sha256,D1_validation_c0004,D1,dataset/archive (3)/validation/c0004.wav,D1_training-c_c0004,1.0,drop,byte-identical to D1_training-c_c0004
exact_0183,raw_sha256,D1_training-c_c0006,D1,dataset/archive (3)/training-c/c0006.wav,,1.0,keep,byte-identical group; kept by the T17.6 priority rule
exact_0183,raw_sha256,D1_validation_c0006,D1,dataset/archive (3)/validation/c0006.wav,D1_training-c_c0006,1.0,drop,byte-identical to D1_training-c_c0006
exact_0184,raw_sha256,D1_training-c_c0007,D1,dataset/archive (3)/training-c/c0007.wav,,1.0,keep,byte-identical group; kept by the T17.6 priority rule
exact_0184,raw_sha256,D1_validation_c0007,D1,dataset/archive (3)/validation/c0007.wav,D1_training-c_c0007,1.0,drop,byte-identical to D1_training-c_c0007
exact_0185,raw_sha256,D1_training-c_c0031,D1,dataset/archive (3)/training-c/c0031.wav,,1.0,keep,byte-identical group; kept by the T17.6 priority rule
exact_0185,raw_sha256,D1_validation_c0031,D1,dataset/archive (3)/validation/c0031.wav,D1_training-c_c0031,1.0,drop,byte-identical to D1_training-c_c0031
exact_0186,raw_sha256,D1_training-d_d0001,D1,dataset/archive (3)/training-d/d0001.wav,,1.0,keep,byte-identical group; kept by the T17.6 priority rule
exact_0186,raw_sha256,D1_validation_d0001,D1,dataset/archive (3)/validation/d0001.wav,D1_training-d_d0001,1.0,drop,byte-identical to D1_training-d_d0001
exact_0187,raw_sha256,D1_training-d_d0002,D1,dataset/archive (3)/training-d/d0002.wav,,1.0,keep,byte-identical group; kept by the T17.6 priority rule
exact_0187,raw_sha256,D1_validation_d0002,D1,dataset/archive (3)/validation/d0002.wav,D1_training-d_d0002,1.0,drop,byte-identical to D1_training-d_d0002
exact_0188,raw_sha256,D1_training-d_d0003,D1,dataset/archive (3)/training-d/d0003.wav,,1.0,keep,byte-identical group; kept by the T17.6 priority rule
exact_0188,raw_sha256,D1_validation_d0003,D1,dataset/archive (3)/validation/d0003.wav,D1_training-d_d0003,1.0,drop,byte-identical to D1_training-d_d0003
exact_0189,raw_sha256,D1_training-d_d0004,D1,dataset/archive (3)/training-d/d0004.wav,,1.0,keep,byte-identical group; kept by the T17.6 priority rule
exact_0189,raw_sha256,D1_validation_d0004,D1,dataset/archive (3)/validation/d0004.wav,D1_training-d_d0004,1.0,drop,byte-identical to D1_training-d_d0004
exact_0190,raw_sha256,D1_training-d_d0005,D1,dataset/archive (3)/training-d/d0005.wav,,1.0,keep,byte-identical group; kept by the T17.6 priority rule
exact_0190,raw_sha256,D1_validation_d0005,D1,dataset/archive (3)/validation/d0005.wav,D1_training-d_d0005,1.0,drop,byte-identical to D1_training-d_d0005
exact_0191,raw_sha256,D1_training-d_d0006,D1,dataset/archive (3)/training-d/d0006.wav,,1.0,keep,byte-identical group; kept by the T17.6 priority rule
exact_0191,raw_sha256,D1_validation_d0006,D1,dataset/archive (3)/validation/d0006.wav,D1_training-d_d0006,1.0,drop,byte-identical to D1_training-d_d0006
exact_0192,raw_sha256,D1_training-d_d0007,D1,dataset/archive (3)/training-d/d0007.wav,,1.0,keep,byte-identical group; kept by the T17.6 priority rule
exact_0192,raw_sha256,D1_validation_d0007,D1,dataset/archive (3)/validation/d0007.wav,D1_training-d_d0007,1.0,drop,byte-identical to D1_training-d_d0007
exact_0193,raw_sha256,D1_training-d_d0008,D1,dataset/archive (3)/training-d/d0008.wav,,1.0,keep,byte-identical group; kept by the T17.6 priority rule
exact_0193,raw_sha256,D1_validation_d0008,D1,dataset/archive (3)/validation/d0008.wav,D1_training-d_d0008,1.0,drop,byte-identical to D1_training-d_d0008
exact_0194,raw_sha256,D1_training-d_d0009,D1,dataset/archive (3)/training-d/d0009.wav,,1.0,keep,byte-identical group; kept by the T17.6 priority rule
exact_0194,raw_sha256,D1_validation_d0009,D1,dataset/archive (3)/validation/d0009.wav,D1_training-d_d0009,1.0,drop,byte-identical to D1_training-d_d0009
exact_0195,raw_sha256,D1_training-d_d0013,D1,dataset/archive (3)/training-d/d0013.wav,,1.0,keep,byte-identical group; kept by the T17.6 priority rule
exact_0195,raw_sha256,D1_validation_d0013,D1,dataset/archive (3)/validation/d0013.wav,D1_training-d_d0013,1.0,drop,byte-identical to D1_training-d_d0013
exact_0196,raw_sha256,D1_training-e_e00001,D1,dataset/archive (3)/training-e/e00001.wav,,1.0,keep,byte-identical group; kept by the T17.6 priority rule
exact_0196,raw_sha256,D1_validation_e00001,D1,dataset/archive (3)/validation/e00001.wav,D1_training-e_e00001,1.0,drop,byte-identical to D1_training-e_e00001
exact_0197,raw_sha256,D1_training-e_e00002,D1,dataset/archive (3)/training-e/e00002.wav,,1.0,keep,byte-identical group; kept by the T17.6 priority rule
exact_0197,raw_sha256,D1_validation_e00002,D1,dataset/archive (3)/validation/e00002.wav,D1_training-e_e00002,1.0,drop,byte-identical to D1_training-e_e00002
exact_0198,raw_sha256,D1_training-e_e00003,D1,dataset/archive (3)/training-e/e00003.wav,,1.0,keep,byte-identical group; kept by the T17.6 priority rule
exact_0198,raw_sha256,D1_validation_e00003,D1,dataset/archive (3)/validation/e00003.wav,D1_training-e_e00003,1.0,drop,byte-identical to D1_training-e_e00003
exact_0199,raw_sha256,D1_training-e_e00004,D1,dataset/archive (3)/training-e/e00004.wav,,1.0,keep,byte-identical group; kept by the T17.6 priority rule
exact_0199,raw_sha256,D1_validation_e00004,D1,dataset/archive (3)/validation/e00004.wav,D1_training-e_e00004,1.0,drop,byte-identical to D1_training-e_e00004
exact_0200,raw_sha256,D1_training-e_e00005,D1,dataset/archive (3)/training-e/e00005.wav,,1.0,keep,byte-identical group; kept by the T17.6 priority rule
exact_0200,raw_sha256,D1_validation_e00005,D1,dataset/archive (3)/validation/e00005.wav,D1_training-e_e00005,1.0,drop,byte-identical to D1_training-e_e00005
exact_0201,raw_sha256,D1_training-e_e00006,D1,dataset/archive (3)/training-e/e00006.wav,,1.0,keep,byte-identical group; kept by the T17.6 priority rule
exact_0201,raw_sha256,D1_validation_e00006,D1,dataset/archive (3)/validation/e00006.wav,D1_training-e_e00006,1.0,drop,byte-identical to D1_training-e_e00006
exact_0202,raw_sha256,D1_training-e_e00007,D1,dataset/archive (3)/training-e/e00007.wav,,1.0,keep,byte-identical group; kept by the T17.6 priority rule
exact_0202,raw_sha256,D1_validation_e00007,D1,dataset/archive (3)/validation/e00007.wav,D1_training-e_e00007,1.0,drop,byte-identical to D1_training-e_e00007
exact_0203,raw_sha256,D1_training-e_e00008,D1,dataset/archive (3)/training-e/e00008.wav,,1.0,keep,byte-identical group; kept by the T17.6 priority rule
exact_0203,raw_sha256,D1_validation_e00008,D1,dataset/archive (3)/validation/e00008.wav,D1_training-e_e00008,1.0,drop,byte-identical to D1_training-e_e00008
exact_0204,raw_sha256,D1_training-e_e00009,D1,dataset/archive (3)/training-e/e00009.wav,,1.0,keep,byte-identical group; kept by the T17.6 priority rule
exact_0204,raw_sha256,D1_validation_e00009,D1,dataset/archive (3)/validation/e00009.wav,D1_training-e_e00009,1.0,drop,byte-identical to D1_training-e_e00009
exact_0205,raw_sha256,D1_training-e_e00010,D1,dataset/archive (3)/training-e/e00010.wav,,1.0,keep,byte-identical group; kept by the T17.6 priority rule
exact_0205,raw_sha256,D1_validation_e00010,D1,dataset/archive (3)/validation/e00010.wav,D1_training-e_e00010,1.0,drop,byte-identical to D1_training-e_e00010
exact_0206,raw_sha256,D1_training-e_e00011,D1,dataset/archive (3)/training-e/e00011.wav,,1.0,keep,byte-identical group; kept by the T17.6 priority rule
exact_0206,raw_sha256,D1_validation_e00011,D1,dataset/archive (3)/validation/e00011.wav,D1_training-e_e00011,1.0,drop,byte-identical to D1_training-e_e00011
exact_0207,raw_sha256,D1_training-e_e00012,D1,dataset/archive (3)/training-e/e00012.wav,,1.0,keep,byte-identical group; kept by the T17.6 priority rule
exact_0207,raw_sha256,D1_validation_e00012,D1,dataset/archive (3)/validation/e00012.wav,D1_training-e_e00012,1.0,drop,byte-identical to D1_training-e_e00012
exact_0208,raw_sha256,D1_training-e_e00013,D1,dataset/archive (3)/training-e/e00013.wav,,1.0,keep,byte-identical group; kept by the T17.6 priority rule
exact_0208,raw_sha256,D1_validation_e00013,D1,dataset/archive (3)/validation/e00013.wav,D1_training-e_e00013,1.0,drop,byte-identical to D1_training-e_e00013
exact_0209,raw_sha256,D1_training-e_e00014,D1,dataset/archive (3)/training-e/e00014.wav,,1.0,keep,byte-identical group; kept by the T17.6 priority rule
exact_0209,raw_sha256,D1_validation_e00014,D1,dataset/archive (3)/validation/e00014.wav,D1_training-e_e00014,1.0,drop,byte-identical to D1_training-e_e00014
exact_0210,raw_sha256,D1_training-e_e00015,D1,dataset/archive (3)/training-e/e00015.wav,,1.0,keep,byte-identical group; kept by the T17.6 priority rule
exact_0210,raw_sha256,D1_validation_e00015,D1,dataset/archive (3)/validation/e00015.wav,D1_training-e_e00015,1.0,drop,byte-identical to D1_training-e_e00015
exact_0211,raw_sha256,D1_training-e_e00016,D1,dataset/archive (3)/training-e/e00016.wav,,1.0,keep,byte-identical group; kept by the T17.6 priority rule
exact_0211,raw_sha256,D1_validation_e00016,D1,dataset/archive (3)/validation/e00016.wav,D1_training-e_e00016,1.0,drop,byte-identical to D1_training-e_e00016
exact_0212,raw_sha256,D1_training-e_e00017,D1,dataset/archive (3)/training-e/e00017.wav,,1.0,keep,byte-identical group; kept by the T17.6 priority rule
exact_0212,raw_sha256,D1_validation_e00017,D1,dataset/archive (3)/validation/e00017.wav,D1_training-e_e00017,1.0,drop,byte-identical to D1_training-e_e00017
exact_0213,raw_sha256,D1_training-e_e00018,D1,dataset/archive (3)/training-e/e00018.wav,,1.0,keep,byte-identical group; kept by the T17.6 priority rule
exact_0213,raw_sha256,D1_validation_e00018,D1,dataset/archive (3)/validation/e00018.wav,D1_training-e_e00018,1.0,drop,byte-identical to D1_training-e_e00018
exact_0214,raw_sha256,D1_training-e_e00019,D1,dataset/archive (3)/training-e/e00019.wav,,1.0,keep,byte-identical group; kept by the T17.6 priority rule
exact_0214,raw_sha256,D1_validation_e00019,D1,dataset/archive (3)/validation/e00019.wav,D1_training-e_e00019,1.0,drop,byte-identical to D1_training-e_e00019
exact_0215,raw_sha256,D1_training-e_e00020,D1,dataset/archive (3)/training-e/e00020.wav,,1.0,keep,byte-identical group; kept by the T17.6 priority rule
exact_0215,raw_sha256,D1_validation_e00020,D1,dataset/archive (3)/validation/e00020.wav,D1_training-e_e00020,1.0,drop,byte-identical to D1_training-e_e00020
exact_0216,raw_sha256,D1_training-e_e00021,D1,dataset/archive (3)/training-e/e00021.wav,,1.0,keep,byte-identical group; kept by the T17.6 priority rule
exact_0216,raw_sha256,D1_validation_e00021,D1,dataset/archive (3)/validation/e00021.wav,D1_training-e_e00021,1.0,drop,byte-identical to D1_training-e_e00021
exact_0217,raw_sha256,D1_training-e_e00022,D1,dataset/archive (3)/training-e/e00022.wav,,1.0,keep,byte-identical group; kept by the T17.6 priority rule
exact_0217,raw_sha256,D1_validation_e00022,D1,dataset/archive (3)/validation/e00022.wav,D1_training-e_e00022,1.0,drop,byte-identical to D1_training-e_e00022
exact_0218,raw_sha256,D1_training-e_e00023,D1,dataset/archive (3)/training-e/e00023.wav,,1.0,keep,byte-identical group; kept by the T17.6 priority rule
exact_0218,raw_sha256,D1_validation_e00023,D1,dataset/archive (3)/validation/e00023.wav,D1_training-e_e00023,1.0,drop,byte-identical to D1_training-e_e00023
exact_0219,raw_sha256,D1_training-e_e00024,D1,dataset/archive (3)/training-e/e00024.wav,,1.0,keep,byte-identical group; kept by the T17.6 priority rule
exact_0219,raw_sha256,D1_validation_e00024,D1,dataset/archive (3)/validation/e00024.wav,D1_training-e_e00024,1.0,drop,byte-identical to D1_training-e_e00024
exact_0220,raw_sha256,D1_training-e_e00025,D1,dataset/archive (3)/training-e/e00025.wav,,1.0,keep,byte-identical group; kept by the T17.6 priority rule
exact_0220,raw_sha256,D1_validation_e00025,D1,dataset/archive (3)/validation/e00025.wav,D1_training-e_e00025,1.0,drop,byte-identical to D1_training-e_e00025
exact_0221,raw_sha256,D1_training-e_e00026,D1,dataset/archive (3)/training-e/e00026.wav,,1.0,keep,byte-identical group; kept by the T17.6 priority rule
exact_0221,raw_sha256,D1_validation_e00026,D1,dataset/archive (3)/validation/e00026.wav,D1_training-e_e00026,1.0,drop,byte-identical to D1_training-e_e00026
exact_0222,raw_sha256,D1_training-e_e00027,D1,dataset/archive (3)/training-e/e00027.wav,,1.0,keep,byte-identical group; kept by the T17.6 priority rule
exact_0222,raw_sha256,D1_validation_e00027,D1,dataset/archive (3)/validation/e00027.wav,D1_training-e_e00027,1.0,drop,byte-identical to D1_training-e_e00027
exact_0223,raw_sha256,D1_training-e_e00028,D1,dataset/archive (3)/training-e/e00028.wav,,1.0,keep,byte-identical group; kept by the T17.6 priority rule
exact_0223,raw_sha256,D1_validation_e00028,D1,dataset/archive (3)/validation/e00028.wav,D1_training-e_e00028,1.0,drop,byte-identical to D1_training-e_e00028
exact_0224,raw_sha256,D1_training-e_e00029,D1,dataset/archive (3)/training-e/e00029.wav,,1.0,keep,byte-identical group; kept by the T17.6 priority rule
exact_0224,raw_sha256,D1_validation_e00029,D1,dataset/archive (3)/validation/e00029.wav,D1_training-e_e00029,1.0,drop,byte-identical to D1_training-e_e00029
exact_0225,raw_sha256,D1_training-e_e00030,D1,dataset/archive (3)/training-e/e00030.wav,,1.0,keep,byte-identical group; kept by the T17.6 priority rule
exact_0225,raw_sha256,D1_validation_e00030,D1,dataset/archive (3)/validation/e00030.wav,D1_training-e_e00030,1.0,drop,byte-identical to D1_training-e_e00030
exact_0226,raw_sha256,D1_training-e_e00031,D1,dataset/archive (3)/training-e/e00031.wav,,1.0,keep,byte-identical group; kept by the T17.6 priority rule
exact_0226,raw_sha256,D1_validation_e00031,D1,dataset/archive (3)/validation/e00031.wav,D1_training-e_e00031,1.0,drop,byte-identical to D1_training-e_e00031
exact_0227,raw_sha256,D1_training-e_e00032,D1,dataset/archive (3)/training-e/e00032.wav,,1.0,keep,byte-identical group; kept by the T17.6 priority rule
exact_0227,raw_sha256,D1_validation_e00032,D1,dataset/archive (3)/validation/e00032.wav,D1_training-e_e00032,1.0,drop,byte-identical to D1_training-e_e00032
exact_0228,raw_sha256,D1_training-e_e00033,D1,dataset/archive (3)/training-e/e00033.wav,,1.0,keep,byte-identical group; kept by the T17.6 priority rule
exact_0228,raw_sha256,D1_validation_e00033,D1,dataset/archive (3)/validation/e00033.wav,D1_training-e_e00033,1.0,drop,byte-identical to D1_training-e_e00033
exact_0229,raw_sha256,D1_training-e_e00034,D1,dataset/archive (3)/training-e/e00034.wav,,1.0,keep,byte-identical group; kept by the T17.6 priority rule
exact_0229,raw_sha256,D1_validation_e00034,D1,dataset/archive (3)/validation/e00034.wav,D1_training-e_e00034,1.0,drop,byte-identical to D1_training-e_e00034
exact_0230,raw_sha256,D1_training-e_e00035,D1,dataset/archive (3)/training-e/e00035.wav,,1.0,keep,byte-identical group; kept by the T17.6 priority rule
exact_0230,raw_sha256,D1_validation_e00035,D1,dataset/archive (3)/validation/e00035.wav,D1_training-e_e00035,1.0,drop,byte-identical to D1_training-e_e00035
exact_0231,raw_sha256,D1_training-e_e00036,D1,dataset/archive (3)/training-e/e00036.wav,,1.0,keep,byte-identical group; kept by the T17.6 priority rule
exact_0231,raw_sha256,D1_validation_e00036,D1,dataset/archive (3)/validation/e00036.wav,D1_training-e_e00036,1.0,drop,byte-identical to D1_training-e_e00036
exact_0232,raw_sha256,D1_training-e_e00037,D1,dataset/archive (3)/training-e/e00037.wav,,1.0,keep,byte-identical group; kept by the T17.6 priority rule
exact_0232,raw_sha256,D1_validation_e00037,D1,dataset/archive (3)/validation/e00037.wav,D1_training-e_e00037,1.0,drop,byte-identical to D1_training-e_e00037
exact_0233,raw_sha256,D1_training-e_e00038,D1,dataset/archive (3)/training-e/e00038.wav,,1.0,keep,byte-identical group; kept by the T17.6 priority rule
exact_0233,raw_sha256,D1_validation_e00038,D1,dataset/archive (3)/validation/e00038.wav,D1_training-e_e00038,1.0,drop,byte-identical to D1_training-e_e00038
exact_0234,raw_sha256,D1_training-e_e00039,D1,dataset/archive (3)/training-e/e00039.wav,,1.0,keep,byte-identical group; kept by the T17.6 priority rule
exact_0234,raw_sha256,D1_validation_e00039,D1,dataset/archive (3)/validation/e00039.wav,D1_training-e_e00039,1.0,drop,byte-identical to D1_training-e_e00039
exact_0235,raw_sha256,D1_training-e_e00040,D1,dataset/archive (3)/training-e/e00040.wav,,1.0,keep,byte-identical group; kept by the T17.6 priority rule
exact_0235,raw_sha256,D1_validation_e00040,D1,dataset/archive (3)/validation/e00040.wav,D1_training-e_e00040,1.0,drop,byte-identical to D1_training-e_e00040
exact_0236,raw_sha256,D1_training-e_e00041,D1,dataset/archive (3)/training-e/e00041.wav,,1.0,keep,byte-identical group; kept by the T17.6 priority rule
exact_0236,raw_sha256,D1_validation_e00041,D1,dataset/archive (3)/validation/e00041.wav,D1_training-e_e00041,1.0,drop,byte-identical to D1_training-e_e00041
exact_0237,raw_sha256,D1_training-e_e00042,D1,dataset/archive (3)/training-e/e00042.wav,,1.0,keep,byte-identical group; kept by the T17.6 priority rule
exact_0237,raw_sha256,D1_validation_e00042,D1,dataset/archive (3)/validation/e00042.wav,D1_training-e_e00042,1.0,drop,byte-identical to D1_training-e_e00042
exact_0238,raw_sha256,D1_training-e_e00043,D1,dataset/archive (3)/training-e/e00043.wav,,1.0,keep,byte-identical group; kept by the T17.6 priority rule
exact_0238,raw_sha256,D1_validation_e00043,D1,dataset/archive (3)/validation/e00043.wav,D1_training-e_e00043,1.0,drop,byte-identical to D1_training-e_e00043
exact_0239,raw_sha256,D1_training-e_e00044,D1,dataset/archive (3)/training-e/e00044.wav,,1.0,keep,byte-identical group; kept by the T17.6 priority rule
exact_0239,raw_sha256,D1_validation_e00044,D1,dataset/archive (3)/validation/e00044.wav,D1_training-e_e00044,1.0,drop,byte-identical to D1_training-e_e00044
exact_0240,raw_sha256,D1_training-e_e00045,D1,dataset/archive (3)/training-e/e00045.wav,,1.0,keep,byte-identical group; kept by the T17.6 priority rule
exact_0240,raw_sha256,D1_validation_e00045,D1,dataset/archive (3)/validation/e00045.wav,D1_training-e_e00045,1.0,drop,byte-identical to D1_training-e_e00045
exact_0241,raw_sha256,D1_training-e_e00046,D1,dataset/archive (3)/training-e/e00046.wav,,1.0,keep,byte-identical group; kept by the T17.6 priority rule
exact_0241,raw_sha256,D1_validation_e00046,D1,dataset/archive (3)/validation/e00046.wav,D1_training-e_e00046,1.0,drop,byte-identical to D1_training-e_e00046
exact_0242,raw_sha256,D1_training-e_e00047,D1,dataset/archive (3)/training-e/e00047.wav,,1.0,keep,byte-identical group; kept by the T17.6 priority rule
exact_0242,raw_sha256,D1_validation_e00047,D1,dataset/archive (3)/validation/e00047.wav,D1_training-e_e00047,1.0,drop,byte-identical to D1_training-e_e00047
exact_0243,raw_sha256,D1_training-e_e00048,D1,dataset/archive (3)/training-e/e00048.wav,,1.0,keep,byte-identical group; kept by the T17.6 priority rule
exact_0243,raw_sha256,D1_validation_e00048,D1,dataset/archive (3)/validation/e00048.wav,D1_training-e_e00048,1.0,drop,byte-identical to D1_training-e_e00048
exact_0244,raw_sha256,D1_training-e_e00049,D1,dataset/archive (3)/training-e/e00049.wav,,1.0,keep,byte-identical group; kept by the T17.6 priority rule
exact_0244,raw_sha256,D1_validation_e00049,D1,dataset/archive (3)/validation/e00049.wav,D1_training-e_e00049,1.0,drop,byte-identical to D1_training-e_e00049
exact_0245,raw_sha256,D1_training-e_e00050,D1,dataset/archive (3)/training-e/e00050.wav,,1.0,keep,byte-identical group; kept by the T17.6 priority rule
exact_0245,raw_sha256,D1_validation_e00050,D1,dataset/archive (3)/validation/e00050.wav,D1_training-e_e00050,1.0,drop,byte-identical to D1_training-e_e00050
exact_0246,raw_sha256,D1_training-e_e00051,D1,dataset/archive (3)/training-e/e00051.wav,,1.0,keep,byte-identical group; kept by the T17.6 priority rule
exact_0246,raw_sha256,D1_validation_e00051,D1,dataset/archive (3)/validation/e00051.wav,D1_training-e_e00051,1.0,drop,byte-identical to D1_training-e_e00051
exact_0247,raw_sha256,D1_training-e_e00052,D1,dataset/archive (3)/training-e/e00052.wav,,1.0,keep,byte-identical group; kept by the T17.6 priority rule
exact_0247,raw_sha256,D1_validation_e00052,D1,dataset/archive (3)/validation/e00052.wav,D1_training-e_e00052,1.0,drop,byte-identical to D1_training-e_e00052
exact_0248,raw_sha256,D1_training-e_e00053,D1,dataset/archive (3)/training-e/e00053.wav,,1.0,keep,byte-identical group; kept by the T17.6 priority rule
exact_0248,raw_sha256,D1_validation_e00053,D1,dataset/archive (3)/validation/e00053.wav,D1_training-e_e00053,1.0,drop,byte-identical to D1_training-e_e00053
exact_0249,raw_sha256,D1_training-e_e00054,D1,dataset/archive (3)/training-e/e00054.wav,,1.0,keep,byte-identical group; kept by the T17.6 priority rule
exact_0249,raw_sha256,D1_validation_e00054,D1,dataset/archive (3)/validation/e00054.wav,D1_training-e_e00054,1.0,drop,byte-identical to D1_training-e_e00054
exact_0250,raw_sha256,D1_training-e_e00055,D1,dataset/archive (3)/training-e/e00055.wav,,1.0,keep,byte-identical group; kept by the T17.6 priority rule
exact_0250,raw_sha256,D1_validation_e00055,D1,dataset/archive (3)/validation/e00055.wav,D1_training-e_e00055,1.0,drop,byte-identical to D1_training-e_e00055
exact_0251,raw_sha256,D1_training-e_e00059,D1,dataset/archive (3)/training-e/e00059.wav,,1.0,keep,byte-identical group; kept by the T17.6 priority rule
exact_0251,raw_sha256,D1_validation_e00059,D1,dataset/archive (3)/validation/e00059.wav,D1_training-e_e00059,1.0,drop,byte-identical to D1_training-e_e00059
exact_0252,raw_sha256,D1_training-e_e00071,D1,dataset/archive (3)/training-e/e00071.wav,,1.0,keep,byte-identical group; kept by the T17.6 priority rule
exact_0252,raw_sha256,D1_validation_e00071,D1,dataset/archive (3)/validation/e00071.wav,D1_training-e_e00071,1.0,drop,byte-identical to D1_training-e_e00071
exact_0253,raw_sha256,D1_training-e_e00087,D1,dataset/archive (3)/training-e/e00087.wav,,1.0,keep,byte-identical group; kept by the T17.6 priority rule
exact_0253,raw_sha256,D1_validation_e00087,D1,dataset/archive (3)/validation/e00087.wav,D1_training-e_e00087,1.0,drop,byte-identical to D1_training-e_e00087
exact_0254,raw_sha256,D1_training-e_e00097,D1,dataset/archive (3)/training-e/e00097.wav,,1.0,keep,byte-identical group; kept by the T17.6 priority rule
exact_0254,raw_sha256,D1_validation_e00097,D1,dataset/archive (3)/validation/e00097.wav,D1_training-e_e00097,1.0,drop,byte-identical to D1_training-e_e00097
exact_0255,raw_sha256,D1_training-e_e00114,D1,dataset/archive (3)/training-e/e00114.wav,,1.0,keep,byte-identical group; kept by the T17.6 priority rule
exact_0255,raw_sha256,D1_validation_e00114,D1,dataset/archive (3)/validation/e00114.wav,D1_training-e_e00114,1.0,drop,byte-identical to D1_training-e_e00114
exact_0256,raw_sha256,D1_training-e_e00120,D1,dataset/archive (3)/training-e/e00120.wav,,1.0,keep,byte-identical group; kept by the T17.6 priority rule
exact_0256,raw_sha256,D1_validation_e00120,D1,dataset/archive (3)/validation/e00120.wav,D1_training-e_e00120,1.0,drop,byte-identical to D1_training-e_e00120
exact_0257,raw_sha256,D1_training-e_e00135,D1,dataset/archive (3)/training-e/e00135.wav,,1.0,keep,byte-identical group; kept by the T17.6 priority rule
exact_0257,raw_sha256,D1_validation_e00135,D1,dataset/archive (3)/validation/e00135.wav,D1_training-e_e00135,1.0,drop,byte-identical to D1_training-e_e00135
exact_0258,raw_sha256,D1_training-e_e00140,D1,dataset/archive (3)/training-e/e00140.wav,,1.0,keep,byte-identical group; kept by the T17.6 priority rule
exact_0258,raw_sha256,D1_validation_e00140,D1,dataset/archive (3)/validation/e00140.wav,D1_training-e_e00140,1.0,drop,byte-identical to D1_training-e_e00140
exact_0259,raw_sha256,D1_training-e_e00142,D1,dataset/archive (3)/training-e/e00142.wav,,1.0,keep,byte-identical group; kept by the T17.6 priority rule
exact_0259,raw_sha256,D1_validation_e00142,D1,dataset/archive (3)/validation/e00142.wav,D1_training-e_e00142,1.0,drop,byte-identical to D1_training-e_e00142
exact_0260,raw_sha256,D1_training-e_e00152,D1,dataset/archive (3)/training-e/e00152.wav,,1.0,keep,byte-identical group; kept by the T17.6 priority rule
exact_0260,raw_sha256,D1_validation_e00152,D1,dataset/archive (3)/validation/e00152.wav,D1_training-e_e00152,1.0,drop,byte-identical to D1_training-e_e00152
exact_0261,raw_sha256,D1_training-e_e00176,D1,dataset/archive (3)/training-e/e00176.wav,,1.0,keep,byte-identical group; kept by the T17.6 priority rule
exact_0261,raw_sha256,D1_validation_e00176,D1,dataset/archive (3)/validation/e00176.wav,D1_training-e_e00176,1.0,drop,byte-identical to D1_training-e_e00176
exact_0262,raw_sha256,D1_training-e_e00191,D1,dataset/archive (3)/training-e/e00191.wav,,1.0,keep,byte-identical group; kept by the T17.6 priority rule
exact_0262,raw_sha256,D1_validation_e00191,D1,dataset/archive (3)/validation/e00191.wav,D1_training-e_e00191,1.0,drop,byte-identical to D1_training-e_e00191
exact_0263,raw_sha256,D1_training-e_e00195,D1,dataset/archive (3)/training-e/e00195.wav,,1.0,keep,byte-identical group; kept by the T17.6 priority rule
exact_0263,raw_sha256,D1_validation_e00195,D1,dataset/archive (3)/validation/e00195.wav,D1_training-e_e00195,1.0,drop,byte-identical to D1_training-e_e00195
exact_0264,raw_sha256,D1_training-e_e00216,D1,dataset/archive (3)/training-e/e00216.wav,,1.0,keep,byte-identical group; kept by the T17.6 priority rule
exact_0264,raw_sha256,D1_validation_e00216,D1,dataset/archive (3)/validation/e00216.wav,D1_training-e_e00216,1.0,drop,byte-identical to D1_training-e_e00216
exact_0265,raw_sha256,D1_training-e_e00228,D1,dataset/archive (3)/training-e/e00228.wav,,1.0,keep,byte-identical group; kept by the T17.6 priority rule
exact_0265,raw_sha256,D1_validation_e00228,D1,dataset/archive (3)/validation/e00228.wav,D1_training-e_e00228,1.0,drop,byte-identical to D1_training-e_e00228
exact_0266,raw_sha256,D1_training-e_e00266,D1,dataset/archive (3)/training-e/e00266.wav,,1.0,keep,byte-identical group; kept by the T17.6 priority rule
exact_0266,raw_sha256,D1_validation_e00266,D1,dataset/archive (3)/validation/e00266.wav,D1_training-e_e00266,1.0,drop,byte-identical to D1_training-e_e00266
exact_0267,raw_sha256,D1_training-e_e00275,D1,dataset/archive (3)/training-e/e00275.wav,,1.0,keep,byte-identical group; kept by the T17.6 priority rule
exact_0267,raw_sha256,D1_validation_e00275,D1,dataset/archive (3)/validation/e00275.wav,D1_training-e_e00275,1.0,drop,byte-identical to D1_training-e_e00275
exact_0268,raw_sha256,D1_training-e_e00295,D1,dataset/archive (3)/training-e/e00295.wav,,1.0,keep,byte-identical group; kept by the T17.6 priority rule
exact_0268,raw_sha256,D1_validation_e00295,D1,dataset/archive (3)/validation/e00295.wav,D1_training-e_e00295,1.0,drop,byte-identical to D1_training-e_e00295
exact_0269,raw_sha256,D1_training-e_e00304,D1,dataset/archive (3)/training-e/e00304.wav,,1.0,keep,byte-identical group; kept by the T17.6 priority rule
exact_0269,raw_sha256,D1_validation_e00304,D1,dataset/archive (3)/validation/e00304.wav,D1_training-e_e00304,1.0,drop,byte-identical to D1_training-e_e00304
exact_0270,raw_sha256,D1_training-e_e00305,D1,dataset/archive (3)/training-e/e00305.wav,,1.0,keep,byte-identical group; kept by the T17.6 priority rule
exact_0270,raw_sha256,D1_validation_e00305,D1,dataset/archive (3)/validation/e00305.wav,D1_training-e_e00305,1.0,drop,byte-identical to D1_training-e_e00305
exact_0271,raw_sha256,D1_training-e_e00321,D1,dataset/archive (3)/training-e/e00321.wav,,1.0,keep,byte-identical group; kept by the T17.6 priority rule
exact_0271,raw_sha256,D1_validation_e00321,D1,dataset/archive (3)/validation/e00321.wav,D1_training-e_e00321,1.0,drop,byte-identical to D1_training-e_e00321
exact_0272,raw_sha256,D1_training-e_e00328,D1,dataset/archive (3)/training-e/e00328.wav,,1.0,keep,byte-identical group; kept by the T17.6 priority rule
exact_0272,raw_sha256,D1_validation_e00328,D1,dataset/archive (3)/validation/e00328.wav,D1_training-e_e00328,1.0,drop,byte-identical to D1_training-e_e00328
exact_0273,raw_sha256,D1_training-e_e00330,D1,dataset/archive (3)/training-e/e00330.wav,,1.0,keep,byte-identical group; kept by the T17.6 priority rule
exact_0273,raw_sha256,D1_validation_e00330,D1,dataset/archive (3)/validation/e00330.wav,D1_training-e_e00330,1.0,drop,byte-identical to D1_training-e_e00330
exact_0274,raw_sha256,D1_training-e_e00336,D1,dataset/archive (3)/training-e/e00336.wav,,1.0,keep,byte-identical group; kept by the T17.6 priority rule
exact_0274,raw_sha256,D1_validation_e00336,D1,dataset/archive (3)/validation/e00336.wav,D1_training-e_e00336,1.0,drop,byte-identical to D1_training-e_e00336
exact_0275,raw_sha256,D1_training-e_e00359,D1,dataset/archive (3)/training-e/e00359.wav,,1.0,keep,byte-identical group; kept by the T17.6 priority rule
exact_0275,raw_sha256,D1_validation_e00359,D1,dataset/archive (3)/validation/e00359.wav,D1_training-e_e00359,1.0,drop,byte-identical to D1_training-e_e00359
exact_0276,raw_sha256,D1_training-e_e00373,D1,dataset/archive (3)/training-e/e00373.wav,,1.0,keep,byte-identical group; kept by the T17.6 priority rule
exact_0276,raw_sha256,D1_validation_e00373,D1,dataset/archive (3)/validation/e00373.wav,D1_training-e_e00373,1.0,drop,byte-identical to D1_training-e_e00373
exact_0277,raw_sha256,D1_training-e_e00388,D1,dataset/archive (3)/training-e/e00388.wav,,1.0,keep,byte-identical group; kept by the T17.6 priority rule
exact_0277,raw_sha256,D1_validation_e00388,D1,dataset/archive (3)/validation/e00388.wav,D1_training-e_e00388,1.0,drop,byte-identical to D1_training-e_e00388
exact_0278,raw_sha256,D1_training-e_e00435,D1,dataset/archive (3)/training-e/e00435.wav,,1.0,keep,byte-identical group; kept by the T17.6 priority rule
exact_0278,raw_sha256,D1_validation_e00435,D1,dataset/archive (3)/validation/e00435.wav,D1_training-e_e00435,1.0,drop,byte-identical to D1_training-e_e00435
exact_0279,raw_sha256,D1_training-e_e00456,D1,dataset/archive (3)/training-e/e00456.wav,,1.0,keep,byte-identical group; kept by the T17.6 priority rule
exact_0279,raw_sha256,D1_validation_e00456,D1,dataset/archive (3)/validation/e00456.wav,D1_training-e_e00456,1.0,drop,byte-identical to D1_training-e_e00456
exact_0280,raw_sha256,D1_training-e_e00457,D1,dataset/archive (3)/training-e/e00457.wav,,1.0,keep,byte-identical group; kept by the T17.6 priority rule
exact_0280,raw_sha256,D1_validation_e00457,D1,dataset/archive (3)/validation/e00457.wav,D1_training-e_e00457,1.0,drop,byte-identical to D1_training-e_e00457
exact_0281,raw_sha256,D1_training-e_e00461,D1,dataset/archive (3)/training-e/e00461.wav,,1.0,keep,byte-identical group; kept by the T17.6 priority rule
exact_0281,raw_sha256,D1_validation_e00461,D1,dataset/archive (3)/validation/e00461.wav,D1_training-e_e00461,1.0,drop,byte-identical to D1_training-e_e00461
exact_0282,raw_sha256,D1_training-e_e00475,D1,dataset/archive (3)/training-e/e00475.wav,,1.0,keep,byte-identical group; kept by the T17.6 priority rule
exact_0282,raw_sha256,D1_validation_e00475,D1,dataset/archive (3)/validation/e00475.wav,D1_training-e_e00475,1.0,drop,byte-identical to D1_training-e_e00475
exact_0283,raw_sha256,D1_training-e_e00477,D1,dataset/archive (3)/training-e/e00477.wav,,1.0,keep,byte-identical group; kept by the T17.6 priority rule
exact_0283,raw_sha256,D1_validation_e00477,D1,dataset/archive (3)/validation/e00477.wav,D1_training-e_e00477,1.0,drop,byte-identical to D1_training-e_e00477
exact_0284,raw_sha256,D1_training-e_e00523,D1,dataset/archive (3)/training-e/e00523.wav,,1.0,keep,byte-identical group; kept by the T17.6 priority rule
exact_0284,raw_sha256,D1_validation_e00523,D1,dataset/archive (3)/validation/e00523.wav,D1_training-e_e00523,1.0,drop,byte-identical to D1_training-e_e00523
exact_0285,raw_sha256,D1_training-e_e00526,D1,dataset/archive (3)/training-e/e00526.wav,,1.0,keep,byte-identical group; kept by the T17.6 priority rule
exact_0285,raw_sha256,D1_validation_e00526,D1,dataset/archive (3)/validation/e00526.wav,D1_training-e_e00526,1.0,drop,byte-identical to D1_training-e_e00526
exact_0286,raw_sha256,D1_training-e_e00528,D1,dataset/archive (3)/training-e/e00528.wav,,1.0,keep,byte-identical group; kept by the T17.6 priority rule
exact_0286,raw_sha256,D1_validation_e00528,D1,dataset/archive (3)/validation/e00528.wav,D1_training-e_e00528,1.0,drop,byte-identical to D1_training-e_e00528
exact_0287,raw_sha256,D1_training-e_e00536,D1,dataset/archive (3)/training-e/e00536.wav,,1.0,keep,byte-identical group; kept by the T17.6 priority rule
exact_0287,raw_sha256,D1_validation_e00536,D1,dataset/archive (3)/validation/e00536.wav,D1_training-e_e00536,1.0,drop,byte-identical to D1_training-e_e00536
exact_0288,raw_sha256,D1_training-e_e00537,D1,dataset/archive (3)/training-e/e00537.wav,,1.0,keep,byte-identical group; kept by the T17.6 priority rule
exact_0288,raw_sha256,D1_validation_e00537,D1,dataset/archive (3)/validation/e00537.wav,D1_training-e_e00537,1.0,drop,byte-identical to D1_training-e_e00537
exact_0289,raw_sha256,D1_training-e_e00539,D1,dataset/archive (3)/training-e/e00539.wav,,1.0,keep,byte-identical group; kept by the T17.6 priority rule
exact_0289,raw_sha256,D1_validation_e00539,D1,dataset/archive (3)/validation/e00539.wav,D1_training-e_e00539,1.0,drop,byte-identical to D1_training-e_e00539
exact_0290,raw_sha256,D1_training-e_e00551,D1,dataset/archive (3)/training-e/e00551.wav,,1.0,keep,byte-identical group; kept by the T17.6 priority rule
exact_0290,raw_sha256,D1_validation_e00551,D1,dataset/archive (3)/validation/e00551.wav,D1_training-e_e00551,1.0,drop,byte-identical to D1_training-e_e00551
exact_0291,raw_sha256,D1_training-e_e00562,D1,dataset/archive (3)/training-e/e00562.wav,,1.0,keep,byte-identical group; kept by the T17.6 priority rule
exact_0291,raw_sha256,D1_validation_e00562,D1,dataset/archive (3)/validation/e00562.wav,D1_training-e_e00562,1.0,drop,byte-identical to D1_training-e_e00562
exact_0292,raw_sha256,D1_training-e_e00591,D1,dataset/archive (3)/training-e/e00591.wav,,1.0,keep,byte-identical group; kept by the T17.6 priority rule
exact_0292,raw_sha256,D1_validation_e00591,D1,dataset/archive (3)/validation/e00591.wav,D1_training-e_e00591,1.0,drop,byte-identical to D1_training-e_e00591
exact_0293,raw_sha256,D1_training-e_e00601,D1,dataset/archive (3)/training-e/e00601.wav,,1.0,keep,byte-identical group; kept by the T17.6 priority rule
exact_0293,raw_sha256,D1_validation_e00601,D1,dataset/archive (3)/validation/e00601.wav,D1_training-e_e00601,1.0,drop,byte-identical to D1_training-e_e00601
exact_0294,raw_sha256,D1_training-e_e00603,D1,dataset/archive (3)/training-e/e00603.wav,,1.0,keep,byte-identical group; kept by the T17.6 priority rule
exact_0294,raw_sha256,D1_validation_e00603,D1,dataset/archive (3)/validation/e00603.wav,D1_training-e_e00603,1.0,drop,byte-identical to D1_training-e_e00603
exact_0295,raw_sha256,D1_training-e_e00605,D1,dataset/archive (3)/training-e/e00605.wav,,1.0,keep,byte-identical group; kept by the T17.6 priority rule
exact_0295,raw_sha256,D1_validation_e00605,D1,dataset/archive (3)/validation/e00605.wav,D1_training-e_e00605,1.0,drop,byte-identical to D1_training-e_e00605
exact_0296,raw_sha256,D1_training-e_e00619,D1,dataset/archive (3)/training-e/e00619.wav,,1.0,keep,byte-identical group; kept by the T17.6 priority rule
exact_0296,raw_sha256,D1_validation_e00619,D1,dataset/archive (3)/validation/e00619.wav,D1_training-e_e00619,1.0,drop,byte-identical to D1_training-e_e00619
exact_0297,raw_sha256,D1_training-e_e00622,D1,dataset/archive (3)/training-e/e00622.wav,,1.0,keep,byte-identical group; kept by the T17.6 priority rule
exact_0297,raw_sha256,D1_validation_e00622,D1,dataset/archive (3)/validation/e00622.wav,D1_training-e_e00622,1.0,drop,byte-identical to D1_training-e_e00622
exact_0298,raw_sha256,D1_training-e_e00627,D1,dataset/archive (3)/training-e/e00627.wav,,1.0,keep,byte-identical group; kept by the T17.6 priority rule
exact_0298,raw_sha256,D1_validation_e00627,D1,dataset/archive (3)/validation/e00627.wav,D1_training-e_e00627,1.0,drop,byte-identical to D1_training-e_e00627
exact_0299,raw_sha256,D1_training-e_e00648,D1,dataset/archive (3)/training-e/e00648.wav,,1.0,keep,byte-identical group; kept by the T17.6 priority rule
exact_0299,raw_sha256,D1_validation_e00648,D1,dataset/archive (3)/validation/e00648.wav,D1_training-e_e00648,1.0,drop,byte-identical to D1_training-e_e00648
exact_0300,raw_sha256,D1_training-e_e00657,D1,dataset/archive (3)/training-e/e00657.wav,,1.0,keep,byte-identical group; kept by the T17.6 priority rule
exact_0300,raw_sha256,D1_validation_e00657,D1,dataset/archive (3)/validation/e00657.wav,D1_training-e_e00657,1.0,drop,byte-identical to D1_training-e_e00657
exact_0301,raw_sha256,D1_training-e_e00670,D1,dataset/archive (3)/training-e/e00670.wav,,1.0,keep,byte-identical group; kept by the T17.6 priority rule
exact_0301,raw_sha256,D1_validation_e00670,D1,dataset/archive (3)/validation/e00670.wav,D1_training-e_e00670,1.0,drop,byte-identical to D1_training-e_e00670
exact_0302,raw_sha256,D2_set_a_Aunlabelledtest__201012172010,D2,dataset/archive (2)/set_a/Aunlabelledtest__201012172010.wav,,1.0,keep,byte-identical group; kept by the T17.6 priority rule
exact_0302,raw_sha256,HB_unlabel_Aunlabelledtest__201012172010,heartbeat_sound,dataset/Heartbeat_Sound/unlabel/Aunlabelledtest__201012172010.wav,D2_set_a_Aunlabelledtest__201012172010,1.0,drop,Heartbeat_Sound is a label helper and a full duplicate of set_a + set_b (T17.3)
exact_0303,raw_sha256,D2_set_a_Aunlabelledtest__201101051105,D2,dataset/archive (2)/set_a/Aunlabelledtest__201101051105.wav,,1.0,keep,byte-identical group; kept by the T17.6 priority rule
exact_0303,raw_sha256,HB_unlabel_Aunlabelledtest__201101051105,heartbeat_sound,dataset/Heartbeat_Sound/unlabel/Aunlabelledtest__201101051105.wav,D2_set_a_Aunlabelledtest__201101051105,1.0,drop,Heartbeat_Sound is a label helper and a full duplicate of set_a + set_b (T17.3)
exact_0304,raw_sha256,D2_set_a_Aunlabelledtest__201101061552,D2,dataset/archive (2)/set_a/Aunlabelledtest__201101061552.wav,,1.0,keep,byte-identical group; kept by the T17.6 priority rule
exact_0304,raw_sha256,HB_unlabel_Aunlabelledtest__201101061552,heartbeat_sound,dataset/Heartbeat_Sound/unlabel/Aunlabelledtest__201101061552.wav,D2_set_a_Aunlabelledtest__201101061552,1.0,drop,Heartbeat_Sound is a label helper and a full duplicate of set_a + set_b (T17.3)
exact_0305,raw_sha256,D2_set_a_Aunlabelledtest__201101091156,D2,dataset/archive (2)/set_a/Aunlabelledtest__201101091156.wav,,1.0,keep,byte-identical group; kept by the T17.6 priority rule
exact_0305,raw_sha256,HB_unlabel_Aunlabelledtest__201101091156,heartbeat_sound,dataset/Heartbeat_Sound/unlabel/Aunlabelledtest__201101091156.wav,D2_set_a_Aunlabelledtest__201101091156,1.0,drop,Heartbeat_Sound is a label helper and a full duplicate of set_a + set_b (T17.3)
exact_0306,raw_sha256,D2_set_a_Aunlabelledtest__201101110659,D2,dataset/archive (2)/set_a/Aunlabelledtest__201101110659.wav,,1.0,keep,byte-identical group; kept by the T17.6 priority rule
exact_0306,raw_sha256,HB_unlabel_Aunlabelledtest__201101110659,heartbeat_sound,dataset/Heartbeat_Sound/unlabel/Aunlabelledtest__201101110659.wav,D2_set_a_Aunlabelledtest__201101110659,1.0,drop,Heartbeat_Sound is a label helper and a full duplicate of set_a + set_b (T17.3)
exact_0307,raw_sha256,D2_set_a_Aunlabelledtest__201101152256,D2,dataset/archive (2)/set_a/Aunlabelledtest__201101152256.wav,,1.0,keep,byte-identical group; kept by the T17.6 priority rule
exact_0307,raw_sha256,HB_unlabel_Aunlabelledtest__201101152256,heartbeat_sound,dataset/Heartbeat_Sound/unlabel/Aunlabelledtest__201101152256.wav,D2_set_a_Aunlabelledtest__201101152256,1.0,drop,Heartbeat_Sound is a label helper and a full duplicate of set_a + set_b (T17.3)
exact_0308,raw_sha256,D2_set_a_Aunlabelledtest__201101220549,D2,dataset/archive (2)/set_a/Aunlabelledtest__201101220549.wav,,1.0,keep,byte-identical group; kept by the T17.6 priority rule
exact_0308,raw_sha256,HB_unlabel_Aunlabelledtest__201101220549,heartbeat_sound,dataset/Heartbeat_Sound/unlabel/Aunlabelledtest__201101220549.wav,D2_set_a_Aunlabelledtest__201101220549,1.0,drop,Heartbeat_Sound is a label helper and a full duplicate of set_a + set_b (T17.3)
exact_0309,raw_sha256,D2_set_a_Aunlabelledtest__201101241434,D2,dataset/archive (2)/set_a/Aunlabelledtest__201101241434.wav,,1.0,keep,byte-identical group; kept by the T17.6 priority rule
exact_0309,raw_sha256,HB_unlabel_Aunlabelledtest__201101241434,heartbeat_sound,dataset/Heartbeat_Sound/unlabel/Aunlabelledtest__201101241434.wav,D2_set_a_Aunlabelledtest__201101241434,1.0,drop,Heartbeat_Sound is a label helper and a full duplicate of set_a + set_b (T17.3)
exact_0310,raw_sha256,D2_set_a_Aunlabelledtest__201102081033,D2,dataset/archive (2)/set_a/Aunlabelledtest__201102081033.wav,,1.0,keep,byte-identical group; kept by the T17.6 priority rule
exact_0310,raw_sha256,HB_unlabel_Aunlabelledtest__201102081033,heartbeat_sound,dataset/Heartbeat_Sound/unlabel/Aunlabelledtest__201102081033.wav,D2_set_a_Aunlabelledtest__201102081033,1.0,drop,Heartbeat_Sound is a label helper and a full duplicate of set_a + set_b (T17.3)
exact_0311,raw_sha256,D2_set_a_Aunlabelledtest__201102081045,D2,dataset/archive (2)/set_a/Aunlabelledtest__201102081045.wav,,1.0,keep,byte-identical group; kept by the T17.6 priority rule
exact_0311,raw_sha256,HB_unlabel_Aunlabelledtest__201102081045,heartbeat_sound,dataset/Heartbeat_Sound/unlabel/Aunlabelledtest__201102081045.wav,D2_set_a_Aunlabelledtest__201102081045,1.0,drop,Heartbeat_Sound is a label helper and a full duplicate of set_a + set_b (T17.3)
exact_0312,raw_sha256,D2_set_a_Aunlabelledtest__201102200848,D2,dataset/archive (2)/set_a/Aunlabelledtest__201102200848.wav,,1.0,keep,byte-identical group; kept by the T17.6 priority rule
exact_0312,raw_sha256,HB_unlabel_Aunlabelledtest__201102200848,heartbeat_sound,dataset/Heartbeat_Sound/unlabel/Aunlabelledtest__201102200848.wav,D2_set_a_Aunlabelledtest__201102200848,1.0,drop,Heartbeat_Sound is a label helper and a full duplicate of set_a + set_b (T17.3)
exact_0313,raw_sha256,D2_set_a_Aunlabelledtest__201103011036,D2,dataset/archive (2)/set_a/Aunlabelledtest__201103011036.wav,,1.0,keep,byte-identical group; kept by the T17.6 priority rule
exact_0313,raw_sha256,HB_unlabel_Aunlabelledtest__201103011036,heartbeat_sound,dataset/Heartbeat_Sound/unlabel/Aunlabelledtest__201103011036.wav,D2_set_a_Aunlabelledtest__201103011036,1.0,drop,Heartbeat_Sound is a label helper and a full duplicate of set_a + set_b (T17.3)
exact_0314,raw_sha256,D2_set_a_Aunlabelledtest__201103140236,D2,dataset/archive (2)/set_a/Aunlabelledtest__201103140236.wav,,1.0,keep,byte-identical group; kept by the T17.6 priority rule
exact_0314,raw_sha256,HB_unlabel_Aunlabelledtest__201103140236,heartbeat_sound,dataset/Heartbeat_Sound/unlabel/Aunlabelledtest__201103140236.wav,D2_set_a_Aunlabelledtest__201103140236,1.0,drop,Heartbeat_Sound is a label helper and a full duplicate of set_a + set_b (T17.3)
exact_0315,raw_sha256,D2_set_a_Aunlabelledtest__201103170122,D2,dataset/archive (2)/set_a/Aunlabelledtest__201103170122.wav,,1.0,keep,byte-identical group; kept by the T17.6 priority rule
exact_0315,raw_sha256,HB_unlabel_Aunlabelledtest__201103170122,heartbeat_sound,dataset/Heartbeat_Sound/unlabel/Aunlabelledtest__201103170122.wav,D2_set_a_Aunlabelledtest__201103170122,1.0,drop,Heartbeat_Sound is a label helper and a full duplicate of set_a + set_b (T17.3)
exact_0316,raw_sha256,D2_set_a_Aunlabelledtest__201103200518,D2,dataset/archive (2)/set_a/Aunlabelledtest__201103200518.wav,,1.0,keep,byte-identical group; kept by the T17.6 priority rule
exact_0316,raw_sha256,HB_unlabel_Aunlabelledtest__201103200518,heartbeat_sound,dataset/Heartbeat_Sound/unlabel/Aunlabelledtest__201103200518.wav,D2_set_a_Aunlabelledtest__201103200518,1.0,drop,Heartbeat_Sound is a label helper and a full duplicate of set_a + set_b (T17.3)
exact_0317,raw_sha256,D2_set_a_Aunlabelledtest__201103201314,D2,dataset/archive (2)/set_a/Aunlabelledtest__201103201314.wav,,1.0,keep,byte-identical group; kept by the T17.6 priority rule
exact_0317,raw_sha256,HB_unlabel_Aunlabelledtest__201103201314,heartbeat_sound,dataset/Heartbeat_Sound/unlabel/Aunlabelledtest__201103201314.wav,D2_set_a_Aunlabelledtest__201103201314,1.0,drop,Heartbeat_Sound is a label helper and a full duplicate of set_a + set_b (T17.3)
exact_0318,raw_sha256,D2_set_a_Aunlabelledtest__201103232251,D2,dataset/archive (2)/set_a/Aunlabelledtest__201103232251.wav,,1.0,keep,byte-identical group; kept by the T17.6 priority rule
exact_0318,raw_sha256,HB_unlabel_Aunlabelledtest__201103232251,heartbeat_sound,dataset/Heartbeat_Sound/unlabel/Aunlabelledtest__201103232251.wav,D2_set_a_Aunlabelledtest__201103232251,1.0,drop,Heartbeat_Sound is a label helper and a full duplicate of set_a + set_b (T17.3)
exact_0319,raw_sha256,D2_set_a_Aunlabelledtest__201103241336,D2,dataset/archive (2)/set_a/Aunlabelledtest__201103241336.wav,,1.0,keep,byte-identical group; kept by the T17.6 priority rule
exact_0319,raw_sha256,HB_unlabel_Aunlabelledtest__201103241336,heartbeat_sound,dataset/Heartbeat_Sound/unlabel/Aunlabelledtest__201103241336.wav,D2_set_a_Aunlabelledtest__201103241336,1.0,drop,Heartbeat_Sound is a label helper and a full duplicate of set_a + set_b (T17.3)
exact_0320,raw_sha256,D2_set_a_Aunlabelledtest__201104012144,D2,dataset/archive (2)/set_a/Aunlabelledtest__201104012144.wav,,1.0,keep,byte-identical group; kept by the T17.6 priority rule
exact_0320,raw_sha256,HB_unlabel_Aunlabelledtest__201104012144,heartbeat_sound,dataset/Heartbeat_Sound/unlabel/Aunlabelledtest__201104012144.wav,D2_set_a_Aunlabelledtest__201104012144,1.0,drop,Heartbeat_Sound is a label helper and a full duplicate of set_a + set_b (T17.3)
exact_0321,raw_sha256,D2_set_a_Aunlabelledtest__2011040239,D2,dataset/archive (2)/set_a/Aunlabelledtest__2011040239.wav,,1.0,keep,byte-identical group; kept by the T17.6 priority rule
exact_0321,raw_sha256,HB_unlabel_Aunlabelledtest__2011040239,heartbeat_sound,dataset/Heartbeat_Sound/unlabel/Aunlabelledtest__2011040239.wav,D2_set_a_Aunlabelledtest__2011040239,1.0,drop,Heartbeat_Sound is a label helper and a full duplicate of set_a + set_b (T17.3)
exact_0322,raw_sha256,D2_set_a_Aunlabelledtest__201105011546,D2,dataset/archive (2)/set_a/Aunlabelledtest__201105011546.wav,,1.0,keep,byte-identical group; kept by the T17.6 priority rule
exact_0322,raw_sha256,HB_unlabel_Aunlabelledtest__201105011546,heartbeat_sound,dataset/Heartbeat_Sound/unlabel/Aunlabelledtest__201105011546.wav,D2_set_a_Aunlabelledtest__201105011546,1.0,drop,Heartbeat_Sound is a label helper and a full duplicate of set_a + set_b (T17.3)
exact_0323,raw_sha256,D2_set_a_Aunlabelledtest__20110501548,D2,dataset/archive (2)/set_a/Aunlabelledtest__20110501548.wav,,1.0,keep,byte-identical group; kept by the T17.6 priority rule
exact_0323,raw_sha256,HB_unlabel_Aunlabelledtest__20110501548,heartbeat_sound,dataset/Heartbeat_Sound/unlabel/Aunlabelledtest__20110501548.wav,D2_set_a_Aunlabelledtest__20110501548,1.0,drop,Heartbeat_Sound is a label helper and a full duplicate of set_a + set_b (T17.3)
exact_0324,raw_sha256,D2_set_a_Aunlabelledtest__201105031730,D2,dataset/archive (2)/set_a/Aunlabelledtest__201105031730.wav,,1.0,keep,byte-identical group; kept by the T17.6 priority rule
exact_0324,raw_sha256,HB_unlabel_Aunlabelledtest__201105031730,heartbeat_sound,dataset/Heartbeat_Sound/unlabel/Aunlabelledtest__201105031730.wav,D2_set_a_Aunlabelledtest__201105031730,1.0,drop,Heartbeat_Sound is a label helper and a full duplicate of set_a + set_b (T17.3)
exact_0325,raw_sha256,D2_set_a_Aunlabelledtest__201106010807,D2,dataset/archive (2)/set_a/Aunlabelledtest__201106010807.wav,,1.0,keep,byte-identical group; kept by the T17.6 priority rule
exact_0325,raw_sha256,HB_unlabel_Aunlabelledtest__201106010807,heartbeat_sound,dataset/Heartbeat_Sound/unlabel/Aunlabelledtest__201106010807.wav,D2_set_a_Aunlabelledtest__201106010807,1.0,drop,Heartbeat_Sound is a label helper and a full duplicate of set_a + set_b (T17.3)
exact_0326,raw_sha256,D2_set_a_Aunlabelledtest__201106030607,D2,dataset/archive (2)/set_a/Aunlabelledtest__201106030607.wav,,1.0,keep,byte-identical group; kept by the T17.6 priority rule
exact_0326,raw_sha256,HB_unlabel_Aunlabelledtest__201106030607,heartbeat_sound,dataset/Heartbeat_Sound/unlabel/Aunlabelledtest__201106030607.wav,D2_set_a_Aunlabelledtest__201106030607,1.0,drop,Heartbeat_Sound is a label helper and a full duplicate of set_a + set_b (T17.3)
exact_0327,raw_sha256,D2_set_a_Aunlabelledtest__201106031556,D2,dataset/archive (2)/set_a/Aunlabelledtest__201106031556.wav,,1.0,keep,byte-identical group; kept by the T17.6 priority rule
exact_0327,raw_sha256,HB_unlabel_Aunlabelledtest__201106031556,heartbeat_sound,dataset/Heartbeat_Sound/unlabel/Aunlabelledtest__201106031556.wav,D2_set_a_Aunlabelledtest__201106031556,1.0,drop,Heartbeat_Sound is a label helper and a full duplicate of set_a + set_b (T17.3)
exact_0328,raw_sha256,D2_set_a_Aunlabelledtest__201106040930,D2,dataset/archive (2)/set_a/Aunlabelledtest__201106040930.wav,,1.0,keep,byte-identical group; kept by the T17.6 priority rule
exact_0328,raw_sha256,HB_unlabel_Aunlabelledtest__201106040930,heartbeat_sound,dataset/Heartbeat_Sound/unlabel/Aunlabelledtest__201106040930.wav,D2_set_a_Aunlabelledtest__201106040930,1.0,drop,Heartbeat_Sound is a label helper and a full duplicate of set_a + set_b (T17.3)
exact_0329,raw_sha256,D2_set_a_Aunlabelledtest__201106061104,D2,dataset/archive (2)/set_a/Aunlabelledtest__201106061104.wav,,1.0,keep,byte-identical group; kept by the T17.6 priority rule
exact_0329,raw_sha256,HB_unlabel_Aunlabelledtest__201106061104,heartbeat_sound,dataset/Heartbeat_Sound/unlabel/Aunlabelledtest__201106061104.wav,D2_set_a_Aunlabelledtest__201106061104,1.0,drop,Heartbeat_Sound is a label helper and a full duplicate of set_a + set_b (T17.3)
exact_0330,raw_sha256,D2_set_a_Aunlabelledtest__201106061215,D2,dataset/archive (2)/set_a/Aunlabelledtest__201106061215.wav,,1.0,keep,byte-identical group; kept by the T17.6 priority rule
exact_0330,raw_sha256,HB_unlabel_Aunlabelledtest__201106061215,heartbeat_sound,dataset/Heartbeat_Sound/unlabel/Aunlabelledtest__201106061215.wav,D2_set_a_Aunlabelledtest__201106061215,1.0,drop,Heartbeat_Sound is a label helper and a full duplicate of set_a + set_b (T17.3)
exact_0331,raw_sha256,D2_set_a_Aunlabelledtest__201106100606,D2,dataset/archive (2)/set_a/Aunlabelledtest__201106100606.wav,,1.0,keep,byte-identical group; kept by the T17.6 priority rule
exact_0331,raw_sha256,HB_unlabel_Aunlabelledtest__201106100606,heartbeat_sound,dataset/Heartbeat_Sound/unlabel/Aunlabelledtest__201106100606.wav,D2_set_a_Aunlabelledtest__201106100606,1.0,drop,Heartbeat_Sound is a label helper and a full duplicate of set_a + set_b (T17.3)
exact_0332,raw_sha256,D2_set_a_Aunlabelledtest__201106111419,D2,dataset/archive (2)/set_a/Aunlabelledtest__201106111419.wav,,1.0,keep,byte-identical group; kept by the T17.6 priority rule
exact_0332,raw_sha256,HB_unlabel_Aunlabelledtest__201106111419,heartbeat_sound,dataset/Heartbeat_Sound/unlabel/Aunlabelledtest__201106111419.wav,D2_set_a_Aunlabelledtest__201106111419,1.0,drop,Heartbeat_Sound is a label helper and a full duplicate of set_a + set_b (T17.3)
exact_0333,raw_sha256,D2_set_a_Aunlabelledtest__201106120928,D2,dataset/archive (2)/set_a/Aunlabelledtest__201106120928.wav,,1.0,keep,byte-identical group; kept by the T17.6 priority rule
exact_0333,raw_sha256,HB_unlabel_Aunlabelledtest__201106120928,heartbeat_sound,dataset/Heartbeat_Sound/unlabel/Aunlabelledtest__201106120928.wav,D2_set_a_Aunlabelledtest__201106120928,1.0,drop,Heartbeat_Sound is a label helper and a full duplicate of set_a + set_b (T17.3)
exact_0334,raw_sha256,D2_set_a_Aunlabelledtest__201106130440,D2,dataset/archive (2)/set_a/Aunlabelledtest__201106130440.wav,,1.0,keep,byte-identical group; kept by the T17.6 priority rule
exact_0334,raw_sha256,HB_unlabel_Aunlabelledtest__201106130440,heartbeat_sound,dataset/Heartbeat_Sound/unlabel/Aunlabelledtest__201106130440.wav,D2_set_a_Aunlabelledtest__201106130440,1.0,drop,Heartbeat_Sound is a label helper and a full duplicate of set_a + set_b (T17.3)
exact_0335,raw_sha256,D2_set_a_Aunlabelledtest__201106150614,D2,dataset/archive (2)/set_a/Aunlabelledtest__201106150614.wav,,1.0,keep,byte-identical group; kept by the T17.6 priority rule
exact_0335,raw_sha256,HB_unlabel_Aunlabelledtest__201106150614,heartbeat_sound,dataset/Heartbeat_Sound/unlabel/Aunlabelledtest__201106150614.wav,D2_set_a_Aunlabelledtest__201106150614,1.0,drop,Heartbeat_Sound is a label helper and a full duplicate of set_a + set_b (T17.3)
exact_0336,raw_sha256,D2_set_a_Aunlabelledtest__201106170857,D2,dataset/archive (2)/set_a/Aunlabelledtest__201106170857.wav,,1.0,keep,byte-identical group; kept by the T17.6 priority rule
exact_0336,raw_sha256,HB_unlabel_Aunlabelledtest__201106170857,heartbeat_sound,dataset/Heartbeat_Sound/unlabel/Aunlabelledtest__201106170857.wav,D2_set_a_Aunlabelledtest__201106170857,1.0,drop,Heartbeat_Sound is a label helper and a full duplicate of set_a + set_b (T17.3)
exact_0337,raw_sha256,D2_set_a_Aunlabelledtest__201106171155,D2,dataset/archive (2)/set_a/Aunlabelledtest__201106171155.wav,,1.0,keep,byte-identical group; kept by the T17.6 priority rule
exact_0337,raw_sha256,HB_unlabel_Aunlabelledtest__201106171155,heartbeat_sound,dataset/Heartbeat_Sound/unlabel/Aunlabelledtest__201106171155.wav,D2_set_a_Aunlabelledtest__201106171155,1.0,drop,Heartbeat_Sound is a label helper and a full duplicate of set_a + set_b (T17.3)
exact_0338,raw_sha256,D2_set_a_Aunlabelledtest__201106191034,D2,dataset/archive (2)/set_a/Aunlabelledtest__201106191034.wav,,1.0,keep,byte-identical group; kept by the T17.6 priority rule
exact_0338,raw_sha256,HB_unlabel_Aunlabelledtest__201106191034,heartbeat_sound,dataset/Heartbeat_Sound/unlabel/Aunlabelledtest__201106191034.wav,D2_set_a_Aunlabelledtest__201106191034,1.0,drop,Heartbeat_Sound is a label helper and a full duplicate of set_a + set_b (T17.3)
exact_0339,raw_sha256,D2_set_a_Aunlabelledtest__201106211725,D2,dataset/archive (2)/set_a/Aunlabelledtest__201106211725.wav,,1.0,keep,byte-identical group; kept by the T17.6 priority rule
exact_0339,raw_sha256,HB_unlabel_Aunlabelledtest__201106211725,heartbeat_sound,dataset/Heartbeat_Sound/unlabel/Aunlabelledtest__201106211725.wav,D2_set_a_Aunlabelledtest__201106211725,1.0,drop,Heartbeat_Sound is a label helper and a full duplicate of set_a + set_b (T17.3)
exact_0340,raw_sha256,D2_set_a_Aunlabelledtest__201106212102,D2,dataset/archive (2)/set_a/Aunlabelledtest__201106212102.wav,,1.0,keep,byte-identical group; kept by the T17.6 priority rule
exact_0340,raw_sha256,HB_unlabel_Aunlabelledtest__201106212102,heartbeat_sound,dataset/Heartbeat_Sound/unlabel/Aunlabelledtest__201106212102.wav,D2_set_a_Aunlabelledtest__201106212102,1.0,drop,Heartbeat_Sound is a label helper and a full duplicate of set_a + set_b (T17.3)
exact_0341,raw_sha256,D2_set_a_Aunlabelledtest__201108011111,D2,dataset/archive (2)/set_a/Aunlabelledtest__201108011111.wav,,1.0,keep,byte-identical group; kept by the T17.6 priority rule
exact_0341,raw_sha256,HB_unlabel_Aunlabelledtest__201108011111,heartbeat_sound,dataset/Heartbeat_Sound/unlabel/Aunlabelledtest__201108011111.wav,D2_set_a_Aunlabelledtest__201108011111,1.0,drop,Heartbeat_Sound is a label helper and a full duplicate of set_a + set_b (T17.3)
exact_0342,raw_sha256,D2_set_a_Aunlabelledtest__201108011113,D2,dataset/archive (2)/set_a/Aunlabelledtest__201108011113.wav,,1.0,keep,byte-identical group; kept by the T17.6 priority rule
exact_0342,raw_sha256,HB_unlabel_Aunlabelledtest__201108011113,heartbeat_sound,dataset/Heartbeat_Sound/unlabel/Aunlabelledtest__201108011113.wav,D2_set_a_Aunlabelledtest__201108011113,1.0,drop,Heartbeat_Sound is a label helper and a full duplicate of set_a + set_b (T17.3)
exact_0343,raw_sha256,D2_set_a_Aunlabelledtest__201108011116,D2,dataset/archive (2)/set_a/Aunlabelledtest__201108011116.wav,,1.0,keep,byte-identical group; kept by the T17.6 priority rule
exact_0343,raw_sha256,HB_unlabel_Aunlabelledtest__201108011116,heartbeat_sound,dataset/Heartbeat_Sound/unlabel/Aunlabelledtest__201108011116.wav,D2_set_a_Aunlabelledtest__201108011116,1.0,drop,Heartbeat_Sound is a label helper and a full duplicate of set_a + set_b (T17.3)
exact_0344,raw_sha256,D2_set_a_Aunlabelledtest__201108011117,D2,dataset/archive (2)/set_a/Aunlabelledtest__201108011117.wav,,1.0,keep,byte-identical group; kept by the T17.6 priority rule
exact_0344,raw_sha256,HB_unlabel_Aunlabelledtest__201108011117,heartbeat_sound,dataset/Heartbeat_Sound/unlabel/Aunlabelledtest__201108011117.wav,D2_set_a_Aunlabelledtest__201108011117,1.0,drop,Heartbeat_Sound is a label helper and a full duplicate of set_a + set_b (T17.3)
exact_0345,raw_sha256,D2_set_a_Aunlabelledtest__201108222222,D2,dataset/archive (2)/set_a/Aunlabelledtest__201108222222.wav,,1.0,keep,byte-identical group; kept by the T17.6 priority rule
exact_0345,raw_sha256,HB_unlabel_Aunlabelledtest__201108222222,heartbeat_sound,dataset/Heartbeat_Sound/unlabel/Aunlabelledtest__201108222222.wav,D2_set_a_Aunlabelledtest__201108222222,1.0,drop,Heartbeat_Sound is a label helper and a full duplicate of set_a + set_b (T17.3)
exact_0346,raw_sha256,D2_set_a_Aunlabelledtest__201108222225,D2,dataset/archive (2)/set_a/Aunlabelledtest__201108222225.wav,,1.0,keep,byte-identical group; kept by the T17.6 priority rule
exact_0346,raw_sha256,HB_unlabel_Aunlabelledtest__201108222225,heartbeat_sound,dataset/Heartbeat_Sound/unlabel/Aunlabelledtest__201108222225.wav,D2_set_a_Aunlabelledtest__201108222225,1.0,drop,Heartbeat_Sound is a label helper and a full duplicate of set_a + set_b (T17.3)
exact_0347,raw_sha256,D2_set_a_Aunlabelledtest__201108222228,D2,dataset/archive (2)/set_a/Aunlabelledtest__201108222228.wav,,1.0,keep,byte-identical group; kept by the T17.6 priority rule
exact_0347,raw_sha256,HB_unlabel_Aunlabelledtest__201108222228,heartbeat_sound,dataset/Heartbeat_Sound/unlabel/Aunlabelledtest__201108222228.wav,D2_set_a_Aunlabelledtest__201108222228,1.0,drop,Heartbeat_Sound is a label helper and a full duplicate of set_a + set_b (T17.3)
exact_0348,raw_sha256,D2_set_a_Aunlabelledtest__201108222234,D2,dataset/archive (2)/set_a/Aunlabelledtest__201108222234.wav,,1.0,keep,byte-identical group; kept by the T17.6 priority rule
exact_0348,raw_sha256,HB_unlabel_Aunlabelledtest__201108222234,heartbeat_sound,dataset/Heartbeat_Sound/unlabel/Aunlabelledtest__201108222234.wav,D2_set_a_Aunlabelledtest__201108222234,1.0,drop,Heartbeat_Sound is a label helper and a full duplicate of set_a + set_b (T17.3)
exact_0349,raw_sha256,D2_set_a_Aunlabelledtest__201108222241,D2,dataset/archive (2)/set_a/Aunlabelledtest__201108222241.wav,,1.0,keep,byte-identical group; kept by the T17.6 priority rule
exact_0349,raw_sha256,HB_unlabel_Aunlabelledtest__201108222241,heartbeat_sound,dataset/Heartbeat_Sound/unlabel/Aunlabelledtest__201108222241.wav,D2_set_a_Aunlabelledtest__201108222241,1.0,drop,Heartbeat_Sound is a label helper and a full duplicate of set_a + set_b (T17.3)
exact_0350,raw_sha256,D2_set_a_Aunlabelledtest__201108222244,D2,dataset/archive (2)/set_a/Aunlabelledtest__201108222244.wav,,1.0,keep,byte-identical group; kept by the T17.6 priority rule
exact_0350,raw_sha256,HB_unlabel_Aunlabelledtest__201108222244,heartbeat_sound,dataset/Heartbeat_Sound/unlabel/Aunlabelledtest__201108222244.wav,D2_set_a_Aunlabelledtest__201108222244,1.0,drop,Heartbeat_Sound is a label helper and a full duplicate of set_a + set_b (T17.3)
exact_0351,raw_sha256,D2_set_a_Aunlabelledtest__201108222247,D2,dataset/archive (2)/set_a/Aunlabelledtest__201108222247.wav,,1.0,keep,byte-identical group; kept by the T17.6 priority rule
exact_0351,raw_sha256,HB_unlabel_Aunlabelledtest__201108222247,heartbeat_sound,dataset/Heartbeat_Sound/unlabel/Aunlabelledtest__201108222247.wav,D2_set_a_Aunlabelledtest__201108222247,1.0,drop,Heartbeat_Sound is a label helper and a full duplicate of set_a + set_b (T17.3)
exact_0352,raw_sha256,D2_set_a_Aunlabelledtest__201108222254,D2,dataset/archive (2)/set_a/Aunlabelledtest__201108222254.wav,,1.0,keep,byte-identical group; kept by the T17.6 priority rule
exact_0352,raw_sha256,HB_unlabel_Aunlabelledtest__201108222254,heartbeat_sound,dataset/Heartbeat_Sound/unlabel/Aunlabelledtest__201108222254.wav,D2_set_a_Aunlabelledtest__201108222254,1.0,drop,Heartbeat_Sound is a label helper and a full duplicate of set_a + set_b (T17.3)
exact_0353,raw_sha256,D2_set_a_Aunlabelledtest__201108222257,D2,dataset/archive (2)/set_a/Aunlabelledtest__201108222257.wav,,1.0,keep,byte-identical group; kept by the T17.6 priority rule
exact_0353,raw_sha256,HB_unlabel_Aunlabelledtest__201108222257,heartbeat_sound,dataset/Heartbeat_Sound/unlabel/Aunlabelledtest__201108222257.wav,D2_set_a_Aunlabelledtest__201108222257,1.0,drop,Heartbeat_Sound is a label helper and a full duplicate of set_a + set_b (T17.3)
exact_0354,raw_sha256,D2_set_a_artifact__201012172012,D2,dataset/archive (2)/set_a/artifact__201012172012.wav,,1.0,keep,byte-identical group; kept by the T17.6 priority rule
exact_0354,raw_sha256,HB_artifact_artifact__201012172012,heartbeat_sound,dataset/Heartbeat_Sound/artifact/artifact__201012172012.wav,D2_set_a_artifact__201012172012,1.0,drop,Heartbeat_Sound is a label helper and a full duplicate of set_a + set_b (T17.3)
exact_0355,raw_sha256,D2_set_a_artifact__201105040918,D2,dataset/archive (2)/set_a/artifact__201105040918.wav,,1.0,keep,byte-identical group; kept by the T17.6 priority rule
exact_0355,raw_sha256,HB_artifact_artifact__201105040918,heartbeat_sound,dataset/Heartbeat_Sound/artifact/artifact__201105040918.wav,D2_set_a_artifact__201105040918,1.0,drop,Heartbeat_Sound is a label helper and a full duplicate of set_a + set_b (T17.3)
exact_0356,raw_sha256,D2_set_a_artifact__201105041959,D2,dataset/archive (2)/set_a/artifact__201105041959.wav,,1.0,keep,byte-identical group; kept by the T17.6 priority rule
exact_0356,raw_sha256,HB_artifact_artifact__201105041959,heartbeat_sound,dataset/Heartbeat_Sound/artifact/artifact__201105041959.wav,D2_set_a_artifact__201105041959,1.0,drop,Heartbeat_Sound is a label helper and a full duplicate of set_a + set_b (T17.3)
exact_0357,raw_sha256,D2_set_a_artifact__201105051017,D2,dataset/archive (2)/set_a/artifact__201105051017.wav,,1.0,keep,byte-identical group; kept by the T17.6 priority rule
exact_0357,raw_sha256,HB_artifact_artifact__201105051017,heartbeat_sound,dataset/Heartbeat_Sound/artifact/artifact__201105051017.wav,D2_set_a_artifact__201105051017,1.0,drop,Heartbeat_Sound is a label helper and a full duplicate of set_a + set_b (T17.3)
exact_0358,raw_sha256,D2_set_a_artifact__201105060108,D2,dataset/archive (2)/set_a/artifact__201105060108.wav,,1.0,keep,byte-identical group; kept by the T17.6 priority rule
exact_0358,raw_sha256,HB_artifact_artifact__201105060108,heartbeat_sound,dataset/Heartbeat_Sound/artifact/artifact__201105060108.wav,D2_set_a_artifact__201105060108,1.0,drop,Heartbeat_Sound is a label helper and a full duplicate of set_a + set_b (T17.3)
exact_0359,raw_sha256,D2_set_a_artifact__201105061143,D2,dataset/archive (2)/set_a/artifact__201105061143.wav,,1.0,keep,byte-identical group; kept by the T17.6 priority rule
exact_0359,raw_sha256,HB_artifact_artifact__201105061143,heartbeat_sound,dataset/Heartbeat_Sound/artifact/artifact__201105061143.wav,D2_set_a_artifact__201105061143,1.0,drop,Heartbeat_Sound is a label helper and a full duplicate of set_a + set_b (T17.3)
exact_0360,raw_sha256,D2_set_a_artifact__201105190800,D2,dataset/archive (2)/set_a/artifact__201105190800.wav,,1.0,keep,byte-identical group; kept by the T17.6 priority rule
exact_0360,raw_sha256,HB_artifact_artifact__201105190800,heartbeat_sound,dataset/Heartbeat_Sound/artifact/artifact__201105190800.wav,D2_set_a_artifact__201105190800,1.0,drop,Heartbeat_Sound is a label helper and a full duplicate of set_a + set_b (T17.3)
exact_0361,raw_sha256,D2_set_a_artifact__201105280851,D2,dataset/archive (2)/set_a/artifact__201105280851.wav,,1.0,keep,byte-identical group; kept by the T17.6 priority rule
exact_0361,raw_sha256,HB_artifact_artifact__201105280851,heartbeat_sound,dataset/Heartbeat_Sound/artifact/artifact__201105280851.wav,D2_set_a_artifact__201105280851,1.0,drop,Heartbeat_Sound is a label helper and a full duplicate of set_a + set_b (T17.3)
exact_0362,raw_sha256,D2_set_a_artifact__201106010559,D2,dataset/archive (2)/set_a/artifact__201106010559.wav,,1.0,keep,byte-identical group; kept by the T17.6 priority rule
exact_0362,raw_sha256,HB_artifact_artifact__201106010559,heartbeat_sound,dataset/Heartbeat_Sound/artifact/artifact__201106010559.wav,D2_set_a_artifact__201106010559,1.0,drop,Heartbeat_Sound is a label helper and a full duplicate of set_a + set_b (T17.3)
exact_0363,raw_sha256,D2_set_a_artifact__201106010602,D2,dataset/archive (2)/set_a/artifact__201106010602.wav,,1.0,keep,byte-identical group; kept by the T17.6 priority rule
exact_0363,raw_sha256,HB_artifact_artifact__201106010602,heartbeat_sound,dataset/Heartbeat_Sound/artifact/artifact__201106010602.wav,D2_set_a_artifact__201106010602,1.0,drop,Heartbeat_Sound is a label helper and a full duplicate of set_a + set_b (T17.3)
exact_0364,raw_sha256,D2_set_a_artifact__201106021541,D2,dataset/archive (2)/set_a/artifact__201106021541.wav,,1.0,keep,byte-identical group; kept by the T17.6 priority rule
exact_0364,raw_sha256,HB_artifact_artifact__201106021541,heartbeat_sound,dataset/Heartbeat_Sound/artifact/artifact__201106021541.wav,D2_set_a_artifact__201106021541,1.0,drop,Heartbeat_Sound is a label helper and a full duplicate of set_a + set_b (T17.3)
exact_0365,raw_sha256,D2_set_a_artifact__201106030612,D2,dataset/archive (2)/set_a/artifact__201106030612.wav,,1.0,keep,byte-identical group; kept by the T17.6 priority rule
exact_0365,raw_sha256,HB_artifact_artifact__201106030612,heartbeat_sound,dataset/Heartbeat_Sound/artifact/artifact__201106030612.wav,D2_set_a_artifact__201106030612,1.0,drop,Heartbeat_Sound is a label helper and a full duplicate of set_a + set_b (T17.3)
exact_0366,raw_sha256,D2_set_a_artifact__201106031558,D2,dataset/archive (2)/set_a/artifact__201106031558.wav,,1.0,keep,byte-identical group; kept by the T17.6 priority rule
exact_0366,raw_sha256,HB_artifact_artifact__201106031558,heartbeat_sound,dataset/Heartbeat_Sound/artifact/artifact__201106031558.wav,D2_set_a_artifact__201106031558,1.0,drop,Heartbeat_Sound is a label helper and a full duplicate of set_a + set_b (T17.3)
exact_0367,raw_sha256,D2_set_a_artifact__201106040722,D2,dataset/archive (2)/set_a/artifact__201106040722.wav,,1.0,keep,byte-identical group; kept by the T17.6 priority rule
exact_0367,raw_sha256,HB_artifact_artifact__201106040722,heartbeat_sound,dataset/Heartbeat_Sound/artifact/artifact__201106040722.wav,D2_set_a_artifact__201106040722,1.0,drop,Heartbeat_Sound is a label helper and a full duplicate of set_a + set_b (T17.3)
exact_0368,raw_sha256,D2_set_a_artifact__201106040933,D2,dataset/archive (2)/set_a/artifact__201106040933.wav,,1.0,keep,byte-identical group; kept by the T17.6 priority rule
exact_0368,raw_sha256,HB_artifact_artifact__201106040933,heartbeat_sound,dataset/Heartbeat_Sound/artifact/artifact__201106040933.wav,D2_set_a_artifact__201106040933,1.0,drop,Heartbeat_Sound is a label helper and a full duplicate of set_a + set_b (T17.3)
exact_0369,raw_sha256,D2_set_a_artifact__201106040947,D2,dataset/archive (2)/set_a/artifact__201106040947.wav,,1.0,keep,byte-identical group; kept by the T17.6 priority rule
exact_0369,raw_sha256,HB_artifact_artifact__201106040947,heartbeat_sound,dataset/Heartbeat_Sound/artifact/artifact__201106040947.wav,D2_set_a_artifact__201106040947,1.0,drop,Heartbeat_Sound is a label helper and a full duplicate of set_a + set_b (T17.3)
exact_0370,raw_sha256,D2_set_a_artifact__201106041452,D2,dataset/archive (2)/set_a/artifact__201106041452.wav,,1.0,keep,byte-identical group; kept by the T17.6 priority rule
exact_0370,raw_sha256,HB_artifact_artifact__201106041452,heartbeat_sound,dataset/Heartbeat_Sound/artifact/artifact__201106041452.wav,D2_set_a_artifact__201106041452,1.0,drop,Heartbeat_Sound is a label helper and a full duplicate of set_a + set_b (T17.3)
exact_0371,raw_sha256,D2_set_a_artifact__201106050353,D2,dataset/archive (2)/set_a/artifact__201106050353.wav,,1.0,keep,byte-identical group; kept by the T17.6 priority rule
exact_0371,raw_sha256,HB_artifact_artifact__201106050353,heartbeat_sound,dataset/Heartbeat_Sound/artifact/artifact__201106050353.wav,D2_set_a_artifact__201106050353,1.0,drop,Heartbeat_Sound is a label helper and a full duplicate of set_a + set_b (T17.3)
exact_0372,raw_sha256,D2_set_a_artifact__201106061233,D2,dataset/archive (2)/set_a/artifact__201106061233.wav,,1.0,keep,byte-identical group; kept by the T17.6 priority rule
exact_0372,raw_sha256,HB_artifact_artifact__201106061233,heartbeat_sound,dataset/Heartbeat_Sound/artifact/artifact__201106061233.wav,D2_set_a_artifact__201106061233,1.0,drop,Heartbeat_Sound is a label helper and a full duplicate of set_a + set_b (T17.3)
exact_0373,raw_sha256,D2_set_a_artifact__201106070537,D2,dataset/archive (2)/set_a/artifact__201106070537.wav,,1.0,keep,byte-identical group; kept by the T17.6 priority rule
exact_0373,raw_sha256,HB_artifact_artifact__201106070537,heartbeat_sound,dataset/Heartbeat_Sound/artifact/artifact__201106070537.wav,D2_set_a_artifact__201106070537,1.0,drop,Heartbeat_Sound is a label helper and a full duplicate of set_a + set_b (T17.3)
exact_0374,raw_sha256,D2_set_a_artifact__201106070949,D2,dataset/archive (2)/set_a/artifact__201106070949.wav,,1.0,keep,byte-identical group; kept by the T17.6 priority rule
exact_0374,raw_sha256,HB_artifact_artifact__201106070949,heartbeat_sound,dataset/Heartbeat_Sound/artifact/artifact__201106070949.wav,D2_set_a_artifact__201106070949,1.0,drop,Heartbeat_Sound is a label helper and a full duplicate of set_a + set_b (T17.3)
exact_0375,raw_sha256,D2_set_a_artifact__201106101314,D2,dataset/archive (2)/set_a/artifact__201106101314.wav,,1.0,keep,byte-identical group; kept by the T17.6 priority rule
exact_0375,raw_sha256,HB_artifact_artifact__201106101314,heartbeat_sound,dataset/Heartbeat_Sound/artifact/artifact__201106101314.wav,D2_set_a_artifact__201106101314,1.0,drop,Heartbeat_Sound is a label helper and a full duplicate of set_a + set_b (T17.3)
exact_0376,raw_sha256,D2_set_a_artifact__201106101955,D2,dataset/archive (2)/set_a/artifact__201106101955.wav,,1.0,keep,byte-identical group; kept by the T17.6 priority rule
exact_0376,raw_sha256,HB_artifact_artifact__201106101955,heartbeat_sound,dataset/Heartbeat_Sound/artifact/artifact__201106101955.wav,D2_set_a_artifact__201106101955,1.0,drop,Heartbeat_Sound is a label helper and a full duplicate of set_a + set_b (T17.3)
exact_0377,raw_sha256,D2_set_a_artifact__201106110909,D2,dataset/archive (2)/set_a/artifact__201106110909.wav,,1.0,keep,byte-identical group; kept by the T17.6 priority rule
exact_0377,raw_sha256,HB_artifact_artifact__201106110909,heartbeat_sound,dataset/Heartbeat_Sound/artifact/artifact__201106110909.wav,D2_set_a_artifact__201106110909,1.0,drop,Heartbeat_Sound is a label helper and a full duplicate of set_a + set_b (T17.3)
exact_0378,raw_sha256,D2_set_a_artifact__201106111119,D2,dataset/archive (2)/set_a/artifact__201106111119.wav,,1.0,keep,byte-identical group; kept by the T17.6 priority rule
exact_0378,raw_sha256,HB_artifact_artifact__201106111119,heartbeat_sound,dataset/Heartbeat_Sound/artifact/artifact__201106111119.wav,D2_set_a_artifact__201106111119,1.0,drop,Heartbeat_Sound is a label helper and a full duplicate of set_a + set_b (T17.3)
exact_0379,raw_sha256,D2_set_a_artifact__201106121242,D2,dataset/archive (2)/set_a/artifact__201106121242.wav,,1.0,keep,byte-identical group; kept by the T17.6 priority rule
exact_0379,raw_sha256,HB_artifact_artifact__201106121242,heartbeat_sound,dataset/Heartbeat_Sound/artifact/artifact__201106121242.wav,D2_set_a_artifact__201106121242,1.0,drop,Heartbeat_Sound is a label helper and a full duplicate of set_a + set_b (T17.3)
exact_0380,raw_sha256,D2_set_a_artifact__201106121445,D2,dataset/archive (2)/set_a/artifact__201106121445.wav,,1.0,keep,byte-identical group; kept by the T17.6 priority rule
exact_0380,raw_sha256,HB_artifact_artifact__201106121445,heartbeat_sound,dataset/Heartbeat_Sound/artifact/artifact__201106121445.wav,D2_set_a_artifact__201106121445,1.0,drop,Heartbeat_Sound is a label helper and a full duplicate of set_a + set_b (T17.3)
exact_0381,raw_sha256,D2_set_a_artifact__201106131834,D2,dataset/archive (2)/set_a/artifact__201106131834.wav,,1.0,keep,byte-identical group; kept by the T17.6 priority rule
exact_0381,raw_sha256,HB_artifact_artifact__201106131834,heartbeat_sound,dataset/Heartbeat_Sound/artifact/artifact__201106131834.wav,D2_set_a_artifact__201106131834,1.0,drop,Heartbeat_Sound is a label helper and a full duplicate of set_a + set_b (T17.3)
exact_0382,raw_sha256,D2_set_a_artifact__201106131835,D2,dataset/archive (2)/set_a/artifact__201106131835.wav,,1.0,keep,byte-identical group; kept by the T17.6 priority rule
exact_0382,raw_sha256,HB_artifact_artifact__201106131835,heartbeat_sound,dataset/Heartbeat_Sound/artifact/artifact__201106131835.wav,D2_set_a_artifact__201106131835,1.0,drop,Heartbeat_Sound is a label helper and a full duplicate of set_a + set_b (T17.3)
exact_0383,raw_sha256,D2_set_a_artifact__201106141701,D2,dataset/archive (2)/set_a/artifact__201106141701.wav,,1.0,keep,byte-identical group; kept by the T17.6 priority rule
exact_0383,raw_sha256,HB_artifact_artifact__201106141701,heartbeat_sound,dataset/Heartbeat_Sound/artifact/artifact__201106141701.wav,D2_set_a_artifact__201106141701,1.0,drop,Heartbeat_Sound is a label helper and a full duplicate of set_a + set_b (T17.3)
exact_0384,raw_sha256,D2_set_a_artifact__201106161016,D2,dataset/archive (2)/set_a/artifact__201106161016.wav,,1.0,keep,byte-identical group; kept by the T17.6 priority rule
exact_0384,raw_sha256,HB_artifact_artifact__201106161016,heartbeat_sound,dataset/Heartbeat_Sound/artifact/artifact__201106161016.wav,D2_set_a_artifact__201106161016,1.0,drop,Heartbeat_Sound is a label helper and a full duplicate of set_a + set_b (T17.3)
exact_0385,raw_sha256,D2_set_a_artifact__201106161019,D2,dataset/archive (2)/set_a/artifact__201106161019.wav,,1.0,keep,byte-identical group; kept by the T17.6 priority rule
exact_0385,raw_sha256,HB_artifact_artifact__201106161019,heartbeat_sound,dataset/Heartbeat_Sound/artifact/artifact__201106161019.wav,D2_set_a_artifact__201106161019,1.0,drop,Heartbeat_Sound is a label helper and a full duplicate of set_a + set_b (T17.3)
exact_0386,raw_sha256,D2_set_a_artifact__201106161219,D2,dataset/archive (2)/set_a/artifact__201106161219.wav,,1.0,keep,byte-identical group; kept by the T17.6 priority rule
exact_0386,raw_sha256,HB_artifact_artifact__201106161219,heartbeat_sound,dataset/Heartbeat_Sound/artifact/artifact__201106161219.wav,D2_set_a_artifact__201106161219,1.0,drop,Heartbeat_Sound is a label helper and a full duplicate of set_a + set_b (T17.3)
exact_0387,raw_sha256,D2_set_a_artifact__201106171003,D2,dataset/archive (2)/set_a/artifact__201106171003.wav,,1.0,keep,byte-identical group; kept by the T17.6 priority rule
exact_0387,raw_sha256,HB_artifact_artifact__201106171003,heartbeat_sound,dataset/Heartbeat_Sound/artifact/artifact__201106171003.wav,D2_set_a_artifact__201106171003,1.0,drop,Heartbeat_Sound is a label helper and a full duplicate of set_a + set_b (T17.3)
exact_0388,raw_sha256,D2_set_a_artifact__201106190520,D2,dataset/archive (2)/set_a/artifact__201106190520.wav,,1.0,keep,byte-identical group; kept by the T17.6 priority rule
exact_0388,raw_sha256,HB_artifact_artifact__201106190520,heartbeat_sound,dataset/Heartbeat_Sound/artifact/artifact__201106190520.wav,D2_set_a_artifact__201106190520,1.0,drop,Heartbeat_Sound is a label helper and a full duplicate of set_a + set_b (T17.3)
exact_0389,raw_sha256,D2_set_a_artifact__201106211041,D2,dataset/archive (2)/set_a/artifact__201106211041.wav,,1.0,keep,byte-identical group; kept by the T17.6 priority rule
exact_0389,raw_sha256,HB_artifact_artifact__201106211041,heartbeat_sound,dataset/Heartbeat_Sound/artifact/artifact__201106211041.wav,D2_set_a_artifact__201106211041,1.0,drop,Heartbeat_Sound is a label helper and a full duplicate of set_a + set_b (T17.3)
exact_0390,raw_sha256,D2_set_a_artifact__201106211430,D2,dataset/archive (2)/set_a/artifact__201106211430.wav,,1.0,keep,byte-identical group; kept by the T17.6 priority rule
exact_0390,raw_sha256,HB_artifact_artifact__201106211430,heartbeat_sound,dataset/Heartbeat_Sound/artifact/artifact__201106211430.wav,D2_set_a_artifact__201106211430,1.0,drop,Heartbeat_Sound is a label helper and a full duplicate of set_a + set_b (T17.3)
exact_0391,raw_sha256,D2_set_a_artifact__201106212112,D2,dataset/archive (2)/set_a/artifact__201106212112.wav,,1.0,keep,byte-identical group; kept by the T17.6 priority rule
exact_0391,raw_sha256,HB_artifact_artifact__201106212112,heartbeat_sound,dataset/Heartbeat_Sound/artifact/artifact__201106212112.wav,D2_set_a_artifact__201106212112,1.0,drop,Heartbeat_Sound is a label helper and a full duplicate of set_a + set_b (T17.3)
exact_0392,raw_sha256,D2_set_a_artifact__201106220340,D2,dataset/archive (2)/set_a/artifact__201106220340.wav,,1.0,keep,byte-identical group; kept by the T17.6 priority rule
exact_0392,raw_sha256,HB_artifact_artifact__201106220340,heartbeat_sound,dataset/Heartbeat_Sound/artifact/artifact__201106220340.wav,D2_set_a_artifact__201106220340,1.0,drop,Heartbeat_Sound is a label helper and a full duplicate of set_a + set_b (T17.3)
exact_0393,raw_sha256,D2_set_a_artifact__201106221254,D2,dataset/archive (2)/set_a/artifact__201106221254.wav,,1.0,keep,byte-identical group; kept by the T17.6 priority rule
exact_0393,raw_sha256,HB_artifact_artifact__201106221254,heartbeat_sound,dataset/Heartbeat_Sound/artifact/artifact__201106221254.wav,D2_set_a_artifact__201106221254,1.0,drop,Heartbeat_Sound is a label helper and a full duplicate of set_a + set_b (T17.3)
exact_0394,raw_sha256,D2_set_a_extrahls__201101070953,D2,dataset/archive (2)/set_a/extrahls__201101070953.wav,,1.0,keep,byte-identical group; kept by the T17.6 priority rule
exact_0394,raw_sha256,HB_extrahls_extrahls__201101070953,heartbeat_sound,dataset/Heartbeat_Sound/extrahls/extrahls__201101070953.wav,D2_set_a_extrahls__201101070953,1.0,drop,Heartbeat_Sound is a label helper and a full duplicate of set_a + set_b (T17.3)
exact_0395,raw_sha256,D2_set_a_extrahls__201101091153,D2,dataset/archive (2)/set_a/extrahls__201101091153.wav,,1.0,keep,byte-identical group; kept by the T17.6 priority rule
exact_0395,raw_sha256,HB_extrahls_extrahls__201101091153,heartbeat_sound,dataset/Heartbeat_Sound/extrahls/extrahls__201101091153.wav,D2_set_a_extrahls__201101091153,1.0,drop,Heartbeat_Sound is a label helper and a full duplicate of set_a + set_b (T17.3)
exact_0396,raw_sha256,D2_set_a_extrahls__201101152255,D2,dataset/archive (2)/set_a/extrahls__201101152255.wav,,1.0,keep,byte-identical group; kept by the T17.6 priority rule
exact_0396,raw_sha256,HB_extrahls_extrahls__201101152255,heartbeat_sound,dataset/Heartbeat_Sound/extrahls/extrahls__201101152255.wav,D2_set_a_extrahls__201101152255,1.0,drop,Heartbeat_Sound is a label helper and a full duplicate of set_a + set_b (T17.3)
exact_0397,raw_sha256,D2_set_a_extrahls__201101160804,D2,dataset/archive (2)/set_a/extrahls__201101160804.wav,,1.0,keep,byte-identical group; kept by the T17.6 priority rule
exact_0397,raw_sha256,HB_extrahls_extrahls__201101160804,heartbeat_sound,dataset/Heartbeat_Sound/extrahls/extrahls__201101160804.wav,D2_set_a_extrahls__201101160804,1.0,drop,Heartbeat_Sound is a label helper and a full duplicate of set_a + set_b (T17.3)
exact_0398,raw_sha256,D2_set_a_extrahls__201101160808,D2,dataset/archive (2)/set_a/extrahls__201101160808.wav,,1.0,keep,byte-identical group; kept by the T17.6 priority rule
exact_0398,raw_sha256,HB_extrahls_extrahls__201101160808,heartbeat_sound,dataset/Heartbeat_Sound/extrahls/extrahls__201101160808.wav,D2_set_a_extrahls__201101160808,1.0,drop,Heartbeat_Sound is a label helper and a full duplicate of set_a + set_b (T17.3)
exact_0399,raw_sha256,D2_set_a_extrahls__201101161027,D2,dataset/archive (2)/set_a/extrahls__201101161027.wav,,1.0,keep,byte-identical group; kept by the T17.6 priority rule
exact_0399,raw_sha256,HB_extrahls_extrahls__201101161027,heartbeat_sound,dataset/Heartbeat_Sound/extrahls/extrahls__201101161027.wav,D2_set_a_extrahls__201101161027,1.0,drop,Heartbeat_Sound is a label helper and a full duplicate of set_a + set_b (T17.3)
exact_0400,raw_sha256,D2_set_a_extrahls__201101241423,D2,dataset/archive (2)/set_a/extrahls__201101241423.wav,,1.0,keep,byte-identical group; kept by the T17.6 priority rule
exact_0400,raw_sha256,HB_extrahls_extrahls__201101241423,heartbeat_sound,dataset/Heartbeat_Sound/extrahls/extrahls__201101241423.wav,D2_set_a_extrahls__201101241423,1.0,drop,Heartbeat_Sound is a label helper and a full duplicate of set_a + set_b (T17.3)
exact_0401,raw_sha256,D2_set_a_extrahls__201101241433,D2,dataset/archive (2)/set_a/extrahls__201101241433.wav,,1.0,keep,byte-identical group; kept by the T17.6 priority rule
exact_0401,raw_sha256,HB_extrahls_extrahls__201101241433,heartbeat_sound,dataset/Heartbeat_Sound/extrahls/extrahls__201101241433.wav,D2_set_a_extrahls__201101241433,1.0,drop,Heartbeat_Sound is a label helper and a full duplicate of set_a + set_b (T17.3)
exact_0402,raw_sha256,D2_set_a_extrahls__201102070251,D2,dataset/archive (2)/set_a/extrahls__201102070251.wav,,1.0,keep,byte-identical group; kept by the T17.6 priority rule
exact_0402,raw_sha256,HB_extrahls_extrahls__201102070251,heartbeat_sound,dataset/Heartbeat_Sound/extrahls/extrahls__201102070251.wav,D2_set_a_extrahls__201102070251,1.0,drop,Heartbeat_Sound is a label helper and a full duplicate of set_a + set_b (T17.3)
exact_0403,raw_sha256,D2_set_a_extrahls__201102071835,D2,dataset/archive (2)/set_a/extrahls__201102071835.wav,,1.0,keep,byte-identical group; kept by the T17.6 priority rule
exact_0403,raw_sha256,HB_extrahls_extrahls__201102071835,heartbeat_sound,dataset/Heartbeat_Sound/extrahls/extrahls__201102071835.wav,D2_set_a_extrahls__201102071835,1.0,drop,Heartbeat_Sound is a label helper and a full duplicate of set_a + set_b (T17.3)
exact_0404,raw_sha256,D2_set_a_extrahls__201102241217,D2,dataset/archive (2)/set_a/extrahls__201102241217.wav,,1.0,keep,byte-identical group; kept by the T17.6 priority rule
exact_0404,raw_sha256,HB_extrahls_extrahls__201102241217,heartbeat_sound,dataset/Heartbeat_Sound/extrahls/extrahls__201102241217.wav,D2_set_a_extrahls__201102241217,1.0,drop,Heartbeat_Sound is a label helper and a full duplicate of set_a + set_b (T17.3)
exact_0405,raw_sha256,D2_set_a_extrahls__201103150114,D2,dataset/archive (2)/set_a/extrahls__201103150114.wav,,1.0,keep,byte-identical group; kept by the T17.6 priority rule
exact_0405,raw_sha256,HB_extrahls_extrahls__201103150114,heartbeat_sound,dataset/Heartbeat_Sound/extrahls/extrahls__201103150114.wav,D2_set_a_extrahls__201103150114,1.0,drop,Heartbeat_Sound is a label helper and a full duplicate of set_a + set_b (T17.3)
exact_0406,raw_sha256,D2_set_a_extrahls__201103170134,D2,dataset/archive (2)/set_a/extrahls__201103170134.wav,,1.0,keep,byte-identical group; kept by the T17.6 priority rule
exact_0406,raw_sha256,HB_extrahls_extrahls__201103170134,heartbeat_sound,dataset/Heartbeat_Sound/extrahls/extrahls__201103170134.wav,D2_set_a_extrahls__201103170134,1.0,drop,Heartbeat_Sound is a label helper and a full duplicate of set_a + set_b (T17.3)
exact_0407,raw_sha256,D2_set_a_extrahls__201103182227,D2,dataset/archive (2)/set_a/extrahls__201103182227.wav,,1.0,keep,byte-identical group; kept by the T17.6 priority rule
exact_0407,raw_sha256,HB_extrahls_extrahls__201103182227,heartbeat_sound,dataset/Heartbeat_Sound/extrahls/extrahls__201103182227.wav,D2_set_a_extrahls__201103182227,1.0,drop,Heartbeat_Sound is a label helper and a full duplicate of set_a + set_b (T17.3)
exact_0408,raw_sha256,D2_set_a_extrahls__201103200218,D2,dataset/archive (2)/set_a/extrahls__201103200218.wav,,1.0,keep,byte-identical group; kept by the T17.6 priority rule
exact_0408,raw_sha256,HB_extrahls_extrahls__201103200218,heartbeat_sound,dataset/Heartbeat_Sound/extrahls/extrahls__201103200218.wav,D2_set_a_extrahls__201103200218,1.0,drop,Heartbeat_Sound is a label helper and a full duplicate of set_a + set_b (T17.3)
exact_0409,raw_sha256,D2_set_a_extrahls__201104021355,D2,dataset/archive (2)/set_a/extrahls__201104021355.wav,,1.0,keep,byte-identical group; kept by the T17.6 priority rule
exact_0409,raw_sha256,HB_extrahls_extrahls__201104021355,heartbeat_sound,dataset/Heartbeat_Sound/extrahls/extrahls__201104021355.wav,D2_set_a_extrahls__201104021355,1.0,drop,Heartbeat_Sound is a label helper and a full duplicate of set_a + set_b (T17.3)
exact_0410,raw_sha256,D2_set_a_extrahls__201104140118,D2,dataset/archive (2)/set_a/extrahls__201104140118.wav,,1.0,keep,byte-identical group; kept by the T17.6 priority rule
exact_0410,raw_sha256,HB_extrahls_extrahls__201104140118,heartbeat_sound,dataset/Heartbeat_Sound/extrahls/extrahls__201104140118.wav,D2_set_a_extrahls__201104140118,1.0,drop,Heartbeat_Sound is a label helper and a full duplicate of set_a + set_b (T17.3)
exact_0411,raw_sha256,D2_set_a_extrahls__201104270458,D2,dataset/archive (2)/set_a/extrahls__201104270458.wav,,1.0,keep,byte-identical group; kept by the T17.6 priority rule
exact_0411,raw_sha256,HB_extrahls_extrahls__201104270458,heartbeat_sound,dataset/Heartbeat_Sound/extrahls/extrahls__201104270458.wav,D2_set_a_extrahls__201104270458,1.0,drop,Heartbeat_Sound is a label helper and a full duplicate of set_a + set_b (T17.3)
exact_0412,raw_sha256,D2_set_a_extrahls__201104270459,D2,dataset/archive (2)/set_a/extrahls__201104270459.wav,,1.0,keep,byte-identical group; kept by the T17.6 priority rule
exact_0412,raw_sha256,HB_extrahls_extrahls__201104270459,heartbeat_sound,dataset/Heartbeat_Sound/extrahls/extrahls__201104270459.wav,D2_set_a_extrahls__201104270459,1.0,drop,Heartbeat_Sound is a label helper and a full duplicate of set_a + set_b (T17.3)
exact_0413,raw_sha256,D2_set_a_murmur__201101051104,D2,dataset/archive (2)/set_a/murmur__201101051104.wav,,1.0,keep,byte-identical group; kept by the T17.6 priority rule
exact_0413,raw_sha256,HB_murmur_murmur__201101051104,heartbeat_sound,dataset/Heartbeat_Sound/murmur/murmur__201101051104.wav,D2_set_a_murmur__201101051104,1.0,drop,Heartbeat_Sound is a label helper and a full duplicate of set_a + set_b (T17.3)
exact_0414,raw_sha256,D2_set_a_murmur__201101051108,D2,dataset/archive (2)/set_a/murmur__201101051108.wav,,1.0,keep,byte-identical group; kept by the T17.6 priority rule
exact_0414,raw_sha256,HB_murmur_murmur__201101051108,heartbeat_sound,dataset/Heartbeat_Sound/murmur/murmur__201101051108.wav,D2_set_a_murmur__201101051108,1.0,drop,Heartbeat_Sound is a label helper and a full duplicate of set_a + set_b (T17.3)
exact_0415,raw_sha256,D2_set_a_murmur__201101051114,D2,dataset/archive (2)/set_a/murmur__201101051114.wav,,1.0,keep,byte-identical group; kept by the T17.6 priority rule
exact_0415,raw_sha256,HB_murmur_murmur__201101051114,heartbeat_sound,dataset/Heartbeat_Sound/murmur/murmur__201101051114.wav,D2_set_a_murmur__201101051114,1.0,drop,Heartbeat_Sound is a label helper and a full duplicate of set_a + set_b (T17.3)
exact_0416,raw_sha256,D2_set_a_murmur__201101180902,D2,dataset/archive (2)/set_a/murmur__201101180902.wav,,1.0,keep,byte-identical group; kept by the T17.6 priority rule
exact_0416,raw_sha256,HB_murmur_murmur__201101180902,heartbeat_sound,dataset/Heartbeat_Sound/murmur/murmur__201101180902.wav,D2_set_a_murmur__201101180902,1.0,drop,Heartbeat_Sound is a label helper and a full duplicate of set_a + set_b (T17.3)
exact_0417,raw_sha256,D2_set_a_murmur__201102051443,D2,dataset/archive (2)/set_a/murmur__201102051443.wav,,1.0,keep,byte-identical group; kept by the T17.6 priority rule
exact_0417,raw_sha256,HB_murmur_murmur__201102051443,heartbeat_sound,dataset/Heartbeat_Sound/murmur/murmur__201102051443.wav,D2_set_a_murmur__201102051443,1.0,drop,Heartbeat_Sound is a label helper and a full duplicate of set_a + set_b (T17.3)
exact_0418,raw_sha256,D2_set_a_murmur__201102052338,D2,dataset/archive (2)/set_a/murmur__201102052338.wav,,1.0,keep,byte-identical group; kept by the T17.6 priority rule
exact_0418,raw_sha256,HB_murmur_murmur__201102052338,heartbeat_sound,dataset/Heartbeat_Sound/murmur/murmur__201102052338.wav,D2_set_a_murmur__201102052338,1.0,drop,Heartbeat_Sound is a label helper and a full duplicate of set_a + set_b (T17.3)
exact_0419,raw_sha256,D2_set_a_murmur__201103291548,D2,dataset/archive (2)/set_a/murmur__201103291548.wav,,1.0,keep,byte-identical group; kept by the T17.6 priority rule
exact_0419,raw_sha256,HB_murmur_murmur__201103291548,heartbeat_sound,dataset/Heartbeat_Sound/murmur/murmur__201103291548.wav,D2_set_a_murmur__201103291548,1.0,drop,Heartbeat_Sound is a label helper and a full duplicate of set_a + set_b (T17.3)
exact_0420,raw_sha256,D2_set_a_murmur__201104021355,D2,dataset/archive (2)/set_a/murmur__201104021355.wav,,1.0,keep,byte-identical group; kept by the T17.6 priority rule
exact_0420,raw_sha256,HB_murmur_murmur__201104021355,heartbeat_sound,dataset/Heartbeat_Sound/murmur/murmur__201104021355.wav,D2_set_a_murmur__201104021355,1.0,drop,Heartbeat_Sound is a label helper and a full duplicate of set_a + set_b (T17.3)
exact_0421,raw_sha256,D2_set_a_murmur__201104241315,D2,dataset/archive (2)/set_a/murmur__201104241315.wav,,1.0,keep,byte-identical group; kept by the T17.6 priority rule
exact_0421,raw_sha256,HB_murmur_murmur__201104241315,heartbeat_sound,dataset/Heartbeat_Sound/murmur/murmur__201104241315.wav,D2_set_a_murmur__201104241315,1.0,drop,Heartbeat_Sound is a label helper and a full duplicate of set_a + set_b (T17.3)
exact_0422,raw_sha256,D2_set_a_murmur__201104291843,D2,dataset/archive (2)/set_a/murmur__201104291843.wav,,1.0,keep,byte-identical group; kept by the T17.6 priority rule
exact_0422,raw_sha256,HB_murmur_murmur__201104291843,heartbeat_sound,dataset/Heartbeat_Sound/murmur/murmur__201104291843.wav,D2_set_a_murmur__201104291843,1.0,drop,Heartbeat_Sound is a label helper and a full duplicate of set_a + set_b (T17.3)
exact_0423,raw_sha256,D2_set_a_murmur__201106141148,D2,dataset/archive (2)/set_a/murmur__201106141148.wav,,1.0,keep,byte-identical group; kept by the T17.6 priority rule
exact_0423,raw_sha256,HB_murmur_murmur__201106141148,heartbeat_sound,dataset/Heartbeat_Sound/murmur/murmur__201106141148.wav,D2_set_a_murmur__201106141148,1.0,drop,Heartbeat_Sound is a label helper and a full duplicate of set_a + set_b (T17.3)
exact_0424,raw_sha256,D2_set_a_murmur__201108222221,D2,dataset/archive (2)/set_a/murmur__201108222221.wav,,1.0,keep,byte-identical group; kept by the T17.6 priority rule
exact_0424,raw_sha256,HB_murmur_murmur__201108222221,heartbeat_sound,dataset/Heartbeat_Sound/murmur/murmur__201108222221.wav,D2_set_a_murmur__201108222221,1.0,drop,Heartbeat_Sound is a label helper and a full duplicate of set_a + set_b (T17.3)
exact_0425,raw_sha256,D2_set_a_murmur__201108222223,D2,dataset/archive (2)/set_a/murmur__201108222223.wav,,1.0,keep,byte-identical group; kept by the T17.6 priority rule
exact_0425,raw_sha256,HB_murmur_murmur__201108222223,heartbeat_sound,dataset/Heartbeat_Sound/murmur/murmur__201108222223.wav,D2_set_a_murmur__201108222223,1.0,drop,Heartbeat_Sound is a label helper and a full duplicate of set_a + set_b (T17.3)
exact_0426,raw_sha256,D2_set_a_murmur__201108222224,D2,dataset/archive (2)/set_a/murmur__201108222224.wav,,1.0,keep,byte-identical group; kept by the T17.6 priority rule
exact_0426,raw_sha256,HB_murmur_murmur__201108222224,heartbeat_sound,dataset/Heartbeat_Sound/murmur/murmur__201108222224.wav,D2_set_a_murmur__201108222224,1.0,drop,Heartbeat_Sound is a label helper and a full duplicate of set_a + set_b (T17.3)
exact_0427,raw_sha256,D2_set_a_murmur__201108222226,D2,dataset/archive (2)/set_a/murmur__201108222226.wav,,1.0,keep,byte-identical group; kept by the T17.6 priority rule
exact_0427,raw_sha256,HB_murmur_murmur__201108222226,heartbeat_sound,dataset/Heartbeat_Sound/murmur/murmur__201108222226.wav,D2_set_a_murmur__201108222226,1.0,drop,Heartbeat_Sound is a label helper and a full duplicate of set_a + set_b (T17.3)
exact_0428,raw_sha256,D2_set_a_murmur__201108222227,D2,dataset/archive (2)/set_a/murmur__201108222227.wav,,1.0,keep,byte-identical group; kept by the T17.6 priority rule
exact_0428,raw_sha256,HB_murmur_murmur__201108222227,heartbeat_sound,dataset/Heartbeat_Sound/murmur/murmur__201108222227.wav,D2_set_a_murmur__201108222227,1.0,drop,Heartbeat_Sound is a label helper and a full duplicate of set_a + set_b (T17.3)
exact_0429,raw_sha256,D2_set_a_murmur__201108222231,D2,dataset/archive (2)/set_a/murmur__201108222231.wav,,1.0,keep,byte-identical group; kept by the T17.6 priority rule
exact_0429,raw_sha256,HB_murmur_murmur__201108222231,heartbeat_sound,dataset/Heartbeat_Sound/murmur/murmur__201108222231.wav,D2_set_a_murmur__201108222231,1.0,drop,Heartbeat_Sound is a label helper and a full duplicate of set_a + set_b (T17.3)
exact_0430,raw_sha256,D2_set_a_murmur__201108222232,D2,dataset/archive (2)/set_a/murmur__201108222232.wav,,1.0,keep,byte-identical group; kept by the T17.6 priority rule
exact_0430,raw_sha256,HB_murmur_murmur__201108222232,heartbeat_sound,dataset/Heartbeat_Sound/murmur/murmur__201108222232.wav,D2_set_a_murmur__201108222232,1.0,drop,Heartbeat_Sound is a label helper and a full duplicate of set_a + set_b (T17.3)
exact_0431,raw_sha256,D2_set_a_murmur__201108222233,D2,dataset/archive (2)/set_a/murmur__201108222233.wav,,1.0,keep,byte-identical group; kept by the T17.6 priority rule
exact_0431,raw_sha256,HB_murmur_murmur__201108222233,heartbeat_sound,dataset/Heartbeat_Sound/murmur/murmur__201108222233.wav,D2_set_a_murmur__201108222233,1.0,drop,Heartbeat_Sound is a label helper and a full duplicate of set_a + set_b (T17.3)
exact_0432,raw_sha256,D2_set_a_murmur__201108222235,D2,dataset/archive (2)/set_a/murmur__201108222235.wav,,1.0,keep,byte-identical group; kept by the T17.6 priority rule
exact_0432,raw_sha256,HB_murmur_murmur__201108222235,heartbeat_sound,dataset/Heartbeat_Sound/murmur/murmur__201108222235.wav,D2_set_a_murmur__201108222235,1.0,drop,Heartbeat_Sound is a label helper and a full duplicate of set_a + set_b (T17.3)
exact_0433,raw_sha256,D2_set_a_murmur__201108222236,D2,dataset/archive (2)/set_a/murmur__201108222236.wav,,1.0,keep,byte-identical group; kept by the T17.6 priority rule
exact_0433,raw_sha256,HB_murmur_murmur__201108222236,heartbeat_sound,dataset/Heartbeat_Sound/murmur/murmur__201108222236.wav,D2_set_a_murmur__201108222236,1.0,drop,Heartbeat_Sound is a label helper and a full duplicate of set_a + set_b (T17.3)
exact_0434,raw_sha256,D2_set_a_murmur__201108222237,D2,dataset/archive (2)/set_a/murmur__201108222237.wav,,1.0,keep,byte-identical group; kept by the T17.6 priority rule
exact_0434,raw_sha256,HB_murmur_murmur__201108222237,heartbeat_sound,dataset/Heartbeat_Sound/murmur/murmur__201108222237.wav,D2_set_a_murmur__201108222237,1.0,drop,Heartbeat_Sound is a label helper and a full duplicate of set_a + set_b (T17.3)
exact_0435,raw_sha256,D2_set_a_murmur__201108222238,D2,dataset/archive (2)/set_a/murmur__201108222238.wav,,1.0,keep,byte-identical group; kept by the T17.6 priority rule
exact_0435,raw_sha256,HB_murmur_murmur__201108222238,heartbeat_sound,dataset/Heartbeat_Sound/murmur/murmur__201108222238.wav,D2_set_a_murmur__201108222238,1.0,drop,Heartbeat_Sound is a label helper and a full duplicate of set_a + set_b (T17.3)
exact_0436,raw_sha256,D2_set_a_murmur__201108222242,D2,dataset/archive (2)/set_a/murmur__201108222242.wav,,1.0,keep,byte-identical group; kept by the T17.6 priority rule
exact_0436,raw_sha256,HB_murmur_murmur__201108222242,heartbeat_sound,dataset/Heartbeat_Sound/murmur/murmur__201108222242.wav,D2_set_a_murmur__201108222242,1.0,drop,Heartbeat_Sound is a label helper and a full duplicate of set_a + set_b (T17.3)
exact_0437,raw_sha256,D2_set_a_murmur__201108222243,D2,dataset/archive (2)/set_a/murmur__201108222243.wav,,1.0,keep,byte-identical group; kept by the T17.6 priority rule
exact_0437,raw_sha256,HB_murmur_murmur__201108222243,heartbeat_sound,dataset/Heartbeat_Sound/murmur/murmur__201108222243.wav,D2_set_a_murmur__201108222243,1.0,drop,Heartbeat_Sound is a label helper and a full duplicate of set_a + set_b (T17.3)
exact_0438,raw_sha256,D2_set_a_murmur__201108222245,D2,dataset/archive (2)/set_a/murmur__201108222245.wav,,1.0,keep,byte-identical group; kept by the T17.6 priority rule
exact_0438,raw_sha256,HB_murmur_murmur__201108222245,heartbeat_sound,dataset/Heartbeat_Sound/murmur/murmur__201108222245.wav,D2_set_a_murmur__201108222245,1.0,drop,Heartbeat_Sound is a label helper and a full duplicate of set_a + set_b (T17.3)
exact_0439,raw_sha256,D2_set_a_murmur__201108222246,D2,dataset/archive (2)/set_a/murmur__201108222246.wav,,1.0,keep,byte-identical group; kept by the T17.6 priority rule
exact_0439,raw_sha256,HB_murmur_murmur__201108222246,heartbeat_sound,dataset/Heartbeat_Sound/murmur/murmur__201108222246.wav,D2_set_a_murmur__201108222246,1.0,drop,Heartbeat_Sound is a label helper and a full duplicate of set_a + set_b (T17.3)
exact_0440,raw_sha256,D2_set_a_murmur__201108222248,D2,dataset/archive (2)/set_a/murmur__201108222248.wav,,1.0,keep,byte-identical group; kept by the T17.6 priority rule
exact_0440,raw_sha256,HB_murmur_murmur__201108222248,heartbeat_sound,dataset/Heartbeat_Sound/murmur/murmur__201108222248.wav,D2_set_a_murmur__201108222248,1.0,drop,Heartbeat_Sound is a label helper and a full duplicate of set_a + set_b (T17.3)
exact_0441,raw_sha256,D2_set_a_murmur__201108222251,D2,dataset/archive (2)/set_a/murmur__201108222251.wav,,1.0,keep,byte-identical group; kept by the T17.6 priority rule
exact_0441,raw_sha256,HB_murmur_murmur__201108222251,heartbeat_sound,dataset/Heartbeat_Sound/murmur/murmur__201108222251.wav,D2_set_a_murmur__201108222251,1.0,drop,Heartbeat_Sound is a label helper and a full duplicate of set_a + set_b (T17.3)
exact_0442,raw_sha256,D2_set_a_murmur__201108222252,D2,dataset/archive (2)/set_a/murmur__201108222252.wav,,1.0,keep,byte-identical group; kept by the T17.6 priority rule
exact_0442,raw_sha256,HB_murmur_murmur__201108222252,heartbeat_sound,dataset/Heartbeat_Sound/murmur/murmur__201108222252.wav,D2_set_a_murmur__201108222252,1.0,drop,Heartbeat_Sound is a label helper and a full duplicate of set_a + set_b (T17.3)
exact_0443,raw_sha256,D2_set_a_murmur__201108222253,D2,dataset/archive (2)/set_a/murmur__201108222253.wav,,1.0,keep,byte-identical group; kept by the T17.6 priority rule
exact_0443,raw_sha256,HB_murmur_murmur__201108222253,heartbeat_sound,dataset/Heartbeat_Sound/murmur/murmur__201108222253.wav,D2_set_a_murmur__201108222253,1.0,drop,Heartbeat_Sound is a label helper and a full duplicate of set_a + set_b (T17.3)
exact_0444,raw_sha256,D2_set_a_murmur__201108222255,D2,dataset/archive (2)/set_a/murmur__201108222255.wav,,1.0,keep,byte-identical group; kept by the T17.6 priority rule
exact_0444,raw_sha256,HB_murmur_murmur__201108222255,heartbeat_sound,dataset/Heartbeat_Sound/murmur/murmur__201108222255.wav,D2_set_a_murmur__201108222255,1.0,drop,Heartbeat_Sound is a label helper and a full duplicate of set_a + set_b (T17.3)
exact_0445,raw_sha256,D2_set_a_murmur__201108222256,D2,dataset/archive (2)/set_a/murmur__201108222256.wav,,1.0,keep,byte-identical group; kept by the T17.6 priority rule
exact_0445,raw_sha256,HB_murmur_murmur__201108222256,heartbeat_sound,dataset/Heartbeat_Sound/murmur/murmur__201108222256.wav,D2_set_a_murmur__201108222256,1.0,drop,Heartbeat_Sound is a label helper and a full duplicate of set_a + set_b (T17.3)
exact_0446,raw_sha256,D2_set_a_murmur__201108222258,D2,dataset/archive (2)/set_a/murmur__201108222258.wav,,1.0,keep,byte-identical group; kept by the T17.6 priority rule
exact_0446,raw_sha256,HB_murmur_murmur__201108222258,heartbeat_sound,dataset/Heartbeat_Sound/murmur/murmur__201108222258.wav,D2_set_a_murmur__201108222258,1.0,drop,Heartbeat_Sound is a label helper and a full duplicate of set_a + set_b (T17.3)
exact_0447,raw_sha256,D2_set_a_normal__201101070538,D2,dataset/archive (2)/set_a/normal__201101070538.wav,,1.0,keep,byte-identical group; kept by the T17.6 priority rule
exact_0447,raw_sha256,HB_normal_normal__201101070538,heartbeat_sound,dataset/Heartbeat_Sound/normal/normal__201101070538.wav,D2_set_a_normal__201101070538,1.0,drop,Heartbeat_Sound is a label helper and a full duplicate of set_a + set_b (T17.3)
exact_0448,raw_sha256,D2_set_a_normal__201101151127,D2,dataset/archive (2)/set_a/normal__201101151127.wav,,1.0,keep,byte-identical group; kept by the T17.6 priority rule
exact_0448,raw_sha256,HB_normal_normal__201101151127,heartbeat_sound,dataset/Heartbeat_Sound/normal/normal__201101151127.wav,D2_set_a_normal__201101151127,1.0,drop,Heartbeat_Sound is a label helper and a full duplicate of set_a + set_b (T17.3)
exact_0449,raw_sha256,D2_set_a_normal__201102081152,D2,dataset/archive (2)/set_a/normal__201102081152.wav,,1.0,keep,byte-identical group; kept by the T17.6 priority rule
exact_0449,raw_sha256,HB_normal_normal__201102081152,heartbeat_sound,dataset/Heartbeat_Sound/normal/normal__201102081152.wav,D2_set_a_normal__201102081152,1.0,drop,Heartbeat_Sound is a label helper and a full duplicate of set_a + set_b (T17.3)
exact_0450,raw_sha256,D2_set_a_normal__201102081321,D2,dataset/archive (2)/set_a/normal__201102081321.wav,,1.0,keep,byte-identical group; kept by the T17.6 priority rule
exact_0450,raw_sha256,HB_normal_normal__201102081321,heartbeat_sound,dataset/Heartbeat_Sound/normal/normal__201102081321.wav,D2_set_a_normal__201102081321,1.0,drop,Heartbeat_Sound is a label helper and a full duplicate of set_a + set_b (T17.3)
exact_0451,raw_sha256,D2_set_a_normal__201102201230,D2,dataset/archive (2)/set_a/normal__201102201230.wav,,1.0,keep,byte-identical group; kept by the T17.6 priority rule
exact_0451,raw_sha256,HB_normal_normal__201102201230,heartbeat_sound,dataset/Heartbeat_Sound/normal/normal__201102201230.wav,D2_set_a_normal__201102201230,1.0,drop,Heartbeat_Sound is a label helper and a full duplicate of set_a + set_b (T17.3)
exact_0452,raw_sha256,D2_set_a_normal__201102260502,D2,dataset/archive (2)/set_a/normal__201102260502.wav,,1.0,keep,byte-identical group; kept by the T17.6 priority rule
exact_0452,raw_sha256,HB_normal_normal__201102260502,heartbeat_sound,dataset/Heartbeat_Sound/normal/normal__201102260502.wav,D2_set_a_normal__201102260502,1.0,drop,Heartbeat_Sound is a label helper and a full duplicate of set_a + set_b (T17.3)
exact_0453,raw_sha256,D2_set_a_normal__201102270940,D2,dataset/archive (2)/set_a/normal__201102270940.wav,,1.0,keep,byte-identical group; kept by the T17.6 priority rule
exact_0453,raw_sha256,HB_normal_normal__201102270940,heartbeat_sound,dataset/Heartbeat_Sound/normal/normal__201102270940.wav,D2_set_a_normal__201102270940,1.0,drop,Heartbeat_Sound is a label helper and a full duplicate of set_a + set_b (T17.3)
exact_0454,raw_sha256,D2_set_a_normal__201103090635,D2,dataset/archive (2)/set_a/normal__201103090635.wav,,1.0,keep,byte-identical group; kept by the T17.6 priority rule
exact_0454,raw_sha256,HB_normal_normal__201103090635,heartbeat_sound,dataset/Heartbeat_Sound/normal/normal__201103090635.wav,D2_set_a_normal__201103090635,1.0,drop,Heartbeat_Sound is a label helper and a full duplicate of set_a + set_b (T17.3)
exact_0455,raw_sha256,D2_set_a_normal__201103101140,D2,dataset/archive (2)/set_a/normal__201103101140.wav,,1.0,keep,byte-identical group; kept by the T17.6 priority rule
exact_0455,raw_sha256,HB_normal_normal__201103101140,heartbeat_sound,dataset/Heartbeat_Sound/normal/normal__201103101140.wav,D2_set_a_normal__201103101140,1.0,drop,Heartbeat_Sound is a label helper and a full duplicate of set_a + set_b (T17.3)
exact_0456,raw_sha256,D2_set_a_normal__201103140132,D2,dataset/archive (2)/set_a/normal__201103140132.wav,,1.0,keep,byte-identical group; kept by the T17.6 priority rule
exact_0456,raw_sha256,HB_normal_normal__201103140132,heartbeat_sound,dataset/Heartbeat_Sound/normal/normal__201103140132.wav,D2_set_a_normal__201103140132,1.0,drop,Heartbeat_Sound is a label helper and a full duplicate of set_a + set_b (T17.3)
exact_0457,raw_sha256,D2_set_a_normal__201103140135,D2,dataset/archive (2)/set_a/normal__201103140135.wav,,1.0,keep,byte-identical group; kept by the T17.6 priority rule
exact_0457,raw_sha256,HB_normal_normal__201103140135,heartbeat_sound,dataset/Heartbeat_Sound/normal/normal__201103140135.wav,D2_set_a_normal__201103140135,1.0,drop,Heartbeat_Sound is a label helper and a full duplicate of set_a + set_b (T17.3)
exact_0458,raw_sha256,D2_set_a_normal__201103140822,D2,dataset/archive (2)/set_a/normal__201103140822.wav,,1.0,keep,byte-identical group; kept by the T17.6 priority rule
exact_0458,raw_sha256,HB_normal_normal__201103140822,heartbeat_sound,dataset/Heartbeat_Sound/normal/normal__201103140822.wav,D2_set_a_normal__201103140822,1.0,drop,Heartbeat_Sound is a label helper and a full duplicate of set_a + set_b (T17.3)
exact_0459,raw_sha256,D2_set_a_normal__201103151912,D2,dataset/archive (2)/set_a/normal__201103151912.wav,,1.0,keep,byte-identical group; kept by the T17.6 priority rule
exact_0459,raw_sha256,HB_normal_normal__201103151912,heartbeat_sound,dataset/Heartbeat_Sound/normal/normal__201103151912.wav,D2_set_a_normal__201103151912,1.0,drop,Heartbeat_Sound is a label helper and a full duplicate of set_a + set_b (T17.3)
exact_0460,raw_sha256,D2_set_a_normal__201103170121,D2,dataset/archive (2)/set_a/normal__201103170121.wav,,1.0,keep,byte-identical group; kept by the T17.6 priority rule
exact_0460,raw_sha256,HB_normal_normal__201103170121,heartbeat_sound,dataset/Heartbeat_Sound/normal/normal__201103170121.wav,D2_set_a_normal__201103170121,1.0,drop,Heartbeat_Sound is a label helper and a full duplicate of set_a + set_b (T17.3)
exact_0461,raw_sha256,D2_set_a_normal__201103221214,D2,dataset/archive (2)/set_a/normal__201103221214.wav,,1.0,keep,byte-identical group; kept by the T17.6 priority rule
exact_0461,raw_sha256,HB_normal_normal__201103221214,heartbeat_sound,dataset/Heartbeat_Sound/normal/normal__201103221214.wav,D2_set_a_normal__201103221214,1.0,drop,Heartbeat_Sound is a label helper and a full duplicate of set_a + set_b (T17.3)
exact_0462,raw_sha256,D2_set_a_normal__201104122156,D2,dataset/archive (2)/set_a/normal__201104122156.wav,,1.0,keep,byte-identical group; kept by the T17.6 priority rule
exact_0462,raw_sha256,HB_normal_normal__201104122156,heartbeat_sound,dataset/Heartbeat_Sound/normal/normal__201104122156.wav,D2_set_a_normal__201104122156,1.0,drop,Heartbeat_Sound is a label helper and a full duplicate of set_a + set_b (T17.3)
exact_0463,raw_sha256,D2_set_a_normal__201104141251,D2,dataset/archive (2)/set_a/normal__201104141251.wav,,1.0,keep,byte-identical group; kept by the T17.6 priority rule
exact_0463,raw_sha256,HB_normal_normal__201104141251,heartbeat_sound,dataset/Heartbeat_Sound/normal/normal__201104141251.wav,D2_set_a_normal__201104141251,1.0,drop,Heartbeat_Sound is a label helper and a full duplicate of set_a + set_b (T17.3)
exact_0464,raw_sha256,D2_set_a_normal__201105011626,D2,dataset/archive (2)/set_a/normal__201105011626.wav,,1.0,keep,byte-identical group; kept by the T17.6 priority rule
exact_0464,raw_sha256,HB_normal_normal__201105011626,heartbeat_sound,dataset/Heartbeat_Sound/normal/normal__201105011626.wav,D2_set_a_normal__201105011626,1.0,drop,Heartbeat_Sound is a label helper and a full duplicate of set_a + set_b (T17.3)
exact_0465,raw_sha256,D2_set_a_normal__201105021654,D2,dataset/archive (2)/set_a/normal__201105021654.wav,,1.0,keep,byte-identical group; kept by the T17.6 priority rule
exact_0465,raw_sha256,HB_normal_normal__201105021654,heartbeat_sound,dataset/Heartbeat_Sound/normal/normal__201105021654.wav,D2_set_a_normal__201105021654,1.0,drop,Heartbeat_Sound is a label helper and a full duplicate of set_a + set_b (T17.3)
exact_0466,raw_sha256,D2_set_a_normal__201105021804,D2,dataset/archive (2)/set_a/normal__201105021804.wav,,1.0,keep,byte-identical group; kept by the T17.6 priority rule
exact_0466,raw_sha256,HB_normal_normal__201105021804,heartbeat_sound,dataset/Heartbeat_Sound/normal/normal__201105021804.wav,D2_set_a_normal__201105021804,1.0,drop,Heartbeat_Sound is a label helper and a full duplicate of set_a + set_b (T17.3)
exact_0467,raw_sha256,D2_set_a_normal__201105151450,D2,dataset/archive (2)/set_a/normal__201105151450.wav,,1.0,keep,byte-identical group; kept by the T17.6 priority rule
exact_0467,raw_sha256,HB_normal_normal__201105151450,heartbeat_sound,dataset/Heartbeat_Sound/normal/normal__201105151450.wav,D2_set_a_normal__201105151450,1.0,drop,Heartbeat_Sound is a label helper and a full duplicate of set_a + set_b (T17.3)
exact_0468,raw_sha256,D2_set_a_normal__201106111136,D2,dataset/archive (2)/set_a/normal__201106111136.wav,,1.0,keep,byte-identical group; kept by the T17.6 priority rule
exact_0468,raw_sha256,HB_normal_normal__201106111136,heartbeat_sound,dataset/Heartbeat_Sound/normal/normal__201106111136.wav,D2_set_a_normal__201106111136,1.0,drop,Heartbeat_Sound is a label helper and a full duplicate of set_a + set_b (T17.3)
exact_0469,raw_sha256,D2_set_a_normal__201106141148,D2,dataset/archive (2)/set_a/normal__201106141148.wav,,1.0,keep,byte-identical group; kept by the T17.6 priority rule
exact_0469,raw_sha256,HB_normal_normal__201106141148,heartbeat_sound,dataset/Heartbeat_Sound/normal/normal__201106141148.wav,D2_set_a_normal__201106141148,1.0,drop,Heartbeat_Sound is a label helper and a full duplicate of set_a + set_b (T17.3)
exact_0470,raw_sha256,D2_set_a_normal__201106151236,D2,dataset/archive (2)/set_a/normal__201106151236.wav,,1.0,keep,byte-identical group; kept by the T17.6 priority rule
exact_0470,raw_sha256,HB_normal_normal__201106151236,heartbeat_sound,dataset/Heartbeat_Sound/normal/normal__201106151236.wav,D2_set_a_normal__201106151236,1.0,drop,Heartbeat_Sound is a label helper and a full duplicate of set_a + set_b (T17.3)
exact_0471,raw_sha256,D2_set_a_normal__201106210943,D2,dataset/archive (2)/set_a/normal__201106210943.wav,,1.0,keep,byte-identical group; kept by the T17.6 priority rule
exact_0471,raw_sha256,HB_normal_normal__201106210943,heartbeat_sound,dataset/Heartbeat_Sound/normal/normal__201106210943.wav,D2_set_a_normal__201106210943,1.0,drop,Heartbeat_Sound is a label helper and a full duplicate of set_a + set_b (T17.3)
exact_0472,raw_sha256,D2_set_a_normal__201106221418,D2,dataset/archive (2)/set_a/normal__201106221418.wav,,1.0,keep,byte-identical group; kept by the T17.6 priority rule
exact_0472,raw_sha256,HB_normal_normal__201106221418,heartbeat_sound,dataset/Heartbeat_Sound/normal/normal__201106221418.wav,D2_set_a_normal__201106221418,1.0,drop,Heartbeat_Sound is a label helper and a full duplicate of set_a + set_b (T17.3)
exact_0473,raw_sha256,D2_set_a_normal__201106221450,D2,dataset/archive (2)/set_a/normal__201106221450.wav,,1.0,keep,byte-identical group; kept by the T17.6 priority rule
exact_0473,raw_sha256,HB_normal_normal__201106221450,heartbeat_sound,dataset/Heartbeat_Sound/normal/normal__201106221450.wav,D2_set_a_normal__201106221450,1.0,drop,Heartbeat_Sound is a label helper and a full duplicate of set_a + set_b (T17.3)
exact_0474,raw_sha256,D2_set_a_normal__201108011112,D2,dataset/archive (2)/set_a/normal__201108011112.wav,,1.0,keep,byte-identical group; kept by the T17.6 priority rule
exact_0474,raw_sha256,HB_normal_normal__201108011112,heartbeat_sound,dataset/Heartbeat_Sound/normal/normal__201108011112.wav,D2_set_a_normal__201108011112,1.0,drop,Heartbeat_Sound is a label helper and a full duplicate of set_a + set_b (T17.3)
exact_0475,raw_sha256,D2_set_a_normal__201108011114,D2,dataset/archive (2)/set_a/normal__201108011114.wav,,1.0,keep,byte-identical group; kept by the T17.6 priority rule
exact_0475,raw_sha256,HB_normal_normal__201108011114,heartbeat_sound,dataset/Heartbeat_Sound/normal/normal__201108011114.wav,D2_set_a_normal__201108011114,1.0,drop,Heartbeat_Sound is a label helper and a full duplicate of set_a + set_b (T17.3)
exact_0476,raw_sha256,D2_set_a_normal__201108011115,D2,dataset/archive (2)/set_a/normal__201108011115.wav,,1.0,keep,byte-identical group; kept by the T17.6 priority rule
exact_0476,raw_sha256,HB_normal_normal__201108011115,heartbeat_sound,dataset/Heartbeat_Sound/normal/normal__201108011115.wav,D2_set_a_normal__201108011115,1.0,drop,Heartbeat_Sound is a label helper and a full duplicate of set_a + set_b (T17.3)
exact_0477,raw_sha256,D2_set_a_normal__201108011118,D2,dataset/archive (2)/set_a/normal__201108011118.wav,,1.0,keep,byte-identical group; kept by the T17.6 priority rule
exact_0477,raw_sha256,HB_normal_normal__201108011118,heartbeat_sound,dataset/Heartbeat_Sound/normal/normal__201108011118.wav,D2_set_a_normal__201108011118,1.0,drop,Heartbeat_Sound is a label helper and a full duplicate of set_a + set_b (T17.3)
exact_0478,raw_sha256,D3_set_b_Bunlabelledtest__101_1305030823364_A,D3,dataset/archive (2)/set_b/Bunlabelledtest__101_1305030823364_A.wav,,1.0,keep,byte-identical group; kept by the T17.6 priority rule
exact_0478,raw_sha256,HB_unlabel_Bunlabelledtest__101_1305030823364_A,heartbeat_sound,dataset/Heartbeat_Sound/unlabel/Bunlabelledtest__101_1305030823364_A.wav,D3_set_b_Bunlabelledtest__101_1305030823364_A,1.0,drop,Heartbeat_Sound is a label helper and a full duplicate of set_a + set_b (T17.3)
exact_0479,raw_sha256,D3_set_b_Bunlabelledtest__101_1305030823364_D,D3,dataset/archive (2)/set_b/Bunlabelledtest__101_1305030823364_D.wav,,1.0,keep,byte-identical group; kept by the T17.6 priority rule
exact_0479,raw_sha256,HB_unlabel_Bunlabelledtest__101_1305030823364_D,heartbeat_sound,dataset/Heartbeat_Sound/unlabel/Bunlabelledtest__101_1305030823364_D.wav,D3_set_b_Bunlabelledtest__101_1305030823364_D,1.0,drop,Heartbeat_Sound is a label helper and a full duplicate of set_a + set_b (T17.3)
exact_0480,raw_sha256,D3_set_b_Bunlabelledtest__101_1305030823364_F,D3,dataset/archive (2)/set_b/Bunlabelledtest__101_1305030823364_F.wav,,1.0,keep,byte-identical group; kept by the T17.6 priority rule
exact_0480,raw_sha256,HB_unlabel_Bunlabelledtest__101_1305030823364_F,heartbeat_sound,dataset/Heartbeat_Sound/unlabel/Bunlabelledtest__101_1305030823364_F.wav,D3_set_b_Bunlabelledtest__101_1305030823364_F,1.0,drop,Heartbeat_Sound is a label helper and a full duplicate of set_a + set_b (T17.3)
exact_0481,raw_sha256,D3_set_b_Bunlabelledtest__103_1305031931979_A,D3,dataset/archive (2)/set_b/Bunlabelledtest__103_1305031931979_A.wav,,1.0,keep,byte-identical group; kept by the T17.6 priority rule
exact_0481,raw_sha256,HB_unlabel_Bunlabelledtest__103_1305031931979_A,heartbeat_sound,dataset/Heartbeat_Sound/unlabel/Bunlabelledtest__103_1305031931979_A.wav,D3_set_b_Bunlabelledtest__103_1305031931979_A,1.0,drop,Heartbeat_Sound is a label helper and a full duplicate of set_a + set_b (T17.3)
exact_0482,raw_sha256,D3_set_b_Bunlabelledtest__103_1305031931979_C,D3,dataset/archive (2)/set_b/Bunlabelledtest__103_1305031931979_C.wav,,1.0,keep,byte-identical group; kept by the T17.6 priority rule
exact_0482,raw_sha256,HB_unlabel_Bunlabelledtest__103_1305031931979_C,heartbeat_sound,dataset/Heartbeat_Sound/unlabel/Bunlabelledtest__103_1305031931979_C.wav,D3_set_b_Bunlabelledtest__103_1305031931979_C,1.0,drop,Heartbeat_Sound is a label helper and a full duplicate of set_a + set_b (T17.3)
exact_0483,raw_sha256,D3_set_b_Bunlabelledtest__105_1305033453095_B,D3,dataset/archive (2)/set_b/Bunlabelledtest__105_1305033453095_B.wav,,1.0,keep,byte-identical group; kept by the T17.6 priority rule
exact_0483,raw_sha256,HB_unlabel_Bunlabelledtest__105_1305033453095_B,heartbeat_sound,dataset/Heartbeat_Sound/unlabel/Bunlabelledtest__105_1305033453095_B.wav,D3_set_b_Bunlabelledtest__105_1305033453095_B,1.0,drop,Heartbeat_Sound is a label helper and a full duplicate of set_a + set_b (T17.3)
exact_0484,raw_sha256,D3_set_b_Bunlabelledtest__105_1305033453095_D,D3,dataset/archive (2)/set_b/Bunlabelledtest__105_1305033453095_D.wav,,1.0,keep,byte-identical group; kept by the T17.6 priority rule
exact_0484,raw_sha256,HB_unlabel_Bunlabelledtest__105_1305033453095_D,heartbeat_sound,dataset/Heartbeat_Sound/unlabel/Bunlabelledtest__105_1305033453095_D.wav,D3_set_b_Bunlabelledtest__105_1305033453095_D,1.0,drop,Heartbeat_Sound is a label helper and a full duplicate of set_a + set_b (T17.3)
exact_0485,raw_sha256,D3_set_b_Bunlabelledtest__106_1306776721273_B,D3,dataset/archive (2)/set_b/Bunlabelledtest__106_1306776721273_B.wav,,1.0,keep,byte-identical group; kept by the T17.6 priority rule
exact_0485,raw_sha256,HB_unlabel_Bunlabelledtest__106_1306776721273_B,heartbeat_sound,dataset/Heartbeat_Sound/unlabel/Bunlabelledtest__106_1306776721273_B.wav,D3_set_b_Bunlabelledtest__106_1306776721273_B,1.0,drop,Heartbeat_Sound is a label helper and a full duplicate of set_a + set_b (T17.3)
exact_0486,raw_sha256,D3_set_b_Bunlabelledtest__106_1306776721273_D,D3,dataset/archive (2)/set_b/Bunlabelledtest__106_1306776721273_D.wav,,1.0,keep,byte-identical group; kept by the T17.6 priority rule
exact_0486,raw_sha256,HB_unlabel_Bunlabelledtest__106_1306776721273_D,heartbeat_sound,dataset/Heartbeat_Sound/unlabel/Bunlabelledtest__106_1306776721273_D.wav,D3_set_b_Bunlabelledtest__106_1306776721273_D,1.0,drop,Heartbeat_Sound is a label helper and a full duplicate of set_a + set_b (T17.3)
exact_0487,raw_sha256,D3_set_b_Bunlabelledtest__107_1305654946865_B,D3,dataset/archive (2)/set_b/Bunlabelledtest__107_1305654946865_B.wav,,1.0,keep,byte-identical group; kept by the T17.6 priority rule
exact_0487,raw_sha256,HB_unlabel_Bunlabelledtest__107_1305654946865_B,heartbeat_sound,dataset/Heartbeat_Sound/unlabel/Bunlabelledtest__107_1305654946865_B.wav,D3_set_b_Bunlabelledtest__107_1305654946865_B,1.0,drop,Heartbeat_Sound is a label helper and a full duplicate of set_a + set_b (T17.3)
exact_0488,raw_sha256,D3_set_b_Bunlabelledtest__107_1305654946865_D,D3,dataset/archive (2)/set_b/Bunlabelledtest__107_1305654946865_D.wav,,1.0,keep,byte-identical group; kept by the T17.6 priority rule
exact_0488,raw_sha256,HB_unlabel_Bunlabelledtest__107_1305654946865_D,heartbeat_sound,dataset/Heartbeat_Sound/unlabel/Bunlabelledtest__107_1305654946865_D.wav,D3_set_b_Bunlabelledtest__107_1305654946865_D,1.0,drop,Heartbeat_Sound is a label helper and a full duplicate of set_a + set_b (T17.3)
exact_0489,raw_sha256,D3_set_b_Bunlabelledtest__108_1305654420093_C,D3,dataset/archive (2)/set_b/Bunlabelledtest__108_1305654420093_C.wav,,1.0,keep,byte-identical group; kept by the T17.6 priority rule
exact_0489,raw_sha256,HB_unlabel_Bunlabelledtest__108_1305654420093_C,heartbeat_sound,dataset/Heartbeat_Sound/unlabel/Bunlabelledtest__108_1305654420093_C.wav,D3_set_b_Bunlabelledtest__108_1305654420093_C,1.0,drop,Heartbeat_Sound is a label helper and a full duplicate of set_a + set_b (T17.3)
exact_0490,raw_sha256,D3_set_b_Bunlabelledtest__109_1305653646620_B,D3,dataset/archive (2)/set_b/Bunlabelledtest__109_1305653646620_B.wav,,1.0,keep,byte-identical group; kept by the T17.6 priority rule
exact_0490,raw_sha256,HB_unlabel_Bunlabelledtest__109_1305653646620_B,heartbeat_sound,dataset/Heartbeat_Sound/unlabel/Bunlabelledtest__109_1305653646620_B.wav,D3_set_b_Bunlabelledtest__109_1305653646620_B,1.0,drop,Heartbeat_Sound is a label helper and a full duplicate of set_a + set_b (T17.3)
exact_0491,raw_sha256,D3_set_b_Bunlabelledtest__109_1305653646620_D,D3,dataset/archive (2)/set_b/Bunlabelledtest__109_1305653646620_D.wav,,1.0,keep,byte-identical group; kept by the T17.6 priority rule
exact_0491,raw_sha256,HB_unlabel_Bunlabelledtest__109_1305653646620_D,heartbeat_sound,dataset/Heartbeat_Sound/unlabel/Bunlabelledtest__109_1305653646620_D.wav,D3_set_b_Bunlabelledtest__109_1305653646620_D,1.0,drop,Heartbeat_Sound is a label helper and a full duplicate of set_a + set_b (T17.3)
exact_0492,raw_sha256,D3_set_b_Bunlabelledtest__109_1305653972028_B,D3,dataset/archive (2)/set_b/Bunlabelledtest__109_1305653972028_B.wav,,1.0,keep,byte-identical group; kept by the T17.6 priority rule
exact_0492,raw_sha256,HB_unlabel_Bunlabelledtest__109_1305653972028_B,heartbeat_sound,dataset/Heartbeat_Sound/unlabel/Bunlabelledtest__109_1305653972028_B.wav,D3_set_b_Bunlabelledtest__109_1305653972028_B,1.0,drop,Heartbeat_Sound is a label helper and a full duplicate of set_a + set_b (T17.3)
exact_0493,raw_sha256,D3_set_b_Bunlabelledtest__109_1305653972028_D,D3,dataset/archive (2)/set_b/Bunlabelledtest__109_1305653972028_D.wav,,1.0,keep,byte-identical group; kept by the T17.6 priority rule
exact_0493,raw_sha256,HB_unlabel_Bunlabelledtest__109_1305653972028_D,heartbeat_sound,dataset/Heartbeat_Sound/unlabel/Bunlabelledtest__109_1305653972028_D.wav,D3_set_b_Bunlabelledtest__109_1305653972028_D,1.0,drop,Heartbeat_Sound is a label helper and a full duplicate of set_a + set_b (T17.3)
exact_0494,raw_sha256,D3_set_b_Bunlabelledtest__110_1305655332337_D,D3,dataset/archive (2)/set_b/Bunlabelledtest__110_1305655332337_D.wav,,1.0,keep,byte-identical group; kept by the T17.6 priority rule
exact_0494,raw_sha256,HB_unlabel_Bunlabelledtest__110_1305655332337_D,heartbeat_sound,dataset/Heartbeat_Sound/unlabel/Bunlabelledtest__110_1305655332337_D.wav,D3_set_b_Bunlabelledtest__110_1305655332337_D,1.0,drop,Heartbeat_Sound is a label helper and a full duplicate of set_a + set_b (T17.3)
exact_0495,raw_sha256,D3_set_b_Bunlabelledtest__112_1306243000964_C,D3,dataset/archive (2)/set_b/Bunlabelledtest__112_1306243000964_C.wav,,1.0,keep,byte-identical group; kept by the T17.6 priority rule
exact_0495,raw_sha256,HB_unlabel_Bunlabelledtest__112_1306243000964_C,heartbeat_sound,dataset/Heartbeat_Sound/unlabel/Bunlabelledtest__112_1306243000964_C.wav,D3_set_b_Bunlabelledtest__112_1306243000964_C,1.0,drop,Heartbeat_Sound is a label helper and a full duplicate of set_a + set_b (T17.3)
exact_0496,raw_sha256,D3_set_b_Bunlabelledtest__113_1306244002866_C,D3,dataset/archive (2)/set_b/Bunlabelledtest__113_1306244002866_C.wav,,1.0,keep,byte-identical group; kept by the T17.6 priority rule
exact_0496,raw_sha256,HB_unlabel_Bunlabelledtest__113_1306244002866_C,heartbeat_sound,dataset/Heartbeat_Sound/unlabel/Bunlabelledtest__113_1306244002866_C.wav,D3_set_b_Bunlabelledtest__113_1306244002866_C,1.0,drop,Heartbeat_Sound is a label helper and a full duplicate of set_a + set_b (T17.3)
exact_0497,raw_sha256,D3_set_b_Bunlabelledtest__115_1306259437619_D,D3,dataset/archive (2)/set_b/Bunlabelledtest__115_1306259437619_D.wav,,1.0,keep,byte-identical group; kept by the T17.6 priority rule
exact_0497,raw_sha256,HB_unlabel_Bunlabelledtest__115_1306259437619_D,heartbeat_sound,dataset/Heartbeat_Sound/unlabel/Bunlabelledtest__115_1306259437619_D.wav,D3_set_b_Bunlabelledtest__115_1306259437619_D,1.0,drop,Heartbeat_Sound is a label helper and a full duplicate of set_a + set_b (T17.3)
exact_0498,raw_sha256,D3_set_b_Bunlabelledtest__116_1306258689913_B,D3,dataset/archive (2)/set_b/Bunlabelledtest__116_1306258689913_B.wav,,1.0,keep,byte-identical group; kept by the T17.6 priority rule
exact_0498,raw_sha256,HB_unlabel_Bunlabelledtest__116_1306258689913_B,heartbeat_sound,dataset/Heartbeat_Sound/unlabel/Bunlabelledtest__116_1306258689913_B.wav,D3_set_b_Bunlabelledtest__116_1306258689913_B,1.0,drop,Heartbeat_Sound is a label helper and a full duplicate of set_a + set_b (T17.3)
exact_0499,raw_sha256,D3_set_b_Bunlabelledtest__117_1306262456650_B1,D3,dataset/archive (2)/set_b/Bunlabelledtest__117_1306262456650_B1.wav,,1.0,keep,byte-identical group; kept by the T17.6 priority rule
exact_0499,raw_sha256,HB_unlabel_Bunlabelledtest__117_1306262456650_B1,heartbeat_sound,dataset/Heartbeat_Sound/unlabel/Bunlabelledtest__117_1306262456650_B1.wav,D3_set_b_Bunlabelledtest__117_1306262456650_B1,1.0,drop,Heartbeat_Sound is a label helper and a full duplicate of set_a + set_b (T17.3)
exact_0500,raw_sha256,D3_set_b_Bunlabelledtest__118_1306262335509_A,D3,dataset/archive (2)/set_b/Bunlabelledtest__118_1306262335509_A.wav,,1.0,keep,byte-identical group; kept by the T17.6 priority rule
exact_0500,raw_sha256,HB_unlabel_Bunlabelledtest__118_1306262335509_A,heartbeat_sound,dataset/Heartbeat_Sound/unlabel/Bunlabelledtest__118_1306262335509_A.wav,D3_set_b_Bunlabelledtest__118_1306262335509_A,1.0,drop,Heartbeat_Sound is a label helper and a full duplicate of set_a + set_b (T17.3)
exact_0501,raw_sha256,D3_set_b_Bunlabelledtest__118_1306262335509_A1,D3,dataset/archive (2)/set_b/Bunlabelledtest__118_1306262335509_A1.wav,,1.0,keep,byte-identical group; kept by the T17.6 priority rule
exact_0501,raw_sha256,HB_unlabel_Bunlabelledtest__118_1306262335509_A1,heartbeat_sound,dataset/Heartbeat_Sound/unlabel/Bunlabelledtest__118_1306262335509_A1.wav,D3_set_b_Bunlabelledtest__118_1306262335509_A1,1.0,drop,Heartbeat_Sound is a label helper and a full duplicate of set_a + set_b (T17.3)
exact_0502,raw_sha256,D3_set_b_Bunlabelledtest__118_1306262335509_C2,D3,dataset/archive (2)/set_b/Bunlabelledtest__118_1306262335509_C2.wav,,1.0,keep,byte-identical group; kept by the T17.6 priority rule
exact_0502,raw_sha256,HB_unlabel_Bunlabelledtest__118_1306262335509_C2,heartbeat_sound,dataset/Heartbeat_Sound/unlabel/Bunlabelledtest__118_1306262335509_C2.wav,D3_set_b_Bunlabelledtest__118_1306262335509_C2,1.0,drop,Heartbeat_Sound is a label helper and a full duplicate of set_a + set_b (T17.3)
exact_0503,raw_sha256,D3_set_b_Bunlabelledtest__121_1306263877235_B,D3,dataset/archive (2)/set_b/Bunlabelledtest__121_1306263877235_B.wav,,1.0,keep,byte-identical group; kept by the T17.6 priority rule
exact_0503,raw_sha256,HB_unlabel_Bunlabelledtest__121_1306263877235_B,heartbeat_sound,dataset/Heartbeat_Sound/unlabel/Bunlabelledtest__121_1306263877235_B.wav,D3_set_b_Bunlabelledtest__121_1306263877235_B,1.0,drop,Heartbeat_Sound is a label helper and a full duplicate of set_a + set_b (T17.3)
exact_0504,raw_sha256,D3_set_b_Bunlabelledtest__122_1306325762831_A,D3,dataset/archive (2)/set_b/Bunlabelledtest__122_1306325762831_A.wav,,1.0,keep,byte-identical group; kept by the T17.6 priority rule
exact_0504,raw_sha256,HB_unlabel_Bunlabelledtest__122_1306325762831_A,heartbeat_sound,dataset/Heartbeat_Sound/unlabel/Bunlabelledtest__122_1306325762831_A.wav,D3_set_b_Bunlabelledtest__122_1306325762831_A,1.0,drop,Heartbeat_Sound is a label helper and a full duplicate of set_a + set_b (T17.3)
exact_0505,raw_sha256,D3_set_b_Bunlabelledtest__122_1306325762831_B,D3,dataset/archive (2)/set_b/Bunlabelledtest__122_1306325762831_B.wav,,1.0,keep,byte-identical group; kept by the T17.6 priority rule
exact_0505,raw_sha256,HB_unlabel_Bunlabelledtest__122_1306325762831_B,heartbeat_sound,dataset/Heartbeat_Sound/unlabel/Bunlabelledtest__122_1306325762831_B.wav,D3_set_b_Bunlabelledtest__122_1306325762831_B,1.0,drop,Heartbeat_Sound is a label helper and a full duplicate of set_a + set_b (T17.3)
exact_0506,raw_sha256,D3_set_b_Bunlabelledtest__123_1306331925797_A,D3,dataset/archive (2)/set_b/Bunlabelledtest__123_1306331925797_A.wav,,1.0,keep,byte-identical group; kept by the T17.6 priority rule
exact_0506,raw_sha256,HB_unlabel_Bunlabelledtest__123_1306331925797_A,heartbeat_sound,dataset/Heartbeat_Sound/unlabel/Bunlabelledtest__123_1306331925797_A.wav,D3_set_b_Bunlabelledtest__123_1306331925797_A,1.0,drop,Heartbeat_Sound is a label helper and a full duplicate of set_a + set_b (T17.3)
exact_0507,raw_sha256,D3_set_b_Bunlabelledtest__123_1306331925797_D,D3,dataset/archive (2)/set_b/Bunlabelledtest__123_1306331925797_D.wav,,1.0,keep,byte-identical group; kept by the T17.6 priority rule
exact_0507,raw_sha256,HB_unlabel_Bunlabelledtest__123_1306331925797_D,heartbeat_sound,dataset/Heartbeat_Sound/unlabel/Bunlabelledtest__123_1306331925797_D.wav,D3_set_b_Bunlabelledtest__123_1306331925797_D,1.0,drop,Heartbeat_Sound is a label helper and a full duplicate of set_a + set_b (T17.3)
exact_0508,raw_sha256,D3_set_b_Bunlabelledtest__125_1306332456645_B2,D3,dataset/archive (2)/set_b/Bunlabelledtest__125_1306332456645_B2.wav,,1.0,keep,byte-identical group; kept by the T17.6 priority rule
exact_0508,raw_sha256,HB_unlabel_Bunlabelledtest__125_1306332456645_B2,heartbeat_sound,dataset/Heartbeat_Sound/unlabel/Bunlabelledtest__125_1306332456645_B2.wav,D3_set_b_Bunlabelledtest__125_1306332456645_B2,1.0,drop,Heartbeat_Sound is a label helper and a full duplicate of set_a + set_b (T17.3)
exact_0509,raw_sha256,D3_set_b_Bunlabelledtest__126_1306777102824_C1,D3,dataset/archive (2)/set_b/Bunlabelledtest__126_1306777102824_C1.wav,,1.0,keep,byte-identical group; kept by the T17.6 priority rule
exact_0509,raw_sha256,HB_unlabel_Bunlabelledtest__126_1306777102824_C1,heartbeat_sound,dataset/Heartbeat_Sound/unlabel/Bunlabelledtest__126_1306777102824_C1.wav,D3_set_b_Bunlabelledtest__126_1306777102824_C1,1.0,drop,Heartbeat_Sound is a label helper and a full duplicate of set_a + set_b (T17.3)
exact_0510,raw_sha256,D3_set_b_Bunlabelledtest__126_1306777102824_D1,D3,dataset/archive (2)/set_b/Bunlabelledtest__126_1306777102824_D1.wav,,1.0,keep,byte-identical group; kept by the T17.6 priority rule
exact_0510,raw_sha256,HB_unlabel_Bunlabelledtest__126_1306777102824_D1,heartbeat_sound,dataset/Heartbeat_Sound/unlabel/Bunlabelledtest__126_1306777102824_D1.wav,D3_set_b_Bunlabelledtest__126_1306777102824_D1,1.0,drop,Heartbeat_Sound is a label helper and a full duplicate of set_a + set_b (T17.3)
exact_0511,raw_sha256,D3_set_b_Bunlabelledtest__127_1306764300147_D,D3,dataset/archive (2)/set_b/Bunlabelledtest__127_1306764300147_D.wav,,1.0,keep,byte-identical group; kept by the T17.6 priority rule
exact_0511,raw_sha256,HB_unlabel_Bunlabelledtest__127_1306764300147_D,heartbeat_sound,dataset/Heartbeat_Sound/unlabel/Bunlabelledtest__127_1306764300147_D.wav,D3_set_b_Bunlabelledtest__127_1306764300147_D,1.0,drop,Heartbeat_Sound is a label helper and a full duplicate of set_a + set_b (T17.3)
exact_0512,raw_sha256,D3_set_b_Bunlabelledtest__128_1306344005749_C,D3,dataset/archive (2)/set_b/Bunlabelledtest__128_1306344005749_C.wav,,1.0,keep,byte-identical group; kept by the T17.6 priority rule
exact_0512,raw_sha256,HB_unlabel_Bunlabelledtest__128_1306344005749_C,heartbeat_sound,dataset/Heartbeat_Sound/unlabel/Bunlabelledtest__128_1306344005749_C.wav,D3_set_b_Bunlabelledtest__128_1306344005749_C,1.0,drop,Heartbeat_Sound is a label helper and a full duplicate of set_a + set_b (T17.3)
exact_0513,raw_sha256,D3_set_b_Bunlabelledtest__129_1306344506305_B,D3,dataset/archive (2)/set_b/Bunlabelledtest__129_1306344506305_B.wav,,1.0,keep,byte-identical group; kept by the T17.6 priority rule
exact_0513,raw_sha256,HB_unlabel_Bunlabelledtest__129_1306344506305_B,heartbeat_sound,dataset/Heartbeat_Sound/unlabel/Bunlabelledtest__129_1306344506305_B.wav,D3_set_b_Bunlabelledtest__129_1306344506305_B,1.0,drop,Heartbeat_Sound is a label helper and a full duplicate of set_a + set_b (T17.3)
exact_0514,raw_sha256,D3_set_b_Bunlabelledtest__130_1306347376079_A,D3,dataset/archive (2)/set_b/Bunlabelledtest__130_1306347376079_A.wav,,1.0,keep,byte-identical group; kept by the T17.6 priority rule
exact_0514,raw_sha256,HB_unlabel_Bunlabelledtest__130_1306347376079_A,heartbeat_sound,dataset/Heartbeat_Sound/unlabel/Bunlabelledtest__130_1306347376079_A.wav,D3_set_b_Bunlabelledtest__130_1306347376079_A,1.0,drop,Heartbeat_Sound is a label helper and a full duplicate of set_a + set_b (T17.3)
exact_0515,raw_sha256,D3_set_b_Bunlabelledtest__132_1306758754432_A,D3,dataset/archive (2)/set_b/Bunlabelledtest__132_1306758754432_A.wav,,1.0,keep,byte-identical group; kept by the T17.6 priority rule
exact_0515,raw_sha256,HB_unlabel_Bunlabelledtest__132_1306758754432_A,heartbeat_sound,dataset/Heartbeat_Sound/unlabel/Bunlabelledtest__132_1306758754432_A.wav,D3_set_b_Bunlabelledtest__132_1306758754432_A,1.0,drop,Heartbeat_Sound is a label helper and a full duplicate of set_a + set_b (T17.3)
exact_0516,raw_sha256,D3_set_b_Bunlabelledtest__132_1306758754432_B,D3,dataset/archive (2)/set_b/Bunlabelledtest__132_1306758754432_B.wav,,1.0,keep,byte-identical group; kept by the T17.6 priority rule
exact_0516,raw_sha256,HB_unlabel_Bunlabelledtest__132_1306758754432_B,heartbeat_sound,dataset/Heartbeat_Sound/unlabel/Bunlabelledtest__132_1306758754432_B.wav,D3_set_b_Bunlabelledtest__132_1306758754432_B,1.0,drop,Heartbeat_Sound is a label helper and a full duplicate of set_a + set_b (T17.3)
exact_0517,raw_sha256,D3_set_b_Bunlabelledtest__132_1306758754432_D,D3,dataset/archive (2)/set_b/Bunlabelledtest__132_1306758754432_D.wav,,1.0,keep,byte-identical group; kept by the T17.6 priority rule
exact_0517,raw_sha256,HB_unlabel_Bunlabelledtest__132_1306758754432_D,heartbeat_sound,dataset/Heartbeat_Sound/unlabel/Bunlabelledtest__132_1306758754432_D.wav,D3_set_b_Bunlabelledtest__132_1306758754432_D,1.0,drop,Heartbeat_Sound is a label helper and a full duplicate of set_a + set_b (T17.3)
exact_0518,raw_sha256,D3_set_b_Bunlabelledtest__134_1306428161797_A,D3,dataset/archive (2)/set_b/Bunlabelledtest__134_1306428161797_A.wav,,1.0,keep,byte-identical group; kept by the T17.6 priority rule
exact_0518,raw_sha256,HB_unlabel_Bunlabelledtest__134_1306428161797_A,heartbeat_sound,dataset/Heartbeat_Sound/unlabel/Bunlabelledtest__134_1306428161797_A.wav,D3_set_b_Bunlabelledtest__134_1306428161797_A,1.0,drop,Heartbeat_Sound is a label helper and a full duplicate of set_a + set_b (T17.3)
exact_0519,raw_sha256,D3_set_b_Bunlabelledtest__134_1306428161797_B,D3,dataset/archive (2)/set_b/Bunlabelledtest__134_1306428161797_B.wav,,1.0,keep,byte-identical group; kept by the T17.6 priority rule
exact_0519,raw_sha256,HB_unlabel_Bunlabelledtest__134_1306428161797_B,heartbeat_sound,dataset/Heartbeat_Sound/unlabel/Bunlabelledtest__134_1306428161797_B.wav,D3_set_b_Bunlabelledtest__134_1306428161797_B,1.0,drop,Heartbeat_Sound is a label helper and a full duplicate of set_a + set_b (T17.3)
exact_0520,raw_sha256,D3_set_b_Bunlabelledtest__135_1306428972976_D,D3,dataset/archive (2)/set_b/Bunlabelledtest__135_1306428972976_D.wav,,1.0,keep,byte-identical group; kept by the T17.6 priority rule
exact_0520,raw_sha256,HB_unlabel_Bunlabelledtest__135_1306428972976_D,heartbeat_sound,dataset/Heartbeat_Sound/unlabel/Bunlabelledtest__135_1306428972976_D.wav,D3_set_b_Bunlabelledtest__135_1306428972976_D,1.0,drop,Heartbeat_Sound is a label helper and a full duplicate of set_a + set_b (T17.3)
exact_0521,raw_sha256,D3_set_b_Bunlabelledtest__136_1306429977501_A,D3,dataset/archive (2)/set_b/Bunlabelledtest__136_1306429977501_A.wav,,1.0,keep,byte-identical group; kept by the T17.6 priority rule
exact_0521,raw_sha256,HB_unlabel_Bunlabelledtest__136_1306429977501_A,heartbeat_sound,dataset/Heartbeat_Sound/unlabel/Bunlabelledtest__136_1306429977501_A.wav,D3_set_b_Bunlabelledtest__136_1306429977501_A,1.0,drop,Heartbeat_Sound is a label helper and a full duplicate of set_a + set_b (T17.3)
exact_0522,raw_sha256,D3_set_b_Bunlabelledtest__136_1306429977501_D,D3,dataset/archive (2)/set_b/Bunlabelledtest__136_1306429977501_D.wav,,1.0,keep,byte-identical group; kept by the T17.6 priority rule
exact_0522,raw_sha256,HB_unlabel_Bunlabelledtest__136_1306429977501_D,heartbeat_sound,dataset/Heartbeat_Sound/unlabel/Bunlabelledtest__136_1306429977501_D.wav,D3_set_b_Bunlabelledtest__136_1306429977501_D,1.0,drop,Heartbeat_Sound is a label helper and a full duplicate of set_a + set_b (T17.3)
exact_0523,raw_sha256,D3_set_b_Bunlabelledtest__137_1306764999211_A,D3,dataset/archive (2)/set_b/Bunlabelledtest__137_1306764999211_A.wav,,1.0,keep,byte-identical group; kept by the T17.6 priority rule
exact_0523,raw_sha256,HB_unlabel_Bunlabelledtest__137_1306764999211_A,heartbeat_sound,dataset/Heartbeat_Sound/unlabel/Bunlabelledtest__137_1306764999211_A.wav,D3_set_b_Bunlabelledtest__137_1306764999211_A,1.0,drop,Heartbeat_Sound is a label helper and a full duplicate of set_a + set_b (T17.3)
exact_0524,raw_sha256,D3_set_b_Bunlabelledtest__137_1306764999211_B1,D3,dataset/archive (2)/set_b/Bunlabelledtest__137_1306764999211_B1.wav,,1.0,keep,byte-identical group; kept by the T17.6 priority rule
exact_0524,raw_sha256,HB_unlabel_Bunlabelledtest__137_1306764999211_B1,heartbeat_sound,dataset/Heartbeat_Sound/unlabel/Bunlabelledtest__137_1306764999211_B1.wav,D3_set_b_Bunlabelledtest__137_1306764999211_B1,1.0,drop,Heartbeat_Sound is a label helper and a full duplicate of set_a + set_b (T17.3)
exact_0525,raw_sha256,D3_set_b_Bunlabelledtest__137_1306764999211_D2,D3,dataset/archive (2)/set_b/Bunlabelledtest__137_1306764999211_D2.wav,,1.0,keep,byte-identical group; kept by the T17.6 priority rule
exact_0525,raw_sha256,HB_unlabel_Bunlabelledtest__137_1306764999211_D2,heartbeat_sound,dataset/Heartbeat_Sound/unlabel/Bunlabelledtest__137_1306764999211_D2.wav,D3_set_b_Bunlabelledtest__137_1306764999211_D2,1.0,drop,Heartbeat_Sound is a label helper and a full duplicate of set_a + set_b (T17.3)
exact_0526,raw_sha256,D3_set_b_Bunlabelledtest__138_1306762146980_C,D3,dataset/archive (2)/set_b/Bunlabelledtest__138_1306762146980_C.wav,,1.0,keep,byte-identical group; kept by the T17.6 priority rule
exact_0526,raw_sha256,HB_unlabel_Bunlabelledtest__138_1306762146980_C,heartbeat_sound,dataset/Heartbeat_Sound/unlabel/Bunlabelledtest__138_1306762146980_C.wav,D3_set_b_Bunlabelledtest__138_1306762146980_C,1.0,drop,Heartbeat_Sound is a label helper and a full duplicate of set_a + set_b (T17.3)
exact_0527,raw_sha256,D3_set_b_Bunlabelledtest__139_1306519274653_B,D3,dataset/archive (2)/set_b/Bunlabelledtest__139_1306519274653_B.wav,,1.0,keep,byte-identical group; kept by the T17.6 priority rule
exact_0527,raw_sha256,HB_unlabel_Bunlabelledtest__139_1306519274653_B,heartbeat_sound,dataset/Heartbeat_Sound/unlabel/Bunlabelledtest__139_1306519274653_B.wav,D3_set_b_Bunlabelledtest__139_1306519274653_B,1.0,drop,Heartbeat_Sound is a label helper and a full duplicate of set_a + set_b (T17.3)
exact_0528,raw_sha256,D3_set_b_Bunlabelledtest__139_1306519274653_C,D3,dataset/archive (2)/set_b/Bunlabelledtest__139_1306519274653_C.wav,,1.0,keep,byte-identical group; kept by the T17.6 priority rule
exact_0528,raw_sha256,HB_unlabel_Bunlabelledtest__139_1306519274653_C,heartbeat_sound,dataset/Heartbeat_Sound/unlabel/Bunlabelledtest__139_1306519274653_C.wav,D3_set_b_Bunlabelledtest__139_1306519274653_C,1.0,drop,Heartbeat_Sound is a label helper and a full duplicate of set_a + set_b (T17.3)
exact_0529,raw_sha256,D3_set_b_Bunlabelledtest__141_1306520154450_A,D3,dataset/archive (2)/set_b/Bunlabelledtest__141_1306520154450_A.wav,,1.0,keep,byte-identical group; kept by the T17.6 priority rule
exact_0529,raw_sha256,HB_unlabel_Bunlabelledtest__141_1306520154450_A,heartbeat_sound,dataset/Heartbeat_Sound/unlabel/Bunlabelledtest__141_1306520154450_A.wav,D3_set_b_Bunlabelledtest__141_1306520154450_A,1.0,drop,Heartbeat_Sound is a label helper and a full duplicate of set_a + set_b (T17.3)
exact_0530,raw_sha256,D3_set_b_Bunlabelledtest__141_1306520154450_D,D3,dataset/archive (2)/set_b/Bunlabelledtest__141_1306520154450_D.wav,,1.0,keep,byte-identical group; kept by the T17.6 priority rule
exact_0530,raw_sha256,HB_unlabel_Bunlabelledtest__141_1306520154450_D,heartbeat_sound,dataset/Heartbeat_Sound/unlabel/Bunlabelledtest__141_1306520154450_D.wav,D3_set_b_Bunlabelledtest__141_1306520154450_D,1.0,drop,Heartbeat_Sound is a label helper and a full duplicate of set_a + set_b (T17.3)
exact_0531,raw_sha256,D3_set_b_Bunlabelledtest__142_1306763049574_C,D3,dataset/archive (2)/set_b/Bunlabelledtest__142_1306763049574_C.wav,,1.0,keep,byte-identical group; kept by the T17.6 priority rule
exact_0531,raw_sha256,HB_unlabel_Bunlabelledtest__142_1306763049574_C,heartbeat_sound,dataset/Heartbeat_Sound/unlabel/Bunlabelledtest__142_1306763049574_C.wav,D3_set_b_Bunlabelledtest__142_1306763049574_C,1.0,drop,Heartbeat_Sound is a label helper and a full duplicate of set_a + set_b (T17.3)
exact_0532,raw_sha256,D3_set_b_Bunlabelledtest__143_1306763822290_D,D3,dataset/archive (2)/set_b/Bunlabelledtest__143_1306763822290_D.wav,,1.0,keep,byte-identical group; kept by the T17.6 priority rule
exact_0532,raw_sha256,HB_unlabel_Bunlabelledtest__143_1306763822290_D,heartbeat_sound,dataset/Heartbeat_Sound/unlabel/Bunlabelledtest__143_1306763822290_D.wav,D3_set_b_Bunlabelledtest__143_1306763822290_D,1.0,drop,Heartbeat_Sound is a label helper and a full duplicate of set_a + set_b (T17.3)
exact_0533,raw_sha256,D3_set_b_Bunlabelledtest__144_1306522408528_A,D3,dataset/archive (2)/set_b/Bunlabelledtest__144_1306522408528_A.wav,,1.0,keep,byte-identical group; kept by the T17.6 priority rule
exact_0533,raw_sha256,HB_unlabel_Bunlabelledtest__144_1306522408528_A,heartbeat_sound,dataset/Heartbeat_Sound/unlabel/Bunlabelledtest__144_1306522408528_A.wav,D3_set_b_Bunlabelledtest__144_1306522408528_A,1.0,drop,Heartbeat_Sound is a label helper and a full duplicate of set_a + set_b (T17.3)
exact_0534,raw_sha256,D3_set_b_Bunlabelledtest__145_1307987561278_A,D3,dataset/archive (2)/set_b/Bunlabelledtest__145_1307987561278_A.wav,,1.0,keep,byte-identical group; kept by the T17.6 priority rule
exact_0534,raw_sha256,HB_unlabel_Bunlabelledtest__145_1307987561278_A,heartbeat_sound,dataset/Heartbeat_Sound/unlabel/Bunlabelledtest__145_1307987561278_A.wav,D3_set_b_Bunlabelledtest__145_1307987561278_A,1.0,drop,Heartbeat_Sound is a label helper and a full duplicate of set_a + set_b (T17.3)
exact_0535,raw_sha256,D3_set_b_Bunlabelledtest__145_1307987561278_D,D3,dataset/archive (2)/set_b/Bunlabelledtest__145_1307987561278_D.wav,,1.0,keep,byte-identical group; kept by the T17.6 priority rule
exact_0535,raw_sha256,HB_unlabel_Bunlabelledtest__145_1307987561278_D,heartbeat_sound,dataset/Heartbeat_Sound/unlabel/Bunlabelledtest__145_1307987561278_D.wav,D3_set_b_Bunlabelledtest__145_1307987561278_D,1.0,drop,Heartbeat_Sound is a label helper and a full duplicate of set_a + set_b (T17.3)
exact_0536,raw_sha256,D3_set_b_Bunlabelledtest__146_1306778707532_C,D3,dataset/archive (2)/set_b/Bunlabelledtest__146_1306778707532_C.wav,,1.0,keep,byte-identical group; kept by the T17.6 priority rule
exact_0536,raw_sha256,HB_unlabel_Bunlabelledtest__146_1306778707532_C,heartbeat_sound,dataset/Heartbeat_Sound/unlabel/Bunlabelledtest__146_1306778707532_C.wav,D3_set_b_Bunlabelledtest__146_1306778707532_C,1.0,drop,Heartbeat_Sound is a label helper and a full duplicate of set_a + set_b (T17.3)
exact_0537,raw_sha256,D3_set_b_Bunlabelledtest__146_1306778707532_D31,D3,dataset/archive (2)/set_b/Bunlabelledtest__146_1306778707532_D31.wav,,1.0,keep,byte-identical group; kept by the T17.6 priority rule
exact_0537,raw_sha256,HB_unlabel_Bunlabelledtest__146_1306778707532_D31,heartbeat_sound,dataset/Heartbeat_Sound/unlabel/Bunlabelledtest__146_1306778707532_D31.wav,D3_set_b_Bunlabelledtest__146_1306778707532_D31,1.0,drop,Heartbeat_Sound is a label helper and a full duplicate of set_a + set_b (T17.3)
exact_0538,raw_sha256,D3_set_b_Bunlabelledtest__147_1306523973811_D,D3,dataset/archive (2)/set_b/Bunlabelledtest__147_1306523973811_D.wav,,1.0,keep,byte-identical group; kept by the T17.6 priority rule
exact_0538,raw_sha256,HB_unlabel_Bunlabelledtest__147_1306523973811_D,heartbeat_sound,dataset/Heartbeat_Sound/unlabel/Bunlabelledtest__147_1306523973811_D.wav,D3_set_b_Bunlabelledtest__147_1306523973811_D,1.0,drop,Heartbeat_Sound is a label helper and a full duplicate of set_a + set_b (T17.3)
exact_0539,raw_sha256,D3_set_b_Bunlabelledtest__148_1306768801551_A,D3,dataset/archive (2)/set_b/Bunlabelledtest__148_1306768801551_A.wav,,1.0,keep,byte-identical group; kept by the T17.6 priority rule
exact_0539,raw_sha256,HB_unlabel_Bunlabelledtest__148_1306768801551_A,heartbeat_sound,dataset/Heartbeat_Sound/unlabel/Bunlabelledtest__148_1306768801551_A.wav,D3_set_b_Bunlabelledtest__148_1306768801551_A,1.0,drop,Heartbeat_Sound is a label helper and a full duplicate of set_a + set_b (T17.3)
exact_0540,raw_sha256,D3_set_b_Bunlabelledtest__148_1306768801551_C,D3,dataset/archive (2)/set_b/Bunlabelledtest__148_1306768801551_C.wav,,1.0,keep,byte-identical group; kept by the T17.6 priority rule
exact_0540,raw_sha256,HB_unlabel_Bunlabelledtest__148_1306768801551_C,heartbeat_sound,dataset/Heartbeat_Sound/unlabel/Bunlabelledtest__148_1306768801551_C.wav,D3_set_b_Bunlabelledtest__148_1306768801551_C,1.0,drop,Heartbeat_Sound is a label helper and a full duplicate of set_a + set_b (T17.3)
exact_0541,raw_sha256,D3_set_b_Bunlabelledtest__148_1306768801551_D,D3,dataset/archive (2)/set_b/Bunlabelledtest__148_1306768801551_D.wav,,1.0,keep,byte-identical group; kept by the T17.6 priority rule
exact_0541,raw_sha256,HB_unlabel_Bunlabelledtest__148_1306768801551_D,heartbeat_sound,dataset/Heartbeat_Sound/unlabel/Bunlabelledtest__148_1306768801551_D.wav,D3_set_b_Bunlabelledtest__148_1306768801551_D,1.0,drop,Heartbeat_Sound is a label helper and a full duplicate of set_a + set_b (T17.3)
exact_0542,raw_sha256,D3_set_b_Bunlabelledtest__149_1306776016110_C,D3,dataset/archive (2)/set_b/Bunlabelledtest__149_1306776016110_C.wav,,1.0,keep,byte-identical group; kept by the T17.6 priority rule
exact_0542,raw_sha256,HB_unlabel_Bunlabelledtest__149_1306776016110_C,heartbeat_sound,dataset/Heartbeat_Sound/unlabel/Bunlabelledtest__149_1306776016110_C.wav,D3_set_b_Bunlabelledtest__149_1306776016110_C,1.0,drop,Heartbeat_Sound is a label helper and a full duplicate of set_a + set_b (T17.3)
exact_0543,raw_sha256,D3_set_b_Bunlabelledtest__150_1306776340746_D,D3,dataset/archive (2)/set_b/Bunlabelledtest__150_1306776340746_D.wav,,1.0,keep,byte-identical group; kept by the T17.6 priority rule
exact_0543,raw_sha256,HB_unlabel_Bunlabelledtest__150_1306776340746_D,heartbeat_sound,dataset/Heartbeat_Sound/unlabel/Bunlabelledtest__150_1306776340746_D.wav,D3_set_b_Bunlabelledtest__150_1306776340746_D,1.0,drop,Heartbeat_Sound is a label helper and a full duplicate of set_a + set_b (T17.3)
exact_0544,raw_sha256,D3_set_b_Bunlabelledtest__151_1306779785624_A1,D3,dataset/archive (2)/set_b/Bunlabelledtest__151_1306779785624_A1.wav,,1.0,keep,byte-identical group; kept by the T17.6 priority rule
exact_0544,raw_sha256,HB_unlabel_Bunlabelledtest__151_1306779785624_A1,heartbeat_sound,dataset/Heartbeat_Sound/unlabel/Bunlabelledtest__151_1306779785624_A1.wav,D3_set_b_Bunlabelledtest__151_1306779785624_A1,1.0,drop,Heartbeat_Sound is a label helper and a full duplicate of set_a + set_b (T17.3)
exact_0545,raw_sha256,D3_set_b_Bunlabelledtest__152_1306779561195_B,D3,dataset/archive (2)/set_b/Bunlabelledtest__152_1306779561195_B.wav,,1.0,keep,byte-identical group; kept by the T17.6 priority rule
exact_0545,raw_sha256,HB_unlabel_Bunlabelledtest__152_1306779561195_B,heartbeat_sound,dataset/Heartbeat_Sound/unlabel/Bunlabelledtest__152_1306779561195_B.wav,D3_set_b_Bunlabelledtest__152_1306779561195_B,1.0,drop,Heartbeat_Sound is a label helper and a full duplicate of set_a + set_b (T17.3)
exact_0546,raw_sha256,D3_set_b_Bunlabelledtest__152_1306779561195_C,D3,dataset/archive (2)/set_b/Bunlabelledtest__152_1306779561195_C.wav,,1.0,keep,byte-identical group; kept by the T17.6 priority rule
exact_0546,raw_sha256,HB_unlabel_Bunlabelledtest__152_1306779561195_C,heartbeat_sound,dataset/Heartbeat_Sound/unlabel/Bunlabelledtest__152_1306779561195_C.wav,D3_set_b_Bunlabelledtest__152_1306779561195_C,1.0,drop,Heartbeat_Sound is a label helper and a full duplicate of set_a + set_b (T17.3)
exact_0547,raw_sha256,D3_set_b_Bunlabelledtest__152_1306779561195_D1,D3,dataset/archive (2)/set_b/Bunlabelledtest__152_1306779561195_D1.wav,,1.0,keep,byte-identical group; kept by the T17.6 priority rule
exact_0547,raw_sha256,HB_unlabel_Bunlabelledtest__152_1306779561195_D1,heartbeat_sound,dataset/Heartbeat_Sound/unlabel/Bunlabelledtest__152_1306779561195_D1.wav,D3_set_b_Bunlabelledtest__152_1306779561195_D1,1.0,drop,Heartbeat_Sound is a label helper and a full duplicate of set_a + set_b (T17.3)
exact_0548,raw_sha256,D3_set_b_Bunlabelledtest__153_1306848820671_D,D3,dataset/archive (2)/set_b/Bunlabelledtest__153_1306848820671_D.wav,,1.0,keep,byte-identical group; kept by the T17.6 priority rule
exact_0548,raw_sha256,HB_unlabel_Bunlabelledtest__153_1306848820671_D,heartbeat_sound,dataset/Heartbeat_Sound/unlabel/Bunlabelledtest__153_1306848820671_D.wav,D3_set_b_Bunlabelledtest__153_1306848820671_D,1.0,drop,Heartbeat_Sound is a label helper and a full duplicate of set_a + set_b (T17.3)
exact_0549,raw_sha256,D3_set_b_Bunlabelledtest__154_1306935608852_A,D3,dataset/archive (2)/set_b/Bunlabelledtest__154_1306935608852_A.wav,,1.0,keep,byte-identical group; kept by the T17.6 priority rule
exact_0549,raw_sha256,HB_unlabel_Bunlabelledtest__154_1306935608852_A,heartbeat_sound,dataset/Heartbeat_Sound/unlabel/Bunlabelledtest__154_1306935608852_A.wav,D3_set_b_Bunlabelledtest__154_1306935608852_A,1.0,drop,Heartbeat_Sound is a label helper and a full duplicate of set_a + set_b (T17.3)
exact_0550,raw_sha256,D3_set_b_Bunlabelledtest__154_1306935608852_A2,D3,dataset/archive (2)/set_b/Bunlabelledtest__154_1306935608852_A2.wav,,1.0,keep,byte-identical group; kept by the T17.6 priority rule
exact_0550,raw_sha256,HB_unlabel_Bunlabelledtest__154_1306935608852_A2,heartbeat_sound,dataset/Heartbeat_Sound/unlabel/Bunlabelledtest__154_1306935608852_A2.wav,D3_set_b_Bunlabelledtest__154_1306935608852_A2,1.0,drop,Heartbeat_Sound is a label helper and a full duplicate of set_a + set_b (T17.3)
exact_0551,raw_sha256,D3_set_b_Bunlabelledtest__154_1306935608852_D,D3,dataset/archive (2)/set_b/Bunlabelledtest__154_1306935608852_D.wav,,1.0,keep,byte-identical group; kept by the T17.6 priority rule
exact_0551,raw_sha256,HB_unlabel_Bunlabelledtest__154_1306935608852_D,heartbeat_sound,dataset/Heartbeat_Sound/unlabel/Bunlabelledtest__154_1306935608852_D.wav,D3_set_b_Bunlabelledtest__154_1306935608852_D,1.0,drop,Heartbeat_Sound is a label helper and a full duplicate of set_a + set_b (T17.3)
exact_0552,raw_sha256,D3_set_b_Bunlabelledtest__154_1306935608852_D1,D3,dataset/archive (2)/set_b/Bunlabelledtest__154_1306935608852_D1.wav,,1.0,keep,byte-identical group; kept by the T17.6 priority rule
exact_0552,raw_sha256,HB_unlabel_Bunlabelledtest__154_1306935608852_D1,heartbeat_sound,dataset/Heartbeat_Sound/unlabel/Bunlabelledtest__154_1306935608852_D1.wav,D3_set_b_Bunlabelledtest__154_1306935608852_D1,1.0,drop,Heartbeat_Sound is a label helper and a full duplicate of set_a + set_b (T17.3)
exact_0553,raw_sha256,D3_set_b_Bunlabelledtest__155_1306935902813_B,D3,dataset/archive (2)/set_b/Bunlabelledtest__155_1306935902813_B.wav,,1.0,keep,byte-identical group; kept by the T17.6 priority rule
exact_0553,raw_sha256,HB_unlabel_Bunlabelledtest__155_1306935902813_B,heartbeat_sound,dataset/Heartbeat_Sound/unlabel/Bunlabelledtest__155_1306935902813_B.wav,D3_set_b_Bunlabelledtest__155_1306935902813_B,1.0,drop,Heartbeat_Sound is a label helper and a full duplicate of set_a + set_b (T17.3)
exact_0554,raw_sha256,D3_set_b_Bunlabelledtest__155_1306935902813_B2,D3,dataset/archive (2)/set_b/Bunlabelledtest__155_1306935902813_B2.wav,,1.0,keep,byte-identical group; kept by the T17.6 priority rule
exact_0554,raw_sha256,HB_unlabel_Bunlabelledtest__155_1306935902813_B2,heartbeat_sound,dataset/Heartbeat_Sound/unlabel/Bunlabelledtest__155_1306935902813_B2.wav,D3_set_b_Bunlabelledtest__155_1306935902813_B2,1.0,drop,Heartbeat_Sound is a label helper and a full duplicate of set_a + set_b (T17.3)
exact_0555,raw_sha256,D3_set_b_Bunlabelledtest__155_1306935902813_D,D3,dataset/archive (2)/set_b/Bunlabelledtest__155_1306935902813_D.wav,,1.0,keep,byte-identical group; kept by the T17.6 priority rule
exact_0555,raw_sha256,HB_unlabel_Bunlabelledtest__155_1306935902813_D,heartbeat_sound,dataset/Heartbeat_Sound/unlabel/Bunlabelledtest__155_1306935902813_D.wav,D3_set_b_Bunlabelledtest__155_1306935902813_D,1.0,drop,Heartbeat_Sound is a label helper and a full duplicate of set_a + set_b (T17.3)
exact_0556,raw_sha256,D3_set_b_Bunlabelledtest__156_1306936373241_C,D3,dataset/archive (2)/set_b/Bunlabelledtest__156_1306936373241_C.wav,,1.0,keep,byte-identical group; kept by the T17.6 priority rule
exact_0556,raw_sha256,HB_unlabel_Bunlabelledtest__156_1306936373241_C,heartbeat_sound,dataset/Heartbeat_Sound/unlabel/Bunlabelledtest__156_1306936373241_C.wav,D3_set_b_Bunlabelledtest__156_1306936373241_C,1.0,drop,Heartbeat_Sound is a label helper and a full duplicate of set_a + set_b (T17.3)
exact_0557,raw_sha256,D3_set_b_Bunlabelledtest__156_1306936373241_D,D3,dataset/archive (2)/set_b/Bunlabelledtest__156_1306936373241_D.wav,,1.0,keep,byte-identical group; kept by the T17.6 priority rule
exact_0557,raw_sha256,HB_unlabel_Bunlabelledtest__156_1306936373241_D,heartbeat_sound,dataset/Heartbeat_Sound/unlabel/Bunlabelledtest__156_1306936373241_D.wav,D3_set_b_Bunlabelledtest__156_1306936373241_D,1.0,drop,Heartbeat_Sound is a label helper and a full duplicate of set_a + set_b (T17.3)
exact_0558,raw_sha256,D3_set_b_Bunlabelledtest__157_1306937583792_C,D3,dataset/archive (2)/set_b/Bunlabelledtest__157_1306937583792_C.wav,,1.0,keep,byte-identical group; kept by the T17.6 priority rule
exact_0558,raw_sha256,HB_unlabel_Bunlabelledtest__157_1306937583792_C,heartbeat_sound,dataset/Heartbeat_Sound/unlabel/Bunlabelledtest__157_1306937583792_C.wav,D3_set_b_Bunlabelledtest__157_1306937583792_C,1.0,drop,Heartbeat_Sound is a label helper and a full duplicate of set_a + set_b (T17.3)
exact_0559,raw_sha256,D3_set_b_Bunlabelledtest__159_1307018640315_A,D3,dataset/archive (2)/set_b/Bunlabelledtest__159_1307018640315_A.wav,,1.0,keep,byte-identical group; kept by the T17.6 priority rule
exact_0559,raw_sha256,HB_unlabel_Bunlabelledtest__159_1307018640315_A,heartbeat_sound,dataset/Heartbeat_Sound/unlabel/Bunlabelledtest__159_1307018640315_A.wav,D3_set_b_Bunlabelledtest__159_1307018640315_A,1.0,drop,Heartbeat_Sound is a label helper and a full duplicate of set_a + set_b (T17.3)
exact_0560,raw_sha256,D3_set_b_Bunlabelledtest__159_1307018640315_B,D3,dataset/archive (2)/set_b/Bunlabelledtest__159_1307018640315_B.wav,,1.0,keep,byte-identical group; kept by the T17.6 priority rule
exact_0560,raw_sha256,HB_unlabel_Bunlabelledtest__159_1307018640315_B,heartbeat_sound,dataset/Heartbeat_Sound/unlabel/Bunlabelledtest__159_1307018640315_B.wav,D3_set_b_Bunlabelledtest__159_1307018640315_B,1.0,drop,Heartbeat_Sound is a label helper and a full duplicate of set_a + set_b (T17.3)
exact_0561,raw_sha256,D3_set_b_Bunlabelledtest__159_1307018640315_C,D3,dataset/archive (2)/set_b/Bunlabelledtest__159_1307018640315_C.wav,,1.0,keep,byte-identical group; kept by the T17.6 priority rule
exact_0561,raw_sha256,HB_unlabel_Bunlabelledtest__159_1307018640315_C,heartbeat_sound,dataset/Heartbeat_Sound/unlabel/Bunlabelledtest__159_1307018640315_C.wav,D3_set_b_Bunlabelledtest__159_1307018640315_C,1.0,drop,Heartbeat_Sound is a label helper and a full duplicate of set_a + set_b (T17.3)
exact_0562,raw_sha256,D3_set_b_Bunlabelledtest__160_1307100683334_C,D3,dataset/archive (2)/set_b/Bunlabelledtest__160_1307100683334_C.wav,,1.0,keep,byte-identical group; kept by the T17.6 priority rule
exact_0562,raw_sha256,HB_unlabel_Bunlabelledtest__160_1307100683334_C,heartbeat_sound,dataset/Heartbeat_Sound/unlabel/Bunlabelledtest__160_1307100683334_C.wav,D3_set_b_Bunlabelledtest__160_1307100683334_C,1.0,drop,Heartbeat_Sound is a label helper and a full duplicate of set_a + set_b (T17.3)
exact_0563,raw_sha256,D3_set_b_Bunlabelledtest__161_1307101199321_D,D3,dataset/archive (2)/set_b/Bunlabelledtest__161_1307101199321_D.wav,,1.0,keep,byte-identical group; kept by the T17.6 priority rule
exact_0563,raw_sha256,HB_unlabel_Bunlabelledtest__161_1307101199321_D,heartbeat_sound,dataset/Heartbeat_Sound/unlabel/Bunlabelledtest__161_1307101199321_D.wav,D3_set_b_Bunlabelledtest__161_1307101199321_D,1.0,drop,Heartbeat_Sound is a label helper and a full duplicate of set_a + set_b (T17.3)
exact_0564,raw_sha256,D3_set_b_Bunlabelledtest__162_1307101835989_C,D3,dataset/archive (2)/set_b/Bunlabelledtest__162_1307101835989_C.wav,,1.0,keep,byte-identical group; kept by the T17.6 priority rule
exact_0564,raw_sha256,HB_unlabel_Bunlabelledtest__162_1307101835989_C,heartbeat_sound,dataset/Heartbeat_Sound/unlabel/Bunlabelledtest__162_1307101835989_C.wav,D3_set_b_Bunlabelledtest__162_1307101835989_C,1.0,drop,Heartbeat_Sound is a label helper and a full duplicate of set_a + set_b (T17.3)
exact_0565,raw_sha256,D3_set_b_Bunlabelledtest__163_1307104470471_B,D3,dataset/archive (2)/set_b/Bunlabelledtest__163_1307104470471_B.wav,,1.0,keep,byte-identical group; kept by the T17.6 priority rule
exact_0565,raw_sha256,HB_unlabel_Bunlabelledtest__163_1307104470471_B,heartbeat_sound,dataset/Heartbeat_Sound/unlabel/Bunlabelledtest__163_1307104470471_B.wav,D3_set_b_Bunlabelledtest__163_1307104470471_B,1.0,drop,Heartbeat_Sound is a label helper and a full duplicate of set_a + set_b (T17.3)
exact_0566,raw_sha256,D3_set_b_Bunlabelledtest__163_1307104470471_B1,D3,dataset/archive (2)/set_b/Bunlabelledtest__163_1307104470471_B1.wav,,1.0,keep,byte-identical group; kept by the T17.6 priority rule
exact_0566,raw_sha256,HB_unlabel_Bunlabelledtest__163_1307104470471_B1,heartbeat_sound,dataset/Heartbeat_Sound/unlabel/Bunlabelledtest__163_1307104470471_B1.wav,D3_set_b_Bunlabelledtest__163_1307104470471_B1,1.0,drop,Heartbeat_Sound is a label helper and a full duplicate of set_a + set_b (T17.3)
exact_0567,raw_sha256,D3_set_b_Bunlabelledtest__163_1307104470471_D,D3,dataset/archive (2)/set_b/Bunlabelledtest__163_1307104470471_D.wav,,1.0,keep,byte-identical group; kept by the T17.6 priority rule
exact_0567,raw_sha256,HB_unlabel_Bunlabelledtest__163_1307104470471_D,heartbeat_sound,dataset/Heartbeat_Sound/unlabel/Bunlabelledtest__163_1307104470471_D.wav,D3_set_b_Bunlabelledtest__163_1307104470471_D,1.0,drop,Heartbeat_Sound is a label helper and a full duplicate of set_a + set_b (T17.3)
exact_0568,raw_sha256,D3_set_b_Bunlabelledtest__164_1307106095995_D,D3,dataset/archive (2)/set_b/Bunlabelledtest__164_1307106095995_D.wav,,1.0,keep,byte-identical group; kept by the T17.6 priority rule
exact_0568,raw_sha256,HB_unlabel_Bunlabelledtest__164_1307106095995_D,heartbeat_sound,dataset/Heartbeat_Sound/unlabel/Bunlabelledtest__164_1307106095995_D.wav,D3_set_b_Bunlabelledtest__164_1307106095995_D,1.0,drop,Heartbeat_Sound is a label helper and a full duplicate of set_a + set_b (T17.3)
exact_0569,raw_sha256,D3_set_b_Bunlabelledtest__165_1307109069581_B,D3,dataset/archive (2)/set_b/Bunlabelledtest__165_1307109069581_B.wav,,1.0,keep,byte-identical group; kept by the T17.6 priority rule
exact_0569,raw_sha256,HB_unlabel_Bunlabelledtest__165_1307109069581_B,heartbeat_sound,dataset/Heartbeat_Sound/unlabel/Bunlabelledtest__165_1307109069581_B.wav,D3_set_b_Bunlabelledtest__165_1307109069581_B,1.0,drop,Heartbeat_Sound is a label helper and a full duplicate of set_a + set_b (T17.3)
exact_0570,raw_sha256,D3_set_b_Bunlabelledtest__167_1307111318050_C1,D3,dataset/archive (2)/set_b/Bunlabelledtest__167_1307111318050_C1.wav,,1.0,keep,byte-identical group; kept by the T17.6 priority rule
exact_0570,raw_sha256,HB_unlabel_Bunlabelledtest__167_1307111318050_C1,heartbeat_sound,dataset/Heartbeat_Sound/unlabel/Bunlabelledtest__167_1307111318050_C1.wav,D3_set_b_Bunlabelledtest__167_1307111318050_C1,1.0,drop,Heartbeat_Sound is a label helper and a full duplicate of set_a + set_b (T17.3)
exact_0571,raw_sha256,D3_set_b_Bunlabelledtest__167_1307111318050_D,D3,dataset/archive (2)/set_b/Bunlabelledtest__167_1307111318050_D.wav,,1.0,keep,byte-identical group; kept by the T17.6 priority rule
exact_0571,raw_sha256,HB_unlabel_Bunlabelledtest__167_1307111318050_D,heartbeat_sound,dataset/Heartbeat_Sound/unlabel/Bunlabelledtest__167_1307111318050_D.wav,D3_set_b_Bunlabelledtest__167_1307111318050_D,1.0,drop,Heartbeat_Sound is a label helper and a full duplicate of set_a + set_b (T17.3)
exact_0572,raw_sha256,D3_set_b_Bunlabelledtest__169_1307970398039_B,D3,dataset/archive (2)/set_b/Bunlabelledtest__169_1307970398039_B.wav,,1.0,keep,byte-identical group; kept by the T17.6 priority rule
exact_0572,raw_sha256,HB_unlabel_Bunlabelledtest__169_1307970398039_B,heartbeat_sound,dataset/Heartbeat_Sound/unlabel/Bunlabelledtest__169_1307970398039_B.wav,D3_set_b_Bunlabelledtest__169_1307970398039_B,1.0,drop,Heartbeat_Sound is a label helper and a full duplicate of set_a + set_b (T17.3)
exact_0573,raw_sha256,D3_set_b_Bunlabelledtest__169_1307970398039_C1,D3,dataset/archive (2)/set_b/Bunlabelledtest__169_1307970398039_C1.wav,,1.0,keep,byte-identical group; kept by the T17.6 priority rule
exact_0573,raw_sha256,HB_unlabel_Bunlabelledtest__169_1307970398039_C1,heartbeat_sound,dataset/Heartbeat_Sound/unlabel/Bunlabelledtest__169_1307970398039_C1.wav,D3_set_b_Bunlabelledtest__169_1307970398039_C1,1.0,drop,Heartbeat_Sound is a label helper and a full duplicate of set_a + set_b (T17.3)
exact_0574,raw_sha256,D3_set_b_Bunlabelledtest__170_1307970562729_D,D3,dataset/archive (2)/set_b/Bunlabelledtest__170_1307970562729_D.wav,,1.0,keep,byte-identical group; kept by the T17.6 priority rule
exact_0574,raw_sha256,HB_unlabel_Bunlabelledtest__170_1307970562729_D,heartbeat_sound,dataset/Heartbeat_Sound/unlabel/Bunlabelledtest__170_1307970562729_D.wav,D3_set_b_Bunlabelledtest__170_1307970562729_D,1.0,drop,Heartbeat_Sound is a label helper and a full duplicate of set_a + set_b (T17.3)
exact_0575,raw_sha256,D3_set_b_Bunlabelledtest__171_1307971016233_C,D3,dataset/archive (2)/set_b/Bunlabelledtest__171_1307971016233_C.wav,,1.0,keep,byte-identical group; kept by the T17.6 priority rule
exact_0575,raw_sha256,HB_unlabel_Bunlabelledtest__171_1307971016233_C,heartbeat_sound,dataset/Heartbeat_Sound/unlabel/Bunlabelledtest__171_1307971016233_C.wav,D3_set_b_Bunlabelledtest__171_1307971016233_C,1.0,drop,Heartbeat_Sound is a label helper and a full duplicate of set_a + set_b (T17.3)
exact_0576,raw_sha256,D3_set_b_Bunlabelledtest__171_1307971016233_F,D3,dataset/archive (2)/set_b/Bunlabelledtest__171_1307971016233_F.wav,,1.0,keep,byte-identical group; kept by the T17.6 priority rule
exact_0576,raw_sha256,HB_unlabel_Bunlabelledtest__171_1307971016233_F,heartbeat_sound,dataset/Heartbeat_Sound/unlabel/Bunlabelledtest__171_1307971016233_F.wav,D3_set_b_Bunlabelledtest__171_1307971016233_F,1.0,drop,Heartbeat_Sound is a label helper and a full duplicate of set_a + set_b (T17.3)
exact_0577,raw_sha256,D3_set_b_Bunlabelledtest__172_1307971284351_C,D3,dataset/archive (2)/set_b/Bunlabelledtest__172_1307971284351_C.wav,,1.0,keep,byte-identical group; kept by the T17.6 priority rule
exact_0577,raw_sha256,HB_unlabel_Bunlabelledtest__172_1307971284351_C,heartbeat_sound,dataset/Heartbeat_Sound/unlabel/Bunlabelledtest__172_1307971284351_C.wav,D3_set_b_Bunlabelledtest__172_1307971284351_C,1.0,drop,Heartbeat_Sound is a label helper and a full duplicate of set_a + set_b (T17.3)
exact_0578,raw_sha256,D3_set_b_Bunlabelledtest__172_1307971284351_D,D3,dataset/archive (2)/set_b/Bunlabelledtest__172_1307971284351_D.wav,,1.0,keep,byte-identical group; kept by the T17.6 priority rule
exact_0578,raw_sha256,HB_unlabel_Bunlabelledtest__172_1307971284351_D,heartbeat_sound,dataset/Heartbeat_Sound/unlabel/Bunlabelledtest__172_1307971284351_D.wav,D3_set_b_Bunlabelledtest__172_1307971284351_D,1.0,drop,Heartbeat_Sound is a label helper and a full duplicate of set_a + set_b (T17.3)
exact_0579,raw_sha256,D3_set_b_Bunlabelledtest__173_1307973611151_D,D3,dataset/archive (2)/set_b/Bunlabelledtest__173_1307973611151_D.wav,,1.0,keep,byte-identical group; kept by the T17.6 priority rule
exact_0579,raw_sha256,HB_unlabel_Bunlabelledtest__173_1307973611151_D,heartbeat_sound,dataset/Heartbeat_Sound/unlabel/Bunlabelledtest__173_1307973611151_D.wav,D3_set_b_Bunlabelledtest__173_1307973611151_D,1.0,drop,Heartbeat_Sound is a label helper and a full duplicate of set_a + set_b (T17.3)
exact_0580,raw_sha256,D3_set_b_Bunlabelledtest__174_1307987737137_C,D3,dataset/archive (2)/set_b/Bunlabelledtest__174_1307987737137_C.wav,,1.0,keep,byte-identical group; kept by the T17.6 priority rule
exact_0580,raw_sha256,HB_unlabel_Bunlabelledtest__174_1307987737137_C,heartbeat_sound,dataset/Heartbeat_Sound/unlabel/Bunlabelledtest__174_1307987737137_C.wav,D3_set_b_Bunlabelledtest__174_1307987737137_C,1.0,drop,Heartbeat_Sound is a label helper and a full duplicate of set_a + set_b (T17.3)
exact_0581,raw_sha256,D3_set_b_Bunlabelledtest__175_1307987962616_C,D3,dataset/archive (2)/set_b/Bunlabelledtest__175_1307987962616_C.wav,,1.0,keep,byte-identical group; kept by the T17.6 priority rule
exact_0581,raw_sha256,HB_unlabel_Bunlabelledtest__175_1307987962616_C,heartbeat_sound,dataset/Heartbeat_Sound/unlabel/Bunlabelledtest__175_1307987962616_C.wav,D3_set_b_Bunlabelledtest__175_1307987962616_C,1.0,drop,Heartbeat_Sound is a label helper and a full duplicate of set_a + set_b (T17.3)
exact_0582,raw_sha256,D3_set_b_Bunlabelledtest__176_1307988171173_A1,D3,dataset/archive (2)/set_b/Bunlabelledtest__176_1307988171173_A1.wav,,1.0,keep,byte-identical group; kept by the T17.6 priority rule
exact_0582,raw_sha256,HB_unlabel_Bunlabelledtest__176_1307988171173_A1,heartbeat_sound,dataset/Heartbeat_Sound/unlabel/Bunlabelledtest__176_1307988171173_A1.wav,D3_set_b_Bunlabelledtest__176_1307988171173_A1,1.0,drop,Heartbeat_Sound is a label helper and a full duplicate of set_a + set_b (T17.3)
exact_0583,raw_sha256,D3_set_b_Bunlabelledtest__176_1307988171173_C,D3,dataset/archive (2)/set_b/Bunlabelledtest__176_1307988171173_C.wav,,1.0,keep,byte-identical group; kept by the T17.6 priority rule
exact_0583,raw_sha256,HB_unlabel_Bunlabelledtest__176_1307988171173_C,heartbeat_sound,dataset/Heartbeat_Sound/unlabel/Bunlabelledtest__176_1307988171173_C.wav,D3_set_b_Bunlabelledtest__176_1307988171173_C,1.0,drop,Heartbeat_Sound is a label helper and a full duplicate of set_a + set_b (T17.3)
exact_0584,raw_sha256,D3_set_b_Bunlabelledtest__176_1307988171173_C1,D3,dataset/archive (2)/set_b/Bunlabelledtest__176_1307988171173_C1.wav,,1.0,keep,byte-identical group; kept by the T17.6 priority rule
exact_0584,raw_sha256,HB_unlabel_Bunlabelledtest__176_1307988171173_C1,heartbeat_sound,dataset/Heartbeat_Sound/unlabel/Bunlabelledtest__176_1307988171173_C1.wav,D3_set_b_Bunlabelledtest__176_1307988171173_C1,1.0,drop,Heartbeat_Sound is a label helper and a full duplicate of set_a + set_b (T17.3)
exact_0585,raw_sha256,D3_set_b_Bunlabelledtest__177_1307989650056_C,D3,dataset/archive (2)/set_b/Bunlabelledtest__177_1307989650056_C.wav,,1.0,keep,byte-identical group; kept by the T17.6 priority rule
exact_0585,raw_sha256,HB_unlabel_Bunlabelledtest__177_1307989650056_C,heartbeat_sound,dataset/Heartbeat_Sound/unlabel/Bunlabelledtest__177_1307989650056_C.wav,D3_set_b_Bunlabelledtest__177_1307989650056_C,1.0,drop,Heartbeat_Sound is a label helper and a full duplicate of set_a + set_b (T17.3)
exact_0586,raw_sha256,D3_set_b_Bunlabelledtest__178_1307989887769_A,D3,dataset/archive (2)/set_b/Bunlabelledtest__178_1307989887769_A.wav,,1.0,keep,byte-identical group; kept by the T17.6 priority rule
exact_0586,raw_sha256,HB_unlabel_Bunlabelledtest__178_1307989887769_A,heartbeat_sound,dataset/Heartbeat_Sound/unlabel/Bunlabelledtest__178_1307989887769_A.wav,D3_set_b_Bunlabelledtest__178_1307989887769_A,1.0,drop,Heartbeat_Sound is a label helper and a full duplicate of set_a + set_b (T17.3)
exact_0587,raw_sha256,D3_set_b_Bunlabelledtest__179_1307990076841_D1,D3,dataset/archive (2)/set_b/Bunlabelledtest__179_1307990076841_D1.wav,,1.0,keep,byte-identical group; kept by the T17.6 priority rule
exact_0587,raw_sha256,HB_unlabel_Bunlabelledtest__179_1307990076841_D1,heartbeat_sound,dataset/Heartbeat_Sound/unlabel/Bunlabelledtest__179_1307990076841_D1.wav,D3_set_b_Bunlabelledtest__179_1307990076841_D1,1.0,drop,Heartbeat_Sound is a label helper and a full duplicate of set_a + set_b (T17.3)
exact_0588,raw_sha256,D3_set_b_Bunlabelledtest__180_1307990956284_B,D3,dataset/archive (2)/set_b/Bunlabelledtest__180_1307990956284_B.wav,,1.0,keep,byte-identical group; kept by the T17.6 priority rule
exact_0588,raw_sha256,HB_unlabel_Bunlabelledtest__180_1307990956284_B,heartbeat_sound,dataset/Heartbeat_Sound/unlabel/Bunlabelledtest__180_1307990956284_B.wav,D3_set_b_Bunlabelledtest__180_1307990956284_B,1.0,drop,Heartbeat_Sound is a label helper and a full duplicate of set_a + set_b (T17.3)
exact_0589,raw_sha256,D3_set_b_Bunlabelledtest__180_1307990956284_D,D3,dataset/archive (2)/set_b/Bunlabelledtest__180_1307990956284_D.wav,,1.0,keep,byte-identical group; kept by the T17.6 priority rule
exact_0589,raw_sha256,HB_unlabel_Bunlabelledtest__180_1307990956284_D,heartbeat_sound,dataset/Heartbeat_Sound/unlabel/Bunlabelledtest__180_1307990956284_D.wav,D3_set_b_Bunlabelledtest__180_1307990956284_D,1.0,drop,Heartbeat_Sound is a label helper and a full duplicate of set_a + set_b (T17.3)
exact_0590,raw_sha256,D3_set_b_Bunlabelledtest__181_1308052613891_C,D3,dataset/archive (2)/set_b/Bunlabelledtest__181_1308052613891_C.wav,,1.0,keep,byte-identical group; kept by the T17.6 priority rule
exact_0590,raw_sha256,HB_unlabel_Bunlabelledtest__181_1308052613891_C,heartbeat_sound,dataset/Heartbeat_Sound/unlabel/Bunlabelledtest__181_1308052613891_C.wav,D3_set_b_Bunlabelledtest__181_1308052613891_C,1.0,drop,Heartbeat_Sound is a label helper and a full duplicate of set_a + set_b (T17.3)
exact_0591,raw_sha256,D3_set_b_Bunlabelledtest__184_1308073010307_C,D3,dataset/archive (2)/set_b/Bunlabelledtest__184_1308073010307_C.wav,,1.0,keep,byte-identical group; kept by the T17.6 priority rule
exact_0591,raw_sha256,HB_unlabel_Bunlabelledtest__184_1308073010307_C,heartbeat_sound,dataset/Heartbeat_Sound/unlabel/Bunlabelledtest__184_1308073010307_C.wav,D3_set_b_Bunlabelledtest__184_1308073010307_C,1.0,drop,Heartbeat_Sound is a label helper and a full duplicate of set_a + set_b (T17.3)
exact_0592,raw_sha256,D3_set_b_Bunlabelledtest__186_1308073648738_C,D3,dataset/archive (2)/set_b/Bunlabelledtest__186_1308073648738_C.wav,,1.0,keep,byte-identical group; kept by the T17.6 priority rule
exact_0592,raw_sha256,HB_unlabel_Bunlabelledtest__186_1308073648738_C,heartbeat_sound,dataset/Heartbeat_Sound/unlabel/Bunlabelledtest__186_1308073648738_C.wav,D3_set_b_Bunlabelledtest__186_1308073648738_C,1.0,drop,Heartbeat_Sound is a label helper and a full duplicate of set_a + set_b (T17.3)
exact_0593,raw_sha256,D3_set_b_Bunlabelledtest__186_1308073648738_D1,D3,dataset/archive (2)/set_b/Bunlabelledtest__186_1308073648738_D1.wav,,1.0,keep,byte-identical group; kept by the T17.6 priority rule
exact_0593,raw_sha256,HB_unlabel_Bunlabelledtest__186_1308073648738_D1,heartbeat_sound,dataset/Heartbeat_Sound/unlabel/Bunlabelledtest__186_1308073648738_D1.wav,D3_set_b_Bunlabelledtest__186_1308073648738_D1,1.0,drop,Heartbeat_Sound is a label helper and a full duplicate of set_a + set_b (T17.3)
exact_0594,raw_sha256,D3_set_b_Bunlabelledtest__187_1308073994223_C,D3,dataset/archive (2)/set_b/Bunlabelledtest__187_1308073994223_C.wav,,1.0,keep,byte-identical group; kept by the T17.6 priority rule
exact_0594,raw_sha256,HB_unlabel_Bunlabelledtest__187_1308073994223_C,heartbeat_sound,dataset/Heartbeat_Sound/unlabel/Bunlabelledtest__187_1308073994223_C.wav,D3_set_b_Bunlabelledtest__187_1308073994223_C,1.0,drop,Heartbeat_Sound is a label helper and a full duplicate of set_a + set_b (T17.3)
exact_0595,raw_sha256,D3_set_b_Bunlabelledtest__189_1308075231945_A,D3,dataset/archive (2)/set_b/Bunlabelledtest__189_1308075231945_A.wav,,1.0,keep,byte-identical group; kept by the T17.6 priority rule
exact_0595,raw_sha256,HB_unlabel_Bunlabelledtest__189_1308075231945_A,heartbeat_sound,dataset/Heartbeat_Sound/unlabel/Bunlabelledtest__189_1308075231945_A.wav,D3_set_b_Bunlabelledtest__189_1308075231945_A,1.0,drop,Heartbeat_Sound is a label helper and a full duplicate of set_a + set_b (T17.3)
exact_0596,raw_sha256,D3_set_b_Bunlabelledtest__189_1308075231945_C,D3,dataset/archive (2)/set_b/Bunlabelledtest__189_1308075231945_C.wav,,1.0,keep,byte-identical group; kept by the T17.6 priority rule
exact_0596,raw_sha256,HB_unlabel_Bunlabelledtest__189_1308075231945_C,heartbeat_sound,dataset/Heartbeat_Sound/unlabel/Bunlabelledtest__189_1308075231945_C.wav,D3_set_b_Bunlabelledtest__189_1308075231945_C,1.0,drop,Heartbeat_Sound is a label helper and a full duplicate of set_a + set_b (T17.3)
exact_0597,raw_sha256,D3_set_b_Bunlabelledtest__191_1308077299430_C,D3,dataset/archive (2)/set_b/Bunlabelledtest__191_1308077299430_C.wav,,1.0,keep,byte-identical group; kept by the T17.6 priority rule
exact_0597,raw_sha256,HB_unlabel_Bunlabelledtest__191_1308077299430_C,heartbeat_sound,dataset/Heartbeat_Sound/unlabel/Bunlabelledtest__191_1308077299430_C.wav,D3_set_b_Bunlabelledtest__191_1308077299430_C,1.0,drop,Heartbeat_Sound is a label helper and a full duplicate of set_a + set_b (T17.3)
exact_0598,raw_sha256,D3_set_b_Bunlabelledtest__191_1308077299430_D,D3,dataset/archive (2)/set_b/Bunlabelledtest__191_1308077299430_D.wav,,1.0,keep,byte-identical group; kept by the T17.6 priority rule
exact_0598,raw_sha256,HB_unlabel_Bunlabelledtest__191_1308077299430_D,heartbeat_sound,dataset/Heartbeat_Sound/unlabel/Bunlabelledtest__191_1308077299430_D.wav,D3_set_b_Bunlabelledtest__191_1308077299430_D,1.0,drop,Heartbeat_Sound is a label helper and a full duplicate of set_a + set_b (T17.3)
exact_0599,raw_sha256,D3_set_b_Bunlabelledtest__193_1308078104592_A,D3,dataset/archive (2)/set_b/Bunlabelledtest__193_1308078104592_A.wav,,1.0,keep,byte-identical group; kept by the T17.6 priority rule
exact_0599,raw_sha256,HB_unlabel_Bunlabelledtest__193_1308078104592_A,heartbeat_sound,dataset/Heartbeat_Sound/unlabel/Bunlabelledtest__193_1308078104592_A.wav,D3_set_b_Bunlabelledtest__193_1308078104592_A,1.0,drop,Heartbeat_Sound is a label helper and a full duplicate of set_a + set_b (T17.3)
exact_0600,raw_sha256,D3_set_b_Bunlabelledtest__193_1308078104592_D,D3,dataset/archive (2)/set_b/Bunlabelledtest__193_1308078104592_D.wav,,1.0,keep,byte-identical group; kept by the T17.6 priority rule
exact_0600,raw_sha256,HB_unlabel_Bunlabelledtest__193_1308078104592_D,heartbeat_sound,dataset/Heartbeat_Sound/unlabel/Bunlabelledtest__193_1308078104592_D.wav,D3_set_b_Bunlabelledtest__193_1308078104592_D,1.0,drop,Heartbeat_Sound is a label helper and a full duplicate of set_a + set_b (T17.3)
exact_0601,raw_sha256,D3_set_b_Bunlabelledtest__194_1308139824187_C,D3,dataset/archive (2)/set_b/Bunlabelledtest__194_1308139824187_C.wav,,1.0,keep,byte-identical group; kept by the T17.6 priority rule
exact_0601,raw_sha256,HB_unlabel_Bunlabelledtest__194_1308139824187_C,heartbeat_sound,dataset/Heartbeat_Sound/unlabel/Bunlabelledtest__194_1308139824187_C.wav,D3_set_b_Bunlabelledtest__194_1308139824187_C,1.0,drop,Heartbeat_Sound is a label helper and a full duplicate of set_a + set_b (T17.3)
exact_0602,raw_sha256,D3_set_b_Bunlabelledtest__195_1308140095331_D,D3,dataset/archive (2)/set_b/Bunlabelledtest__195_1308140095331_D.wav,,1.0,keep,byte-identical group; kept by the T17.6 priority rule
exact_0602,raw_sha256,HB_unlabel_Bunlabelledtest__195_1308140095331_D,heartbeat_sound,dataset/Heartbeat_Sound/unlabel/Bunlabelledtest__195_1308140095331_D.wav,D3_set_b_Bunlabelledtest__195_1308140095331_D,1.0,drop,Heartbeat_Sound is a label helper and a full duplicate of set_a + set_b (T17.3)
exact_0603,raw_sha256,D3_set_b_Bunlabelledtest__196_1308141034858_D,D3,dataset/archive (2)/set_b/Bunlabelledtest__196_1308141034858_D.wav,,1.0,keep,byte-identical group; kept by the T17.6 priority rule
exact_0603,raw_sha256,HB_unlabel_Bunlabelledtest__196_1308141034858_D,heartbeat_sound,dataset/Heartbeat_Sound/unlabel/Bunlabelledtest__196_1308141034858_D.wav,D3_set_b_Bunlabelledtest__196_1308141034858_D,1.0,drop,Heartbeat_Sound is a label helper and a full duplicate of set_a + set_b (T17.3)
exact_0604,raw_sha256,D3_set_b_Bunlabelledtest__197_1308141235553_B,D3,dataset/archive (2)/set_b/Bunlabelledtest__197_1308141235553_B.wav,,1.0,keep,byte-identical group; kept by the T17.6 priority rule
exact_0604,raw_sha256,HB_unlabel_Bunlabelledtest__197_1308141235553_B,heartbeat_sound,dataset/Heartbeat_Sound/unlabel/Bunlabelledtest__197_1308141235553_B.wav,D3_set_b_Bunlabelledtest__197_1308141235553_B,1.0,drop,Heartbeat_Sound is a label helper and a full duplicate of set_a + set_b (T17.3)
exact_0605,raw_sha256,D3_set_b_Bunlabelledtest__200_1308144251434_C1,D3,dataset/archive (2)/set_b/Bunlabelledtest__200_1308144251434_C1.wav,,1.0,keep,byte-identical group; kept by the T17.6 priority rule
exact_0605,raw_sha256,HB_unlabel_Bunlabelledtest__200_1308144251434_C1,heartbeat_sound,dataset/Heartbeat_Sound/unlabel/Bunlabelledtest__200_1308144251434_C1.wav,D3_set_b_Bunlabelledtest__200_1308144251434_C1,1.0,drop,Heartbeat_Sound is a label helper and a full duplicate of set_a + set_b (T17.3)
exact_0606,raw_sha256,D3_set_b_Bunlabelledtest__201_1308144942432_B,D3,dataset/archive (2)/set_b/Bunlabelledtest__201_1308144942432_B.wav,,1.0,keep,byte-identical group; kept by the T17.6 priority rule
exact_0606,raw_sha256,HB_unlabel_Bunlabelledtest__201_1308144942432_B,heartbeat_sound,dataset/Heartbeat_Sound/unlabel/Bunlabelledtest__201_1308144942432_B.wav,D3_set_b_Bunlabelledtest__201_1308144942432_B,1.0,drop,Heartbeat_Sound is a label helper and a full duplicate of set_a + set_b (T17.3)
exact_0607,raw_sha256,D3_set_b_Bunlabelledtest__202_1308145175747_B,D3,dataset/archive (2)/set_b/Bunlabelledtest__202_1308145175747_B.wav,,1.0,keep,byte-identical group; kept by the T17.6 priority rule
exact_0607,raw_sha256,HB_unlabel_Bunlabelledtest__202_1308145175747_B,heartbeat_sound,dataset/Heartbeat_Sound/unlabel/Bunlabelledtest__202_1308145175747_B.wav,D3_set_b_Bunlabelledtest__202_1308145175747_B,1.0,drop,Heartbeat_Sound is a label helper and a full duplicate of set_a + set_b (T17.3)
exact_0608,raw_sha256,D3_set_b_Bunlabelledtest__203_1308162026258_C,D3,dataset/archive (2)/set_b/Bunlabelledtest__203_1308162026258_C.wav,,1.0,keep,byte-identical group; kept by the T17.6 priority rule
exact_0608,raw_sha256,HB_unlabel_Bunlabelledtest__203_1308162026258_C,heartbeat_sound,dataset/Heartbeat_Sound/unlabel/Bunlabelledtest__203_1308162026258_C.wav,D3_set_b_Bunlabelledtest__203_1308162026258_C,1.0,drop,Heartbeat_Sound is a label helper and a full duplicate of set_a + set_b (T17.3)
exact_0609,raw_sha256,D3_set_b_Bunlabelledtest__204_1308159229275_B1,D3,dataset/archive (2)/set_b/Bunlabelledtest__204_1308159229275_B1.wav,,1.0,keep,byte-identical group; kept by the T17.6 priority rule
exact_0609,raw_sha256,HB_unlabel_Bunlabelledtest__204_1308159229275_B1,heartbeat_sound,dataset/Heartbeat_Sound/unlabel/Bunlabelledtest__204_1308159229275_B1.wav,D3_set_b_Bunlabelledtest__204_1308159229275_B1,1.0,drop,Heartbeat_Sound is a label helper and a full duplicate of set_a + set_b (T17.3)
exact_0610,raw_sha256,D3_set_b_Bunlabelledtest__206_1308159601959_C1,D3,dataset/archive (2)/set_b/Bunlabelledtest__206_1308159601959_C1.wav,,1.0,keep,byte-identical group; kept by the T17.6 priority rule
exact_0610,raw_sha256,HB_unlabel_Bunlabelledtest__206_1308159601959_C1,heartbeat_sound,dataset/Heartbeat_Sound/unlabel/Bunlabelledtest__206_1308159601959_C1.wav,D3_set_b_Bunlabelledtest__206_1308159601959_C1,1.0,drop,Heartbeat_Sound is a label helper and a full duplicate of set_a + set_b (T17.3)
exact_0611,raw_sha256,D3_set_b_Bunlabelledtest__207_1308159792607_B3,D3,dataset/archive (2)/set_b/Bunlabelledtest__207_1308159792607_B3.wav,,1.0,keep,byte-identical group; kept by the T17.6 priority rule
exact_0611,raw_sha256,HB_unlabel_Bunlabelledtest__207_1308159792607_B3,heartbeat_sound,dataset/Heartbeat_Sound/unlabel/Bunlabelledtest__207_1308159792607_B3.wav,D3_set_b_Bunlabelledtest__207_1308159792607_B3,1.0,drop,Heartbeat_Sound is a label helper and a full duplicate of set_a + set_b (T17.3)
exact_0612,raw_sha256,D3_set_b_Bunlabelledtest__209_1308162216750_B,D3,dataset/archive (2)/set_b/Bunlabelledtest__209_1308162216750_B.wav,,1.0,keep,byte-identical group; kept by the T17.6 priority rule
exact_0612,raw_sha256,HB_unlabel_Bunlabelledtest__209_1308162216750_B,heartbeat_sound,dataset/Heartbeat_Sound/unlabel/Bunlabelledtest__209_1308162216750_B.wav,D3_set_b_Bunlabelledtest__209_1308162216750_B,1.0,drop,Heartbeat_Sound is a label helper and a full duplicate of set_a + set_b (T17.3)
exact_0613,raw_sha256,D3_set_b_Bunlabelledtest__209_1308162216750_C,D3,dataset/archive (2)/set_b/Bunlabelledtest__209_1308162216750_C.wav,,1.0,keep,byte-identical group; kept by the T17.6 priority rule
exact_0613,raw_sha256,HB_unlabel_Bunlabelledtest__209_1308162216750_C,heartbeat_sound,dataset/Heartbeat_Sound/unlabel/Bunlabelledtest__209_1308162216750_C.wav,D3_set_b_Bunlabelledtest__209_1308162216750_C,1.0,drop,Heartbeat_Sound is a label helper and a full duplicate of set_a + set_b (T17.3)
exact_0614,raw_sha256,D3_set_b_Bunlabelledtest__210_1308162935880_D,D3,dataset/archive (2)/set_b/Bunlabelledtest__210_1308162935880_D.wav,,1.0,keep,byte-identical group; kept by the T17.6 priority rule
exact_0614,raw_sha256,HB_unlabel_Bunlabelledtest__210_1308162935880_D,heartbeat_sound,dataset/Heartbeat_Sound/unlabel/Bunlabelledtest__210_1308162935880_D.wav,D3_set_b_Bunlabelledtest__210_1308162935880_D,1.0,drop,Heartbeat_Sound is a label helper and a full duplicate of set_a + set_b (T17.3)
exact_0615,raw_sha256,D3_set_b_Bunlabelledtest__212_1308245076477_C,D3,dataset/archive (2)/set_b/Bunlabelledtest__212_1308245076477_C.wav,,1.0,keep,byte-identical group; kept by the T17.6 priority rule
exact_0615,raw_sha256,HB_unlabel_Bunlabelledtest__212_1308245076477_C,heartbeat_sound,dataset/Heartbeat_Sound/unlabel/Bunlabelledtest__212_1308245076477_C.wav,D3_set_b_Bunlabelledtest__212_1308245076477_C,1.0,drop,Heartbeat_Sound is a label helper and a full duplicate of set_a + set_b (T17.3)
exact_0616,raw_sha256,D3_set_b_Bunlabelledtest__213_1308245263936_B,D3,dataset/archive (2)/set_b/Bunlabelledtest__213_1308245263936_B.wav,,1.0,keep,byte-identical group; kept by the T17.6 priority rule
exact_0616,raw_sha256,HB_unlabel_Bunlabelledtest__213_1308245263936_B,heartbeat_sound,dataset/Heartbeat_Sound/unlabel/Bunlabelledtest__213_1308245263936_B.wav,D3_set_b_Bunlabelledtest__213_1308245263936_B,1.0,drop,Heartbeat_Sound is a label helper and a full duplicate of set_a + set_b (T17.3)
exact_0617,raw_sha256,D3_set_b_Bunlabelledtest__214_1308245489717_A1,D3,dataset/archive (2)/set_b/Bunlabelledtest__214_1308245489717_A1.wav,,1.0,keep,byte-identical group; kept by the T17.6 priority rule
exact_0617,raw_sha256,HB_unlabel_Bunlabelledtest__214_1308245489717_A1,heartbeat_sound,dataset/Heartbeat_Sound/unlabel/Bunlabelledtest__214_1308245489717_A1.wav,D3_set_b_Bunlabelledtest__214_1308245489717_A1,1.0,drop,Heartbeat_Sound is a label helper and a full duplicate of set_a + set_b (T17.3)
exact_0618,raw_sha256,D3_set_b_Bunlabelledtest__215_1308245664733_D,D3,dataset/archive (2)/set_b/Bunlabelledtest__215_1308245664733_D.wav,,1.0,keep,byte-identical group; kept by the T17.6 priority rule
exact_0618,raw_sha256,HB_unlabel_Bunlabelledtest__215_1308245664733_D,heartbeat_sound,dataset/Heartbeat_Sound/unlabel/Bunlabelledtest__215_1308245664733_D.wav,D3_set_b_Bunlabelledtest__215_1308245664733_D,1.0,drop,Heartbeat_Sound is a label helper and a full duplicate of set_a + set_b (T17.3)
exact_0619,raw_sha256,D3_set_b_Bunlabelledtest__216_1308245839516_B1,D3,dataset/archive (2)/set_b/Bunlabelledtest__216_1308245839516_B1.wav,,1.0,keep,byte-identical group; kept by the T17.6 priority rule
exact_0619,raw_sha256,HB_unlabel_Bunlabelledtest__216_1308245839516_B1,heartbeat_sound,dataset/Heartbeat_Sound/unlabel/Bunlabelledtest__216_1308245839516_B1.wav,D3_set_b_Bunlabelledtest__216_1308245839516_B1,1.0,drop,Heartbeat_Sound is a label helper and a full duplicate of set_a + set_b (T17.3)
exact_0620,raw_sha256,D3_set_b_Bunlabelledtest__217_1308246111629_A,D3,dataset/archive (2)/set_b/Bunlabelledtest__217_1308246111629_A.wav,,1.0,keep,byte-identical group; kept by the T17.6 priority rule
exact_0620,raw_sha256,HB_unlabel_Bunlabelledtest__217_1308246111629_A,heartbeat_sound,dataset/Heartbeat_Sound/unlabel/Bunlabelledtest__217_1308246111629_A.wav,D3_set_b_Bunlabelledtest__217_1308246111629_A,1.0,drop,Heartbeat_Sound is a label helper and a full duplicate of set_a + set_b (T17.3)
exact_0621,raw_sha256,D3_set_b_Bunlabelledtest__217_1308246111629_B,D3,dataset/archive (2)/set_b/Bunlabelledtest__217_1308246111629_B.wav,,1.0,keep,byte-identical group; kept by the T17.6 priority rule
exact_0621,raw_sha256,HB_unlabel_Bunlabelledtest__217_1308246111629_B,heartbeat_sound,dataset/Heartbeat_Sound/unlabel/Bunlabelledtest__217_1308246111629_B.wav,D3_set_b_Bunlabelledtest__217_1308246111629_B,1.0,drop,Heartbeat_Sound is a label helper and a full duplicate of set_a + set_b (T17.3)
exact_0622,raw_sha256,D3_set_b_Bunlabelledtest__217_1308246111629_D,D3,dataset/archive (2)/set_b/Bunlabelledtest__217_1308246111629_D.wav,,1.0,keep,byte-identical group; kept by the T17.6 priority rule
exact_0622,raw_sha256,HB_unlabel_Bunlabelledtest__217_1308246111629_D,heartbeat_sound,dataset/Heartbeat_Sound/unlabel/Bunlabelledtest__217_1308246111629_D.wav,D3_set_b_Bunlabelledtest__217_1308246111629_D,1.0,drop,Heartbeat_Sound is a label helper and a full duplicate of set_a + set_b (T17.3)
exact_0623,raw_sha256,D3_set_b_Bunlabelledtest__220_1308250132896_A,D3,dataset/archive (2)/set_b/Bunlabelledtest__220_1308250132896_A.wav,,1.0,keep,byte-identical group; kept by the T17.6 priority rule
exact_0623,raw_sha256,HB_unlabel_Bunlabelledtest__220_1308250132896_A,heartbeat_sound,dataset/Heartbeat_Sound/unlabel/Bunlabelledtest__220_1308250132896_A.wav,D3_set_b_Bunlabelledtest__220_1308250132896_A,1.0,drop,Heartbeat_Sound is a label helper and a full duplicate of set_a + set_b (T17.3)
exact_0624,raw_sha256,D3_set_b_Bunlabelledtest__222_1308336218979_B,D3,dataset/archive (2)/set_b/Bunlabelledtest__222_1308336218979_B.wav,,1.0,keep,byte-identical group; kept by the T17.6 priority rule
exact_0624,raw_sha256,HB_unlabel_Bunlabelledtest__222_1308336218979_B,heartbeat_sound,dataset/Heartbeat_Sound/unlabel/Bunlabelledtest__222_1308336218979_B.wav,D3_set_b_Bunlabelledtest__222_1308336218979_B,1.0,drop,Heartbeat_Sound is a label helper and a full duplicate of set_a + set_b (T17.3)
exact_0625,raw_sha256,D3_set_b_Bunlabelledtest__227_1308594233667_D,D3,dataset/archive (2)/set_b/Bunlabelledtest__227_1308594233667_D.wav,,1.0,keep,byte-identical group; kept by the T17.6 priority rule
exact_0625,raw_sha256,HB_unlabel_Bunlabelledtest__227_1308594233667_D,heartbeat_sound,dataset/Heartbeat_Sound/unlabel/Bunlabelledtest__227_1308594233667_D.wav,D3_set_b_Bunlabelledtest__227_1308594233667_D,1.0,drop,Heartbeat_Sound is a label helper and a full duplicate of set_a + set_b (T17.3)
exact_0626,raw_sha256,D3_set_b_Bunlabelledtest__229_1308594979317_C,D3,dataset/archive (2)/set_b/Bunlabelledtest__229_1308594979317_C.wav,,1.0,keep,byte-identical group; kept by the T17.6 priority rule
exact_0626,raw_sha256,HB_unlabel_Bunlabelledtest__229_1308594979317_C,heartbeat_sound,dataset/Heartbeat_Sound/unlabel/Bunlabelledtest__229_1308594979317_C.wav,D3_set_b_Bunlabelledtest__229_1308594979317_C,1.0,drop,Heartbeat_Sound is a label helper and a full duplicate of set_a + set_b (T17.3)
exact_0627,raw_sha256,D3_set_b_Bunlabelledtest__231_1308748318393_B,D3,dataset/archive (2)/set_b/Bunlabelledtest__231_1308748318393_B.wav,,1.0,keep,byte-identical group; kept by the T17.6 priority rule
exact_0627,raw_sha256,HB_unlabel_Bunlabelledtest__231_1308748318393_B,heartbeat_sound,dataset/Heartbeat_Sound/unlabel/Bunlabelledtest__231_1308748318393_B.wav,D3_set_b_Bunlabelledtest__231_1308748318393_B,1.0,drop,Heartbeat_Sound is a label helper and a full duplicate of set_a + set_b (T17.3)
exact_0628,raw_sha256,D3_set_b_Bunlabelledtest__231_1308748318393_C,D3,dataset/archive (2)/set_b/Bunlabelledtest__231_1308748318393_C.wav,,1.0,keep,byte-identical group; kept by the T17.6 priority rule
exact_0628,raw_sha256,HB_unlabel_Bunlabelledtest__231_1308748318393_C,heartbeat_sound,dataset/Heartbeat_Sound/unlabel/Bunlabelledtest__231_1308748318393_C.wav,D3_set_b_Bunlabelledtest__231_1308748318393_C,1.0,drop,Heartbeat_Sound is a label helper and a full duplicate of set_a + set_b (T17.3)
exact_0629,raw_sha256,D3_set_b_Bunlabelledtest__232_1308748524018_A1,D3,dataset/archive (2)/set_b/Bunlabelledtest__232_1308748524018_A1.wav,,1.0,keep,byte-identical group; kept by the T17.6 priority rule
exact_0629,raw_sha256,HB_unlabel_Bunlabelledtest__232_1308748524018_A1,heartbeat_sound,dataset/Heartbeat_Sound/unlabel/Bunlabelledtest__232_1308748524018_A1.wav,D3_set_b_Bunlabelledtest__232_1308748524018_A1,1.0,drop,Heartbeat_Sound is a label helper and a full duplicate of set_a + set_b (T17.3)
exact_0630,raw_sha256,D3_set_b_Bunlabelledtest__232_1308748524018_D,D3,dataset/archive (2)/set_b/Bunlabelledtest__232_1308748524018_D.wav,,1.0,keep,byte-identical group; kept by the T17.6 priority rule
exact_0630,raw_sha256,HB_unlabel_Bunlabelledtest__232_1308748524018_D,heartbeat_sound,dataset/Heartbeat_Sound/unlabel/Bunlabelledtest__232_1308748524018_D.wav,D3_set_b_Bunlabelledtest__232_1308748524018_D,1.0,drop,Heartbeat_Sound is a label helper and a full duplicate of set_a + set_b (T17.3)
exact_0631,raw_sha256,D3_set_b_Bunlabelledtest__235_1308749032454_C1,D3,dataset/archive (2)/set_b/Bunlabelledtest__235_1308749032454_C1.wav,,1.0,keep,byte-identical group; kept by the T17.6 priority rule
exact_0631,raw_sha256,HB_unlabel_Bunlabelledtest__235_1308749032454_C1,heartbeat_sound,dataset/Heartbeat_Sound/unlabel/Bunlabelledtest__235_1308749032454_C1.wav,D3_set_b_Bunlabelledtest__235_1308749032454_C1,1.0,drop,Heartbeat_Sound is a label helper and a full duplicate of set_a + set_b (T17.3)
exact_0632,raw_sha256,D3_set_b_Bunlabelledtest__235_1308749032454_D1,D3,dataset/archive (2)/set_b/Bunlabelledtest__235_1308749032454_D1.wav,,1.0,keep,byte-identical group; kept by the T17.6 priority rule
exact_0632,raw_sha256,HB_unlabel_Bunlabelledtest__235_1308749032454_D1,heartbeat_sound,dataset/Heartbeat_Sound/unlabel/Bunlabelledtest__235_1308749032454_D1.wav,D3_set_b_Bunlabelledtest__235_1308749032454_D1,1.0,drop,Heartbeat_Sound is a label helper and a full duplicate of set_a + set_b (T17.3)
exact_0633,raw_sha256,D3_set_b_Bunlabelledtest__237_1308750231222_C1,D3,dataset/archive (2)/set_b/Bunlabelledtest__237_1308750231222_C1.wav,,1.0,keep,byte-identical group; kept by the T17.6 priority rule
exact_0633,raw_sha256,HB_unlabel_Bunlabelledtest__237_1308750231222_C1,heartbeat_sound,dataset/Heartbeat_Sound/unlabel/Bunlabelledtest__237_1308750231222_C1.wav,D3_set_b_Bunlabelledtest__237_1308750231222_C1,1.0,drop,Heartbeat_Sound is a label helper and a full duplicate of set_a + set_b (T17.3)
exact_0634,raw_sha256,D3_set_b_Bunlabelledtest__239_1309195730333_D,D3,dataset/archive (2)/set_b/Bunlabelledtest__239_1309195730333_D.wav,,1.0,keep,byte-identical group; kept by the T17.6 priority rule
exact_0634,raw_sha256,HB_unlabel_Bunlabelledtest__239_1309195730333_D,heartbeat_sound,dataset/Heartbeat_Sound/unlabel/Bunlabelledtest__239_1309195730333_D.wav,D3_set_b_Bunlabelledtest__239_1309195730333_D,1.0,drop,Heartbeat_Sound is a label helper and a full duplicate of set_a + set_b (T17.3)
exact_0635,raw_sha256,D3_set_b_Bunlabelledtest__240_1309196119795_D,D3,dataset/archive (2)/set_b/Bunlabelledtest__240_1309196119795_D.wav,,1.0,keep,byte-identical group; kept by the T17.6 priority rule
exact_0635,raw_sha256,HB_unlabel_Bunlabelledtest__240_1309196119795_D,heartbeat_sound,dataset/Heartbeat_Sound/unlabel/Bunlabelledtest__240_1309196119795_D.wav,D3_set_b_Bunlabelledtest__240_1309196119795_D,1.0,drop,Heartbeat_Sound is a label helper and a full duplicate of set_a + set_b (T17.3)
exact_0636,raw_sha256,D3_set_b_Bunlabelledtest__242_1309197394064_A,D3,dataset/archive (2)/set_b/Bunlabelledtest__242_1309197394064_A.wav,,1.0,keep,byte-identical group; kept by the T17.6 priority rule
exact_0636,raw_sha256,HB_unlabel_Bunlabelledtest__242_1309197394064_A,heartbeat_sound,dataset/Heartbeat_Sound/unlabel/Bunlabelledtest__242_1309197394064_A.wav,D3_set_b_Bunlabelledtest__242_1309197394064_A,1.0,drop,Heartbeat_Sound is a label helper and a full duplicate of set_a + set_b (T17.3)
exact_0637,raw_sha256,D3_set_b_Bunlabelledtest__242_1309197394064_C,D3,dataset/archive (2)/set_b/Bunlabelledtest__242_1309197394064_C.wav,,1.0,keep,byte-identical group; kept by the T17.6 priority rule
exact_0637,raw_sha256,HB_unlabel_Bunlabelledtest__242_1309197394064_C,heartbeat_sound,dataset/Heartbeat_Sound/unlabel/Bunlabelledtest__242_1309197394064_C.wav,D3_set_b_Bunlabelledtest__242_1309197394064_C,1.0,drop,Heartbeat_Sound is a label helper and a full duplicate of set_a + set_b (T17.3)
exact_0638,raw_sha256,D3_set_b_Bunlabelledtest__243_1309197760898_D,D3,dataset/archive (2)/set_b/Bunlabelledtest__243_1309197760898_D.wav,,1.0,keep,byte-identical group; kept by the T17.6 priority rule
exact_0638,raw_sha256,HB_unlabel_Bunlabelledtest__243_1309197760898_D,heartbeat_sound,dataset/Heartbeat_Sound/unlabel/Bunlabelledtest__243_1309197760898_D.wav,D3_set_b_Bunlabelledtest__243_1309197760898_D,1.0,drop,Heartbeat_Sound is a label helper and a full duplicate of set_a + set_b (T17.3)
exact_0639,raw_sha256,D3_set_b_Bunlabelledtest__245_1309198844065_A,D3,dataset/archive (2)/set_b/Bunlabelledtest__245_1309198844065_A.wav,,1.0,keep,byte-identical group; kept by the T17.6 priority rule
exact_0639,raw_sha256,HB_unlabel_Bunlabelledtest__245_1309198844065_A,heartbeat_sound,dataset/Heartbeat_Sound/unlabel/Bunlabelledtest__245_1309198844065_A.wav,D3_set_b_Bunlabelledtest__245_1309198844065_A,1.0,drop,Heartbeat_Sound is a label helper and a full duplicate of set_a + set_b (T17.3)
exact_0640,raw_sha256,D3_set_b_Bunlabelledtest__245_1309200438094_C,D3,dataset/archive (2)/set_b/Bunlabelledtest__245_1309200438094_C.wav,,1.0,keep,byte-identical group; kept by the T17.6 priority rule
exact_0640,raw_sha256,HB_unlabel_Bunlabelledtest__245_1309200438094_C,heartbeat_sound,dataset/Heartbeat_Sound/unlabel/Bunlabelledtest__245_1309200438094_C.wav,D3_set_b_Bunlabelledtest__245_1309200438094_C,1.0,drop,Heartbeat_Sound is a label helper and a full duplicate of set_a + set_b (T17.3)
exact_0641,raw_sha256,D3_set_b_Bunlabelledtest__248_1309201683806_B,D3,dataset/archive (2)/set_b/Bunlabelledtest__248_1309201683806_B.wav,,1.0,keep,byte-identical group; kept by the T17.6 priority rule
exact_0641,raw_sha256,HB_unlabel_Bunlabelledtest__248_1309201683806_B,heartbeat_sound,dataset/Heartbeat_Sound/unlabel/Bunlabelledtest__248_1309201683806_B.wav,D3_set_b_Bunlabelledtest__248_1309201683806_B,1.0,drop,Heartbeat_Sound is a label helper and a full duplicate of set_a + set_b (T17.3)
exact_0642,raw_sha256,D3_set_b_Bunlabelledtest__248_1309201683806_D,D3,dataset/archive (2)/set_b/Bunlabelledtest__248_1309201683806_D.wav,,1.0,keep,byte-identical group; kept by the T17.6 priority rule
exact_0642,raw_sha256,HB_unlabel_Bunlabelledtest__248_1309201683806_D,heartbeat_sound,dataset/Heartbeat_Sound/unlabel/Bunlabelledtest__248_1309201683806_D.wav,D3_set_b_Bunlabelledtest__248_1309201683806_D,1.0,drop,Heartbeat_Sound is a label helper and a full duplicate of set_a + set_b (T17.3)
exact_0643,raw_sha256,D3_set_b_Bunlabelledtest__254_1309350589009_B,D3,dataset/archive (2)/set_b/Bunlabelledtest__254_1309350589009_B.wav,,1.0,keep,byte-identical group; kept by the T17.6 priority rule
exact_0643,raw_sha256,HB_unlabel_Bunlabelledtest__254_1309350589009_B,heartbeat_sound,dataset/Heartbeat_Sound/unlabel/Bunlabelledtest__254_1309350589009_B.wav,D3_set_b_Bunlabelledtest__254_1309350589009_B,1.0,drop,Heartbeat_Sound is a label helper and a full duplicate of set_a + set_b (T17.3)
exact_0644,raw_sha256,D3_set_b_Bunlabelledtest__255_1309351210897_B,D3,dataset/archive (2)/set_b/Bunlabelledtest__255_1309351210897_B.wav,,1.0,keep,byte-identical group; kept by the T17.6 priority rule
exact_0644,raw_sha256,HB_unlabel_Bunlabelledtest__255_1309351210897_B,heartbeat_sound,dataset/Heartbeat_Sound/unlabel/Bunlabelledtest__255_1309351210897_B.wav,D3_set_b_Bunlabelledtest__255_1309351210897_B,1.0,drop,Heartbeat_Sound is a label helper and a full duplicate of set_a + set_b (T17.3)
exact_0645,raw_sha256,D3_set_b_Bunlabelledtest__259_1309352630271_B,D3,dataset/archive (2)/set_b/Bunlabelledtest__259_1309352630271_B.wav,,1.0,keep,byte-identical group; kept by the T17.6 priority rule
exact_0645,raw_sha256,HB_unlabel_Bunlabelledtest__259_1309352630271_B,heartbeat_sound,dataset/Heartbeat_Sound/unlabel/Bunlabelledtest__259_1309352630271_B.wav,D3_set_b_Bunlabelledtest__259_1309352630271_B,1.0,drop,Heartbeat_Sound is a label helper and a full duplicate of set_a + set_b (T17.3)
exact_0646,raw_sha256,D3_set_b_Bunlabelledtest__260_1309353164458_A,D3,dataset/archive (2)/set_b/Bunlabelledtest__260_1309353164458_A.wav,,1.0,keep,byte-identical group; kept by the T17.6 priority rule
exact_0646,raw_sha256,HB_unlabel_Bunlabelledtest__260_1309353164458_A,heartbeat_sound,dataset/Heartbeat_Sound/unlabel/Bunlabelledtest__260_1309353164458_A.wav,D3_set_b_Bunlabelledtest__260_1309353164458_A,1.0,drop,Heartbeat_Sound is a label helper and a full duplicate of set_a + set_b (T17.3)
exact_0647,raw_sha256,D3_set_b_Bunlabelledtest__262_1309355283807_B,D3,dataset/archive (2)/set_b/Bunlabelledtest__262_1309355283807_B.wav,,1.0,keep,byte-identical group; kept by the T17.6 priority rule
exact_0647,raw_sha256,HB_unlabel_Bunlabelledtest__262_1309355283807_B,heartbeat_sound,dataset/Heartbeat_Sound/unlabel/Bunlabelledtest__262_1309355283807_B.wav,D3_set_b_Bunlabelledtest__262_1309355283807_B,1.0,drop,Heartbeat_Sound is a label helper and a full duplicate of set_a + set_b (T17.3)
exact_0648,raw_sha256,D3_set_b_Bunlabelledtest__264_1309356143724_A,D3,dataset/archive (2)/set_b/Bunlabelledtest__264_1309356143724_A.wav,,1.0,keep,byte-identical group; kept by the T17.6 priority rule
exact_0648,raw_sha256,HB_unlabel_Bunlabelledtest__264_1309356143724_A,heartbeat_sound,dataset/Heartbeat_Sound/unlabel/Bunlabelledtest__264_1309356143724_A.wav,D3_set_b_Bunlabelledtest__264_1309356143724_A,1.0,drop,Heartbeat_Sound is a label helper and a full duplicate of set_a + set_b (T17.3)
exact_0649,raw_sha256,D3_set_b_Bunlabelledtest__268_1309368960960_A,D3,dataset/archive (2)/set_b/Bunlabelledtest__268_1309368960960_A.wav,,1.0,keep,byte-identical group; kept by the T17.6 priority rule
exact_0649,raw_sha256,HB_unlabel_Bunlabelledtest__268_1309368960960_A,heartbeat_sound,dataset/Heartbeat_Sound/unlabel/Bunlabelledtest__268_1309368960960_A.wav,D3_set_b_Bunlabelledtest__268_1309368960960_A,1.0,drop,Heartbeat_Sound is a label helper and a full duplicate of set_a + set_b (T17.3)
exact_0650,raw_sha256,D3_set_b_Bunlabelledtest__268_1309368960960_E,D3,dataset/archive (2)/set_b/Bunlabelledtest__268_1309368960960_E.wav,,1.0,keep,byte-identical group; kept by the T17.6 priority rule
exact_0650,raw_sha256,HB_unlabel_Bunlabelledtest__268_1309368960960_E,heartbeat_sound,dataset/Heartbeat_Sound/unlabel/Bunlabelledtest__268_1309368960960_E.wav,D3_set_b_Bunlabelledtest__268_1309368960960_E,1.0,drop,Heartbeat_Sound is a label helper and a full duplicate of set_a + set_b (T17.3)
exact_0651,raw_sha256,D3_set_b_Bunlabelledtest__270_1309369533040_D,D3,dataset/archive (2)/set_b/Bunlabelledtest__270_1309369533040_D.wav,,1.0,keep,byte-identical group; kept by the T17.6 priority rule
exact_0651,raw_sha256,HB_unlabel_Bunlabelledtest__270_1309369533040_D,heartbeat_sound,dataset/Heartbeat_Sound/unlabel/Bunlabelledtest__270_1309369533040_D.wav,D3_set_b_Bunlabelledtest__270_1309369533040_D,1.0,drop,Heartbeat_Sound is a label helper and a full duplicate of set_a + set_b (T17.3)
exact_0652,raw_sha256,D3_set_b_Bunlabelledtest__271_1309369876160_B,D3,dataset/archive (2)/set_b/Bunlabelledtest__271_1309369876160_B.wav,,1.0,keep,byte-identical group; kept by the T17.6 priority rule
exact_0652,raw_sha256,HB_unlabel_Bunlabelledtest__271_1309369876160_B,heartbeat_sound,dataset/Heartbeat_Sound/unlabel/Bunlabelledtest__271_1309369876160_B.wav,D3_set_b_Bunlabelledtest__271_1309369876160_B,1.0,drop,Heartbeat_Sound is a label helper and a full duplicate of set_a + set_b (T17.3)
exact_0653,raw_sha256,D3_set_b_Bunlabelledtest__272_1309370164386_B,D3,dataset/archive (2)/set_b/Bunlabelledtest__272_1309370164386_B.wav,,1.0,keep,byte-identical group; kept by the T17.6 priority rule
exact_0653,raw_sha256,HB_unlabel_Bunlabelledtest__272_1309370164386_B,heartbeat_sound,dataset/Heartbeat_Sound/unlabel/Bunlabelledtest__272_1309370164386_B.wav,D3_set_b_Bunlabelledtest__272_1309370164386_B,1.0,drop,Heartbeat_Sound is a label helper and a full duplicate of set_a + set_b (T17.3)
exact_0654,raw_sha256,D3_set_b_Bunlabelledtest__274_1311075637574_C,D3,dataset/archive (2)/set_b/Bunlabelledtest__274_1311075637574_C.wav,,1.0,keep,byte-identical group; kept by the T17.6 priority rule
exact_0654,raw_sha256,HB_unlabel_Bunlabelledtest__274_1311075637574_C,heartbeat_sound,dataset/Heartbeat_Sound/unlabel/Bunlabelledtest__274_1311075637574_C.wav,D3_set_b_Bunlabelledtest__274_1311075637574_C,1.0,drop,Heartbeat_Sound is a label helper and a full duplicate of set_a + set_b (T17.3)
exact_0655,raw_sha256,D3_set_b_Bunlabelledtest__278_1311163365896_C,D3,dataset/archive (2)/set_b/Bunlabelledtest__278_1311163365896_C.wav,,1.0,keep,byte-identical group; kept by the T17.6 priority rule
exact_0655,raw_sha256,HB_unlabel_Bunlabelledtest__278_1311163365896_C,heartbeat_sound,dataset/Heartbeat_Sound/unlabel/Bunlabelledtest__278_1311163365896_C.wav,D3_set_b_Bunlabelledtest__278_1311163365896_C,1.0,drop,Heartbeat_Sound is a label helper and a full duplicate of set_a + set_b (T17.3)
exact_0656,raw_sha256,D3_set_b_Bunlabelledtest__278_1311163365896_D,D3,dataset/archive (2)/set_b/Bunlabelledtest__278_1311163365896_D.wav,,1.0,keep,byte-identical group; kept by the T17.6 priority rule
exact_0656,raw_sha256,HB_unlabel_Bunlabelledtest__278_1311163365896_D,heartbeat_sound,dataset/Heartbeat_Sound/unlabel/Bunlabelledtest__278_1311163365896_D.wav,D3_set_b_Bunlabelledtest__278_1311163365896_D,1.0,drop,Heartbeat_Sound is a label helper and a full duplicate of set_a + set_b (T17.3)
exact_0657,raw_sha256,D3_set_b_Bunlabelledtest__280_1311165195344_B,D3,dataset/archive (2)/set_b/Bunlabelledtest__280_1311165195344_B.wav,,1.0,keep,byte-identical group; kept by the T17.6 priority rule
exact_0657,raw_sha256,HB_unlabel_Bunlabelledtest__280_1311165195344_B,heartbeat_sound,dataset/Heartbeat_Sound/unlabel/Bunlabelledtest__280_1311165195344_B.wav,D3_set_b_Bunlabelledtest__280_1311165195344_B,1.0,drop,Heartbeat_Sound is a label helper and a full duplicate of set_a + set_b (T17.3)
exact_0658,raw_sha256,D3_set_b_Bunlabelledtest__281_1311165683454_C,D3,dataset/archive (2)/set_b/Bunlabelledtest__281_1311165683454_C.wav,,1.0,keep,byte-identical group; kept by the T17.6 priority rule
exact_0658,raw_sha256,HB_unlabel_Bunlabelledtest__281_1311165683454_C,heartbeat_sound,dataset/Heartbeat_Sound/unlabel/Bunlabelledtest__281_1311165683454_C.wav,D3_set_b_Bunlabelledtest__281_1311165683454_C,1.0,drop,Heartbeat_Sound is a label helper and a full duplicate of set_a + set_b (T17.3)
exact_0659,raw_sha256,D3_set_b_Bunlabelledtest__282_1311166081161_D,D3,dataset/archive (2)/set_b/Bunlabelledtest__282_1311166081161_D.wav,,1.0,keep,byte-identical group; kept by the T17.6 priority rule
exact_0659,raw_sha256,HB_unlabel_Bunlabelledtest__282_1311166081161_D,heartbeat_sound,dataset/Heartbeat_Sound/unlabel/Bunlabelledtest__282_1311166081161_D.wav,D3_set_b_Bunlabelledtest__282_1311166081161_D,1.0,drop,Heartbeat_Sound is a label helper and a full duplicate of set_a + set_b (T17.3)
exact_0660,raw_sha256,D3_set_b_Bunlabelledtest__284_1311168471850_C,D3,dataset/archive (2)/set_b/Bunlabelledtest__284_1311168471850_C.wav,,1.0,keep,byte-identical group; kept by the T17.6 priority rule
exact_0660,raw_sha256,HB_unlabel_Bunlabelledtest__284_1311168471850_C,heartbeat_sound,dataset/Heartbeat_Sound/unlabel/Bunlabelledtest__284_1311168471850_C.wav,D3_set_b_Bunlabelledtest__284_1311168471850_C,1.0,drop,Heartbeat_Sound is a label helper and a full duplicate of set_a + set_b (T17.3)
exact_0661,raw_sha256,D3_set_b_Bunlabelledtest__286_1311170606028_B,D3,dataset/archive (2)/set_b/Bunlabelledtest__286_1311170606028_B.wav,,1.0,keep,byte-identical group; kept by the T17.6 priority rule
exact_0661,raw_sha256,HB_unlabel_Bunlabelledtest__286_1311170606028_B,heartbeat_sound,dataset/Heartbeat_Sound/unlabel/Bunlabelledtest__286_1311170606028_B.wav,D3_set_b_Bunlabelledtest__286_1311170606028_B,1.0,drop,Heartbeat_Sound is a label helper and a full duplicate of set_a + set_b (T17.3)
exact_0662,raw_sha256,D3_set_b_Bunlabelledtest__287_1311170903290_D,D3,dataset/archive (2)/set_b/Bunlabelledtest__287_1311170903290_D.wav,,1.0,keep,byte-identical group; kept by the T17.6 priority rule
exact_0662,raw_sha256,HB_unlabel_Bunlabelledtest__287_1311170903290_D,heartbeat_sound,dataset/Heartbeat_Sound/unlabel/Bunlabelledtest__287_1311170903290_D.wav,D3_set_b_Bunlabelledtest__287_1311170903290_D,1.0,drop,Heartbeat_Sound is a label helper and a full duplicate of set_a + set_b (T17.3)
exact_0663,raw_sha256,D3_set_b_Bunlabelledtest__288_1311164615284_B,D3,dataset/archive (2)/set_b/Bunlabelledtest__288_1311164615284_B.wav,,1.0,keep,byte-identical group; kept by the T17.6 priority rule
exact_0663,raw_sha256,HB_unlabel_Bunlabelledtest__288_1311164615284_B,heartbeat_sound,dataset/Heartbeat_Sound/unlabel/Bunlabelledtest__288_1311164615284_B.wav,D3_set_b_Bunlabelledtest__288_1311164615284_B,1.0,drop,Heartbeat_Sound is a label helper and a full duplicate of set_a + set_b (T17.3)
exact_0664,raw_sha256,D3_set_b_Bunlabelledtest__290_1311182875320_B,D3,dataset/archive (2)/set_b/Bunlabelledtest__290_1311182875320_B.wav,,1.0,keep,byte-identical group; kept by the T17.6 priority rule
exact_0664,raw_sha256,HB_unlabel_Bunlabelledtest__290_1311182875320_B,heartbeat_sound,dataset/Heartbeat_Sound/unlabel/Bunlabelledtest__290_1311182875320_B.wav,D3_set_b_Bunlabelledtest__290_1311182875320_B,1.0,drop,Heartbeat_Sound is a label helper and a full duplicate of set_a + set_b (T17.3)
exact_0665,raw_sha256,D3_set_b_Bunlabelledtest__293_1311680805936_B,D3,dataset/archive (2)/set_b/Bunlabelledtest__293_1311680805936_B.wav,,1.0,keep,byte-identical group; kept by the T17.6 priority rule
exact_0665,raw_sha256,HB_unlabel_Bunlabelledtest__293_1311680805936_B,heartbeat_sound,dataset/Heartbeat_Sound/unlabel/Bunlabelledtest__293_1311680805936_B.wav,D3_set_b_Bunlabelledtest__293_1311680805936_B,1.0,drop,Heartbeat_Sound is a label helper and a full duplicate of set_a + set_b (T17.3)
exact_0666,raw_sha256,D3_set_b_Bunlabelledtest__293_1311680805936_B2,D3,dataset/archive (2)/set_b/Bunlabelledtest__293_1311680805936_B2.wav,,1.0,keep,byte-identical group; kept by the T17.6 priority rule
exact_0666,raw_sha256,HB_unlabel_Bunlabelledtest__293_1311680805936_B2,heartbeat_sound,dataset/Heartbeat_Sound/unlabel/Bunlabelledtest__293_1311680805936_B2.wav,D3_set_b_Bunlabelledtest__293_1311680805936_B2,1.0,drop,Heartbeat_Sound is a label helper and a full duplicate of set_a + set_b (T17.3)
exact_0667,raw_sha256,D3_set_b_Bunlabelledtest__294_1311681084248_D,D3,dataset/archive (2)/set_b/Bunlabelledtest__294_1311681084248_D.wav,,1.0,keep,byte-identical group; kept by the T17.6 priority rule
exact_0667,raw_sha256,HB_unlabel_Bunlabelledtest__294_1311681084248_D,heartbeat_sound,dataset/Heartbeat_Sound/unlabel/Bunlabelledtest__294_1311681084248_D.wav,D3_set_b_Bunlabelledtest__294_1311681084248_D,1.0,drop,Heartbeat_Sound is a label helper and a full duplicate of set_a + set_b (T17.3)
exact_0668,raw_sha256,D3_set_b_Bunlabelledtest__296_1311682952647_A,D3,dataset/archive (2)/set_b/Bunlabelledtest__296_1311682952647_A.wav,,1.0,keep,byte-identical group; kept by the T17.6 priority rule
exact_0668,raw_sha256,HB_unlabel_Bunlabelledtest__296_1311682952647_A,heartbeat_sound,dataset/Heartbeat_Sound/unlabel/Bunlabelledtest__296_1311682952647_A.wav,D3_set_b_Bunlabelledtest__296_1311682952647_A,1.0,drop,Heartbeat_Sound is a label helper and a full duplicate of set_a + set_b (T17.3)
exact_0669,raw_sha256,D3_set_b_Bunlabelledtest__296_1311682952647_B,D3,dataset/archive (2)/set_b/Bunlabelledtest__296_1311682952647_B.wav,,1.0,keep,byte-identical group; kept by the T17.6 priority rule
exact_0669,raw_sha256,HB_unlabel_Bunlabelledtest__296_1311682952647_B,heartbeat_sound,dataset/Heartbeat_Sound/unlabel/Bunlabelledtest__296_1311682952647_B.wav,D3_set_b_Bunlabelledtest__296_1311682952647_B,1.0,drop,Heartbeat_Sound is a label helper and a full duplicate of set_a + set_b (T17.3)
exact_0670,raw_sha256,D3_set_b_Bunlabelledtest__300_1311772096120_B,D3,dataset/archive (2)/set_b/Bunlabelledtest__300_1311772096120_B.wav,,1.0,keep,byte-identical group; kept by the T17.6 priority rule
exact_0670,raw_sha256,HB_unlabel_Bunlabelledtest__300_1311772096120_B,heartbeat_sound,dataset/Heartbeat_Sound/unlabel/Bunlabelledtest__300_1311772096120_B.wav,D3_set_b_Bunlabelledtest__300_1311772096120_B,1.0,drop,Heartbeat_Sound is a label helper and a full duplicate of set_a + set_b (T17.3)
exact_0671,raw_sha256,D3_set_b_Bunlabelledtest__300_1311772096120_C,D3,dataset/archive (2)/set_b/Bunlabelledtest__300_1311772096120_C.wav,,1.0,keep,byte-identical group; kept by the T17.6 priority rule
exact_0671,raw_sha256,HB_unlabel_Bunlabelledtest__300_1311772096120_C,heartbeat_sound,dataset/Heartbeat_Sound/unlabel/Bunlabelledtest__300_1311772096120_C.wav,D3_set_b_Bunlabelledtest__300_1311772096120_C,1.0,drop,Heartbeat_Sound is a label helper and a full duplicate of set_a + set_b (T17.3)
exact_0672,raw_sha256,D3_set_b_Bunlabelledtest__300_1311772096120_D,D3,dataset/archive (2)/set_b/Bunlabelledtest__300_1311772096120_D.wav,,1.0,keep,byte-identical group; kept by the T17.6 priority rule
exact_0672,raw_sha256,HB_unlabel_Bunlabelledtest__300_1311772096120_D,heartbeat_sound,dataset/Heartbeat_Sound/unlabel/Bunlabelledtest__300_1311772096120_D.wav,D3_set_b_Bunlabelledtest__300_1311772096120_D,1.0,drop,Heartbeat_Sound is a label helper and a full duplicate of set_a + set_b (T17.3)
exact_0673,raw_sha256,D3_set_b_extrastole__127_1306764300147_C2,D3,dataset/archive (2)/set_b/extrastole__127_1306764300147_C2.wav,,1.0,keep,byte-identical group; kept by the T17.6 priority rule
exact_0673,raw_sha256,HB_extrastole_extrastole__127_1306764300147_C2,heartbeat_sound,dataset/Heartbeat_Sound/extrastole/extrastole__127_1306764300147_C2.wav,D3_set_b_extrastole__127_1306764300147_C2,1.0,drop,Heartbeat_Sound is a label helper and a full duplicate of set_a + set_b (T17.3)
exact_0674,raw_sha256,D3_set_b_extrastole__128_1306344005749_A,D3,dataset/archive (2)/set_b/extrastole__128_1306344005749_A.wav,,1.0,keep,byte-identical group; kept by the T17.6 priority rule
exact_0674,raw_sha256,HB_extrastole_extrastole__128_1306344005749_A,heartbeat_sound,dataset/Heartbeat_Sound/extrastole/extrastole__128_1306344005749_A.wav,D3_set_b_extrastole__128_1306344005749_A,1.0,drop,Heartbeat_Sound is a label helper and a full duplicate of set_a + set_b (T17.3)
exact_0675,raw_sha256,D3_set_b_extrastole__130_1306347376079_D,D3,dataset/archive (2)/set_b/extrastole__130_1306347376079_D.wav,,1.0,keep,byte-identical group; kept by the T17.6 priority rule
exact_0675,raw_sha256,HB_extrastole_extrastole__130_1306347376079_D,heartbeat_sound,dataset/Heartbeat_Sound/extrastole/extrastole__130_1306347376079_D.wav,D3_set_b_extrastole__130_1306347376079_D,1.0,drop,Heartbeat_Sound is a label helper and a full duplicate of set_a + set_b (T17.3)
exact_0676,raw_sha256,D3_set_b_extrastole__134_1306428161797_C1,D3,dataset/archive (2)/set_b/extrastole__134_1306428161797_C1.wav,,1.0,keep,byte-identical group; kept by the T17.6 priority rule
exact_0676,raw_sha256,HB_extrastole_extrastole__134_1306428161797_C1,heartbeat_sound,dataset/Heartbeat_Sound/extrastole/extrastole__134_1306428161797_C1.wav,D3_set_b_extrastole__134_1306428161797_C1,1.0,drop,Heartbeat_Sound is a label helper and a full duplicate of set_a + set_b (T17.3)
exact_0677,raw_sha256,D3_set_b_extrastole__138_1306762146980_B,D3,dataset/archive (2)/set_b/extrastole__138_1306762146980_B.wav,,1.0,keep,byte-identical group; kept by the T17.6 priority rule
exact_0677,raw_sha256,HB_extrastole_extrastole__138_1306762146980_B,heartbeat_sound,dataset/Heartbeat_Sound/extrastole/extrastole__138_1306762146980_B.wav,D3_set_b_extrastole__138_1306762146980_B,1.0,drop,Heartbeat_Sound is a label helper and a full duplicate of set_a + set_b (T17.3)
exact_0678,raw_sha256,D3_set_b_extrastole__140_1306519735121_D,D3,dataset/archive (2)/set_b/extrastole__140_1306519735121_D.wav,,1.0,keep,byte-identical group; kept by the T17.6 priority rule
exact_0678,raw_sha256,HB_extrastole_extrastole__140_1306519735121_D,heartbeat_sound,dataset/Heartbeat_Sound/extrastole/extrastole__140_1306519735121_D.wav,D3_set_b_extrastole__140_1306519735121_D,1.0,drop,Heartbeat_Sound is a label helper and a full duplicate of set_a + set_b (T17.3)
exact_0679,raw_sha256,D3_set_b_extrastole__144_1306522408528_B,D3,dataset/archive (2)/set_b/extrastole__144_1306522408528_B.wav,,1.0,keep,byte-identical group; kept by the T17.6 priority rule
exact_0679,raw_sha256,HB_extrastole_extrastole__144_1306522408528_B,heartbeat_sound,dataset/Heartbeat_Sound/extrastole/extrastole__144_1306522408528_B.wav,D3_set_b_extrastole__144_1306522408528_B,1.0,drop,Heartbeat_Sound is a label helper and a full duplicate of set_a + set_b (T17.3)
exact_0680,raw_sha256,D3_set_b_extrastole__144_1306522408528_B1,D3,dataset/archive (2)/set_b/extrastole__144_1306522408528_B1.wav,,1.0,keep,byte-identical group; kept by the T17.6 priority rule
exact_0680,raw_sha256,HB_extrastole_extrastole__144_1306522408528_B1,heartbeat_sound,dataset/Heartbeat_Sound/extrastole/extrastole__144_1306522408528_B1.wav,D3_set_b_extrastole__144_1306522408528_B1,1.0,drop,Heartbeat_Sound is a label helper and a full duplicate of set_a + set_b (T17.3)
exact_0681,raw_sha256,D3_set_b_extrastole__148_1306768801551_B,D3,dataset/archive (2)/set_b/extrastole__148_1306768801551_B.wav,,1.0,keep,byte-identical group; kept by the T17.6 priority rule
exact_0681,raw_sha256,HB_extrastole_extrastole__148_1306768801551_B,heartbeat_sound,dataset/Heartbeat_Sound/extrastole/extrastole__148_1306768801551_B.wav,D3_set_b_extrastole__148_1306768801551_B,1.0,drop,Heartbeat_Sound is a label helper and a full duplicate of set_a + set_b (T17.3)
exact_0682,raw_sha256,D3_set_b_extrastole__151_1306779785624_B,D3,dataset/archive (2)/set_b/extrastole__151_1306779785624_B.wav,,1.0,keep,byte-identical group; kept by the T17.6 priority rule
exact_0682,raw_sha256,HB_extrastole_extrastole__151_1306779785624_B,heartbeat_sound,dataset/Heartbeat_Sound/extrastole/extrastole__151_1306779785624_B.wav,D3_set_b_extrastole__151_1306779785624_B,1.0,drop,Heartbeat_Sound is a label helper and a full duplicate of set_a + set_b (T17.3)
exact_0683,raw_sha256,D3_set_b_extrastole__153_1306848820671_C,D3,dataset/archive (2)/set_b/extrastole__153_1306848820671_C.wav,,1.0,keep,byte-identical group; kept by the T17.6 priority rule
exact_0683,raw_sha256,HB_extrastole_extrastole__153_1306848820671_C,heartbeat_sound,dataset/Heartbeat_Sound/extrastole/extrastole__153_1306848820671_C.wav,D3_set_b_extrastole__153_1306848820671_C,1.0,drop,Heartbeat_Sound is a label helper and a full duplicate of set_a + set_b (T17.3)
exact_0684,raw_sha256,D3_set_b_extrastole__154_1306935608852_D2,D3,dataset/archive (2)/set_b/extrastole__154_1306935608852_D2.wav,,1.0,keep,byte-identical group; kept by the T17.6 priority rule
exact_0684,raw_sha256,HB_extrastole_extrastole__154_1306935608852_D2,heartbeat_sound,dataset/Heartbeat_Sound/extrastole/extrastole__154_1306935608852_D2.wav,D3_set_b_extrastole__154_1306935608852_D2,1.0,drop,Heartbeat_Sound is a label helper and a full duplicate of set_a + set_b (T17.3)
exact_0685,raw_sha256,D3_set_b_extrastole__163_1307104470471_C,D3,dataset/archive (2)/set_b/extrastole__163_1307104470471_C.wav,,1.0,keep,byte-identical group; kept by the T17.6 priority rule
exact_0685,raw_sha256,HB_extrastole_extrastole__163_1307104470471_C,heartbeat_sound,dataset/Heartbeat_Sound/extrastole/extrastole__163_1307104470471_C.wav,D3_set_b_extrastole__163_1307104470471_C,1.0,drop,Heartbeat_Sound is a label helper and a full duplicate of set_a + set_b (T17.3)
exact_0686,raw_sha256,D3_set_b_extrastole__179_1307990076841_C,D3,dataset/archive (2)/set_b/extrastole__179_1307990076841_C.wav,,1.0,keep,byte-identical group; kept by the T17.6 priority rule
exact_0686,raw_sha256,HB_extrastole_extrastole__179_1307990076841_C,heartbeat_sound,dataset/Heartbeat_Sound/extrastole/extrastole__179_1307990076841_C.wav,D3_set_b_extrastole__179_1307990076841_C,1.0,drop,Heartbeat_Sound is a label helper and a full duplicate of set_a + set_b (T17.3)
exact_0687,raw_sha256,D3_set_b_extrastole__184_1308073010307_A,D3,dataset/archive (2)/set_b/extrastole__184_1308073010307_A.wav,,1.0,keep,byte-identical group; kept by the T17.6 priority rule
exact_0687,raw_sha256,HB_extrastole_extrastole__184_1308073010307_A,heartbeat_sound,dataset/Heartbeat_Sound/extrastole/extrastole__184_1308073010307_A.wav,D3_set_b_extrastole__184_1308073010307_A,1.0,drop,Heartbeat_Sound is a label helper and a full duplicate of set_a + set_b (T17.3)
exact_0688,raw_sha256,D3_set_b_extrastole__190_1308076920011_C,D3,dataset/archive (2)/set_b/extrastole__190_1308076920011_C.wav,,1.0,keep,byte-identical group; kept by the T17.6 priority rule
exact_0688,raw_sha256,HB_extrastole_extrastole__190_1308076920011_C,heartbeat_sound,dataset/Heartbeat_Sound/extrastole/extrastole__190_1308076920011_C.wav,D3_set_b_extrastole__190_1308076920011_C,1.0,drop,Heartbeat_Sound is a label helper and a full duplicate of set_a + set_b (T17.3)
exact_0689,raw_sha256,D3_set_b_extrastole__191_1308077299430_A,D3,dataset/archive (2)/set_b/extrastole__191_1308077299430_A.wav,,1.0,keep,byte-identical group; kept by the T17.6 priority rule
exact_0689,raw_sha256,HB_extrastole_extrastole__191_1308077299430_A,heartbeat_sound,dataset/Heartbeat_Sound/extrastole/extrastole__191_1308077299430_A.wav,D3_set_b_extrastole__191_1308077299430_A,1.0,drop,Heartbeat_Sound is a label helper and a full duplicate of set_a + set_b (T17.3)
exact_0690,raw_sha256,D3_set_b_extrastole__194_1308139824187_B,D3,dataset/archive (2)/set_b/extrastole__194_1308139824187_B.wav,,1.0,keep,byte-identical group; kept by the T17.6 priority rule
exact_0690,raw_sha256,HB_extrastole_extrastole__194_1308139824187_B,heartbeat_sound,dataset/Heartbeat_Sound/extrastole/extrastole__194_1308139824187_B.wav,D3_set_b_extrastole__194_1308139824187_B,1.0,drop,Heartbeat_Sound is a label helper and a full duplicate of set_a + set_b (T17.3)
exact_0691,raw_sha256,D3_set_b_extrastole__198_1308141739338_B,D3,dataset/archive (2)/set_b/extrastole__198_1308141739338_B.wav,,1.0,keep,byte-identical group; kept by the T17.6 priority rule
exact_0691,raw_sha256,HB_extrastole_extrastole__198_1308141739338_B,heartbeat_sound,dataset/Heartbeat_Sound/extrastole/extrastole__198_1308141739338_B.wav,D3_set_b_extrastole__198_1308141739338_B,1.0,drop,Heartbeat_Sound is a label helper and a full duplicate of set_a + set_b (T17.3)
exact_0692,raw_sha256,D3_set_b_extrastole__198_1308141739338_B1,D3,dataset/archive (2)/set_b/extrastole__198_1308141739338_B1.wav,,1.0,keep,byte-identical group; kept by the T17.6 priority rule
exact_0692,raw_sha256,HB_extrastole_extrastole__198_1308141739338_B1,heartbeat_sound,dataset/Heartbeat_Sound/extrastole/extrastole__198_1308141739338_B1.wav,D3_set_b_extrastole__198_1308141739338_B1,1.0,drop,Heartbeat_Sound is a label helper and a full duplicate of set_a + set_b (T17.3)
exact_0693,raw_sha256,D3_set_b_extrastole__202_1308145175747_C1,D3,dataset/archive (2)/set_b/extrastole__202_1308145175747_C1.wav,,1.0,keep,byte-identical group; kept by the T17.6 priority rule
exact_0693,raw_sha256,HB_extrastole_extrastole__202_1308145175747_C1,heartbeat_sound,dataset/Heartbeat_Sound/extrastole/extrastole__202_1308145175747_C1.wav,D3_set_b_extrastole__202_1308145175747_C1,1.0,drop,Heartbeat_Sound is a label helper and a full duplicate of set_a + set_b (T17.3)
exact_0694,raw_sha256,D3_set_b_extrastole__202_1308145175747_C2,D3,dataset/archive (2)/set_b/extrastole__202_1308145175747_C2.wav,,1.0,keep,byte-identical group; kept by the T17.6 priority rule
exact_0694,raw_sha256,HB_extrastole_extrastole__202_1308145175747_C2,heartbeat_sound,dataset/Heartbeat_Sound/extrastole/extrastole__202_1308145175747_C2.wav,D3_set_b_extrastole__202_1308145175747_C2,1.0,drop,Heartbeat_Sound is a label helper and a full duplicate of set_a + set_b (T17.3)
exact_0695,raw_sha256,D3_set_b_extrastole__207_1308159792607_B,D3,dataset/archive (2)/set_b/extrastole__207_1308159792607_B.wav,,1.0,keep,byte-identical group; kept by the T17.6 priority rule
exact_0695,raw_sha256,HB_extrastole_extrastole__207_1308159792607_B,heartbeat_sound,dataset/Heartbeat_Sound/extrastole/extrastole__207_1308159792607_B.wav,D3_set_b_extrastole__207_1308159792607_B,1.0,drop,Heartbeat_Sound is a label helper and a full duplicate of set_a + set_b (T17.3)
exact_0696,raw_sha256,D3_set_b_extrastole__207_1308159792607_B1,D3,dataset/archive (2)/set_b/extrastole__207_1308159792607_B1.wav,,1.0,keep,byte-identical group; kept by the T17.6 priority rule
exact_0696,raw_sha256,HB_extrastole_extrastole__207_1308159792607_B1,heartbeat_sound,dataset/Heartbeat_Sound/extrastole/extrastole__207_1308159792607_B1.wav,D3_set_b_extrastole__207_1308159792607_B1,1.0,drop,Heartbeat_Sound is a label helper and a full duplicate of set_a + set_b (T17.3)
exact_0697,raw_sha256,D3_set_b_extrastole__209_1308162216750_D,D3,dataset/archive (2)/set_b/extrastole__209_1308162216750_D.wav,,1.0,keep,byte-identical group; kept by the T17.6 priority rule
exact_0697,raw_sha256,HB_extrastole_extrastole__209_1308162216750_D,heartbeat_sound,dataset/Heartbeat_Sound/extrastole/extrastole__209_1308162216750_D.wav,D3_set_b_extrastole__209_1308162216750_D,1.0,drop,Heartbeat_Sound is a label helper and a full duplicate of set_a + set_b (T17.3)
exact_0698,raw_sha256,D3_set_b_extrastole__210_1308162935880_C,D3,dataset/archive (2)/set_b/extrastole__210_1308162935880_C.wav,,1.0,keep,byte-identical group; kept by the T17.6 priority rule
exact_0698,raw_sha256,HB_extrastole_extrastole__210_1308162935880_C,heartbeat_sound,dataset/Heartbeat_Sound/extrastole/extrastole__210_1308162935880_C.wav,D3_set_b_extrastole__210_1308162935880_C,1.0,drop,Heartbeat_Sound is a label helper and a full duplicate of set_a + set_b (T17.3)
exact_0699,raw_sha256,D3_set_b_extrastole__213_1308245263936_D,D3,dataset/archive (2)/set_b/extrastole__213_1308245263936_D.wav,,1.0,keep,byte-identical group; kept by the T17.6 priority rule
exact_0699,raw_sha256,HB_extrastole_extrastole__213_1308245263936_D,heartbeat_sound,dataset/Heartbeat_Sound/extrastole/extrastole__213_1308245263936_D.wav,D3_set_b_extrastole__213_1308245263936_D,1.0,drop,Heartbeat_Sound is a label helper and a full duplicate of set_a + set_b (T17.3)
exact_0700,raw_sha256,D3_set_b_extrastole__215_1308245664733_B,D3,dataset/archive (2)/set_b/extrastole__215_1308245664733_B.wav,,1.0,keep,byte-identical group; kept by the T17.6 priority rule
exact_0700,raw_sha256,HB_extrastole_extrastole__215_1308245664733_B,heartbeat_sound,dataset/Heartbeat_Sound/extrastole/extrastole__215_1308245664733_B.wav,D3_set_b_extrastole__215_1308245664733_B,1.0,drop,Heartbeat_Sound is a label helper and a full duplicate of set_a + set_b (T17.3)
exact_0701,raw_sha256,D3_set_b_extrastole__215_1308245664733_B1,D3,dataset/archive (2)/set_b/extrastole__215_1308245664733_B1.wav,,1.0,keep,byte-identical group; kept by the T17.6 priority rule
exact_0701,raw_sha256,HB_extrastole_extrastole__215_1308245664733_B1,heartbeat_sound,dataset/Heartbeat_Sound/extrastole/extrastole__215_1308245664733_B1.wav,D3_set_b_extrastole__215_1308245664733_B1,1.0,drop,Heartbeat_Sound is a label helper and a full duplicate of set_a + set_b (T17.3)
exact_0702,raw_sha256,D3_set_b_extrastole__216_1308245839516_A,D3,dataset/archive (2)/set_b/extrastole__216_1308245839516_A.wav,,1.0,keep,byte-identical group; kept by the T17.6 priority rule
exact_0702,raw_sha256,HB_extrastole_extrastole__216_1308245839516_A,heartbeat_sound,dataset/Heartbeat_Sound/extrastole/extrastole__216_1308245839516_A.wav,D3_set_b_extrastole__216_1308245839516_A,1.0,drop,Heartbeat_Sound is a label helper and a full duplicate of set_a + set_b (T17.3)
exact_0703,raw_sha256,D3_set_b_extrastole__216_1308245839516_B,D3,dataset/archive (2)/set_b/extrastole__216_1308245839516_B.wav,,1.0,keep,byte-identical group; kept by the T17.6 priority rule
exact_0703,raw_sha256,HB_extrastole_extrastole__216_1308245839516_B,heartbeat_sound,dataset/Heartbeat_Sound/extrastole/extrastole__216_1308245839516_B.wav,D3_set_b_extrastole__216_1308245839516_B,1.0,drop,Heartbeat_Sound is a label helper and a full duplicate of set_a + set_b (T17.3)
exact_0704,raw_sha256,D3_set_b_extrastole__220_1308250132896_B,D3,dataset/archive (2)/set_b/extrastole__220_1308250132896_B.wav,,1.0,keep,byte-identical group; kept by the T17.6 priority rule
exact_0704,raw_sha256,HB_extrastole_extrastole__220_1308250132896_B,heartbeat_sound,dataset/Heartbeat_Sound/extrastole/extrastole__220_1308250132896_B.wav,D3_set_b_extrastole__220_1308250132896_B,1.0,drop,Heartbeat_Sound is a label helper and a full duplicate of set_a + set_b (T17.3)
exact_0705,raw_sha256,D3_set_b_extrastole__224_1308337157445_B,D3,dataset/archive (2)/set_b/extrastole__224_1308337157445_B.wav,,1.0,keep,byte-identical group; kept by the T17.6 priority rule
exact_0705,raw_sha256,HB_extrastole_extrastole__224_1308337157445_B,heartbeat_sound,dataset/Heartbeat_Sound/extrastole/extrastole__224_1308337157445_B.wav,D3_set_b_extrastole__224_1308337157445_B,1.0,drop,Heartbeat_Sound is a label helper and a full duplicate of set_a + set_b (T17.3)
exact_0706,raw_sha256,D3_set_b_extrastole__229_1308594979317_B,D3,dataset/archive (2)/set_b/extrastole__229_1308594979317_B.wav,,1.0,keep,byte-identical group; kept by the T17.6 priority rule
exact_0706,raw_sha256,HB_extrastole_extrastole__229_1308594979317_B,heartbeat_sound,dataset/Heartbeat_Sound/extrastole/extrastole__229_1308594979317_B.wav,D3_set_b_extrastole__229_1308594979317_B,1.0,drop,Heartbeat_Sound is a label helper and a full duplicate of set_a + set_b (T17.3)
exact_0707,raw_sha256,D3_set_b_extrastole__235_1308749032454_B,D3,dataset/archive (2)/set_b/extrastole__235_1308749032454_B.wav,,1.0,keep,byte-identical group; kept by the T17.6 priority rule
exact_0707,raw_sha256,HB_extrastole_extrastole__235_1308749032454_B,heartbeat_sound,dataset/Heartbeat_Sound/extrastole/extrastole__235_1308749032454_B.wav,D3_set_b_extrastole__235_1308749032454_B,1.0,drop,Heartbeat_Sound is a label helper and a full duplicate of set_a + set_b (T17.3)
exact_0708,raw_sha256,D3_set_b_extrastole__237_1308750231222_A,D3,dataset/archive (2)/set_b/extrastole__237_1308750231222_A.wav,,1.0,keep,byte-identical group; kept by the T17.6 priority rule
exact_0708,raw_sha256,HB_extrastole_extrastole__237_1308750231222_A,heartbeat_sound,dataset/Heartbeat_Sound/extrastole/extrastole__237_1308750231222_A.wav,D3_set_b_extrastole__237_1308750231222_A,1.0,drop,Heartbeat_Sound is a label helper and a full duplicate of set_a + set_b (T17.3)
exact_0709,raw_sha256,D3_set_b_extrastole__237_1308750231222_C,D3,dataset/archive (2)/set_b/extrastole__237_1308750231222_C.wav,,1.0,keep,byte-identical group; kept by the T17.6 priority rule
exact_0709,raw_sha256,HB_extrastole_extrastole__237_1308750231222_C,heartbeat_sound,dataset/Heartbeat_Sound/extrastole/extrastole__237_1308750231222_C.wav,D3_set_b_extrastole__237_1308750231222_C,1.0,drop,Heartbeat_Sound is a label helper and a full duplicate of set_a + set_b (T17.3)
exact_0710,raw_sha256,D3_set_b_extrastole__249_1309202052376_C,D3,dataset/archive (2)/set_b/extrastole__249_1309202052376_C.wav,,1.0,keep,byte-identical group; kept by the T17.6 priority rule
exact_0710,raw_sha256,HB_extrastole_extrastole__249_1309202052376_C,heartbeat_sound,dataset/Heartbeat_Sound/extrastole/extrastole__249_1309202052376_C.wav,D3_set_b_extrastole__249_1309202052376_C,1.0,drop,Heartbeat_Sound is a label helper and a full duplicate of set_a + set_b (T17.3)
exact_0711,raw_sha256,D3_set_b_extrastole__253_1309350256198_B,D3,dataset/archive (2)/set_b/extrastole__253_1309350256198_B.wav,,1.0,keep,byte-identical group; kept by the T17.6 priority rule
exact_0711,raw_sha256,HB_extrastole_extrastole__253_1309350256198_B,heartbeat_sound,dataset/Heartbeat_Sound/extrastole/extrastole__253_1309350256198_B.wav,D3_set_b_extrastole__253_1309350256198_B,1.0,drop,Heartbeat_Sound is a label helper and a full duplicate of set_a + set_b (T17.3)
exact_0712,raw_sha256,D3_set_b_extrastole__261_1309353556003_C,D3,dataset/archive (2)/set_b/extrastole__261_1309353556003_C.wav,,1.0,keep,byte-identical group; kept by the T17.6 priority rule
exact_0712,raw_sha256,HB_extrastole_extrastole__261_1309353556003_C,heartbeat_sound,dataset/Heartbeat_Sound/extrastole/extrastole__261_1309353556003_C.wav,D3_set_b_extrastole__261_1309353556003_C,1.0,drop,Heartbeat_Sound is a label helper and a full duplicate of set_a + set_b (T17.3)
exact_0713,raw_sha256,D3_set_b_extrastole__265_1309367698923_C,D3,dataset/archive (2)/set_b/extrastole__265_1309367698923_C.wav,,1.0,keep,byte-identical group; kept by the T17.6 priority rule
exact_0713,raw_sha256,HB_extrastole_extrastole__265_1309367698923_C,heartbeat_sound,dataset/Heartbeat_Sound/extrastole/extrastole__265_1309367698923_C.wav,D3_set_b_extrastole__265_1309367698923_C,1.0,drop,Heartbeat_Sound is a label helper and a full duplicate of set_a + set_b (T17.3)
exact_0714,raw_sha256,D3_set_b_extrastole__274_1311075637574_A,D3,dataset/archive (2)/set_b/extrastole__274_1311075637574_A.wav,,1.0,keep,byte-identical group; kept by the T17.6 priority rule
exact_0714,raw_sha256,HB_extrastole_extrastole__274_1311075637574_A,heartbeat_sound,dataset/Heartbeat_Sound/extrastole/extrastole__274_1311075637574_A.wav,D3_set_b_extrastole__274_1311075637574_A,1.0,drop,Heartbeat_Sound is a label helper and a full duplicate of set_a + set_b (T17.3)
exact_0715,raw_sha256,D3_set_b_extrastole__275_1310990852160_B,D3,dataset/archive (2)/set_b/extrastole__275_1310990852160_B.wav,,1.0,keep,byte-identical group; kept by the T17.6 priority rule
exact_0715,raw_sha256,HB_extrastole_extrastole__275_1310990852160_B,heartbeat_sound,dataset/Heartbeat_Sound/extrastole/extrastole__275_1310990852160_B.wav,D3_set_b_extrastole__275_1310990852160_B,1.0,drop,Heartbeat_Sound is a label helper and a full duplicate of set_a + set_b (T17.3)
exact_0716,raw_sha256,D3_set_b_extrastole__286_1311170606028_D,D3,dataset/archive (2)/set_b/extrastole__286_1311170606028_D.wav,,1.0,keep,byte-identical group; kept by the T17.6 priority rule
exact_0716,raw_sha256,HB_extrastole_extrastole__286_1311170606028_D,heartbeat_sound,dataset/Heartbeat_Sound/extrastole/extrastole__286_1311170606028_D.wav,D3_set_b_extrastole__286_1311170606028_D,1.0,drop,Heartbeat_Sound is a label helper and a full duplicate of set_a + set_b (T17.3)
exact_0717,raw_sha256,D3_set_b_extrastole__294_1311681084248_C,D3,dataset/archive (2)/set_b/extrastole__294_1311681084248_C.wav,,1.0,keep,byte-identical group; kept by the T17.6 priority rule
exact_0717,raw_sha256,HB_extrastole_extrastole__294_1311681084248_C,heartbeat_sound,dataset/Heartbeat_Sound/extrastole/extrastole__294_1311681084248_C.wav,D3_set_b_extrastole__294_1311681084248_C,1.0,drop,Heartbeat_Sound is a label helper and a full duplicate of set_a + set_b (T17.3)
exact_0718,raw_sha256,D3_set_b_extrastole__298_1311685888900_C,D3,dataset/archive (2)/set_b/extrastole__298_1311685888900_C.wav,,1.0,keep,byte-identical group; kept by the T17.6 priority rule
exact_0718,raw_sha256,HB_extrastole_extrastole__298_1311685888900_C,heartbeat_sound,dataset/Heartbeat_Sound/extrastole/extrastole__298_1311685888900_C.wav,D3_set_b_extrastole__298_1311685888900_C,1.0,drop,Heartbeat_Sound is a label helper and a full duplicate of set_a + set_b (T17.3)
exact_0719,raw_sha256,D3_set_b_murmur__112_1306243000964_A,D3,dataset/archive (2)/set_b/murmur__112_1306243000964_A.wav,,1.0,keep,byte-identical group; kept by the T17.6 priority rule
exact_0719,raw_sha256,HB_murmur_murmur__112_1306243000964_A,heartbeat_sound,dataset/Heartbeat_Sound/murmur/murmur__112_1306243000964_A.wav,D3_set_b_murmur__112_1306243000964_A,1.0,drop,Heartbeat_Sound is a label helper and a full duplicate of set_a + set_b (T17.3)
exact_0720,raw_sha256,D3_set_b_murmur__112_1306243000964_B,D3,dataset/archive (2)/set_b/murmur__112_1306243000964_B.wav,,1.0,keep,byte-identical group; kept by the T17.6 priority rule
exact_0720,raw_sha256,HB_murmur_murmur__112_1306243000964_B,heartbeat_sound,dataset/Heartbeat_Sound/murmur/murmur__112_1306243000964_B.wav,D3_set_b_murmur__112_1306243000964_B,1.0,drop,Heartbeat_Sound is a label helper and a full duplicate of set_a + set_b (T17.3)
exact_0721,raw_sha256,D3_set_b_murmur__112_1306243000964_D,D3,dataset/archive (2)/set_b/murmur__112_1306243000964_D.wav,,1.0,keep,byte-identical group; kept by the T17.6 priority rule
exact_0721,raw_sha256,HB_murmur_murmur__112_1306243000964_D,heartbeat_sound,dataset/Heartbeat_Sound/murmur/murmur__112_1306243000964_D.wav,D3_set_b_murmur__112_1306243000964_D,1.0,drop,Heartbeat_Sound is a label helper and a full duplicate of set_a + set_b (T17.3)
exact_0722,raw_sha256,D3_set_b_murmur__116_1306258689913_A,D3,dataset/archive (2)/set_b/murmur__116_1306258689913_A.wav,,1.0,keep,byte-identical group; kept by the T17.6 priority rule
exact_0722,raw_sha256,HB_murmur_murmur__116_1306258689913_A,heartbeat_sound,dataset/Heartbeat_Sound/murmur/murmur__116_1306258689913_A.wav,D3_set_b_murmur__116_1306258689913_A,1.0,drop,Heartbeat_Sound is a label helper and a full duplicate of set_a + set_b (T17.3)
exact_0723,raw_sha256,D3_set_b_murmur__116_1306258689913_C,D3,dataset/archive (2)/set_b/murmur__116_1306258689913_C.wav,,1.0,keep,byte-identical group; kept by the T17.6 priority rule
exact_0723,raw_sha256,HB_murmur_murmur__116_1306258689913_C,heartbeat_sound,dataset/Heartbeat_Sound/murmur/murmur__116_1306258689913_C.wav,D3_set_b_murmur__116_1306258689913_C,1.0,drop,Heartbeat_Sound is a label helper and a full duplicate of set_a + set_b (T17.3)
exact_0724,raw_sha256,D3_set_b_murmur__116_1306258689913_D,D3,dataset/archive (2)/set_b/murmur__116_1306258689913_D.wav,,1.0,keep,byte-identical group; kept by the T17.6 priority rule
exact_0724,raw_sha256,HB_murmur_murmur__116_1306258689913_D,heartbeat_sound,dataset/Heartbeat_Sound/murmur/murmur__116_1306258689913_D.wav,D3_set_b_murmur__116_1306258689913_D,1.0,drop,Heartbeat_Sound is a label helper and a full duplicate of set_a + set_b (T17.3)
exact_0725,raw_sha256,D3_set_b_murmur__122_1306325762831_C,D3,dataset/archive (2)/set_b/murmur__122_1306325762831_C.wav,,1.0,keep,byte-identical group; kept by the T17.6 priority rule
exact_0725,raw_sha256,HB_murmur_murmur__122_1306325762831_C,heartbeat_sound,dataset/Heartbeat_Sound/murmur/murmur__122_1306325762831_C.wav,D3_set_b_murmur__122_1306325762831_C,1.0,drop,Heartbeat_Sound is a label helper and a full duplicate of set_a + set_b (T17.3)
exact_0726,raw_sha256,D3_set_b_murmur__122_1306325762831_D,D3,dataset/archive (2)/set_b/murmur__122_1306325762831_D.wav,,1.0,keep,byte-identical group; kept by the T17.6 priority rule
exact_0726,raw_sha256,HB_murmur_murmur__122_1306325762831_D,heartbeat_sound,dataset/Heartbeat_Sound/murmur/murmur__122_1306325762831_D.wav,D3_set_b_murmur__122_1306325762831_D,1.0,drop,Heartbeat_Sound is a label helper and a full duplicate of set_a + set_b (T17.3)
exact_0727,raw_sha256,D3_set_b_murmur__156_1306936373241_B,D3,dataset/archive (2)/set_b/murmur__156_1306936373241_B.wav,,1.0,keep,byte-identical group; kept by the T17.6 priority rule
exact_0727,raw_sha256,HB_murmur_murmur__156_1306936373241_B,heartbeat_sound,dataset/Heartbeat_Sound/murmur/murmur__156_1306936373241_B.wav,D3_set_b_murmur__156_1306936373241_B,1.0,drop,Heartbeat_Sound is a label helper and a full duplicate of set_a + set_b (T17.3)
exact_0728,raw_sha256,D3_set_b_murmur__160_1307100683334_A,D3,dataset/archive (2)/set_b/murmur__160_1307100683334_A.wav,,1.0,keep,byte-identical group; kept by the T17.6 priority rule
exact_0728,raw_sha256,HB_murmur_murmur__160_1307100683334_A,heartbeat_sound,dataset/Heartbeat_Sound/murmur/murmur__160_1307100683334_A.wav,D3_set_b_murmur__160_1307100683334_A,1.0,drop,Heartbeat_Sound is a label helper and a full duplicate of set_a + set_b (T17.3)
exact_0729,raw_sha256,D3_set_b_murmur__160_1307100683334_B,D3,dataset/archive (2)/set_b/murmur__160_1307100683334_B.wav,,1.0,keep,byte-identical group; kept by the T17.6 priority rule
exact_0729,raw_sha256,HB_murmur_murmur__160_1307100683334_B,heartbeat_sound,dataset/Heartbeat_Sound/murmur/murmur__160_1307100683334_B.wav,D3_set_b_murmur__160_1307100683334_B,1.0,drop,Heartbeat_Sound is a label helper and a full duplicate of set_a + set_b (T17.3)
exact_0730,raw_sha256,D3_set_b_murmur__161_1307101199321_A,D3,dataset/archive (2)/set_b/murmur__161_1307101199321_A.wav,,1.0,keep,byte-identical group; kept by the T17.6 priority rule
exact_0730,raw_sha256,HB_murmur_murmur__161_1307101199321_A,heartbeat_sound,dataset/Heartbeat_Sound/murmur/murmur__161_1307101199321_A.wav,D3_set_b_murmur__161_1307101199321_A,1.0,drop,Heartbeat_Sound is a label helper and a full duplicate of set_a + set_b (T17.3)
exact_0731,raw_sha256,D3_set_b_murmur__162_1307101835989_A,D3,dataset/archive (2)/set_b/murmur__162_1307101835989_A.wav,,1.0,keep,byte-identical group; kept by the T17.6 priority rule
exact_0731,raw_sha256,HB_murmur_murmur__162_1307101835989_A,heartbeat_sound,dataset/Heartbeat_Sound/murmur/murmur__162_1307101835989_A.wav,D3_set_b_murmur__162_1307101835989_A,1.0,drop,Heartbeat_Sound is a label helper and a full duplicate of set_a + set_b (T17.3)
exact_0732,raw_sha256,D3_set_b_murmur__162_1307101835989_B,D3,dataset/archive (2)/set_b/murmur__162_1307101835989_B.wav,,1.0,keep,byte-identical group; kept by the T17.6 priority rule
exact_0732,raw_sha256,HB_murmur_murmur__162_1307101835989_B,heartbeat_sound,dataset/Heartbeat_Sound/murmur/murmur__162_1307101835989_B.wav,D3_set_b_murmur__162_1307101835989_B,1.0,drop,Heartbeat_Sound is a label helper and a full duplicate of set_a + set_b (T17.3)
exact_0733,raw_sha256,D3_set_b_murmur__164_1307106095995_B,D3,dataset/archive (2)/set_b/murmur__164_1307106095995_B.wav,,1.0,keep,byte-identical group; kept by the T17.6 priority rule
exact_0733,raw_sha256,HB_murmur_murmur__164_1307106095995_B,heartbeat_sound,dataset/Heartbeat_Sound/murmur/murmur__164_1307106095995_B.wav,D3_set_b_murmur__164_1307106095995_B,1.0,drop,Heartbeat_Sound is a label helper and a full duplicate of set_a + set_b (T17.3)
exact_0734,raw_sha256,D3_set_b_murmur__164_1307106095995_C,D3,dataset/archive (2)/set_b/murmur__164_1307106095995_C.wav,,1.0,keep,byte-identical group; kept by the T17.6 priority rule
exact_0734,raw_sha256,HB_murmur_murmur__164_1307106095995_C,heartbeat_sound,dataset/Heartbeat_Sound/murmur/murmur__164_1307106095995_C.wav,D3_set_b_murmur__164_1307106095995_C,1.0,drop,Heartbeat_Sound is a label helper and a full duplicate of set_a + set_b (T17.3)
exact_0735,raw_sha256,D3_set_b_murmur__165_1307109069581_C,D3,dataset/archive (2)/set_b/murmur__165_1307109069581_C.wav,,1.0,keep,byte-identical group; kept by the T17.6 priority rule
exact_0735,raw_sha256,HB_murmur_murmur__165_1307109069581_C,heartbeat_sound,dataset/Heartbeat_Sound/murmur/murmur__165_1307109069581_C.wav,D3_set_b_murmur__165_1307109069581_C,1.0,drop,Heartbeat_Sound is a label helper and a full duplicate of set_a + set_b (T17.3)
exact_0736,raw_sha256,D3_set_b_murmur__165_1307109069581_C2,D3,dataset/archive (2)/set_b/murmur__165_1307109069581_C2.wav,,1.0,keep,byte-identical group; kept by the T17.6 priority rule
exact_0736,raw_sha256,HB_murmur_murmur__165_1307109069581_C2,heartbeat_sound,dataset/Heartbeat_Sound/murmur/murmur__165_1307109069581_C2.wav,D3_set_b_murmur__165_1307109069581_C2,1.0,drop,Heartbeat_Sound is a label helper and a full duplicate of set_a + set_b (T17.3)
exact_0737,raw_sha256,D3_set_b_murmur__171_1307971016233_D,D3,dataset/archive (2)/set_b/murmur__171_1307971016233_D.wav,,1.0,keep,byte-identical group; kept by the T17.6 priority rule
exact_0737,raw_sha256,HB_murmur_murmur__171_1307971016233_D,heartbeat_sound,dataset/Heartbeat_Sound/murmur/murmur__171_1307971016233_D.wav,D3_set_b_murmur__171_1307971016233_D,1.0,drop,Heartbeat_Sound is a label helper and a full duplicate of set_a + set_b (T17.3)
exact_0738,raw_sha256,D3_set_b_murmur__171_1307971016233_D1,D3,dataset/archive (2)/set_b/murmur__171_1307971016233_D1.wav,,1.0,keep,byte-identical group; kept by the T17.6 priority rule
exact_0738,raw_sha256,HB_murmur_murmur__171_1307971016233_D1,heartbeat_sound,dataset/Heartbeat_Sound/murmur/murmur__171_1307971016233_D1.wav,D3_set_b_murmur__171_1307971016233_D1,1.0,drop,Heartbeat_Sound is a label helper and a full duplicate of set_a + set_b (T17.3)
exact_0739,raw_sha256,D3_set_b_murmur__171_1307971016233_E,D3,dataset/archive (2)/set_b/murmur__171_1307971016233_E.wav,,1.0,keep,byte-identical group; kept by the T17.6 priority rule
exact_0739,raw_sha256,HB_murmur_murmur__171_1307971016233_E,heartbeat_sound,dataset/Heartbeat_Sound/murmur/murmur__171_1307971016233_E.wav,D3_set_b_murmur__171_1307971016233_E,1.0,drop,Heartbeat_Sound is a label helper and a full duplicate of set_a + set_b (T17.3)
exact_0740,raw_sha256,D3_set_b_murmur__185_1308073325396_B,D3,dataset/archive (2)/set_b/murmur__185_1308073325396_B.wav,,1.0,keep,byte-identical group; kept by the T17.6 priority rule
exact_0740,raw_sha256,HB_murmur_murmur__185_1308073325396_B,heartbeat_sound,dataset/Heartbeat_Sound/murmur/murmur__185_1308073325396_B.wav,D3_set_b_murmur__185_1308073325396_B,1.0,drop,Heartbeat_Sound is a label helper and a full duplicate of set_a + set_b (T17.3)
exact_0741,raw_sha256,D3_set_b_murmur__185_1308073325396_C,D3,dataset/archive (2)/set_b/murmur__185_1308073325396_C.wav,,1.0,keep,byte-identical group; kept by the T17.6 priority rule
exact_0741,raw_sha256,HB_murmur_murmur__185_1308073325396_C,heartbeat_sound,dataset/Heartbeat_Sound/murmur/murmur__185_1308073325396_C.wav,D3_set_b_murmur__185_1308073325396_C,1.0,drop,Heartbeat_Sound is a label helper and a full duplicate of set_a + set_b (T17.3)
exact_0742,raw_sha256,D3_set_b_murmur__193_1308078104592_B,D3,dataset/archive (2)/set_b/murmur__193_1308078104592_B.wav,,1.0,keep,byte-identical group; kept by the T17.6 priority rule
exact_0742,raw_sha256,HB_murmur_murmur__193_1308078104592_B,heartbeat_sound,dataset/Heartbeat_Sound/murmur/murmur__193_1308078104592_B.wav,D3_set_b_murmur__193_1308078104592_B,1.0,drop,Heartbeat_Sound is a label helper and a full duplicate of set_a + set_b (T17.3)
exact_0743,raw_sha256,D3_set_b_murmur__193_1308078104592_C,D3,dataset/archive (2)/set_b/murmur__193_1308078104592_C.wav,,1.0,keep,byte-identical group; kept by the T17.6 priority rule
exact_0743,raw_sha256,HB_murmur_murmur__193_1308078104592_C,heartbeat_sound,dataset/Heartbeat_Sound/murmur/murmur__193_1308078104592_C.wav,D3_set_b_murmur__193_1308078104592_C,1.0,drop,Heartbeat_Sound is a label helper and a full duplicate of set_a + set_b (T17.3)
exact_0744,raw_sha256,D3_set_b_murmur__193_1308078104592_C1,D3,dataset/archive (2)/set_b/murmur__193_1308078104592_C1.wav,,1.0,keep,byte-identical group; kept by the T17.6 priority rule
exact_0744,raw_sha256,HB_murmur_murmur__193_1308078104592_C1,heartbeat_sound,dataset/Heartbeat_Sound/murmur/murmur__193_1308078104592_C1.wav,D3_set_b_murmur__193_1308078104592_C1,1.0,drop,Heartbeat_Sound is a label helper and a full duplicate of set_a + set_b (T17.3)
exact_0745,raw_sha256,D3_set_b_murmur__195_1308140095331_A,D3,dataset/archive (2)/set_b/murmur__195_1308140095331_A.wav,,1.0,keep,byte-identical group; kept by the T17.6 priority rule
exact_0745,raw_sha256,HB_murmur_murmur__195_1308140095331_A,heartbeat_sound,dataset/Heartbeat_Sound/murmur/murmur__195_1308140095331_A.wav,D3_set_b_murmur__195_1308140095331_A,1.0,drop,Heartbeat_Sound is a label helper and a full duplicate of set_a + set_b (T17.3)
exact_0746,raw_sha256,D3_set_b_murmur__195_1308140095331_C,D3,dataset/archive (2)/set_b/murmur__195_1308140095331_C.wav,,1.0,keep,byte-identical group; kept by the T17.6 priority rule
exact_0746,raw_sha256,HB_murmur_murmur__195_1308140095331_C,heartbeat_sound,dataset/Heartbeat_Sound/murmur/murmur__195_1308140095331_C.wav,D3_set_b_murmur__195_1308140095331_C,1.0,drop,Heartbeat_Sound is a label helper and a full duplicate of set_a + set_b (T17.3)
exact_0747,raw_sha256,D3_set_b_murmur__195_1308140095331_C1,D3,dataset/archive (2)/set_b/murmur__195_1308140095331_C1.wav,,1.0,keep,byte-identical group; kept by the T17.6 priority rule
exact_0747,raw_sha256,HB_murmur_murmur__195_1308140095331_C1,heartbeat_sound,dataset/Heartbeat_Sound/murmur/murmur__195_1308140095331_C1.wav,D3_set_b_murmur__195_1308140095331_C1,1.0,drop,Heartbeat_Sound is a label helper and a full duplicate of set_a + set_b (T17.3)
exact_0748,raw_sha256,D3_set_b_murmur__196_1308141034858_B,D3,dataset/archive (2)/set_b/murmur__196_1308141034858_B.wav,,1.0,keep,byte-identical group; kept by the T17.6 priority rule
exact_0748,raw_sha256,HB_murmur_murmur__196_1308141034858_B,heartbeat_sound,dataset/Heartbeat_Sound/murmur/murmur__196_1308141034858_B.wav,D3_set_b_murmur__196_1308141034858_B,1.0,drop,Heartbeat_Sound is a label helper and a full duplicate of set_a + set_b (T17.3)
exact_0749,raw_sha256,D3_set_b_murmur__196_1308141034858_C,D3,dataset/archive (2)/set_b/murmur__196_1308141034858_C.wav,,1.0,keep,byte-identical group; kept by the T17.6 priority rule
exact_0749,raw_sha256,HB_murmur_murmur__196_1308141034858_C,heartbeat_sound,dataset/Heartbeat_Sound/murmur/murmur__196_1308141034858_C.wav,D3_set_b_murmur__196_1308141034858_C,1.0,drop,Heartbeat_Sound is a label helper and a full duplicate of set_a + set_b (T17.3)
exact_0750,raw_sha256,D3_set_b_murmur__197_1308141235553_A,D3,dataset/archive (2)/set_b/murmur__197_1308141235553_A.wav,,1.0,keep,byte-identical group; kept by the T17.6 priority rule
exact_0750,raw_sha256,HB_murmur_murmur__197_1308141235553_A,heartbeat_sound,dataset/Heartbeat_Sound/murmur/murmur__197_1308141235553_A.wav,D3_set_b_murmur__197_1308141235553_A,1.0,drop,Heartbeat_Sound is a label helper and a full duplicate of set_a + set_b (T17.3)
exact_0751,raw_sha256,D3_set_b_murmur__197_1308141235553_C,D3,dataset/archive (2)/set_b/murmur__197_1308141235553_C.wav,,1.0,keep,byte-identical group; kept by the T17.6 priority rule
exact_0751,raw_sha256,HB_murmur_murmur__197_1308141235553_C,heartbeat_sound,dataset/Heartbeat_Sound/murmur/murmur__197_1308141235553_C.wav,D3_set_b_murmur__197_1308141235553_C,1.0,drop,Heartbeat_Sound is a label helper and a full duplicate of set_a + set_b (T17.3)
exact_0752,raw_sha256,D3_set_b_murmur__197_1308141235553_D,D3,dataset/archive (2)/set_b/murmur__197_1308141235553_D.wav,,1.0,keep,byte-identical group; kept by the T17.6 priority rule
exact_0752,raw_sha256,HB_murmur_murmur__197_1308141235553_D,heartbeat_sound,dataset/Heartbeat_Sound/murmur/murmur__197_1308141235553_D.wav,D3_set_b_murmur__197_1308141235553_D,1.0,drop,Heartbeat_Sound is a label helper and a full duplicate of set_a + set_b (T17.3)
exact_0753,raw_sha256,D3_set_b_murmur__200_1308144251434_C,D3,dataset/archive (2)/set_b/murmur__200_1308144251434_C.wav,,1.0,keep,byte-identical group; kept by the T17.6 priority rule
exact_0753,raw_sha256,HB_murmur_murmur__200_1308144251434_C,heartbeat_sound,dataset/Heartbeat_Sound/murmur/murmur__200_1308144251434_C.wav,D3_set_b_murmur__200_1308144251434_C,1.0,drop,Heartbeat_Sound is a label helper and a full duplicate of set_a + set_b (T17.3)
exact_0754,raw_sha256,D3_set_b_murmur__200_1308144251434_D,D3,dataset/archive (2)/set_b/murmur__200_1308144251434_D.wav,,1.0,keep,byte-identical group; kept by the T17.6 priority rule
exact_0754,raw_sha256,HB_murmur_murmur__200_1308144251434_D,heartbeat_sound,dataset/Heartbeat_Sound/murmur/murmur__200_1308144251434_D.wav,D3_set_b_murmur__200_1308144251434_D,1.0,drop,Heartbeat_Sound is a label helper and a full duplicate of set_a + set_b (T17.3)
exact_0755,raw_sha256,D3_set_b_murmur__203_1308162026258_B,D3,dataset/archive (2)/set_b/murmur__203_1308162026258_B.wav,,1.0,keep,byte-identical group; kept by the T17.6 priority rule
exact_0755,raw_sha256,HB_murmur_murmur__203_1308162026258_B,heartbeat_sound,dataset/Heartbeat_Sound/murmur/murmur__203_1308162026258_B.wav,D3_set_b_murmur__203_1308162026258_B,1.0,drop,Heartbeat_Sound is a label helper and a full duplicate of set_a + set_b (T17.3)
exact_0756,raw_sha256,D3_set_b_murmur__203_1308162026258_C1,D3,dataset/archive (2)/set_b/murmur__203_1308162026258_C1.wav,,1.0,keep,byte-identical group; kept by the T17.6 priority rule
exact_0756,raw_sha256,HB_murmur_murmur__203_1308162026258_C1,heartbeat_sound,dataset/Heartbeat_Sound/murmur/murmur__203_1308162026258_C1.wav,D3_set_b_murmur__203_1308162026258_C1,1.0,drop,Heartbeat_Sound is a label helper and a full duplicate of set_a + set_b (T17.3)
exact_0757,raw_sha256,D3_set_b_murmur__203_1308162026258_D,D3,dataset/archive (2)/set_b/murmur__203_1308162026258_D.wav,,1.0,keep,byte-identical group; kept by the T17.6 priority rule
exact_0757,raw_sha256,HB_murmur_murmur__203_1308162026258_D,heartbeat_sound,dataset/Heartbeat_Sound/murmur/murmur__203_1308162026258_D.wav,D3_set_b_murmur__203_1308162026258_D,1.0,drop,Heartbeat_Sound is a label helper and a full duplicate of set_a + set_b (T17.3)
exact_0758,raw_sha256,D3_set_b_murmur__204_1308159229275_B,D3,dataset/archive (2)/set_b/murmur__204_1308159229275_B.wav,,1.0,keep,byte-identical group; kept by the T17.6 priority rule
exact_0758,raw_sha256,HB_murmur_murmur__204_1308159229275_B,heartbeat_sound,dataset/Heartbeat_Sound/murmur/murmur__204_1308159229275_B.wav,D3_set_b_murmur__204_1308159229275_B,1.0,drop,Heartbeat_Sound is a label helper and a full duplicate of set_a + set_b (T17.3)
exact_0759,raw_sha256,D3_set_b_murmur__211_1308163238707_C,D3,dataset/archive (2)/set_b/murmur__211_1308163238707_C.wav,,1.0,keep,byte-identical group; kept by the T17.6 priority rule
exact_0759,raw_sha256,HB_murmur_murmur__211_1308163238707_C,heartbeat_sound,dataset/Heartbeat_Sound/murmur/murmur__211_1308163238707_C.wav,D3_set_b_murmur__211_1308163238707_C,1.0,drop,Heartbeat_Sound is a label helper and a full duplicate of set_a + set_b (T17.3)
exact_0760,raw_sha256,D3_set_b_murmur__223_1308337062581_D,D3,dataset/archive (2)/set_b/murmur__223_1308337062581_D.wav,,1.0,keep,byte-identical group; kept by the T17.6 priority rule
exact_0760,raw_sha256,HB_murmur_murmur__223_1308337062581_D,heartbeat_sound,dataset/Heartbeat_Sound/murmur/murmur__223_1308337062581_D.wav,D3_set_b_murmur__223_1308337062581_D,1.0,drop,Heartbeat_Sound is a label helper and a full duplicate of set_a + set_b (T17.3)
exact_0761,raw_sha256,D3_set_b_murmur__239_1309195730333_B,D3,dataset/archive (2)/set_b/murmur__239_1309195730333_B.wav,,1.0,keep,byte-identical group; kept by the T17.6 priority rule
exact_0761,raw_sha256,HB_murmur_murmur__239_1309195730333_B,heartbeat_sound,dataset/Heartbeat_Sound/murmur/murmur__239_1309195730333_B.wav,D3_set_b_murmur__239_1309195730333_B,1.0,drop,Heartbeat_Sound is a label helper and a full duplicate of set_a + set_b (T17.3)
exact_0762,raw_sha256,D3_set_b_murmur__239_1309195730333_C,D3,dataset/archive (2)/set_b/murmur__239_1309195730333_C.wav,,1.0,keep,byte-identical group; kept by the T17.6 priority rule
exact_0762,raw_sha256,HB_murmur_murmur__239_1309195730333_C,heartbeat_sound,dataset/Heartbeat_Sound/murmur/murmur__239_1309195730333_C.wav,D3_set_b_murmur__239_1309195730333_C,1.0,drop,Heartbeat_Sound is a label helper and a full duplicate of set_a + set_b (T17.3)
exact_0763,raw_sha256,D3_set_b_murmur__240_1309196119795_B,D3,dataset/archive (2)/set_b/murmur__240_1309196119795_B.wav,,1.0,keep,byte-identical group; kept by the T17.6 priority rule
exact_0763,raw_sha256,HB_murmur_murmur__240_1309196119795_B,heartbeat_sound,dataset/Heartbeat_Sound/murmur/murmur__240_1309196119795_B.wav,D3_set_b_murmur__240_1309196119795_B,1.0,drop,Heartbeat_Sound is a label helper and a full duplicate of set_a + set_b (T17.3)
exact_0764,raw_sha256,D3_set_b_murmur__240_1309196119795_C,D3,dataset/archive (2)/set_b/murmur__240_1309196119795_C.wav,,1.0,keep,byte-identical group; kept by the T17.6 priority rule
exact_0764,raw_sha256,HB_murmur_murmur__240_1309196119795_C,heartbeat_sound,dataset/Heartbeat_Sound/murmur/murmur__240_1309196119795_C.wav,D3_set_b_murmur__240_1309196119795_C,1.0,drop,Heartbeat_Sound is a label helper and a full duplicate of set_a + set_b (T17.3)
exact_0765,raw_sha256,D3_set_b_murmur__240_1309201366049_B,D3,dataset/archive (2)/set_b/murmur__240_1309201366049_B.wav,,1.0,keep,byte-identical group; kept by the T17.6 priority rule
exact_0765,raw_sha256,HB_murmur_murmur__240_1309201366049_B,heartbeat_sound,dataset/Heartbeat_Sound/murmur/murmur__240_1309201366049_B.wav,D3_set_b_murmur__240_1309201366049_B,1.0,drop,Heartbeat_Sound is a label helper and a full duplicate of set_a + set_b (T17.3)
exact_0766,raw_sha256,D3_set_b_murmur__242_1309197394064_B,D3,dataset/archive (2)/set_b/murmur__242_1309197394064_B.wav,,1.0,keep,byte-identical group; kept by the T17.6 priority rule
exact_0766,raw_sha256,HB_murmur_murmur__242_1309197394064_B,heartbeat_sound,dataset/Heartbeat_Sound/murmur/murmur__242_1309197394064_B.wav,D3_set_b_murmur__242_1309197394064_B,1.0,drop,Heartbeat_Sound is a label helper and a full duplicate of set_a + set_b (T17.3)
exact_0767,raw_sha256,D3_set_b_murmur__242_1309197394064_D,D3,dataset/archive (2)/set_b/murmur__242_1309197394064_D.wav,,1.0,keep,byte-identical group; kept by the T17.6 priority rule
exact_0767,raw_sha256,HB_murmur_murmur__242_1309197394064_D,heartbeat_sound,dataset/Heartbeat_Sound/murmur/murmur__242_1309197394064_D.wav,D3_set_b_murmur__242_1309197394064_D,1.0,drop,Heartbeat_Sound is a label helper and a full duplicate of set_a + set_b (T17.3)
exact_0768,raw_sha256,D3_set_b_murmur__244_1309198148498_B,D3,dataset/archive (2)/set_b/murmur__244_1309198148498_B.wav,,1.0,keep,byte-identical group; kept by the T17.6 priority rule
exact_0768,raw_sha256,HB_murmur_murmur__244_1309198148498_B,heartbeat_sound,dataset/Heartbeat_Sound/murmur/murmur__244_1309198148498_B.wav,D3_set_b_murmur__244_1309198148498_B,1.0,drop,Heartbeat_Sound is a label helper and a full duplicate of set_a + set_b (T17.3)
exact_0769,raw_sha256,D3_set_b_murmur__245_1309200438094_B,D3,dataset/archive (2)/set_b/murmur__245_1309200438094_B.wav,,1.0,keep,byte-identical group; kept by the T17.6 priority rule
exact_0769,raw_sha256,HB_murmur_murmur__245_1309200438094_B,heartbeat_sound,dataset/Heartbeat_Sound/murmur/murmur__245_1309200438094_B.wav,D3_set_b_murmur__245_1309200438094_B,1.0,drop,Heartbeat_Sound is a label helper and a full duplicate of set_a + set_b (T17.3)
exact_0770,raw_sha256,D3_set_b_murmur__248_1309201683806_A,D3,dataset/archive (2)/set_b/murmur__248_1309201683806_A.wav,,1.0,keep,byte-identical group; kept by the T17.6 priority rule
exact_0770,raw_sha256,HB_murmur_murmur__248_1309201683806_A,heartbeat_sound,dataset/Heartbeat_Sound/murmur/murmur__248_1309201683806_A.wav,D3_set_b_murmur__248_1309201683806_A,1.0,drop,Heartbeat_Sound is a label helper and a full duplicate of set_a + set_b (T17.3)
exact_0771,raw_sha256,D3_set_b_murmur__248_1309201683806_C,D3,dataset/archive (2)/set_b/murmur__248_1309201683806_C.wav,,1.0,keep,byte-identical group; kept by the T17.6 priority rule
exact_0771,raw_sha256,HB_murmur_murmur__248_1309201683806_C,heartbeat_sound,dataset/Heartbeat_Sound/murmur/murmur__248_1309201683806_C.wav,D3_set_b_murmur__248_1309201683806_C,1.0,drop,Heartbeat_Sound is a label helper and a full duplicate of set_a + set_b (T17.3)
exact_0772,raw_sha256,D3_set_b_murmur__254_1309350589009_A,D3,dataset/archive (2)/set_b/murmur__254_1309350589009_A.wav,,1.0,keep,byte-identical group; kept by the T17.6 priority rule
exact_0772,raw_sha256,HB_murmur_murmur__254_1309350589009_A,heartbeat_sound,dataset/Heartbeat_Sound/murmur/murmur__254_1309350589009_A.wav,D3_set_b_murmur__254_1309350589009_A,1.0,drop,Heartbeat_Sound is a label helper and a full duplicate of set_a + set_b (T17.3)
exact_0773,raw_sha256,D3_set_b_murmur__254_1309350589009_A1,D3,dataset/archive (2)/set_b/murmur__254_1309350589009_A1.wav,,1.0,keep,byte-identical group; kept by the T17.6 priority rule
exact_0773,raw_sha256,HB_murmur_murmur__254_1309350589009_A1,heartbeat_sound,dataset/Heartbeat_Sound/murmur/murmur__254_1309350589009_A1.wav,D3_set_b_murmur__254_1309350589009_A1,1.0,drop,Heartbeat_Sound is a label helper and a full duplicate of set_a + set_b (T17.3)
exact_0774,raw_sha256,D3_set_b_murmur__254_1309350589009_C,D3,dataset/archive (2)/set_b/murmur__254_1309350589009_C.wav,,1.0,keep,byte-identical group; kept by the T17.6 priority rule
exact_0774,raw_sha256,HB_murmur_murmur__254_1309350589009_C,heartbeat_sound,dataset/Heartbeat_Sound/murmur/murmur__254_1309350589009_C.wav,D3_set_b_murmur__254_1309350589009_C,1.0,drop,Heartbeat_Sound is a label helper and a full duplicate of set_a + set_b (T17.3)
exact_0775,raw_sha256,D3_set_b_murmur__254_1309350589009_D,D3,dataset/archive (2)/set_b/murmur__254_1309350589009_D.wav,,1.0,keep,byte-identical group; kept by the T17.6 priority rule
exact_0775,raw_sha256,HB_murmur_murmur__254_1309350589009_D,heartbeat_sound,dataset/Heartbeat_Sound/murmur/murmur__254_1309350589009_D.wav,D3_set_b_murmur__254_1309350589009_D,1.0,drop,Heartbeat_Sound is a label helper and a full duplicate of set_a + set_b (T17.3)
exact_0776,raw_sha256,D3_set_b_murmur__276_1311162716489_C,D3,dataset/archive (2)/set_b/murmur__276_1311162716489_C.wav,,1.0,keep,byte-identical group; kept by the T17.6 priority rule
exact_0776,raw_sha256,HB_murmur_murmur__276_1311162716489_C,heartbeat_sound,dataset/Heartbeat_Sound/murmur/murmur__276_1311162716489_C.wav,D3_set_b_murmur__276_1311162716489_C,1.0,drop,Heartbeat_Sound is a label helper and a full duplicate of set_a + set_b (T17.3)
exact_0777,raw_sha256,D3_set_b_murmur__281_1311165683454_A,D3,dataset/archive (2)/set_b/murmur__281_1311165683454_A.wav,,1.0,keep,byte-identical group; kept by the T17.6 priority rule
exact_0777,raw_sha256,HB_murmur_murmur__281_1311165683454_A,heartbeat_sound,dataset/Heartbeat_Sound/murmur/murmur__281_1311165683454_A.wav,D3_set_b_murmur__281_1311165683454_A,1.0,drop,Heartbeat_Sound is a label helper and a full duplicate of set_a + set_b (T17.3)
exact_0778,raw_sha256,D3_set_b_murmur__281_1311165683454_B,D3,dataset/archive (2)/set_b/murmur__281_1311165683454_B.wav,,1.0,keep,byte-identical group; kept by the T17.6 priority rule
exact_0778,raw_sha256,HB_murmur_murmur__281_1311165683454_B,heartbeat_sound,dataset/Heartbeat_Sound/murmur/murmur__281_1311165683454_B.wav,D3_set_b_murmur__281_1311165683454_B,1.0,drop,Heartbeat_Sound is a label helper and a full duplicate of set_a + set_b (T17.3)
exact_0779,raw_sha256,D3_set_b_murmur__281_1311165683454_D,D3,dataset/archive (2)/set_b/murmur__281_1311165683454_D.wav,,1.0,keep,byte-identical group; kept by the T17.6 priority rule
exact_0779,raw_sha256,HB_murmur_murmur__281_1311165683454_D,heartbeat_sound,dataset/Heartbeat_Sound/murmur/murmur__281_1311165683454_D.wav,D3_set_b_murmur__281_1311165683454_D,1.0,drop,Heartbeat_Sound is a label helper and a full duplicate of set_a + set_b (T17.3)
exact_0780,raw_sha256,D3_set_b_murmur__287_1311170903290_C,D3,dataset/archive (2)/set_b/murmur__287_1311170903290_C.wav,,1.0,keep,byte-identical group; kept by the T17.6 priority rule
exact_0780,raw_sha256,HB_murmur_murmur__287_1311170903290_C,heartbeat_sound,dataset/Heartbeat_Sound/murmur/murmur__287_1311170903290_C.wav,D3_set_b_murmur__287_1311170903290_C,1.0,drop,Heartbeat_Sound is a label helper and a full duplicate of set_a + set_b (T17.3)
exact_0781,raw_sha256,D3_set_b_murmur__288_1311164615284_D,D3,dataset/archive (2)/set_b/murmur__288_1311164615284_D.wav,,1.0,keep,byte-identical group; kept by the T17.6 priority rule
exact_0781,raw_sha256,HB_murmur_murmur__288_1311164615284_D,heartbeat_sound,dataset/Heartbeat_Sound/murmur/murmur__288_1311164615284_D.wav,D3_set_b_murmur__288_1311164615284_D,1.0,drop,Heartbeat_Sound is a label helper and a full duplicate of set_a + set_b (T17.3)
exact_0782,raw_sha256,D3_set_b_murmur__292_1311185449649_B,D3,dataset/archive (2)/set_b/murmur__292_1311185449649_B.wav,,1.0,keep,byte-identical group; kept by the T17.6 priority rule
exact_0782,raw_sha256,HB_murmur_murmur__292_1311185449649_B,heartbeat_sound,dataset/Heartbeat_Sound/murmur/murmur__292_1311185449649_B.wav,D3_set_b_murmur__292_1311185449649_B,1.0,drop,Heartbeat_Sound is a label helper and a full duplicate of set_a + set_b (T17.3)
exact_0783,raw_sha256,D3_set_b_murmur__292_1311185449649_C,D3,dataset/archive (2)/set_b/murmur__292_1311185449649_C.wav,,1.0,keep,byte-identical group; kept by the T17.6 priority rule
exact_0783,raw_sha256,HB_murmur_murmur__292_1311185449649_C,heartbeat_sound,dataset/Heartbeat_Sound/murmur/murmur__292_1311185449649_C.wav,D3_set_b_murmur__292_1311185449649_C,1.0,drop,Heartbeat_Sound is a label helper and a full duplicate of set_a + set_b (T17.3)
exact_0784,raw_sha256,D3_set_b_murmur__293_1311680805936_B1,D3,dataset/archive (2)/set_b/murmur__293_1311680805936_B1.wav,,1.0,keep,byte-identical group; kept by the T17.6 priority rule
exact_0784,raw_sha256,HB_murmur_murmur__293_1311680805936_B1,heartbeat_sound,dataset/Heartbeat_Sound/murmur/murmur__293_1311680805936_B1.wav,D3_set_b_murmur__293_1311680805936_B1,1.0,drop,Heartbeat_Sound is a label helper and a full duplicate of set_a + set_b (T17.3)
exact_0785,raw_sha256,D3_set_b_murmur_noisymurmur_135_1306428972976_A,D3,dataset/archive (2)/set_b/murmur_noisymurmur_135_1306428972976_A.wav,,1.0,keep,byte-identical group; kept by the T17.6 priority rule
exact_0785,raw_sha256,HB_murmur_murmur_noisymurmur_135_1306428972976_A,heartbeat_sound,dataset/Heartbeat_Sound/murmur/murmur_noisymurmur_135_1306428972976_A.wav,D3_set_b_murmur_noisymurmur_135_1306428972976_A,1.0,drop,Heartbeat_Sound is a label helper and a full duplicate of set_a + set_b (T17.3)
exact_0786,raw_sha256,D3_set_b_murmur_noisymurmur_135_1306428972976_B,D3,dataset/archive (2)/set_b/murmur_noisymurmur_135_1306428972976_B.wav,,1.0,keep,byte-identical group; kept by the T17.6 priority rule
exact_0786,raw_sha256,HB_murmur_murmur_noisymurmur_135_1306428972976_B,heartbeat_sound,dataset/Heartbeat_Sound/murmur/murmur_noisymurmur_135_1306428972976_B.wav,D3_set_b_murmur_noisymurmur_135_1306428972976_B,1.0,drop,Heartbeat_Sound is a label helper and a full duplicate of set_a + set_b (T17.3)
exact_0787,raw_sha256,D3_set_b_murmur_noisymurmur_135_1306428972976_C,D3,dataset/archive (2)/set_b/murmur_noisymurmur_135_1306428972976_C.wav,,1.0,keep,byte-identical group; kept by the T17.6 priority rule
exact_0787,raw_sha256,HB_murmur_murmur_noisymurmur_135_1306428972976_C,heartbeat_sound,dataset/Heartbeat_Sound/murmur/murmur_noisymurmur_135_1306428972976_C.wav,D3_set_b_murmur_noisymurmur_135_1306428972976_C,1.0,drop,Heartbeat_Sound is a label helper and a full duplicate of set_a + set_b (T17.3)
exact_0788,raw_sha256,D3_set_b_murmur_noisymurmur_156_1306936373241_A,D3,dataset/archive (2)/set_b/murmur_noisymurmur_156_1306936373241_A.wav,,1.0,keep,byte-identical group; kept by the T17.6 priority rule
exact_0788,raw_sha256,HB_murmur_murmur_noisymurmur_156_1306936373241_A,heartbeat_sound,dataset/Heartbeat_Sound/murmur/murmur_noisymurmur_156_1306936373241_A.wav,D3_set_b_murmur_noisymurmur_156_1306936373241_A,1.0,drop,Heartbeat_Sound is a label helper and a full duplicate of set_a + set_b (T17.3)
exact_0789,raw_sha256,D3_set_b_murmur_noisymurmur_156_1306936373241_B1,D3,dataset/archive (2)/set_b/murmur_noisymurmur_156_1306936373241_B1.wav,,1.0,keep,byte-identical group; kept by the T17.6 priority rule
exact_0789,raw_sha256,HB_murmur_murmur_noisymurmur_156_1306936373241_B1,heartbeat_sound,dataset/Heartbeat_Sound/murmur/murmur_noisymurmur_156_1306936373241_B1.wav,D3_set_b_murmur_noisymurmur_156_1306936373241_B1,1.0,drop,Heartbeat_Sound is a label helper and a full duplicate of set_a + set_b (T17.3)
exact_0790,raw_sha256,D3_set_b_murmur_noisymurmur_160_1307100683334_D,D3,dataset/archive (2)/set_b/murmur_noisymurmur_160_1307100683334_D.wav,,1.0,keep,byte-identical group; kept by the T17.6 priority rule
exact_0790,raw_sha256,HB_murmur_murmur_noisymurmur_160_1307100683334_D,heartbeat_sound,dataset/Heartbeat_Sound/murmur/murmur_noisymurmur_160_1307100683334_D.wav,D3_set_b_murmur_noisymurmur_160_1307100683334_D,1.0,drop,Heartbeat_Sound is a label helper and a full duplicate of set_a + set_b (T17.3)
exact_0791,raw_sha256,D3_set_b_murmur_noisymurmur_161_1307101199321_B,D3,dataset/archive (2)/set_b/murmur_noisymurmur_161_1307101199321_B.wav,,1.0,keep,byte-identical group; kept by the T17.6 priority rule
exact_0791,raw_sha256,HB_murmur_murmur_noisymurmur_161_1307101199321_B,heartbeat_sound,dataset/Heartbeat_Sound/murmur/murmur_noisymurmur_161_1307101199321_B.wav,D3_set_b_murmur_noisymurmur_161_1307101199321_B,1.0,drop,Heartbeat_Sound is a label helper and a full duplicate of set_a + set_b (T17.3)
exact_0792,raw_sha256,D3_set_b_murmur_noisymurmur_161_1307101199321_C,D3,dataset/archive (2)/set_b/murmur_noisymurmur_161_1307101199321_C.wav,,1.0,keep,byte-identical group; kept by the T17.6 priority rule
exact_0792,raw_sha256,HB_murmur_murmur_noisymurmur_161_1307101199321_C,heartbeat_sound,dataset/Heartbeat_Sound/murmur/murmur_noisymurmur_161_1307101199321_C.wav,D3_set_b_murmur_noisymurmur_161_1307101199321_C,1.0,drop,Heartbeat_Sound is a label helper and a full duplicate of set_a + set_b (T17.3)
exact_0793,raw_sha256,D3_set_b_murmur_noisymurmur_162_1307101835989_B_1,D3,dataset/archive (2)/set_b/murmur_noisymurmur_162_1307101835989_B_1.wav,,1.0,keep,byte-identical group; kept by the T17.6 priority rule
exact_0793,raw_sha256,HB_murmur_murmur_noisymurmur_162_1307101835989_B_1,heartbeat_sound,dataset/Heartbeat_Sound/murmur/murmur_noisymurmur_162_1307101835989_B_1.wav,D3_set_b_murmur_noisymurmur_162_1307101835989_B_1,1.0,drop,Heartbeat_Sound is a label helper and a full duplicate of set_a + set_b (T17.3)
exact_0794,raw_sha256,D3_set_b_murmur_noisymurmur_162_1307101835989_D,D3,dataset/archive (2)/set_b/murmur_noisymurmur_162_1307101835989_D.wav,,1.0,keep,byte-identical group; kept by the T17.6 priority rule
exact_0794,raw_sha256,HB_murmur_murmur_noisymurmur_162_1307101835989_D,heartbeat_sound,dataset/Heartbeat_Sound/murmur/murmur_noisymurmur_162_1307101835989_D.wav,D3_set_b_murmur_noisymurmur_162_1307101835989_D,1.0,drop,Heartbeat_Sound is a label helper and a full duplicate of set_a + set_b (T17.3)
exact_0795,raw_sha256,D3_set_b_murmur_noisymurmur_164_1307106095995_C1,D3,dataset/archive (2)/set_b/murmur_noisymurmur_164_1307106095995_C1.wav,,1.0,keep,byte-identical group; kept by the T17.6 priority rule
exact_0795,raw_sha256,HB_murmur_murmur_noisymurmur_164_1307106095995_C1,heartbeat_sound,dataset/Heartbeat_Sound/murmur/murmur_noisymurmur_164_1307106095995_C1.wav,D3_set_b_murmur_noisymurmur_164_1307106095995_C1,1.0,drop,Heartbeat_Sound is a label helper and a full duplicate of set_a + set_b (T17.3)
exact_0796,raw_sha256,D3_set_b_murmur_noisymurmur_165_1307109069581_A,D3,dataset/archive (2)/set_b/murmur_noisymurmur_165_1307109069581_A.wav,,1.0,keep,byte-identical group; kept by the T17.6 priority rule
exact_0796,raw_sha256,HB_murmur_murmur_noisymurmur_165_1307109069581_A,heartbeat_sound,dataset/Heartbeat_Sound/murmur/murmur_noisymurmur_165_1307109069581_A.wav,D3_set_b_murmur_noisymurmur_165_1307109069581_A,1.0,drop,Heartbeat_Sound is a label helper and a full duplicate of set_a + set_b (T17.3)
exact_0797,raw_sha256,D3_set_b_murmur_noisymurmur_165_1307109069581_C1,D3,dataset/archive (2)/set_b/murmur_noisymurmur_165_1307109069581_C1.wav,,1.0,keep,byte-identical group; kept by the T17.6 priority rule
exact_0797,raw_sha256,HB_murmur_murmur_noisymurmur_165_1307109069581_C1,heartbeat_sound,dataset/Heartbeat_Sound/murmur/murmur_noisymurmur_165_1307109069581_C1.wav,D3_set_b_murmur_noisymurmur_165_1307109069581_C1,1.0,drop,Heartbeat_Sound is a label helper and a full duplicate of set_a + set_b (T17.3)
exact_0798,raw_sha256,D3_set_b_murmur_noisymurmur_165_1307109069581_D,D3,dataset/archive (2)/set_b/murmur_noisymurmur_165_1307109069581_D.wav,,1.0,keep,byte-identical group; kept by the T17.6 priority rule
exact_0798,raw_sha256,HB_murmur_murmur_noisymurmur_165_1307109069581_D,heartbeat_sound,dataset/Heartbeat_Sound/murmur/murmur_noisymurmur_165_1307109069581_D.wav,D3_set_b_murmur_noisymurmur_165_1307109069581_D,1.0,drop,Heartbeat_Sound is a label helper and a full duplicate of set_a + set_b (T17.3)
exact_0799,raw_sha256,D3_set_b_murmur_noisymurmur_171_1307971016233_D,D3,dataset/archive (2)/set_b/murmur_noisymurmur_171_1307971016233_D.wav,,1.0,keep,byte-identical group; kept by the T17.6 priority rule
exact_0799,raw_sha256,HB_murmur_murmur_noisymurmur_171_1307971016233_D,heartbeat_sound,dataset/Heartbeat_Sound/murmur/murmur_noisymurmur_171_1307971016233_D.wav,D3_set_b_murmur_noisymurmur_171_1307971016233_D,1.0,drop,Heartbeat_Sound is a label helper and a full duplicate of set_a + set_b (T17.3)
exact_0800,raw_sha256,D3_set_b_murmur_noisymurmur_171_1307971016233_F,D3,dataset/archive (2)/set_b/murmur_noisymurmur_171_1307971016233_F.wav,,1.0,keep,byte-identical group; kept by the T17.6 priority rule
exact_0800,raw_sha256,HB_murmur_murmur_noisymurmur_171_1307971016233_F,heartbeat_sound,dataset/Heartbeat_Sound/murmur/murmur_noisymurmur_171_1307971016233_F.wav,D3_set_b_murmur_noisymurmur_171_1307971016233_F,1.0,drop,Heartbeat_Sound is a label helper and a full duplicate of set_a + set_b (T17.3)
exact_0801,raw_sha256,D3_set_b_murmur_noisymurmur_185_1308073325396_D,D3,dataset/archive (2)/set_b/murmur_noisymurmur_185_1308073325396_D.wav,,1.0,keep,byte-identical group; kept by the T17.6 priority rule
exact_0801,raw_sha256,HB_murmur_murmur_noisymurmur_185_1308073325396_D,heartbeat_sound,dataset/Heartbeat_Sound/murmur/murmur_noisymurmur_185_1308073325396_D.wav,D3_set_b_murmur_noisymurmur_185_1308073325396_D,1.0,drop,Heartbeat_Sound is a label helper and a full duplicate of set_a + set_b (T17.3)
exact_0802,raw_sha256,D3_set_b_murmur_noisymurmur_200_1308144251434_D,D3,dataset/archive (2)/set_b/murmur_noisymurmur_200_1308144251434_D.wav,,1.0,keep,byte-identical group; kept by the T17.6 priority rule
exact_0802,raw_sha256,HB_murmur_murmur_noisymurmur_200_1308144251434_D,heartbeat_sound,dataset/Heartbeat_Sound/murmur/murmur_noisymurmur_200_1308144251434_D.wav,D3_set_b_murmur_noisymurmur_200_1308144251434_D,1.0,drop,Heartbeat_Sound is a label helper and a full duplicate of set_a + set_b (T17.3)
exact_0803,raw_sha256,D3_set_b_murmur_noisymurmur_231_1308748318393_A,D3,dataset/archive (2)/set_b/murmur_noisymurmur_231_1308748318393_A.wav,,1.0,keep,byte-identical group; kept by the T17.6 priority rule
exact_0803,raw_sha256,HB_murmur_murmur_noisymurmur_231_1308748318393_A,heartbeat_sound,dataset/Heartbeat_Sound/murmur/murmur_noisymurmur_231_1308748318393_A.wav,D3_set_b_murmur_noisymurmur_231_1308748318393_A,1.0,drop,Heartbeat_Sound is a label helper and a full duplicate of set_a + set_b (T17.3)
exact_0804,raw_sha256,D3_set_b_murmur_noisymurmur_240_1309201366049_C,D3,dataset/archive (2)/set_b/murmur_noisymurmur_240_1309201366049_C.wav,,1.0,keep,byte-identical group; kept by the T17.6 priority rule
exact_0804,raw_sha256,HB_murmur_murmur_noisymurmur_240_1309201366049_C,heartbeat_sound,dataset/Heartbeat_Sound/murmur/murmur_noisymurmur_240_1309201366049_C.wav,D3_set_b_murmur_noisymurmur_240_1309201366049_C,1.0,drop,Heartbeat_Sound is a label helper and a full duplicate of set_a + set_b (T17.3)
exact_0805,raw_sha256,D3_set_b_murmur_noisymurmur_240_1309201366049_D,D3,dataset/archive (2)/set_b/murmur_noisymurmur_240_1309201366049_D.wav,,1.0,keep,byte-identical group; kept by the T17.6 priority rule
exact_0805,raw_sha256,HB_murmur_murmur_noisymurmur_240_1309201366049_D,heartbeat_sound,dataset/Heartbeat_Sound/murmur/murmur_noisymurmur_240_1309201366049_D.wav,D3_set_b_murmur_noisymurmur_240_1309201366049_D,1.0,drop,Heartbeat_Sound is a label helper and a full duplicate of set_a + set_b (T17.3)
exact_0806,raw_sha256,D3_set_b_murmur_noisymurmur_243_1309197760898_B,D3,dataset/archive (2)/set_b/murmur_noisymurmur_243_1309197760898_B.wav,,1.0,keep,byte-identical group; kept by the T17.6 priority rule
exact_0806,raw_sha256,HB_murmur_murmur_noisymurmur_243_1309197760898_B,heartbeat_sound,dataset/Heartbeat_Sound/murmur/murmur_noisymurmur_243_1309197760898_B.wav,D3_set_b_murmur_noisymurmur_243_1309197760898_B,1.0,drop,Heartbeat_Sound is a label helper and a full duplicate of set_a + set_b (T17.3)
exact_0807,raw_sha256,D3_set_b_murmur_noisymurmur_243_1309197760898_C,D3,dataset/archive (2)/set_b/murmur_noisymurmur_243_1309197760898_C.wav,,1.0,keep,byte-identical group; kept by the T17.6 priority rule
exact_0807,raw_sha256,HB_murmur_murmur_noisymurmur_243_1309197760898_C,heartbeat_sound,dataset/Heartbeat_Sound/murmur/murmur_noisymurmur_243_1309197760898_C.wav,D3_set_b_murmur_noisymurmur_243_1309197760898_C,1.0,drop,Heartbeat_Sound is a label helper and a full duplicate of set_a + set_b (T17.3)
exact_0808,raw_sha256,D3_set_b_murmur_noisymurmur_272_1309370164386_C,D3,dataset/archive (2)/set_b/murmur_noisymurmur_272_1309370164386_C.wav,,1.0,keep,byte-identical group; kept by the T17.6 priority rule
exact_0808,raw_sha256,HB_murmur_murmur_noisymurmur_272_1309370164386_C,heartbeat_sound,dataset/Heartbeat_Sound/murmur/murmur_noisymurmur_272_1309370164386_C.wav,D3_set_b_murmur_noisymurmur_272_1309370164386_C,1.0,drop,Heartbeat_Sound is a label helper and a full duplicate of set_a + set_b (T17.3)
exact_0809,raw_sha256,D3_set_b_murmur_noisymurmur_288_1311164615284_B1,D3,dataset/archive (2)/set_b/murmur_noisymurmur_288_1311164615284_B1.wav,,1.0,keep,byte-identical group; kept by the T17.6 priority rule
exact_0809,raw_sha256,HB_murmur_murmur_noisymurmur_288_1311164615284_B1,heartbeat_sound,dataset/Heartbeat_Sound/murmur/murmur_noisymurmur_288_1311164615284_B1.wav,D3_set_b_murmur_noisymurmur_288_1311164615284_B1,1.0,drop,Heartbeat_Sound is a label helper and a full duplicate of set_a + set_b (T17.3)
exact_0810,raw_sha256,D3_set_b_murmur_noisymurmur_288_1311164615284_C,D3,dataset/archive (2)/set_b/murmur_noisymurmur_288_1311164615284_C.wav,,1.0,keep,byte-identical group; kept by the T17.6 priority rule
exact_0810,raw_sha256,HB_murmur_murmur_noisymurmur_288_1311164615284_C,heartbeat_sound,dataset/Heartbeat_Sound/murmur/murmur_noisymurmur_288_1311164615284_C.wav,D3_set_b_murmur_noisymurmur_288_1311164615284_C,1.0,drop,Heartbeat_Sound is a label helper and a full duplicate of set_a + set_b (T17.3)
exact_0811,raw_sha256,D3_set_b_murmur_noisymurmur_292_1311185449649_D,D3,dataset/archive (2)/set_b/murmur_noisymurmur_292_1311185449649_D.wav,,1.0,keep,byte-identical group; kept by the T17.6 priority rule
exact_0811,raw_sha256,HB_murmur_murmur_noisymurmur_292_1311185449649_D,heartbeat_sound,dataset/Heartbeat_Sound/murmur/murmur_noisymurmur_292_1311185449649_D.wav,D3_set_b_murmur_noisymurmur_292_1311185449649_D,1.0,drop,Heartbeat_Sound is a label helper and a full duplicate of set_a + set_b (T17.3)
exact_0812,raw_sha256,D3_set_b_murmur_noisymurmur_293_1311680805936_C,D3,dataset/archive (2)/set_b/murmur_noisymurmur_293_1311680805936_C.wav,,1.0,keep,byte-identical group; kept by the T17.6 priority rule
exact_0812,raw_sha256,HB_murmur_murmur_noisymurmur_293_1311680805936_C,heartbeat_sound,dataset/Heartbeat_Sound/murmur/murmur_noisymurmur_293_1311680805936_C.wav,D3_set_b_murmur_noisymurmur_293_1311680805936_C,1.0,drop,Heartbeat_Sound is a label helper and a full duplicate of set_a + set_b (T17.3)
exact_0813,raw_sha256,D3_set_b_murmur_noisymurmur_293_1311680805936_D,D3,dataset/archive (2)/set_b/murmur_noisymurmur_293_1311680805936_D.wav,,1.0,keep,byte-identical group; kept by the T17.6 priority rule
exact_0813,raw_sha256,HB_murmur_murmur_noisymurmur_293_1311680805936_D,heartbeat_sound,dataset/Heartbeat_Sound/murmur/murmur_noisymurmur_293_1311680805936_D.wav,D3_set_b_murmur_noisymurmur_293_1311680805936_D,1.0,drop,Heartbeat_Sound is a label helper and a full duplicate of set_a + set_b (T17.3)
exact_0814,raw_sha256,D3_set_b_normal__103_1305031931979_B,D3,dataset/archive (2)/set_b/normal__103_1305031931979_B.wav,,1.0,keep,byte-identical group; kept by the T17.6 priority rule
exact_0814,raw_sha256,HB_normal_normal__103_1305031931979_B,heartbeat_sound,dataset/Heartbeat_Sound/normal/normal__103_1305031931979_B.wav,D3_set_b_normal__103_1305031931979_B,1.0,drop,Heartbeat_Sound is a label helper and a full duplicate of set_a + set_b (T17.3)
exact_0815,raw_sha256,D3_set_b_normal__103_1305031931979_D1,D3,dataset/archive (2)/set_b/normal__103_1305031931979_D1.wav,,1.0,keep,byte-identical group; kept by the T17.6 priority rule
exact_0815,raw_sha256,HB_normal_normal__103_1305031931979_D1,heartbeat_sound,dataset/Heartbeat_Sound/normal/normal__103_1305031931979_D1.wav,D3_set_b_normal__103_1305031931979_D1,1.0,drop,Heartbeat_Sound is a label helper and a full duplicate of set_a + set_b (T17.3)
exact_0816,raw_sha256,D3_set_b_normal__103_1305031931979_D2,D3,dataset/archive (2)/set_b/normal__103_1305031931979_D2.wav,,1.0,keep,byte-identical group; kept by the T17.6 priority rule
exact_0816,raw_sha256,HB_normal_normal__103_1305031931979_D2,heartbeat_sound,dataset/Heartbeat_Sound/normal/normal__103_1305031931979_D2.wav,D3_set_b_normal__103_1305031931979_D2,1.0,drop,Heartbeat_Sound is a label helper and a full duplicate of set_a + set_b (T17.3)
exact_0817,raw_sha256,D3_set_b_normal__103_1305031931979_D3,D3,dataset/archive (2)/set_b/normal__103_1305031931979_D3.wav,,1.0,keep,byte-identical group; kept by the T17.6 priority rule
exact_0817,raw_sha256,HB_normal_normal__103_1305031931979_D3,heartbeat_sound,dataset/Heartbeat_Sound/normal/normal__103_1305031931979_D3.wav,D3_set_b_normal__103_1305031931979_D3,1.0,drop,Heartbeat_Sound is a label helper and a full duplicate of set_a + set_b (T17.3)
exact_0818,raw_sha256,D3_set_b_normal__106_1306776721273_B1,D3,dataset/archive (2)/set_b/normal__106_1306776721273_B1.wav,,1.0,keep,byte-identical group; kept by the T17.6 priority rule
exact_0818,raw_sha256,HB_normal_normal__106_1306776721273_B1,heartbeat_sound,dataset/Heartbeat_Sound/normal/normal__106_1306776721273_B1.wav,D3_set_b_normal__106_1306776721273_B1,1.0,drop,Heartbeat_Sound is a label helper and a full duplicate of set_a + set_b (T17.3)
exact_0819,raw_sha256,D3_set_b_normal__106_1306776721273_C1,D3,dataset/archive (2)/set_b/normal__106_1306776721273_C1.wav,,1.0,keep,byte-identical group; kept by the T17.6 priority rule
exact_0819,raw_sha256,HB_normal_normal__106_1306776721273_C1,heartbeat_sound,dataset/Heartbeat_Sound/normal/normal__106_1306776721273_C1.wav,D3_set_b_normal__106_1306776721273_C1,1.0,drop,Heartbeat_Sound is a label helper and a full duplicate of set_a + set_b (T17.3)
exact_0820,raw_sha256,D3_set_b_normal__106_1306776721273_C2,D3,dataset/archive (2)/set_b/normal__106_1306776721273_C2.wav,,1.0,keep,byte-identical group; kept by the T17.6 priority rule
exact_0820,raw_sha256,HB_normal_normal__106_1306776721273_C2,heartbeat_sound,dataset/Heartbeat_Sound/normal/normal__106_1306776721273_C2.wav,D3_set_b_normal__106_1306776721273_C2,1.0,drop,Heartbeat_Sound is a label helper and a full duplicate of set_a + set_b (T17.3)
exact_0821,raw_sha256,D3_set_b_normal__106_1306776721273_D1,D3,dataset/archive (2)/set_b/normal__106_1306776721273_D1.wav,,1.0,keep,byte-identical group; kept by the T17.6 priority rule
exact_0821,raw_sha256,HB_normal_normal__106_1306776721273_D1,heartbeat_sound,dataset/Heartbeat_Sound/normal/normal__106_1306776721273_D1.wav,D3_set_b_normal__106_1306776721273_D1,1.0,drop,Heartbeat_Sound is a label helper and a full duplicate of set_a + set_b (T17.3)
exact_0822,raw_sha256,D3_set_b_normal__106_1306776721273_D2,D3,dataset/archive (2)/set_b/normal__106_1306776721273_D2.wav,,1.0,keep,byte-identical group; kept by the T17.6 priority rule
exact_0822,raw_sha256,HB_normal_normal__106_1306776721273_D2,heartbeat_sound,dataset/Heartbeat_Sound/normal/normal__106_1306776721273_D2.wav,D3_set_b_normal__106_1306776721273_D2,1.0,drop,Heartbeat_Sound is a label helper and a full duplicate of set_a + set_b (T17.3)
exact_0823,raw_sha256,D3_set_b_normal__107_1305654946865_C1,D3,dataset/archive (2)/set_b/normal__107_1305654946865_C1.wav,,1.0,keep,byte-identical group; kept by the T17.6 priority rule
exact_0823,raw_sha256,HB_normal_normal__107_1305654946865_C1,heartbeat_sound,dataset/Heartbeat_Sound/normal/normal__107_1305654946865_C1.wav,D3_set_b_normal__107_1305654946865_C1,1.0,drop,Heartbeat_Sound is a label helper and a full duplicate of set_a + set_b (T17.3)
exact_0824,raw_sha256,D3_set_b_normal__109_1305653646620_C,D3,dataset/archive (2)/set_b/normal__109_1305653646620_C.wav,,1.0,keep,byte-identical group; kept by the T17.6 priority rule
exact_0824,raw_sha256,HB_normal_normal__109_1305653646620_C,heartbeat_sound,dataset/Heartbeat_Sound/normal/normal__109_1305653646620_C.wav,D3_set_b_normal__109_1305653646620_C,1.0,drop,Heartbeat_Sound is a label helper and a full duplicate of set_a + set_b (T17.3)
exact_0825,raw_sha256,D3_set_b_normal__113_1306244002866_D,D3,dataset/archive (2)/set_b/normal__113_1306244002866_D.wav,,1.0,keep,byte-identical group; kept by the T17.6 priority rule
exact_0825,raw_sha256,HB_normal_normal__113_1306244002866_D,heartbeat_sound,dataset/Heartbeat_Sound/normal/normal__113_1306244002866_D.wav,D3_set_b_normal__113_1306244002866_D,1.0,drop,Heartbeat_Sound is a label helper and a full duplicate of set_a + set_b (T17.3)
exact_0826,raw_sha256,D3_set_b_normal__115_1306259437619_C,D3,dataset/archive (2)/set_b/normal__115_1306259437619_C.wav,,1.0,keep,byte-identical group; kept by the T17.6 priority rule
exact_0826,raw_sha256,HB_normal_normal__115_1306259437619_C,heartbeat_sound,dataset/Heartbeat_Sound/normal/normal__115_1306259437619_C.wav,D3_set_b_normal__115_1306259437619_C,1.0,drop,Heartbeat_Sound is a label helper and a full duplicate of set_a + set_b (T17.3)
exact_0827,raw_sha256,D3_set_b_normal__117_1306262456650_B,D3,dataset/archive (2)/set_b/normal__117_1306262456650_B.wav,,1.0,keep,byte-identical group; kept by the T17.6 priority rule
exact_0827,raw_sha256,HB_normal_normal__117_1306262456650_B,heartbeat_sound,dataset/Heartbeat_Sound/normal/normal__117_1306262456650_B.wav,D3_set_b_normal__117_1306262456650_B,1.0,drop,Heartbeat_Sound is a label helper and a full duplicate of set_a + set_b (T17.3)
exact_0828,raw_sha256,D3_set_b_normal__125_1306332456645_B,D3,dataset/archive (2)/set_b/normal__125_1306332456645_B.wav,,1.0,keep,byte-identical group; kept by the T17.6 priority rule
exact_0828,raw_sha256,HB_normal_normal__125_1306332456645_B,heartbeat_sound,dataset/Heartbeat_Sound/normal/normal__125_1306332456645_B.wav,D3_set_b_normal__125_1306332456645_B,1.0,drop,Heartbeat_Sound is a label helper and a full duplicate of set_a + set_b (T17.3)
exact_0829,raw_sha256,D3_set_b_normal__126_1306777102824_B,D3,dataset/archive (2)/set_b/normal__126_1306777102824_B.wav,,1.0,keep,byte-identical group; kept by the T17.6 priority rule
exact_0829,raw_sha256,HB_normal_normal__126_1306777102824_B,heartbeat_sound,dataset/Heartbeat_Sound/normal/normal__126_1306777102824_B.wav,D3_set_b_normal__126_1306777102824_B,1.0,drop,Heartbeat_Sound is a label helper and a full duplicate of set_a + set_b (T17.3)
exact_0830,raw_sha256,D3_set_b_normal__126_1306777102824_C,D3,dataset/archive (2)/set_b/normal__126_1306777102824_C.wav,,1.0,keep,byte-identical group; kept by the T17.6 priority rule
exact_0830,raw_sha256,HB_normal_normal__126_1306777102824_C,heartbeat_sound,dataset/Heartbeat_Sound/normal/normal__126_1306777102824_C.wav,D3_set_b_normal__126_1306777102824_C,1.0,drop,Heartbeat_Sound is a label helper and a full duplicate of set_a + set_b (T17.3)
exact_0831,raw_sha256,D3_set_b_normal__126_1306777102824_D,D3,dataset/archive (2)/set_b/normal__126_1306777102824_D.wav,,1.0,keep,byte-identical group; kept by the T17.6 priority rule
exact_0831,raw_sha256,HB_normal_normal__126_1306777102824_D,heartbeat_sound,dataset/Heartbeat_Sound/normal/normal__126_1306777102824_D.wav,D3_set_b_normal__126_1306777102824_D,1.0,drop,Heartbeat_Sound is a label helper and a full duplicate of set_a + set_b (T17.3)
exact_0832,raw_sha256,D3_set_b_normal__127_1306764300147_A,D3,dataset/archive (2)/set_b/normal__127_1306764300147_A.wav,,1.0,keep,byte-identical group; kept by the T17.6 priority rule
exact_0832,raw_sha256,HB_normal_normal__127_1306764300147_A,heartbeat_sound,dataset/Heartbeat_Sound/normal/normal__127_1306764300147_A.wav,D3_set_b_normal__127_1306764300147_A,1.0,drop,Heartbeat_Sound is a label helper and a full duplicate of set_a + set_b (T17.3)
exact_0833,raw_sha256,D3_set_b_normal__127_1306764300147_B,D3,dataset/archive (2)/set_b/normal__127_1306764300147_B.wav,,1.0,keep,byte-identical group; kept by the T17.6 priority rule
exact_0833,raw_sha256,HB_normal_normal__127_1306764300147_B,heartbeat_sound,dataset/Heartbeat_Sound/normal/normal__127_1306764300147_B.wav,D3_set_b_normal__127_1306764300147_B,1.0,drop,Heartbeat_Sound is a label helper and a full duplicate of set_a + set_b (T17.3)
exact_0834,raw_sha256,D3_set_b_normal__127_1306764300147_C1,D3,dataset/archive (2)/set_b/normal__127_1306764300147_C1.wav,,1.0,keep,byte-identical group; kept by the T17.6 priority rule
exact_0834,raw_sha256,HB_normal_normal__127_1306764300147_C1,heartbeat_sound,dataset/Heartbeat_Sound/normal/normal__127_1306764300147_C1.wav,D3_set_b_normal__127_1306764300147_C1,1.0,drop,Heartbeat_Sound is a label helper and a full duplicate of set_a + set_b (T17.3)
exact_0835,raw_sha256,D3_set_b_normal__128_1306344005749_B,D3,dataset/archive (2)/set_b/normal__128_1306344005749_B.wav,,1.0,keep,byte-identical group; kept by the T17.6 priority rule
exact_0835,raw_sha256,HB_normal_normal__128_1306344005749_B,heartbeat_sound,dataset/Heartbeat_Sound/normal/normal__128_1306344005749_B.wav,D3_set_b_normal__128_1306344005749_B,1.0,drop,Heartbeat_Sound is a label helper and a full duplicate of set_a + set_b (T17.3)
exact_0836,raw_sha256,D3_set_b_normal__128_1306344005749_D,D3,dataset/archive (2)/set_b/normal__128_1306344005749_D.wav,,1.0,keep,byte-identical group; kept by the T17.6 priority rule
exact_0836,raw_sha256,HB_normal_normal__128_1306344005749_D,heartbeat_sound,dataset/Heartbeat_Sound/normal/normal__128_1306344005749_D.wav,D3_set_b_normal__128_1306344005749_D,1.0,drop,Heartbeat_Sound is a label helper and a full duplicate of set_a + set_b (T17.3)
exact_0837,raw_sha256,D3_set_b_normal__128_1306344005749_D1,D3,dataset/archive (2)/set_b/normal__128_1306344005749_D1.wav,,1.0,keep,byte-identical group; kept by the T17.6 priority rule
exact_0837,raw_sha256,HB_normal_normal__128_1306344005749_D1,heartbeat_sound,dataset/Heartbeat_Sound/normal/normal__128_1306344005749_D1.wav,D3_set_b_normal__128_1306344005749_D1,1.0,drop,Heartbeat_Sound is a label helper and a full duplicate of set_a + set_b (T17.3)
exact_0838,raw_sha256,D3_set_b_normal__129_1306344506305_B1,D3,dataset/archive (2)/set_b/normal__129_1306344506305_B1.wav,,1.0,keep,byte-identical group; kept by the T17.6 priority rule
exact_0838,raw_sha256,HB_normal_normal__129_1306344506305_B1,heartbeat_sound,dataset/Heartbeat_Sound/normal/normal__129_1306344506305_B1.wav,D3_set_b_normal__129_1306344506305_B1,1.0,drop,Heartbeat_Sound is a label helper and a full duplicate of set_a + set_b (T17.3)
exact_0839,raw_sha256,D3_set_b_normal__129_1306344506305_D,D3,dataset/archive (2)/set_b/normal__129_1306344506305_D.wav,,1.0,keep,byte-identical group; kept by the T17.6 priority rule
exact_0839,raw_sha256,HB_normal_normal__129_1306344506305_D,heartbeat_sound,dataset/Heartbeat_Sound/normal/normal__129_1306344506305_D.wav,D3_set_b_normal__129_1306344506305_D,1.0,drop,Heartbeat_Sound is a label helper and a full duplicate of set_a + set_b (T17.3)
exact_0840,raw_sha256,D3_set_b_normal__129_1306344506305_D1,D3,dataset/archive (2)/set_b/normal__129_1306344506305_D1.wav,,1.0,keep,byte-identical group; kept by the T17.6 priority rule
exact_0840,raw_sha256,HB_normal_normal__129_1306344506305_D1,heartbeat_sound,dataset/Heartbeat_Sound/normal/normal__129_1306344506305_D1.wav,D3_set_b_normal__129_1306344506305_D1,1.0,drop,Heartbeat_Sound is a label helper and a full duplicate of set_a + set_b (T17.3)
exact_0841,raw_sha256,D3_set_b_normal__133_1306759619127_A,D3,dataset/archive (2)/set_b/normal__133_1306759619127_A.wav,,1.0,keep,byte-identical group; kept by the T17.6 priority rule
exact_0841,raw_sha256,HB_normal_normal__133_1306759619127_A,heartbeat_sound,dataset/Heartbeat_Sound/normal/normal__133_1306759619127_A.wav,D3_set_b_normal__133_1306759619127_A,1.0,drop,Heartbeat_Sound is a label helper and a full duplicate of set_a + set_b (T17.3)
exact_0842,raw_sha256,D3_set_b_normal__133_1306759619127_B,D3,dataset/archive (2)/set_b/normal__133_1306759619127_B.wav,,1.0,keep,byte-identical group; kept by the T17.6 priority rule
exact_0842,raw_sha256,HB_normal_normal__133_1306759619127_B,heartbeat_sound,dataset/Heartbeat_Sound/normal/normal__133_1306759619127_B.wav,D3_set_b_normal__133_1306759619127_B,1.0,drop,Heartbeat_Sound is a label helper and a full duplicate of set_a + set_b (T17.3)
exact_0843,raw_sha256,D3_set_b_normal__133_1306759619127_D,D3,dataset/archive (2)/set_b/normal__133_1306759619127_D.wav,,1.0,keep,byte-identical group; kept by the T17.6 priority rule
exact_0843,raw_sha256,HB_normal_normal__133_1306759619127_D,heartbeat_sound,dataset/Heartbeat_Sound/normal/normal__133_1306759619127_D.wav,D3_set_b_normal__133_1306759619127_D,1.0,drop,Heartbeat_Sound is a label helper and a full duplicate of set_a + set_b (T17.3)
exact_0844,raw_sha256,D3_set_b_normal__134_1306428161797_C,D3,dataset/archive (2)/set_b/normal__134_1306428161797_C.wav,,1.0,keep,byte-identical group; kept by the T17.6 priority rule
exact_0844,raw_sha256,HB_normal_normal__134_1306428161797_C,heartbeat_sound,dataset/Heartbeat_Sound/normal/normal__134_1306428161797_C.wav,D3_set_b_normal__134_1306428161797_C,1.0,drop,Heartbeat_Sound is a label helper and a full duplicate of set_a + set_b (T17.3)
exact_0845,raw_sha256,D3_set_b_normal__134_1306428161797_C2,D3,dataset/archive (2)/set_b/normal__134_1306428161797_C2.wav,,1.0,keep,byte-identical group; kept by the T17.6 priority rule
exact_0845,raw_sha256,HB_normal_normal__134_1306428161797_C2,heartbeat_sound,dataset/Heartbeat_Sound/normal/normal__134_1306428161797_C2.wav,D3_set_b_normal__134_1306428161797_C2,1.0,drop,Heartbeat_Sound is a label helper and a full duplicate of set_a + set_b (T17.3)
exact_0846,raw_sha256,D3_set_b_normal__134_1306428161797_D,D3,dataset/archive (2)/set_b/normal__134_1306428161797_D.wav,,1.0,keep,byte-identical group; kept by the T17.6 priority rule
exact_0846,raw_sha256,HB_normal_normal__134_1306428161797_D,heartbeat_sound,dataset/Heartbeat_Sound/normal/normal__134_1306428161797_D.wav,D3_set_b_normal__134_1306428161797_D,1.0,drop,Heartbeat_Sound is a label helper and a full duplicate of set_a + set_b (T17.3)
exact_0847,raw_sha256,D3_set_b_normal__137_1306764999211_C,D3,dataset/archive (2)/set_b/normal__137_1306764999211_C.wav,,1.0,keep,byte-identical group; kept by the T17.6 priority rule
exact_0847,raw_sha256,HB_normal_normal__137_1306764999211_C,heartbeat_sound,dataset/Heartbeat_Sound/normal/normal__137_1306764999211_C.wav,D3_set_b_normal__137_1306764999211_C,1.0,drop,Heartbeat_Sound is a label helper and a full duplicate of set_a + set_b (T17.3)
exact_0848,raw_sha256,D3_set_b_normal__137_1306764999211_D,D3,dataset/archive (2)/set_b/normal__137_1306764999211_D.wav,,1.0,keep,byte-identical group; kept by the T17.6 priority rule
exact_0848,raw_sha256,HB_normal_normal__137_1306764999211_D,heartbeat_sound,dataset/Heartbeat_Sound/normal/normal__137_1306764999211_D.wav,D3_set_b_normal__137_1306764999211_D,1.0,drop,Heartbeat_Sound is a label helper and a full duplicate of set_a + set_b (T17.3)
exact_0849,raw_sha256,D3_set_b_normal__139_1306519274653_A,D3,dataset/archive (2)/set_b/normal__139_1306519274653_A.wav,,1.0,keep,byte-identical group; kept by the T17.6 priority rule
exact_0849,raw_sha256,HB_normal_normal__139_1306519274653_A,heartbeat_sound,dataset/Heartbeat_Sound/normal/normal__139_1306519274653_A.wav,D3_set_b_normal__139_1306519274653_A,1.0,drop,Heartbeat_Sound is a label helper and a full duplicate of set_a + set_b (T17.3)
exact_0850,raw_sha256,D3_set_b_normal__140_1306519735121_A,D3,dataset/archive (2)/set_b/normal__140_1306519735121_A.wav,,1.0,keep,byte-identical group; kept by the T17.6 priority rule
exact_0850,raw_sha256,HB_normal_normal__140_1306519735121_A,heartbeat_sound,dataset/Heartbeat_Sound/normal/normal__140_1306519735121_A.wav,D3_set_b_normal__140_1306519735121_A,1.0,drop,Heartbeat_Sound is a label helper and a full duplicate of set_a + set_b (T17.3)
exact_0851,raw_sha256,D3_set_b_normal__140_1306519735121_B,D3,dataset/archive (2)/set_b/normal__140_1306519735121_B.wav,,1.0,keep,byte-identical group; kept by the T17.6 priority rule
exact_0851,raw_sha256,HB_normal_normal__140_1306519735121_B,heartbeat_sound,dataset/Heartbeat_Sound/normal/normal__140_1306519735121_B.wav,D3_set_b_normal__140_1306519735121_B,1.0,drop,Heartbeat_Sound is a label helper and a full duplicate of set_a + set_b (T17.3)
exact_0852,raw_sha256,D3_set_b_normal__140_1306519735121_D1,D3,dataset/archive (2)/set_b/normal__140_1306519735121_D1.wav,,1.0,keep,byte-identical group; kept by the T17.6 priority rule
exact_0852,raw_sha256,HB_normal_normal__140_1306519735121_D1,heartbeat_sound,dataset/Heartbeat_Sound/normal/normal__140_1306519735121_D1.wav,D3_set_b_normal__140_1306519735121_D1,1.0,drop,Heartbeat_Sound is a label helper and a full duplicate of set_a + set_b (T17.3)
exact_0853,raw_sha256,D3_set_b_normal__141_1306520154450_B,D3,dataset/archive (2)/set_b/normal__141_1306520154450_B.wav,,1.0,keep,byte-identical group; kept by the T17.6 priority rule
exact_0853,raw_sha256,HB_normal_normal__141_1306520154450_B,heartbeat_sound,dataset/Heartbeat_Sound/normal/normal__141_1306520154450_B.wav,D3_set_b_normal__141_1306520154450_B,1.0,drop,Heartbeat_Sound is a label helper and a full duplicate of set_a + set_b (T17.3)
exact_0854,raw_sha256,D3_set_b_normal__141_1306520154450_C,D3,dataset/archive (2)/set_b/normal__141_1306520154450_C.wav,,1.0,keep,byte-identical group; kept by the T17.6 priority rule
exact_0854,raw_sha256,HB_normal_normal__141_1306520154450_C,heartbeat_sound,dataset/Heartbeat_Sound/normal/normal__141_1306520154450_C.wav,D3_set_b_normal__141_1306520154450_C,1.0,drop,Heartbeat_Sound is a label helper and a full duplicate of set_a + set_b (T17.3)
exact_0855,raw_sha256,D3_set_b_normal__143_1306763822290_B,D3,dataset/archive (2)/set_b/normal__143_1306763822290_B.wav,,1.0,keep,byte-identical group; kept by the T17.6 priority rule
exact_0855,raw_sha256,HB_normal_normal__143_1306763822290_B,heartbeat_sound,dataset/Heartbeat_Sound/normal/normal__143_1306763822290_B.wav,D3_set_b_normal__143_1306763822290_B,1.0,drop,Heartbeat_Sound is a label helper and a full duplicate of set_a + set_b (T17.3)
exact_0856,raw_sha256,D3_set_b_normal__143_1306763822290_C,D3,dataset/archive (2)/set_b/normal__143_1306763822290_C.wav,,1.0,keep,byte-identical group; kept by the T17.6 priority rule
exact_0856,raw_sha256,HB_normal_normal__143_1306763822290_C,heartbeat_sound,dataset/Heartbeat_Sound/normal/normal__143_1306763822290_C.wav,D3_set_b_normal__143_1306763822290_C,1.0,drop,Heartbeat_Sound is a label helper and a full duplicate of set_a + set_b (T17.3)
exact_0857,raw_sha256,D3_set_b_normal__145_1307987561278_B,D3,dataset/archive (2)/set_b/normal__145_1307987561278_B.wav,,1.0,keep,byte-identical group; kept by the T17.6 priority rule
exact_0857,raw_sha256,HB_normal_normal__145_1307987561278_B,heartbeat_sound,dataset/Heartbeat_Sound/normal/normal__145_1307987561278_B.wav,D3_set_b_normal__145_1307987561278_B,1.0,drop,Heartbeat_Sound is a label helper and a full duplicate of set_a + set_b (T17.3)
exact_0858,raw_sha256,D3_set_b_normal__145_1307987561278_C,D3,dataset/archive (2)/set_b/normal__145_1307987561278_C.wav,,1.0,keep,byte-identical group; kept by the T17.6 priority rule
exact_0858,raw_sha256,HB_normal_normal__145_1307987561278_C,heartbeat_sound,dataset/Heartbeat_Sound/normal/normal__145_1307987561278_C.wav,D3_set_b_normal__145_1307987561278_C,1.0,drop,Heartbeat_Sound is a label helper and a full duplicate of set_a + set_b (T17.3)
exact_0859,raw_sha256,D3_set_b_normal__146_1306778707532_A,D3,dataset/archive (2)/set_b/normal__146_1306778707532_A.wav,,1.0,keep,byte-identical group; kept by the T17.6 priority rule
exact_0859,raw_sha256,HB_normal_normal__146_1306778707532_A,heartbeat_sound,dataset/Heartbeat_Sound/normal/normal__146_1306778707532_A.wav,D3_set_b_normal__146_1306778707532_A,1.0,drop,Heartbeat_Sound is a label helper and a full duplicate of set_a + set_b (T17.3)
exact_0860,raw_sha256,D3_set_b_normal__146_1306778707532_B,D3,dataset/archive (2)/set_b/normal__146_1306778707532_B.wav,,1.0,keep,byte-identical group; kept by the T17.6 priority rule
exact_0860,raw_sha256,HB_normal_normal__146_1306778707532_B,heartbeat_sound,dataset/Heartbeat_Sound/normal/normal__146_1306778707532_B.wav,D3_set_b_normal__146_1306778707532_B,1.0,drop,Heartbeat_Sound is a label helper and a full duplicate of set_a + set_b (T17.3)
exact_0861,raw_sha256,D3_set_b_normal__146_1306778707532_D1,D3,dataset/archive (2)/set_b/normal__146_1306778707532_D1.wav,,1.0,keep,byte-identical group; kept by the T17.6 priority rule
exact_0861,raw_sha256,HB_normal_normal__146_1306778707532_D1,heartbeat_sound,dataset/Heartbeat_Sound/normal/normal__146_1306778707532_D1.wav,D3_set_b_normal__146_1306778707532_D1,1.0,drop,Heartbeat_Sound is a label helper and a full duplicate of set_a + set_b (T17.3)
exact_0862,raw_sha256,D3_set_b_normal__146_1306778707532_D2,D3,dataset/archive (2)/set_b/normal__146_1306778707532_D2.wav,,1.0,keep,byte-identical group; kept by the T17.6 priority rule
exact_0862,raw_sha256,HB_normal_normal__146_1306778707532_D2,heartbeat_sound,dataset/Heartbeat_Sound/normal/normal__146_1306778707532_D2.wav,D3_set_b_normal__146_1306778707532_D2,1.0,drop,Heartbeat_Sound is a label helper and a full duplicate of set_a + set_b (T17.3)
exact_0863,raw_sha256,D3_set_b_normal__146_1306778707532_D3,D3,dataset/archive (2)/set_b/normal__146_1306778707532_D3.wav,,1.0,keep,byte-identical group; kept by the T17.6 priority rule
exact_0863,raw_sha256,HB_normal_normal__146_1306778707532_D3,heartbeat_sound,dataset/Heartbeat_Sound/normal/normal__146_1306778707532_D3.wav,D3_set_b_normal__146_1306778707532_D3,1.0,drop,Heartbeat_Sound is a label helper and a full duplicate of set_a + set_b (T17.3)
exact_0864,raw_sha256,D3_set_b_normal__146_1306778707532_D4,D3,dataset/archive (2)/set_b/normal__146_1306778707532_D4.wav,,1.0,keep,byte-identical group; kept by the T17.6 priority rule
exact_0864,raw_sha256,HB_normal_normal__146_1306778707532_D4,heartbeat_sound,dataset/Heartbeat_Sound/normal/normal__146_1306778707532_D4.wav,D3_set_b_normal__146_1306778707532_D4,1.0,drop,Heartbeat_Sound is a label helper and a full duplicate of set_a + set_b (T17.3)
exact_0865,raw_sha256,D3_set_b_normal__147_1306523973811_A,D3,dataset/archive (2)/set_b/normal__147_1306523973811_A.wav,,1.0,keep,byte-identical group; kept by the T17.6 priority rule
exact_0865,raw_sha256,HB_normal_normal__147_1306523973811_A,heartbeat_sound,dataset/Heartbeat_Sound/normal/normal__147_1306523973811_A.wav,D3_set_b_normal__147_1306523973811_A,1.0,drop,Heartbeat_Sound is a label helper and a full duplicate of set_a + set_b (T17.3)
exact_0866,raw_sha256,D3_set_b_normal__147_1306523973811_C,D3,dataset/archive (2)/set_b/normal__147_1306523973811_C.wav,,1.0,keep,byte-identical group; kept by the T17.6 priority rule
exact_0866,raw_sha256,HB_normal_normal__147_1306523973811_C,heartbeat_sound,dataset/Heartbeat_Sound/normal/normal__147_1306523973811_C.wav,D3_set_b_normal__147_1306523973811_C,1.0,drop,Heartbeat_Sound is a label helper and a full duplicate of set_a + set_b (T17.3)
exact_0867,raw_sha256,D3_set_b_normal__148_1306768801551_C1,D3,dataset/archive (2)/set_b/normal__148_1306768801551_C1.wav,,1.0,keep,byte-identical group; kept by the T17.6 priority rule
exact_0867,raw_sha256,HB_normal_normal__148_1306768801551_C1,heartbeat_sound,dataset/Heartbeat_Sound/normal/normal__148_1306768801551_C1.wav,D3_set_b_normal__148_1306768801551_C1,1.0,drop,Heartbeat_Sound is a label helper and a full duplicate of set_a + set_b (T17.3)
exact_0868,raw_sha256,D3_set_b_normal__148_1306768801551_D2,D3,dataset/archive (2)/set_b/normal__148_1306768801551_D2.wav,,1.0,keep,byte-identical group; kept by the T17.6 priority rule
exact_0868,raw_sha256,HB_normal_normal__148_1306768801551_D2,heartbeat_sound,dataset/Heartbeat_Sound/normal/normal__148_1306768801551_D2.wav,D3_set_b_normal__148_1306768801551_D2,1.0,drop,Heartbeat_Sound is a label helper and a full duplicate of set_a + set_b (T17.3)
exact_0869,raw_sha256,D3_set_b_normal__149_1306776016110_B,D3,dataset/archive (2)/set_b/normal__149_1306776016110_B.wav,,1.0,keep,byte-identical group; kept by the T17.6 priority rule
exact_0869,raw_sha256,HB_normal_normal__149_1306776016110_B,heartbeat_sound,dataset/Heartbeat_Sound/normal/normal__149_1306776016110_B.wav,D3_set_b_normal__149_1306776016110_B,1.0,drop,Heartbeat_Sound is a label helper and a full duplicate of set_a + set_b (T17.3)
exact_0870,raw_sha256,D3_set_b_normal__149_1306776016110_C1,D3,dataset/archive (2)/set_b/normal__149_1306776016110_C1.wav,,1.0,keep,byte-identical group; kept by the T17.6 priority rule
exact_0870,raw_sha256,HB_normal_normal__149_1306776016110_C1,heartbeat_sound,dataset/Heartbeat_Sound/normal/normal__149_1306776016110_C1.wav,D3_set_b_normal__149_1306776016110_C1,1.0,drop,Heartbeat_Sound is a label helper and a full duplicate of set_a + set_b (T17.3)
exact_0871,raw_sha256,D3_set_b_normal__150_1306776340746_B,D3,dataset/archive (2)/set_b/normal__150_1306776340746_B.wav,,1.0,keep,byte-identical group; kept by the T17.6 priority rule
exact_0871,raw_sha256,HB_normal_normal__150_1306776340746_B,heartbeat_sound,dataset/Heartbeat_Sound/normal/normal__150_1306776340746_B.wav,D3_set_b_normal__150_1306776340746_B,1.0,drop,Heartbeat_Sound is a label helper and a full duplicate of set_a + set_b (T17.3)
exact_0872,raw_sha256,D3_set_b_normal__150_1306776340746_C,D3,dataset/archive (2)/set_b/normal__150_1306776340746_C.wav,,1.0,keep,byte-identical group; kept by the T17.6 priority rule
exact_0872,raw_sha256,HB_normal_normal__150_1306776340746_C,heartbeat_sound,dataset/Heartbeat_Sound/normal/normal__150_1306776340746_C.wav,D3_set_b_normal__150_1306776340746_C,1.0,drop,Heartbeat_Sound is a label helper and a full duplicate of set_a + set_b (T17.3)
exact_0873,raw_sha256,D3_set_b_normal__151_1306779785624_A,D3,dataset/archive (2)/set_b/normal__151_1306779785624_A.wav,,1.0,keep,byte-identical group; kept by the T17.6 priority rule
exact_0873,raw_sha256,HB_normal_normal__151_1306779785624_A,heartbeat_sound,dataset/Heartbeat_Sound/normal/normal__151_1306779785624_A.wav,D3_set_b_normal__151_1306779785624_A,1.0,drop,Heartbeat_Sound is a label helper and a full duplicate of set_a + set_b (T17.3)
exact_0874,raw_sha256,D3_set_b_normal__151_1306779785624_D,D3,dataset/archive (2)/set_b/normal__151_1306779785624_D.wav,,1.0,keep,byte-identical group; kept by the T17.6 priority rule
exact_0874,raw_sha256,HB_normal_normal__151_1306779785624_D,heartbeat_sound,dataset/Heartbeat_Sound/normal/normal__151_1306779785624_D.wav,D3_set_b_normal__151_1306779785624_D,1.0,drop,Heartbeat_Sound is a label helper and a full duplicate of set_a + set_b (T17.3)
exact_0875,raw_sha256,D3_set_b_normal__152_1306779561195_B1,D3,dataset/archive (2)/set_b/normal__152_1306779561195_B1.wav,,1.0,keep,byte-identical group; kept by the T17.6 priority rule
exact_0875,raw_sha256,HB_normal_normal__152_1306779561195_B1,heartbeat_sound,dataset/Heartbeat_Sound/normal/normal__152_1306779561195_B1.wav,D3_set_b_normal__152_1306779561195_B1,1.0,drop,Heartbeat_Sound is a label helper and a full duplicate of set_a + set_b (T17.3)
exact_0876,raw_sha256,D3_set_b_normal__152_1306779561195_C1,D3,dataset/archive (2)/set_b/normal__152_1306779561195_C1.wav,,1.0,keep,byte-identical group; kept by the T17.6 priority rule
exact_0876,raw_sha256,HB_normal_normal__152_1306779561195_C1,heartbeat_sound,dataset/Heartbeat_Sound/normal/normal__152_1306779561195_C1.wav,D3_set_b_normal__152_1306779561195_C1,1.0,drop,Heartbeat_Sound is a label helper and a full duplicate of set_a + set_b (T17.3)
exact_0877,raw_sha256,D3_set_b_normal__152_1306779561195_D,D3,dataset/archive (2)/set_b/normal__152_1306779561195_D.wav,,1.0,keep,byte-identical group; kept by the T17.6 priority rule
exact_0877,raw_sha256,HB_normal_normal__152_1306779561195_D,heartbeat_sound,dataset/Heartbeat_Sound/normal/normal__152_1306779561195_D.wav,D3_set_b_normal__152_1306779561195_D,1.0,drop,Heartbeat_Sound is a label helper and a full duplicate of set_a + set_b (T17.3)
exact_0878,raw_sha256,D3_set_b_normal__153_1306848820671_A,D3,dataset/archive (2)/set_b/normal__153_1306848820671_A.wav,,1.0,keep,byte-identical group; kept by the T17.6 priority rule
exact_0878,raw_sha256,HB_normal_normal__153_1306848820671_A,heartbeat_sound,dataset/Heartbeat_Sound/normal/normal__153_1306848820671_A.wav,D3_set_b_normal__153_1306848820671_A,1.0,drop,Heartbeat_Sound is a label helper and a full duplicate of set_a + set_b (T17.3)
exact_0879,raw_sha256,D3_set_b_normal__153_1306848820671_B,D3,dataset/archive (2)/set_b/normal__153_1306848820671_B.wav,,1.0,keep,byte-identical group; kept by the T17.6 priority rule
exact_0879,raw_sha256,HB_normal_normal__153_1306848820671_B,heartbeat_sound,dataset/Heartbeat_Sound/normal/normal__153_1306848820671_B.wav,D3_set_b_normal__153_1306848820671_B,1.0,drop,Heartbeat_Sound is a label helper and a full duplicate of set_a + set_b (T17.3)
exact_0880,raw_sha256,D3_set_b_normal__153_1306848820671_B1,D3,dataset/archive (2)/set_b/normal__153_1306848820671_B1.wav,,1.0,keep,byte-identical group; kept by the T17.6 priority rule
exact_0880,raw_sha256,HB_normal_normal__153_1306848820671_B1,heartbeat_sound,dataset/Heartbeat_Sound/normal/normal__153_1306848820671_B1.wav,D3_set_b_normal__153_1306848820671_B1,1.0,drop,Heartbeat_Sound is a label helper and a full duplicate of set_a + set_b (T17.3)
exact_0881,raw_sha256,D3_set_b_normal__153_1306848820671_D1,D3,dataset/archive (2)/set_b/normal__153_1306848820671_D1.wav,,1.0,keep,byte-identical group; kept by the T17.6 priority rule
exact_0881,raw_sha256,HB_normal_normal__153_1306848820671_D1,heartbeat_sound,dataset/Heartbeat_Sound/normal/normal__153_1306848820671_D1.wav,D3_set_b_normal__153_1306848820671_D1,1.0,drop,Heartbeat_Sound is a label helper and a full duplicate of set_a + set_b (T17.3)
exact_0882,raw_sha256,D3_set_b_normal__154_1306935608852_A1,D3,dataset/archive (2)/set_b/normal__154_1306935608852_A1.wav,,1.0,keep,byte-identical group; kept by the T17.6 priority rule
exact_0882,raw_sha256,HB_normal_normal__154_1306935608852_A1,heartbeat_sound,dataset/Heartbeat_Sound/normal/normal__154_1306935608852_A1.wav,D3_set_b_normal__154_1306935608852_A1,1.0,drop,Heartbeat_Sound is a label helper and a full duplicate of set_a + set_b (T17.3)
exact_0883,raw_sha256,D3_set_b_normal__154_1306935608852_B,D3,dataset/archive (2)/set_b/normal__154_1306935608852_B.wav,,1.0,keep,byte-identical group; kept by the T17.6 priority rule
exact_0883,raw_sha256,HB_normal_normal__154_1306935608852_B,heartbeat_sound,dataset/Heartbeat_Sound/normal/normal__154_1306935608852_B.wav,D3_set_b_normal__154_1306935608852_B,1.0,drop,Heartbeat_Sound is a label helper and a full duplicate of set_a + set_b (T17.3)
exact_0884,raw_sha256,D3_set_b_normal__154_1306935608852_B1,D3,dataset/archive (2)/set_b/normal__154_1306935608852_B1.wav,,1.0,keep,byte-identical group; kept by the T17.6 priority rule
exact_0884,raw_sha256,HB_normal_normal__154_1306935608852_B1,heartbeat_sound,dataset/Heartbeat_Sound/normal/normal__154_1306935608852_B1.wav,D3_set_b_normal__154_1306935608852_B1,1.0,drop,Heartbeat_Sound is a label helper and a full duplicate of set_a + set_b (T17.3)
exact_0885,raw_sha256,D3_set_b_normal__154_1306935608852_D,D3,dataset/archive (2)/set_b/normal__154_1306935608852_D.wav,,1.0,keep,byte-identical group; kept by the T17.6 priority rule
exact_0885,raw_sha256,HB_normal_normal__154_1306935608852_D,heartbeat_sound,dataset/Heartbeat_Sound/normal/normal__154_1306935608852_D.wav,D3_set_b_normal__154_1306935608852_D,1.0,drop,Heartbeat_Sound is a label helper and a full duplicate of set_a + set_b (T17.3)
exact_0886,raw_sha256,D3_set_b_normal__155_1306935902813_B1,D3,dataset/archive (2)/set_b/normal__155_1306935902813_B1.wav,,1.0,keep,byte-identical group; kept by the T17.6 priority rule
exact_0886,raw_sha256,HB_normal_normal__155_1306935902813_B1,heartbeat_sound,dataset/Heartbeat_Sound/normal/normal__155_1306935902813_B1.wav,D3_set_b_normal__155_1306935902813_B1,1.0,drop,Heartbeat_Sound is a label helper and a full duplicate of set_a + set_b (T17.3)
exact_0887,raw_sha256,D3_set_b_normal__158_1306947254705_B2,D3,dataset/archive (2)/set_b/normal__158_1306947254705_B2.wav,,1.0,keep,byte-identical group; kept by the T17.6 priority rule
exact_0887,raw_sha256,HB_normal_normal__158_1306947254705_B2,heartbeat_sound,dataset/Heartbeat_Sound/normal/normal__158_1306947254705_B2.wav,D3_set_b_normal__158_1306947254705_B2,1.0,drop,Heartbeat_Sound is a label helper and a full duplicate of set_a + set_b (T17.3)
exact_0888,raw_sha256,D3_set_b_normal__159_1307018640315_A,D3,dataset/archive (2)/set_b/normal__159_1307018640315_A.wav,,1.0,keep,byte-identical group; kept by the T17.6 priority rule
exact_0888,raw_sha256,HB_normal_normal__159_1307018640315_A,heartbeat_sound,dataset/Heartbeat_Sound/normal/normal__159_1307018640315_A.wav,D3_set_b_normal__159_1307018640315_A,1.0,drop,Heartbeat_Sound is a label helper and a full duplicate of set_a + set_b (T17.3)
exact_0889,raw_sha256,D3_set_b_normal__159_1307018640315_B1,D3,dataset/archive (2)/set_b/normal__159_1307018640315_B1.wav,,1.0,keep,byte-identical group; kept by the T17.6 priority rule
exact_0889,raw_sha256,HB_normal_normal__159_1307018640315_B1,heartbeat_sound,dataset/Heartbeat_Sound/normal/normal__159_1307018640315_B1.wav,D3_set_b_normal__159_1307018640315_B1,1.0,drop,Heartbeat_Sound is a label helper and a full duplicate of set_a + set_b (T17.3)
exact_0890,raw_sha256,D3_set_b_normal__159_1307018640315_B2,D3,dataset/archive (2)/set_b/normal__159_1307018640315_B2.wav,,1.0,keep,byte-identical group; kept by the T17.6 priority rule
exact_0890,raw_sha256,HB_normal_normal__159_1307018640315_B2,heartbeat_sound,dataset/Heartbeat_Sound/normal/normal__159_1307018640315_B2.wav,D3_set_b_normal__159_1307018640315_B2,1.0,drop,Heartbeat_Sound is a label helper and a full duplicate of set_a + set_b (T17.3)
exact_0891,raw_sha256,D3_set_b_normal__159_1307018640315_C1,D3,dataset/archive (2)/set_b/normal__159_1307018640315_C1.wav,,1.0,keep,byte-identical group; kept by the T17.6 priority rule
exact_0891,raw_sha256,HB_normal_normal__159_1307018640315_C1,heartbeat_sound,dataset/Heartbeat_Sound/normal/normal__159_1307018640315_C1.wav,D3_set_b_normal__159_1307018640315_C1,1.0,drop,Heartbeat_Sound is a label helper and a full duplicate of set_a + set_b (T17.3)
exact_0892,raw_sha256,D3_set_b_normal__167_1307111318050_A,D3,dataset/archive (2)/set_b/normal__167_1307111318050_A.wav,,1.0,keep,byte-identical group; kept by the T17.6 priority rule
exact_0892,raw_sha256,HB_normal_normal__167_1307111318050_A,heartbeat_sound,dataset/Heartbeat_Sound/normal/normal__167_1307111318050_A.wav,D3_set_b_normal__167_1307111318050_A,1.0,drop,Heartbeat_Sound is a label helper and a full duplicate of set_a + set_b (T17.3)
exact_0893,raw_sha256,D3_set_b_normal__167_1307111318050_C,D3,dataset/archive (2)/set_b/normal__167_1307111318050_C.wav,,1.0,keep,byte-identical group; kept by the T17.6 priority rule
exact_0893,raw_sha256,HB_normal_normal__167_1307111318050_C,heartbeat_sound,dataset/Heartbeat_Sound/normal/normal__167_1307111318050_C.wav,D3_set_b_normal__167_1307111318050_C,1.0,drop,Heartbeat_Sound is a label helper and a full duplicate of set_a + set_b (T17.3)
exact_0894,raw_sha256,D3_set_b_normal__168_1307970069434_A,D3,dataset/archive (2)/set_b/normal__168_1307970069434_A.wav,,1.0,keep,byte-identical group; kept by the T17.6 priority rule
exact_0894,raw_sha256,HB_normal_normal__168_1307970069434_A,heartbeat_sound,dataset/Heartbeat_Sound/normal/normal__168_1307970069434_A.wav,D3_set_b_normal__168_1307970069434_A,1.0,drop,Heartbeat_Sound is a label helper and a full duplicate of set_a + set_b (T17.3)
exact_0895,raw_sha256,D3_set_b_normal__168_1307970069434_A2,D3,dataset/archive (2)/set_b/normal__168_1307970069434_A2.wav,,1.0,keep,byte-identical group; kept by the T17.6 priority rule
exact_0895,raw_sha256,HB_normal_normal__168_1307970069434_A2,heartbeat_sound,dataset/Heartbeat_Sound/normal/normal__168_1307970069434_A2.wav,D3_set_b_normal__168_1307970069434_A2,1.0,drop,Heartbeat_Sound is a label helper and a full duplicate of set_a + set_b (T17.3)
exact_0896,raw_sha256,D3_set_b_normal__169_1307970398039_C,D3,dataset/archive (2)/set_b/normal__169_1307970398039_C.wav,,1.0,keep,byte-identical group; kept by the T17.6 priority rule
exact_0896,raw_sha256,HB_normal_normal__169_1307970398039_C,heartbeat_sound,dataset/Heartbeat_Sound/normal/normal__169_1307970398039_C.wav,D3_set_b_normal__169_1307970398039_C,1.0,drop,Heartbeat_Sound is a label helper and a full duplicate of set_a + set_b (T17.3)
exact_0897,raw_sha256,D3_set_b_normal__170_1307970562729_A,D3,dataset/archive (2)/set_b/normal__170_1307970562729_A.wav,,1.0,keep,byte-identical group; kept by the T17.6 priority rule
exact_0897,raw_sha256,HB_normal_normal__170_1307970562729_A,heartbeat_sound,dataset/Heartbeat_Sound/normal/normal__170_1307970562729_A.wav,D3_set_b_normal__170_1307970562729_A,1.0,drop,Heartbeat_Sound is a label helper and a full duplicate of set_a + set_b (T17.3)
exact_0898,raw_sha256,D3_set_b_normal__170_1307970562729_B,D3,dataset/archive (2)/set_b/normal__170_1307970562729_B.wav,,1.0,keep,byte-identical group; kept by the T17.6 priority rule
exact_0898,raw_sha256,HB_normal_normal__170_1307970562729_B,heartbeat_sound,dataset/Heartbeat_Sound/normal/normal__170_1307970562729_B.wav,D3_set_b_normal__170_1307970562729_B,1.0,drop,Heartbeat_Sound is a label helper and a full duplicate of set_a + set_b (T17.3)
exact_0899,raw_sha256,D3_set_b_normal__170_1307970562729_C,D3,dataset/archive (2)/set_b/normal__170_1307970562729_C.wav,,1.0,keep,byte-identical group; kept by the T17.6 priority rule
exact_0899,raw_sha256,HB_normal_normal__170_1307970562729_C,heartbeat_sound,dataset/Heartbeat_Sound/normal/normal__170_1307970562729_C.wav,D3_set_b_normal__170_1307970562729_C,1.0,drop,Heartbeat_Sound is a label helper and a full duplicate of set_a + set_b (T17.3)
exact_0900,raw_sha256,D3_set_b_normal__172_1307971284351_B,D3,dataset/archive (2)/set_b/normal__172_1307971284351_B.wav,,1.0,keep,byte-identical group; kept by the T17.6 priority rule
exact_0900,raw_sha256,HB_normal_normal__172_1307971284351_B,heartbeat_sound,dataset/Heartbeat_Sound/normal/normal__172_1307971284351_B.wav,D3_set_b_normal__172_1307971284351_B,1.0,drop,Heartbeat_Sound is a label helper and a full duplicate of set_a + set_b (T17.3)
exact_0901,raw_sha256,D3_set_b_normal__172_1307971284351_B1,D3,dataset/archive (2)/set_b/normal__172_1307971284351_B1.wav,,1.0,keep,byte-identical group; kept by the T17.6 priority rule
exact_0901,raw_sha256,HB_normal_normal__172_1307971284351_B1,heartbeat_sound,dataset/Heartbeat_Sound/normal/normal__172_1307971284351_B1.wav,D3_set_b_normal__172_1307971284351_B1,1.0,drop,Heartbeat_Sound is a label helper and a full duplicate of set_a + set_b (T17.3)
exact_0902,raw_sha256,D3_set_b_normal__173_1307973611151_B,D3,dataset/archive (2)/set_b/normal__173_1307973611151_B.wav,,1.0,keep,byte-identical group; kept by the T17.6 priority rule
exact_0902,raw_sha256,HB_normal_normal__173_1307973611151_B,heartbeat_sound,dataset/Heartbeat_Sound/normal/normal__173_1307973611151_B.wav,D3_set_b_normal__173_1307973611151_B,1.0,drop,Heartbeat_Sound is a label helper and a full duplicate of set_a + set_b (T17.3)
exact_0903,raw_sha256,D3_set_b_normal__173_1307973611151_C,D3,dataset/archive (2)/set_b/normal__173_1307973611151_C.wav,,1.0,keep,byte-identical group; kept by the T17.6 priority rule
exact_0903,raw_sha256,HB_normal_normal__173_1307973611151_C,heartbeat_sound,dataset/Heartbeat_Sound/normal/normal__173_1307973611151_C.wav,D3_set_b_normal__173_1307973611151_C,1.0,drop,Heartbeat_Sound is a label helper and a full duplicate of set_a + set_b (T17.3)
exact_0904,raw_sha256,D3_set_b_normal__174_1307987737137_B,D3,dataset/archive (2)/set_b/normal__174_1307987737137_B.wav,,1.0,keep,byte-identical group; kept by the T17.6 priority rule
exact_0904,raw_sha256,HB_normal_normal__174_1307987737137_B,heartbeat_sound,dataset/Heartbeat_Sound/normal/normal__174_1307987737137_B.wav,D3_set_b_normal__174_1307987737137_B,1.0,drop,Heartbeat_Sound is a label helper and a full duplicate of set_a + set_b (T17.3)
exact_0905,raw_sha256,D3_set_b_normal__174_1307987737137_B1,D3,dataset/archive (2)/set_b/normal__174_1307987737137_B1.wav,,1.0,keep,byte-identical group; kept by the T17.6 priority rule
exact_0905,raw_sha256,HB_normal_normal__174_1307987737137_B1,heartbeat_sound,dataset/Heartbeat_Sound/normal/normal__174_1307987737137_B1.wav,D3_set_b_normal__174_1307987737137_B1,1.0,drop,Heartbeat_Sound is a label helper and a full duplicate of set_a + set_b (T17.3)
exact_0906,raw_sha256,D3_set_b_normal__175_1307987962616_B,D3,dataset/archive (2)/set_b/normal__175_1307987962616_B.wav,,1.0,keep,byte-identical group; kept by the T17.6 priority rule
exact_0906,raw_sha256,HB_normal_normal__175_1307987962616_B,heartbeat_sound,dataset/Heartbeat_Sound/normal/normal__175_1307987962616_B.wav,D3_set_b_normal__175_1307987962616_B,1.0,drop,Heartbeat_Sound is a label helper and a full duplicate of set_a + set_b (T17.3)
exact_0907,raw_sha256,D3_set_b_normal__175_1307987962616_B1,D3,dataset/archive (2)/set_b/normal__175_1307987962616_B1.wav,,1.0,keep,byte-identical group; kept by the T17.6 priority rule
exact_0907,raw_sha256,HB_normal_normal__175_1307987962616_B1,heartbeat_sound,dataset/Heartbeat_Sound/normal/normal__175_1307987962616_B1.wav,D3_set_b_normal__175_1307987962616_B1,1.0,drop,Heartbeat_Sound is a label helper and a full duplicate of set_a + set_b (T17.3)
exact_0908,raw_sha256,D3_set_b_normal__175_1307987962616_D,D3,dataset/archive (2)/set_b/normal__175_1307987962616_D.wav,,1.0,keep,byte-identical group; kept by the T17.6 priority rule
exact_0908,raw_sha256,HB_normal_normal__175_1307987962616_D,heartbeat_sound,dataset/Heartbeat_Sound/normal/normal__175_1307987962616_D.wav,D3_set_b_normal__175_1307987962616_D,1.0,drop,Heartbeat_Sound is a label helper and a full duplicate of set_a + set_b (T17.3)
exact_0909,raw_sha256,D3_set_b_normal__176_1307988171173_A,D3,dataset/archive (2)/set_b/normal__176_1307988171173_A.wav,,1.0,keep,byte-identical group; kept by the T17.6 priority rule
exact_0909,raw_sha256,HB_normal_normal__176_1307988171173_A,heartbeat_sound,dataset/Heartbeat_Sound/normal/normal__176_1307988171173_A.wav,D3_set_b_normal__176_1307988171173_A,1.0,drop,Heartbeat_Sound is a label helper and a full duplicate of set_a + set_b (T17.3)
exact_0910,raw_sha256,D3_set_b_normal__176_1307988171173_B,D3,dataset/archive (2)/set_b/normal__176_1307988171173_B.wav,,1.0,keep,byte-identical group; kept by the T17.6 priority rule
exact_0910,raw_sha256,HB_normal_normal__176_1307988171173_B,heartbeat_sound,dataset/Heartbeat_Sound/normal/normal__176_1307988171173_B.wav,D3_set_b_normal__176_1307988171173_B,1.0,drop,Heartbeat_Sound is a label helper and a full duplicate of set_a + set_b (T17.3)
exact_0911,raw_sha256,D3_set_b_normal__176_1307988171173_B1,D3,dataset/archive (2)/set_b/normal__176_1307988171173_B1.wav,,1.0,keep,byte-identical group; kept by the T17.6 priority rule
exact_0911,raw_sha256,HB_normal_normal__176_1307988171173_B1,heartbeat_sound,dataset/Heartbeat_Sound/normal/normal__176_1307988171173_B1.wav,D3_set_b_normal__176_1307988171173_B1,1.0,drop,Heartbeat_Sound is a label helper and a full duplicate of set_a + set_b (T17.3)
exact_0912,raw_sha256,D3_set_b_normal__177_1307989650056_A1,D3,dataset/archive (2)/set_b/normal__177_1307989650056_A1.wav,,1.0,keep,byte-identical group; kept by the T17.6 priority rule
exact_0912,raw_sha256,HB_normal_normal__177_1307989650056_A1,heartbeat_sound,dataset/Heartbeat_Sound/normal/normal__177_1307989650056_A1.wav,D3_set_b_normal__177_1307989650056_A1,1.0,drop,Heartbeat_Sound is a label helper and a full duplicate of set_a + set_b (T17.3)
exact_0913,raw_sha256,D3_set_b_normal__177_1307989650056_B,D3,dataset/archive (2)/set_b/normal__177_1307989650056_B.wav,,1.0,keep,byte-identical group; kept by the T17.6 priority rule
exact_0913,raw_sha256,HB_normal_normal__177_1307989650056_B,heartbeat_sound,dataset/Heartbeat_Sound/normal/normal__177_1307989650056_B.wav,D3_set_b_normal__177_1307989650056_B,1.0,drop,Heartbeat_Sound is a label helper and a full duplicate of set_a + set_b (T17.3)
exact_0914,raw_sha256,D3_set_b_normal__177_1307989650056_D,D3,dataset/archive (2)/set_b/normal__177_1307989650056_D.wav,,1.0,keep,byte-identical group; kept by the T17.6 priority rule
exact_0914,raw_sha256,HB_normal_normal__177_1307989650056_D,heartbeat_sound,dataset/Heartbeat_Sound/normal/normal__177_1307989650056_D.wav,D3_set_b_normal__177_1307989650056_D,1.0,drop,Heartbeat_Sound is a label helper and a full duplicate of set_a + set_b (T17.3)
exact_0915,raw_sha256,D3_set_b_normal__177_1307989650056_D1,D3,dataset/archive (2)/set_b/normal__177_1307989650056_D1.wav,,1.0,keep,byte-identical group; kept by the T17.6 priority rule
exact_0915,raw_sha256,HB_normal_normal__177_1307989650056_D1,heartbeat_sound,dataset/Heartbeat_Sound/normal/normal__177_1307989650056_D1.wav,D3_set_b_normal__177_1307989650056_D1,1.0,drop,Heartbeat_Sound is a label helper and a full duplicate of set_a + set_b (T17.3)
exact_0916,raw_sha256,D3_set_b_normal__178_1307989887769_B,D3,dataset/archive (2)/set_b/normal__178_1307989887769_B.wav,,1.0,keep,byte-identical group; kept by the T17.6 priority rule
exact_0916,raw_sha256,HB_normal_normal__178_1307989887769_B,heartbeat_sound,dataset/Heartbeat_Sound/normal/normal__178_1307989887769_B.wav,D3_set_b_normal__178_1307989887769_B,1.0,drop,Heartbeat_Sound is a label helper and a full duplicate of set_a + set_b (T17.3)
exact_0917,raw_sha256,D3_set_b_normal__178_1307989887769_D,D3,dataset/archive (2)/set_b/normal__178_1307989887769_D.wav,,1.0,keep,byte-identical group; kept by the T17.6 priority rule
exact_0917,raw_sha256,HB_normal_normal__178_1307989887769_D,heartbeat_sound,dataset/Heartbeat_Sound/normal/normal__178_1307989887769_D.wav,D3_set_b_normal__178_1307989887769_D,1.0,drop,Heartbeat_Sound is a label helper and a full duplicate of set_a + set_b (T17.3)
exact_0918,raw_sha256,D3_set_b_normal__179_1307990076841_B,D3,dataset/archive (2)/set_b/normal__179_1307990076841_B.wav,,1.0,keep,byte-identical group; kept by the T17.6 priority rule
exact_0918,raw_sha256,HB_normal_normal__179_1307990076841_B,heartbeat_sound,dataset/Heartbeat_Sound/normal/normal__179_1307990076841_B.wav,D3_set_b_normal__179_1307990076841_B,1.0,drop,Heartbeat_Sound is a label helper and a full duplicate of set_a + set_b (T17.3)
exact_0919,raw_sha256,D3_set_b_normal__179_1307990076841_D,D3,dataset/archive (2)/set_b/normal__179_1307990076841_D.wav,,1.0,keep,byte-identical group; kept by the T17.6 priority rule
exact_0919,raw_sha256,HB_normal_normal__179_1307990076841_D,heartbeat_sound,dataset/Heartbeat_Sound/normal/normal__179_1307990076841_D.wav,D3_set_b_normal__179_1307990076841_D,1.0,drop,Heartbeat_Sound is a label helper and a full duplicate of set_a + set_b (T17.3)
exact_0920,raw_sha256,D3_set_b_normal__180_1307990956284_A,D3,dataset/archive (2)/set_b/normal__180_1307990956284_A.wav,,1.0,keep,byte-identical group; kept by the T17.6 priority rule
exact_0920,raw_sha256,HB_normal_normal__180_1307990956284_A,heartbeat_sound,dataset/Heartbeat_Sound/normal/normal__180_1307990956284_A.wav,D3_set_b_normal__180_1307990956284_A,1.0,drop,Heartbeat_Sound is a label helper and a full duplicate of set_a + set_b (T17.3)
exact_0921,raw_sha256,D3_set_b_normal__180_1307990956284_C,D3,dataset/archive (2)/set_b/normal__180_1307990956284_C.wav,,1.0,keep,byte-identical group; kept by the T17.6 priority rule
exact_0921,raw_sha256,HB_normal_normal__180_1307990956284_C,heartbeat_sound,dataset/Heartbeat_Sound/normal/normal__180_1307990956284_C.wav,D3_set_b_normal__180_1307990956284_C,1.0,drop,Heartbeat_Sound is a label helper and a full duplicate of set_a + set_b (T17.3)
exact_0922,raw_sha256,D3_set_b_normal__181_1308052613891_B,D3,dataset/archive (2)/set_b/normal__181_1308052613891_B.wav,,1.0,keep,byte-identical group; kept by the T17.6 priority rule
exact_0922,raw_sha256,HB_normal_normal__181_1308052613891_B,heartbeat_sound,dataset/Heartbeat_Sound/normal/normal__181_1308052613891_B.wav,D3_set_b_normal__181_1308052613891_B,1.0,drop,Heartbeat_Sound is a label helper and a full duplicate of set_a + set_b (T17.3)
exact_0923,raw_sha256,D3_set_b_normal__181_1308052613891_D,D3,dataset/archive (2)/set_b/normal__181_1308052613891_D.wav,,1.0,keep,byte-identical group; kept by the T17.6 priority rule
exact_0923,raw_sha256,HB_normal_normal__181_1308052613891_D,heartbeat_sound,dataset/Heartbeat_Sound/normal/normal__181_1308052613891_D.wav,D3_set_b_normal__181_1308052613891_D,1.0,drop,Heartbeat_Sound is a label helper and a full duplicate of set_a + set_b (T17.3)
exact_0924,raw_sha256,D3_set_b_normal__183_1308072703477_B,D3,dataset/archive (2)/set_b/normal__183_1308072703477_B.wav,,1.0,keep,byte-identical group; kept by the T17.6 priority rule
exact_0924,raw_sha256,HB_normal_normal__183_1308072703477_B,heartbeat_sound,dataset/Heartbeat_Sound/normal/normal__183_1308072703477_B.wav,D3_set_b_normal__183_1308072703477_B,1.0,drop,Heartbeat_Sound is a label helper and a full duplicate of set_a + set_b (T17.3)
exact_0925,raw_sha256,D3_set_b_normal__183_1308072703477_C,D3,dataset/archive (2)/set_b/normal__183_1308072703477_C.wav,,1.0,keep,byte-identical group; kept by the T17.6 priority rule
exact_0925,raw_sha256,HB_normal_normal__183_1308072703477_C,heartbeat_sound,dataset/Heartbeat_Sound/normal/normal__183_1308072703477_C.wav,D3_set_b_normal__183_1308072703477_C,1.0,drop,Heartbeat_Sound is a label helper and a full duplicate of set_a + set_b (T17.3)
exact_0926,raw_sha256,D3_set_b_normal__184_1308073010307_B,D3,dataset/archive (2)/set_b/normal__184_1308073010307_B.wav,,1.0,keep,byte-identical group; kept by the T17.6 priority rule
exact_0926,raw_sha256,HB_normal_normal__184_1308073010307_B,heartbeat_sound,dataset/Heartbeat_Sound/normal/normal__184_1308073010307_B.wav,D3_set_b_normal__184_1308073010307_B,1.0,drop,Heartbeat_Sound is a label helper and a full duplicate of set_a + set_b (T17.3)
exact_0927,raw_sha256,D3_set_b_normal__184_1308073010307_D,D3,dataset/archive (2)/set_b/normal__184_1308073010307_D.wav,,1.0,keep,byte-identical group; kept by the T17.6 priority rule
exact_0927,raw_sha256,HB_normal_normal__184_1308073010307_D,heartbeat_sound,dataset/Heartbeat_Sound/normal/normal__184_1308073010307_D.wav,D3_set_b_normal__184_1308073010307_D,1.0,drop,Heartbeat_Sound is a label helper and a full duplicate of set_a + set_b (T17.3)
exact_0928,raw_sha256,D3_set_b_normal__186_1308073648738_C1,D3,dataset/archive (2)/set_b/normal__186_1308073648738_C1.wav,,1.0,keep,byte-identical group; kept by the T17.6 priority rule
exact_0928,raw_sha256,HB_normal_normal__186_1308073648738_C1,heartbeat_sound,dataset/Heartbeat_Sound/normal/normal__186_1308073648738_C1.wav,D3_set_b_normal__186_1308073648738_C1,1.0,drop,Heartbeat_Sound is a label helper and a full duplicate of set_a + set_b (T17.3)
exact_0929,raw_sha256,D3_set_b_normal__186_1308073648738_D,D3,dataset/archive (2)/set_b/normal__186_1308073648738_D.wav,,1.0,keep,byte-identical group; kept by the T17.6 priority rule
exact_0929,raw_sha256,HB_normal_normal__186_1308073648738_D,heartbeat_sound,dataset/Heartbeat_Sound/normal/normal__186_1308073648738_D.wav,D3_set_b_normal__186_1308073648738_D,1.0,drop,Heartbeat_Sound is a label helper and a full duplicate of set_a + set_b (T17.3)
exact_0930,raw_sha256,D3_set_b_normal__188_1308074301731_C,D3,dataset/archive (2)/set_b/normal__188_1308074301731_C.wav,,1.0,keep,byte-identical group; kept by the T17.6 priority rule
exact_0930,raw_sha256,HB_normal_normal__188_1308074301731_C,heartbeat_sound,dataset/Heartbeat_Sound/normal/normal__188_1308074301731_C.wav,D3_set_b_normal__188_1308074301731_C,1.0,drop,Heartbeat_Sound is a label helper and a full duplicate of set_a + set_b (T17.3)
exact_0931,raw_sha256,D3_set_b_normal__188_1308074301731_D,D3,dataset/archive (2)/set_b/normal__188_1308074301731_D.wav,,1.0,keep,byte-identical group; kept by the T17.6 priority rule
exact_0931,raw_sha256,HB_normal_normal__188_1308074301731_D,heartbeat_sound,dataset/Heartbeat_Sound/normal/normal__188_1308074301731_D.wav,D3_set_b_normal__188_1308074301731_D,1.0,drop,Heartbeat_Sound is a label helper and a full duplicate of set_a + set_b (T17.3)
exact_0932,raw_sha256,D3_set_b_normal__190_1308076920011_C1,D3,dataset/archive (2)/set_b/normal__190_1308076920011_C1.wav,,1.0,keep,byte-identical group; kept by the T17.6 priority rule
exact_0932,raw_sha256,HB_normal_normal__190_1308076920011_C1,heartbeat_sound,dataset/Heartbeat_Sound/normal/normal__190_1308076920011_C1.wav,D3_set_b_normal__190_1308076920011_C1,1.0,drop,Heartbeat_Sound is a label helper and a full duplicate of set_a + set_b (T17.3)
exact_0933,raw_sha256,D3_set_b_normal__190_1308076920011_D,D3,dataset/archive (2)/set_b/normal__190_1308076920011_D.wav,,1.0,keep,byte-identical group; kept by the T17.6 priority rule
exact_0933,raw_sha256,HB_normal_normal__190_1308076920011_D,heartbeat_sound,dataset/Heartbeat_Sound/normal/normal__190_1308076920011_D.wav,D3_set_b_normal__190_1308076920011_D,1.0,drop,Heartbeat_Sound is a label helper and a full duplicate of set_a + set_b (T17.3)
exact_0934,raw_sha256,D3_set_b_normal__191_1308077299430_B,D3,dataset/archive (2)/set_b/normal__191_1308077299430_B.wav,,1.0,keep,byte-identical group; kept by the T17.6 priority rule
exact_0934,raw_sha256,HB_normal_normal__191_1308077299430_B,heartbeat_sound,dataset/Heartbeat_Sound/normal/normal__191_1308077299430_B.wav,D3_set_b_normal__191_1308077299430_B,1.0,drop,Heartbeat_Sound is a label helper and a full duplicate of set_a + set_b (T17.3)
exact_0935,raw_sha256,D3_set_b_normal__194_1308139824187_A,D3,dataset/archive (2)/set_b/normal__194_1308139824187_A.wav,,1.0,keep,byte-identical group; kept by the T17.6 priority rule
exact_0935,raw_sha256,HB_normal_normal__194_1308139824187_A,heartbeat_sound,dataset/Heartbeat_Sound/normal/normal__194_1308139824187_A.wav,D3_set_b_normal__194_1308139824187_A,1.0,drop,Heartbeat_Sound is a label helper and a full duplicate of set_a + set_b (T17.3)
exact_0936,raw_sha256,D3_set_b_normal__194_1308139824187_A1,D3,dataset/archive (2)/set_b/normal__194_1308139824187_A1.wav,,1.0,keep,byte-identical group; kept by the T17.6 priority rule
exact_0936,raw_sha256,HB_normal_normal__194_1308139824187_A1,heartbeat_sound,dataset/Heartbeat_Sound/normal/normal__194_1308139824187_A1.wav,D3_set_b_normal__194_1308139824187_A1,1.0,drop,Heartbeat_Sound is a label helper and a full duplicate of set_a + set_b (T17.3)
exact_0937,raw_sha256,D3_set_b_normal__198_1308141739338_C,D3,dataset/archive (2)/set_b/normal__198_1308141739338_C.wav,,1.0,keep,byte-identical group; kept by the T17.6 priority rule
exact_0937,raw_sha256,HB_normal_normal__198_1308141739338_C,heartbeat_sound,dataset/Heartbeat_Sound/normal/normal__198_1308141739338_C.wav,D3_set_b_normal__198_1308141739338_C,1.0,drop,Heartbeat_Sound is a label helper and a full duplicate of set_a + set_b (T17.3)
exact_0938,raw_sha256,D3_set_b_normal__201_1308144942432_A,D3,dataset/archive (2)/set_b/normal__201_1308144942432_A.wav,,1.0,keep,byte-identical group; kept by the T17.6 priority rule
exact_0938,raw_sha256,HB_normal_normal__201_1308144942432_A,heartbeat_sound,dataset/Heartbeat_Sound/normal/normal__201_1308144942432_A.wav,D3_set_b_normal__201_1308144942432_A,1.0,drop,Heartbeat_Sound is a label helper and a full duplicate of set_a + set_b (T17.3)
exact_0939,raw_sha256,D3_set_b_normal__201_1308144942432_A1,D3,dataset/archive (2)/set_b/normal__201_1308144942432_A1.wav,,1.0,keep,byte-identical group; kept by the T17.6 priority rule
exact_0939,raw_sha256,HB_normal_normal__201_1308144942432_A1,heartbeat_sound,dataset/Heartbeat_Sound/normal/normal__201_1308144942432_A1.wav,D3_set_b_normal__201_1308144942432_A1,1.0,drop,Heartbeat_Sound is a label helper and a full duplicate of set_a + set_b (T17.3)
exact_0940,raw_sha256,D3_set_b_normal__202_1308145175747_C,D3,dataset/archive (2)/set_b/normal__202_1308145175747_C.wav,,1.0,keep,byte-identical group; kept by the T17.6 priority rule
exact_0940,raw_sha256,HB_normal_normal__202_1308145175747_C,heartbeat_sound,dataset/Heartbeat_Sound/normal/normal__202_1308145175747_C.wav,D3_set_b_normal__202_1308145175747_C,1.0,drop,Heartbeat_Sound is a label helper and a full duplicate of set_a + set_b (T17.3)
exact_0941,raw_sha256,D3_set_b_normal__202_1308145175747_D,D3,dataset/archive (2)/set_b/normal__202_1308145175747_D.wav,,1.0,keep,byte-identical group; kept by the T17.6 priority rule
exact_0941,raw_sha256,HB_normal_normal__202_1308145175747_D,heartbeat_sound,dataset/Heartbeat_Sound/normal/normal__202_1308145175747_D.wav,D3_set_b_normal__202_1308145175747_D,1.0,drop,Heartbeat_Sound is a label helper and a full duplicate of set_a + set_b (T17.3)
exact_0942,raw_sha256,D3_set_b_normal__204_1308159229275_C,D3,dataset/archive (2)/set_b/normal__204_1308159229275_C.wav,,1.0,keep,byte-identical group; kept by the T17.6 priority rule
exact_0942,raw_sha256,HB_normal_normal__204_1308159229275_C,heartbeat_sound,dataset/Heartbeat_Sound/normal/normal__204_1308159229275_C.wav,D3_set_b_normal__204_1308159229275_C,1.0,drop,Heartbeat_Sound is a label helper and a full duplicate of set_a + set_b (T17.3)
exact_0943,raw_sha256,D3_set_b_normal__204_1308159229275_D,D3,dataset/archive (2)/set_b/normal__204_1308159229275_D.wav,,1.0,keep,byte-identical group; kept by the T17.6 priority rule
exact_0943,raw_sha256,HB_normal_normal__204_1308159229275_D,heartbeat_sound,dataset/Heartbeat_Sound/normal/normal__204_1308159229275_D.wav,D3_set_b_normal__204_1308159229275_D,1.0,drop,Heartbeat_Sound is a label helper and a full duplicate of set_a + set_b (T17.3)
exact_0944,raw_sha256,D3_set_b_normal__206_1308159601959_C,D3,dataset/archive (2)/set_b/normal__206_1308159601959_C.wav,,1.0,keep,byte-identical group; kept by the T17.6 priority rule
exact_0944,raw_sha256,HB_normal_normal__206_1308159601959_C,heartbeat_sound,dataset/Heartbeat_Sound/normal/normal__206_1308159601959_C.wav,D3_set_b_normal__206_1308159601959_C,1.0,drop,Heartbeat_Sound is a label helper and a full duplicate of set_a + set_b (T17.3)
exact_0945,raw_sha256,D3_set_b_normal__207_1308159792607_C,D3,dataset/archive (2)/set_b/normal__207_1308159792607_C.wav,,1.0,keep,byte-identical group; kept by the T17.6 priority rule
exact_0945,raw_sha256,HB_normal_normal__207_1308159792607_C,heartbeat_sound,dataset/Heartbeat_Sound/normal/normal__207_1308159792607_C.wav,D3_set_b_normal__207_1308159792607_C,1.0,drop,Heartbeat_Sound is a label helper and a full duplicate of set_a + set_b (T17.3)
exact_0946,raw_sha256,D3_set_b_normal__208_1308159994503_C,D3,dataset/archive (2)/set_b/normal__208_1308159994503_C.wav,,1.0,keep,byte-identical group; kept by the T17.6 priority rule
exact_0946,raw_sha256,HB_normal_normal__208_1308159994503_C,heartbeat_sound,dataset/Heartbeat_Sound/normal/normal__208_1308159994503_C.wav,D3_set_b_normal__208_1308159994503_C,1.0,drop,Heartbeat_Sound is a label helper and a full duplicate of set_a + set_b (T17.3)
exact_0947,raw_sha256,D3_set_b_normal__209_1308162216750_A,D3,dataset/archive (2)/set_b/normal__209_1308162216750_A.wav,,1.0,keep,byte-identical group; kept by the T17.6 priority rule
exact_0947,raw_sha256,HB_normal_normal__209_1308162216750_A,heartbeat_sound,dataset/Heartbeat_Sound/normal/normal__209_1308162216750_A.wav,D3_set_b_normal__209_1308162216750_A,1.0,drop,Heartbeat_Sound is a label helper and a full duplicate of set_a + set_b (T17.3)
exact_0948,raw_sha256,D3_set_b_normal__209_1308162216750_A1,D3,dataset/archive (2)/set_b/normal__209_1308162216750_A1.wav,,1.0,keep,byte-identical group; kept by the T17.6 priority rule
exact_0948,raw_sha256,HB_normal_normal__209_1308162216750_A1,heartbeat_sound,dataset/Heartbeat_Sound/normal/normal__209_1308162216750_A1.wav,D3_set_b_normal__209_1308162216750_A1,1.0,drop,Heartbeat_Sound is a label helper and a full duplicate of set_a + set_b (T17.3)
exact_0949,raw_sha256,D3_set_b_normal__210_1308162935880_B,D3,dataset/archive (2)/set_b/normal__210_1308162935880_B.wav,,1.0,keep,byte-identical group; kept by the T17.6 priority rule
exact_0949,raw_sha256,HB_normal_normal__210_1308162935880_B,heartbeat_sound,dataset/Heartbeat_Sound/normal/normal__210_1308162935880_B.wav,D3_set_b_normal__210_1308162935880_B,1.0,drop,Heartbeat_Sound is a label helper and a full duplicate of set_a + set_b (T17.3)
exact_0950,raw_sha256,D3_set_b_normal__210_1308162935880_B1,D3,dataset/archive (2)/set_b/normal__210_1308162935880_B1.wav,,1.0,keep,byte-identical group; kept by the T17.6 priority rule
exact_0950,raw_sha256,HB_normal_normal__210_1308162935880_B1,heartbeat_sound,dataset/Heartbeat_Sound/normal/normal__210_1308162935880_B1.wav,D3_set_b_normal__210_1308162935880_B1,1.0,drop,Heartbeat_Sound is a label helper and a full duplicate of set_a + set_b (T17.3)
exact_0951,raw_sha256,D3_set_b_normal__210_1308162935880_D1,D3,dataset/archive (2)/set_b/normal__210_1308162935880_D1.wav,,1.0,keep,byte-identical group; kept by the T17.6 priority rule
exact_0951,raw_sha256,HB_normal_normal__210_1308162935880_D1,heartbeat_sound,dataset/Heartbeat_Sound/normal/normal__210_1308162935880_D1.wav,D3_set_b_normal__210_1308162935880_D1,1.0,drop,Heartbeat_Sound is a label helper and a full duplicate of set_a + set_b (T17.3)
exact_0952,raw_sha256,D3_set_b_normal__210_1308162935880_D2,D3,dataset/archive (2)/set_b/normal__210_1308162935880_D2.wav,,1.0,keep,byte-identical group; kept by the T17.6 priority rule
exact_0952,raw_sha256,HB_normal_normal__210_1308162935880_D2,heartbeat_sound,dataset/Heartbeat_Sound/normal/normal__210_1308162935880_D2.wav,D3_set_b_normal__210_1308162935880_D2,1.0,drop,Heartbeat_Sound is a label helper and a full duplicate of set_a + set_b (T17.3)
exact_0953,raw_sha256,D3_set_b_normal__213_1308245263936_C,D3,dataset/archive (2)/set_b/normal__213_1308245263936_C.wav,,1.0,keep,byte-identical group; kept by the T17.6 priority rule
exact_0953,raw_sha256,HB_normal_normal__213_1308245263936_C,heartbeat_sound,dataset/Heartbeat_Sound/normal/normal__213_1308245263936_C.wav,D3_set_b_normal__213_1308245263936_C,1.0,drop,Heartbeat_Sound is a label helper and a full duplicate of set_a + set_b (T17.3)
exact_0954,raw_sha256,D3_set_b_normal__214_1308245489717_A,D3,dataset/archive (2)/set_b/normal__214_1308245489717_A.wav,,1.0,keep,byte-identical group; kept by the T17.6 priority rule
exact_0954,raw_sha256,HB_normal_normal__214_1308245489717_A,heartbeat_sound,dataset/Heartbeat_Sound/normal/normal__214_1308245489717_A.wav,D3_set_b_normal__214_1308245489717_A,1.0,drop,Heartbeat_Sound is a label helper and a full duplicate of set_a + set_b (T17.3)
exact_0955,raw_sha256,D3_set_b_normal__215_1308245664733_C,D3,dataset/archive (2)/set_b/normal__215_1308245664733_C.wav,,1.0,keep,byte-identical group; kept by the T17.6 priority rule
exact_0955,raw_sha256,HB_normal_normal__215_1308245664733_C,heartbeat_sound,dataset/Heartbeat_Sound/normal/normal__215_1308245664733_C.wav,D3_set_b_normal__215_1308245664733_C,1.0,drop,Heartbeat_Sound is a label helper and a full duplicate of set_a + set_b (T17.3)
exact_0956,raw_sha256,D3_set_b_normal__215_1308245664733_C1,D3,dataset/archive (2)/set_b/normal__215_1308245664733_C1.wav,,1.0,keep,byte-identical group; kept by the T17.6 priority rule
exact_0956,raw_sha256,HB_normal_normal__215_1308245664733_C1,heartbeat_sound,dataset/Heartbeat_Sound/normal/normal__215_1308245664733_C1.wav,D3_set_b_normal__215_1308245664733_C1,1.0,drop,Heartbeat_Sound is a label helper and a full duplicate of set_a + set_b (T17.3)
exact_0957,raw_sha256,D3_set_b_normal__216_1308245839516_C,D3,dataset/archive (2)/set_b/normal__216_1308245839516_C.wav,,1.0,keep,byte-identical group; kept by the T17.6 priority rule
exact_0957,raw_sha256,HB_normal_normal__216_1308245839516_C,heartbeat_sound,dataset/Heartbeat_Sound/normal/normal__216_1308245839516_C.wav,D3_set_b_normal__216_1308245839516_C,1.0,drop,Heartbeat_Sound is a label helper and a full duplicate of set_a + set_b (T17.3)
exact_0958,raw_sha256,D3_set_b_normal__217_1308246111629_C,D3,dataset/archive (2)/set_b/normal__217_1308246111629_C.wav,,1.0,keep,byte-identical group; kept by the T17.6 priority rule
exact_0958,raw_sha256,HB_normal_normal__217_1308246111629_C,heartbeat_sound,dataset/Heartbeat_Sound/normal/normal__217_1308246111629_C.wav,D3_set_b_normal__217_1308246111629_C,1.0,drop,Heartbeat_Sound is a label helper and a full duplicate of set_a + set_b (T17.3)
exact_0959,raw_sha256,D3_set_b_normal__217_1308246111629_C1,D3,dataset/archive (2)/set_b/normal__217_1308246111629_C1.wav,,1.0,keep,byte-identical group; kept by the T17.6 priority rule
exact_0959,raw_sha256,HB_normal_normal__217_1308246111629_C1,heartbeat_sound,dataset/Heartbeat_Sound/normal/normal__217_1308246111629_C1.wav,D3_set_b_normal__217_1308246111629_C1,1.0,drop,Heartbeat_Sound is a label helper and a full duplicate of set_a + set_b (T17.3)
exact_0960,raw_sha256,D3_set_b_normal__218_1308246311449_C,D3,dataset/archive (2)/set_b/normal__218_1308246311449_C.wav,,1.0,keep,byte-identical group; kept by the T17.6 priority rule
exact_0960,raw_sha256,HB_normal_normal__218_1308246311449_C,heartbeat_sound,dataset/Heartbeat_Sound/normal/normal__218_1308246311449_C.wav,D3_set_b_normal__218_1308246311449_C,1.0,drop,Heartbeat_Sound is a label helper and a full duplicate of set_a + set_b (T17.3)
exact_0961,raw_sha256,D3_set_b_normal__218_1308246311449_C1,D3,dataset/archive (2)/set_b/normal__218_1308246311449_C1.wav,,1.0,keep,byte-identical group; kept by the T17.6 priority rule
exact_0961,raw_sha256,HB_normal_normal__218_1308246311449_C1,heartbeat_sound,dataset/Heartbeat_Sound/normal/normal__218_1308246311449_C1.wav,D3_set_b_normal__218_1308246311449_C1,1.0,drop,Heartbeat_Sound is a label helper and a full duplicate of set_a + set_b (T17.3)
exact_0962,raw_sha256,D3_set_b_normal__220_1308250132896_C,D3,dataset/archive (2)/set_b/normal__220_1308250132896_C.wav,,1.0,keep,byte-identical group; kept by the T17.6 priority rule
exact_0962,raw_sha256,HB_normal_normal__220_1308250132896_C,heartbeat_sound,dataset/Heartbeat_Sound/normal/normal__220_1308250132896_C.wav,D3_set_b_normal__220_1308250132896_C,1.0,drop,Heartbeat_Sound is a label helper and a full duplicate of set_a + set_b (T17.3)
exact_0963,raw_sha256,D3_set_b_normal__220_1308250132896_D,D3,dataset/archive (2)/set_b/normal__220_1308250132896_D.wav,,1.0,keep,byte-identical group; kept by the T17.6 priority rule
exact_0963,raw_sha256,HB_normal_normal__220_1308250132896_D,heartbeat_sound,dataset/Heartbeat_Sound/normal/normal__220_1308250132896_D.wav,D3_set_b_normal__220_1308250132896_D,1.0,drop,Heartbeat_Sound is a label helper and a full duplicate of set_a + set_b (T17.3)
exact_0964,raw_sha256,D3_set_b_normal__224_1308337157445_C,D3,dataset/archive (2)/set_b/normal__224_1308337157445_C.wav,,1.0,keep,byte-identical group; kept by the T17.6 priority rule
exact_0964,raw_sha256,HB_normal_normal__224_1308337157445_C,heartbeat_sound,dataset/Heartbeat_Sound/normal/normal__224_1308337157445_C.wav,D3_set_b_normal__224_1308337157445_C,1.0,drop,Heartbeat_Sound is a label helper and a full duplicate of set_a + set_b (T17.3)
exact_0965,raw_sha256,D3_set_b_normal__227_1308594233667_B,D3,dataset/archive (2)/set_b/normal__227_1308594233667_B.wav,,1.0,keep,byte-identical group; kept by the T17.6 priority rule
exact_0965,raw_sha256,HB_normal_normal__227_1308594233667_B,heartbeat_sound,dataset/Heartbeat_Sound/normal/normal__227_1308594233667_B.wav,D3_set_b_normal__227_1308594233667_B,1.0,drop,Heartbeat_Sound is a label helper and a full duplicate of set_a + set_b (T17.3)
exact_0966,raw_sha256,D3_set_b_normal__227_1308594233667_C,D3,dataset/archive (2)/set_b/normal__227_1308594233667_C.wav,,1.0,keep,byte-identical group; kept by the T17.6 priority rule
exact_0966,raw_sha256,HB_normal_normal__227_1308594233667_C,heartbeat_sound,dataset/Heartbeat_Sound/normal/normal__227_1308594233667_C.wav,D3_set_b_normal__227_1308594233667_C,1.0,drop,Heartbeat_Sound is a label helper and a full duplicate of set_a + set_b (T17.3)
exact_0967,raw_sha256,D3_set_b_normal__230_1308595300880_B,D3,dataset/archive (2)/set_b/normal__230_1308595300880_B.wav,,1.0,keep,byte-identical group; kept by the T17.6 priority rule
exact_0967,raw_sha256,HB_normal_normal__230_1308595300880_B,heartbeat_sound,dataset/Heartbeat_Sound/normal/normal__230_1308595300880_B.wav,D3_set_b_normal__230_1308595300880_B,1.0,drop,Heartbeat_Sound is a label helper and a full duplicate of set_a + set_b (T17.3)
exact_0968,raw_sha256,D3_set_b_normal__230_1308595300880_C,D3,dataset/archive (2)/set_b/normal__230_1308595300880_C.wav,,1.0,keep,byte-identical group; kept by the T17.6 priority rule
exact_0968,raw_sha256,HB_normal_normal__230_1308595300880_C,heartbeat_sound,dataset/Heartbeat_Sound/normal/normal__230_1308595300880_C.wav,D3_set_b_normal__230_1308595300880_C,1.0,drop,Heartbeat_Sound is a label helper and a full duplicate of set_a + set_b (T17.3)
exact_0969,raw_sha256,D3_set_b_normal__232_1308748524018_A,D3,dataset/archive (2)/set_b/normal__232_1308748524018_A.wav,,1.0,keep,byte-identical group; kept by the T17.6 priority rule
exact_0969,raw_sha256,HB_normal_normal__232_1308748524018_A,heartbeat_sound,dataset/Heartbeat_Sound/normal/normal__232_1308748524018_A.wav,D3_set_b_normal__232_1308748524018_A,1.0,drop,Heartbeat_Sound is a label helper and a full duplicate of set_a + set_b (T17.3)
exact_0970,raw_sha256,D3_set_b_normal__232_1308748524018_B,D3,dataset/archive (2)/set_b/normal__232_1308748524018_B.wav,,1.0,keep,byte-identical group; kept by the T17.6 priority rule
exact_0970,raw_sha256,HB_normal_normal__232_1308748524018_B,heartbeat_sound,dataset/Heartbeat_Sound/normal/normal__232_1308748524018_B.wav,D3_set_b_normal__232_1308748524018_B,1.0,drop,Heartbeat_Sound is a label helper and a full duplicate of set_a + set_b (T17.3)
exact_0971,raw_sha256,D3_set_b_normal__232_1308748524018_B1,D3,dataset/archive (2)/set_b/normal__232_1308748524018_B1.wav,,1.0,keep,byte-identical group; kept by the T17.6 priority rule
exact_0971,raw_sha256,HB_normal_normal__232_1308748524018_B1,heartbeat_sound,dataset/Heartbeat_Sound/normal/normal__232_1308748524018_B1.wav,D3_set_b_normal__232_1308748524018_B1,1.0,drop,Heartbeat_Sound is a label helper and a full duplicate of set_a + set_b (T17.3)
exact_0972,raw_sha256,D3_set_b_normal__232_1308748524018_C,D3,dataset/archive (2)/set_b/normal__232_1308748524018_C.wav,,1.0,keep,byte-identical group; kept by the T17.6 priority rule
exact_0972,raw_sha256,HB_normal_normal__232_1308748524018_C,heartbeat_sound,dataset/Heartbeat_Sound/normal/normal__232_1308748524018_C.wav,D3_set_b_normal__232_1308748524018_C,1.0,drop,Heartbeat_Sound is a label helper and a full duplicate of set_a + set_b (T17.3)
exact_0973,raw_sha256,D3_set_b_normal__232_1308748524018_D1,D3,dataset/archive (2)/set_b/normal__232_1308748524018_D1.wav,,1.0,keep,byte-identical group; kept by the T17.6 priority rule
exact_0973,raw_sha256,HB_normal_normal__232_1308748524018_D1,heartbeat_sound,dataset/Heartbeat_Sound/normal/normal__232_1308748524018_D1.wav,D3_set_b_normal__232_1308748524018_D1,1.0,drop,Heartbeat_Sound is a label helper and a full duplicate of set_a + set_b (T17.3)
exact_0974,raw_sha256,D3_set_b_normal__235_1308749032454_C,D3,dataset/archive (2)/set_b/normal__235_1308749032454_C.wav,,1.0,keep,byte-identical group; kept by the T17.6 priority rule
exact_0974,raw_sha256,HB_normal_normal__235_1308749032454_C,heartbeat_sound,dataset/Heartbeat_Sound/normal/normal__235_1308749032454_C.wav,D3_set_b_normal__235_1308749032454_C,1.0,drop,Heartbeat_Sound is a label helper and a full duplicate of set_a + set_b (T17.3)
exact_0975,raw_sha256,D3_set_b_normal__235_1308749032454_D,D3,dataset/archive (2)/set_b/normal__235_1308749032454_D.wav,,1.0,keep,byte-identical group; kept by the T17.6 priority rule
exact_0975,raw_sha256,HB_normal_normal__235_1308749032454_D,heartbeat_sound,dataset/Heartbeat_Sound/normal/normal__235_1308749032454_D.wav,D3_set_b_normal__235_1308749032454_D,1.0,drop,Heartbeat_Sound is a label helper and a full duplicate of set_a + set_b (T17.3)
exact_0976,raw_sha256,D3_set_b_normal__237_1308750231222_C,D3,dataset/archive (2)/set_b/normal__237_1308750231222_C.wav,,1.0,keep,byte-identical group; kept by the T17.6 priority rule
exact_0976,raw_sha256,HB_normal_normal__237_1308750231222_C,heartbeat_sound,dataset/Heartbeat_Sound/normal/normal__237_1308750231222_C.wav,D3_set_b_normal__237_1308750231222_C,1.0,drop,Heartbeat_Sound is a label helper and a full duplicate of set_a + set_b (T17.3)
exact_0977,raw_sha256,D3_set_b_normal__238_1309194586293_A,D3,dataset/archive (2)/set_b/normal__238_1309194586293_A.wav,,1.0,keep,byte-identical group; kept by the T17.6 priority rule
exact_0977,raw_sha256,HB_normal_normal__238_1309194586293_A,heartbeat_sound,dataset/Heartbeat_Sound/normal/normal__238_1309194586293_A.wav,D3_set_b_normal__238_1309194586293_A,1.0,drop,Heartbeat_Sound is a label helper and a full duplicate of set_a + set_b (T17.3)
exact_0978,raw_sha256,D3_set_b_normal__238_1309194586293_B,D3,dataset/archive (2)/set_b/normal__238_1309194586293_B.wav,,1.0,keep,byte-identical group; kept by the T17.6 priority rule
exact_0978,raw_sha256,HB_normal_normal__238_1309194586293_B,heartbeat_sound,dataset/Heartbeat_Sound/normal/normal__238_1309194586293_B.wav,D3_set_b_normal__238_1309194586293_B,1.0,drop,Heartbeat_Sound is a label helper and a full duplicate of set_a + set_b (T17.3)
exact_0979,raw_sha256,D3_set_b_normal__250_1309202496494_A,D3,dataset/archive (2)/set_b/normal__250_1309202496494_A.wav,,1.0,keep,byte-identical group; kept by the T17.6 priority rule
exact_0979,raw_sha256,HB_normal_normal__250_1309202496494_A,heartbeat_sound,dataset/Heartbeat_Sound/normal/normal__250_1309202496494_A.wav,D3_set_b_normal__250_1309202496494_A,1.0,drop,Heartbeat_Sound is a label helper and a full duplicate of set_a + set_b (T17.3)
exact_0980,raw_sha256,D3_set_b_normal__250_1309202496494_B,D3,dataset/archive (2)/set_b/normal__250_1309202496494_B.wav,,1.0,keep,byte-identical group; kept by the T17.6 priority rule
exact_0980,raw_sha256,HB_normal_normal__250_1309202496494_B,heartbeat_sound,dataset/Heartbeat_Sound/normal/normal__250_1309202496494_B.wav,D3_set_b_normal__250_1309202496494_B,1.0,drop,Heartbeat_Sound is a label helper and a full duplicate of set_a + set_b (T17.3)
exact_0981,raw_sha256,D3_set_b_normal__252_1309203336604_B,D3,dataset/archive (2)/set_b/normal__252_1309203336604_B.wav,,1.0,keep,byte-identical group; kept by the T17.6 priority rule
exact_0981,raw_sha256,HB_normal_normal__252_1309203336604_B,heartbeat_sound,dataset/Heartbeat_Sound/normal/normal__252_1309203336604_B.wav,D3_set_b_normal__252_1309203336604_B,1.0,drop,Heartbeat_Sound is a label helper and a full duplicate of set_a + set_b (T17.3)
exact_0982,raw_sha256,D3_set_b_normal__256_1309351470137_A,D3,dataset/archive (2)/set_b/normal__256_1309351470137_A.wav,,1.0,keep,byte-identical group; kept by the T17.6 priority rule
exact_0982,raw_sha256,HB_normal_normal__256_1309351470137_A,heartbeat_sound,dataset/Heartbeat_Sound/normal/normal__256_1309351470137_A.wav,D3_set_b_normal__256_1309351470137_A,1.0,drop,Heartbeat_Sound is a label helper and a full duplicate of set_a + set_b (T17.3)
exact_0983,raw_sha256,D3_set_b_normal__258_1309352253234_C,D3,dataset/archive (2)/set_b/normal__258_1309352253234_C.wav,,1.0,keep,byte-identical group; kept by the T17.6 priority rule
exact_0983,raw_sha256,HB_normal_normal__258_1309352253234_C,heartbeat_sound,dataset/Heartbeat_Sound/normal/normal__258_1309352253234_C.wav,D3_set_b_normal__258_1309352253234_C,1.0,drop,Heartbeat_Sound is a label helper and a full duplicate of set_a + set_b (T17.3)
exact_0984,raw_sha256,D3_set_b_normal__260_1309353164458_C,D3,dataset/archive (2)/set_b/normal__260_1309353164458_C.wav,,1.0,keep,byte-identical group; kept by the T17.6 priority rule
exact_0984,raw_sha256,HB_normal_normal__260_1309353164458_C,heartbeat_sound,dataset/Heartbeat_Sound/normal/normal__260_1309353164458_C.wav,D3_set_b_normal__260_1309353164458_C,1.0,drop,Heartbeat_Sound is a label helper and a full duplicate of set_a + set_b (T17.3)
exact_0985,raw_sha256,D3_set_b_normal__261_1309353556003_B,D3,dataset/archive (2)/set_b/normal__261_1309353556003_B.wav,,1.0,keep,byte-identical group; kept by the T17.6 priority rule
exact_0985,raw_sha256,HB_normal_normal__261_1309353556003_B,heartbeat_sound,dataset/Heartbeat_Sound/normal/normal__261_1309353556003_B.wav,D3_set_b_normal__261_1309353556003_B,1.0,drop,Heartbeat_Sound is a label helper and a full duplicate of set_a + set_b (T17.3)
exact_0986,raw_sha256,D3_set_b_normal__262_1309355283807_A,D3,dataset/archive (2)/set_b/normal__262_1309355283807_A.wav,,1.0,keep,byte-identical group; kept by the T17.6 priority rule
exact_0986,raw_sha256,HB_normal_normal__262_1309355283807_A,heartbeat_sound,dataset/Heartbeat_Sound/normal/normal__262_1309355283807_A.wav,D3_set_b_normal__262_1309355283807_A,1.0,drop,Heartbeat_Sound is a label helper and a full duplicate of set_a + set_b (T17.3)
exact_0987,raw_sha256,D3_set_b_normal__267_1309368735165_A,D3,dataset/archive (2)/set_b/normal__267_1309368735165_A.wav,,1.0,keep,byte-identical group; kept by the T17.6 priority rule
exact_0987,raw_sha256,HB_normal_normal__267_1309368735165_A,heartbeat_sound,dataset/Heartbeat_Sound/normal/normal__267_1309368735165_A.wav,D3_set_b_normal__267_1309368735165_A,1.0,drop,Heartbeat_Sound is a label helper and a full duplicate of set_a + set_b (T17.3)
exact_0988,raw_sha256,D3_set_b_normal__270_1309369533040_C,D3,dataset/archive (2)/set_b/normal__270_1309369533040_C.wav,,1.0,keep,byte-identical group; kept by the T17.6 priority rule
exact_0988,raw_sha256,HB_normal_normal__270_1309369533040_C,heartbeat_sound,dataset/Heartbeat_Sound/normal/normal__270_1309369533040_C.wav,D3_set_b_normal__270_1309369533040_C,1.0,drop,Heartbeat_Sound is a label helper and a full duplicate of set_a + set_b (T17.3)
exact_0989,raw_sha256,D3_set_b_normal__273_1309370841191_B,D3,dataset/archive (2)/set_b/normal__273_1309370841191_B.wav,,1.0,keep,byte-identical group; kept by the T17.6 priority rule
exact_0989,raw_sha256,HB_normal_normal__273_1309370841191_B,heartbeat_sound,dataset/Heartbeat_Sound/normal/normal__273_1309370841191_B.wav,D3_set_b_normal__273_1309370841191_B,1.0,drop,Heartbeat_Sound is a label helper and a full duplicate of set_a + set_b (T17.3)
exact_0990,raw_sha256,D3_set_b_normal__274_1311075637574_A1,D3,dataset/archive (2)/set_b/normal__274_1311075637574_A1.wav,,1.0,keep,byte-identical group; kept by the T17.6 priority rule
exact_0990,raw_sha256,HB_normal_normal__274_1311075637574_A1,heartbeat_sound,dataset/Heartbeat_Sound/normal/normal__274_1311075637574_A1.wav,D3_set_b_normal__274_1311075637574_A1,1.0,drop,Heartbeat_Sound is a label helper and a full duplicate of set_a + set_b (T17.3)
exact_0991,raw_sha256,D3_set_b_normal__274_1311075637574_B,D3,dataset/archive (2)/set_b/normal__274_1311075637574_B.wav,,1.0,keep,byte-identical group; kept by the T17.6 priority rule
exact_0991,raw_sha256,HB_normal_normal__274_1311075637574_B,heartbeat_sound,dataset/Heartbeat_Sound/normal/normal__274_1311075637574_B.wav,D3_set_b_normal__274_1311075637574_B,1.0,drop,Heartbeat_Sound is a label helper and a full duplicate of set_a + set_b (T17.3)
exact_0992,raw_sha256,D3_set_b_normal__274_1311075637574_B1,D3,dataset/archive (2)/set_b/normal__274_1311075637574_B1.wav,,1.0,keep,byte-identical group; kept by the T17.6 priority rule
exact_0992,raw_sha256,HB_normal_normal__274_1311075637574_B1,heartbeat_sound,dataset/Heartbeat_Sound/normal/normal__274_1311075637574_B1.wav,D3_set_b_normal__274_1311075637574_B1,1.0,drop,Heartbeat_Sound is a label helper and a full duplicate of set_a + set_b (T17.3)
exact_0993,raw_sha256,D3_set_b_normal__274_1311075637574_D,D3,dataset/archive (2)/set_b/normal__274_1311075637574_D.wav,,1.0,keep,byte-identical group; kept by the T17.6 priority rule
exact_0993,raw_sha256,HB_normal_normal__274_1311075637574_D,heartbeat_sound,dataset/Heartbeat_Sound/normal/normal__274_1311075637574_D.wav,D3_set_b_normal__274_1311075637574_D,1.0,drop,Heartbeat_Sound is a label helper and a full duplicate of set_a + set_b (T17.3)
exact_0994,raw_sha256,D3_set_b_normal__278_1311163365896_A,D3,dataset/archive (2)/set_b/normal__278_1311163365896_A.wav,,1.0,keep,byte-identical group; kept by the T17.6 priority rule
exact_0994,raw_sha256,HB_normal_normal__278_1311163365896_A,heartbeat_sound,dataset/Heartbeat_Sound/normal/normal__278_1311163365896_A.wav,D3_set_b_normal__278_1311163365896_A,1.0,drop,Heartbeat_Sound is a label helper and a full duplicate of set_a + set_b (T17.3)
exact_0995,raw_sha256,D3_set_b_normal__278_1311163365896_A1,D3,dataset/archive (2)/set_b/normal__278_1311163365896_A1.wav,,1.0,keep,byte-identical group; kept by the T17.6 priority rule
exact_0995,raw_sha256,HB_normal_normal__278_1311163365896_A1,heartbeat_sound,dataset/Heartbeat_Sound/normal/normal__278_1311163365896_A1.wav,D3_set_b_normal__278_1311163365896_A1,1.0,drop,Heartbeat_Sound is a label helper and a full duplicate of set_a + set_b (T17.3)
exact_0996,raw_sha256,D3_set_b_normal__280_1311165195344_A,D3,dataset/archive (2)/set_b/normal__280_1311165195344_A.wav,,1.0,keep,byte-identical group; kept by the T17.6 priority rule
exact_0996,raw_sha256,HB_normal_normal__280_1311165195344_A,heartbeat_sound,dataset/Heartbeat_Sound/normal/normal__280_1311165195344_A.wav,D3_set_b_normal__280_1311165195344_A,1.0,drop,Heartbeat_Sound is a label helper and a full duplicate of set_a + set_b (T17.3)
exact_0997,raw_sha256,D3_set_b_normal__282_1311166081161_C,D3,dataset/archive (2)/set_b/normal__282_1311166081161_C.wav,,1.0,keep,byte-identical group; kept by the T17.6 priority rule
exact_0997,raw_sha256,HB_normal_normal__282_1311166081161_C,heartbeat_sound,dataset/Heartbeat_Sound/normal/normal__282_1311166081161_C.wav,D3_set_b_normal__282_1311166081161_C,1.0,drop,Heartbeat_Sound is a label helper and a full duplicate of set_a + set_b (T17.3)
exact_0998,raw_sha256,D3_set_b_normal__283_1311167409239_A,D3,dataset/archive (2)/set_b/normal__283_1311167409239_A.wav,,1.0,keep,byte-identical group; kept by the T17.6 priority rule
exact_0998,raw_sha256,HB_normal_normal__283_1311167409239_A,heartbeat_sound,dataset/Heartbeat_Sound/normal/normal__283_1311167409239_A.wav,D3_set_b_normal__283_1311167409239_A,1.0,drop,Heartbeat_Sound is a label helper and a full duplicate of set_a + set_b (T17.3)
exact_0999,raw_sha256,D3_set_b_normal__286_1311170606028_A,D3,dataset/archive (2)/set_b/normal__286_1311170606028_A.wav,,1.0,keep,byte-identical group; kept by the T17.6 priority rule
exact_0999,raw_sha256,HB_normal_normal__286_1311170606028_A,heartbeat_sound,dataset/Heartbeat_Sound/normal/normal__286_1311170606028_A.wav,D3_set_b_normal__286_1311170606028_A,1.0,drop,Heartbeat_Sound is a label helper and a full duplicate of set_a + set_b (T17.3)
exact_1000,raw_sha256,D3_set_b_normal__286_1311170606028_A1,D3,dataset/archive (2)/set_b/normal__286_1311170606028_A1.wav,,1.0,keep,byte-identical group; kept by the T17.6 priority rule
exact_1000,raw_sha256,HB_normal_normal__286_1311170606028_A1,heartbeat_sound,dataset/Heartbeat_Sound/normal/normal__286_1311170606028_A1.wav,D3_set_b_normal__286_1311170606028_A1,1.0,drop,Heartbeat_Sound is a label helper and a full duplicate of set_a + set_b (T17.3)
exact_1001,raw_sha256,D3_set_b_normal__286_1311170606028_B1,D3,dataset/archive (2)/set_b/normal__286_1311170606028_B1.wav,,1.0,keep,byte-identical group; kept by the T17.6 priority rule
exact_1001,raw_sha256,HB_normal_normal__286_1311170606028_B1,heartbeat_sound,dataset/Heartbeat_Sound/normal/normal__286_1311170606028_B1.wav,D3_set_b_normal__286_1311170606028_B1,1.0,drop,Heartbeat_Sound is a label helper and a full duplicate of set_a + set_b (T17.3)
exact_1002,raw_sha256,D3_set_b_normal__286_1311170606028_C,D3,dataset/archive (2)/set_b/normal__286_1311170606028_C.wav,,1.0,keep,byte-identical group; kept by the T17.6 priority rule
exact_1002,raw_sha256,HB_normal_normal__286_1311170606028_C,heartbeat_sound,dataset/Heartbeat_Sound/normal/normal__286_1311170606028_C.wav,D3_set_b_normal__286_1311170606028_C,1.0,drop,Heartbeat_Sound is a label helper and a full duplicate of set_a + set_b (T17.3)
exact_1003,raw_sha256,D3_set_b_normal__290_1311182875320_A,D3,dataset/archive (2)/set_b/normal__290_1311182875320_A.wav,,1.0,keep,byte-identical group; kept by the T17.6 priority rule
exact_1003,raw_sha256,HB_normal_normal__290_1311182875320_A,heartbeat_sound,dataset/Heartbeat_Sound/normal/normal__290_1311182875320_A.wav,D3_set_b_normal__290_1311182875320_A,1.0,drop,Heartbeat_Sound is a label helper and a full duplicate of set_a + set_b (T17.3)
exact_1004,raw_sha256,D3_set_b_normal__291_1311185210672_A,D3,dataset/archive (2)/set_b/normal__291_1311185210672_A.wav,,1.0,keep,byte-identical group; kept by the T17.6 priority rule
exact_1004,raw_sha256,HB_normal_normal__291_1311185210672_A,heartbeat_sound,dataset/Heartbeat_Sound/normal/normal__291_1311185210672_A.wav,D3_set_b_normal__291_1311185210672_A,1.0,drop,Heartbeat_Sound is a label helper and a full duplicate of set_a + set_b (T17.3)
exact_1005,raw_sha256,D3_set_b_normal__294_1311681084248_A,D3,dataset/archive (2)/set_b/normal__294_1311681084248_A.wav,,1.0,keep,byte-identical group; kept by the T17.6 priority rule
exact_1005,raw_sha256,HB_normal_normal__294_1311681084248_A,heartbeat_sound,dataset/Heartbeat_Sound/normal/normal__294_1311681084248_A.wav,D3_set_b_normal__294_1311681084248_A,1.0,drop,Heartbeat_Sound is a label helper and a full duplicate of set_a + set_b (T17.3)
exact_1006,raw_sha256,D3_set_b_normal__294_1311681084248_B,D3,dataset/archive (2)/set_b/normal__294_1311681084248_B.wav,,1.0,keep,byte-identical group; kept by the T17.6 priority rule
exact_1006,raw_sha256,HB_normal_normal__294_1311681084248_B,heartbeat_sound,dataset/Heartbeat_Sound/normal/normal__294_1311681084248_B.wav,D3_set_b_normal__294_1311681084248_B,1.0,drop,Heartbeat_Sound is a label helper and a full duplicate of set_a + set_b (T17.3)
exact_1007,raw_sha256,D3_set_b_normal__294_1311681084248_D1,D3,dataset/archive (2)/set_b/normal__294_1311681084248_D1.wav,,1.0,keep,byte-identical group; kept by the T17.6 priority rule
exact_1007,raw_sha256,HB_normal_normal__294_1311681084248_D1,heartbeat_sound,dataset/Heartbeat_Sound/normal/normal__294_1311681084248_D1.wav,D3_set_b_normal__294_1311681084248_D1,1.0,drop,Heartbeat_Sound is a label helper and a full duplicate of set_a + set_b (T17.3)
exact_1008,raw_sha256,D3_set_b_normal__295_1311682673157_D,D3,dataset/archive (2)/set_b/normal__295_1311682673157_D.wav,,1.0,keep,byte-identical group; kept by the T17.6 priority rule
exact_1008,raw_sha256,HB_normal_normal__295_1311682673157_D,heartbeat_sound,dataset/Heartbeat_Sound/normal/normal__295_1311682673157_D.wav,D3_set_b_normal__295_1311682673157_D,1.0,drop,Heartbeat_Sound is a label helper and a full duplicate of set_a + set_b (T17.3)
exact_1009,raw_sha256,D3_set_b_normal__296_1311682952647_A1,D3,dataset/archive (2)/set_b/normal__296_1311682952647_A1.wav,,1.0,keep,byte-identical group; kept by the T17.6 priority rule
exact_1009,raw_sha256,HB_normal_normal__296_1311682952647_A1,heartbeat_sound,dataset/Heartbeat_Sound/normal/normal__296_1311682952647_A1.wav,D3_set_b_normal__296_1311682952647_A1,1.0,drop,Heartbeat_Sound is a label helper and a full duplicate of set_a + set_b (T17.3)
exact_1010,raw_sha256,D3_set_b_normal__296_1311682952647_A2,D3,dataset/archive (2)/set_b/normal__296_1311682952647_A2.wav,,1.0,keep,byte-identical group; kept by the T17.6 priority rule
exact_1010,raw_sha256,HB_normal_normal__296_1311682952647_A2,heartbeat_sound,dataset/Heartbeat_Sound/normal/normal__296_1311682952647_A2.wav,D3_set_b_normal__296_1311682952647_A2,1.0,drop,Heartbeat_Sound is a label helper and a full duplicate of set_a + set_b (T17.3)
exact_1011,raw_sha256,D3_set_b_normal__298_1311685888900_B,D3,dataset/archive (2)/set_b/normal__298_1311685888900_B.wav,,1.0,keep,byte-identical group; kept by the T17.6 priority rule
exact_1011,raw_sha256,HB_normal_normal__298_1311685888900_B,heartbeat_sound,dataset/Heartbeat_Sound/normal/normal__298_1311685888900_B.wav,D3_set_b_normal__298_1311685888900_B,1.0,drop,Heartbeat_Sound is a label helper and a full duplicate of set_a + set_b (T17.3)
exact_1012,raw_sha256,D3_set_b_normal__299_1311770522820_C,D3,dataset/archive (2)/set_b/normal__299_1311770522820_C.wav,,1.0,keep,byte-identical group; kept by the T17.6 priority rule
exact_1012,raw_sha256,HB_normal_normal__299_1311770522820_C,heartbeat_sound,dataset/Heartbeat_Sound/normal/normal__299_1311770522820_C.wav,D3_set_b_normal__299_1311770522820_C,1.0,drop,Heartbeat_Sound is a label helper and a full duplicate of set_a + set_b (T17.3)
exact_1013,raw_sha256,D3_set_b_normal__300_1311772096120_C1,D3,dataset/archive (2)/set_b/normal__300_1311772096120_C1.wav,,1.0,keep,byte-identical group; kept by the T17.6 priority rule
exact_1013,raw_sha256,HB_normal_normal__300_1311772096120_C1,heartbeat_sound,dataset/Heartbeat_Sound/normal/normal__300_1311772096120_C1.wav,D3_set_b_normal__300_1311772096120_C1,1.0,drop,Heartbeat_Sound is a label helper and a full duplicate of set_a + set_b (T17.3)
exact_1014,raw_sha256,D3_set_b_normal_noisynormal_101_1305030823364_B,D3,dataset/archive (2)/set_b/normal_noisynormal_101_1305030823364_B.wav,,1.0,keep,byte-identical group; kept by the T17.6 priority rule
exact_1014,raw_sha256,HB_normal_normal_noisynormal_101_1305030823364_B,heartbeat_sound,dataset/Heartbeat_Sound/normal/normal_noisynormal_101_1305030823364_B.wav,D3_set_b_normal_noisynormal_101_1305030823364_B,1.0,drop,Heartbeat_Sound is a label helper and a full duplicate of set_a + set_b (T17.3)
exact_1015,raw_sha256,D3_set_b_normal_noisynormal_101_1305030823364_E,D3,dataset/archive (2)/set_b/normal_noisynormal_101_1305030823364_E.wav,,1.0,keep,byte-identical group; kept by the T17.6 priority rule
exact_1015,raw_sha256,HB_normal_normal_noisynormal_101_1305030823364_E,heartbeat_sound,dataset/Heartbeat_Sound/normal/normal_noisynormal_101_1305030823364_E.wav,D3_set_b_normal_noisynormal_101_1305030823364_E,1.0,drop,Heartbeat_Sound is a label helper and a full duplicate of set_a + set_b (T17.3)
exact_1016,raw_sha256,D3_set_b_normal_noisynormal_104_1305032492469_A,D3,dataset/archive (2)/set_b/normal_noisynormal_104_1305032492469_A.wav,,1.0,keep,byte-identical group; kept by the T17.6 priority rule
exact_1016,raw_sha256,HB_normal_normal_noisynormal_104_1305032492469_A,heartbeat_sound,dataset/Heartbeat_Sound/normal/normal_noisynormal_104_1305032492469_A.wav,D3_set_b_normal_noisynormal_104_1305032492469_A,1.0,drop,Heartbeat_Sound is a label helper and a full duplicate of set_a + set_b (T17.3)
exact_1017,raw_sha256,D3_set_b_normal_noisynormal_105_1305033453095_A,D3,dataset/archive (2)/set_b/normal_noisynormal_105_1305033453095_A.wav,,1.0,keep,byte-identical group; kept by the T17.6 priority rule
exact_1017,raw_sha256,HB_normal_normal_noisynormal_105_1305033453095_A,heartbeat_sound,dataset/Heartbeat_Sound/normal/normal_noisynormal_105_1305033453095_A.wav,D3_set_b_normal_noisynormal_105_1305033453095_A,1.0,drop,Heartbeat_Sound is a label helper and a full duplicate of set_a + set_b (T17.3)
exact_1018,raw_sha256,D3_set_b_normal_noisynormal_105_1305033453095_C,D3,dataset/archive (2)/set_b/normal_noisynormal_105_1305033453095_C.wav,,1.0,keep,byte-identical group; kept by the T17.6 priority rule
exact_1018,raw_sha256,HB_normal_normal_noisynormal_105_1305033453095_C,heartbeat_sound,dataset/Heartbeat_Sound/normal/normal_noisynormal_105_1305033453095_C.wav,D3_set_b_normal_noisynormal_105_1305033453095_C,1.0,drop,Heartbeat_Sound is a label helper and a full duplicate of set_a + set_b (T17.3)
exact_1019,raw_sha256,D3_set_b_normal_noisynormal_106_1306776721273_A,D3,dataset/archive (2)/set_b/normal_noisynormal_106_1306776721273_A.wav,,1.0,keep,byte-identical group; kept by the T17.6 priority rule
exact_1019,raw_sha256,HB_normal_normal_noisynormal_106_1306776721273_A,heartbeat_sound,dataset/Heartbeat_Sound/normal/normal_noisynormal_106_1306776721273_A.wav,D3_set_b_normal_noisynormal_106_1306776721273_A,1.0,drop,Heartbeat_Sound is a label helper and a full duplicate of set_a + set_b (T17.3)
exact_1020,raw_sha256,D3_set_b_normal_noisynormal_107_1305654946865_A,D3,dataset/archive (2)/set_b/normal_noisynormal_107_1305654946865_A.wav,,1.0,keep,byte-identical group; kept by the T17.6 priority rule
exact_1020,raw_sha256,HB_normal_normal_noisynormal_107_1305654946865_A,heartbeat_sound,dataset/Heartbeat_Sound/normal/normal_noisynormal_107_1305654946865_A.wav,D3_set_b_normal_noisynormal_107_1305654946865_A,1.0,drop,Heartbeat_Sound is a label helper and a full duplicate of set_a + set_b (T17.3)
exact_1021,raw_sha256,D3_set_b_normal_noisynormal_108_1305654420093_A,D3,dataset/archive (2)/set_b/normal_noisynormal_108_1305654420093_A.wav,,1.0,keep,byte-identical group; kept by the T17.6 priority rule
exact_1021,raw_sha256,HB_normal_normal_noisynormal_108_1305654420093_A,heartbeat_sound,dataset/Heartbeat_Sound/normal/normal_noisynormal_108_1305654420093_A.wav,D3_set_b_normal_noisynormal_108_1305654420093_A,1.0,drop,Heartbeat_Sound is a label helper and a full duplicate of set_a + set_b (T17.3)
exact_1022,raw_sha256,D3_set_b_normal_noisynormal_108_1305654420093_B,D3,dataset/archive (2)/set_b/normal_noisynormal_108_1305654420093_B.wav,,1.0,keep,byte-identical group; kept by the T17.6 priority rule
exact_1022,raw_sha256,HB_normal_normal_noisynormal_108_1305654420093_B,heartbeat_sound,dataset/Heartbeat_Sound/normal/normal_noisynormal_108_1305654420093_B.wav,D3_set_b_normal_noisynormal_108_1305654420093_B,1.0,drop,Heartbeat_Sound is a label helper and a full duplicate of set_a + set_b (T17.3)
exact_1023,raw_sha256,D3_set_b_normal_noisynormal_109_1305653646620_A,D3,dataset/archive (2)/set_b/normal_noisynormal_109_1305653646620_A.wav,,1.0,keep,byte-identical group; kept by the T17.6 priority rule
exact_1023,raw_sha256,HB_normal_normal_noisynormal_109_1305653646620_A,heartbeat_sound,dataset/Heartbeat_Sound/normal/normal_noisynormal_109_1305653646620_A.wav,D3_set_b_normal_noisynormal_109_1305653646620_A,1.0,drop,Heartbeat_Sound is a label helper and a full duplicate of set_a + set_b (T17.3)
exact_1024,raw_sha256,D3_set_b_normal_noisynormal_109_1305653972028_A,D3,dataset/archive (2)/set_b/normal_noisynormal_109_1305653972028_A.wav,,1.0,keep,byte-identical group; kept by the T17.6 priority rule
exact_1024,raw_sha256,HB_normal_normal_noisynormal_109_1305653972028_A,heartbeat_sound,dataset/Heartbeat_Sound/normal/normal_noisynormal_109_1305653972028_A.wav,D3_set_b_normal_noisynormal_109_1305653972028_A,1.0,drop,Heartbeat_Sound is a label helper and a full duplicate of set_a + set_b (T17.3)
exact_1025,raw_sha256,D3_set_b_normal_noisynormal_109_1305653972028_C,D3,dataset/archive (2)/set_b/normal_noisynormal_109_1305653972028_C.wav,,1.0,keep,byte-identical group; kept by the T17.6 priority rule
exact_1025,raw_sha256,HB_normal_normal_noisynormal_109_1305653972028_C,heartbeat_sound,dataset/Heartbeat_Sound/normal/normal_noisynormal_109_1305653972028_C.wav,D3_set_b_normal_noisynormal_109_1305653972028_C,1.0,drop,Heartbeat_Sound is a label helper and a full duplicate of set_a + set_b (T17.3)
exact_1026,raw_sha256,D3_set_b_normal_noisynormal_109_1305653972028_E,D3,dataset/archive (2)/set_b/normal_noisynormal_109_1305653972028_E.wav,,1.0,keep,byte-identical group; kept by the T17.6 priority rule
exact_1026,raw_sha256,HB_normal_normal_noisynormal_109_1305653972028_E,heartbeat_sound,dataset/Heartbeat_Sound/normal/normal_noisynormal_109_1305653972028_E.wav,D3_set_b_normal_noisynormal_109_1305653972028_E,1.0,drop,Heartbeat_Sound is a label helper and a full duplicate of set_a + set_b (T17.3)
exact_1027,raw_sha256,D3_set_b_normal_noisynormal_109_1305653972028_F,D3,dataset/archive (2)/set_b/normal_noisynormal_109_1305653972028_F.wav,,1.0,keep,byte-identical group; kept by the T17.6 priority rule
exact_1027,raw_sha256,HB_normal_normal_noisynormal_109_1305653972028_F,heartbeat_sound,dataset/Heartbeat_Sound/normal/normal_noisynormal_109_1305653972028_F.wav,D3_set_b_normal_noisynormal_109_1305653972028_F,1.0,drop,Heartbeat_Sound is a label helper and a full duplicate of set_a + set_b (T17.3)
exact_1028,raw_sha256,D3_set_b_normal_noisynormal_110_1305655332337_A,D3,dataset/archive (2)/set_b/normal_noisynormal_110_1305655332337_A.wav,,1.0,keep,byte-identical group; kept by the T17.6 priority rule
exact_1028,raw_sha256,HB_normal_normal_noisynormal_110_1305655332337_A,heartbeat_sound,dataset/Heartbeat_Sound/normal/normal_noisynormal_110_1305655332337_A.wav,D3_set_b_normal_noisynormal_110_1305655332337_A,1.0,drop,Heartbeat_Sound is a label helper and a full duplicate of set_a + set_b (T17.3)
exact_1029,raw_sha256,D3_set_b_normal_noisynormal_110_1305655332337_B,D3,dataset/archive (2)/set_b/normal_noisynormal_110_1305655332337_B.wav,,1.0,keep,byte-identical group; kept by the T17.6 priority rule
exact_1029,raw_sha256,HB_normal_normal_noisynormal_110_1305655332337_B,heartbeat_sound,dataset/Heartbeat_Sound/normal/normal_noisynormal_110_1305655332337_B.wav,D3_set_b_normal_noisynormal_110_1305655332337_B,1.0,drop,Heartbeat_Sound is a label helper and a full duplicate of set_a + set_b (T17.3)
exact_1030,raw_sha256,D3_set_b_normal_noisynormal_113_1306244002866_A,D3,dataset/archive (2)/set_b/normal_noisynormal_113_1306244002866_A.wav,,1.0,keep,byte-identical group; kept by the T17.6 priority rule
exact_1030,raw_sha256,HB_normal_normal_noisynormal_113_1306244002866_A,heartbeat_sound,dataset/Heartbeat_Sound/normal/normal_noisynormal_113_1306244002866_A.wav,D3_set_b_normal_noisynormal_113_1306244002866_A,1.0,drop,Heartbeat_Sound is a label helper and a full duplicate of set_a + set_b (T17.3)
exact_1031,raw_sha256,D3_set_b_normal_noisynormal_113_1306244002866_B,D3,dataset/archive (2)/set_b/normal_noisynormal_113_1306244002866_B.wav,,1.0,keep,byte-identical group; kept by the T17.6 priority rule
exact_1031,raw_sha256,HB_normal_normal_noisynormal_113_1306244002866_B,heartbeat_sound,dataset/Heartbeat_Sound/normal/normal_noisynormal_113_1306244002866_B.wav,D3_set_b_normal_noisynormal_113_1306244002866_B,1.0,drop,Heartbeat_Sound is a label helper and a full duplicate of set_a + set_b (T17.3)
exact_1032,raw_sha256,D3_set_b_normal_noisynormal_115_1306259437619_A1,D3,dataset/archive (2)/set_b/normal_noisynormal_115_1306259437619_A1.wav,,1.0,keep,byte-identical group; kept by the T17.6 priority rule
exact_1032,raw_sha256,HB_normal_normal_noisynormal_115_1306259437619_A1,heartbeat_sound,dataset/Heartbeat_Sound/normal/normal_noisynormal_115_1306259437619_A1.wav,D3_set_b_normal_noisynormal_115_1306259437619_A1,1.0,drop,Heartbeat_Sound is a label helper and a full duplicate of set_a + set_b (T17.3)
exact_1033,raw_sha256,D3_set_b_normal_noisynormal_115_1306259437619_B,D3,dataset/archive (2)/set_b/normal_noisynormal_115_1306259437619_B.wav,,1.0,keep,byte-identical group; kept by the T17.6 priority rule
exact_1033,raw_sha256,HB_normal_normal_noisynormal_115_1306259437619_B,heartbeat_sound,dataset/Heartbeat_Sound/normal/normal_noisynormal_115_1306259437619_B.wav,D3_set_b_normal_noisynormal_115_1306259437619_B,1.0,drop,Heartbeat_Sound is a label helper and a full duplicate of set_a + set_b (T17.3)
exact_1034,raw_sha256,D3_set_b_normal_noisynormal_117_1306262456650_A,D3,dataset/archive (2)/set_b/normal_noisynormal_117_1306262456650_A.wav,,1.0,keep,byte-identical group; kept by the T17.6 priority rule
exact_1034,raw_sha256,HB_normal_normal_noisynormal_117_1306262456650_A,heartbeat_sound,dataset/Heartbeat_Sound/normal/normal_noisynormal_117_1306262456650_A.wav,D3_set_b_normal_noisynormal_117_1306262456650_A,1.0,drop,Heartbeat_Sound is a label helper and a full duplicate of set_a + set_b (T17.3)
exact_1035,raw_sha256,D3_set_b_normal_noisynormal_117_1306262456650_C,D3,dataset/archive (2)/set_b/normal_noisynormal_117_1306262456650_C.wav,,1.0,keep,byte-identical group; kept by the T17.6 priority rule
exact_1035,raw_sha256,HB_normal_normal_noisynormal_117_1306262456650_C,heartbeat_sound,dataset/Heartbeat_Sound/normal/normal_noisynormal_117_1306262456650_C.wav,D3_set_b_normal_noisynormal_117_1306262456650_C,1.0,drop,Heartbeat_Sound is a label helper and a full duplicate of set_a + set_b (T17.3)
exact_1036,raw_sha256,D3_set_b_normal_noisynormal_117_1306262456650_D,D3,dataset/archive (2)/set_b/normal_noisynormal_117_1306262456650_D.wav,,1.0,keep,byte-identical group; kept by the T17.6 priority rule
exact_1036,raw_sha256,HB_normal_normal_noisynormal_117_1306262456650_D,heartbeat_sound,dataset/Heartbeat_Sound/normal/normal_noisynormal_117_1306262456650_D.wav,D3_set_b_normal_noisynormal_117_1306262456650_D,1.0,drop,Heartbeat_Sound is a label helper and a full duplicate of set_a + set_b (T17.3)
exact_1037,raw_sha256,D3_set_b_normal_noisynormal_118_1306262335509_B,D3,dataset/archive (2)/set_b/normal_noisynormal_118_1306262335509_B.wav,,1.0,keep,byte-identical group; kept by the T17.6 priority rule
exact_1037,raw_sha256,HB_normal_normal_noisynormal_118_1306262335509_B,heartbeat_sound,dataset/Heartbeat_Sound/normal/normal_noisynormal_118_1306262335509_B.wav,D3_set_b_normal_noisynormal_118_1306262335509_B,1.0,drop,Heartbeat_Sound is a label helper and a full duplicate of set_a + set_b (T17.3)
exact_1038,raw_sha256,D3_set_b_normal_noisynormal_118_1306262335509_C1,D3,dataset/archive (2)/set_b/normal_noisynormal_118_1306262335509_C1.wav,,1.0,keep,byte-identical group; kept by the T17.6 priority rule
exact_1038,raw_sha256,HB_normal_normal_noisynormal_118_1306262335509_C1,heartbeat_sound,dataset/Heartbeat_Sound/normal/normal_noisynormal_118_1306262335509_C1.wav,D3_set_b_normal_noisynormal_118_1306262335509_C1,1.0,drop,Heartbeat_Sound is a label helper and a full duplicate of set_a + set_b (T17.3)
exact_1039,raw_sha256,D3_set_b_normal_noisynormal_118_1306262335509_D,D3,dataset/archive (2)/set_b/normal_noisynormal_118_1306262335509_D.wav,,1.0,keep,byte-identical group; kept by the T17.6 priority rule
exact_1039,raw_sha256,HB_normal_normal_noisynormal_118_1306262335509_D,heartbeat_sound,dataset/Heartbeat_Sound/normal/normal_noisynormal_118_1306262335509_D.wav,D3_set_b_normal_noisynormal_118_1306262335509_D,1.0,drop,Heartbeat_Sound is a label helper and a full duplicate of set_a + set_b (T17.3)
exact_1040,raw_sha256,D3_set_b_normal_noisynormal_121_1306263877235_A,D3,dataset/archive (2)/set_b/normal_noisynormal_121_1306263877235_A.wav,,1.0,keep,byte-identical group; kept by the T17.6 priority rule
exact_1040,raw_sha256,HB_normal_normal_noisynormal_121_1306263877235_A,heartbeat_sound,dataset/Heartbeat_Sound/normal/normal_noisynormal_121_1306263877235_A.wav,D3_set_b_normal_noisynormal_121_1306263877235_A,1.0,drop,Heartbeat_Sound is a label helper and a full duplicate of set_a + set_b (T17.3)
exact_1041,raw_sha256,D3_set_b_normal_noisynormal_121_1306263877235_C,D3,dataset/archive (2)/set_b/normal_noisynormal_121_1306263877235_C.wav,,1.0,keep,byte-identical group; kept by the T17.6 priority rule
exact_1041,raw_sha256,HB_normal_normal_noisynormal_121_1306263877235_C,heartbeat_sound,dataset/Heartbeat_Sound/normal/normal_noisynormal_121_1306263877235_C.wav,D3_set_b_normal_noisynormal_121_1306263877235_C,1.0,drop,Heartbeat_Sound is a label helper and a full duplicate of set_a + set_b (T17.3)
exact_1042,raw_sha256,D3_set_b_normal_noisynormal_121_1306263877235_D,D3,dataset/archive (2)/set_b/normal_noisynormal_121_1306263877235_D.wav,,1.0,keep,byte-identical group; kept by the T17.6 priority rule
exact_1042,raw_sha256,HB_normal_normal_noisynormal_121_1306263877235_D,heartbeat_sound,dataset/Heartbeat_Sound/normal/normal_noisynormal_121_1306263877235_D.wav,D3_set_b_normal_noisynormal_121_1306263877235_D,1.0,drop,Heartbeat_Sound is a label helper and a full duplicate of set_a + set_b (T17.3)
exact_1043,raw_sha256,D3_set_b_normal_noisynormal_123_1306331925797_B,D3,dataset/archive (2)/set_b/normal_noisynormal_123_1306331925797_B.wav,,1.0,keep,byte-identical group; kept by the T17.6 priority rule
exact_1043,raw_sha256,HB_normal_normal_noisynormal_123_1306331925797_B,heartbeat_sound,dataset/Heartbeat_Sound/normal/normal_noisynormal_123_1306331925797_B.wav,D3_set_b_normal_noisynormal_123_1306331925797_B,1.0,drop,Heartbeat_Sound is a label helper and a full duplicate of set_a + set_b (T17.3)
exact_1044,raw_sha256,D3_set_b_normal_noisynormal_123_1306331925797_C,D3,dataset/archive (2)/set_b/normal_noisynormal_123_1306331925797_C.wav,,1.0,keep,byte-identical group; kept by the T17.6 priority rule
exact_1044,raw_sha256,HB_normal_normal_noisynormal_123_1306331925797_C,heartbeat_sound,dataset/Heartbeat_Sound/normal/normal_noisynormal_123_1306331925797_C.wav,D3_set_b_normal_noisynormal_123_1306331925797_C,1.0,drop,Heartbeat_Sound is a label helper and a full duplicate of set_a + set_b (T17.3)
exact_1045,raw_sha256,D3_set_b_normal_noisynormal_125_1306332456645_A1,D3,dataset/archive (2)/set_b/normal_noisynormal_125_1306332456645_A1.wav,,1.0,keep,byte-identical group; kept by the T17.6 priority rule
exact_1045,raw_sha256,HB_normal_normal_noisynormal_125_1306332456645_A1,heartbeat_sound,dataset/Heartbeat_Sound/normal/normal_noisynormal_125_1306332456645_A1.wav,D3_set_b_normal_noisynormal_125_1306332456645_A1,1.0,drop,Heartbeat_Sound is a label helper and a full duplicate of set_a + set_b (T17.3)
exact_1046,raw_sha256,D3_set_b_normal_noisynormal_125_1306332456645_A2,D3,dataset/archive (2)/set_b/normal_noisynormal_125_1306332456645_A2.wav,,1.0,keep,byte-identical group; kept by the T17.6 priority rule
exact_1046,raw_sha256,HB_normal_normal_noisynormal_125_1306332456645_A2,heartbeat_sound,dataset/Heartbeat_Sound/normal/normal_noisynormal_125_1306332456645_A2.wav,D3_set_b_normal_noisynormal_125_1306332456645_A2,1.0,drop,Heartbeat_Sound is a label helper and a full duplicate of set_a + set_b (T17.3)
exact_1047,raw_sha256,D3_set_b_normal_noisynormal_125_1306332456645_B1,D3,dataset/archive (2)/set_b/normal_noisynormal_125_1306332456645_B1.wav,,1.0,keep,byte-identical group; kept by the T17.6 priority rule
exact_1047,raw_sha256,HB_normal_normal_noisynormal_125_1306332456645_B1,heartbeat_sound,dataset/Heartbeat_Sound/normal/normal_noisynormal_125_1306332456645_B1.wav,D3_set_b_normal_noisynormal_125_1306332456645_B1,1.0,drop,Heartbeat_Sound is a label helper and a full duplicate of set_a + set_b (T17.3)
exact_1048,raw_sha256,D3_set_b_normal_noisynormal_125_1306332456645_C,D3,dataset/archive (2)/set_b/normal_noisynormal_125_1306332456645_C.wav,,1.0,keep,byte-identical group; kept by the T17.6 priority rule
exact_1048,raw_sha256,HB_normal_normal_noisynormal_125_1306332456645_C,heartbeat_sound,dataset/Heartbeat_Sound/normal/normal_noisynormal_125_1306332456645_C.wav,D3_set_b_normal_noisynormal_125_1306332456645_C,1.0,drop,Heartbeat_Sound is a label helper and a full duplicate of set_a + set_b (T17.3)
exact_1049,raw_sha256,D3_set_b_normal_noisynormal_125_1306332456645_D,D3,dataset/archive (2)/set_b/normal_noisynormal_125_1306332456645_D.wav,,1.0,keep,byte-identical group; kept by the T17.6 priority rule
exact_1049,raw_sha256,HB_normal_normal_noisynormal_125_1306332456645_D,heartbeat_sound,dataset/Heartbeat_Sound/normal/normal_noisynormal_125_1306332456645_D.wav,D3_set_b_normal_noisynormal_125_1306332456645_D,1.0,drop,Heartbeat_Sound is a label helper and a full duplicate of set_a + set_b (T17.3)
exact_1050,raw_sha256,D3_set_b_normal_noisynormal_127_1306764300147_D1,D3,dataset/archive (2)/set_b/normal_noisynormal_127_1306764300147_D1.wav,,1.0,keep,byte-identical group; kept by the T17.6 priority rule
exact_1050,raw_sha256,HB_normal_normal_noisynormal_127_1306764300147_D1,heartbeat_sound,dataset/Heartbeat_Sound/normal/normal_noisynormal_127_1306764300147_D1.wav,D3_set_b_normal_noisynormal_127_1306764300147_D1,1.0,drop,Heartbeat_Sound is a label helper and a full duplicate of set_a + set_b (T17.3)
exact_1051,raw_sha256,D3_set_b_normal_noisynormal_129_1306344506305_A,D3,dataset/archive (2)/set_b/normal_noisynormal_129_1306344506305_A.wav,,1.0,keep,byte-identical group; kept by the T17.6 priority rule
exact_1051,raw_sha256,HB_normal_normal_noisynormal_129_1306344506305_A,heartbeat_sound,dataset/Heartbeat_Sound/normal/normal_noisynormal_129_1306344506305_A.wav,D3_set_b_normal_noisynormal_129_1306344506305_A,1.0,drop,Heartbeat_Sound is a label helper and a full duplicate of set_a + set_b (T17.3)
exact_1052,raw_sha256,D3_set_b_normal_noisynormal_129_1306344506305_C,D3,dataset/archive (2)/set_b/normal_noisynormal_129_1306344506305_C.wav,,1.0,keep,byte-identical group; kept by the T17.6 priority rule
exact_1052,raw_sha256,HB_normal_normal_noisynormal_129_1306344506305_C,heartbeat_sound,dataset/Heartbeat_Sound/normal/normal_noisynormal_129_1306344506305_C.wav,D3_set_b_normal_noisynormal_129_1306344506305_C,1.0,drop,Heartbeat_Sound is a label helper and a full duplicate of set_a + set_b (T17.3)
exact_1053,raw_sha256,D3_set_b_normal_noisynormal_130_1306347376079_B,D3,dataset/archive (2)/set_b/normal_noisynormal_130_1306347376079_B.wav,,1.0,keep,byte-identical group; kept by the T17.6 priority rule
exact_1053,raw_sha256,HB_normal_normal_noisynormal_130_1306347376079_B,heartbeat_sound,dataset/Heartbeat_Sound/normal/normal_noisynormal_130_1306347376079_B.wav,D3_set_b_normal_noisynormal_130_1306347376079_B,1.0,drop,Heartbeat_Sound is a label helper and a full duplicate of set_a + set_b (T17.3)
exact_1054,raw_sha256,D3_set_b_normal_noisynormal_130_1306347376079_C,D3,dataset/archive (2)/set_b/normal_noisynormal_130_1306347376079_C.wav,,1.0,keep,byte-identical group; kept by the T17.6 priority rule
exact_1054,raw_sha256,HB_normal_normal_noisynormal_130_1306347376079_C,heartbeat_sound,dataset/Heartbeat_Sound/normal/normal_noisynormal_130_1306347376079_C.wav,D3_set_b_normal_noisynormal_130_1306347376079_C,1.0,drop,Heartbeat_Sound is a label helper and a full duplicate of set_a + set_b (T17.3)
exact_1055,raw_sha256,D3_set_b_normal_noisynormal_132_1306758754432_B1,D3,dataset/archive (2)/set_b/normal_noisynormal_132_1306758754432_B1.wav,,1.0,keep,byte-identical group; kept by the T17.6 priority rule
exact_1055,raw_sha256,HB_normal_normal_noisynormal_132_1306758754432_B1,heartbeat_sound,dataset/Heartbeat_Sound/normal/normal_noisynormal_132_1306758754432_B1.wav,D3_set_b_normal_noisynormal_132_1306758754432_B1,1.0,drop,Heartbeat_Sound is a label helper and a full duplicate of set_a + set_b (T17.3)
exact_1056,raw_sha256,D3_set_b_normal_noisynormal_132_1306758754432_C,D3,dataset/archive (2)/set_b/normal_noisynormal_132_1306758754432_C.wav,,1.0,keep,byte-identical group; kept by the T17.6 priority rule
exact_1056,raw_sha256,HB_normal_normal_noisynormal_132_1306758754432_C,heartbeat_sound,dataset/Heartbeat_Sound/normal/normal_noisynormal_132_1306758754432_C.wav,D3_set_b_normal_noisynormal_132_1306758754432_C,1.0,drop,Heartbeat_Sound is a label helper and a full duplicate of set_a + set_b (T17.3)
exact_1057,raw_sha256,D3_set_b_normal_noisynormal_133_1306759619127_A1,D3,dataset/archive (2)/set_b/normal_noisynormal_133_1306759619127_A1.wav,,1.0,keep,byte-identical group; kept by the T17.6 priority rule
exact_1057,raw_sha256,HB_normal_normal_noisynormal_133_1306759619127_A1,heartbeat_sound,dataset/Heartbeat_Sound/normal/normal_noisynormal_133_1306759619127_A1.wav,D3_set_b_normal_noisynormal_133_1306759619127_A1,1.0,drop,Heartbeat_Sound is a label helper and a full duplicate of set_a + set_b (T17.3)
exact_1058,raw_sha256,D3_set_b_normal_noisynormal_133_1306759619127_B1,D3,dataset/archive (2)/set_b/normal_noisynormal_133_1306759619127_B1.wav,,1.0,keep,byte-identical group; kept by the T17.6 priority rule
exact_1058,raw_sha256,HB_normal_normal_noisynormal_133_1306759619127_B1,heartbeat_sound,dataset/Heartbeat_Sound/normal/normal_noisynormal_133_1306759619127_B1.wav,D3_set_b_normal_noisynormal_133_1306759619127_B1,1.0,drop,Heartbeat_Sound is a label helper and a full duplicate of set_a + set_b (T17.3)
exact_1059,raw_sha256,D3_set_b_normal_noisynormal_133_1306759619127_C,D3,dataset/archive (2)/set_b/normal_noisynormal_133_1306759619127_C.wav,,1.0,keep,byte-identical group; kept by the T17.6 priority rule
exact_1059,raw_sha256,HB_normal_normal_noisynormal_133_1306759619127_C,heartbeat_sound,dataset/Heartbeat_Sound/normal/normal_noisynormal_133_1306759619127_C.wav,D3_set_b_normal_noisynormal_133_1306759619127_C,1.0,drop,Heartbeat_Sound is a label helper and a full duplicate of set_a + set_b (T17.3)
exact_1060,raw_sha256,D3_set_b_normal_noisynormal_133_1306759619127_D1,D3,dataset/archive (2)/set_b/normal_noisynormal_133_1306759619127_D1.wav,,1.0,keep,byte-identical group; kept by the T17.6 priority rule
exact_1060,raw_sha256,HB_normal_normal_noisynormal_133_1306759619127_D1,heartbeat_sound,dataset/Heartbeat_Sound/normal/normal_noisynormal_133_1306759619127_D1.wav,D3_set_b_normal_noisynormal_133_1306759619127_D1,1.0,drop,Heartbeat_Sound is a label helper and a full duplicate of set_a + set_b (T17.3)
exact_1061,raw_sha256,D3_set_b_normal_noisynormal_134_1306428161797_B1,D3,dataset/archive (2)/set_b/normal_noisynormal_134_1306428161797_B1.wav,,1.0,keep,byte-identical group; kept by the T17.6 priority rule
exact_1061,raw_sha256,HB_normal_normal_noisynormal_134_1306428161797_B1,heartbeat_sound,dataset/Heartbeat_Sound/normal/normal_noisynormal_134_1306428161797_B1.wav,D3_set_b_normal_noisynormal_134_1306428161797_B1,1.0,drop,Heartbeat_Sound is a label helper and a full duplicate of set_a + set_b (T17.3)
exact_1062,raw_sha256,D3_set_b_normal_noisynormal_134_1306428161797_D1,D3,dataset/archive (2)/set_b/normal_noisynormal_134_1306428161797_D1.wav,,1.0,keep,byte-identical group; kept by the T17.6 priority rule
exact_1062,raw_sha256,HB_normal_normal_noisynormal_134_1306428161797_D1,heartbeat_sound,dataset/Heartbeat_Sound/normal/normal_noisynormal_134_1306428161797_D1.wav,D3_set_b_normal_noisynormal_134_1306428161797_D1,1.0,drop,Heartbeat_Sound is a label helper and a full duplicate of set_a + set_b (T17.3)
exact_1063,raw_sha256,D3_set_b_normal_noisynormal_136_1306429977501_B,D3,dataset/archive (2)/set_b/normal_noisynormal_136_1306429977501_B.wav,,1.0,keep,byte-identical group; kept by the T17.6 priority rule
exact_1063,raw_sha256,HB_normal_normal_noisynormal_136_1306429977501_B,heartbeat_sound,dataset/Heartbeat_Sound/normal/normal_noisynormal_136_1306429977501_B.wav,D3_set_b_normal_noisynormal_136_1306429977501_B,1.0,drop,Heartbeat_Sound is a label helper and a full duplicate of set_a + set_b (T17.3)
exact_1064,raw_sha256,D3_set_b_normal_noisynormal_136_1306429977501_C,D3,dataset/archive (2)/set_b/normal_noisynormal_136_1306429977501_C.wav,,1.0,keep,byte-identical group; kept by the T17.6 priority rule
exact_1064,raw_sha256,HB_normal_normal_noisynormal_136_1306429977501_C,heartbeat_sound,dataset/Heartbeat_Sound/normal/normal_noisynormal_136_1306429977501_C.wav,D3_set_b_normal_noisynormal_136_1306429977501_C,1.0,drop,Heartbeat_Sound is a label helper and a full duplicate of set_a + set_b (T17.3)
exact_1065,raw_sha256,D3_set_b_normal_noisynormal_136_1306429977501_D1,D3,dataset/archive (2)/set_b/normal_noisynormal_136_1306429977501_D1.wav,,1.0,keep,byte-identical group; kept by the T17.6 priority rule
exact_1065,raw_sha256,HB_normal_normal_noisynormal_136_1306429977501_D1,heartbeat_sound,dataset/Heartbeat_Sound/normal/normal_noisynormal_136_1306429977501_D1.wav,D3_set_b_normal_noisynormal_136_1306429977501_D1,1.0,drop,Heartbeat_Sound is a label helper and a full duplicate of set_a + set_b (T17.3)
exact_1066,raw_sha256,D3_set_b_normal_noisynormal_137_1306764999211_A1,D3,dataset/archive (2)/set_b/normal_noisynormal_137_1306764999211_A1.wav,,1.0,keep,byte-identical group; kept by the T17.6 priority rule
exact_1066,raw_sha256,HB_normal_normal_noisynormal_137_1306764999211_A1,heartbeat_sound,dataset/Heartbeat_Sound/normal/normal_noisynormal_137_1306764999211_A1.wav,D3_set_b_normal_noisynormal_137_1306764999211_A1,1.0,drop,Heartbeat_Sound is a label helper and a full duplicate of set_a + set_b (T17.3)
exact_1067,raw_sha256,D3_set_b_normal_noisynormal_137_1306764999211_A2,D3,dataset/archive (2)/set_b/normal_noisynormal_137_1306764999211_A2.wav,,1.0,keep,byte-identical group; kept by the T17.6 priority rule
exact_1067,raw_sha256,HB_normal_normal_noisynormal_137_1306764999211_A2,heartbeat_sound,dataset/Heartbeat_Sound/normal/normal_noisynormal_137_1306764999211_A2.wav,D3_set_b_normal_noisynormal_137_1306764999211_A2,1.0,drop,Heartbeat_Sound is a label helper and a full duplicate of set_a + set_b (T17.3)
exact_1068,raw_sha256,D3_set_b_normal_noisynormal_137_1306764999211_B,D3,dataset/archive (2)/set_b/normal_noisynormal_137_1306764999211_B.wav,,1.0,keep,byte-identical group; kept by the T17.6 priority rule
exact_1068,raw_sha256,HB_normal_normal_noisynormal_137_1306764999211_B,heartbeat_sound,dataset/Heartbeat_Sound/normal/normal_noisynormal_137_1306764999211_B.wav,D3_set_b_normal_noisynormal_137_1306764999211_B,1.0,drop,Heartbeat_Sound is a label helper and a full duplicate of set_a + set_b (T17.3)
exact_1069,raw_sha256,D3_set_b_normal_noisynormal_137_1306764999211_C1,D3,dataset/archive (2)/set_b/normal_noisynormal_137_1306764999211_C1.wav,,1.0,keep,byte-identical group; kept by the T17.6 priority rule
exact_1069,raw_sha256,HB_normal_normal_noisynormal_137_1306764999211_C1,heartbeat_sound,dataset/Heartbeat_Sound/normal/normal_noisynormal_137_1306764999211_C1.wav,D3_set_b_normal_noisynormal_137_1306764999211_C1,1.0,drop,Heartbeat_Sound is a label helper and a full duplicate of set_a + set_b (T17.3)
exact_1070,raw_sha256,D3_set_b_normal_noisynormal_137_1306764999211_D1,D3,dataset/archive (2)/set_b/normal_noisynormal_137_1306764999211_D1.wav,,1.0,keep,byte-identical group; kept by the T17.6 priority rule
exact_1070,raw_sha256,HB_normal_normal_noisynormal_137_1306764999211_D1,heartbeat_sound,dataset/Heartbeat_Sound/normal/normal_noisynormal_137_1306764999211_D1.wav,D3_set_b_normal_noisynormal_137_1306764999211_D1,1.0,drop,Heartbeat_Sound is a label helper and a full duplicate of set_a + set_b (T17.3)
exact_1071,raw_sha256,D3_set_b_normal_noisynormal_138_1306762146980_A,D3,dataset/archive (2)/set_b/normal_noisynormal_138_1306762146980_A.wav,,1.0,keep,byte-identical group; kept by the T17.6 priority rule
exact_1071,raw_sha256,HB_normal_normal_noisynormal_138_1306762146980_A,heartbeat_sound,dataset/Heartbeat_Sound/normal/normal_noisynormal_138_1306762146980_A.wav,D3_set_b_normal_noisynormal_138_1306762146980_A,1.0,drop,Heartbeat_Sound is a label helper and a full duplicate of set_a + set_b (T17.3)
exact_1072,raw_sha256,D3_set_b_normal_noisynormal_138_1306762146980_D,D3,dataset/archive (2)/set_b/normal_noisynormal_138_1306762146980_D.wav,,1.0,keep,byte-identical group; kept by the T17.6 priority rule
exact_1072,raw_sha256,HB_normal_normal_noisynormal_138_1306762146980_D,heartbeat_sound,dataset/Heartbeat_Sound/normal/normal_noisynormal_138_1306762146980_D.wav,D3_set_b_normal_noisynormal_138_1306762146980_D,1.0,drop,Heartbeat_Sound is a label helper and a full duplicate of set_a + set_b (T17.3)
exact_1073,raw_sha256,D3_set_b_normal_noisynormal_139_1306519274653_D,D3,dataset/archive (2)/set_b/normal_noisynormal_139_1306519274653_D.wav,,1.0,keep,byte-identical group; kept by the T17.6 priority rule
exact_1073,raw_sha256,HB_normal_normal_noisynormal_139_1306519274653_D,heartbeat_sound,dataset/Heartbeat_Sound/normal/normal_noisynormal_139_1306519274653_D.wav,D3_set_b_normal_noisynormal_139_1306519274653_D,1.0,drop,Heartbeat_Sound is a label helper and a full duplicate of set_a + set_b (T17.3)
exact_1074,raw_sha256,D3_set_b_normal_noisynormal_140_1306519735121_C,D3,dataset/archive (2)/set_b/normal_noisynormal_140_1306519735121_C.wav,,1.0,keep,byte-identical group; kept by the T17.6 priority rule
exact_1074,raw_sha256,HB_normal_normal_noisynormal_140_1306519735121_C,heartbeat_sound,dataset/Heartbeat_Sound/normal/normal_noisynormal_140_1306519735121_C.wav,D3_set_b_normal_noisynormal_140_1306519735121_C,1.0,drop,Heartbeat_Sound is a label helper and a full duplicate of set_a + set_b (T17.3)
exact_1075,raw_sha256,D3_set_b_normal_noisynormal_141_1306520154450_A1,D3,dataset/archive (2)/set_b/normal_noisynormal_141_1306520154450_A1.wav,,1.0,keep,byte-identical group; kept by the T17.6 priority rule
exact_1075,raw_sha256,HB_normal_normal_noisynormal_141_1306520154450_A1,heartbeat_sound,dataset/Heartbeat_Sound/normal/normal_noisynormal_141_1306520154450_A1.wav,D3_set_b_normal_noisynormal_141_1306520154450_A1,1.0,drop,Heartbeat_Sound is a label helper and a full duplicate of set_a + set_b (T17.3)
exact_1076,raw_sha256,D3_set_b_normal_noisynormal_141_1306520154450_B1,D3,dataset/archive (2)/set_b/normal_noisynormal_141_1306520154450_B1.wav,,1.0,keep,byte-identical group; kept by the T17.6 priority rule
exact_1076,raw_sha256,HB_normal_normal_noisynormal_141_1306520154450_B1,heartbeat_sound,dataset/Heartbeat_Sound/normal/normal_noisynormal_141_1306520154450_B1.wav,D3_set_b_normal_noisynormal_141_1306520154450_B1,1.0,drop,Heartbeat_Sound is a label helper and a full duplicate of set_a + set_b (T17.3)
exact_1077,raw_sha256,D3_set_b_normal_noisynormal_141_1306520154450_C1,D3,dataset/archive (2)/set_b/normal_noisynormal_141_1306520154450_C1.wav,,1.0,keep,byte-identical group; kept by the T17.6 priority rule
exact_1077,raw_sha256,HB_normal_normal_noisynormal_141_1306520154450_C1,heartbeat_sound,dataset/Heartbeat_Sound/normal/normal_noisynormal_141_1306520154450_C1.wav,D3_set_b_normal_noisynormal_141_1306520154450_C1,1.0,drop,Heartbeat_Sound is a label helper and a full duplicate of set_a + set_b (T17.3)
exact_1078,raw_sha256,D3_set_b_normal_noisynormal_142_1306763049574_A,D3,dataset/archive (2)/set_b/normal_noisynormal_142_1306763049574_A.wav,,1.0,keep,byte-identical group; kept by the T17.6 priority rule
exact_1078,raw_sha256,HB_normal_normal_noisynormal_142_1306763049574_A,heartbeat_sound,dataset/Heartbeat_Sound/normal/normal_noisynormal_142_1306763049574_A.wav,D3_set_b_normal_noisynormal_142_1306763049574_A,1.0,drop,Heartbeat_Sound is a label helper and a full duplicate of set_a + set_b (T17.3)
exact_1079,raw_sha256,D3_set_b_normal_noisynormal_142_1306763049574_B,D3,dataset/archive (2)/set_b/normal_noisynormal_142_1306763049574_B.wav,,1.0,keep,byte-identical group; kept by the T17.6 priority rule
exact_1079,raw_sha256,HB_normal_normal_noisynormal_142_1306763049574_B,heartbeat_sound,dataset/Heartbeat_Sound/normal/normal_noisynormal_142_1306763049574_B.wav,D3_set_b_normal_noisynormal_142_1306763049574_B,1.0,drop,Heartbeat_Sound is a label helper and a full duplicate of set_a + set_b (T17.3)
exact_1080,raw_sha256,D3_set_b_normal_noisynormal_142_1306763049574_D,D3,dataset/archive (2)/set_b/normal_noisynormal_142_1306763049574_D.wav,,1.0,keep,byte-identical group; kept by the T17.6 priority rule
exact_1080,raw_sha256,HB_normal_normal_noisynormal_142_1306763049574_D,heartbeat_sound,dataset/Heartbeat_Sound/normal/normal_noisynormal_142_1306763049574_D.wav,D3_set_b_normal_noisynormal_142_1306763049574_D,1.0,drop,Heartbeat_Sound is a label helper and a full duplicate of set_a + set_b (T17.3)
exact_1081,raw_sha256,D3_set_b_normal_noisynormal_143_1306763822290_A,D3,dataset/archive (2)/set_b/normal_noisynormal_143_1306763822290_A.wav,,1.0,keep,byte-identical group; kept by the T17.6 priority rule
exact_1081,raw_sha256,HB_normal_normal_noisynormal_143_1306763822290_A,heartbeat_sound,dataset/Heartbeat_Sound/normal/normal_noisynormal_143_1306763822290_A.wav,D3_set_b_normal_noisynormal_143_1306763822290_A,1.0,drop,Heartbeat_Sound is a label helper and a full duplicate of set_a + set_b (T17.3)
exact_1082,raw_sha256,D3_set_b_normal_noisynormal_144_1306522408528_A1,D3,dataset/archive (2)/set_b/normal_noisynormal_144_1306522408528_A1.wav,,1.0,keep,byte-identical group; kept by the T17.6 priority rule
exact_1082,raw_sha256,HB_normal_normal_noisynormal_144_1306522408528_A1,heartbeat_sound,dataset/Heartbeat_Sound/normal/normal_noisynormal_144_1306522408528_A1.wav,D3_set_b_normal_noisynormal_144_1306522408528_A1,1.0,drop,Heartbeat_Sound is a label helper and a full duplicate of set_a + set_b (T17.3)
exact_1083,raw_sha256,D3_set_b_normal_noisynormal_144_1306522408528_C,D3,dataset/archive (2)/set_b/normal_noisynormal_144_1306522408528_C.wav,,1.0,keep,byte-identical group; kept by the T17.6 priority rule
exact_1083,raw_sha256,HB_normal_normal_noisynormal_144_1306522408528_C,heartbeat_sound,dataset/Heartbeat_Sound/normal/normal_noisynormal_144_1306522408528_C.wav,D3_set_b_normal_noisynormal_144_1306522408528_C,1.0,drop,Heartbeat_Sound is a label helper and a full duplicate of set_a + set_b (T17.3)
exact_1084,raw_sha256,D3_set_b_normal_noisynormal_146_1306778707532_D,D3,dataset/archive (2)/set_b/normal_noisynormal_146_1306778707532_D.wav,,1.0,keep,byte-identical group; kept by the T17.6 priority rule
exact_1084,raw_sha256,HB_normal_normal_noisynormal_146_1306778707532_D,heartbeat_sound,dataset/Heartbeat_Sound/normal/normal_noisynormal_146_1306778707532_D.wav,D3_set_b_normal_noisynormal_146_1306778707532_D,1.0,drop,Heartbeat_Sound is a label helper and a full duplicate of set_a + set_b (T17.3)
exact_1085,raw_sha256,D3_set_b_normal_noisynormal_147_1306523973811_B,D3,dataset/archive (2)/set_b/normal_noisynormal_147_1306523973811_B.wav,,1.0,keep,byte-identical group; kept by the T17.6 priority rule
exact_1085,raw_sha256,HB_normal_normal_noisynormal_147_1306523973811_B,heartbeat_sound,dataset/Heartbeat_Sound/normal/normal_noisynormal_147_1306523973811_B.wav,D3_set_b_normal_noisynormal_147_1306523973811_B,1.0,drop,Heartbeat_Sound is a label helper and a full duplicate of set_a + set_b (T17.3)
exact_1086,raw_sha256,D3_set_b_normal_noisynormal_149_1306776016110_A,D3,dataset/archive (2)/set_b/normal_noisynormal_149_1306776016110_A.wav,,1.0,keep,byte-identical group; kept by the T17.6 priority rule
exact_1086,raw_sha256,HB_normal_normal_noisynormal_149_1306776016110_A,heartbeat_sound,dataset/Heartbeat_Sound/normal/normal_noisynormal_149_1306776016110_A.wav,D3_set_b_normal_noisynormal_149_1306776016110_A,1.0,drop,Heartbeat_Sound is a label helper and a full duplicate of set_a + set_b (T17.3)
exact_1087,raw_sha256,D3_set_b_normal_noisynormal_150_1306776340746_A,D3,dataset/archive (2)/set_b/normal_noisynormal_150_1306776340746_A.wav,,1.0,keep,byte-identical group; kept by the T17.6 priority rule
exact_1087,raw_sha256,HB_normal_normal_noisynormal_150_1306776340746_A,heartbeat_sound,dataset/Heartbeat_Sound/normal/normal_noisynormal_150_1306776340746_A.wav,D3_set_b_normal_noisynormal_150_1306776340746_A,1.0,drop,Heartbeat_Sound is a label helper and a full duplicate of set_a + set_b (T17.3)
exact_1088,raw_sha256,D3_set_b_normal_noisynormal_151_1306779785624_C,D3,dataset/archive (2)/set_b/normal_noisynormal_151_1306779785624_C.wav,,1.0,keep,byte-identical group; kept by the T17.6 priority rule
exact_1088,raw_sha256,HB_normal_normal_noisynormal_151_1306779785624_C,heartbeat_sound,dataset/Heartbeat_Sound/normal/normal_noisynormal_151_1306779785624_C.wav,D3_set_b_normal_noisynormal_151_1306779785624_C,1.0,drop,Heartbeat_Sound is a label helper and a full duplicate of set_a + set_b (T17.3)
exact_1089,raw_sha256,D3_set_b_normal_noisynormal_154_1306935608852_C,D3,dataset/archive (2)/set_b/normal_noisynormal_154_1306935608852_C.wav,,1.0,keep,byte-identical group; kept by the T17.6 priority rule
exact_1089,raw_sha256,HB_normal_normal_noisynormal_154_1306935608852_C,heartbeat_sound,dataset/Heartbeat_Sound/normal/normal_noisynormal_154_1306935608852_C.wav,D3_set_b_normal_noisynormal_154_1306935608852_C,1.0,drop,Heartbeat_Sound is a label helper and a full duplicate of set_a + set_b (T17.3)
exact_1090,raw_sha256,D3_set_b_normal_noisynormal_155_1306935902813_A,D3,dataset/archive (2)/set_b/normal_noisynormal_155_1306935902813_A.wav,,1.0,keep,byte-identical group; kept by the T17.6 priority rule
exact_1090,raw_sha256,HB_normal_normal_noisynormal_155_1306935902813_A,heartbeat_sound,dataset/Heartbeat_Sound/normal/normal_noisynormal_155_1306935902813_A.wav,D3_set_b_normal_noisynormal_155_1306935902813_A,1.0,drop,Heartbeat_Sound is a label helper and a full duplicate of set_a + set_b (T17.3)
exact_1091,raw_sha256,D3_set_b_normal_noisynormal_155_1306935902813_C,D3,dataset/archive (2)/set_b/normal_noisynormal_155_1306935902813_C.wav,,1.0,keep,byte-identical group; kept by the T17.6 priority rule
exact_1091,raw_sha256,HB_normal_normal_noisynormal_155_1306935902813_C,heartbeat_sound,dataset/Heartbeat_Sound/normal/normal_noisynormal_155_1306935902813_C.wav,D3_set_b_normal_noisynormal_155_1306935902813_C,1.0,drop,Heartbeat_Sound is a label helper and a full duplicate of set_a + set_b (T17.3)
exact_1092,raw_sha256,D3_set_b_normal_noisynormal_157_1306937583792_A,D3,dataset/archive (2)/set_b/normal_noisynormal_157_1306937583792_A.wav,,1.0,keep,byte-identical group; kept by the T17.6 priority rule
exact_1092,raw_sha256,HB_normal_normal_noisynormal_157_1306937583792_A,heartbeat_sound,dataset/Heartbeat_Sound/normal/normal_noisynormal_157_1306937583792_A.wav,D3_set_b_normal_noisynormal_157_1306937583792_A,1.0,drop,Heartbeat_Sound is a label helper and a full duplicate of set_a + set_b (T17.3)
exact_1093,raw_sha256,D3_set_b_normal_noisynormal_157_1306937583792_B,D3,dataset/archive (2)/set_b/normal_noisynormal_157_1306937583792_B.wav,,1.0,keep,byte-identical group; kept by the T17.6 priority rule
exact_1093,raw_sha256,HB_normal_normal_noisynormal_157_1306937583792_B,heartbeat_sound,dataset/Heartbeat_Sound/normal/normal_noisynormal_157_1306937583792_B.wav,D3_set_b_normal_noisynormal_157_1306937583792_B,1.0,drop,Heartbeat_Sound is a label helper and a full duplicate of set_a + set_b (T17.3)
exact_1094,raw_sha256,D3_set_b_normal_noisynormal_158_1306947254705_B1,D3,dataset/archive (2)/set_b/normal_noisynormal_158_1306947254705_B1.wav,,1.0,keep,byte-identical group; kept by the T17.6 priority rule
exact_1094,raw_sha256,HB_normal_normal_noisynormal_158_1306947254705_B1,heartbeat_sound,dataset/Heartbeat_Sound/normal/normal_noisynormal_158_1306947254705_B1.wav,D3_set_b_normal_noisynormal_158_1306947254705_B1,1.0,drop,Heartbeat_Sound is a label helper and a full duplicate of set_a + set_b (T17.3)
exact_1095,raw_sha256,D3_set_b_normal_noisynormal_158_1306947254705_D,D3,dataset/archive (2)/set_b/normal_noisynormal_158_1306947254705_D.wav,,1.0,keep,byte-identical group; kept by the T17.6 priority rule
exact_1095,raw_sha256,HB_normal_normal_noisynormal_158_1306947254705_D,heartbeat_sound,dataset/Heartbeat_Sound/normal/normal_noisynormal_158_1306947254705_D.wav,D3_set_b_normal_noisynormal_158_1306947254705_D,1.0,drop,Heartbeat_Sound is a label helper and a full duplicate of set_a + set_b (T17.3)
exact_1096,raw_sha256,D3_set_b_normal_noisynormal_159_1307018640315_A1,D3,dataset/archive (2)/set_b/normal_noisynormal_159_1307018640315_A1.wav,,1.0,keep,byte-identical group; kept by the T17.6 priority rule
exact_1096,raw_sha256,HB_normal_normal_noisynormal_159_1307018640315_A1,heartbeat_sound,dataset/Heartbeat_Sound/normal/normal_noisynormal_159_1307018640315_A1.wav,D3_set_b_normal_noisynormal_159_1307018640315_A1,1.0,drop,Heartbeat_Sound is a label helper and a full duplicate of set_a + set_b (T17.3)
exact_1097,raw_sha256,D3_set_b_normal_noisynormal_159_1307018640315_B,D3,dataset/archive (2)/set_b/normal_noisynormal_159_1307018640315_B.wav,,1.0,keep,byte-identical group; kept by the T17.6 priority rule
exact_1097,raw_sha256,HB_normal_normal_noisynormal_159_1307018640315_B,heartbeat_sound,dataset/Heartbeat_Sound/normal/normal_noisynormal_159_1307018640315_B.wav,D3_set_b_normal_noisynormal_159_1307018640315_B,1.0,drop,Heartbeat_Sound is a label helper and a full duplicate of set_a + set_b (T17.3)
exact_1098,raw_sha256,D3_set_b_normal_noisynormal_163_1307104470471_D1,D3,dataset/archive (2)/set_b/normal_noisynormal_163_1307104470471_D1.wav,,1.0,keep,byte-identical group; kept by the T17.6 priority rule
exact_1098,raw_sha256,HB_normal_normal_noisynormal_163_1307104470471_D1,heartbeat_sound,dataset/Heartbeat_Sound/normal/normal_noisynormal_163_1307104470471_D1.wav,D3_set_b_normal_noisynormal_163_1307104470471_D1,1.0,drop,Heartbeat_Sound is a label helper and a full duplicate of set_a + set_b (T17.3)
exact_1099,raw_sha256,D3_set_b_normal_noisynormal_167_1307111318050_A1,D3,dataset/archive (2)/set_b/normal_noisynormal_167_1307111318050_A1.wav,,1.0,keep,byte-identical group; kept by the T17.6 priority rule
exact_1099,raw_sha256,HB_normal_normal_noisynormal_167_1307111318050_A1,heartbeat_sound,dataset/Heartbeat_Sound/normal/normal_noisynormal_167_1307111318050_A1.wav,D3_set_b_normal_noisynormal_167_1307111318050_A1,1.0,drop,Heartbeat_Sound is a label helper and a full duplicate of set_a + set_b (T17.3)
exact_1100,raw_sha256,D3_set_b_normal_noisynormal_167_1307111318050_B,D3,dataset/archive (2)/set_b/normal_noisynormal_167_1307111318050_B.wav,,1.0,keep,byte-identical group; kept by the T17.6 priority rule
exact_1100,raw_sha256,HB_normal_normal_noisynormal_167_1307111318050_B,heartbeat_sound,dataset/Heartbeat_Sound/normal/normal_noisynormal_167_1307111318050_B.wav,D3_set_b_normal_noisynormal_167_1307111318050_B,1.0,drop,Heartbeat_Sound is a label helper and a full duplicate of set_a + set_b (T17.3)
exact_1101,raw_sha256,D3_set_b_normal_noisynormal_168_1307970069434_A1,D3,dataset/archive (2)/set_b/normal_noisynormal_168_1307970069434_A1.wav,,1.0,keep,byte-identical group; kept by the T17.6 priority rule
exact_1101,raw_sha256,HB_normal_normal_noisynormal_168_1307970069434_A1,heartbeat_sound,dataset/Heartbeat_Sound/normal/normal_noisynormal_168_1307970069434_A1.wav,D3_set_b_normal_noisynormal_168_1307970069434_A1,1.0,drop,Heartbeat_Sound is a label helper and a full duplicate of set_a + set_b (T17.3)
exact_1102,raw_sha256,D3_set_b_normal_noisynormal_169_1307970398039_A,D3,dataset/archive (2)/set_b/normal_noisynormal_169_1307970398039_A.wav,,1.0,keep,byte-identical group; kept by the T17.6 priority rule
exact_1102,raw_sha256,HB_normal_normal_noisynormal_169_1307970398039_A,heartbeat_sound,dataset/Heartbeat_Sound/normal/normal_noisynormal_169_1307970398039_A.wav,D3_set_b_normal_noisynormal_169_1307970398039_A,1.0,drop,Heartbeat_Sound is a label helper and a full duplicate of set_a + set_b (T17.3)
exact_1103,raw_sha256,D3_set_b_normal_noisynormal_170_1307970562729_C1,D3,dataset/archive (2)/set_b/normal_noisynormal_170_1307970562729_C1.wav,,1.0,keep,byte-identical group; kept by the T17.6 priority rule
exact_1103,raw_sha256,HB_normal_normal_noisynormal_170_1307970562729_C1,heartbeat_sound,dataset/Heartbeat_Sound/normal/normal_noisynormal_170_1307970562729_C1.wav,D3_set_b_normal_noisynormal_170_1307970562729_C1,1.0,drop,Heartbeat_Sound is a label helper and a full duplicate of set_a + set_b (T17.3)
exact_1104,raw_sha256,D3_set_b_normal_noisynormal_172_1307971284351_A,D3,dataset/archive (2)/set_b/normal_noisynormal_172_1307971284351_A.wav,,1.0,keep,byte-identical group; kept by the T17.6 priority rule
exact_1104,raw_sha256,HB_normal_normal_noisynormal_172_1307971284351_A,heartbeat_sound,dataset/Heartbeat_Sound/normal/normal_noisynormal_172_1307971284351_A.wav,D3_set_b_normal_noisynormal_172_1307971284351_A,1.0,drop,Heartbeat_Sound is a label helper and a full duplicate of set_a + set_b (T17.3)
exact_1105,raw_sha256,D3_set_b_normal_noisynormal_173_1307973611151_B,D3,dataset/archive (2)/set_b/normal_noisynormal_173_1307973611151_B.wav,,1.0,keep,byte-identical group; kept by the T17.6 priority rule
exact_1105,raw_sha256,HB_normal_normal_noisynormal_173_1307973611151_B,heartbeat_sound,dataset/Heartbeat_Sound/normal/normal_noisynormal_173_1307973611151_B.wav,D3_set_b_normal_noisynormal_173_1307973611151_B,1.0,drop,Heartbeat_Sound is a label helper and a full duplicate of set_a + set_b (T17.3)
exact_1106,raw_sha256,D3_set_b_normal_noisynormal_173_1307973611151_C1,D3,dataset/archive (2)/set_b/normal_noisynormal_173_1307973611151_C1.wav,,1.0,keep,byte-identical group; kept by the T17.6 priority rule
exact_1106,raw_sha256,HB_normal_normal_noisynormal_173_1307973611151_C1,heartbeat_sound,dataset/Heartbeat_Sound/normal/normal_noisynormal_173_1307973611151_C1.wav,D3_set_b_normal_noisynormal_173_1307973611151_C1,1.0,drop,Heartbeat_Sound is a label helper and a full duplicate of set_a + set_b (T17.3)
exact_1107,raw_sha256,D3_set_b_normal_noisynormal_176_1307988171173_D,D3,dataset/archive (2)/set_b/normal_noisynormal_176_1307988171173_D.wav,,1.0,keep,byte-identical group; kept by the T17.6 priority rule
exact_1107,raw_sha256,HB_normal_normal_noisynormal_176_1307988171173_D,heartbeat_sound,dataset/Heartbeat_Sound/normal/normal_noisynormal_176_1307988171173_D.wav,D3_set_b_normal_noisynormal_176_1307988171173_D,1.0,drop,Heartbeat_Sound is a label helper and a full duplicate of set_a + set_b (T17.3)
exact_1108,raw_sha256,D3_set_b_normal_noisynormal_178_1307989887769_B1,D3,dataset/archive (2)/set_b/normal_noisynormal_178_1307989887769_B1.wav,,1.0,keep,byte-identical group; kept by the T17.6 priority rule
exact_1108,raw_sha256,HB_normal_normal_noisynormal_178_1307989887769_B1,heartbeat_sound,dataset/Heartbeat_Sound/normal/normal_noisynormal_178_1307989887769_B1.wav,D3_set_b_normal_noisynormal_178_1307989887769_B1,1.0,drop,Heartbeat_Sound is a label helper and a full duplicate of set_a + set_b (T17.3)
exact_1109,raw_sha256,D3_set_b_normal_noisynormal_181_1308052613891_A,D3,dataset/archive (2)/set_b/normal_noisynormal_181_1308052613891_A.wav,,1.0,keep,byte-identical group; kept by the T17.6 priority rule
exact_1109,raw_sha256,HB_normal_normal_noisynormal_181_1308052613891_A,heartbeat_sound,dataset/Heartbeat_Sound/normal/normal_noisynormal_181_1308052613891_A.wav,D3_set_b_normal_noisynormal_181_1308052613891_A,1.0,drop,Heartbeat_Sound is a label helper and a full duplicate of set_a + set_b (T17.3)
exact_1110,raw_sha256,D3_set_b_normal_noisynormal_182_1308053371395_B,D3,dataset/archive (2)/set_b/normal_noisynormal_182_1308053371395_B.wav,,1.0,keep,byte-identical group; kept by the T17.6 priority rule
exact_1110,raw_sha256,HB_normal_normal_noisynormal_182_1308053371395_B,heartbeat_sound,dataset/Heartbeat_Sound/normal/normal_noisynormal_182_1308053371395_B.wav,D3_set_b_normal_noisynormal_182_1308053371395_B,1.0,drop,Heartbeat_Sound is a label helper and a full duplicate of set_a + set_b (T17.3)
exact_1111,raw_sha256,D3_set_b_normal_noisynormal_188_1308074301731_A,D3,dataset/archive (2)/set_b/normal_noisynormal_188_1308074301731_A.wav,,1.0,keep,byte-identical group; kept by the T17.6 priority rule
exact_1111,raw_sha256,HB_normal_normal_noisynormal_188_1308074301731_A,heartbeat_sound,dataset/Heartbeat_Sound/normal/normal_noisynormal_188_1308074301731_A.wav,D3_set_b_normal_noisynormal_188_1308074301731_A,1.0,drop,Heartbeat_Sound is a label helper and a full duplicate of set_a + set_b (T17.3)
exact_1112,raw_sha256,D3_set_b_normal_noisynormal_189_1308075231945_A1,D3,dataset/archive (2)/set_b/normal_noisynormal_189_1308075231945_A1.wav,,1.0,keep,byte-identical group; kept by the T17.6 priority rule
exact_1112,raw_sha256,HB_normal_normal_noisynormal_189_1308075231945_A1,heartbeat_sound,dataset/Heartbeat_Sound/normal/normal_noisynormal_189_1308075231945_A1.wav,D3_set_b_normal_noisynormal_189_1308075231945_A1,1.0,drop,Heartbeat_Sound is a label helper and a full duplicate of set_a + set_b (T17.3)
exact_1113,raw_sha256,D3_set_b_normal_noisynormal_194_1308139824187_C,D3,dataset/archive (2)/set_b/normal_noisynormal_194_1308139824187_C.wav,,1.0,keep,byte-identical group; kept by the T17.6 priority rule
exact_1113,raw_sha256,HB_normal_normal_noisynormal_194_1308139824187_C,heartbeat_sound,dataset/Heartbeat_Sound/normal/normal_noisynormal_194_1308139824187_C.wav,D3_set_b_normal_noisynormal_194_1308139824187_C,1.0,drop,Heartbeat_Sound is a label helper and a full duplicate of set_a + set_b (T17.3)
exact_1114,raw_sha256,D3_set_b_normal_noisynormal_198_1308141739338_D,D3,dataset/archive (2)/set_b/normal_noisynormal_198_1308141739338_D.wav,,1.0,keep,byte-identical group; kept by the T17.6 priority rule
exact_1114,raw_sha256,HB_normal_normal_noisynormal_198_1308141739338_D,heartbeat_sound,dataset/Heartbeat_Sound/normal/normal_noisynormal_198_1308141739338_D.wav,D3_set_b_normal_noisynormal_198_1308141739338_D,1.0,drop,Heartbeat_Sound is a label helper and a full duplicate of set_a + set_b (T17.3)
exact_1115,raw_sha256,D3_set_b_normal_noisynormal_207_1308159792607_D,D3,dataset/archive (2)/set_b/normal_noisynormal_207_1308159792607_D.wav,,1.0,keep,byte-identical group; kept by the T17.6 priority rule
exact_1115,raw_sha256,HB_normal_normal_noisynormal_207_1308159792607_D,heartbeat_sound,dataset/Heartbeat_Sound/normal/normal_noisynormal_207_1308159792607_D.wav,D3_set_b_normal_noisynormal_207_1308159792607_D,1.0,drop,Heartbeat_Sound is a label helper and a full duplicate of set_a + set_b (T17.3)
exact_1116,raw_sha256,D3_set_b_normal_noisynormal_216_1308245839516_D,D3,dataset/archive (2)/set_b/normal_noisynormal_216_1308245839516_D.wav,,1.0,keep,byte-identical group; kept by the T17.6 priority rule
exact_1116,raw_sha256,HB_normal_normal_noisynormal_216_1308245839516_D,heartbeat_sound,dataset/Heartbeat_Sound/normal/normal_noisynormal_216_1308245839516_D.wav,D3_set_b_normal_noisynormal_216_1308245839516_D,1.0,drop,Heartbeat_Sound is a label helper and a full duplicate of set_a + set_b (T17.3)
exact_1117,raw_sha256,D3_set_b_normal_noisynormal_234_1308748855534_B,D3,dataset/archive (2)/set_b/normal_noisynormal_234_1308748855534_B.wav,,1.0,keep,byte-identical group; kept by the T17.6 priority rule
exact_1117,raw_sha256,HB_normal_normal_noisynormal_234_1308748855534_B,heartbeat_sound,dataset/Heartbeat_Sound/normal/normal_noisynormal_234_1308748855534_B.wav,D3_set_b_normal_noisynormal_234_1308748855534_B,1.0,drop,Heartbeat_Sound is a label helper and a full duplicate of set_a + set_b (T17.3)
exact_1118,raw_sha256,D3_set_b_normal_noisynormal_246_1309199278902_D,D3,dataset/archive (2)/set_b/normal_noisynormal_246_1309199278902_D.wav,,1.0,keep,byte-identical group; kept by the T17.6 priority rule
exact_1118,raw_sha256,HB_normal_normal_noisynormal_246_1309199278902_D,heartbeat_sound,dataset/Heartbeat_Sound/normal/normal_noisynormal_246_1309199278902_D.wav,D3_set_b_normal_noisynormal_246_1309199278902_D,1.0,drop,Heartbeat_Sound is a label helper and a full duplicate of set_a + set_b (T17.3)
exact_1119,raw_sha256,D3_set_b_normal_noisynormal_258_1309352253234_A,D3,dataset/archive (2)/set_b/normal_noisynormal_258_1309352253234_A.wav,,1.0,keep,byte-identical group; kept by the T17.6 priority rule
exact_1119,raw_sha256,HB_normal_normal_noisynormal_258_1309352253234_A,heartbeat_sound,dataset/Heartbeat_Sound/normal/normal_noisynormal_258_1309352253234_A.wav,D3_set_b_normal_noisynormal_258_1309352253234_A,1.0,drop,Heartbeat_Sound is a label helper and a full duplicate of set_a + set_b (T17.3)
exact_1120,raw_sha256,D3_set_b_normal_noisynormal_264_1309356143724_B,D3,dataset/archive (2)/set_b/normal_noisynormal_264_1309356143724_B.wav,,1.0,keep,byte-identical group; kept by the T17.6 priority rule
exact_1120,raw_sha256,HB_normal_normal_noisynormal_264_1309356143724_B,heartbeat_sound,dataset/Heartbeat_Sound/normal/normal_noisynormal_264_1309356143724_B.wav,D3_set_b_normal_noisynormal_264_1309356143724_B,1.0,drop,Heartbeat_Sound is a label helper and a full duplicate of set_a + set_b (T17.3)
exact_1121,raw_sha256,D3_set_b_normal_noisynormal_264_1309356143724_C,D3,dataset/archive (2)/set_b/normal_noisynormal_264_1309356143724_C.wav,,1.0,keep,byte-identical group; kept by the T17.6 priority rule
exact_1121,raw_sha256,HB_normal_normal_noisynormal_264_1309356143724_C,heartbeat_sound,dataset/Heartbeat_Sound/normal/normal_noisynormal_264_1309356143724_C.wav,D3_set_b_normal_noisynormal_264_1309356143724_C,1.0,drop,Heartbeat_Sound is a label helper and a full duplicate of set_a + set_b (T17.3)
exact_1122,raw_sha256,D3_set_b_normal_noisynormal_264_1309356143724_D,D3,dataset/archive (2)/set_b/normal_noisynormal_264_1309356143724_D.wav,,1.0,keep,byte-identical group; kept by the T17.6 priority rule
exact_1122,raw_sha256,HB_normal_normal_noisynormal_264_1309356143724_D,heartbeat_sound,dataset/Heartbeat_Sound/normal/normal_noisynormal_264_1309356143724_D.wav,D3_set_b_normal_noisynormal_264_1309356143724_D,1.0,drop,Heartbeat_Sound is a label helper and a full duplicate of set_a + set_b (T17.3)
exact_1123,raw_sha256,D3_set_b_normal_noisynormal_270_1309369533040_A,D3,dataset/archive (2)/set_b/normal_noisynormal_270_1309369533040_A.wav,,1.0,keep,byte-identical group; kept by the T17.6 priority rule
exact_1123,raw_sha256,HB_normal_normal_noisynormal_270_1309369533040_A,heartbeat_sound,dataset/Heartbeat_Sound/normal/normal_noisynormal_270_1309369533040_A.wav,D3_set_b_normal_noisynormal_270_1309369533040_A,1.0,drop,Heartbeat_Sound is a label helper and a full duplicate of set_a + set_b (T17.3)
exact_1124,raw_sha256,D3_set_b_normal_noisynormal_270_1309369533040_B,D3,dataset/archive (2)/set_b/normal_noisynormal_270_1309369533040_B.wav,,1.0,keep,byte-identical group; kept by the T17.6 priority rule
exact_1124,raw_sha256,HB_normal_normal_noisynormal_270_1309369533040_B,heartbeat_sound,dataset/Heartbeat_Sound/normal/normal_noisynormal_270_1309369533040_B.wav,D3_set_b_normal_noisynormal_270_1309369533040_B,1.0,drop,Heartbeat_Sound is a label helper and a full duplicate of set_a + set_b (T17.3)
exact_1125,raw_sha256,D3_set_b_normal_noisynormal_271_1309369876160_A,D3,dataset/archive (2)/set_b/normal_noisynormal_271_1309369876160_A.wav,,1.0,keep,byte-identical group; kept by the T17.6 priority rule
exact_1125,raw_sha256,HB_normal_normal_noisynormal_271_1309369876160_A,heartbeat_sound,dataset/Heartbeat_Sound/normal/normal_noisynormal_271_1309369876160_A.wav,D3_set_b_normal_noisynormal_271_1309369876160_A,1.0,drop,Heartbeat_Sound is a label helper and a full duplicate of set_a + set_b (T17.3)
exact_1126,raw_sha256,D3_set_b_normal_noisynormal_271_1309369876160_C,D3,dataset/archive (2)/set_b/normal_noisynormal_271_1309369876160_C.wav,,1.0,keep,byte-identical group; kept by the T17.6 priority rule
exact_1126,raw_sha256,HB_normal_normal_noisynormal_271_1309369876160_C,heartbeat_sound,dataset/Heartbeat_Sound/normal/normal_noisynormal_271_1309369876160_C.wav,D3_set_b_normal_noisynormal_271_1309369876160_C,1.0,drop,Heartbeat_Sound is a label helper and a full duplicate of set_a + set_b (T17.3)
exact_1127,raw_sha256,D3_set_b_normal_noisynormal_271_1309369876160_D,D3,dataset/archive (2)/set_b/normal_noisynormal_271_1309369876160_D.wav,,1.0,keep,byte-identical group; kept by the T17.6 priority rule
exact_1127,raw_sha256,HB_normal_normal_noisynormal_271_1309369876160_D,heartbeat_sound,dataset/Heartbeat_Sound/normal/normal_noisynormal_271_1309369876160_D.wav,D3_set_b_normal_noisynormal_271_1309369876160_D,1.0,drop,Heartbeat_Sound is a label helper and a full duplicate of set_a + set_b (T17.3)
exact_1128,raw_sha256,D3_set_b_normal_noisynormal_278_1311163365896_B,D3,dataset/archive (2)/set_b/normal_noisynormal_278_1311163365896_B.wav,,1.0,keep,byte-identical group; kept by the T17.6 priority rule
exact_1128,raw_sha256,HB_normal_normal_noisynormal_278_1311163365896_B,heartbeat_sound,dataset/Heartbeat_Sound/normal/normal_noisynormal_278_1311163365896_B.wav,D3_set_b_normal_noisynormal_278_1311163365896_B,1.0,drop,Heartbeat_Sound is a label helper and a full duplicate of set_a + set_b (T17.3)
exact_1129,raw_sha256,D3_set_b_normal_noisynormal_284_1311168471850_A,D3,dataset/archive (2)/set_b/normal_noisynormal_284_1311168471850_A.wav,,1.0,keep,byte-identical group; kept by the T17.6 priority rule
exact_1129,raw_sha256,HB_normal_normal_noisynormal_284_1311168471850_A,heartbeat_sound,dataset/Heartbeat_Sound/normal/normal_noisynormal_284_1311168471850_A.wav,D3_set_b_normal_noisynormal_284_1311168471850_A,1.0,drop,Heartbeat_Sound is a label helper and a full duplicate of set_a + set_b (T17.3)
exact_1130,raw_sha256,D3_set_b_normal_noisynormal_284_1311168471850_B,D3,dataset/archive (2)/set_b/normal_noisynormal_284_1311168471850_B.wav,,1.0,keep,byte-identical group; kept by the T17.6 priority rule
exact_1130,raw_sha256,HB_normal_normal_noisynormal_284_1311168471850_B,heartbeat_sound,dataset/Heartbeat_Sound/normal/normal_noisynormal_284_1311168471850_B.wav,D3_set_b_normal_noisynormal_284_1311168471850_B,1.0,drop,Heartbeat_Sound is a label helper and a full duplicate of set_a + set_b (T17.3)
exact_1131,raw_sha256,D3_set_b_normal_noisynormal_285_1311169246969_C,D3,dataset/archive (2)/set_b/normal_noisynormal_285_1311169246969_C.wav,,1.0,keep,byte-identical group; kept by the T17.6 priority rule
exact_1131,raw_sha256,HB_normal_normal_noisynormal_285_1311169246969_C,heartbeat_sound,dataset/Heartbeat_Sound/normal/normal_noisynormal_285_1311169246969_C.wav,D3_set_b_normal_noisynormal_285_1311169246969_C,1.0,drop,Heartbeat_Sound is a label helper and a full duplicate of set_a + set_b (T17.3)
exact_1132,raw_sha256,D3_set_b_normal_noisynormal_296_1311682952647_C,D3,dataset/archive (2)/set_b/normal_noisynormal_296_1311682952647_C.wav,,1.0,keep,byte-identical group; kept by the T17.6 priority rule
exact_1132,raw_sha256,HB_normal_normal_noisynormal_296_1311682952647_C,heartbeat_sound,dataset/Heartbeat_Sound/normal/normal_noisynormal_296_1311682952647_C.wav,D3_set_b_normal_noisynormal_296_1311682952647_C,1.0,drop,Heartbeat_Sound is a label helper and a full duplicate of set_a + set_b (T17.3)
exact_1133,raw_sha256,D3_set_b_normal_noisynormal_296_1311682952647_D,D3,dataset/archive (2)/set_b/normal_noisynormal_296_1311682952647_D.wav,,1.0,keep,byte-identical group; kept by the T17.6 priority rule
exact_1133,raw_sha256,HB_normal_normal_noisynormal_296_1311682952647_D,heartbeat_sound,dataset/Heartbeat_Sound/normal/normal_noisynormal_296_1311682952647_D.wav,D3_set_b_normal_noisynormal_296_1311682952647_D,1.0,drop,Heartbeat_Sound is a label helper and a full duplicate of set_a + set_b (T17.3)
near_1134,envelope_correlation,D2_set_a_murmur__201104021355,D2,,D2_set_a_extrahls__201104021355,1.0,review,envelope correlation >= 0.98 within D2; not proof of duplication
near_1135,envelope_correlation,D2_set_a_murmur__201108222235,D2,,D2_set_a_murmur__201108222226,0.995715,review,envelope correlation >= 0.98 within D2; not proof of duplication
