outer_fold,inner_fold,role,row,record_uid
r0f0,0,train,0,D1_training-a_a0001
r0f0,0,train,1,D1_training-a_a0002
r0f0,0,train,3,D1_training-a_a0004
r0f0,0,train,5,D1_training-a_a0006
r0f0,0,train,7,D1_training-a_a0008
r0f0,0,train,12,D1_training-a_a0013
r0f0,0,train,17,D1_training-a_a0018
r0f0,0,train,19,D1_training-a_a0020
r0f0,0,train,20,D1_training-a_a0021
r0f0,0,train,21,D1_training-a_a0022
r0f0,0,train,23,D1_training-a_a0024
r0f0,0,train,29,D1_training-a_a0030
r0f0,0,train,31,D1_training-a_a0032
r0f0,0,train,36,D1_training-a_a0037
r0f0,0,train,37,D1_training-a_a0038
r0f0,0,train,39,D1_training-a_a0040
r0f0,0,train,40,D1_training-a_a0041
r0f0,0,train,41,D1_training-a_a0042
r0f0,0,train,45,D1_training-a_a0046
r0f0,0,train,46,D1_training-a_a0047
r0f0,0,train,51,D1_training-a_a0052
r0f0,0,train,52,D1_training-a_a0053
r0f0,0,train,58,D1_training-a_a0059
r0f0,0,train,59,D1_training-a_a0060
r0f0,0,train,61,D1_training-a_a0062
r0f0,0,train,62,D1_training-a_a0063
r0f0,0,train,63,D1_training-a_a0064
r0f0,0,train,64,D1_training-a_a0065
r0f0,0,train,67,D1_training-a_a0068
r0f0,0,train,74,D1_training-a_a0075
r0f0,0,train,80,D1_training-a_a0081
r0f0,0,train,82,D1_training-a_a0083
r0f0,0,train,85,D1_training-a_a0086
r0f0,0,train,86,D1_training-a_a0087
r0f0,0,train,88,D1_training-a_a0089
r0f0,0,train,89,D1_training-a_a0090
r0f0,0,train,91,D1_training-a_a0092
r0f0,0,train,92,D1_training-a_a0093
r0f0,0,train,93,D1_training-a_a0094
r0f0,0,train,94,D1_training-a_a0095
r0f0,0,train,95,D1_training-a_a0096
r0f0,0,train,96,D1_training-a_a0097
r0f0,0,train,97,D1_training-a_a0098
r0f0,0,train,104,D1_training-a_a0105
r0f0,0,train,107,D1_training-a_a0108
r0f0,0,train,109,D1_training-a_a0110
r0f0,0,train,110,D1_training-a_a0111
r0f0,0,train,112,D1_training-a_a0113
r0f0,0,train,114,D1_training-a_a0115
r0f0,0,train,116,D1_training-a_a0117
r0f0,0,train,118,D1_training-a_a0119
r0f0,0,train,119,D1_training-a_a0120
r0f0,0,train,120,D1_training-a_a0121
r0f0,0,train,121,D1_training-a_a0122
r0f0,0,train,122,D1_training-a_a0123
r0f0,0,train,123,D1_training-a_a0124
r0f0,0,train,124,D1_training-a_a0125
r0f0,0,train,125,D1_training-a_a0126
r0f0,0,train,126,D1_training-a_a0127
r0f0,0,train,127,D1_training-a_a0128
r0f0,0,train,128,D1_training-a_a0129
r0f0,0,train,129,D1_training-a_a0130
r0f0,0,train,131,D1_training-a_a0132
r0f0,0,train,134,D1_training-a_a0135
r0f0,0,train,136,D1_training-a_a0137
r0f0,0,train,137,D1_training-a_a0138
r0f0,0,train,143,D1_training-a_a0144
r0f0,0,train,144,D1_training-a_a0145
r0f0,0,train,148,D1_training-a_a0149
r0f0,0,train,149,D1_training-a_a0150
r0f0,0,train,151,D1_training-a_a0152
r0f0,0,train,156,D1_training-a_a0157
r0f0,0,train,158,D1_training-a_a0159
r0f0,0,train,159,D1_training-a_a0160
r0f0,0,train,160,D1_training-a_a0161
r0f0,0,train,166,D1_training-a_a0167
r0f0,0,train,167,D1_training-a_a0168
r0f0,0,train,168,D1_training-a_a0169
r0f0,0,train,169,D1_training-a_a0170
r0f0,0,train,170,D1_training-a_a0171
r0f0,0,train,173,D1_training-a_a0174
r0f0,0,train,175,D1_training-a_a0176
r0f0,0,train,177,D1_training-a_a0178
r0f0,0,train,179,D1_training-a_a0180
r0f0,0,train,180,D1_training-a_a0181
r0f0,0,train,181,D1_training-a_a0182
r0f0,0,train,182,D1_training-a_a0183
r0f0,0,train,184,D1_training-a_a0185
r0f0,0,train,185,D1_training-a_a0186
r0f0,0,train,187,D1_training-a_a0188
r0f0,0,train,190,D1_training-a_a0191
r0f0,0,train,191,D1_training-a_a0192
r0f0,0,train,193,D1_training-a_a0194
r0f0,0,train,197,D1_training-a_a0198
r0f0,0,train,198,D1_training-a_a0199
r0f0,0,train,199,D1_training-a_a0200
r0f0,0,train,200,D1_training-a_a0201
r0f0,0,train,202,D1_training-a_a0203
r0f0,0,train,205,D1_training-a_a0206
r0f0,0,train,206,D1_training-a_a0207
r0f0,0,train,207,D1_training-a_a0208
r0f0,0,train,208,D1_training-a_a0209
r0f0,0,train,211,D1_training-a_a0212
r0f0,0,train,213,D1_training-a_a0214
r0f0,0,train,214,D1_training-a_a0215
r0f0,0,train,215,D1_training-a_a0216
r0f0,0,train,217,D1_training-a_a0218
r0f0,0,train,218,D1_training-a_a0219
r0f0,0,train,219,D1_training-a_a0220
r0f0,0,train,220,D1_training-a_a0221
r0f0,0,train,225,D1_training-a_a0226
r0f0,0,train,226,D1_training-a_a0227
r0f0,0,train,227,D1_training-a_a0228
r0f0,0,train,229,D1_training-a_a0230
r0f0,0,train,232,D1_training-a_a0233
r0f0,0,train,233,D1_training-a_a0234
r0f0,0,train,235,D1_training-a_a0236
r0f0,0,train,236,D1_training-a_a0237
r0f0,0,train,240,D1_training-a_a0241
r0f0,0,train,242,D1_training-a_a0243
r0f0,0,train,243,D1_training-a_a0244
r0f0,0,train,244,D1_training-a_a0245
r0f0,0,train,245,D1_training-a_a0246
r0f0,0,train,247,D1_training-a_a0248
r0f0,0,train,248,D1_training-a_a0249
r0f0,0,train,250,D1_training-a_a0251
r0f0,0,train,251,D1_training-a_a0252
r0f0,0,train,252,D1_training-a_a0253
r0f0,0,train,253,D1_training-a_a0254
r0f0,0,train,259,D1_training-a_a0260
r0f0,0,train,261,D1_training-a_a0262
r0f0,0,train,263,D1_training-a_a0264
r0f0,0,train,268,D1_training-a_a0269
r0f0,0,train,271,D1_training-a_a0272
r0f0,0,train,272,D1_training-a_a0273
r0f0,0,train,273,D1_training-a_a0274
r0f0,0,train,275,D1_training-a_a0276
r0f0,0,train,277,D1_training-a_a0278
r0f0,0,train,278,D1_training-a_a0279
r0f0,0,train,279,D1_training-a_a0280
r0f0,0,train,281,D1_training-a_a0282
r0f0,0,train,283,D1_training-a_a0284
r0f0,0,train,290,D1_training-a_a0291
r0f0,0,train,291,D1_training-a_a0292
r0f0,0,train,293,D1_training-a_a0294
r0f0,0,train,294,D1_training-a_a0295
r0f0,0,train,295,D1_training-a_a0296
r0f0,0,train,296,D1_training-a_a0297
r0f0,0,train,299,D1_training-a_a0300
r0f0,0,train,301,D1_training-a_a0302
r0f0,0,train,303,D1_training-a_a0304
r0f0,0,train,304,D1_training-a_a0305
r0f0,0,train,305,D1_training-a_a0306
r0f0,0,train,312,D1_training-a_a0313
r0f0,0,train,316,D1_training-a_a0317
r0f0,0,train,318,D1_training-a_a0319
r0f0,0,train,320,D1_training-a_a0321
r0f0,0,train,323,D1_training-a_a0324
r0f0,0,train,325,D1_training-a_a0326
r0f0,0,train,328,D1_training-a_a0329
r0f0,0,train,329,D1_training-a_a0330
r0f0,0,train,331,D1_training-a_a0332
r0f0,0,train,332,D1_training-a_a0333
r0f0,0,train,333,D1_training-a_a0334
r0f0,0,train,334,D1_training-a_a0335
r0f0,0,train,335,D1_training-a_a0336
r0f0,0,train,337,D1_training-a_a0338
r0f0,0,train,342,D1_training-a_a0343
r0f0,0,train,343,D1_training-a_a0344
r0f0,0,train,344,D1_training-a_a0345
r0f0,0,train,345,D1_training-a_a0346
r0f0,0,train,348,D1_training-a_a0349
r0f0,0,train,349,D1_training-a_a0350
r0f0,0,train,351,D1_training-a_a0352
r0f0,0,train,359,D1_training-a_a0360
r0f0,0,train,361,D1_training-a_a0362
r0f0,0,train,362,D1_training-a_a0363
r0f0,0,train,365,D1_training-a_a0366
r0f0,0,train,366,D1_training-a_a0367
r0f0,0,train,367,D1_training-a_a0368
r0f0,0,train,368,D1_training-a_a0369
r0f0,0,train,369,D1_training-a_a0370
r0f0,0,train,372,D1_training-a_a0373
r0f0,0,train,373,D1_training-a_a0374
r0f0,0,train,377,D1_training-a_a0378
r0f0,0,train,378,D1_training-a_a0379
r0f0,0,train,380,D1_training-a_a0381
r0f0,0,train,381,D1_training-a_a0382
r0f0,0,train,385,D1_training-a_a0386
r0f0,0,train,388,D1_training-a_a0389
r0f0,0,train,389,D1_training-a_a0390
r0f0,0,train,390,D1_training-a_a0391
r0f0,0,train,395,D1_training-a_a0396
r0f0,0,train,396,D1_training-a_a0397
r0f0,0,train,398,D1_training-a_a0399
r0f0,0,train,399,D1_training-a_a0400
r0f0,0,train,401,D1_training-a_a0402
r0f0,0,train,402,D1_training-a_a0403
r0f0,0,train,406,D1_training-a_a0407
r0f0,0,train,409,D1_training-b_b0001
r0f0,0,train,411,D1_training-b_b0003
r0f0,0,train,413,D1_training-b_b0005
r0f0,0,train,414,D1_training-b_b0006
r0f0,0,train,416,D1_training-b_b0008
r0f0,0,train,421,D1_training-b_b0013
r0f0,0,train,422,D1_training-b_b0014
r0f0,0,train,423,D1_training-b_b0015
r0f0,0,train,428,D1_training-b_b0020
r0f0,0,train,429,D1_training-b_b0021
r0f0,0,train,431,D1_training-b_b0023
r0f0,0,train,432,D1_training-b_b0024
r0f0,0,train,433,D1_training-b_b0025
r0f0,0,train,434,D1_training-b_b0026
r0f0,0,train,435,D1_training-b_b0027
r0f0,0,train,439,D1_training-b_b0031
r0f0,0,train,440,D1_training-b_b0032
r0f0,0,train,441,D1_training-b_b0033
r0f0,0,train,444,D1_training-b_b0036
r0f0,0,train,446,D1_training-b_b0038
r0f0,0,train,447,D1_training-b_b0039
r0f0,0,train,451,D1_training-b_b0043
r0f0,0,train,452,D1_training-b_b0044
r0f0,0,train,453,D1_training-b_b0045
r0f0,0,train,454,D1_training-b_b0046
r0f0,0,train,455,D1_training-b_b0047
r0f0,0,train,456,D1_training-b_b0048
r0f0,0,train,458,D1_training-b_b0050
r0f0,0,train,459,D1_training-b_b0051
r0f0,0,train,463,D1_training-b_b0055
r0f0,0,train,465,D1_training-b_b0057
r0f0,0,train,466,D1_training-b_b0058
r0f0,0,train,467,D1_training-b_b0059
r0f0,0,train,469,D1_training-b_b0061
r0f0,0,train,470,D1_training-b_b0062
r0f0,0,train,473,D1_training-b_b0065
r0f0,0,train,480,D1_training-b_b0072
r0f0,0,train,481,D1_training-b_b0073
r0f0,0,train,483,D1_training-b_b0075
r0f0,0,train,484,D1_training-b_b0076
r0f0,0,train,487,D1_training-b_b0079
r0f0,0,train,489,D1_training-b_b0081
r0f0,0,train,490,D1_training-b_b0082
r0f0,0,train,491,D1_training-b_b0083
r0f0,0,train,492,D1_training-b_b0084
r0f0,0,train,493,D1_training-b_b0085
r0f0,0,train,494,D1_training-b_b0086
r0f0,0,train,496,D1_training-b_b0088
r0f0,0,train,497,D1_training-b_b0089
r0f0,0,train,499,D1_training-b_b0091
r0f0,0,train,500,D1_training-b_b0092
r0f0,0,train,504,D1_training-b_b0096
r0f0,0,train,505,D1_training-b_b0097
r0f0,0,train,507,D1_training-b_b0099
r0f0,0,train,509,D1_training-b_b0101
r0f0,0,train,510,D1_training-b_b0102
r0f0,0,train,511,D1_training-b_b0103
r0f0,0,train,512,D1_training-b_b0104
r0f0,0,train,513,D1_training-b_b0105
r0f0,0,train,514,D1_training-b_b0106
r0f0,0,train,515,D1_training-b_b0107
r0f0,0,train,516,D1_training-b_b0108
r0f0,0,train,517,D1_training-b_b0109
r0f0,0,train,521,D1_training-b_b0113
r0f0,0,train,522,D1_training-b_b0114
r0f0,0,train,525,D1_training-b_b0117
r0f0,0,train,526,D1_training-b_b0118
r0f0,0,train,527,D1_training-b_b0119
r0f0,0,train,528,D1_training-b_b0120
r0f0,0,train,529,D1_training-b_b0121
r0f0,0,train,533,D1_training-b_b0125
r0f0,0,train,535,D1_training-b_b0127
r0f0,0,train,543,D1_training-b_b0135
r0f0,0,train,547,D1_training-b_b0139
r0f0,0,train,548,D1_training-b_b0140
r0f0,0,train,549,D1_training-b_b0141
r0f0,0,train,550,D1_training-b_b0142
r0f0,0,train,551,D1_training-b_b0143
r0f0,0,train,552,D1_training-b_b0144
r0f0,0,train,554,D1_training-b_b0146
r0f0,0,train,557,D1_training-b_b0149
r0f0,0,train,558,D1_training-b_b0150
r0f0,0,train,560,D1_training-b_b0152
r0f0,0,train,563,D1_training-b_b0155
r0f0,0,train,564,D1_training-b_b0156
r0f0,0,train,565,D1_training-b_b0157
r0f0,0,train,566,D1_training-b_b0158
r0f0,0,train,567,D1_training-b_b0159
r0f0,0,train,569,D1_training-b_b0161
r0f0,0,train,572,D1_training-b_b0164
r0f0,0,train,573,D1_training-b_b0165
r0f0,0,train,577,D1_training-b_b0169
r0f0,0,train,580,D1_training-b_b0172
r0f0,0,train,583,D1_training-b_b0175
r0f0,0,train,584,D1_training-b_b0176
r0f0,0,train,586,D1_training-b_b0178
r0f0,0,train,587,D1_training-b_b0179
r0f0,0,train,589,D1_training-b_b0181
r0f0,0,train,601,D1_training-b_b0193
r0f0,0,train,602,D1_training-b_b0194
r0f0,0,train,606,D1_training-b_b0198
r0f0,0,train,607,D1_training-b_b0199
r0f0,0,train,609,D1_training-b_b0201
r0f0,0,train,611,D1_training-b_b0203
r0f0,0,train,612,D1_training-b_b0204
r0f0,0,train,613,D1_training-b_b0205
r0f0,0,train,618,D1_training-b_b0210
r0f0,0,train,620,D1_training-b_b0212
r0f0,0,train,621,D1_training-b_b0213
r0f0,0,train,622,D1_training-b_b0214
r0f0,0,train,623,D1_training-b_b0215
r0f0,0,train,624,D1_training-b_b0216
r0f0,0,train,626,D1_training-b_b0218
r0f0,0,train,628,D1_training-b_b0220
r0f0,0,train,631,D1_training-b_b0223
r0f0,0,train,632,D1_training-b_b0224
r0f0,0,train,633,D1_training-b_b0225
r0f0,0,train,636,D1_training-b_b0228
r0f0,0,train,637,D1_training-b_b0229
r0f0,0,train,638,D1_training-b_b0230
r0f0,0,train,639,D1_training-b_b0231
r0f0,0,train,640,D1_training-b_b0232
r0f0,0,train,641,D1_training-b_b0233
r0f0,0,train,642,D1_training-b_b0234
r0f0,0,train,645,D1_training-b_b0237
r0f0,0,train,648,D1_training-b_b0240
r0f0,0,train,649,D1_training-b_b0241
r0f0,0,train,653,D1_training-b_b0245
r0f0,0,train,654,D1_training-b_b0246
r0f0,0,train,655,D1_training-b_b0247
r0f0,0,train,660,D1_training-b_b0252
r0f0,0,train,661,D1_training-b_b0253
r0f0,0,train,663,D1_training-b_b0255
r0f0,0,train,665,D1_training-b_b0257
r0f0,0,train,666,D1_training-b_b0258
r0f0,0,train,669,D1_training-b_b0261
r0f0,0,train,673,D1_training-b_b0265
r0f0,0,train,674,D1_training-b_b0266
r0f0,0,train,675,D1_training-b_b0267
r0f0,0,train,676,D1_training-b_b0268
r0f0,0,train,678,D1_training-b_b0270
r0f0,0,train,683,D1_training-b_b0275
r0f0,0,train,687,D1_training-b_b0279
r0f0,0,train,689,D1_training-b_b0281
r0f0,0,train,691,D1_training-b_b0283
r0f0,0,train,692,D1_training-b_b0284
r0f0,0,train,693,D1_training-b_b0285
r0f0,0,train,695,D1_training-b_b0287
r0f0,0,train,696,D1_training-b_b0288
r0f0,0,train,697,D1_training-b_b0289
r0f0,0,train,701,D1_training-b_b0293
r0f0,0,train,702,D1_training-b_b0294
r0f0,0,train,704,D1_training-b_b0296
r0f0,0,train,706,D1_training-b_b0298
r0f0,0,train,707,D1_training-b_b0299
r0f0,0,train,708,D1_training-b_b0300
r0f0,0,train,710,D1_training-b_b0302
r0f0,0,train,711,D1_training-b_b0303
r0f0,0,train,712,D1_training-b_b0304
r0f0,0,train,713,D1_training-b_b0305
r0f0,0,train,715,D1_training-b_b0307
r0f0,0,train,717,D1_training-b_b0309
r0f0,0,train,719,D1_training-b_b0311
r0f0,0,train,720,D1_training-b_b0312
r0f0,0,train,721,D1_training-b_b0313
r0f0,0,train,722,D1_training-b_b0314
r0f0,0,train,728,D1_training-b_b0320
r0f0,0,train,729,D1_training-b_b0321
r0f0,0,train,730,D1_training-b_b0322
r0f0,0,train,732,D1_training-b_b0324
r0f0,0,train,733,D1_training-b_b0325
r0f0,0,train,734,D1_training-b_b0326
r0f0,0,train,735,D1_training-b_b0327
r0f0,0,train,736,D1_training-b_b0328
r0f0,0,train,737,D1_training-b_b0329
r0f0,0,train,738,D1_training-b_b0330
r0f0,0,train,741,D1_training-b_b0333
r0f0,0,train,743,D1_training-b_b0335
r0f0,0,train,745,D1_training-b_b0337
r0f0,0,train,746,D1_training-b_b0338
r0f0,0,train,748,D1_training-b_b0340
r0f0,0,train,749,D1_training-b_b0341
r0f0,0,train,751,D1_training-b_b0343
r0f0,0,train,752,D1_training-b_b0344
r0f0,0,train,753,D1_training-b_b0345
r0f0,0,train,754,D1_training-b_b0346
r0f0,0,train,756,D1_training-b_b0348
r0f0,0,train,757,D1_training-b_b0349
r0f0,0,train,758,D1_training-b_b0350
r0f0,0,train,759,D1_training-b_b0351
r0f0,0,train,760,D1_training-b_b0352
r0f0,0,train,761,D1_training-b_b0353
r0f0,0,train,764,D1_training-b_b0356
r0f0,0,train,765,D1_training-b_b0357
r0f0,0,train,768,D1_training-b_b0360
r0f0,0,train,769,D1_training-b_b0361
r0f0,0,train,770,D1_training-b_b0362
r0f0,0,train,771,D1_training-b_b0363
r0f0,0,train,772,D1_training-b_b0364
r0f0,0,train,773,D1_training-b_b0365
r0f0,0,train,774,D1_training-b_b0366
r0f0,0,train,775,D1_training-b_b0367
r0f0,0,train,778,D1_training-b_b0370
r0f0,0,train,779,D1_training-b_b0371
r0f0,0,train,781,D1_training-b_b0373
r0f0,0,train,785,D1_training-b_b0377
r0f0,0,train,786,D1_training-b_b0378
r0f0,0,train,787,D1_training-b_b0379
r0f0,0,train,789,D1_training-b_b0381
r0f0,0,train,790,D1_training-b_b0382
r0f0,0,train,793,D1_training-b_b0385
r0f0,0,train,797,D1_training-b_b0389
r0f0,0,train,798,D1_training-b_b0390
r0f0,0,train,799,D1_training-b_b0391
r0f0,0,train,800,D1_training-b_b0392
r0f0,0,train,803,D1_training-b_b0395
r0f0,0,train,804,D1_training-b_b0396
r0f0,0,train,806,D1_training-b_b0398
r0f0,0,train,807,D1_training-b_b0399
r0f0,0,train,808,D1_training-b_b0400
r0f0,0,train,809,D1_training-b_b0401
r0f0,0,train,811,D1_training-b_b0403
r0f0,0,train,815,D1_training-b_b0407
r0f0,0,train,818,D1_training-b_b0410
r0f0,0,train,821,D1_training-b_b0413
r0f0,0,train,825,D1_training-b_b0417
r0f0,0,train,827,D1_training-b_b0419
r0f0,0,train,828,D1_training-b_b0420
r0f0,0,train,829,D1_training-b_b0421
r0f0,0,train,830,D1_training-b_b0422
r0f0,0,train,833,D1_training-b_b0425
r0f0,0,train,835,D1_training-b_b0427
r0f0,0,train,836,D1_training-b_b0428
r0f0,0,train,838,D1_training-b_b0430
r0f0,0,train,840,D1_training-b_b0432
r0f0,0,train,844,D1_training-b_b0436
r0f0,0,train,845,D1_training-b_b0437
r0f0,0,train,846,D1_training-b_b0438
r0f0,0,train,848,D1_training-b_b0440
r0f0,0,train,851,D1_training-b_b0443
r0f0,0,train,854,D1_training-b_b0446
r0f0,0,train,857,D1_training-b_b0449
r0f0,0,train,859,D1_training-b_b0451
r0f0,0,train,862,D1_training-b_b0454
r0f0,0,train,863,D1_training-b_b0455
r0f0,0,train,865,D1_training-b_b0457
r0f0,0,train,869,D1_training-b_b0461
r0f0,0,train,871,D1_training-b_b0463
r0f0,0,train,872,D1_training-b_b0464
r0f0,0,train,875,D1_training-b_b0467
r0f0,0,train,879,D1_training-b_b0471
r0f0,0,train,880,D1_training-b_b0472
r0f0,0,train,881,D1_training-b_b0473
r0f0,0,train,883,D1_training-b_b0475
r0f0,0,train,885,D1_training-b_b0477
r0f0,0,train,887,D1_training-b_b0479
r0f0,0,train,888,D1_training-b_b0480
r0f0,0,train,890,D1_training-b_b0482
r0f0,0,train,892,D1_training-b_b0484
r0f0,0,train,894,D1_training-b_b0486
r0f0,0,train,895,D1_training-b_b0487
r0f0,0,train,896,D1_training-b_b0488
r0f0,0,train,897,D1_training-b_b0489
r0f0,0,train,901,D1_training-c_c0003
r0f0,0,train,902,D1_training-c_c0004
r0f0,0,train,904,D1_training-c_c0006
r0f0,0,train,906,D1_training-c_c0008
r0f0,0,train,907,D1_training-c_c0009
r0f0,0,train,908,D1_training-c_c0010
r0f0,0,train,909,D1_training-c_c0011
r0f0,0,train,911,D1_training-c_c0013
r0f0,0,train,915,D1_training-c_c0017
r0f0,0,train,916,D1_training-c_c0018
r0f0,0,train,918,D1_training-c_c0020
r0f0,0,train,919,D1_training-c_c0021
r0f0,0,train,920,D1_training-c_c0022
r0f0,0,train,924,D1_training-c_c0026
r0f0,0,train,925,D1_training-c_c0027
r0f0,0,train,926,D1_training-c_c0028
r0f0,0,train,927,D1_training-c_c0029
r0f0,0,train,928,D1_training-c_c0030
r0f0,0,train,931,D1_training-d_d0002
r0f0,0,train,933,D1_training-d_d0004
r0f0,0,train,934,D1_training-d_d0005
r0f0,0,train,935,D1_training-d_d0006
r0f0,0,train,938,D1_training-d_d0009
r0f0,0,train,940,D1_training-d_d0011
r0f0,0,train,942,D1_training-d_d0013
r0f0,0,train,943,D1_training-d_d0014
r0f0,0,train,945,D1_training-d_d0016
r0f0,0,train,950,D1_training-d_d0021
r0f0,0,train,954,D1_training-d_d0025
r0f0,0,train,955,D1_training-d_d0026
r0f0,0,train,956,D1_training-d_d0027
r0f0,0,train,957,D1_training-d_d0028
r0f0,0,train,959,D1_training-d_d0030
r0f0,0,train,962,D1_training-d_d0033
r0f0,0,train,968,D1_training-d_d0039
r0f0,0,train,969,D1_training-d_d0040
r0f0,0,train,970,D1_training-d_d0041
r0f0,0,train,971,D1_training-d_d0042
r0f0,0,train,974,D1_training-d_d0045
r0f0,0,train,978,D1_training-d_d0049
r0f0,0,train,979,D1_training-d_d0050
r0f0,0,train,980,D1_training-d_d0051
r0f0,0,train,982,D1_training-d_d0053
r0f0,0,train,983,D1_training-d_d0054
r0f0,0,train,984,D1_training-d_d0055
r0f0,0,train,990,D1_training-e_e00006
r0f0,0,train,992,D1_training-e_e00008
r0f0,0,train,993,D1_training-e_e00009
r0f0,0,train,994,D1_training-e_e00010
r0f0,0,train,997,D1_training-e_e00013
r0f0,0,train,998,D1_training-e_e00014
r0f0,0,train,999,D1_training-e_e00015
r0f0,0,train,1000,D1_training-e_e00016
r0f0,0,train,1001,D1_training-e_e00017
r0f0,0,train,1003,D1_training-e_e00019
r0f0,0,train,1004,D1_training-e_e00020
r0f0,0,train,1005,D1_training-e_e00021
r0f0,0,train,1014,D1_training-e_e00030
r0f0,0,train,1015,D1_training-e_e00031
r0f0,0,train,1018,D1_training-e_e00034
r0f0,0,train,1020,D1_training-e_e00036
r0f0,0,train,1021,D1_training-e_e00037
r0f0,0,train,1022,D1_training-e_e00038
r0f0,0,train,1023,D1_training-e_e00039
r0f0,0,train,1026,D1_training-e_e00042
r0f0,0,train,1027,D1_training-e_e00043
r0f0,0,train,1029,D1_training-e_e00045
r0f0,0,train,1030,D1_training-e_e00046
r0f0,0,train,1032,D1_training-e_e00048
r0f0,0,train,1037,D1_training-e_e00053
r0f0,0,train,1039,D1_training-e_e00055
r0f0,0,train,1040,D1_training-e_e00056
r0f0,0,train,1041,D1_training-e_e00057
r0f0,0,train,1042,D1_training-e_e00058
r0f0,0,train,1043,D1_training-e_e00059
r0f0,0,train,1047,D1_training-e_e00063
r0f0,0,train,1049,D1_training-e_e00065
r0f0,0,train,1052,D1_training-e_e00068
r0f0,0,train,1053,D1_training-e_e00069
r0f0,0,train,1055,D1_training-e_e00071
r0f0,0,train,1057,D1_training-e_e00073
r0f0,0,train,1059,D1_training-e_e00075
r0f0,0,train,1060,D1_training-e_e00076
r0f0,0,train,1061,D1_training-e_e00077
r0f0,0,train,1066,D1_training-e_e00082
r0f0,0,train,1067,D1_training-e_e00083
r0f0,0,train,1069,D1_training-e_e00085
r0f0,0,train,1070,D1_training-e_e00086
r0f0,0,train,1075,D1_training-e_e00091
r0f0,0,train,1076,D1_training-e_e00092
r0f0,0,train,1078,D1_training-e_e00094
r0f0,0,train,1079,D1_training-e_e00095
r0f0,0,train,1080,D1_training-e_e00096
r0f0,0,train,1082,D1_training-e_e00098
r0f0,0,train,1083,D1_training-e_e00099
r0f0,0,train,1084,D1_training-e_e00100
r0f0,0,train,1085,D1_training-e_e00101
r0f0,0,train,1087,D1_training-e_e00103
r0f0,0,train,1088,D1_training-e_e00104
r0f0,0,train,1089,D1_training-e_e00105
r0f0,0,train,1093,D1_training-e_e00109
r0f0,0,train,1094,D1_training-e_e00110
r0f0,0,train,1096,D1_training-e_e00112
r0f0,0,train,1097,D1_training-e_e00113
r0f0,0,train,1098,D1_training-e_e00114
r0f0,0,train,1099,D1_training-e_e00115
r0f0,0,train,1100,D1_training-e_e00116
r0f0,0,train,1102,D1_training-e_e00118
r0f0,0,train,1104,D1_training-e_e00120
r0f0,0,train,1106,D1_training-e_e00122
r0f0,0,train,1107,D1_training-e_e00123
r0f0,0,train,1109,D1_training-e_e00125
r0f0,0,train,1113,D1_training-e_e00129
r0f0,0,train,1114,D1_training-e_e00130
r0f0,0,train,1116,D1_training-e_e00132
r0f0,0,train,1117,D1_training-e_e00133
r0f0,0,train,1118,D1_training-e_e00134
r0f0,0,train,1120,D1_training-e_e00136
r0f0,0,train,1122,D1_training-e_e00138
r0f0,0,train,1125,D1_training-e_e00141
r0f0,0,train,1129,D1_training-e_e00145
r0f0,0,train,1130,D1_training-e_e00146
r0f0,0,train,1131,D1_training-e_e00147
r0f0,0,train,1132,D1_training-e_e00148
r0f0,0,train,1133,D1_training-e_e00149
r0f0,0,train,1135,D1_training-e_e00151
r0f0,0,train,1139,D1_training-e_e00155
r0f0,0,train,1141,D1_training-e_e00157
r0f0,0,train,1143,D1_training-e_e00159
r0f0,0,train,1145,D1_training-e_e00161
r0f0,0,train,1147,D1_training-e_e00163
r0f0,0,train,1148,D1_training-e_e00164
r0f0,0,train,1149,D1_training-e_e00165
r0f0,0,train,1150,D1_training-e_e00166
r0f0,0,train,1153,D1_training-e_e00169
r0f0,0,train,1154,D1_training-e_e00170
r0f0,0,train,1155,D1_training-e_e00171
r0f0,0,train,1156,D1_training-e_e00172
r0f0,0,train,1157,D1_training-e_e00173
r0f0,0,train,1158,D1_training-e_e00174
r0f0,0,train,1162,D1_training-e_e00178
r0f0,0,train,1165,D1_training-e_e00181
r0f0,0,train,1168,D1_training-e_e00184
r0f0,0,train,1170,D1_training-e_e00186
r0f0,0,train,1172,D1_training-e_e00188
r0f0,0,train,1173,D1_training-e_e00189
r0f0,0,train,1174,D1_training-e_e00190
r0f0,0,train,1175,D1_training-e_e00191
r0f0,0,train,1179,D1_training-e_e00195
r0f0,0,train,1181,D1_training-e_e00197
r0f0,0,train,1183,D1_training-e_e00199
r0f0,0,train,1184,D1_training-e_e00200
r0f0,0,train,1185,D1_training-e_e00201
r0f0,0,train,1186,D1_training-e_e00202
r0f0,0,train,1187,D1_training-e_e00203
r0f0,0,train,1188,D1_training-e_e00204
r0f0,0,train,1189,D1_training-e_e00205
r0f0,0,train,1190,D1_training-e_e00206
r0f0,0,train,1193,D1_training-e_e00209
r0f0,0,train,1194,D1_training-e_e00210
r0f0,0,train,1195,D1_training-e_e00211
r0f0,0,train,1199,D1_training-e_e00215
r0f0,0,train,1204,D1_training-e_e00220
r0f0,0,train,1205,D1_training-e_e00221
r0f0,0,train,1207,D1_training-e_e00223
r0f0,0,train,1208,D1_training-e_e00224
r0f0,0,train,1211,D1_training-e_e00227
r0f0,0,train,1212,D1_training-e_e00228
r0f0,0,train,1214,D1_training-e_e00230
r0f0,0,train,1215,D1_training-e_e00231
r0f0,0,train,1217,D1_training-e_e00233
r0f0,0,train,1219,D1_training-e_e00235
r0f0,0,train,1220,D1_training-e_e00236
r0f0,0,train,1223,D1_training-e_e00239
r0f0,0,train,1225,D1_training-e_e00241
r0f0,0,train,1226,D1_training-e_e00242
r0f0,0,train,1227,D1_training-e_e00243
r0f0,0,train,1228,D1_training-e_e00244
r0f0,0,train,1229,D1_training-e_e00245
r0f0,0,train,1230,D1_training-e_e00246
r0f0,0,train,1231,D1_training-e_e00247
r0f0,0,train,1234,D1_training-e_e00250
r0f0,0,train,1236,D1_training-e_e00252
r0f0,0,train,1237,D1_training-e_e00253
r0f0,0,train,1240,D1_training-e_e00256
r0f0,0,train,1242,D1_training-e_e00258
r0f0,0,train,1244,D1_training-e_e00260
r0f0,0,train,1245,D1_training-e_e00261
r0f0,0,train,1248,D1_training-e_e00264
r0f0,0,train,1250,D1_training-e_e00266
r0f0,0,train,1251,D1_training-e_e00267
r0f0,0,train,1255,D1_training-e_e00271
r0f0,0,train,1256,D1_training-e_e00272
r0f0,0,train,1259,D1_training-e_e00275
r0f0,0,train,1260,D1_training-e_e00276
r0f0,0,train,1264,D1_training-e_e00280
r0f0,0,train,1266,D1_training-e_e00282
r0f0,0,train,1267,D1_training-e_e00283
r0f0,0,train,1269,D1_training-e_e00285
r0f0,0,train,1270,D1_training-e_e00286
r0f0,0,train,1271,D1_training-e_e00287
r0f0,0,train,1272,D1_training-e_e00288
r0f0,0,train,1279,D1_training-e_e00295
r0f0,0,train,1280,D1_training-e_e00296
r0f0,0,train,1281,D1_training-e_e00297
r0f0,0,train,1283,D1_training-e_e00299
r0f0,0,train,1284,D1_training-e_e00300
r0f0,0,train,1285,D1_training-e_e00301
r0f0,0,train,1286,D1_training-e_e00302
r0f0,0,train,1288,D1_training-e_e00304
r0f0,0,train,1295,D1_training-e_e00311
r0f0,0,train,1296,D1_training-e_e00312
r0f0,0,train,1299,D1_training-e_e00315
r0f0,0,train,1301,D1_training-e_e00317
r0f0,0,train,1302,D1_training-e_e00318
r0f0,0,train,1304,D1_training-e_e00320
r0f0,0,train,1306,D1_training-e_e00322
r0f0,0,train,1307,D1_training-e_e00323
r0f0,0,train,1308,D1_training-e_e00324
r0f0,0,train,1312,D1_training-e_e00328
r0f0,0,train,1315,D1_training-e_e00331
r0f0,0,train,1318,D1_training-e_e00334
r0f0,0,train,1320,D1_training-e_e00336
r0f0,0,train,1322,D1_training-e_e00338
r0f0,0,train,1323,D1_training-e_e00339
r0f0,0,train,1324,D1_training-e_e00340
r0f0,0,train,1325,D1_training-e_e00341
r0f0,0,train,1328,D1_training-e_e00344
r0f0,0,train,1330,D1_training-e_e00346
r0f0,0,train,1331,D1_training-e_e00347
r0f0,0,train,1333,D1_training-e_e00349
r0f0,0,train,1334,D1_training-e_e00350
r0f0,0,train,1336,D1_training-e_e00352
r0f0,0,train,1337,D1_training-e_e00353
r0f0,0,train,1338,D1_training-e_e00354
r0f0,0,train,1340,D1_training-e_e00356
r0f0,0,train,1341,D1_training-e_e00357
r0f0,0,train,1343,D1_training-e_e00359
r0f0,0,train,1344,D1_training-e_e00360
r0f0,0,train,1346,D1_training-e_e00362
r0f0,0,train,1347,D1_training-e_e00363
r0f0,0,train,1348,D1_training-e_e00364
r0f0,0,train,1349,D1_training-e_e00365
r0f0,0,train,1350,D1_training-e_e00366
r0f0,0,train,1351,D1_training-e_e00367
r0f0,0,train,1352,D1_training-e_e00368
r0f0,0,train,1353,D1_training-e_e00369
r0f0,0,train,1354,D1_training-e_e00370
r0f0,0,train,1356,D1_training-e_e00372
r0f0,0,train,1359,D1_training-e_e00375
r0f0,0,train,1361,D1_training-e_e00377
r0f0,0,train,1362,D1_training-e_e00378
r0f0,0,train,1363,D1_training-e_e00379
r0f0,0,train,1365,D1_training-e_e00381
r0f0,0,train,1366,D1_training-e_e00382
r0f0,0,train,1369,D1_training-e_e00385
r0f0,0,train,1372,D1_training-e_e00388
r0f0,0,train,1377,D1_training-e_e00393
r0f0,0,train,1379,D1_training-e_e00395
r0f0,0,train,1381,D1_training-e_e00397
r0f0,0,train,1383,D1_training-e_e00399
r0f0,0,train,1385,D1_training-e_e00401
r0f0,0,train,1387,D1_training-e_e00403
r0f0,0,train,1388,D1_training-e_e00404
r0f0,0,train,1390,D1_training-e_e00406
r0f0,0,train,1392,D1_training-e_e00408
r0f0,0,train,1395,D1_training-e_e00411
r0f0,0,train,1397,D1_training-e_e00413
r0f0,0,train,1398,D1_training-e_e00414
r0f0,0,train,1399,D1_training-e_e00415
r0f0,0,train,1401,D1_training-e_e00417
r0f0,0,train,1403,D1_training-e_e00419
r0f0,0,train,1406,D1_training-e_e00422
r0f0,0,train,1408,D1_training-e_e00424
r0f0,0,train,1409,D1_training-e_e00425
r0f0,0,train,1410,D1_training-e_e00426
r0f0,0,train,1412,D1_training-e_e00428
r0f0,0,train,1413,D1_training-e_e00429
r0f0,0,train,1414,D1_training-e_e00430
r0f0,0,train,1416,D1_training-e_e00432
r0f0,0,train,1417,D1_training-e_e00433
r0f0,0,train,1420,D1_training-e_e00436
r0f0,0,train,1423,D1_training-e_e00439
r0f0,0,train,1425,D1_training-e_e00441
r0f0,0,train,1426,D1_training-e_e00442
r0f0,0,train,1427,D1_training-e_e00443
r0f0,0,train,1430,D1_training-e_e00446
r0f0,0,train,1431,D1_training-e_e00447
r0f0,0,train,1432,D1_training-e_e00448
r0f0,0,train,1435,D1_training-e_e00451
r0f0,0,train,1436,D1_training-e_e00452
r0f0,0,train,1438,D1_training-e_e00454
r0f0,0,train,1440,D1_training-e_e00456
r0f0,0,train,1441,D1_training-e_e00457
r0f0,0,train,1442,D1_training-e_e00458
r0f0,0,train,1443,D1_training-e_e00459
r0f0,0,train,1445,D1_training-e_e00461
r0f0,0,train,1446,D1_training-e_e00462
r0f0,0,train,1447,D1_training-e_e00463
r0f0,0,train,1451,D1_training-e_e00467
r0f0,0,train,1453,D1_training-e_e00469
r0f0,0,train,1455,D1_training-e_e00471
r0f0,0,train,1457,D1_training-e_e00473
r0f0,0,train,1459,D1_training-e_e00475
r0f0,0,train,1462,D1_training-e_e00478
r0f0,0,train,1464,D1_training-e_e00480
r0f0,0,train,1465,D1_training-e_e00481
r0f0,0,train,1466,D1_training-e_e00482
r0f0,0,train,1467,D1_training-e_e00483
r0f0,0,train,1470,D1_training-e_e00486
r0f0,0,train,1471,D1_training-e_e00487
r0f0,0,train,1472,D1_training-e_e00488
r0f0,0,train,1473,D1_training-e_e00489
r0f0,0,train,1474,D1_training-e_e00490
r0f0,0,train,1475,D1_training-e_e00491
r0f0,0,train,1477,D1_training-e_e00493
r0f0,0,train,1481,D1_training-e_e00497
r0f0,0,train,1482,D1_training-e_e00498
r0f0,0,train,1484,D1_training-e_e00500
r0f0,0,train,1485,D1_training-e_e00501
r0f0,0,train,1488,D1_training-e_e00504
r0f0,0,train,1489,D1_training-e_e00505
r0f0,0,train,1492,D1_training-e_e00508
r0f0,0,train,1493,D1_training-e_e00509
r0f0,0,train,1495,D1_training-e_e00511
r0f0,0,train,1496,D1_training-e_e00512
r0f0,0,train,1497,D1_training-e_e00513
r0f0,0,train,1498,D1_training-e_e00514
r0f0,0,train,1499,D1_training-e_e00515
r0f0,0,train,1500,D1_training-e_e00516
r0f0,0,train,1502,D1_training-e_e00518
r0f0,0,train,1504,D1_training-e_e00520
r0f0,0,train,1507,D1_training-e_e00523
r0f0,0,train,1510,D1_training-e_e00526
r0f0,0,train,1513,D1_training-e_e00529
r0f0,0,train,1514,D1_training-e_e00530
r0f0,0,train,1517,D1_training-e_e00533
r0f0,0,train,1518,D1_training-e_e00534
r0f0,0,train,1519,D1_training-e_e00535
r0f0,0,train,1522,D1_training-e_e00538
r0f0,0,train,1523,D1_training-e_e00539
r0f0,0,train,1524,D1_training-e_e00540
r0f0,0,train,1525,D1_training-e_e00541
r0f0,0,train,1529,D1_training-e_e00545
r0f0,0,train,1530,D1_training-e_e00546
r0f0,0,train,1531,D1_training-e_e00547
r0f0,0,train,1532,D1_training-e_e00548
r0f0,0,train,1534,D1_training-e_e00550
r0f0,0,train,1538,D1_training-e_e00554
r0f0,0,train,1540,D1_training-e_e00556
r0f0,0,train,1541,D1_training-e_e00557
r0f0,0,train,1542,D1_training-e_e00558
r0f0,0,train,1543,D1_training-e_e00559
r0f0,0,train,1544,D1_training-e_e00560
r0f0,0,train,1546,D1_training-e_e00562
r0f0,0,train,1547,D1_training-e_e00563
r0f0,0,train,1548,D1_training-e_e00564
r0f0,0,train,1549,D1_training-e_e00565
r0f0,0,train,1550,D1_training-e_e00566
r0f0,0,train,1553,D1_training-e_e00569
r0f0,0,train,1560,D1_training-e_e00576
r0f0,0,train,1562,D1_training-e_e00578
r0f0,0,train,1565,D1_training-e_e00581
r0f0,0,train,1566,D1_training-e_e00582
r0f0,0,train,1571,D1_training-e_e00587
r0f0,0,train,1572,D1_training-e_e00588
r0f0,0,train,1573,D1_training-e_e00589
r0f0,0,train,1574,D1_training-e_e00590
r0f0,0,train,1575,D1_training-e_e00591
r0f0,0,train,1577,D1_training-e_e00593
r0f0,0,train,1578,D1_training-e_e00594
r0f0,0,train,1582,D1_training-e_e00598
r0f0,0,train,1583,D1_training-e_e00599
r0f0,0,train,1585,D1_training-e_e00601
r0f0,0,train,1586,D1_training-e_e00602
r0f0,0,train,1587,D1_training-e_e00603
r0f0,0,train,1588,D1_training-e_e00604
r0f0,0,train,1589,D1_training-e_e00605
r0f0,0,train,1592,D1_training-e_e00608
r0f0,0,train,1593,D1_training-e_e00609
r0f0,0,train,1594,D1_training-e_e00610
r0f0,0,train,1595,D1_training-e_e00611
r0f0,0,train,1596,D1_training-e_e00612
r0f0,0,train,1597,D1_training-e_e00613
r0f0,0,train,1598,D1_training-e_e00614
r0f0,0,train,1599,D1_training-e_e00615
r0f0,0,train,1601,D1_training-e_e00617
r0f0,0,train,1603,D1_training-e_e00619
r0f0,0,train,1604,D1_training-e_e00620
r0f0,0,train,1605,D1_training-e_e00621
r0f0,0,train,1608,D1_training-e_e00624
r0f0,0,train,1613,D1_training-e_e00629
r0f0,0,train,1614,D1_training-e_e00630
r0f0,0,train,1618,D1_training-e_e00634
r0f0,0,train,1619,D1_training-e_e00635
r0f0,0,train,1621,D1_training-e_e00637
r0f0,0,train,1624,D1_training-e_e00640
r0f0,0,train,1627,D1_training-e_e00643
r0f0,0,train,1629,D1_training-e_e00645
r0f0,0,train,1632,D1_training-e_e00648
r0f0,0,train,1635,D1_training-e_e00651
r0f0,0,train,1636,D1_training-e_e00652
r0f0,0,train,1637,D1_training-e_e00653
r0f0,0,train,1638,D1_training-e_e00654
r0f0,0,train,1640,D1_training-e_e00656
r0f0,0,train,1641,D1_training-e_e00657
r0f0,0,train,1643,D1_training-e_e00659
r0f0,0,train,1644,D1_training-e_e00660
r0f0,0,train,1645,D1_training-e_e00661
r0f0,0,train,1646,D1_training-e_e00662
r0f0,0,train,1649,D1_training-e_e00665
r0f0,0,train,1651,D1_training-e_e00667
r0f0,0,train,1652,D1_training-e_e00668
r0f0,0,train,1653,D1_training-e_e00669
r0f0,0,train,1656,D1_training-e_e00672
r0f0,0,train,1657,D1_training-e_e00673
r0f0,0,train,1658,D1_training-e_e00674
r0f0,0,train,1660,D1_training-e_e00676
r0f0,0,train,1664,D1_training-e_e00680
r0f0,0,train,1666,D1_training-e_e00682
r0f0,0,train,1667,D1_training-e_e00683
r0f0,0,train,1668,D1_training-e_e00684
r0f0,0,train,1669,D1_training-e_e00685
r0f0,0,train,1670,D1_training-e_e00686
r0f0,0,train,1671,D1_training-e_e00687
r0f0,0,train,1673,D1_training-e_e00689
r0f0,0,train,1674,D1_training-e_e00690
r0f0,0,train,1675,D1_training-e_e00691
r0f0,0,train,1676,D1_training-e_e00692
r0f0,0,train,1680,D1_training-e_e00696
r0f0,0,train,1681,D1_training-e_e00697
r0f0,0,train,1682,D1_training-e_e00698
r0f0,0,train,1683,D1_training-e_e00699
r0f0,0,train,1684,D1_training-e_e00700
r0f0,0,train,1692,D1_training-e_e00708
r0f0,0,train,1694,D1_training-e_e00710
r0f0,0,train,1695,D1_training-e_e00711
r0f0,0,train,1696,D1_training-e_e00712
r0f0,0,train,1699,D1_training-e_e00715
r0f0,0,train,1700,D1_training-e_e00716
r0f0,0,train,1702,D1_training-e_e00718
r0f0,0,train,1704,D1_training-e_e00720
r0f0,0,train,1706,D1_training-e_e00722
r0f0,0,train,1707,D1_training-e_e00723
r0f0,0,train,1708,D1_training-e_e00724
r0f0,0,train,1709,D1_training-e_e00725
r0f0,0,train,1712,D1_training-e_e00728
r0f0,0,train,1713,D1_training-e_e00729
r0f0,0,train,1715,D1_training-e_e00731
r0f0,0,train,1716,D1_training-e_e00732
r0f0,0,train,1718,D1_training-e_e00734
r0f0,0,train,1723,D1_training-e_e00739
r0f0,0,train,1724,D1_training-e_e00740
r0f0,0,train,1728,D1_training-e_e00744
r0f0,0,train,1729,D1_training-e_e00745
r0f0,0,train,1730,D1_training-e_e00746
r0f0,0,train,1733,D1_training-e_e00749
r0f0,0,train,1734,D1_training-e_e00750
r0f0,0,train,1735,D1_training-e_e00751
r0f0,0,train,1736,D1_training-e_e00752
r0f0,0,train,1737,D1_training-e_e00753
r0f0,0,train,1740,D1_training-e_e00756
r0f0,0,train,1741,D1_training-e_e00757
r0f0,0,train,1746,D1_training-e_e00762
r0f0,0,train,1750,D1_training-e_e00766
r0f0,0,train,1751,D1_training-e_e00767
r0f0,0,train,1754,D1_training-e_e00770
r0f0,0,train,1759,D1_training-e_e00775
r0f0,0,train,1762,D1_training-e_e00778
r0f0,0,train,1764,D1_training-e_e00780
r0f0,0,train,1765,D1_training-e_e00781
r0f0,0,train,1767,D1_training-e_e00783
r0f0,0,train,1769,D1_training-e_e00785
r0f0,0,train,1770,D1_training-e_e00786
r0f0,0,train,1771,D1_training-e_e00787
r0f0,0,train,1774,D1_training-e_e00790
r0f0,0,train,1775,D1_training-e_e00791
r0f0,0,train,1777,D1_training-e_e00793
r0f0,0,train,1778,D1_training-e_e00794
r0f0,0,train,1781,D1_training-e_e00797
r0f0,0,train,1782,D1_training-e_e00798
r0f0,0,train,1788,D1_training-e_e00804
r0f0,0,train,1789,D1_training-e_e00805
r0f0,0,train,1790,D1_training-e_e00806
r0f0,0,train,1791,D1_training-e_e00807
r0f0,0,train,1792,D1_training-e_e00808
r0f0,0,train,1793,D1_training-e_e00809
r0f0,0,train,1796,D1_training-e_e00812
r0f0,0,train,1797,D1_training-e_e00813
r0f0,0,train,1799,D1_training-e_e00815
r0f0,0,train,1801,D1_training-e_e00817
r0f0,0,train,1803,D1_training-e_e00819
r0f0,0,train,1807,D1_training-e_e00823
r0f0,0,train,1809,D1_training-e_e00825
r0f0,0,train,1810,D1_training-e_e00826
r0f0,0,train,1814,D1_training-e_e00830
r0f0,0,train,1815,D1_training-e_e00831
r0f0,0,train,1816,D1_training-e_e00832
r0f0,0,train,1818,D1_training-e_e00834
r0f0,0,train,1819,D1_training-e_e00835
r0f0,0,train,1820,D1_training-e_e00836
r0f0,0,train,1822,D1_training-e_e00838
r0f0,0,train,1823,D1_training-e_e00839
r0f0,0,train,1824,D1_training-e_e00840
r0f0,0,train,1825,D1_training-e_e00841
r0f0,0,train,1826,D1_training-e_e00842
r0f0,0,train,1829,D1_training-e_e00845
r0f0,0,train,1831,D1_training-e_e00847
r0f0,0,train,1832,D1_training-e_e00848
r0f0,0,train,1834,D1_training-e_e00850
r0f0,0,train,1835,D1_training-e_e00851
r0f0,0,train,1836,D1_training-e_e00852
r0f0,0,train,1838,D1_training-e_e00854
r0f0,0,train,1839,D1_training-e_e00855
r0f0,0,train,1844,D1_training-e_e00860
r0f0,0,train,1846,D1_training-e_e00862
r0f0,0,train,1847,D1_training-e_e00863
r0f0,0,train,1848,D1_training-e_e00864
r0f0,0,train,1850,D1_training-e_e00866
r0f0,0,train,1852,D1_training-e_e00868
r0f0,0,train,1854,D1_training-e_e00870
r0f0,0,train,1855,D1_training-e_e00871
r0f0,0,train,1857,D1_training-e_e00873
r0f0,0,train,1860,D1_training-e_e00876
r0f0,0,train,1861,D1_training-e_e00877
r0f0,0,train,1862,D1_training-e_e00878
r0f0,0,train,1863,D1_training-e_e00879
r0f0,0,train,1864,D1_training-e_e00880
r0f0,0,train,1865,D1_training-e_e00881
r0f0,0,train,1867,D1_training-e_e00883
r0f0,0,train,1868,D1_training-e_e00884
r0f0,0,train,1869,D1_training-e_e00885
r0f0,0,train,1870,D1_training-e_e00886
r0f0,0,train,1871,D1_training-e_e00887
r0f0,0,train,1872,D1_training-e_e00888
r0f0,0,train,1876,D1_training-e_e00892
r0f0,0,train,1879,D1_training-e_e00895
r0f0,0,train,1887,D1_training-e_e00903
r0f0,0,train,1889,D1_training-e_e00905
r0f0,0,train,1891,D1_training-e_e00907
r0f0,0,train,1892,D1_training-e_e00908
r0f0,0,train,1894,D1_training-e_e00910
r0f0,0,train,1896,D1_training-e_e00912
r0f0,0,train,1898,D1_training-e_e00914
r0f0,0,train,1899,D1_training-e_e00915
r0f0,0,train,1902,D1_training-e_e00918
r0f0,0,train,1903,D1_training-e_e00919
r0f0,0,train,1904,D1_training-e_e00920
r0f0,0,train,1905,D1_training-e_e00921
r0f0,0,train,1906,D1_training-e_e00922
r0f0,0,train,1907,D1_training-e_e00923
r0f0,0,train,1908,D1_training-e_e00924
r0f0,0,train,1909,D1_training-e_e00925
r0f0,0,train,1912,D1_training-e_e00928
r0f0,0,train,1913,D1_training-e_e00929
r0f0,0,train,1916,D1_training-e_e00932
r0f0,0,train,1919,D1_training-e_e00935
r0f0,0,train,1920,D1_training-e_e00936
r0f0,0,train,1921,D1_training-e_e00937
r0f0,0,train,1922,D1_training-e_e00938
r0f0,0,train,1923,D1_training-e_e00939
r0f0,0,train,1928,D1_training-e_e00944
r0f0,0,train,1929,D1_training-e_e00945
r0f0,0,train,1930,D1_training-e_e00946
r0f0,0,train,1932,D1_training-e_e00948
r0f0,0,train,1933,D1_training-e_e00949
r0f0,0,train,1934,D1_training-e_e00950
r0f0,0,train,1935,D1_training-e_e00951
r0f0,0,train,1938,D1_training-e_e00954
r0f0,0,train,1939,D1_training-e_e00955
r0f0,0,train,1940,D1_training-e_e00956
r0f0,0,train,1941,D1_training-e_e00957
r0f0,0,train,1942,D1_training-e_e00958
r0f0,0,train,1944,D1_training-e_e00960
r0f0,0,train,1946,D1_training-e_e00962
r0f0,0,train,1947,D1_training-e_e00963
r0f0,0,train,1948,D1_training-e_e00964
r0f0,0,train,1949,D1_training-e_e00965
r0f0,0,train,1952,D1_training-e_e00968
r0f0,0,train,1953,D1_training-e_e00969
r0f0,0,train,1955,D1_training-e_e00971
r0f0,0,train,1956,D1_training-e_e00972
r0f0,0,train,1957,D1_training-e_e00973
r0f0,0,train,1961,D1_training-e_e00977
r0f0,0,train,1963,D1_training-e_e00979
r0f0,0,train,1965,D1_training-e_e00981
r0f0,0,train,1971,D1_training-e_e00987
r0f0,0,train,1972,D1_training-e_e00988
r0f0,0,train,1974,D1_training-e_e00990
r0f0,0,train,1975,D1_training-e_e00991
r0f0,0,train,1976,D1_training-e_e00992
r0f0,0,train,1977,D1_training-e_e00993
r0f0,0,train,1978,D1_training-e_e00994
r0f0,0,train,1979,D1_training-e_e00995
r0f0,0,train,1980,D1_training-e_e00996
r0f0,0,train,1981,D1_training-e_e00997
r0f0,0,train,1982,D1_training-e_e00998
r0f0,0,train,1983,D1_training-e_e00999
r0f0,0,train,1985,D1_training-e_e01001
r0f0,0,train,1986,D1_training-e_e01002
r0f0,0,train,1987,D1_training-e_e01003
r0f0,0,train,1988,D1_training-e_e01004
r0f0,0,train,1996,D1_training-e_e01012
r0f0,0,train,1998,D1_training-e_e01014
r0f0,0,train,2000,D1_training-e_e01016
r0f0,0,train,2001,D1_training-e_e01017
r0f0,0,train,2002,D1_training-e_e01018
r0f0,0,train,2003,D1_training-e_e01019
r0f0,0,train,2004,D1_training-e_e01020
r0f0,0,train,2006,D1_training-e_e01022
r0f0,0,train,2009,D1_training-e_e01025
r0f0,0,train,2010,D1_training-e_e01026
r0f0,0,train,2012,D1_training-e_e01028
r0f0,0,train,2014,D1_training-e_e01030
r0f0,0,train,2016,D1_training-e_e01032
r0f0,0,train,2017,D1_training-e_e01033
r0f0,0,train,2018,D1_training-e_e01034
r0f0,0,train,2020,D1_training-e_e01036
r0f0,0,train,2021,D1_training-e_e01037
r0f0,0,train,2023,D1_training-e_e01039
r0f0,0,train,2024,D1_training-e_e01040
r0f0,0,train,2025,D1_training-e_e01041
r0f0,0,train,2030,D1_training-e_e01046
r0f0,0,train,2032,D1_training-e_e01048
r0f0,0,train,2033,D1_training-e_e01049
r0f0,0,train,2034,D1_training-e_e01050
r0f0,0,train,2035,D1_training-e_e01051
r0f0,0,train,2036,D1_training-e_e01052
r0f0,0,train,2037,D1_training-e_e01053
r0f0,0,train,2039,D1_training-e_e01055
r0f0,0,train,2041,D1_training-e_e01057
r0f0,0,train,2042,D1_training-e_e01058
r0f0,0,train,2043,D1_training-e_e01059
r0f0,0,train,2046,D1_training-e_e01062
r0f0,0,train,2047,D1_training-e_e01063
r0f0,0,train,2050,D1_training-e_e01066
r0f0,0,train,2051,D1_training-e_e01067
r0f0,0,train,2052,D1_training-e_e01068
r0f0,0,train,2054,D1_training-e_e01070
r0f0,0,train,2055,D1_training-e_e01071
r0f0,0,train,2056,D1_training-e_e01072
r0f0,0,train,2060,D1_training-e_e01076
r0f0,0,train,2062,D1_training-e_e01078
r0f0,0,train,2063,D1_training-e_e01079
r0f0,0,train,2064,D1_training-e_e01080
r0f0,0,train,2065,D1_training-e_e01081
r0f0,0,train,2066,D1_training-e_e01082
r0f0,0,train,2067,D1_training-e_e01083
r0f0,0,train,2068,D1_training-e_e01084
r0f0,0,train,2069,D1_training-e_e01085
r0f0,0,train,2070,D1_training-e_e01086
r0f0,0,train,2071,D1_training-e_e01087
r0f0,0,train,2072,D1_training-e_e01088
r0f0,0,train,2073,D1_training-e_e01089
r0f0,0,train,2075,D1_training-e_e01091
r0f0,0,train,2076,D1_training-e_e01092
r0f0,0,train,2077,D1_training-e_e01093
r0f0,0,train,2078,D1_training-e_e01094
r0f0,0,train,2079,D1_training-e_e01095
r0f0,0,train,2081,D1_training-e_e01097
r0f0,0,train,2082,D1_training-e_e01098
r0f0,0,train,2083,D1_training-e_e01099
r0f0,0,train,2085,D1_training-e_e01101
r0f0,0,train,2087,D1_training-e_e01103
r0f0,0,train,2089,D1_training-e_e01105
r0f0,0,train,2091,D1_training-e_e01107
r0f0,0,train,2092,D1_training-e_e01108
r0f0,0,train,2094,D1_training-e_e01110
r0f0,0,train,2098,D1_training-e_e01114
r0f0,0,train,2100,D1_training-e_e01116
r0f0,0,train,2101,D1_training-e_e01117
r0f0,0,train,2102,D1_training-e_e01118
r0f0,0,train,2106,D1_training-e_e01122
r0f0,0,train,2107,D1_training-e_e01123
r0f0,0,train,2109,D1_training-e_e01125
r0f0,0,train,2111,D1_training-e_e01127
r0f0,0,train,2112,D1_training-e_e01128
r0f0,0,train,2113,D1_training-e_e01129
r0f0,0,train,2121,D1_training-e_e01137
r0f0,0,train,2122,D1_training-e_e01138
r0f0,0,train,2124,D1_training-e_e01140
r0f0,0,train,2125,D1_training-e_e01141
r0f0,0,train,2126,D1_training-e_e01142
r0f0,0,train,2127,D1_training-e_e01143
r0f0,0,train,2130,D1_training-e_e01146
r0f0,0,train,2131,D1_training-e_e01147
r0f0,0,train,2132,D1_training-e_e01148
r0f0,0,train,2133,D1_training-e_e01149
r0f0,0,train,2135,D1_training-e_e01151
r0f0,0,train,2140,D1_training-e_e01156
r0f0,0,train,2141,D1_training-e_e01157
r0f0,0,train,2144,D1_training-e_e01160
r0f0,0,train,2145,D1_training-e_e01161
r0f0,0,train,2146,D1_training-e_e01162
r0f0,0,train,2148,D1_training-e_e01164
r0f0,0,train,2149,D1_training-e_e01165
r0f0,0,train,2151,D1_training-e_e01167
r0f0,0,train,2152,D1_training-e_e01168
r0f0,0,train,2155,D1_training-e_e01171
r0f0,0,train,2159,D1_training-e_e01175
r0f0,0,train,2160,D1_training-e_e01176
r0f0,0,train,2161,D1_training-e_e01177
r0f0,0,train,2162,D1_training-e_e01178
r0f0,0,train,2165,D1_training-e_e01181
r0f0,0,train,2167,D1_training-e_e01183
r0f0,0,train,2168,D1_training-e_e01184
r0f0,0,train,2169,D1_training-e_e01185
r0f0,0,train,2173,D1_training-e_e01189
r0f0,0,train,2174,D1_training-e_e01190
r0f0,0,train,2177,D1_training-e_e01193
r0f0,0,train,2178,D1_training-e_e01194
r0f0,0,train,2180,D1_training-e_e01196
r0f0,0,train,2181,D1_training-e_e01197
r0f0,0,train,2182,D1_training-e_e01198
r0f0,0,train,2186,D1_training-e_e01202
r0f0,0,train,2189,D1_training-e_e01205
r0f0,0,train,2191,D1_training-e_e01207
r0f0,0,train,2193,D1_training-e_e01209
r0f0,0,train,2195,D1_training-e_e01211
r0f0,0,train,2196,D1_training-e_e01212
r0f0,0,train,2198,D1_training-e_e01214
r0f0,0,train,2199,D1_training-e_e01215
r0f0,0,train,2200,D1_training-e_e01216
r0f0,0,train,2202,D1_training-e_e01218
r0f0,0,train,2206,D1_training-e_e01222
r0f0,0,train,2208,D1_training-e_e01224
r0f0,0,train,2210,D1_training-e_e01226
r0f0,0,train,2211,D1_training-e_e01227
r0f0,0,train,2213,D1_training-e_e01229
r0f0,0,train,2214,D1_training-e_e01230
r0f0,0,train,2215,D1_training-e_e01231
r0f0,0,train,2216,D1_training-e_e01232
r0f0,0,train,2217,D1_training-e_e01233
r0f0,0,train,2218,D1_training-e_e01234
r0f0,0,train,2221,D1_training-e_e01237
r0f0,0,train,2222,D1_training-e_e01238
r0f0,0,train,2223,D1_training-e_e01239
r0f0,0,train,2226,D1_training-e_e01242
r0f0,0,train,2227,D1_training-e_e01243
r0f0,0,train,2228,D1_training-e_e01244
r0f0,0,train,2234,D1_training-e_e01250
r0f0,0,train,2236,D1_training-e_e01252
r0f0,0,train,2237,D1_training-e_e01253
r0f0,0,train,2238,D1_training-e_e01254
r0f0,0,train,2241,D1_training-e_e01257
r0f0,0,train,2242,D1_training-e_e01258
r0f0,0,train,2246,D1_training-e_e01262
r0f0,0,train,2247,D1_training-e_e01263
r0f0,0,train,2248,D1_training-e_e01264
r0f0,0,train,2249,D1_training-e_e01265
r0f0,0,train,2250,D1_training-e_e01266
r0f0,0,train,2253,D1_training-e_e01269
r0f0,0,train,2254,D1_training-e_e01270
r0f0,0,train,2255,D1_training-e_e01271
r0f0,0,train,2257,D1_training-e_e01273
r0f0,0,train,2258,D1_training-e_e01274
r0f0,0,train,2259,D1_training-e_e01275
r0f0,0,train,2261,D1_training-e_e01277
r0f0,0,train,2262,D1_training-e_e01278
r0f0,0,train,2265,D1_training-e_e01281
r0f0,0,train,2266,D1_training-e_e01282
r0f0,0,train,2269,D1_training-e_e01285
r0f0,0,train,2273,D1_training-e_e01289
r0f0,0,train,2276,D1_training-e_e01292
r0f0,0,train,2278,D1_training-e_e01294
r0f0,0,train,2279,D1_training-e_e01295
r0f0,0,train,2281,D1_training-e_e01297
r0f0,0,train,2282,D1_training-e_e01298
r0f0,0,train,2285,D1_training-e_e01301
r0f0,0,train,2287,D1_training-e_e01303
r0f0,0,train,2288,D1_training-e_e01304
r0f0,0,train,2294,D1_training-e_e01310
r0f0,0,train,2295,D1_training-e_e01311
r0f0,0,train,2296,D1_training-e_e01312
r0f0,0,train,2297,D1_training-e_e01313
r0f0,0,train,2300,D1_training-e_e01316
r0f0,0,train,2301,D1_training-e_e01317
r0f0,0,train,2303,D1_training-e_e01319
r0f0,0,train,2304,D1_training-e_e01320
r0f0,0,train,2307,D1_training-e_e01323
r0f0,0,train,2308,D1_training-e_e01324
r0f0,0,train,2309,D1_training-e_e01325
r0f0,0,train,2312,D1_training-e_e01328
r0f0,0,train,2316,D1_training-e_e01332
r0f0,0,train,2317,D1_training-e_e01333
r0f0,0,train,2318,D1_training-e_e01334
r0f0,0,train,2321,D1_training-e_e01337
r0f0,0,train,2323,D1_training-e_e01339
r0f0,0,train,2324,D1_training-e_e01340
r0f0,0,train,2325,D1_training-e_e01341
r0f0,0,train,2326,D1_training-e_e01342
r0f0,0,train,2327,D1_training-e_e01343
r0f0,0,train,2332,D1_training-e_e01348
r0f0,0,train,2334,D1_training-e_e01350
r0f0,0,train,2336,D1_training-e_e01352
r0f0,0,train,2337,D1_training-e_e01353
r0f0,0,train,2338,D1_training-e_e01354
r0f0,0,train,2341,D1_training-e_e01357
r0f0,0,train,2344,D1_training-e_e01360
r0f0,0,train,2345,D1_training-e_e01361
r0f0,0,train,2348,D1_training-e_e01364
r0f0,0,train,2349,D1_training-e_e01365
r0f0,0,train,2351,D1_training-e_e01367
r0f0,0,train,2353,D1_training-e_e01369
r0f0,0,train,2355,D1_training-e_e01371
r0f0,0,train,2356,D1_training-e_e01372
r0f0,0,train,2357,D1_training-e_e01373
r0f0,0,train,2359,D1_training-e_e01375
r0f0,0,train,2362,D1_training-e_e01378
r0f0,0,train,2363,D1_training-e_e01379
r0f0,0,train,2364,D1_training-e_e01380
r0f0,0,train,2366,D1_training-e_e01382
r0f0,0,train,2367,D1_training-e_e01383
r0f0,0,train,2370,D1_training-e_e01386
r0f0,0,train,2372,D1_training-e_e01388
r0f0,0,train,2373,D1_training-e_e01389
r0f0,0,train,2375,D1_training-e_e01391
r0f0,0,train,2376,D1_training-e_e01392
r0f0,0,train,2378,D1_training-e_e01394
r0f0,0,train,2380,D1_training-e_e01396
r0f0,0,train,2383,D1_training-e_e01399
r0f0,0,train,2386,D1_training-e_e01402
r0f0,0,train,2387,D1_training-e_e01403
r0f0,0,train,2389,D1_training-e_e01405
r0f0,0,train,2390,D1_training-e_e01406
r0f0,0,train,2394,D1_training-e_e01410
r0f0,0,train,2395,D1_training-e_e01411
r0f0,0,train,2398,D1_training-e_e01414
r0f0,0,train,2399,D1_training-e_e01415
r0f0,0,train,2402,D1_training-e_e01418
r0f0,0,train,2403,D1_training-e_e01419
r0f0,0,train,2405,D1_training-e_e01421
r0f0,0,train,2407,D1_training-e_e01423
r0f0,0,train,2410,D1_training-e_e01426
r0f0,0,train,2413,D1_training-e_e01429
r0f0,0,train,2414,D1_training-e_e01430
r0f0,0,train,2415,D1_training-e_e01431
r0f0,0,train,2416,D1_training-e_e01432
r0f0,0,train,2417,D1_training-e_e01433
r0f0,0,train,2420,D1_training-e_e01436
r0f0,0,train,2421,D1_training-e_e01437
r0f0,0,train,2423,D1_training-e_e01439
r0f0,0,train,2424,D1_training-e_e01440
r0f0,0,train,2425,D1_training-e_e01441
r0f0,0,train,2427,D1_training-e_e01443
r0f0,0,train,2428,D1_training-e_e01444
r0f0,0,train,2429,D1_training-e_e01445
r0f0,0,train,2430,D1_training-e_e01446
r0f0,0,train,2432,D1_training-e_e01448
r0f0,0,train,2433,D1_training-e_e01449
r0f0,0,train,2435,D1_training-e_e01451
r0f0,0,train,2437,D1_training-e_e01453
r0f0,0,train,2438,D1_training-e_e01454
r0f0,0,train,2440,D1_training-e_e01456
r0f0,0,train,2442,D1_training-e_e01458
r0f0,0,train,2443,D1_training-e_e01459
r0f0,0,train,2446,D1_training-e_e01462
r0f0,0,train,2447,D1_training-e_e01463
r0f0,0,train,2449,D1_training-e_e01465
r0f0,0,train,2451,D1_training-e_e01467
r0f0,0,train,2452,D1_training-e_e01468
r0f0,0,train,2454,D1_training-e_e01470
r0f0,0,train,2455,D1_training-e_e01471
r0f0,0,train,2456,D1_training-e_e01472
r0f0,0,train,2461,D1_training-e_e01477
r0f0,0,train,2462,D1_training-e_e01478
r0f0,0,train,2464,D1_training-e_e01480
r0f0,0,train,2465,D1_training-e_e01481
r0f0,0,train,2466,D1_training-e_e01482
r0f0,0,train,2469,D1_training-e_e01485
r0f0,0,train,2470,D1_training-e_e01486
r0f0,0,train,2472,D1_training-e_e01488
r0f0,0,train,2475,D1_training-e_e01491
r0f0,0,train,2476,D1_training-e_e01492
r0f0,0,train,2478,D1_training-e_e01494
r0f0,0,train,2479,D1_training-e_e01495
r0f0,0,train,2480,D1_training-e_e01496
r0f0,0,train,2481,D1_training-e_e01497
r0f0,0,train,2482,D1_training-e_e01498
r0f0,0,train,2484,D1_training-e_e01500
r0f0,0,train,2485,D1_training-e_e01501
r0f0,0,train,2487,D1_training-e_e01503
r0f0,0,train,2490,D1_training-e_e01506
r0f0,0,train,2491,D1_training-e_e01507
r0f0,0,train,2492,D1_training-e_e01508
r0f0,0,train,2493,D1_training-e_e01509
r0f0,0,train,2494,D1_training-e_e01510
r0f0,0,train,2497,D1_training-e_e01513
r0f0,0,train,2499,D1_training-e_e01515
r0f0,0,train,2501,D1_training-e_e01517
r0f0,0,train,2503,D1_training-e_e01519
r0f0,0,train,2504,D1_training-e_e01520
r0f0,0,train,2507,D1_training-e_e01523
r0f0,0,train,2510,D1_training-e_e01526
r0f0,0,train,2511,D1_training-e_e01527
r0f0,0,train,2513,D1_training-e_e01529
r0f0,0,train,2514,D1_training-e_e01530
r0f0,0,train,2515,D1_training-e_e01531
r0f0,0,train,2516,D1_training-e_e01532
r0f0,0,train,2517,D1_training-e_e01533
r0f0,0,train,2522,D1_training-e_e01538
r0f0,0,train,2524,D1_training-e_e01540
r0f0,0,train,2525,D1_training-e_e01541
r0f0,0,train,2527,D1_training-e_e01543
r0f0,0,train,2529,D1_training-e_e01545
r0f0,0,train,2531,D1_training-e_e01547
r0f0,0,train,2532,D1_training-e_e01548
r0f0,0,train,2534,D1_training-e_e01550
r0f0,0,train,2535,D1_training-e_e01551
r0f0,0,train,2536,D1_training-e_e01552
r0f0,0,train,2537,D1_training-e_e01553
r0f0,0,train,2538,D1_training-e_e01554
r0f0,0,train,2540,D1_training-e_e01556
r0f0,0,train,2541,D1_training-e_e01557
r0f0,0,train,2542,D1_training-e_e01558
r0f0,0,train,2543,D1_training-e_e01559
r0f0,0,train,2548,D1_training-e_e01564
r0f0,0,train,2549,D1_training-e_e01565
r0f0,0,train,2550,D1_training-e_e01566
r0f0,0,train,2551,D1_training-e_e01567
r0f0,0,train,2552,D1_training-e_e01568
r0f0,0,train,2555,D1_training-e_e01571
r0f0,0,train,2557,D1_training-e_e01573
r0f0,0,train,2558,D1_training-e_e01574
r0f0,0,train,2560,D1_training-e_e01576
r0f0,0,train,2562,D1_training-e_e01578
r0f0,0,train,2565,D1_training-e_e01581
r0f0,0,train,2566,D1_training-e_e01582
r0f0,0,train,2567,D1_training-e_e01583
r0f0,0,train,2568,D1_training-e_e01584
r0f0,0,train,2569,D1_training-e_e01585
r0f0,0,train,2572,D1_training-e_e01588
r0f0,0,train,2573,D1_training-e_e01589
r0f0,0,train,2574,D1_training-e_e01590
r0f0,0,train,2575,D1_training-e_e01591
r0f0,0,train,2577,D1_training-e_e01593
r0f0,0,train,2578,D1_training-e_e01594
r0f0,0,train,2582,D1_training-e_e01598
r0f0,0,train,2583,D1_training-e_e01599
r0f0,0,train,2589,D1_training-e_e01605
r0f0,0,train,2590,D1_training-e_e01606
r0f0,0,train,2591,D1_training-e_e01607
r0f0,0,train,2592,D1_training-e_e01608
r0f0,0,train,2594,D1_training-e_e01610
r0f0,0,train,2595,D1_training-e_e01611
r0f0,0,train,2597,D1_training-e_e01613
r0f0,0,train,2598,D1_training-e_e01614
r0f0,0,train,2599,D1_training-e_e01615
r0f0,0,train,2600,D1_training-e_e01616
r0f0,0,train,2601,D1_training-e_e01617
r0f0,0,train,2602,D1_training-e_e01618
r0f0,0,train,2606,D1_training-e_e01622
r0f0,0,train,2610,D1_training-e_e01626
r0f0,0,train,2611,D1_training-e_e01627
r0f0,0,train,2612,D1_training-e_e01628
r0f0,0,train,2614,D1_training-e_e01630
r0f0,0,train,2615,D1_training-e_e01631
r0f0,0,train,2617,D1_training-e_e01633
r0f0,0,train,2618,D1_training-e_e01634
r0f0,0,train,2622,D1_training-e_e01638
r0f0,0,train,2624,D1_training-e_e01640
r0f0,0,train,2626,D1_training-e_e01642
r0f0,0,train,2628,D1_training-e_e01644
r0f0,0,train,2629,D1_training-e_e01645
r0f0,0,train,2630,D1_training-e_e01646
r0f0,0,train,2631,D1_training-e_e01647
r0f0,0,train,2632,D1_training-e_e01648
r0f0,0,train,2633,D1_training-e_e01649
r0f0,0,train,2634,D1_training-e_e01650
r0f0,0,train,2635,D1_training-e_e01651
r0f0,0,train,2636,D1_training-e_e01652
r0f0,0,train,2639,D1_training-e_e01655
r0f0,0,train,2640,D1_training-e_e01656
r0f0,0,train,2642,D1_training-e_e01658
r0f0,0,train,2643,D1_training-e_e01659
r0f0,0,train,2646,D1_training-e_e01662
r0f0,0,train,2648,D1_training-e_e01664
r0f0,0,train,2650,D1_training-e_e01666
r0f0,0,train,2651,D1_training-e_e01667
r0f0,0,train,2654,D1_training-e_e01670
r0f0,0,train,2655,D1_training-e_e01671
r0f0,0,train,2656,D1_training-e_e01672
r0f0,0,train,2658,D1_training-e_e01674
r0f0,0,train,2659,D1_training-e_e01675
r0f0,0,train,2661,D1_training-e_e01677
r0f0,0,train,2662,D1_training-e_e01678
r0f0,0,train,2663,D1_training-e_e01679
r0f0,0,train,2664,D1_training-e_e01680
r0f0,0,train,2665,D1_training-e_e01681
r0f0,0,train,2669,D1_training-e_e01685
r0f0,0,train,2670,D1_training-e_e01686
r0f0,0,train,2675,D1_training-e_e01691
r0f0,0,train,2677,D1_training-e_e01693
r0f0,0,train,2678,D1_training-e_e01694
r0f0,0,train,2680,D1_training-e_e01696
r0f0,0,train,2681,D1_training-e_e01697
r0f0,0,train,2685,D1_training-e_e01701
r0f0,0,train,2689,D1_training-e_e01705
r0f0,0,train,2693,D1_training-e_e01709
r0f0,0,train,2696,D1_training-e_e01712
r0f0,0,train,2697,D1_training-e_e01713
r0f0,0,train,2698,D1_training-e_e01714
r0f0,0,train,2700,D1_training-e_e01716
r0f0,0,train,2701,D1_training-e_e01717
r0f0,0,train,2702,D1_training-e_e01718
r0f0,0,train,2703,D1_training-e_e01719
r0f0,0,train,2706,D1_training-e_e01722
r0f0,0,train,2708,D1_training-e_e01724
r0f0,0,train,2711,D1_training-e_e01727
r0f0,0,train,2712,D1_training-e_e01728
r0f0,0,train,2714,D1_training-e_e01730
r0f0,0,train,2715,D1_training-e_e01731
r0f0,0,train,2716,D1_training-e_e01732
r0f0,0,train,2718,D1_training-e_e01734
r0f0,0,train,2719,D1_training-e_e01735
r0f0,0,train,2720,D1_training-e_e01736
r0f0,0,train,2721,D1_training-e_e01737
r0f0,0,train,2723,D1_training-e_e01739
r0f0,0,train,2726,D1_training-e_e01742
r0f0,0,train,2727,D1_training-e_e01743
r0f0,0,train,2728,D1_training-e_e01744
r0f0,0,train,2731,D1_training-e_e01747
r0f0,0,train,2732,D1_training-e_e01748
r0f0,0,train,2733,D1_training-e_e01749
r0f0,0,train,2737,D1_training-e_e01753
r0f0,0,train,2738,D1_training-e_e01754
r0f0,0,train,2739,D1_training-e_e01755
r0f0,0,train,2741,D1_training-e_e01757
r0f0,0,train,2746,D1_training-e_e01762
r0f0,0,train,2747,D1_training-e_e01763
r0f0,0,train,2749,D1_training-e_e01765
r0f0,0,train,2757,D1_training-e_e01773
r0f0,0,train,2759,D1_training-e_e01775
r0f0,0,train,2760,D1_training-e_e01776
r0f0,0,train,2762,D1_training-e_e01778
r0f0,0,train,2763,D1_training-e_e01779
r0f0,0,train,2767,D1_training-e_e01783
r0f0,0,train,2768,D1_training-e_e01784
r0f0,0,train,2769,D1_training-e_e01785
r0f0,0,train,2770,D1_training-e_e01786
r0f0,0,train,2771,D1_training-e_e01787
r0f0,0,train,2772,D1_training-e_e01788
r0f0,0,train,2774,D1_training-e_e01790
r0f0,0,train,2775,D1_training-e_e01791
r0f0,0,train,2778,D1_training-e_e01794
r0f0,0,train,2782,D1_training-e_e01798
r0f0,0,train,2788,D1_training-e_e01804
r0f0,0,train,2790,D1_training-e_e01806
r0f0,0,train,2793,D1_training-e_e01809
r0f0,0,train,2794,D1_training-e_e01810
r0f0,0,train,2799,D1_training-e_e01815
r0f0,0,train,2800,D1_training-e_e01816
r0f0,0,train,2802,D1_training-e_e01818
r0f0,0,train,2805,D1_training-e_e01821
r0f0,0,train,2808,D1_training-e_e01824
r0f0,0,train,2810,D1_training-e_e01826
r0f0,0,train,2811,D1_training-e_e01827
r0f0,0,train,2815,D1_training-e_e01831
r0f0,0,train,2816,D1_training-e_e01832
r0f0,0,train,2817,D1_training-e_e01833
r0f0,0,train,2820,D1_training-e_e01836
r0f0,0,train,2822,D1_training-e_e01838
r0f0,0,train,2823,D1_training-e_e01839
r0f0,0,train,2824,D1_training-e_e01840
r0f0,0,train,2826,D1_training-e_e01842
r0f0,0,train,2827,D1_training-e_e01843
r0f0,0,train,2828,D1_training-e_e01844
r0f0,0,train,2829,D1_training-e_e01845
r0f0,0,train,2831,D1_training-e_e01847
r0f0,0,train,2833,D1_training-e_e01849
r0f0,0,train,2834,D1_training-e_e01850
r0f0,0,train,2835,D1_training-e_e01851
r0f0,0,train,2836,D1_training-e_e01852
r0f0,0,train,2837,D1_training-e_e01853
r0f0,0,train,2838,D1_training-e_e01854
r0f0,0,train,2839,D1_training-e_e01855
r0f0,0,train,2840,D1_training-e_e01856
r0f0,0,train,2841,D1_training-e_e01857
r0f0,0,train,2843,D1_training-e_e01859
r0f0,0,train,2844,D1_training-e_e01860
r0f0,0,train,2845,D1_training-e_e01861
r0f0,0,train,2850,D1_training-e_e01866
r0f0,0,train,2852,D1_training-e_e01868
r0f0,0,train,2853,D1_training-e_e01869
r0f0,0,train,2854,D1_training-e_e01870
r0f0,0,train,2857,D1_training-e_e01873
r0f0,0,train,2860,D1_training-e_e01876
r0f0,0,train,2861,D1_training-e_e01877
r0f0,0,train,2863,D1_training-e_e01879
r0f0,0,train,2864,D1_training-e_e01880
r0f0,0,train,2866,D1_training-e_e01882
r0f0,0,train,2868,D1_training-e_e01884
r0f0,0,train,2872,D1_training-e_e01888
r0f0,0,train,2874,D1_training-e_e01890
r0f0,0,train,2875,D1_training-e_e01891
r0f0,0,train,2876,D1_training-e_e01892
r0f0,0,train,2877,D1_training-e_e01893
r0f0,0,train,2884,D1_training-e_e01900
r0f0,0,train,2886,D1_training-e_e01902
r0f0,0,train,2889,D1_training-e_e01905
r0f0,0,train,2893,D1_training-e_e01909
r0f0,0,train,2895,D1_training-e_e01911
r0f0,0,train,2897,D1_training-e_e01913
r0f0,0,train,2899,D1_training-e_e01915
r0f0,0,train,2901,D1_training-e_e01917
r0f0,0,train,2904,D1_training-e_e01920
r0f0,0,train,2906,D1_training-e_e01922
r0f0,0,train,2909,D1_training-e_e01925
r0f0,0,train,2910,D1_training-e_e01926
r0f0,0,train,2911,D1_training-e_e01927
r0f0,0,train,2913,D1_training-e_e01929
r0f0,0,train,2914,D1_training-e_e01930
r0f0,0,train,2920,D1_training-e_e01936
r0f0,0,train,2921,D1_training-e_e01937
r0f0,0,train,2923,D1_training-e_e01939
r0f0,0,train,2928,D1_training-e_e01944
r0f0,0,train,2931,D1_training-e_e01947
r0f0,0,train,2935,D1_training-e_e01951
r0f0,0,train,2939,D1_training-e_e01955
r0f0,0,train,2944,D1_training-e_e01960
r0f0,0,train,2945,D1_training-e_e01961
r0f0,0,train,2947,D1_training-e_e01963
r0f0,0,train,2951,D1_training-e_e01967
r0f0,0,train,2953,D1_training-e_e01969
r0f0,0,train,2955,D1_training-e_e01971
r0f0,0,train,2958,D1_training-e_e01974
r0f0,0,train,2962,D1_training-e_e01978
r0f0,0,train,2963,D1_training-e_e01979
r0f0,0,train,2968,D1_training-e_e01984
r0f0,0,train,2970,D1_training-e_e01986
r0f0,0,train,2972,D1_training-e_e01988
r0f0,0,train,2974,D1_training-e_e01990
r0f0,0,train,2977,D1_training-e_e01993
r0f0,0,train,2981,D1_training-e_e01997
r0f0,0,train,2982,D1_training-e_e01998
r0f0,0,train,2983,D1_training-e_e01999
r0f0,0,train,2986,D1_training-e_e02002
r0f0,0,train,2987,D1_training-e_e02003
r0f0,0,train,2988,D1_training-e_e02004
r0f0,0,train,2989,D1_training-e_e02005
r0f0,0,train,2990,D1_training-e_e02006
r0f0,0,train,2992,D1_training-e_e02008
r0f0,0,train,2994,D1_training-e_e02010
r0f0,0,train,2996,D1_training-e_e02012
r0f0,0,train,2997,D1_training-e_e02013
r0f0,0,train,2999,D1_training-e_e02015
r0f0,0,train,3002,D1_training-e_e02018
r0f0,0,train,3003,D1_training-e_e02019
r0f0,0,train,3005,D1_training-e_e02021
r0f0,0,train,3007,D1_training-e_e02023
r0f0,0,train,3008,D1_training-e_e02024
r0f0,0,train,3010,D1_training-e_e02026
r0f0,0,train,3011,D1_training-e_e02027
r0f0,0,train,3013,D1_training-e_e02029
r0f0,0,train,3016,D1_training-e_e02032
r0f0,0,train,3019,D1_training-e_e02035
r0f0,0,train,3021,D1_training-e_e02037
r0f0,0,train,3022,D1_training-e_e02038
r0f0,0,train,3023,D1_training-e_e02039
r0f0,0,train,3025,D1_training-e_e02041
r0f0,0,train,3028,D1_training-e_e02044
r0f0,0,train,3030,D1_training-e_e02046
r0f0,0,train,3031,D1_training-e_e02047
r0f0,0,train,3032,D1_training-e_e02048
r0f0,0,train,3033,D1_training-e_e02049
r0f0,0,train,3034,D1_training-e_e02050
r0f0,0,train,3036,D1_training-e_e02052
r0f0,0,train,3037,D1_training-e_e02053
r0f0,0,train,3038,D1_training-e_e02054
r0f0,0,train,3039,D1_training-e_e02055
r0f0,0,train,3040,D1_training-e_e02056
r0f0,0,train,3045,D1_training-e_e02061
r0f0,0,train,3046,D1_training-e_e02062
r0f0,0,train,3050,D1_training-e_e02066
r0f0,0,train,3052,D1_training-e_e02068
r0f0,0,train,3053,D1_training-e_e02069
r0f0,0,train,3054,D1_training-e_e02070
r0f0,0,train,3055,D1_training-e_e02071
r0f0,0,train,3060,D1_training-e_e02076
r0f0,0,train,3061,D1_training-e_e02077
r0f0,0,train,3062,D1_training-e_e02078
r0f0,0,train,3063,D1_training-e_e02079
r0f0,0,train,3064,D1_training-e_e02080
r0f0,0,train,3066,D1_training-e_e02082
r0f0,0,train,3067,D1_training-e_e02083
r0f0,0,train,3068,D1_training-e_e02084
r0f0,0,train,3070,D1_training-e_e02086
r0f0,0,train,3071,D1_training-e_e02087
r0f0,0,train,3073,D1_training-e_e02089
r0f0,0,train,3077,D1_training-e_e02093
r0f0,0,train,3078,D1_training-e_e02094
r0f0,0,train,3079,D1_training-e_e02095
r0f0,0,train,3081,D1_training-e_e02097
r0f0,0,train,3083,D1_training-e_e02099
r0f0,0,train,3085,D1_training-e_e02101
r0f0,0,train,3086,D1_training-e_e02102
r0f0,0,train,3087,D1_training-e_e02103
r0f0,0,train,3089,D1_training-e_e02105
r0f0,0,train,3090,D1_training-e_e02106
r0f0,0,train,3093,D1_training-e_e02109
r0f0,0,train,3094,D1_training-e_e02110
r0f0,0,train,3095,D1_training-e_e02111
r0f0,0,train,3096,D1_training-e_e02112
r0f0,0,train,3097,D1_training-e_e02113
r0f0,0,train,3098,D1_training-e_e02114
r0f0,0,train,3100,D1_training-e_e02116
r0f0,0,train,3101,D1_training-e_e02117
r0f0,0,train,3107,D1_training-e_e02123
r0f0,0,train,3112,D1_training-e_e02128
r0f0,0,train,3113,D1_training-e_e02129
r0f0,0,train,3114,D1_training-e_e02130
r0f0,0,train,3116,D1_training-e_e02132
r0f0,0,train,3120,D1_training-e_e02136
r0f0,0,train,3123,D1_training-e_e02139
r0f0,0,train,3124,D1_training-e_e02140
r0f0,0,train,3127,D1_training-f_f0002
r0f0,0,train,3128,D1_training-f_f0003
r0f0,0,train,3131,D1_training-f_f0006
r0f0,0,train,3132,D1_training-f_f0007
r0f0,0,train,3134,D1_training-f_f0009
r0f0,0,train,3135,D1_training-f_f0010
r0f0,0,train,3136,D1_training-f_f0011
r0f0,0,train,3137,D1_training-f_f0012
r0f0,0,train,3138,D1_training-f_f0013
r0f0,0,train,3141,D1_training-f_f0016
r0f0,0,train,3142,D1_training-f_f0017
r0f0,0,train,3143,D1_training-f_f0018
r0f0,0,train,3144,D1_training-f_f0019
r0f0,0,train,3145,D1_training-f_f0020
r0f0,0,train,3147,D1_training-f_f0022
r0f0,0,train,3148,D1_training-f_f0023
r0f0,0,train,3149,D1_training-f_f0024
r0f0,0,train,3151,D1_training-f_f0026
r0f0,0,train,3152,D1_training-f_f0027
r0f0,0,train,3155,D1_training-f_f0030
r0f0,0,train,3156,D1_training-f_f0031
r0f0,0,train,3162,D1_training-f_f0037
r0f0,0,train,3163,D1_training-f_f0038
r0f0,0,train,3165,D1_training-f_f0040
r0f0,0,train,3171,D1_training-f_f0046
r0f0,0,train,3175,D1_training-f_f0050
r0f0,0,train,3178,D1_training-f_f0053
r0f0,0,train,3179,D1_training-f_f0054
r0f0,0,train,3180,D1_training-f_f0055
r0f0,0,train,3184,D1_training-f_f0059
r0f0,0,train,3185,D1_training-f_f0060
r0f0,0,train,3187,D1_training-f_f0062
r0f0,0,train,3188,D1_training-f_f0063
r0f0,0,train,3189,D1_training-f_f0064
r0f0,0,train,3195,D1_training-f_f0070
r0f0,0,train,3198,D1_training-f_f0073
r0f0,0,train,3203,D1_training-f_f0078
r0f0,0,train,3204,D1_training-f_f0079
r0f0,0,train,3207,D1_training-f_f0082
r0f0,0,train,3210,D1_training-f_f0085
r0f0,0,train,3211,D1_training-f_f0086
r0f0,0,train,3212,D1_training-f_f0087
r0f0,0,train,3213,D1_training-f_f0088
r0f0,0,train,3216,D1_training-f_f0091
r0f0,0,train,3217,D1_training-f_f0092
r0f0,0,train,3218,D1_training-f_f0093
r0f0,0,train,3221,D1_training-f_f0096
r0f0,0,train,3222,D1_training-f_f0097
r0f0,0,train,3223,D1_training-f_f0098
r0f0,0,train,3226,D1_training-f_f0101
r0f0,0,train,3228,D1_training-f_f0103
r0f0,0,train,3230,D1_training-f_f0105
r0f0,0,train,3231,D1_training-f_f0106
r0f0,0,train,3232,D1_training-f_f0107
r0f0,0,train,3233,D1_training-f_f0108
r0f0,0,train,3234,D1_training-f_f0109
r0f0,0,train,3236,D1_training-f_f0111
r0f0,0,train,3239,D1_training-f_f0114
r0f0,0,val,2,D1_training-a_a0003
r0f0,0,val,6,D1_training-a_a0007
r0f0,0,val,9,D1_training-a_a0010
r0f0,0,val,10,D1_training-a_a0011
r0f0,0,val,22,D1_training-a_a0023
r0f0,0,val,30,D1_training-a_a0031
r0f0,0,val,32,D1_training-a_a0033
r0f0,0,val,34,D1_training-a_a0035
r0f0,0,val,35,D1_training-a_a0036
r0f0,0,val,38,D1_training-a_a0039
r0f0,0,val,42,D1_training-a_a0043
r0f0,0,val,43,D1_training-a_a0044
r0f0,0,val,50,D1_training-a_a0051
r0f0,0,val,54,D1_training-a_a0055
r0f0,0,val,55,D1_training-a_a0056
r0f0,0,val,57,D1_training-a_a0058
r0f0,0,val,65,D1_training-a_a0066
r0f0,0,val,66,D1_training-a_a0067
r0f0,0,val,73,D1_training-a_a0074
r0f0,0,val,75,D1_training-a_a0076
r0f0,0,val,77,D1_training-a_a0078
r0f0,0,val,78,D1_training-a_a0079
r0f0,0,val,81,D1_training-a_a0082
r0f0,0,val,83,D1_training-a_a0084
r0f0,0,val,99,D1_training-a_a0100
r0f0,0,val,102,D1_training-a_a0103
r0f0,0,val,106,D1_training-a_a0107
r0f0,0,val,113,D1_training-a_a0114
r0f0,0,val,139,D1_training-a_a0140
r0f0,0,val,145,D1_training-a_a0146
r0f0,0,val,146,D1_training-a_a0147
r0f0,0,val,147,D1_training-a_a0148
r0f0,0,val,155,D1_training-a_a0156
r0f0,0,val,157,D1_training-a_a0158
r0f0,0,val,161,D1_training-a_a0162
r0f0,0,val,163,D1_training-a_a0164
r0f0,0,val,171,D1_training-a_a0172
r0f0,0,val,172,D1_training-a_a0173
r0f0,0,val,222,D1_training-a_a0223
r0f0,0,val,223,D1_training-a_a0224
r0f0,0,val,231,D1_training-a_a0232
r0f0,0,val,238,D1_training-a_a0239
r0f0,0,val,239,D1_training-a_a0240
r0f0,0,val,246,D1_training-a_a0247
r0f0,0,val,260,D1_training-a_a0261
r0f0,0,val,264,D1_training-a_a0265
r0f0,0,val,280,D1_training-a_a0281
r0f0,0,val,284,D1_training-a_a0285
r0f0,0,val,285,D1_training-a_a0286
r0f0,0,val,287,D1_training-a_a0288
r0f0,0,val,302,D1_training-a_a0303
r0f0,0,val,306,D1_training-a_a0307
r0f0,0,val,307,D1_training-a_a0308
r0f0,0,val,311,D1_training-a_a0312
r0f0,0,val,313,D1_training-a_a0314
r0f0,0,val,314,D1_training-a_a0315
r0f0,0,val,317,D1_training-a_a0318
r0f0,0,val,319,D1_training-a_a0320
r0f0,0,val,322,D1_training-a_a0323
r0f0,0,val,326,D1_training-a_a0327
r0f0,0,val,330,D1_training-a_a0331
r0f0,0,val,338,D1_training-a_a0339
r0f0,0,val,339,D1_training-a_a0340
r0f0,0,val,340,D1_training-a_a0341
r0f0,0,val,346,D1_training-a_a0347
r0f0,0,val,347,D1_training-a_a0348
r0f0,0,val,350,D1_training-a_a0351
r0f0,0,val,353,D1_training-a_a0354
r0f0,0,val,354,D1_training-a_a0355
r0f0,0,val,355,D1_training-a_a0356
r0f0,0,val,356,D1_training-a_a0357
r0f0,0,val,363,D1_training-a_a0364
r0f0,0,val,364,D1_training-a_a0365
r0f0,0,val,371,D1_training-a_a0372
r0f0,0,val,374,D1_training-a_a0375
r0f0,0,val,375,D1_training-a_a0376
r0f0,0,val,376,D1_training-a_a0377
r0f0,0,val,379,D1_training-a_a0380
r0f0,0,val,383,D1_training-a_a0384
r0f0,0,val,384,D1_training-a_a0385
r0f0,0,val,386,D1_training-a_a0387
r0f0,0,val,387,D1_training-a_a0388
r0f0,0,val,391,D1_training-a_a0392
r0f0,0,val,394,D1_training-a_a0395
r0f0,0,val,397,D1_training-a_a0398
r0f0,0,val,404,D1_training-a_a0405
r0f0,0,val,407,D1_training-a_a0408
r0f0,0,val,410,D1_training-b_b0002
r0f0,0,val,412,D1_training-b_b0004
r0f0,0,val,415,D1_training-b_b0007
r0f0,0,val,417,D1_training-b_b0009
r0f0,0,val,425,D1_training-b_b0017
r0f0,0,val,426,D1_training-b_b0018
r0f0,0,val,427,D1_training-b_b0019
r0f0,0,val,430,D1_training-b_b0022
r0f0,0,val,436,D1_training-b_b0028
r0f0,0,val,437,D1_training-b_b0029
r0f0,0,val,438,D1_training-b_b0030
r0f0,0,val,442,D1_training-b_b0034
r0f0,0,val,443,D1_training-b_b0035
r0f0,0,val,450,D1_training-b_b0042
r0f0,0,val,460,D1_training-b_b0052
r0f0,0,val,461,D1_training-b_b0053
r0f0,0,val,464,D1_training-b_b0056
r0f0,0,val,472,D1_training-b_b0064
r0f0,0,val,474,D1_training-b_b0066
r0f0,0,val,475,D1_training-b_b0067
r0f0,0,val,476,D1_training-b_b0068
r0f0,0,val,477,D1_training-b_b0069
r0f0,0,val,479,D1_training-b_b0071
r0f0,0,val,482,D1_training-b_b0074
r0f0,0,val,485,D1_training-b_b0077
r0f0,0,val,488,D1_training-b_b0080
r0f0,0,val,495,D1_training-b_b0087
r0f0,0,val,506,D1_training-b_b0098
r0f0,0,val,519,D1_training-b_b0111
r0f0,0,val,523,D1_training-b_b0115
r0f0,0,val,524,D1_training-b_b0116
r0f0,0,val,530,D1_training-b_b0122
r0f0,0,val,536,D1_training-b_b0128
r0f0,0,val,537,D1_training-b_b0129
r0f0,0,val,538,D1_training-b_b0130
r0f0,0,val,539,D1_training-b_b0131
r0f0,0,val,541,D1_training-b_b0133
r0f0,0,val,544,D1_training-b_b0136
r0f0,0,val,546,D1_training-b_b0138
r0f0,0,val,553,D1_training-b_b0145
r0f0,0,val,555,D1_training-b_b0147
r0f0,0,val,556,D1_training-b_b0148
r0f0,0,val,559,D1_training-b_b0151
r0f0,0,val,561,D1_training-b_b0153
r0f0,0,val,562,D1_training-b_b0154
r0f0,0,val,568,D1_training-b_b0160
r0f0,0,val,570,D1_training-b_b0162
r0f0,0,val,571,D1_training-b_b0163
r0f0,0,val,574,D1_training-b_b0166
r0f0,0,val,575,D1_training-b_b0167
r0f0,0,val,576,D1_training-b_b0168
r0f0,0,val,578,D1_training-b_b0170
r0f0,0,val,579,D1_training-b_b0171
r0f0,0,val,582,D1_training-b_b0174
r0f0,0,val,585,D1_training-b_b0177
r0f0,0,val,590,D1_training-b_b0182
r0f0,0,val,591,D1_training-b_b0183
r0f0,0,val,592,D1_training-b_b0184
r0f0,0,val,593,D1_training-b_b0185
r0f0,0,val,594,D1_training-b_b0186
r0f0,0,val,595,D1_training-b_b0187
r0f0,0,val,596,D1_training-b_b0188
r0f0,0,val,598,D1_training-b_b0190
r0f0,0,val,599,D1_training-b_b0191
r0f0,0,val,600,D1_training-b_b0192
r0f0,0,val,603,D1_training-b_b0195
r0f0,0,val,614,D1_training-b_b0206
r0f0,0,val,615,D1_training-b_b0207
r0f0,0,val,616,D1_training-b_b0208
r0f0,0,val,619,D1_training-b_b0211
r0f0,0,val,627,D1_training-b_b0219
r0f0,0,val,630,D1_training-b_b0222
r0f0,0,val,634,D1_training-b_b0226
r0f0,0,val,635,D1_training-b_b0227
r0f0,0,val,643,D1_training-b_b0235
r0f0,0,val,644,D1_training-b_b0236
r0f0,0,val,646,D1_training-b_b0238
r0f0,0,val,652,D1_training-b_b0244
r0f0,0,val,657,D1_training-b_b0249
r0f0,0,val,658,D1_training-b_b0250
r0f0,0,val,659,D1_training-b_b0251
r0f0,0,val,664,D1_training-b_b0256
r0f0,0,val,667,D1_training-b_b0259
r0f0,0,val,668,D1_training-b_b0260
r0f0,0,val,670,D1_training-b_b0262
r0f0,0,val,672,D1_training-b_b0264
r0f0,0,val,677,D1_training-b_b0269
r0f0,0,val,680,D1_training-b_b0272
r0f0,0,val,684,D1_training-b_b0276
r0f0,0,val,686,D1_training-b_b0278
r0f0,0,val,688,D1_training-b_b0280
r0f0,0,val,690,D1_training-b_b0282
r0f0,0,val,699,D1_training-b_b0291
r0f0,0,val,703,D1_training-b_b0295
r0f0,0,val,705,D1_training-b_b0297
r0f0,0,val,709,D1_training-b_b0301
r0f0,0,val,714,D1_training-b_b0306
r0f0,0,val,716,D1_training-b_b0308
r0f0,0,val,723,D1_training-b_b0315
r0f0,0,val,725,D1_training-b_b0317
r0f0,0,val,726,D1_training-b_b0318
r0f0,0,val,727,D1_training-b_b0319
r0f0,0,val,740,D1_training-b_b0332
r0f0,0,val,742,D1_training-b_b0334
r0f0,0,val,744,D1_training-b_b0336
r0f0,0,val,747,D1_training-b_b0339
r0f0,0,val,750,D1_training-b_b0342
r0f0,0,val,780,D1_training-b_b0372
r0f0,0,val,782,D1_training-b_b0374
r0f0,0,val,783,D1_training-b_b0375
r0f0,0,val,784,D1_training-b_b0376
r0f0,0,val,791,D1_training-b_b0383
r0f0,0,val,792,D1_training-b_b0384
r0f0,0,val,801,D1_training-b_b0393
r0f0,0,val,802,D1_training-b_b0394
r0f0,0,val,810,D1_training-b_b0402
r0f0,0,val,812,D1_training-b_b0404
r0f0,0,val,813,D1_training-b_b0405
r0f0,0,val,814,D1_training-b_b0406
r0f0,0,val,817,D1_training-b_b0409
r0f0,0,val,819,D1_training-b_b0411
r0f0,0,val,820,D1_training-b_b0412
r0f0,0,val,823,D1_training-b_b0415
r0f0,0,val,824,D1_training-b_b0416
r0f0,0,val,831,D1_training-b_b0423
r0f0,0,val,832,D1_training-b_b0424
r0f0,0,val,834,D1_training-b_b0426
r0f0,0,val,837,D1_training-b_b0429
r0f0,0,val,841,D1_training-b_b0433
r0f0,0,val,842,D1_training-b_b0434
r0f0,0,val,843,D1_training-b_b0435
r0f0,0,val,847,D1_training-b_b0439
r0f0,0,val,849,D1_training-b_b0441
r0f0,0,val,852,D1_training-b_b0444
r0f0,0,val,855,D1_training-b_b0447
r0f0,0,val,856,D1_training-b_b0448
r0f0,0,val,861,D1_training-b_b0453
r0f0,0,val,867,D1_training-b_b0459
r0f0,0,val,876,D1_training-b_b0468
r0f0,0,val,877,D1_training-b_b0469
r0f0,0,val,882,D1_training-b_b0474
r0f0,0,val,884,D1_training-b_b0476
r0f0,0,val,886,D1_training-b_b0478
r0f0,0,val,889,D1_training-b_b0481
r0f0,0,val,891,D1_training-b_b0483
r0f0,0,val,898,D1_training-b_b0490
r0f0,0,val,903,D1_training-c_c0005
r0f0,0,val,910,D1_training-c_c0012
r0f0,0,val,912,D1_training-c_c0014
r0f0,0,val,913,D1_training-c_c0015
r0f0,0,val,914,D1_training-c_c0016
r0f0,0,val,921,D1_training-c_c0023
r0f0,0,val,923,D1_training-c_c0025
r0f0,0,val,929,D1_training-c_c0031
r0f0,0,val,932,D1_training-d_d0003
r0f0,0,val,936,D1_training-d_d0007
r0f0,0,val,941,D1_training-d_d0012
r0f0,0,val,944,D1_training-d_d0015
r0f0,0,val,946,D1_training-d_d0017
r0f0,0,val,947,D1_training-d_d0018
r0f0,0,val,949,D1_training-d_d0020
r0f0,0,val,953,D1_training-d_d0024
r0f0,0,val,958,D1_training-d_d0029
r0f0,0,val,960,D1_training-d_d0031
r0f0,0,val,963,D1_training-d_d0034
r0f0,0,val,965,D1_training-d_d0036
r0f0,0,val,967,D1_training-d_d0038
r0f0,0,val,972,D1_training-d_d0043
r0f0,0,val,975,D1_training-d_d0046
r0f0,0,val,976,D1_training-d_d0047
r0f0,0,val,977,D1_training-d_d0048
r0f0,0,val,985,D1_training-e_e00001
r0f0,0,val,986,D1_training-e_e00002
r0f0,0,val,988,D1_training-e_e00004
r0f0,0,val,989,D1_training-e_e00005
r0f0,0,val,991,D1_training-e_e00007
r0f0,0,val,995,D1_training-e_e00011
r0f0,0,val,996,D1_training-e_e00012
r0f0,0,val,1002,D1_training-e_e00018
r0f0,0,val,1006,D1_training-e_e00022
r0f0,0,val,1012,D1_training-e_e00028
r0f0,0,val,1013,D1_training-e_e00029
r0f0,0,val,1017,D1_training-e_e00033
r0f0,0,val,1025,D1_training-e_e00041
r0f0,0,val,1031,D1_training-e_e00047
r0f0,0,val,1034,D1_training-e_e00050
r0f0,0,val,1036,D1_training-e_e00052
r0f0,0,val,1038,D1_training-e_e00054
r0f0,0,val,1046,D1_training-e_e00062
r0f0,0,val,1051,D1_training-e_e00067
r0f0,0,val,1056,D1_training-e_e00072
r0f0,0,val,1058,D1_training-e_e00074
r0f0,0,val,1062,D1_training-e_e00078
r0f0,0,val,1063,D1_training-e_e00079
r0f0,0,val,1064,D1_training-e_e00080
r0f0,0,val,1065,D1_training-e_e00081
r0f0,0,val,1068,D1_training-e_e00084
r0f0,0,val,1071,D1_training-e_e00087
r0f0,0,val,1073,D1_training-e_e00089
r0f0,0,val,1074,D1_training-e_e00090
r0f0,0,val,1086,D1_training-e_e00102
r0f0,0,val,1091,D1_training-e_e00107
r0f0,0,val,1101,D1_training-e_e00117
r0f0,0,val,1103,D1_training-e_e00119
r0f0,0,val,1105,D1_training-e_e00121
r0f0,0,val,1110,D1_training-e_e00126
r0f0,0,val,1111,D1_training-e_e00127
r0f0,0,val,1112,D1_training-e_e00128
r0f0,0,val,1115,D1_training-e_e00131
r0f0,0,val,1119,D1_training-e_e00135
r0f0,0,val,1123,D1_training-e_e00139
r0f0,0,val,1124,D1_training-e_e00140
r0f0,0,val,1126,D1_training-e_e00142
r0f0,0,val,1127,D1_training-e_e00143
r0f0,0,val,1128,D1_training-e_e00144
r0f0,0,val,1136,D1_training-e_e00152
r0f0,0,val,1137,D1_training-e_e00153
r0f0,0,val,1138,D1_training-e_e00154
r0f0,0,val,1140,D1_training-e_e00156
r0f0,0,val,1142,D1_training-e_e00158
r0f0,0,val,1144,D1_training-e_e00160
r0f0,0,val,1146,D1_training-e_e00162
r0f0,0,val,1151,D1_training-e_e00167
r0f0,0,val,1152,D1_training-e_e00168
r0f0,0,val,1163,D1_training-e_e00179
r0f0,0,val,1171,D1_training-e_e00187
r0f0,0,val,1176,D1_training-e_e00192
r0f0,0,val,1178,D1_training-e_e00194
r0f0,0,val,1182,D1_training-e_e00198
r0f0,0,val,1191,D1_training-e_e00207
r0f0,0,val,1198,D1_training-e_e00214
r0f0,0,val,1200,D1_training-e_e00216
r0f0,0,val,1202,D1_training-e_e00218
r0f0,0,val,1203,D1_training-e_e00219
r0f0,0,val,1209,D1_training-e_e00225
r0f0,0,val,1210,D1_training-e_e00226
r0f0,0,val,1218,D1_training-e_e00234
r0f0,0,val,1221,D1_training-e_e00237
r0f0,0,val,1224,D1_training-e_e00240
r0f0,0,val,1232,D1_training-e_e00248
r0f0,0,val,1235,D1_training-e_e00251
r0f0,0,val,1238,D1_training-e_e00254
r0f0,0,val,1239,D1_training-e_e00255
r0f0,0,val,1241,D1_training-e_e00257
r0f0,0,val,1243,D1_training-e_e00259
r0f0,0,val,1246,D1_training-e_e00262
r0f0,0,val,1249,D1_training-e_e00265
r0f0,0,val,1253,D1_training-e_e00269
r0f0,0,val,1258,D1_training-e_e00274
r0f0,0,val,1261,D1_training-e_e00277
r0f0,0,val,1263,D1_training-e_e00279
r0f0,0,val,1265,D1_training-e_e00281
r0f0,0,val,1275,D1_training-e_e00291
r0f0,0,val,1276,D1_training-e_e00292
r0f0,0,val,1277,D1_training-e_e00293
r0f0,0,val,1278,D1_training-e_e00294
r0f0,0,val,1290,D1_training-e_e00306
r0f0,0,val,1293,D1_training-e_e00309
r0f0,0,val,1297,D1_training-e_e00313
r0f0,0,val,1298,D1_training-e_e00314
r0f0,0,val,1303,D1_training-e_e00319
r0f0,0,val,1305,D1_training-e_e00321
r0f0,0,val,1309,D1_training-e_e00325
r0f0,0,val,1310,D1_training-e_e00326
r0f0,0,val,1311,D1_training-e_e00327
r0f0,0,val,1313,D1_training-e_e00329
r0f0,0,val,1314,D1_training-e_e00330
r0f0,0,val,1319,D1_training-e_e00335
r0f0,0,val,1326,D1_training-e_e00342
r0f0,0,val,1332,D1_training-e_e00348
r0f0,0,val,1335,D1_training-e_e00351
r0f0,0,val,1339,D1_training-e_e00355
r0f0,0,val,1342,D1_training-e_e00358
r0f0,0,val,1345,D1_training-e_e00361
r0f0,0,val,1355,D1_training-e_e00371
r0f0,0,val,1358,D1_training-e_e00374
r0f0,0,val,1373,D1_training-e_e00389
r0f0,0,val,1378,D1_training-e_e00394
r0f0,0,val,1386,D1_training-e_e00402
r0f0,0,val,1393,D1_training-e_e00409
r0f0,0,val,1396,D1_training-e_e00412
r0f0,0,val,1402,D1_training-e_e00418
r0f0,0,val,1405,D1_training-e_e00421
r0f0,0,val,1407,D1_training-e_e00423
r0f0,0,val,1419,D1_training-e_e00435
r0f0,0,val,1421,D1_training-e_e00437
r0f0,0,val,1422,D1_training-e_e00438
r0f0,0,val,1424,D1_training-e_e00440
r0f0,0,val,1429,D1_training-e_e00445
r0f0,0,val,1434,D1_training-e_e00450
r0f0,0,val,1439,D1_training-e_e00455
r0f0,0,val,1444,D1_training-e_e00460
r0f0,0,val,1449,D1_training-e_e00465
r0f0,0,val,1452,D1_training-e_e00468
r0f0,0,val,1454,D1_training-e_e00470
r0f0,0,val,1456,D1_training-e_e00472
r0f0,0,val,1461,D1_training-e_e00477
r0f0,0,val,1463,D1_training-e_e00479
r0f0,0,val,1468,D1_training-e_e00484
r0f0,0,val,1476,D1_training-e_e00492
r0f0,0,val,1478,D1_training-e_e00494
r0f0,0,val,1480,D1_training-e_e00496
r0f0,0,val,1494,D1_training-e_e00510
r0f0,0,val,1501,D1_training-e_e00517
r0f0,0,val,1521,D1_training-e_e00537
r0f0,0,val,1526,D1_training-e_e00542
r0f0,0,val,1536,D1_training-e_e00552
r0f0,0,val,1539,D1_training-e_e00555
r0f0,0,val,1545,D1_training-e_e00561
r0f0,0,val,1552,D1_training-e_e00568
r0f0,0,val,1554,D1_training-e_e00570
r0f0,0,val,1555,D1_training-e_e00571
r0f0,0,val,1557,D1_training-e_e00573
r0f0,0,val,1558,D1_training-e_e00574
r0f0,0,val,1559,D1_training-e_e00575
r0f0,0,val,1564,D1_training-e_e00580
r0f0,0,val,1567,D1_training-e_e00583
r0f0,0,val,1570,D1_training-e_e00586
r0f0,0,val,1576,D1_training-e_e00592
r0f0,0,val,1581,D1_training-e_e00597
r0f0,0,val,1584,D1_training-e_e00600
r0f0,0,val,1602,D1_training-e_e00618
r0f0,0,val,1606,D1_training-e_e00622
r0f0,0,val,1607,D1_training-e_e00623
r0f0,0,val,1609,D1_training-e_e00625
r0f0,0,val,1610,D1_training-e_e00626
r0f0,0,val,1612,D1_training-e_e00628
r0f0,0,val,1615,D1_training-e_e00631
r0f0,0,val,1617,D1_training-e_e00633
r0f0,0,val,1620,D1_training-e_e00636
r0f0,0,val,1623,D1_training-e_e00639
r0f0,0,val,1625,D1_training-e_e00641
r0f0,0,val,1626,D1_training-e_e00642
r0f0,0,val,1628,D1_training-e_e00644
r0f0,0,val,1630,D1_training-e_e00646
r0f0,0,val,1631,D1_training-e_e00647
r0f0,0,val,1633,D1_training-e_e00649
r0f0,0,val,1639,D1_training-e_e00655
r0f0,0,val,1642,D1_training-e_e00658
r0f0,0,val,1650,D1_training-e_e00666
r0f0,0,val,1654,D1_training-e_e00670
r0f0,0,val,1655,D1_training-e_e00671
r0f0,0,val,1659,D1_training-e_e00675
r0f0,0,val,1662,D1_training-e_e00678
r0f0,0,val,1663,D1_training-e_e00679
r0f0,0,val,1665,D1_training-e_e00681
r0f0,0,val,1672,D1_training-e_e00688
r0f0,0,val,1678,D1_training-e_e00694
r0f0,0,val,1679,D1_training-e_e00695
r0f0,0,val,1688,D1_training-e_e00704
r0f0,0,val,1689,D1_training-e_e00705
r0f0,0,val,1690,D1_training-e_e00706
r0f0,0,val,1693,D1_training-e_e00709
r0f0,0,val,1701,D1_training-e_e00717
r0f0,0,val,1711,D1_training-e_e00727
r0f0,0,val,1717,D1_training-e_e00733
r0f0,0,val,1719,D1_training-e_e00735
r0f0,0,val,1720,D1_training-e_e00736
r0f0,0,val,1722,D1_training-e_e00738
r0f0,0,val,1727,D1_training-e_e00743
r0f0,0,val,1739,D1_training-e_e00755
r0f0,0,val,1743,D1_training-e_e00759
r0f0,0,val,1745,D1_training-e_e00761
r0f0,0,val,1748,D1_training-e_e00764
r0f0,0,val,1753,D1_training-e_e00769
r0f0,0,val,1756,D1_training-e_e00772
r0f0,0,val,1757,D1_training-e_e00773
r0f0,0,val,1758,D1_training-e_e00774
r0f0,0,val,1760,D1_training-e_e00776
r0f0,0,val,1763,D1_training-e_e00779
r0f0,0,val,1766,D1_training-e_e00782
r0f0,0,val,1779,D1_training-e_e00795
r0f0,0,val,1783,D1_training-e_e00799
r0f0,0,val,1784,D1_training-e_e00800
r0f0,0,val,1786,D1_training-e_e00802
r0f0,0,val,1787,D1_training-e_e00803
r0f0,0,val,1794,D1_training-e_e00810
r0f0,0,val,1798,D1_training-e_e00814
r0f0,0,val,1800,D1_training-e_e00816
r0f0,0,val,1802,D1_training-e_e00818
r0f0,0,val,1805,D1_training-e_e00821
r0f0,0,val,1808,D1_training-e_e00824
r0f0,0,val,1811,D1_training-e_e00827
r0f0,0,val,1812,D1_training-e_e00828
r0f0,0,val,1813,D1_training-e_e00829
r0f0,0,val,1821,D1_training-e_e00837
r0f0,0,val,1827,D1_training-e_e00843
r0f0,0,val,1830,D1_training-e_e00846
r0f0,0,val,1833,D1_training-e_e00849
r0f0,0,val,1840,D1_training-e_e00856
r0f0,0,val,1841,D1_training-e_e00857
r0f0,0,val,1842,D1_training-e_e00858
r0f0,0,val,1849,D1_training-e_e00865
r0f0,0,val,1851,D1_training-e_e00867
r0f0,0,val,1853,D1_training-e_e00869
r0f0,0,val,1856,D1_training-e_e00872
r0f0,0,val,1858,D1_training-e_e00874
r0f0,0,val,1859,D1_training-e_e00875
r0f0,0,val,1873,D1_training-e_e00889
r0f0,0,val,1875,D1_training-e_e00891
r0f0,0,val,1878,D1_training-e_e00894
r0f0,0,val,1881,D1_training-e_e00897
r0f0,0,val,1882,D1_training-e_e00898
r0f0,0,val,1885,D1_training-e_e00901
r0f0,0,val,1886,D1_training-e_e00902
r0f0,0,val,1888,D1_training-e_e00904
r0f0,0,val,1890,D1_training-e_e00906
r0f0,0,val,1893,D1_training-e_e00909
r0f0,0,val,1897,D1_training-e_e00913
r0f0,0,val,1900,D1_training-e_e00916
r0f0,0,val,1914,D1_training-e_e00930
r0f0,0,val,1915,D1_training-e_e00931
r0f0,0,val,1917,D1_training-e_e00933
r0f0,0,val,1918,D1_training-e_e00934
r0f0,0,val,1924,D1_training-e_e00940
r0f0,0,val,1926,D1_training-e_e00942
r0f0,0,val,1931,D1_training-e_e00947
r0f0,0,val,1937,D1_training-e_e00953
r0f0,0,val,1943,D1_training-e_e00959
r0f0,0,val,1945,D1_training-e_e00961
r0f0,0,val,1951,D1_training-e_e00967
r0f0,0,val,1954,D1_training-e_e00970
r0f0,0,val,1959,D1_training-e_e00975
r0f0,0,val,1960,D1_training-e_e00976
r0f0,0,val,1964,D1_training-e_e00980
r0f0,0,val,1967,D1_training-e_e00983
r0f0,0,val,1968,D1_training-e_e00984
r0f0,0,val,1969,D1_training-e_e00985
r0f0,0,val,1970,D1_training-e_e00986
r0f0,0,val,1984,D1_training-e_e01000
r0f0,0,val,1990,D1_training-e_e01006
r0f0,0,val,1991,D1_training-e_e01007
r0f0,0,val,1993,D1_training-e_e01009
r0f0,0,val,1994,D1_training-e_e01010
r0f0,0,val,1995,D1_training-e_e01011
r0f0,0,val,1999,D1_training-e_e01015
r0f0,0,val,2005,D1_training-e_e01021
r0f0,0,val,2008,D1_training-e_e01024
r0f0,0,val,2011,D1_training-e_e01027
r0f0,0,val,2015,D1_training-e_e01031
r0f0,0,val,2019,D1_training-e_e01035
r0f0,0,val,2022,D1_training-e_e01038
r0f0,0,val,2028,D1_training-e_e01044
r0f0,0,val,2029,D1_training-e_e01045
r0f0,0,val,2038,D1_training-e_e01054
r0f0,0,val,2040,D1_training-e_e01056
r0f0,0,val,2044,D1_training-e_e01060
r0f0,0,val,2045,D1_training-e_e01061
r0f0,0,val,2053,D1_training-e_e01069
r0f0,0,val,2057,D1_training-e_e01073
r0f0,0,val,2059,D1_training-e_e01075
r0f0,0,val,2061,D1_training-e_e01077
r0f0,0,val,2074,D1_training-e_e01090
r0f0,0,val,2080,D1_training-e_e01096
r0f0,0,val,2088,D1_training-e_e01104
r0f0,0,val,2090,D1_training-e_e01106
r0f0,0,val,2095,D1_training-e_e01111
r0f0,0,val,2096,D1_training-e_e01112
r0f0,0,val,2097,D1_training-e_e01113
r0f0,0,val,2099,D1_training-e_e01115
r0f0,0,val,2103,D1_training-e_e01119
r0f0,0,val,2104,D1_training-e_e01120
r0f0,0,val,2105,D1_training-e_e01121
r0f0,0,val,2108,D1_training-e_e01124
r0f0,0,val,2110,D1_training-e_e01126
r0f0,0,val,2117,D1_training-e_e01133
r0f0,0,val,2119,D1_training-e_e01135
r0f0,0,val,2120,D1_training-e_e01136
r0f0,0,val,2128,D1_training-e_e01144
r0f0,0,val,2129,D1_training-e_e01145
r0f0,0,val,2134,D1_training-e_e01150
r0f0,0,val,2136,D1_training-e_e01152
r0f0,0,val,2137,D1_training-e_e01153
r0f0,0,val,2138,D1_training-e_e01154
r0f0,0,val,2143,D1_training-e_e01159
r0f0,0,val,2150,D1_training-e_e01166
r0f0,0,val,2153,D1_training-e_e01169
r0f0,0,val,2154,D1_training-e_e01170
r0f0,0,val,2156,D1_training-e_e01172
r0f0,0,val,2158,D1_training-e_e01174
r0f0,0,val,2172,D1_training-e_e01188
r0f0,0,val,2184,D1_training-e_e01200
r0f0,0,val,2185,D1_training-e_e01201
r0f0,0,val,2188,D1_training-e_e01204
r0f0,0,val,2190,D1_training-e_e01206
r0f0,0,val,2192,D1_training-e_e01208
r0f0,0,val,2197,D1_training-e_e01213
r0f0,0,val,2203,D1_training-e_e01219
r0f0,0,val,2204,D1_training-e_e01220
r0f0,0,val,2207,D1_training-e_e01223
r0f0,0,val,2212,D1_training-e_e01228
r0f0,0,val,2224,D1_training-e_e01240
r0f0,0,val,2229,D1_training-e_e01245
r0f0,0,val,2230,D1_training-e_e01246
r0f0,0,val,2232,D1_training-e_e01248
r0f0,0,val,2233,D1_training-e_e01249
r0f0,0,val,2235,D1_training-e_e01251
r0f0,0,val,2240,D1_training-e_e01256
r0f0,0,val,2244,D1_training-e_e01260
r0f0,0,val,2245,D1_training-e_e01261
r0f0,0,val,2256,D1_training-e_e01272
r0f0,0,val,2263,D1_training-e_e01279
r0f0,0,val,2264,D1_training-e_e01280
r0f0,0,val,2267,D1_training-e_e01283
r0f0,0,val,2268,D1_training-e_e01284
r0f0,0,val,2270,D1_training-e_e01286
r0f0,0,val,2274,D1_training-e_e01290
r0f0,0,val,2275,D1_training-e_e01291
r0f0,0,val,2277,D1_training-e_e01293
r0f0,0,val,2283,D1_training-e_e01299
r0f0,0,val,2284,D1_training-e_e01300
r0f0,0,val,2286,D1_training-e_e01302
r0f0,0,val,2290,D1_training-e_e01306
r0f0,0,val,2293,D1_training-e_e01309
r0f0,0,val,2299,D1_training-e_e01315
r0f0,0,val,2302,D1_training-e_e01318
r0f0,0,val,2305,D1_training-e_e01321
r0f0,0,val,2310,D1_training-e_e01326
r0f0,0,val,2311,D1_training-e_e01327
r0f0,0,val,2313,D1_training-e_e01329
r0f0,0,val,2314,D1_training-e_e01330
r0f0,0,val,2315,D1_training-e_e01331
r0f0,0,val,2319,D1_training-e_e01335
r0f0,0,val,2320,D1_training-e_e01336
r0f0,0,val,2329,D1_training-e_e01345
r0f0,0,val,2330,D1_training-e_e01346
r0f0,0,val,2331,D1_training-e_e01347
r0f0,0,val,2333,D1_training-e_e01349
r0f0,0,val,2339,D1_training-e_e01355
r0f0,0,val,2343,D1_training-e_e01359
r0f0,0,val,2347,D1_training-e_e01363
r0f0,0,val,2350,D1_training-e_e01366
r0f0,0,val,2352,D1_training-e_e01368
r0f0,0,val,2354,D1_training-e_e01370
r0f0,0,val,2358,D1_training-e_e01374
r0f0,0,val,2360,D1_training-e_e01376
r0f0,0,val,2361,D1_training-e_e01377
r0f0,0,val,2365,D1_training-e_e01381
r0f0,0,val,2369,D1_training-e_e01385
r0f0,0,val,2379,D1_training-e_e01395
r0f0,0,val,2384,D1_training-e_e01400
r0f0,0,val,2388,D1_training-e_e01404
r0f0,0,val,2393,D1_training-e_e01409
r0f0,0,val,2396,D1_training-e_e01412
r0f0,0,val,2397,D1_training-e_e01413
r0f0,0,val,2400,D1_training-e_e01416
r0f0,0,val,2401,D1_training-e_e01417
r0f0,0,val,2404,D1_training-e_e01420
r0f0,0,val,2406,D1_training-e_e01422
r0f0,0,val,2409,D1_training-e_e01425
r0f0,0,val,2431,D1_training-e_e01447
r0f0,0,val,2436,D1_training-e_e01452
r0f0,0,val,2439,D1_training-e_e01455
r0f0,0,val,2453,D1_training-e_e01469
r0f0,0,val,2457,D1_training-e_e01473
r0f0,0,val,2459,D1_training-e_e01475
r0f0,0,val,2471,D1_training-e_e01487
r0f0,0,val,2473,D1_training-e_e01489
r0f0,0,val,2477,D1_training-e_e01493
r0f0,0,val,2483,D1_training-e_e01499
r0f0,0,val,2486,D1_training-e_e01502
r0f0,0,val,2488,D1_training-e_e01504
r0f0,0,val,2496,D1_training-e_e01512
r0f0,0,val,2498,D1_training-e_e01514
r0f0,0,val,2502,D1_training-e_e01518
r0f0,0,val,2505,D1_training-e_e01521
r0f0,0,val,2506,D1_training-e_e01522
r0f0,0,val,2508,D1_training-e_e01524
r0f0,0,val,2509,D1_training-e_e01525
r0f0,0,val,2518,D1_training-e_e01534
r0f0,0,val,2519,D1_training-e_e01535
r0f0,0,val,2523,D1_training-e_e01539
r0f0,0,val,2528,D1_training-e_e01544
r0f0,0,val,2530,D1_training-e_e01546
r0f0,0,val,2544,D1_training-e_e01560
r0f0,0,val,2545,D1_training-e_e01561
r0f0,0,val,2553,D1_training-e_e01569
r0f0,0,val,2554,D1_training-e_e01570
r0f0,0,val,2556,D1_training-e_e01572
r0f0,0,val,2559,D1_training-e_e01575
r0f0,0,val,2561,D1_training-e_e01577
r0f0,0,val,2563,D1_training-e_e01579
r0f0,0,val,2576,D1_training-e_e01592
r0f0,0,val,2579,D1_training-e_e01595
r0f0,0,val,2581,D1_training-e_e01597
r0f0,0,val,2584,D1_training-e_e01600
r0f0,0,val,2585,D1_training-e_e01601
r0f0,0,val,2586,D1_training-e_e01602
r0f0,0,val,2588,D1_training-e_e01604
r0f0,0,val,2603,D1_training-e_e01619
r0f0,0,val,2604,D1_training-e_e01620
r0f0,0,val,2608,D1_training-e_e01624
r0f0,0,val,2609,D1_training-e_e01625
r0f0,0,val,2613,D1_training-e_e01629
r0f0,0,val,2623,D1_training-e_e01639
r0f0,0,val,2627,D1_training-e_e01643
r0f0,0,val,2638,D1_training-e_e01654
r0f0,0,val,2644,D1_training-e_e01660
r0f0,0,val,2645,D1_training-e_e01661
r0f0,0,val,2649,D1_training-e_e01665
r0f0,0,val,2653,D1_training-e_e01669
r0f0,0,val,2657,D1_training-e_e01673
r0f0,0,val,2673,D1_training-e_e01689
r0f0,0,val,2674,D1_training-e_e01690
r0f0,0,val,2676,D1_training-e_e01692
r0f0,0,val,2679,D1_training-e_e01695
r0f0,0,val,2682,D1_training-e_e01698
r0f0,0,val,2686,D1_training-e_e01702
r0f0,0,val,2687,D1_training-e_e01703
r0f0,0,val,2688,D1_training-e_e01704
r0f0,0,val,2691,D1_training-e_e01707
r0f0,0,val,2692,D1_training-e_e01708
r0f0,0,val,2704,D1_training-e_e01720
r0f0,0,val,2707,D1_training-e_e01723
r0f0,0,val,2709,D1_training-e_e01725
r0f0,0,val,2710,D1_training-e_e01726
r0f0,0,val,2713,D1_training-e_e01729
r0f0,0,val,2734,D1_training-e_e01750
r0f0,0,val,2735,D1_training-e_e01751
r0f0,0,val,2736,D1_training-e_e01752
r0f0,0,val,2743,D1_training-e_e01759
r0f0,0,val,2745,D1_training-e_e01761
r0f0,0,val,2748,D1_training-e_e01764
r0f0,0,val,2750,D1_training-e_e01766
r0f0,0,val,2752,D1_training-e_e01768
r0f0,0,val,2755,D1_training-e_e01771
r0f0,0,val,2756,D1_training-e_e01772
r0f0,0,val,2758,D1_training-e_e01774
r0f0,0,val,2764,D1_training-e_e01780
r0f0,0,val,2765,D1_training-e_e01781
r0f0,0,val,2766,D1_training-e_e01782
r0f0,0,val,2776,D1_training-e_e01792
r0f0,0,val,2777,D1_training-e_e01793
r0f0,0,val,2779,D1_training-e_e01795
r0f0,0,val,2780,D1_training-e_e01796
r0f0,0,val,2781,D1_training-e_e01797
r0f0,0,val,2783,D1_training-e_e01799
r0f0,0,val,2784,D1_training-e_e01800
r0f0,0,val,2785,D1_training-e_e01801
r0f0,0,val,2786,D1_training-e_e01802
r0f0,0,val,2791,D1_training-e_e01807
r0f0,0,val,2796,D1_training-e_e01812
r0f0,0,val,2803,D1_training-e_e01819
r0f0,0,val,2806,D1_training-e_e01822
r0f0,0,val,2813,D1_training-e_e01829
r0f0,0,val,2814,D1_training-e_e01830
r0f0,0,val,2830,D1_training-e_e01846
r0f0,0,val,2832,D1_training-e_e01848
r0f0,0,val,2842,D1_training-e_e01858
r0f0,0,val,2846,D1_training-e_e01862
r0f0,0,val,2848,D1_training-e_e01864
r0f0,0,val,2849,D1_training-e_e01865
r0f0,0,val,2851,D1_training-e_e01867
r0f0,0,val,2858,D1_training-e_e01874
r0f0,0,val,2859,D1_training-e_e01875
r0f0,0,val,2862,D1_training-e_e01878
r0f0,0,val,2867,D1_training-e_e01883
r0f0,0,val,2870,D1_training-e_e01886
r0f0,0,val,2871,D1_training-e_e01887
r0f0,0,val,2879,D1_training-e_e01895
r0f0,0,val,2882,D1_training-e_e01898
r0f0,0,val,2883,D1_training-e_e01899
r0f0,0,val,2885,D1_training-e_e01901
r0f0,0,val,2887,D1_training-e_e01903
r0f0,0,val,2890,D1_training-e_e01906
r0f0,0,val,2892,D1_training-e_e01908
r0f0,0,val,2894,D1_training-e_e01910
r0f0,0,val,2896,D1_training-e_e01912
r0f0,0,val,2898,D1_training-e_e01914
r0f0,0,val,2902,D1_training-e_e01918
r0f0,0,val,2905,D1_training-e_e01921
r0f0,0,val,2907,D1_training-e_e01923
r0f0,0,val,2916,D1_training-e_e01932
r0f0,0,val,2918,D1_training-e_e01934
r0f0,0,val,2919,D1_training-e_e01935
r0f0,0,val,2926,D1_training-e_e01942
r0f0,0,val,2929,D1_training-e_e01945
r0f0,0,val,2930,D1_training-e_e01946
r0f0,0,val,2933,D1_training-e_e01949
r0f0,0,val,2934,D1_training-e_e01950
r0f0,0,val,2937,D1_training-e_e01953
r0f0,0,val,2938,D1_training-e_e01954
r0f0,0,val,2941,D1_training-e_e01957
r0f0,0,val,2942,D1_training-e_e01958
r0f0,0,val,2943,D1_training-e_e01959
r0f0,0,val,2949,D1_training-e_e01965
r0f0,0,val,2954,D1_training-e_e01970
r0f0,0,val,2956,D1_training-e_e01972
r0f0,0,val,2960,D1_training-e_e01976
r0f0,0,val,2961,D1_training-e_e01977
r0f0,0,val,2964,D1_training-e_e01980
r0f0,0,val,2965,D1_training-e_e01981
r0f0,0,val,2967,D1_training-e_e01983
r0f0,0,val,2969,D1_training-e_e01985
r0f0,0,val,2973,D1_training-e_e01989
r0f0,0,val,2976,D1_training-e_e01992
r0f0,0,val,2980,D1_training-e_e01996
r0f0,0,val,2984,D1_training-e_e02000
r0f0,0,val,2985,D1_training-e_e02001
r0f0,0,val,2993,D1_training-e_e02009
r0f0,0,val,2995,D1_training-e_e02011
r0f0,0,val,2998,D1_training-e_e02014
r0f0,0,val,3000,D1_training-e_e02016
r0f0,0,val,3001,D1_training-e_e02017
r0f0,0,val,3012,D1_training-e_e02028
r0f0,0,val,3014,D1_training-e_e02030
r0f0,0,val,3017,D1_training-e_e02033
r0f0,0,val,3026,D1_training-e_e02042
r0f0,0,val,3027,D1_training-e_e02043
r0f0,0,val,3029,D1_training-e_e02045
r0f0,0,val,3035,D1_training-e_e02051
r0f0,0,val,3041,D1_training-e_e02057
r0f0,0,val,3042,D1_training-e_e02058
r0f0,0,val,3043,D1_training-e_e02059
r0f0,0,val,3044,D1_training-e_e02060
r0f0,0,val,3048,D1_training-e_e02064
r0f0,0,val,3049,D1_training-e_e02065
r0f0,0,val,3051,D1_training-e_e02067
r0f0,0,val,3057,D1_training-e_e02073
r0f0,0,val,3058,D1_training-e_e02074
r0f0,0,val,3065,D1_training-e_e02081
r0f0,0,val,3069,D1_training-e_e02085
r0f0,0,val,3074,D1_training-e_e02090
r0f0,0,val,3075,D1_training-e_e02091
r0f0,0,val,3080,D1_training-e_e02096
r0f0,0,val,3084,D1_training-e_e02100
r0f0,0,val,3088,D1_training-e_e02104
r0f0,0,val,3091,D1_training-e_e02107
r0f0,0,val,3092,D1_training-e_e02108
r0f0,0,val,3099,D1_training-e_e02115
r0f0,0,val,3102,D1_training-e_e02118
r0f0,0,val,3104,D1_training-e_e02120
r0f0,0,val,3105,D1_training-e_e02121
r0f0,0,val,3106,D1_training-e_e02122
r0f0,0,val,3115,D1_training-e_e02131
r0f0,0,val,3117,D1_training-e_e02133
r0f0,0,val,3122,D1_training-e_e02138
r0f0,0,val,3126,D1_training-f_f0001
r0f0,0,val,3129,D1_training-f_f0004
r0f0,0,val,3130,D1_training-f_f0005
r0f0,0,val,3133,D1_training-f_f0008
r0f0,0,val,3140,D1_training-f_f0015
r0f0,0,val,3146,D1_training-f_f0021
r0f0,0,val,3160,D1_training-f_f0035
r0f0,0,val,3161,D1_training-f_f0036
r0f0,0,val,3164,D1_training-f_f0039
r0f0,0,val,3166,D1_training-f_f0041
r0f0,0,val,3168,D1_training-f_f0043
r0f0,0,val,3170,D1_training-f_f0045
r0f0,0,val,3173,D1_training-f_f0048
r0f0,0,val,3174,D1_training-f_f0049
r0f0,0,val,3176,D1_training-f_f0051
r0f0,0,val,3177,D1_training-f_f0052
r0f0,0,val,3181,D1_training-f_f0056
r0f0,0,val,3182,D1_training-f_f0057
r0f0,0,val,3190,D1_training-f_f0065
r0f0,0,val,3191,D1_training-f_f0066
r0f0,0,val,3192,D1_training-f_f0067
r0f0,0,val,3193,D1_training-f_f0068
r0f0,0,val,3197,D1_training-f_f0072
r0f0,0,val,3199,D1_training-f_f0074
r0f0,0,val,3200,D1_training-f_f0075
r0f0,0,val,3202,D1_training-f_f0077
r0f0,0,val,3208,D1_training-f_f0083
r0f0,0,val,3209,D1_training-f_f0084
r0f0,0,val,3214,D1_training-f_f0089
r0f0,0,val,3219,D1_training-f_f0094
r0f0,0,val,3220,D1_training-f_f0095
r0f0,0,val,3225,D1_training-f_f0100
r0f0,0,val,3229,D1_training-f_f0104
r0f0,0,val,3238,D1_training-f_f0113
r0f0,1,train,2,D1_training-a_a0003
r0f0,1,train,6,D1_training-a_a0007
r0f0,1,train,7,D1_training-a_a0008
r0f0,1,train,9,D1_training-a_a0010
r0f0,1,train,10,D1_training-a_a0011
r0f0,1,train,17,D1_training-a_a0018
r0f0,1,train,19,D1_training-a_a0020
r0f0,1,train,21,D1_training-a_a0022
r0f0,1,train,22,D1_training-a_a0023
r0f0,1,train,29,D1_training-a_a0030
r0f0,1,train,30,D1_training-a_a0031
r0f0,1,train,31,D1_training-a_a0032
r0f0,1,train,32,D1_training-a_a0033
r0f0,1,train,34,D1_training-a_a0035
r0f0,1,train,35,D1_training-a_a0036
r0f0,1,train,38,D1_training-a_a0039
r0f0,1,train,39,D1_training-a_a0040
r0f0,1,train,40,D1_training-a_a0041
r0f0,1,train,42,D1_training-a_a0043
r0f0,1,train,43,D1_training-a_a0044
r0f0,1,train,50,D1_training-a_a0051
r0f0,1,train,52,D1_training-a_a0053
r0f0,1,train,54,D1_training-a_a0055
r0f0,1,train,55,D1_training-a_a0056
r0f0,1,train,57,D1_training-a_a0058
r0f0,1,train,58,D1_training-a_a0059
r0f0,1,train,62,D1_training-a_a0063
r0f0,1,train,63,D1_training-a_a0064
r0f0,1,train,65,D1_training-a_a0066
r0f0,1,train,66,D1_training-a_a0067
r0f0,1,train,73,D1_training-a_a0074
r0f0,1,train,74,D1_training-a_a0075
r0f0,1,train,75,D1_training-a_a0076
r0f0,1,train,77,D1_training-a_a0078
r0f0,1,train,78,D1_training-a_a0079
r0f0,1,train,81,D1_training-a_a0082
r0f0,1,train,82,D1_training-a_a0083
r0f0,1,train,83,D1_training-a_a0084
r0f0,1,train,86,D1_training-a_a0087
r0f0,1,train,89,D1_training-a_a0090
r0f0,1,train,91,D1_training-a_a0092
r0f0,1,train,94,D1_training-a_a0095
r0f0,1,train,99,D1_training-a_a0100
r0f0,1,train,102,D1_training-a_a0103
r0f0,1,train,106,D1_training-a_a0107
r0f0,1,train,109,D1_training-a_a0110
r0f0,1,train,110,D1_training-a_a0111
r0f0,1,train,113,D1_training-a_a0114
r0f0,1,train,114,D1_training-a_a0115
r0f0,1,train,116,D1_training-a_a0117
r0f0,1,train,121,D1_training-a_a0122
r0f0,1,train,122,D1_training-a_a0123
r0f0,1,train,127,D1_training-a_a0128
r0f0,1,train,136,D1_training-a_a0137
r0f0,1,train,139,D1_training-a_a0140
r0f0,1,train,143,D1_training-a_a0144
r0f0,1,train,145,D1_training-a_a0146
r0f0,1,train,146,D1_training-a_a0147
r0f0,1,train,147,D1_training-a_a0148
r0f0,1,train,149,D1_training-a_a0150
r0f0,1,train,155,D1_training-a_a0156
r0f0,1,train,157,D1_training-a_a0158
r0f0,1,train,161,D1_training-a_a0162
r0f0,1,train,163,D1_training-a_a0164
r0f0,1,train,167,D1_training-a_a0168
r0f0,1,train,169,D1_training-a_a0170
r0f0,1,train,171,D1_training-a_a0172
r0f0,1,train,172,D1_training-a_a0173
r0f0,1,train,187,D1_training-a_a0188
r0f0,1,train,191,D1_training-a_a0192
r0f0,1,train,200,D1_training-a_a0201
r0f0,1,train,206,D1_training-a_a0207
r0f0,1,train,208,D1_training-a_a0209
r0f0,1,train,211,D1_training-a_a0212
r0f0,1,train,214,D1_training-a_a0215
r0f0,1,train,217,D1_training-a_a0218
r0f0,1,train,218,D1_training-a_a0219
r0f0,1,train,219,D1_training-a_a0220
r0f0,1,train,220,D1_training-a_a0221
r0f0,1,train,222,D1_training-a_a0223
r0f0,1,train,223,D1_training-a_a0224
r0f0,1,train,231,D1_training-a_a0232
r0f0,1,train,232,D1_training-a_a0233
r0f0,1,train,233,D1_training-a_a0234
r0f0,1,train,238,D1_training-a_a0239
r0f0,1,train,239,D1_training-a_a0240
r0f0,1,train,240,D1_training-a_a0241
r0f0,1,train,244,D1_training-a_a0245
r0f0,1,train,246,D1_training-a_a0247
r0f0,1,train,247,D1_training-a_a0248
r0f0,1,train,248,D1_training-a_a0249
r0f0,1,train,251,D1_training-a_a0252
r0f0,1,train,253,D1_training-a_a0254
r0f0,1,train,259,D1_training-a_a0260
r0f0,1,train,260,D1_training-a_a0261
r0f0,1,train,261,D1_training-a_a0262
r0f0,1,train,264,D1_training-a_a0265
r0f0,1,train,268,D1_training-a_a0269
r0f0,1,train,271,D1_training-a_a0272
r0f0,1,train,272,D1_training-a_a0273
r0f0,1,train,278,D1_training-a_a0279
r0f0,1,train,280,D1_training-a_a0281
r0f0,1,train,284,D1_training-a_a0285
r0f0,1,train,285,D1_training-a_a0286
r0f0,1,train,287,D1_training-a_a0288
r0f0,1,train,290,D1_training-a_a0291
r0f0,1,train,291,D1_training-a_a0292
r0f0,1,train,294,D1_training-a_a0295
r0f0,1,train,299,D1_training-a_a0300
r0f0,1,train,302,D1_training-a_a0303
r0f0,1,train,305,D1_training-a_a0306
r0f0,1,train,306,D1_training-a_a0307
r0f0,1,train,307,D1_training-a_a0308
r0f0,1,train,311,D1_training-a_a0312
r0f0,1,train,313,D1_training-a_a0314
r0f0,1,train,314,D1_training-a_a0315
r0f0,1,train,317,D1_training-a_a0318
r0f0,1,train,319,D1_training-a_a0320
r0f0,1,train,320,D1_training-a_a0321
r0f0,1,train,322,D1_training-a_a0323
r0f0,1,train,325,D1_training-a_a0326
r0f0,1,train,326,D1_training-a_a0327
r0f0,1,train,330,D1_training-a_a0331
r0f0,1,train,337,D1_training-a_a0338
r0f0,1,train,338,D1_training-a_a0339
r0f0,1,train,339,D1_training-a_a0340
r0f0,1,train,340,D1_training-a_a0341
r0f0,1,train,342,D1_training-a_a0343
r0f0,1,train,344,D1_training-a_a0345
r0f0,1,train,346,D1_training-a_a0347
r0f0,1,train,347,D1_training-a_a0348
r0f0,1,train,349,D1_training-a_a0350
r0f0,1,train,350,D1_training-a_a0351
r0f0,1,train,353,D1_training-a_a0354
r0f0,1,train,354,D1_training-a_a0355
r0f0,1,train,355,D1_training-a_a0356
r0f0,1,train,356,D1_training-a_a0357
r0f0,1,train,361,D1_training-a_a0362
r0f0,1,train,363,D1_training-a_a0364
r0f0,1,train,364,D1_training-a_a0365
r0f0,1,train,366,D1_training-a_a0367
r0f0,1,train,371,D1_training-a_a0372
r0f0,1,train,372,D1_training-a_a0373
r0f0,1,train,374,D1_training-a_a0375
r0f0,1,train,375,D1_training-a_a0376
r0f0,1,train,376,D1_training-a_a0377
r0f0,1,train,378,D1_training-a_a0379
r0f0,1,train,379,D1_training-a_a0380
r0f0,1,train,383,D1_training-a_a0384
r0f0,1,train,384,D1_training-a_a0385
r0f0,1,train,386,D1_training-a_a0387
r0f0,1,train,387,D1_training-a_a0388
r0f0,1,train,391,D1_training-a_a0392
r0f0,1,train,394,D1_training-a_a0395
r0f0,1,train,395,D1_training-a_a0396
r0f0,1,train,396,D1_training-a_a0397
r0f0,1,train,397,D1_training-a_a0398
r0f0,1,train,401,D1_training-a_a0402
r0f0,1,train,402,D1_training-a_a0403
r0f0,1,train,404,D1_training-a_a0405
r0f0,1,train,407,D1_training-a_a0408
r0f0,1,train,409,D1_training-b_b0001
r0f0,1,train,410,D1_training-b_b0002
r0f0,1,train,411,D1_training-b_b0003
r0f0,1,train,412,D1_training-b_b0004
r0f0,1,train,413,D1_training-b_b0005
r0f0,1,train,415,D1_training-b_b0007
r0f0,1,train,416,D1_training-b_b0008
r0f0,1,train,417,D1_training-b_b0009
r0f0,1,train,422,D1_training-b_b0014
r0f0,1,train,423,D1_training-b_b0015
r0f0,1,train,425,D1_training-b_b0017
r0f0,1,train,426,D1_training-b_b0018
r0f0,1,train,427,D1_training-b_b0019
r0f0,1,train,428,D1_training-b_b0020
r0f0,1,train,429,D1_training-b_b0021
r0f0,1,train,430,D1_training-b_b0022
r0f0,1,train,431,D1_training-b_b0023
r0f0,1,train,432,D1_training-b_b0024
r0f0,1,train,435,D1_training-b_b0027
r0f0,1,train,436,D1_training-b_b0028
r0f0,1,train,437,D1_training-b_b0029
r0f0,1,train,438,D1_training-b_b0030
r0f0,1,train,439,D1_training-b_b0031
r0f0,1,train,440,D1_training-b_b0032
r0f0,1,train,441,D1_training-b_b0033
r0f0,1,train,442,D1_training-b_b0034
r0f0,1,train,443,D1_training-b_b0035
r0f0,1,train,450,D1_training-b_b0042
r0f0,1,train,451,D1_training-b_b0043
r0f0,1,train,454,D1_training-b_b0046
r0f0,1,train,456,D1_training-b_b0048
r0f0,1,train,458,D1_training-b_b0050
r0f0,1,train,460,D1_training-b_b0052
r0f0,1,train,461,D1_training-b_b0053
r0f0,1,train,464,D1_training-b_b0056
r0f0,1,train,465,D1_training-b_b0057
r0f0,1,train,469,D1_training-b_b0061
r0f0,1,train,472,D1_training-b_b0064
r0f0,1,train,473,D1_training-b_b0065
r0f0,1,train,474,D1_training-b_b0066
r0f0,1,train,475,D1_training-b_b0067
r0f0,1,train,476,D1_training-b_b0068
r0f0,1,train,477,D1_training-b_b0069
r0f0,1,train,479,D1_training-b_b0071
r0f0,1,train,482,D1_training-b_b0074
r0f0,1,train,485,D1_training-b_b0077
r0f0,1,train,487,D1_training-b_b0079
r0f0,1,train,488,D1_training-b_b0080
r0f0,1,train,489,D1_training-b_b0081
r0f0,1,train,493,D1_training-b_b0085
r0f0,1,train,494,D1_training-b_b0086
r0f0,1,train,495,D1_training-b_b0087
r0f0,1,train,497,D1_training-b_b0089
r0f0,1,train,500,D1_training-b_b0092
r0f0,1,train,505,D1_training-b_b0097
r0f0,1,train,506,D1_training-b_b0098
r0f0,1,train,511,D1_training-b_b0103
r0f0,1,train,514,D1_training-b_b0106
r0f0,1,train,516,D1_training-b_b0108
r0f0,1,train,517,D1_training-b_b0109
r0f0,1,train,519,D1_training-b_b0111
r0f0,1,train,522,D1_training-b_b0114
r0f0,1,train,523,D1_training-b_b0115
r0f0,1,train,524,D1_training-b_b0116
r0f0,1,train,527,D1_training-b_b0119
r0f0,1,train,530,D1_training-b_b0122
r0f0,1,train,533,D1_training-b_b0125
r0f0,1,train,536,D1_training-b_b0128
r0f0,1,train,537,D1_training-b_b0129
r0f0,1,train,538,D1_training-b_b0130
r0f0,1,train,539,D1_training-b_b0131
r0f0,1,train,541,D1_training-b_b0133
r0f0,1,train,543,D1_training-b_b0135
r0f0,1,train,544,D1_training-b_b0136
r0f0,1,train,546,D1_training-b_b0138
r0f0,1,train,547,D1_training-b_b0139
r0f0,1,train,548,D1_training-b_b0140
r0f0,1,train,550,D1_training-b_b0142
r0f0,1,train,551,D1_training-b_b0143
r0f0,1,train,553,D1_training-b_b0145
r0f0,1,train,555,D1_training-b_b0147
r0f0,1,train,556,D1_training-b_b0148
r0f0,1,train,559,D1_training-b_b0151
r0f0,1,train,560,D1_training-b_b0152
r0f0,1,train,561,D1_training-b_b0153
r0f0,1,train,562,D1_training-b_b0154
r0f0,1,train,563,D1_training-b_b0155
r0f0,1,train,564,D1_training-b_b0156
r0f0,1,train,565,D1_training-b_b0157
r0f0,1,train,566,D1_training-b_b0158
r0f0,1,train,568,D1_training-b_b0160
r0f0,1,train,569,D1_training-b_b0161
r0f0,1,train,570,D1_training-b_b0162
r0f0,1,train,571,D1_training-b_b0163
r0f0,1,train,574,D1_training-b_b0166
r0f0,1,train,575,D1_training-b_b0167
r0f0,1,train,576,D1_training-b_b0168
r0f0,1,train,578,D1_training-b_b0170
r0f0,1,train,579,D1_training-b_b0171
r0f0,1,train,582,D1_training-b_b0174
r0f0,1,train,583,D1_training-b_b0175
r0f0,1,train,584,D1_training-b_b0176
r0f0,1,train,585,D1_training-b_b0177
r0f0,1,train,587,D1_training-b_b0179
r0f0,1,train,590,D1_training-b_b0182
r0f0,1,train,591,D1_training-b_b0183
r0f0,1,train,592,D1_training-b_b0184
r0f0,1,train,593,D1_training-b_b0185
r0f0,1,train,594,D1_training-b_b0186
r0f0,1,train,595,D1_training-b_b0187
r0f0,1,train,596,D1_training-b_b0188
r0f0,1,train,598,D1_training-b_b0190
r0f0,1,train,599,D1_training-b_b0191
r0f0,1,train,600,D1_training-b_b0192
r0f0,1,train,601,D1_training-b_b0193
r0f0,1,train,603,D1_training-b_b0195
r0f0,1,train,607,D1_training-b_b0199
r0f0,1,train,609,D1_training-b_b0201
r0f0,1,train,613,D1_training-b_b0205
r0f0,1,train,614,D1_training-b_b0206
r0f0,1,train,615,D1_training-b_b0207
r0f0,1,train,616,D1_training-b_b0208
r0f0,1,train,619,D1_training-b_b0211
r0f0,1,train,621,D1_training-b_b0213
r0f0,1,train,622,D1_training-b_b0214
r0f0,1,train,626,D1_training-b_b0218
r0f0,1,train,627,D1_training-b_b0219
r0f0,1,train,628,D1_training-b_b0220
r0f0,1,train,630,D1_training-b_b0222
r0f0,1,train,633,D1_training-b_b0225
r0f0,1,train,634,D1_training-b_b0226
r0f0,1,train,635,D1_training-b_b0227
r0f0,1,train,636,D1_training-b_b0228
r0f0,1,train,643,D1_training-b_b0235
r0f0,1,train,644,D1_training-b_b0236
r0f0,1,train,646,D1_training-b_b0238
r0f0,1,train,648,D1_training-b_b0240
r0f0,1,train,652,D1_training-b_b0244
r0f0,1,train,654,D1_training-b_b0246
r0f0,1,train,657,D1_training-b_b0249
r0f0,1,train,658,D1_training-b_b0250
r0f0,1,train,659,D1_training-b_b0251
r0f0,1,train,660,D1_training-b_b0252
r0f0,1,train,661,D1_training-b_b0253
r0f0,1,train,663,D1_training-b_b0255
r0f0,1,train,664,D1_training-b_b0256
r0f0,1,train,665,D1_training-b_b0257
r0f0,1,train,666,D1_training-b_b0258
r0f0,1,train,667,D1_training-b_b0259
r0f0,1,train,668,D1_training-b_b0260
r0f0,1,train,669,D1_training-b_b0261
r0f0,1,train,670,D1_training-b_b0262
r0f0,1,train,672,D1_training-b_b0264
r0f0,1,train,673,D1_training-b_b0265
r0f0,1,train,674,D1_training-b_b0266
r0f0,1,train,675,D1_training-b_b0267
r0f0,1,train,676,D1_training-b_b0268
r0f0,1,train,677,D1_training-b_b0269
r0f0,1,train,678,D1_training-b_b0270
r0f0,1,train,680,D1_training-b_b0272
r0f0,1,train,683,D1_training-b_b0275
r0f0,1,train,684,D1_training-b_b0276
r0f0,1,train,686,D1_training-b_b0278
r0f0,1,train,687,D1_training-b_b0279
r0f0,1,train,688,D1_training-b_b0280
r0f0,1,train,689,D1_training-b_b0281
r0f0,1,train,690,D1_training-b_b0282
r0f0,1,train,691,D1_training-b_b0283
r0f0,1,train,695,D1_training-b_b0287
r0f0,1,train,697,D1_training-b_b0289
r0f0,1,train,699,D1_training-b_b0291
r0f0,1,train,701,D1_training-b_b0293
r0f0,1,train,702,D1_training-b_b0294
r0f0,1,train,703,D1_training-b_b0295
r0f0,1,train,704,D1_training-b_b0296
r0f0,1,train,705,D1_training-b_b0297
r0f0,1,train,706,D1_training-b_b0298
r0f0,1,train,707,D1_training-b_b0299
r0f0,1,train,709,D1_training-b_b0301
r0f0,1,train,713,D1_training-b_b0305
r0f0,1,train,714,D1_training-b_b0306
r0f0,1,train,716,D1_training-b_b0308
r0f0,1,train,717,D1_training-b_b0309
r0f0,1,train,719,D1_training-b_b0311
r0f0,1,train,721,D1_training-b_b0313
r0f0,1,train,723,D1_training-b_b0315
r0f0,1,train,725,D1_training-b_b0317
r0f0,1,train,726,D1_training-b_b0318
r0f0,1,train,727,D1_training-b_b0319
r0f0,1,train,728,D1_training-b_b0320
r0f0,1,train,732,D1_training-b_b0324
r0f0,1,train,735,D1_training-b_b0327
r0f0,1,train,736,D1_training-b_b0328
r0f0,1,train,740,D1_training-b_b0332
r0f0,1,train,741,D1_training-b_b0333
r0f0,1,train,742,D1_training-b_b0334
r0f0,1,train,743,D1_training-b_b0335
r0f0,1,train,744,D1_training-b_b0336
r0f0,1,train,745,D1_training-b_b0337
r0f0,1,train,746,D1_training-b_b0338
r0f0,1,train,747,D1_training-b_b0339
r0f0,1,train,750,D1_training-b_b0342
r0f0,1,train,752,D1_training-b_b0344
r0f0,1,train,757,D1_training-b_b0349
r0f0,1,train,758,D1_training-b_b0350
r0f0,1,train,764,D1_training-b_b0356
r0f0,1,train,768,D1_training-b_b0360
r0f0,1,train,770,D1_training-b_b0362
r0f0,1,train,775,D1_training-b_b0367
r0f0,1,train,779,D1_training-b_b0371
r0f0,1,train,780,D1_training-b_b0372
r0f0,1,train,781,D1_training-b_b0373
r0f0,1,train,782,D1_training-b_b0374
r0f0,1,train,783,D1_training-b_b0375
r0f0,1,train,784,D1_training-b_b0376
r0f0,1,train,787,D1_training-b_b0379
r0f0,1,train,789,D1_training-b_b0381
r0f0,1,train,791,D1_training-b_b0383
r0f0,1,train,792,D1_training-b_b0384
r0f0,1,train,793,D1_training-b_b0385
r0f0,1,train,798,D1_training-b_b0390
r0f0,1,train,799,D1_training-b_b0391
r0f0,1,train,800,D1_training-b_b0392
r0f0,1,train,801,D1_training-b_b0393
r0f0,1,train,802,D1_training-b_b0394
r0f0,1,train,808,D1_training-b_b0400
r0f0,1,train,810,D1_training-b_b0402
r0f0,1,train,811,D1_training-b_b0403
r0f0,1,train,812,D1_training-b_b0404
r0f0,1,train,813,D1_training-b_b0405
r0f0,1,train,814,D1_training-b_b0406
r0f0,1,train,817,D1_training-b_b0409
r0f0,1,train,819,D1_training-b_b0411
r0f0,1,train,820,D1_training-b_b0412
r0f0,1,train,821,D1_training-b_b0413
r0f0,1,train,823,D1_training-b_b0415
r0f0,1,train,824,D1_training-b_b0416
r0f0,1,train,825,D1_training-b_b0417
r0f0,1,train,828,D1_training-b_b0420
r0f0,1,train,831,D1_training-b_b0423
r0f0,1,train,832,D1_training-b_b0424
r0f0,1,train,833,D1_training-b_b0425
r0f0,1,train,834,D1_training-b_b0426
r0f0,1,train,835,D1_training-b_b0427
r0f0,1,train,836,D1_training-b_b0428
r0f0,1,train,837,D1_training-b_b0429
r0f0,1,train,840,D1_training-b_b0432
r0f0,1,train,841,D1_training-b_b0433
r0f0,1,train,842,D1_training-b_b0434
r0f0,1,train,843,D1_training-b_b0435
r0f0,1,train,844,D1_training-b_b0436
r0f0,1,train,845,D1_training-b_b0437
r0f0,1,train,846,D1_training-b_b0438
r0f0,1,train,847,D1_training-b_b0439
r0f0,1,train,848,D1_training-b_b0440
r0f0,1,train,849,D1_training-b_b0441
r0f0,1,train,851,D1_training-b_b0443
r0f0,1,train,852,D1_training-b_b0444
r0f0,1,train,854,D1_training-b_b0446
r0f0,1,train,855,D1_training-b_b0447
r0f0,1,train,856,D1_training-b_b0448
r0f0,1,train,857,D1_training-b_b0449
r0f0,1,train,861,D1_training-b_b0453
r0f0,1,train,862,D1_training-b_b0454
r0f0,1,train,863,D1_training-b_b0455
r0f0,1,train,865,D1_training-b_b0457
r0f0,1,train,867,D1_training-b_b0459
r0f0,1,train,872,D1_training-b_b0464
r0f0,1,train,876,D1_training-b_b0468
r0f0,1,train,877,D1_training-b_b0469
r0f0,1,train,881,D1_training-b_b0473
r0f0,1,train,882,D1_training-b_b0474
r0f0,1,train,883,D1_training-b_b0475
r0f0,1,train,884,D1_training-b_b0476
r0f0,1,train,885,D1_training-b_b0477
r0f0,1,train,886,D1_training-b_b0478
r0f0,1,train,887,D1_training-b_b0479
r0f0,1,train,888,D1_training-b_b0480
r0f0,1,train,889,D1_training-b_b0481
r0f0,1,train,890,D1_training-b_b0482
r0f0,1,train,891,D1_training-b_b0483
r0f0,1,train,892,D1_training-b_b0484
r0f0,1,train,895,D1_training-b_b0487
r0f0,1,train,896,D1_training-b_b0488
r0f0,1,train,898,D1_training-b_b0490
r0f0,1,train,902,D1_training-c_c0004
r0f0,1,train,903,D1_training-c_c0005
r0f0,1,train,906,D1_training-c_c0008
r0f0,1,train,907,D1_training-c_c0009
r0f0,1,train,910,D1_training-c_c0012
r0f0,1,train,911,D1_training-c_c0013
r0f0,1,train,912,D1_training-c_c0014
r0f0,1,train,913,D1_training-c_c0015
r0f0,1,train,914,D1_training-c_c0016
r0f0,1,train,916,D1_training-c_c0018
r0f0,1,train,919,D1_training-c_c0021
r0f0,1,train,920,D1_training-c_c0022
r0f0,1,train,921,D1_training-c_c0023
r0f0,1,train,923,D1_training-c_c0025
r0f0,1,train,925,D1_training-c_c0027
r0f0,1,train,926,D1_training-c_c0028
r0f0,1,train,928,D1_training-c_c0030
r0f0,1,train,929,D1_training-c_c0031
r0f0,1,train,931,D1_training-d_d0002
r0f0,1,train,932,D1_training-d_d0003
r0f0,1,train,936,D1_training-d_d0007
r0f0,1,train,938,D1_training-d_d0009
r0f0,1,train,941,D1_training-d_d0012
r0f0,1,train,942,D1_training-d_d0013
r0f0,1,train,944,D1_training-d_d0015
r0f0,1,train,946,D1_training-d_d0017
r0f0,1,train,947,D1_training-d_d0018
r0f0,1,train,949,D1_training-d_d0020
r0f0,1,train,953,D1_training-d_d0024
r0f0,1,train,954,D1_training-d_d0025
r0f0,1,train,957,D1_training-d_d0028
r0f0,1,train,958,D1_training-d_d0029
r0f0,1,train,960,D1_training-d_d0031
r0f0,1,train,963,D1_training-d_d0034
r0f0,1,train,965,D1_training-d_d0036
r0f0,1,train,967,D1_training-d_d0038
r0f0,1,train,968,D1_training-d_d0039
r0f0,1,train,972,D1_training-d_d0043
r0f0,1,train,975,D1_training-d_d0046
r0f0,1,train,976,D1_training-d_d0047
r0f0,1,train,977,D1_training-d_d0048
r0f0,1,train,978,D1_training-d_d0049
r0f0,1,train,979,D1_training-d_d0050
r0f0,1,train,982,D1_training-d_d0053
r0f0,1,train,985,D1_training-e_e00001
r0f0,1,train,986,D1_training-e_e00002
r0f0,1,train,988,D1_training-e_e00004
r0f0,1,train,989,D1_training-e_e00005
r0f0,1,train,991,D1_training-e_e00007
r0f0,1,train,992,D1_training-e_e00008
r0f0,1,train,995,D1_training-e_e00011
r0f0,1,train,996,D1_training-e_e00012
r0f0,1,train,997,D1_training-e_e00013
r0f0,1,train,998,D1_training-e_e00014
r0f0,1,train,1000,D1_training-e_e00016
r0f0,1,train,1001,D1_training-e_e00017
r0f0,1,train,1002,D1_training-e_e00018
r0f0,1,train,1005,D1_training-e_e00021
r0f0,1,train,1006,D1_training-e_e00022
r0f0,1,train,1012,D1_training-e_e00028
r0f0,1,train,1013,D1_training-e_e00029
r0f0,1,train,1014,D1_training-e_e00030
r0f0,1,train,1017,D1_training-e_e00033
r0f0,1,train,1018,D1_training-e_e00034
r0f0,1,train,1020,D1_training-e_e00036
r0f0,1,train,1021,D1_training-e_e00037
r0f0,1,train,1023,D1_training-e_e00039
r0f0,1,train,1025,D1_training-e_e00041
r0f0,1,train,1026,D1_training-e_e00042
r0f0,1,train,1027,D1_training-e_e00043
r0f0,1,train,1029,D1_training-e_e00045
r0f0,1,train,1031,D1_training-e_e00047
r0f0,1,train,1032,D1_training-e_e00048
r0f0,1,train,1034,D1_training-e_e00050
r0f0,1,train,1036,D1_training-e_e00052
r0f0,1,train,1037,D1_training-e_e00053
r0f0,1,train,1038,D1_training-e_e00054
r0f0,1,train,1039,D1_training-e_e00055
r0f0,1,train,1040,D1_training-e_e00056
r0f0,1,train,1042,D1_training-e_e00058
r0f0,1,train,1043,D1_training-e_e00059
r0f0,1,train,1046,D1_training-e_e00062
r0f0,1,train,1051,D1_training-e_e00067
r0f0,1,train,1053,D1_training-e_e00069
r0f0,1,train,1056,D1_training-e_e00072
r0f0,1,train,1058,D1_training-e_e00074
r0f0,1,train,1061,D1_training-e_e00077
r0f0,1,train,1062,D1_training-e_e00078
r0f0,1,train,1063,D1_training-e_e00079
r0f0,1,train,1064,D1_training-e_e00080
r0f0,1,train,1065,D1_training-e_e00081
r0f0,1,train,1067,D1_training-e_e00083
r0f0,1,train,1068,D1_training-e_e00084
r0f0,1,train,1069,D1_training-e_e00085
r0f0,1,train,1070,D1_training-e_e00086
r0f0,1,train,1071,D1_training-e_e00087
r0f0,1,train,1073,D1_training-e_e00089
r0f0,1,train,1074,D1_training-e_e00090
r0f0,1,train,1076,D1_training-e_e00092
r0f0,1,train,1078,D1_training-e_e00094
r0f0,1,train,1079,D1_training-e_e00095
r0f0,1,train,1080,D1_training-e_e00096
r0f0,1,train,1082,D1_training-e_e00098
r0f0,1,train,1086,D1_training-e_e00102
r0f0,1,train,1087,D1_training-e_e00103
r0f0,1,train,1091,D1_training-e_e00107
r0f0,1,train,1093,D1_training-e_e00109
r0f0,1,train,1101,D1_training-e_e00117
r0f0,1,train,1102,D1_training-e_e00118
r0f0,1,train,1103,D1_training-e_e00119
r0f0,1,train,1104,D1_training-e_e00120
r0f0,1,train,1105,D1_training-e_e00121
r0f0,1,train,1109,D1_training-e_e00125
r0f0,1,train,1110,D1_training-e_e00126
r0f0,1,train,1111,D1_training-e_e00127
r0f0,1,train,1112,D1_training-e_e00128
r0f0,1,train,1113,D1_training-e_e00129
r0f0,1,train,1114,D1_training-e_e00130
r0f0,1,train,1115,D1_training-e_e00131
r0f0,1,train,1117,D1_training-e_e00133
r0f0,1,train,1118,D1_training-e_e00134
r0f0,1,train,1119,D1_training-e_e00135
r0f0,1,train,1122,D1_training-e_e00138
r0f0,1,train,1123,D1_training-e_e00139
r0f0,1,train,1124,D1_training-e_e00140
r0f0,1,train,1126,D1_training-e_e00142
r0f0,1,train,1127,D1_training-e_e00143
r0f0,1,train,1128,D1_training-e_e00144
r0f0,1,train,1130,D1_training-e_e00146
r0f0,1,train,1131,D1_training-e_e00147
r0f0,1,train,1132,D1_training-e_e00148
r0f0,1,train,1136,D1_training-e_e00152
r0f0,1,train,1137,D1_training-e_e00153
r0f0,1,train,1138,D1_training-e_e00154
r0f0,1,train,1140,D1_training-e_e00156
r0f0,1,train,1141,D1_training-e_e00157
r0f0,1,train,1142,D1_training-e_e00158
r0f0,1,train,1143,D1_training-e_e00159
r0f0,1,train,1144,D1_training-e_e00160
r0f0,1,train,1145,D1_training-e_e00161
r0f0,1,train,1146,D1_training-e_e00162
r0f0,1,train,1148,D1_training-e_e00164
r0f0,1,train,1149,D1_training-e_e00165
r0f0,1,train,1151,D1_training-e_e00167
r0f0,1,train,1152,D1_training-e_e00168
r0f0,1,train,1153,D1_training-e_e00169
r0f0,1,train,1154,D1_training-e_e00170
r0f0,1,train,1155,D1_training-e_e00171
r0f0,1,train,1156,D1_training-e_e00172
r0f0,1,train,1157,D1_training-e_e00173
r0f0,1,train,1158,D1_training-e_e00174
r0f0,1,train,1163,D1_training-e_e00179
r0f0,1,train,1168,D1_training-e_e00184
r0f0,1,train,1171,D1_training-e_e00187
r0f0,1,train,1173,D1_training-e_e00189
r0f0,1,train,1175,D1_training-e_e00191
r0f0,1,train,1176,D1_training-e_e00192
r0f0,1,train,1178,D1_training-e_e00194
r0f0,1,train,1181,D1_training-e_e00197
r0f0,1,train,1182,D1_training-e_e00198
r0f0,1,train,1183,D1_training-e_e00199
r0f0,1,train,1187,D1_training-e_e00203
r0f0,1,train,1191,D1_training-e_e00207
r0f0,1,train,1193,D1_training-e_e00209
r0f0,1,train,1198,D1_training-e_e00214
r0f0,1,train,1199,D1_training-e_e00215
r0f0,1,train,1200,D1_training-e_e00216
r0f0,1,train,1202,D1_training-e_e00218
r0f0,1,train,1203,D1_training-e_e00219
r0f0,1,train,1207,D1_training-e_e00223
r0f0,1,train,1209,D1_training-e_e00225
r0f0,1,train,1210,D1_training-e_e00226
r0f0,1,train,1211,D1_training-e_e00227
r0f0,1,train,1215,D1_training-e_e00231
r0f0,1,train,1218,D1_training-e_e00234
r0f0,1,train,1219,D1_training-e_e00235
r0f0,1,train,1220,D1_training-e_e00236
r0f0,1,train,1221,D1_training-e_e00237
r0f0,1,train,1223,D1_training-e_e00239
r0f0,1,train,1224,D1_training-e_e00240
r0f0,1,train,1225,D1_training-e_e00241
r0f0,1,train,1228,D1_training-e_e00244
r0f0,1,train,1230,D1_training-e_e00246
r0f0,1,train,1231,D1_training-e_e00247
r0f0,1,train,1232,D1_training-e_e00248
r0f0,1,train,1234,D1_training-e_e00250
r0f0,1,train,1235,D1_training-e_e00251
r0f0,1,train,1236,D1_training-e_e00252
r0f0,1,train,1237,D1_training-e_e00253
r0f0,1,train,1238,D1_training-e_e00254
r0f0,1,train,1239,D1_training-e_e00255
r0f0,1,train,1240,D1_training-e_e00256
r0f0,1,train,1241,D1_training-e_e00257
r0f0,1,train,1242,D1_training-e_e00258
r0f0,1,train,1243,D1_training-e_e00259
r0f0,1,train,1246,D1_training-e_e00262
r0f0,1,train,1248,D1_training-e_e00264
r0f0,1,train,1249,D1_training-e_e00265
r0f0,1,train,1251,D1_training-e_e00267
r0f0,1,train,1253,D1_training-e_e00269
r0f0,1,train,1255,D1_training-e_e00271
r0f0,1,train,1256,D1_training-e_e00272
r0f0,1,train,1258,D1_training-e_e00274
r0f0,1,train,1259,D1_training-e_e00275
r0f0,1,train,1261,D1_training-e_e00277
r0f0,1,train,1263,D1_training-e_e00279
r0f0,1,train,1265,D1_training-e_e00281
r0f0,1,train,1266,D1_training-e_e00282
r0f0,1,train,1267,D1_training-e_e00283
r0f0,1,train,1270,D1_training-e_e00286
r0f0,1,train,1271,D1_training-e_e00287
r0f0,1,train,1272,D1_training-e_e00288
r0f0,1,train,1275,D1_training-e_e00291
r0f0,1,train,1276,D1_training-e_e00292
r0f0,1,train,1277,D1_training-e_e00293
r0f0,1,train,1278,D1_training-e_e00294
r0f0,1,train,1285,D1_training-e_e00301
r0f0,1,train,1286,D1_training-e_e00302
r0f0,1,train,1288,D1_training-e_e00304
r0f0,1,train,1290,D1_training-e_e00306
r0f0,1,train,1293,D1_training-e_e00309
r0f0,1,train,1297,D1_training-e_e00313
r0f0,1,train,1298,D1_training-e_e00314
r0f0,1,train,1301,D1_training-e_e00317
r0f0,1,train,1303,D1_training-e_e00319
r0f0,1,train,1304,D1_training-e_e00320
r0f0,1,train,1305,D1_training-e_e00321
r0f0,1,train,1306,D1_training-e_e00322
r0f0,1,train,1307,D1_training-e_e00323
r0f0,1,train,1309,D1_training-e_e00325
r0f0,1,train,1310,D1_training-e_e00326
r0f0,1,train,1311,D1_training-e_e00327
r0f0,1,train,1313,D1_training-e_e00329
r0f0,1,train,1314,D1_training-e_e00330
r0f0,1,train,1319,D1_training-e_e00335
r0f0,1,train,1323,D1_training-e_e00339
r0f0,1,train,1325,D1_training-e_e00341
r0f0,1,train,1326,D1_training-e_e00342
r0f0,1,train,1332,D1_training-e_e00348
r0f0,1,train,1333,D1_training-e_e00349
r0f0,1,train,1335,D1_training-e_e00351
r0f0,1,train,1338,D1_training-e_e00354
r0f0,1,train,1339,D1_training-e_e00355
r0f0,1,train,1340,D1_training-e_e00356
r0f0,1,train,1342,D1_training-e_e00358
r0f0,1,train,1343,D1_training-e_e00359
r0f0,1,train,1345,D1_training-e_e00361
r0f0,1,train,1347,D1_training-e_e00363
r0f0,1,train,1348,D1_training-e_e00364
r0f0,1,train,1352,D1_training-e_e00368
r0f0,1,train,1353,D1_training-e_e00369
r0f0,1,train,1354,D1_training-e_e00370
r0f0,1,train,1355,D1_training-e_e00371
r0f0,1,train,1358,D1_training-e_e00374
r0f0,1,train,1366,D1_training-e_e00382
r0f0,1,train,1373,D1_training-e_e00389
r0f0,1,train,1378,D1_training-e_e00394
r0f0,1,train,1379,D1_training-e_e00395
r0f0,1,train,1383,D1_training-e_e00399
r0f0,1,train,1385,D1_training-e_e00401
r0f0,1,train,1386,D1_training-e_e00402
r0f0,1,train,1392,D1_training-e_e00408
r0f0,1,train,1393,D1_training-e_e00409
r0f0,1,train,1395,D1_training-e_e00411
r0f0,1,train,1396,D1_training-e_e00412
r0f0,1,train,1398,D1_training-e_e00414
r0f0,1,train,1401,D1_training-e_e00417
r0f0,1,train,1402,D1_training-e_e00418
r0f0,1,train,1403,D1_training-e_e00419
r0f0,1,train,1405,D1_training-e_e00421
r0f0,1,train,1407,D1_training-e_e00423
r0f0,1,train,1408,D1_training-e_e00424
r0f0,1,train,1409,D1_training-e_e00425
r0f0,1,train,1412,D1_training-e_e00428
r0f0,1,train,1413,D1_training-e_e00429
r0f0,1,train,1414,D1_training-e_e00430
r0f0,1,train,1416,D1_training-e_e00432
r0f0,1,train,1417,D1_training-e_e00433
r0f0,1,train,1419,D1_training-e_e00435
r0f0,1,train,1421,D1_training-e_e00437
r0f0,1,train,1422,D1_training-e_e00438
r0f0,1,train,1423,D1_training-e_e00439
r0f0,1,train,1424,D1_training-e_e00440
r0f0,1,train,1425,D1_training-e_e00441
r0f0,1,train,1426,D1_training-e_e00442
r0f0,1,train,1427,D1_training-e_e00443
r0f0,1,train,1429,D1_training-e_e00445
r0f0,1,train,1431,D1_training-e_e00447
r0f0,1,train,1432,D1_training-e_e00448
r0f0,1,train,1434,D1_training-e_e00450
r0f0,1,train,1435,D1_training-e_e00451
r0f0,1,train,1438,D1_training-e_e00454
r0f0,1,train,1439,D1_training-e_e00455
r0f0,1,train,1443,D1_training-e_e00459
r0f0,1,train,1444,D1_training-e_e00460
r0f0,1,train,1445,D1_training-e_e00461
r0f0,1,train,1446,D1_training-e_e00462
r0f0,1,train,1447,D1_training-e_e00463
r0f0,1,train,1449,D1_training-e_e00465
r0f0,1,train,1452,D1_training-e_e00468
r0f0,1,train,1454,D1_training-e_e00470
r0f0,1,train,1455,D1_training-e_e00471
r0f0,1,train,1456,D1_training-e_e00472
r0f0,1,train,1459,D1_training-e_e00475
r0f0,1,train,1461,D1_training-e_e00477
r0f0,1,train,1462,D1_training-e_e00478
r0f0,1,train,1463,D1_training-e_e00479
r0f0,1,train,1464,D1_training-e_e00480
r0f0,1,train,1465,D1_training-e_e00481
r0f0,1,train,1466,D1_training-e_e00482
r0f0,1,train,1467,D1_training-e_e00483
r0f0,1,train,1468,D1_training-e_e00484
r0f0,1,train,1472,D1_training-e_e00488
r0f0,1,train,1473,D1_training-e_e00489
r0f0,1,train,1474,D1_training-e_e00490
r0f0,1,train,1475,D1_training-e_e00491
r0f0,1,train,1476,D1_training-e_e00492
r0f0,1,train,1478,D1_training-e_e00494
r0f0,1,train,1480,D1_training-e_e00496
r0f0,1,train,1481,D1_training-e_e00497
r0f0,1,train,1485,D1_training-e_e00501
r0f0,1,train,1492,D1_training-e_e00508
r0f0,1,train,1493,D1_training-e_e00509
r0f0,1,train,1494,D1_training-e_e00510
r0f0,1,train,1495,D1_training-e_e00511
r0f0,1,train,1496,D1_training-e_e00512
r0f0,1,train,1497,D1_training-e_e00513
r0f0,1,train,1500,D1_training-e_e00516
r0f0,1,train,1501,D1_training-e_e00517
r0f0,1,train,1502,D1_training-e_e00518
r0f0,1,train,1504,D1_training-e_e00520
r0f0,1,train,1514,D1_training-e_e00530
r0f0,1,train,1517,D1_training-e_e00533
r0f0,1,train,1521,D1_training-e_e00537
r0f0,1,train,1523,D1_training-e_e00539
r0f0,1,train,1524,D1_training-e_e00540
r0f0,1,train,1525,D1_training-e_e00541
r0f0,1,train,1526,D1_training-e_e00542
r0f0,1,train,1529,D1_training-e_e00545
r0f0,1,train,1532,D1_training-e_e00548
r0f0,1,train,1536,D1_training-e_e00552
r0f0,1,train,1539,D1_training-e_e00555
r0f0,1,train,1540,D1_training-e_e00556
r0f0,1,train,1543,D1_training-e_e00559
r0f0,1,train,1545,D1_training-e_e00561
r0f0,1,train,1547,D1_training-e_e00563
r0f0,1,train,1548,D1_training-e_e00564
r0f0,1,train,1552,D1_training-e_e00568
r0f0,1,train,1554,D1_training-e_e00570
r0f0,1,train,1555,D1_training-e_e00571
r0f0,1,train,1557,D1_training-e_e00573
r0f0,1,train,1558,D1_training-e_e00574
r0f0,1,train,1559,D1_training-e_e00575
r0f0,1,train,1560,D1_training-e_e00576
r0f0,1,train,1564,D1_training-e_e00580
r0f0,1,train,1565,D1_training-e_e00581
r0f0,1,train,1566,D1_training-e_e00582
r0f0,1,train,1567,D1_training-e_e00583
r0f0,1,train,1570,D1_training-e_e00586
r0f0,1,train,1571,D1_training-e_e00587
r0f0,1,train,1572,D1_training-e_e00588
r0f0,1,train,1573,D1_training-e_e00589
r0f0,1,train,1576,D1_training-e_e00592
r0f0,1,train,1577,D1_training-e_e00593
r0f0,1,train,1581,D1_training-e_e00597
r0f0,1,train,1582,D1_training-e_e00598
r0f0,1,train,1583,D1_training-e_e00599
r0f0,1,train,1584,D1_training-e_e00600
r0f0,1,train,1585,D1_training-e_e00601
r0f0,1,train,1586,D1_training-e_e00602
r0f0,1,train,1588,D1_training-e_e00604
r0f0,1,train,1596,D1_training-e_e00612
r0f0,1,train,1598,D1_training-e_e00614
r0f0,1,train,1601,D1_training-e_e00617
r0f0,1,train,1602,D1_training-e_e00618
r0f0,1,train,1604,D1_training-e_e00620
r0f0,1,train,1606,D1_training-e_e00622
r0f0,1,train,1607,D1_training-e_e00623
r0f0,1,train,1609,D1_training-e_e00625
r0f0,1,train,1610,D1_training-e_e00626
r0f0,1,train,1612,D1_training-e_e00628
r0f0,1,train,1613,D1_training-e_e00629
r0f0,1,train,1615,D1_training-e_e00631
r0f0,1,train,1617,D1_training-e_e00633
r0f0,1,train,1620,D1_training-e_e00636
r0f0,1,train,1623,D1_training-e_e00639
r0f0,1,train,1625,D1_training-e_e00641
r0f0,1,train,1626,D1_training-e_e00642
r0f0,1,train,1627,D1_training-e_e00643
r0f0,1,train,1628,D1_training-e_e00644
r0f0,1,train,1630,D1_training-e_e00646
r0f0,1,train,1631,D1_training-e_e00647
r0f0,1,train,1632,D1_training-e_e00648
r0f0,1,train,1633,D1_training-e_e00649
r0f0,1,train,1638,D1_training-e_e00654
r0f0,1,train,1639,D1_training-e_e00655
r0f0,1,train,1640,D1_training-e_e00656
r0f0,1,train,1641,D1_training-e_e00657
r0f0,1,train,1642,D1_training-e_e00658
r0f0,1,train,1643,D1_training-e_e00659
r0f0,1,train,1646,D1_training-e_e00662
r0f0,1,train,1649,D1_training-e_e00665
r0f0,1,train,1650,D1_training-e_e00666
r0f0,1,train,1652,D1_training-e_e00668
r0f0,1,train,1654,D1_training-e_e00670
r0f0,1,train,1655,D1_training-e_e00671
r0f0,1,train,1657,D1_training-e_e00673
r0f0,1,train,1659,D1_training-e_e00675
r0f0,1,train,1660,D1_training-e_e00676
r0f0,1,train,1662,D1_training-e_e00678
r0f0,1,train,1663,D1_training-e_e00679
r0f0,1,train,1665,D1_training-e_e00681
r0f0,1,train,1667,D1_training-e_e00683
r0f0,1,train,1668,D1_training-e_e00684
r0f0,1,train,1671,D1_training-e_e00687
r0f0,1,train,1672,D1_training-e_e00688
r0f0,1,train,1676,D1_training-e_e00692
r0f0,1,train,1678,D1_training-e_e00694
r0f0,1,train,1679,D1_training-e_e00695
r0f0,1,train,1680,D1_training-e_e00696
r0f0,1,train,1682,D1_training-e_e00698
r0f0,1,train,1683,D1_training-e_e00699
r0f0,1,train,1688,D1_training-e_e00704
r0f0,1,train,1689,D1_training-e_e00705
r0f0,1,train,1690,D1_training-e_e00706
r0f0,1,train,1693,D1_training-e_e00709
r0f0,1,train,1695,D1_training-e_e00711
r0f0,1,train,1696,D1_training-e_e00712
r0f0,1,train,1699,D1_training-e_e00715
r0f0,1,train,1701,D1_training-e_e00717
r0f0,1,train,1704,D1_training-e_e00720
r0f0,1,train,1706,D1_training-e_e00722
r0f0,1,train,1708,D1_training-e_e00724
r0f0,1,train,1709,D1_training-e_e00725
r0f0,1,train,1711,D1_training-e_e00727
r0f0,1,train,1712,D1_training-e_e00728
r0f0,1,train,1716,D1_training-e_e00732
r0f0,1,train,1717,D1_training-e_e00733
r0f0,1,train,1719,D1_training-e_e00735
r0f0,1,train,1720,D1_training-e_e00736
r0f0,1,train,1722,D1_training-e_e00738
r0f0,1,train,1724,D1_training-e_e00740
r0f0,1,train,1727,D1_training-e_e00743
r0f0,1,train,1728,D1_training-e_e00744
r0f0,1,train,1729,D1_training-e_e00745
r0f0,1,train,1733,D1_training-e_e00749
r0f0,1,train,1737,D1_training-e_e00753
r0f0,1,train,1739,D1_training-e_e00755
r0f0,1,train,1743,D1_training-e_e00759
r0f0,1,train,1745,D1_training-e_e00761
r0f0,1,train,1746,D1_training-e_e00762
r0f0,1,train,1748,D1_training-e_e00764
r0f0,1,train,1753,D1_training-e_e00769
r0f0,1,train,1756,D1_training-e_e00772
r0f0,1,train,1757,D1_training-e_e00773
r0f0,1,train,1758,D1_training-e_e00774
r0f0,1,train,1759,D1_training-e_e00775
r0f0,1,train,1760,D1_training-e_e00776
r0f0,1,train,1763,D1_training-e_e00779
r0f0,1,train,1765,D1_training-e_e00781
r0f0,1,train,1766,D1_training-e_e00782
r0f0,1,train,1771,D1_training-e_e00787
r0f0,1,train,1774,D1_training-e_e00790
r0f0,1,train,1775,D1_training-e_e00791
r0f0,1,train,1777,D1_training-e_e00793
r0f0,1,train,1778,D1_training-e_e00794
r0f0,1,train,1779,D1_training-e_e00795
r0f0,1,train,1781,D1_training-e_e00797
r0f0,1,train,1782,D1_training-e_e00798
r0f0,1,train,1783,D1_training-e_e00799
r0f0,1,train,1784,D1_training-e_e00800
r0f0,1,train,1786,D1_training-e_e00802
r0f0,1,train,1787,D1_training-e_e00803
r0f0,1,train,1791,D1_training-e_e00807
r0f0,1,train,1794,D1_training-e_e00810
r0f0,1,train,1797,D1_training-e_e00813
r0f0,1,train,1798,D1_training-e_e00814
r0f0,1,train,1799,D1_training-e_e00815
r0f0,1,train,1800,D1_training-e_e00816
r0f0,1,train,1801,D1_training-e_e00817
r0f0,1,train,1802,D1_training-e_e00818
r0f0,1,train,1803,D1_training-e_e00819
r0f0,1,train,1805,D1_training-e_e00821
r0f0,1,train,1807,D1_training-e_e00823
r0f0,1,train,1808,D1_training-e_e00824
r0f0,1,train,1810,D1_training-e_e00826
r0f0,1,train,1811,D1_training-e_e00827
r0f0,1,train,1812,D1_training-e_e00828
r0f0,1,train,1813,D1_training-e_e00829
r0f0,1,train,1816,D1_training-e_e00832
r0f0,1,train,1818,D1_training-e_e00834
r0f0,1,train,1819,D1_training-e_e00835
r0f0,1,train,1820,D1_training-e_e00836
r0f0,1,train,1821,D1_training-e_e00837
r0f0,1,train,1822,D1_training-e_e00838
r0f0,1,train,1823,D1_training-e_e00839
r0f0,1,train,1824,D1_training-e_e00840
r0f0,1,train,1826,D1_training-e_e00842
r0f0,1,train,1827,D1_training-e_e00843
r0f0,1,train,1830,D1_training-e_e00846
r0f0,1,train,1832,D1_training-e_e00848
r0f0,1,train,1833,D1_training-e_e00849
r0f0,1,train,1836,D1_training-e_e00852
r0f0,1,train,1840,D1_training-e_e00856
r0f0,1,train,1841,D1_training-e_e00857
r0f0,1,train,1842,D1_training-e_e00858
r0f0,1,train,1846,D1_training-e_e00862
r0f0,1,train,1847,D1_training-e_e00863
r0f0,1,train,1849,D1_training-e_e00865
r0f0,1,train,1851,D1_training-e_e00867
r0f0,1,train,1853,D1_training-e_e00869
r0f0,1,train,1854,D1_training-e_e00870
r0f0,1,train,1855,D1_training-e_e00871
r0f0,1,train,1856,D1_training-e_e00872
r0f0,1,train,1858,D1_training-e_e00874
r0f0,1,train,1859,D1_training-e_e00875
r0f0,1,train,1860,D1_training-e_e00876
r0f0,1,train,1863,D1_training-e_e00879
r0f0,1,train,1864,D1_training-e_e00880
r0f0,1,train,1868,D1_training-e_e00884
r0f0,1,train,1870,D1_training-e_e00886
r0f0,1,train,1872,D1_training-e_e00888
r0f0,1,train,1873,D1_training-e_e00889
r0f0,1,train,1875,D1_training-e_e00891
r0f0,1,train,1878,D1_training-e_e00894
r0f0,1,train,1881,D1_training-e_e00897
r0f0,1,train,1882,D1_training-e_e00898
r0f0,1,train,1885,D1_training-e_e00901
r0f0,1,train,1886,D1_training-e_e00902
r0f0,1,train,1887,D1_training-e_e00903
r0f0,1,train,1888,D1_training-e_e00904
r0f0,1,train,1890,D1_training-e_e00906
r0f0,1,train,1893,D1_training-e_e00909
r0f0,1,train,1896,D1_training-e_e00912
r0f0,1,train,1897,D1_training-e_e00913
r0f0,1,train,1899,D1_training-e_e00915
r0f0,1,train,1900,D1_training-e_e00916
r0f0,1,train,1904,D1_training-e_e00920
r0f0,1,train,1905,D1_training-e_e00921
r0f0,1,train,1914,D1_training-e_e00930
r0f0,1,train,1915,D1_training-e_e00931
r0f0,1,train,1916,D1_training-e_e00932
r0f0,1,train,1917,D1_training-e_e00933
r0f0,1,train,1918,D1_training-e_e00934
r0f0,1,train,1924,D1_training-e_e00940
r0f0,1,train,1926,D1_training-e_e00942
r0f0,1,train,1928,D1_training-e_e00944
r0f0,1,train,1931,D1_training-e_e00947
r0f0,1,train,1933,D1_training-e_e00949
r0f0,1,train,1937,D1_training-e_e00953
r0f0,1,train,1939,D1_training-e_e00955
r0f0,1,train,1940,D1_training-e_e00956
r0f0,1,train,1941,D1_training-e_e00957
r0f0,1,train,1943,D1_training-e_e00959
r0f0,1,train,1944,D1_training-e_e00960
r0f0,1,train,1945,D1_training-e_e00961
r0f0,1,train,1946,D1_training-e_e00962
r0f0,1,train,1947,D1_training-e_e00963
r0f0,1,train,1948,D1_training-e_e00964
r0f0,1,train,1951,D1_training-e_e00967
r0f0,1,train,1953,D1_training-e_e00969
r0f0,1,train,1954,D1_training-e_e00970
r0f0,1,train,1955,D1_training-e_e00971
r0f0,1,train,1956,D1_training-e_e00972
r0f0,1,train,1957,D1_training-e_e00973
r0f0,1,train,1959,D1_training-e_e00975
r0f0,1,train,1960,D1_training-e_e00976
r0f0,1,train,1964,D1_training-e_e00980
r0f0,1,train,1967,D1_training-e_e00983
r0f0,1,train,1968,D1_training-e_e00984
r0f0,1,train,1969,D1_training-e_e00985
r0f0,1,train,1970,D1_training-e_e00986
r0f0,1,train,1971,D1_training-e_e00987
r0f0,1,train,1972,D1_training-e_e00988
r0f0,1,train,1974,D1_training-e_e00990
r0f0,1,train,1975,D1_training-e_e00991
r0f0,1,train,1977,D1_training-e_e00993
r0f0,1,train,1978,D1_training-e_e00994
r0f0,1,train,1979,D1_training-e_e00995
r0f0,1,train,1980,D1_training-e_e00996
r0f0,1,train,1981,D1_training-e_e00997
r0f0,1,train,1982,D1_training-e_e00998
r0f0,1,train,1983,D1_training-e_e00999
r0f0,1,train,1984,D1_training-e_e01000
r0f0,1,train,1985,D1_training-e_e01001
r0f0,1,train,1986,D1_training-e_e01002
r0f0,1,train,1987,D1_training-e_e01003
r0f0,1,train,1988,D1_training-e_e01004
r0f0,1,train,1990,D1_training-e_e01006
r0f0,1,train,1991,D1_training-e_e01007
r0f0,1,train,1993,D1_training-e_e01009
r0f0,1,train,1994,D1_training-e_e01010
r0f0,1,train,1995,D1_training-e_e01011
r0f0,1,train,1998,D1_training-e_e01014
r0f0,1,train,1999,D1_training-e_e01015
r0f0,1,train,2000,D1_training-e_e01016
r0f0,1,train,2002,D1_training-e_e01018
r0f0,1,train,2004,D1_training-e_e01020
r0f0,1,train,2005,D1_training-e_e01021
r0f0,1,train,2006,D1_training-e_e01022
r0f0,1,train,2008,D1_training-e_e01024
r0f0,1,train,2009,D1_training-e_e01025
r0f0,1,train,2010,D1_training-e_e01026
r0f0,1,train,2011,D1_training-e_e01027
r0f0,1,train,2014,D1_training-e_e01030
r0f0,1,train,2015,D1_training-e_e01031
r0f0,1,train,2017,D1_training-e_e01033
r0f0,1,train,2019,D1_training-e_e01035
r0f0,1,train,2022,D1_training-e_e01038
r0f0,1,train,2023,D1_training-e_e01039
r0f0,1,train,2024,D1_training-e_e01040
r0f0,1,train,2025,D1_training-e_e01041
r0f0,1,train,2028,D1_training-e_e01044
r0f0,1,train,2029,D1_training-e_e01045
r0f0,1,train,2032,D1_training-e_e01048
r0f0,1,train,2033,D1_training-e_e01049
r0f0,1,train,2034,D1_training-e_e01050
r0f0,1,train,2035,D1_training-e_e01051
r0f0,1,train,2036,D1_training-e_e01052
r0f0,1,train,2038,D1_training-e_e01054
r0f0,1,train,2039,D1_training-e_e01055
r0f0,1,train,2040,D1_training-e_e01056
r0f0,1,train,2041,D1_training-e_e01057
r0f0,1,train,2043,D1_training-e_e01059
r0f0,1,train,2044,D1_training-e_e01060
r0f0,1,train,2045,D1_training-e_e01061
r0f0,1,train,2047,D1_training-e_e01063
r0f0,1,train,2050,D1_training-e_e01066
r0f0,1,train,2051,D1_training-e_e01067
r0f0,1,train,2053,D1_training-e_e01069
r0f0,1,train,2056,D1_training-e_e01072
r0f0,1,train,2057,D1_training-e_e01073
r0f0,1,train,2059,D1_training-e_e01075
r0f0,1,train,2060,D1_training-e_e01076
r0f0,1,train,2061,D1_training-e_e01077
r0f0,1,train,2063,D1_training-e_e01079
r0f0,1,train,2067,D1_training-e_e01083
r0f0,1,train,2069,D1_training-e_e01085
r0f0,1,train,2070,D1_training-e_e01086
r0f0,1,train,2071,D1_training-e_e01087
r0f0,1,train,2072,D1_training-e_e01088
r0f0,1,train,2074,D1_training-e_e01090
r0f0,1,train,2079,D1_training-e_e01095
r0f0,1,train,2080,D1_training-e_e01096
r0f0,1,train,2082,D1_training-e_e01098
r0f0,1,train,2085,D1_training-e_e01101
r0f0,1,train,2087,D1_training-e_e01103
r0f0,1,train,2088,D1_training-e_e01104
r0f0,1,train,2089,D1_training-e_e01105
r0f0,1,train,2090,D1_training-e_e01106
r0f0,1,train,2091,D1_training-e_e01107
r0f0,1,train,2095,D1_training-e_e01111
r0f0,1,train,2096,D1_training-e_e01112
r0f0,1,train,2097,D1_training-e_e01113
r0f0,1,train,2099,D1_training-e_e01115
r0f0,1,train,2100,D1_training-e_e01116
r0f0,1,train,2103,D1_training-e_e01119
r0f0,1,train,2104,D1_training-e_e01120
r0f0,1,train,2105,D1_training-e_e01121
r0f0,1,train,2108,D1_training-e_e01124
r0f0,1,train,2109,D1_training-e_e01125
r0f0,1,train,2110,D1_training-e_e01126
r0f0,1,train,2111,D1_training-e_e01127
r0f0,1,train,2117,D1_training-e_e01133
r0f0,1,train,2119,D1_training-e_e01135
r0f0,1,train,2120,D1_training-e_e01136
r0f0,1,train,2121,D1_training-e_e01137
r0f0,1,train,2127,D1_training-e_e01143
r0f0,1,train,2128,D1_training-e_e01144
r0f0,1,train,2129,D1_training-e_e01145
r0f0,1,train,2133,D1_training-e_e01149
r0f0,1,train,2134,D1_training-e_e01150
r0f0,1,train,2135,D1_training-e_e01151
r0f0,1,train,2136,D1_training-e_e01152
r0f0,1,train,2137,D1_training-e_e01153
r0f0,1,train,2138,D1_training-e_e01154
r0f0,1,train,2140,D1_training-e_e01156
r0f0,1,train,2141,D1_training-e_e01157
r0f0,1,train,2143,D1_training-e_e01159
r0f0,1,train,2144,D1_training-e_e01160
r0f0,1,train,2145,D1_training-e_e01161
r0f0,1,train,2146,D1_training-e_e01162
r0f0,1,train,2149,D1_training-e_e01165
r0f0,1,train,2150,D1_training-e_e01166
r0f0,1,train,2151,D1_training-e_e01167
r0f0,1,train,2152,D1_training-e_e01168
r0f0,1,train,2153,D1_training-e_e01169
r0f0,1,train,2154,D1_training-e_e01170
r0f0,1,train,2155,D1_training-e_e01171
r0f0,1,train,2156,D1_training-e_e01172
r0f0,1,train,2158,D1_training-e_e01174
r0f0,1,train,2162,D1_training-e_e01178
r0f0,1,train,2172,D1_training-e_e01188
r0f0,1,train,2173,D1_training-e_e01189
r0f0,1,train,2181,D1_training-e_e01197
r0f0,1,train,2182,D1_training-e_e01198
r0f0,1,train,2184,D1_training-e_e01200
r0f0,1,train,2185,D1_training-e_e01201
r0f0,1,train,2188,D1_training-e_e01204
r0f0,1,train,2189,D1_training-e_e01205
r0f0,1,train,2190,D1_training-e_e01206
r0f0,1,train,2192,D1_training-e_e01208
r0f0,1,train,2195,D1_training-e_e01211
r0f0,1,train,2197,D1_training-e_e01213
r0f0,1,train,2198,D1_training-e_e01214
r0f0,1,train,2202,D1_training-e_e01218
r0f0,1,train,2203,D1_training-e_e01219
r0f0,1,train,2204,D1_training-e_e01220
r0f0,1,train,2206,D1_training-e_e01222
r0f0,1,train,2207,D1_training-e_e01223
r0f0,1,train,2211,D1_training-e_e01227
r0f0,1,train,2212,D1_training-e_e01228
r0f0,1,train,2214,D1_training-e_e01230
r0f0,1,train,2215,D1_training-e_e01231
r0f0,1,train,2216,D1_training-e_e01232
r0f0,1,train,2217,D1_training-e_e01233
r0f0,1,train,2218,D1_training-e_e01234
r0f0,1,train,2221,D1_training-e_e01237
r0f0,1,train,2223,D1_training-e_e01239
r0f0,1,train,2224,D1_training-e_e01240
r0f0,1,train,2227,D1_training-e_e01243
r0f0,1,train,2229,D1_training-e_e01245
r0f0,1,train,2230,D1_training-e_e01246
r0f0,1,train,2232,D1_training-e_e01248
r0f0,1,train,2233,D1_training-e_e01249
r0f0,1,train,2234,D1_training-e_e01250
r0f0,1,train,2235,D1_training-e_e01251
r0f0,1,train,2236,D1_training-e_e01252
r0f0,1,train,2237,D1_training-e_e01253
r0f0,1,train,2240,D1_training-e_e01256
r0f0,1,train,2241,D1_training-e_e01257
r0f0,1,train,2242,D1_training-e_e01258
r0f0,1,train,2244,D1_training-e_e01260
r0f0,1,train,2245,D1_training-e_e01261
r0f0,1,train,2248,D1_training-e_e01264
r0f0,1,train,2249,D1_training-e_e01265
r0f0,1,train,2253,D1_training-e_e01269
r0f0,1,train,2254,D1_training-e_e01270
r0f0,1,train,2256,D1_training-e_e01272
r0f0,1,train,2258,D1_training-e_e01274
r0f0,1,train,2259,D1_training-e_e01275
r0f0,1,train,2262,D1_training-e_e01278
r0f0,1,train,2263,D1_training-e_e01279
r0f0,1,train,2264,D1_training-e_e01280
r0f0,1,train,2267,D1_training-e_e01283
r0f0,1,train,2268,D1_training-e_e01284
r0f0,1,train,2270,D1_training-e_e01286
r0f0,1,train,2274,D1_training-e_e01290
r0f0,1,train,2275,D1_training-e_e01291
r0f0,1,train,2277,D1_training-e_e01293
r0f0,1,train,2281,D1_training-e_e01297
r0f0,1,train,2283,D1_training-e_e01299
r0f0,1,train,2284,D1_training-e_e01300
r0f0,1,train,2286,D1_training-e_e01302
r0f0,1,train,2287,D1_training-e_e01303
r0f0,1,train,2288,D1_training-e_e01304
r0f0,1,train,2290,D1_training-e_e01306
r0f0,1,train,2293,D1_training-e_e01309
r0f0,1,train,2295,D1_training-e_e01311
r0f0,1,train,2297,D1_training-e_e01313
r0f0,1,train,2299,D1_training-e_e01315
r0f0,1,train,2302,D1_training-e_e01318
r0f0,1,train,2304,D1_training-e_e01320
r0f0,1,train,2305,D1_training-e_e01321
r0f0,1,train,2307,D1_training-e_e01323
r0f0,1,train,2310,D1_training-e_e01326
r0f0,1,train,2311,D1_training-e_e01327
r0f0,1,train,2312,D1_training-e_e01328
r0f0,1,train,2313,D1_training-e_e01329
r0f0,1,train,2314,D1_training-e_e01330
r0f0,1,train,2315,D1_training-e_e01331
r0f0,1,train,2319,D1_training-e_e01335
r0f0,1,train,2320,D1_training-e_e01336
r0f0,1,train,2321,D1_training-e_e01337
r0f0,1,train,2324,D1_training-e_e01340
r0f0,1,train,2326,D1_training-e_e01342
r0f0,1,train,2329,D1_training-e_e01345
r0f0,1,train,2330,D1_training-e_e01346
r0f0,1,train,2331,D1_training-e_e01347
r0f0,1,train,2333,D1_training-e_e01349
r0f0,1,train,2336,D1_training-e_e01352
r0f0,1,train,2338,D1_training-e_e01354
r0f0,1,train,2339,D1_training-e_e01355
r0f0,1,train,2343,D1_training-e_e01359
r0f0,1,train,2345,D1_training-e_e01361
r0f0,1,train,2347,D1_training-e_e01363
r0f0,1,train,2349,D1_training-e_e01365
r0f0,1,train,2350,D1_training-e_e01366
r0f0,1,train,2352,D1_training-e_e01368
r0f0,1,train,2353,D1_training-e_e01369
r0f0,1,train,2354,D1_training-e_e01370
r0f0,1,train,2355,D1_training-e_e01371
r0f0,1,train,2358,D1_training-e_e01374
r0f0,1,train,2359,D1_training-e_e01375
r0f0,1,train,2360,D1_training-e_e01376
r0f0,1,train,2361,D1_training-e_e01377
r0f0,1,train,2363,D1_training-e_e01379
r0f0,1,train,2365,D1_training-e_e01381
r0f0,1,train,2366,D1_training-e_e01382
r0f0,1,train,2369,D1_training-e_e01385
r0f0,1,train,2372,D1_training-e_e01388
r0f0,1,train,2373,D1_training-e_e01389
r0f0,1,train,2376,D1_training-e_e01392
r0f0,1,train,2378,D1_training-e_e01394
r0f0,1,train,2379,D1_training-e_e01395
r0f0,1,train,2380,D1_training-e_e01396
r0f0,1,train,2383,D1_training-e_e01399
r0f0,1,train,2384,D1_training-e_e01400
r0f0,1,train,2388,D1_training-e_e01404
r0f0,1,train,2390,D1_training-e_e01406
r0f0,1,train,2393,D1_training-e_e01409
r0f0,1,train,2394,D1_training-e_e01410
r0f0,1,train,2396,D1_training-e_e01412
r0f0,1,train,2397,D1_training-e_e01413
r0f0,1,train,2399,D1_training-e_e01415
r0f0,1,train,2400,D1_training-e_e01416
r0f0,1,train,2401,D1_training-e_e01417
r0f0,1,train,2403,D1_training-e_e01419
r0f0,1,train,2404,D1_training-e_e01420
r0f0,1,train,2405,D1_training-e_e01421
r0f0,1,train,2406,D1_training-e_e01422
r0f0,1,train,2407,D1_training-e_e01423
r0f0,1,train,2409,D1_training-e_e01425
r0f0,1,train,2416,D1_training-e_e01432
r0f0,1,train,2417,D1_training-e_e01433
r0f0,1,train,2420,D1_training-e_e01436
r0f0,1,train,2421,D1_training-e_e01437
r0f0,1,train,2424,D1_training-e_e01440
r0f0,1,train,2429,D1_training-e_e01445
r0f0,1,train,2431,D1_training-e_e01447
r0f0,1,train,2436,D1_training-e_e01452
r0f0,1,train,2437,D1_training-e_e01453
r0f0,1,train,2439,D1_training-e_e01455
r0f0,1,train,2440,D1_training-e_e01456
r0f0,1,train,2442,D1_training-e_e01458
r0f0,1,train,2443,D1_training-e_e01459
r0f0,1,train,2451,D1_training-e_e01467
r0f0,1,train,2452,D1_training-e_e01468
r0f0,1,train,2453,D1_training-e_e01469
r0f0,1,train,2455,D1_training-e_e01471
r0f0,1,train,2456,D1_training-e_e01472
r0f0,1,train,2457,D1_training-e_e01473
r0f0,1,train,2459,D1_training-e_e01475
r0f0,1,train,2462,D1_training-e_e01478
r0f0,1,train,2469,D1_training-e_e01485
r0f0,1,train,2470,D1_training-e_e01486
r0f0,1,train,2471,D1_training-e_e01487
r0f0,1,train,2472,D1_training-e_e01488
r0f0,1,train,2473,D1_training-e_e01489
r0f0,1,train,2476,D1_training-e_e01492
r0f0,1,train,2477,D1_training-e_e01493
r0f0,1,train,2480,D1_training-e_e01496
r0f0,1,train,2483,D1_training-e_e01499
r0f0,1,train,2485,D1_training-e_e01501
r0f0,1,train,2486,D1_training-e_e01502
r0f0,1,train,2487,D1_training-e_e01503
r0f0,1,train,2488,D1_training-e_e01504
r0f0,1,train,2496,D1_training-e_e01512
r0f0,1,train,2497,D1_training-e_e01513
r0f0,1,train,2498,D1_training-e_e01514
r0f0,1,train,2499,D1_training-e_e01515
r0f0,1,train,2501,D1_training-e_e01517
r0f0,1,train,2502,D1_training-e_e01518
r0f0,1,train,2503,D1_training-e_e01519
r0f0,1,train,2504,D1_training-e_e01520
r0f0,1,train,2505,D1_training-e_e01521
r0f0,1,train,2506,D1_training-e_e01522
r0f0,1,train,2507,D1_training-e_e01523
r0f0,1,train,2508,D1_training-e_e01524
r0f0,1,train,2509,D1_training-e_e01525
r0f0,1,train,2510,D1_training-e_e01526
r0f0,1,train,2513,D1_training-e_e01529
r0f0,1,train,2514,D1_training-e_e01530
r0f0,1,train,2515,D1_training-e_e01531
r0f0,1,train,2516,D1_training-e_e01532
r0f0,1,train,2518,D1_training-e_e01534
r0f0,1,train,2519,D1_training-e_e01535
r0f0,1,train,2523,D1_training-e_e01539
r0f0,1,train,2525,D1_training-e_e01541
r0f0,1,train,2527,D1_training-e_e01543
r0f0,1,train,2528,D1_training-e_e01544
r0f0,1,train,2530,D1_training-e_e01546
r0f0,1,train,2534,D1_training-e_e01550
r0f0,1,train,2536,D1_training-e_e01552
r0f0,1,train,2538,D1_training-e_e01554
r0f0,1,train,2540,D1_training-e_e01556
r0f0,1,train,2541,D1_training-e_e01557
r0f0,1,train,2542,D1_training-e_e01558
r0f0,1,train,2543,D1_training-e_e01559
r0f0,1,train,2544,D1_training-e_e01560
r0f0,1,train,2545,D1_training-e_e01561
r0f0,1,train,2553,D1_training-e_e01569
r0f0,1,train,2554,D1_training-e_e01570
r0f0,1,train,2555,D1_training-e_e01571
r0f0,1,train,2556,D1_training-e_e01572
r0f0,1,train,2559,D1_training-e_e01575
r0f0,1,train,2561,D1_training-e_e01577
r0f0,1,train,2563,D1_training-e_e01579
r0f0,1,train,2567,D1_training-e_e01583
r0f0,1,train,2569,D1_training-e_e01585
r0f0,1,train,2572,D1_training-e_e01588
r0f0,1,train,2575,D1_training-e_e01591
r0f0,1,train,2576,D1_training-e_e01592
r0f0,1,train,2577,D1_training-e_e01593
r0f0,1,train,2578,D1_training-e_e01594
r0f0,1,train,2579,D1_training-e_e01595
r0f0,1,train,2581,D1_training-e_e01597
r0f0,1,train,2582,D1_training-e_e01598
r0f0,1,train,2584,D1_training-e_e01600
r0f0,1,train,2585,D1_training-e_e01601
r0f0,1,train,2586,D1_training-e_e01602
r0f0,1,train,2588,D1_training-e_e01604
r0f0,1,train,2589,D1_training-e_e01605
r0f0,1,train,2590,D1_training-e_e01606
r0f0,1,train,2591,D1_training-e_e01607
r0f0,1,train,2597,D1_training-e_e01613
r0f0,1,train,2599,D1_training-e_e01615
r0f0,1,train,2601,D1_training-e_e01617
r0f0,1,train,2603,D1_training-e_e01619
r0f0,1,train,2604,D1_training-e_e01620
r0f0,1,train,2606,D1_training-e_e01622
r0f0,1,train,2608,D1_training-e_e01624
r0f0,1,train,2609,D1_training-e_e01625
r0f0,1,train,2610,D1_training-e_e01626
r0f0,1,train,2613,D1_training-e_e01629
r0f0,1,train,2618,D1_training-e_e01634
r0f0,1,train,2622,D1_training-e_e01638
r0f0,1,train,2623,D1_training-e_e01639
r0f0,1,train,2626,D1_training-e_e01642
r0f0,1,train,2627,D1_training-e_e01643
r0f0,1,train,2630,D1_training-e_e01646
r0f0,1,train,2631,D1_training-e_e01647
r0f0,1,train,2635,D1_training-e_e01651
r0f0,1,train,2636,D1_training-e_e01652
r0f0,1,train,2638,D1_training-e_e01654
r0f0,1,train,2642,D1_training-e_e01658
r0f0,1,train,2643,D1_training-e_e01659
r0f0,1,train,2644,D1_training-e_e01660
r0f0,1,train,2645,D1_training-e_e01661
r0f0,1,train,2646,D1_training-e_e01662
r0f0,1,train,2648,D1_training-e_e01664
r0f0,1,train,2649,D1_training-e_e01665
r0f0,1,train,2650,D1_training-e_e01666
r0f0,1,train,2651,D1_training-e_e01667
r0f0,1,train,2653,D1_training-e_e01669
r0f0,1,train,2654,D1_training-e_e01670
r0f0,1,train,2656,D1_training-e_e01672
r0f0,1,train,2657,D1_training-e_e01673
r0f0,1,train,2659,D1_training-e_e01675
r0f0,1,train,2662,D1_training-e_e01678
r0f0,1,train,2664,D1_training-e_e01680
r0f0,1,train,2673,D1_training-e_e01689
r0f0,1,train,2674,D1_training-e_e01690
r0f0,1,train,2675,D1_training-e_e01691
r0f0,1,train,2676,D1_training-e_e01692
r0f0,1,train,2677,D1_training-e_e01693
r0f0,1,train,2678,D1_training-e_e01694
r0f0,1,train,2679,D1_training-e_e01695
r0f0,1,train,2681,D1_training-e_e01697
r0f0,1,train,2682,D1_training-e_e01698
r0f0,1,train,2686,D1_training-e_e01702
r0f0,1,train,2687,D1_training-e_e01703
r0f0,1,train,2688,D1_training-e_e01704
r0f0,1,train,2689,D1_training-e_e01705
r0f0,1,train,2691,D1_training-e_e01707
r0f0,1,train,2692,D1_training-e_e01708
r0f0,1,train,2693,D1_training-e_e01709
r0f0,1,train,2696,D1_training-e_e01712
r0f0,1,train,2697,D1_training-e_e01713
r0f0,1,train,2698,D1_training-e_e01714
r0f0,1,train,2701,D1_training-e_e01717
r0f0,1,train,2702,D1_training-e_e01718
r0f0,1,train,2704,D1_training-e_e01720
r0f0,1,train,2706,D1_training-e_e01722
r0f0,1,train,2707,D1_training-e_e01723
r0f0,1,train,2708,D1_training-e_e01724
r0f0,1,train,2709,D1_training-e_e01725
r0f0,1,train,2710,D1_training-e_e01726
r0f0,1,train,2712,D1_training-e_e01728
r0f0,1,train,2713,D1_training-e_e01729
r0f0,1,train,2718,D1_training-e_e01734
r0f0,1,train,2720,D1_training-e_e01736
r0f0,1,train,2726,D1_training-e_e01742
r0f0,1,train,2733,D1_training-e_e01749
r0f0,1,train,2734,D1_training-e_e01750
r0f0,1,train,2735,D1_training-e_e01751
r0f0,1,train,2736,D1_training-e_e01752
r0f0,1,train,2737,D1_training-e_e01753
r0f0,1,train,2739,D1_training-e_e01755
r0f0,1,train,2743,D1_training-e_e01759
r0f0,1,train,2745,D1_training-e_e01761
r0f0,1,train,2746,D1_training-e_e01762
r0f0,1,train,2747,D1_training-e_e01763
r0f0,1,train,2748,D1_training-e_e01764
r0f0,1,train,2749,D1_training-e_e01765
r0f0,1,train,2750,D1_training-e_e01766
r0f0,1,train,2752,D1_training-e_e01768
r0f0,1,train,2755,D1_training-e_e01771
r0f0,1,train,2756,D1_training-e_e01772
r0f0,1,train,2757,D1_training-e_e01773
r0f0,1,train,2758,D1_training-e_e01774
r0f0,1,train,2759,D1_training-e_e01775
r0f0,1,train,2760,D1_training-e_e01776
r0f0,1,train,2762,D1_training-e_e01778
r0f0,1,train,2764,D1_training-e_e01780
r0f0,1,train,2765,D1_training-e_e01781
r0f0,1,train,2766,D1_training-e_e01782
r0f0,1,train,2768,D1_training-e_e01784
r0f0,1,train,2771,D1_training-e_e01787
r0f0,1,train,2772,D1_training-e_e01788
r0f0,1,train,2775,D1_training-e_e01791
r0f0,1,train,2776,D1_training-e_e01792
r0f0,1,train,2777,D1_training-e_e01793
r0f0,1,train,2778,D1_training-e_e01794
r0f0,1,train,2779,D1_training-e_e01795
r0f0,1,train,2780,D1_training-e_e01796
r0f0,1,train,2781,D1_training-e_e01797
r0f0,1,train,2783,D1_training-e_e01799
r0f0,1,train,2784,D1_training-e_e01800
r0f0,1,train,2785,D1_training-e_e01801
r0f0,1,train,2786,D1_training-e_e01802
r0f0,1,train,2788,D1_training-e_e01804
r0f0,1,train,2791,D1_training-e_e01807
r0f0,1,train,2794,D1_training-e_e01810
r0f0,1,train,2796,D1_training-e_e01812
r0f0,1,train,2800,D1_training-e_e01816
r0f0,1,train,2803,D1_training-e_e01819
r0f0,1,train,2805,D1_training-e_e01821
r0f0,1,train,2806,D1_training-e_e01822
r0f0,1,train,2808,D1_training-e_e01824
r0f0,1,train,2813,D1_training-e_e01829
r0f0,1,train,2814,D1_training-e_e01830
r0f0,1,train,2815,D1_training-e_e01831
r0f0,1,train,2816,D1_training-e_e01832
r0f0,1,train,2817,D1_training-e_e01833
r0f0,1,train,2824,D1_training-e_e01840
r0f0,1,train,2826,D1_training-e_e01842
r0f0,1,train,2827,D1_training-e_e01843
r0f0,1,train,2829,D1_training-e_e01845
r0f0,1,train,2830,D1_training-e_e01846
r0f0,1,train,2832,D1_training-e_e01848
r0f0,1,train,2834,D1_training-e_e01850
r0f0,1,train,2835,D1_training-e_e01851
r0f0,1,train,2838,D1_training-e_e01854
r0f0,1,train,2840,D1_training-e_e01856
r0f0,1,train,2842,D1_training-e_e01858
r0f0,1,train,2843,D1_training-e_e01859
r0f0,1,train,2844,D1_training-e_e01860
r0f0,1,train,2845,D1_training-e_e01861
r0f0,1,train,2846,D1_training-e_e01862
r0f0,1,train,2848,D1_training-e_e01864
r0f0,1,train,2849,D1_training-e_e01865
r0f0,1,train,2851,D1_training-e_e01867
r0f0,1,train,2852,D1_training-e_e01868
r0f0,1,train,2853,D1_training-e_e01869
r0f0,1,train,2854,D1_training-e_e01870
r0f0,1,train,2858,D1_training-e_e01874
r0f0,1,train,2859,D1_training-e_e01875
r0f0,1,train,2861,D1_training-e_e01877
r0f0,1,train,2862,D1_training-e_e01878
r0f0,1,train,2864,D1_training-e_e01880
r0f0,1,train,2866,D1_training-e_e01882
r0f0,1,train,2867,D1_training-e_e01883
r0f0,1,train,2870,D1_training-e_e01886
r0f0,1,train,2871,D1_training-e_e01887
r0f0,1,train,2872,D1_training-e_e01888
r0f0,1,train,2874,D1_training-e_e01890
r0f0,1,train,2876,D1_training-e_e01892
r0f0,1,train,2877,D1_training-e_e01893
r0f0,1,train,2879,D1_training-e_e01895
r0f0,1,train,2882,D1_training-e_e01898
r0f0,1,train,2883,D1_training-e_e01899
r0f0,1,train,2884,D1_training-e_e01900
r0f0,1,train,2885,D1_training-e_e01901
r0f0,1,train,2886,D1_training-e_e01902
r0f0,1,train,2887,D1_training-e_e01903
r0f0,1,train,2890,D1_training-e_e01906
r0f0,1,train,2892,D1_training-e_e01908
r0f0,1,train,2893,D1_training-e_e01909
r0f0,1,train,2894,D1_training-e_e01910
r0f0,1,train,2896,D1_training-e_e01912
r0f0,1,train,2898,D1_training-e_e01914
r0f0,1,train,2901,D1_training-e_e01917
r0f0,1,train,2902,D1_training-e_e01918
r0f0,1,train,2904,D1_training-e_e01920
r0f0,1,train,2905,D1_training-e_e01921
r0f0,1,train,2906,D1_training-e_e01922
r0f0,1,train,2907,D1_training-e_e01923
r0f0,1,train,2913,D1_training-e_e01929
r0f0,1,train,2916,D1_training-e_e01932
r0f0,1,train,2918,D1_training-e_e01934
r0f0,1,train,2919,D1_training-e_e01935
r0f0,1,train,2920,D1_training-e_e01936
r0f0,1,train,2923,D1_training-e_e01939
r0f0,1,train,2926,D1_training-e_e01942
r0f0,1,train,2928,D1_training-e_e01944
r0f0,1,train,2929,D1_training-e_e01945
r0f0,1,train,2930,D1_training-e_e01946
r0f0,1,train,2933,D1_training-e_e01949
r0f0,1,train,2934,D1_training-e_e01950
r0f0,1,train,2935,D1_training-e_e01951
r0f0,1,train,2937,D1_training-e_e01953
r0f0,1,train,2938,D1_training-e_e01954
r0f0,1,train,2941,D1_training-e_e01957
r0f0,1,train,2942,D1_training-e_e01958
r0f0,1,train,2943,D1_training-e_e01959
r0f0,1,train,2947,D1_training-e_e01963
r0f0,1,train,2949,D1_training-e_e01965
r0f0,1,train,2953,D1_training-e_e01969
r0f0,1,train,2954,D1_training-e_e01970
r0f0,1,train,2956,D1_training-e_e01972
r0f0,1,train,2960,D1_training-e_e01976
r0f0,1,train,2961,D1_training-e_e01977
r0f0,1,train,2963,D1_training-e_e01979
r0f0,1,train,2964,D1_training-e_e01980
r0f0,1,train,2965,D1_training-e_e01981
r0f0,1,train,2967,D1_training-e_e01983
r0f0,1,train,2968,D1_training-e_e01984
r0f0,1,train,2969,D1_training-e_e01985
r0f0,1,train,2972,D1_training-e_e01988
r0f0,1,train,2973,D1_training-e_e01989
r0f0,1,train,2974,D1_training-e_e01990
r0f0,1,train,2976,D1_training-e_e01992
r0f0,1,train,2977,D1_training-e_e01993
r0f0,1,train,2980,D1_training-e_e01996
r0f0,1,train,2982,D1_training-e_e01998
r0f0,1,train,2983,D1_training-e_e01999
r0f0,1,train,2984,D1_training-e_e02000
r0f0,1,train,2985,D1_training-e_e02001
r0f0,1,train,2987,D1_training-e_e02003
r0f0,1,train,2988,D1_training-e_e02004
r0f0,1,train,2993,D1_training-e_e02009
r0f0,1,train,2994,D1_training-e_e02010
r0f0,1,train,2995,D1_training-e_e02011
r0f0,1,train,2998,D1_training-e_e02014
r0f0,1,train,2999,D1_training-e_e02015
r0f0,1,train,3000,D1_training-e_e02016
r0f0,1,train,3001,D1_training-e_e02017
r0f0,1,train,3002,D1_training-e_e02018
r0f0,1,train,3007,D1_training-e_e02023
r0f0,1,train,3010,D1_training-e_e02026
r0f0,1,train,3011,D1_training-e_e02027
r0f0,1,train,3012,D1_training-e_e02028
r0f0,1,train,3014,D1_training-e_e02030
r0f0,1,train,3016,D1_training-e_e02032
r0f0,1,train,3017,D1_training-e_e02033
r0f0,1,train,3019,D1_training-e_e02035
r0f0,1,train,3021,D1_training-e_e02037
r0f0,1,train,3022,D1_training-e_e02038
r0f0,1,train,3023,D1_training-e_e02039
r0f0,1,train,3025,D1_training-e_e02041
r0f0,1,train,3026,D1_training-e_e02042
r0f0,1,train,3027,D1_training-e_e02043
r0f0,1,train,3028,D1_training-e_e02044
r0f0,1,train,3029,D1_training-e_e02045
r0f0,1,train,3030,D1_training-e_e02046
r0f0,1,train,3032,D1_training-e_e02048
r0f0,1,train,3033,D1_training-e_e02049
r0f0,1,train,3035,D1_training-e_e02051
r0f0,1,train,3036,D1_training-e_e02052
r0f0,1,train,3037,D1_training-e_e02053
r0f0,1,train,3041,D1_training-e_e02057
r0f0,1,train,3042,D1_training-e_e02058
r0f0,1,train,3043,D1_training-e_e02059
r0f0,1,train,3044,D1_training-e_e02060
r0f0,1,train,3045,D1_training-e_e02061
r0f0,1,train,3048,D1_training-e_e02064
r0f0,1,train,3049,D1_training-e_e02065
r0f0,1,train,3051,D1_training-e_e02067
r0f0,1,train,3052,D1_training-e_e02068
r0f0,1,train,3055,D1_training-e_e02071
r0f0,1,train,3057,D1_training-e_e02073
r0f0,1,train,3058,D1_training-e_e02074
r0f0,1,train,3062,D1_training-e_e02078
r0f0,1,train,3063,D1_training-e_e02079
r0f0,1,train,3064,D1_training-e_e02080
r0f0,1,train,3065,D1_training-e_e02081
r0f0,1,train,3067,D1_training-e_e02083
r0f0,1,train,3069,D1_training-e_e02085
r0f0,1,train,3073,D1_training-e_e02089
r0f0,1,train,3074,D1_training-e_e02090
r0f0,1,train,3075,D1_training-e_e02091
r0f0,1,train,3077,D1_training-e_e02093
r0f0,1,train,3078,D1_training-e_e02094
r0f0,1,train,3079,D1_training-e_e02095
r0f0,1,train,3080,D1_training-e_e02096
r0f0,1,train,3081,D1_training-e_e02097
r0f0,1,train,3084,D1_training-e_e02100
r0f0,1,train,3085,D1_training-e_e02101
r0f0,1,train,3087,D1_training-e_e02103
r0f0,1,train,3088,D1_training-e_e02104
r0f0,1,train,3091,D1_training-e_e02107
r0f0,1,train,3092,D1_training-e_e02108
r0f0,1,train,3094,D1_training-e_e02110
r0f0,1,train,3098,D1_training-e_e02114
r0f0,1,train,3099,D1_training-e_e02115
r0f0,1,train,3101,D1_training-e_e02117
r0f0,1,train,3102,D1_training-e_e02118
r0f0,1,train,3104,D1_training-e_e02120
r0f0,1,train,3105,D1_training-e_e02121
r0f0,1,train,3106,D1_training-e_e02122
r0f0,1,train,3107,D1_training-e_e02123
r0f0,1,train,3112,D1_training-e_e02128
r0f0,1,train,3113,D1_training-e_e02129
r0f0,1,train,3115,D1_training-e_e02131
r0f0,1,train,3117,D1_training-e_e02133
r0f0,1,train,3120,D1_training-e_e02136
r0f0,1,train,3122,D1_training-e_e02138
r0f0,1,train,3123,D1_training-e_e02139
r0f0,1,train,3126,D1_training-f_f0001
r0f0,1,train,3129,D1_training-f_f0004
r0f0,1,train,3130,D1_training-f_f0005
r0f0,1,train,3132,D1_training-f_f0007
r0f0,1,train,3133,D1_training-f_f0008
r0f0,1,train,3134,D1_training-f_f0009
r0f0,1,train,3136,D1_training-f_f0011
r0f0,1,train,3138,D1_training-f_f0013
r0f0,1,train,3140,D1_training-f_f0015
r0f0,1,train,3141,D1_training-f_f0016
r0f0,1,train,3142,D1_training-f_f0017
r0f0,1,train,3143,D1_training-f_f0018
r0f0,1,train,3144,D1_training-f_f0019
r0f0,1,train,3146,D1_training-f_f0021
r0f0,1,train,3147,D1_training-f_f0022
r0f0,1,train,3149,D1_training-f_f0024
r0f0,1,train,3160,D1_training-f_f0035
r0f0,1,train,3161,D1_training-f_f0036
r0f0,1,train,3162,D1_training-f_f0037
r0f0,1,train,3164,D1_training-f_f0039
r0f0,1,train,3165,D1_training-f_f0040
r0f0,1,train,3166,D1_training-f_f0041
r0f0,1,train,3168,D1_training-f_f0043
r0f0,1,train,3170,D1_training-f_f0045
r0f0,1,train,3173,D1_training-f_f0048
r0f0,1,train,3174,D1_training-f_f0049
r0f0,1,train,3175,D1_training-f_f0050
r0f0,1,train,3176,D1_training-f_f0051
r0f0,1,train,3177,D1_training-f_f0052
r0f0,1,train,3179,D1_training-f_f0054
r0f0,1,train,3181,D1_training-f_f0056
r0f0,1,train,3182,D1_training-f_f0057
r0f0,1,train,3185,D1_training-f_f0060
r0f0,1,train,3187,D1_training-f_f0062
r0f0,1,train,3188,D1_training-f_f0063
r0f0,1,train,3189,D1_training-f_f0064
r0f0,1,train,3190,D1_training-f_f0065
r0f0,1,train,3191,D1_training-f_f0066
r0f0,1,train,3192,D1_training-f_f0067
r0f0,1,train,3193,D1_training-f_f0068
r0f0,1,train,3197,D1_training-f_f0072
r0f0,1,train,3198,D1_training-f_f0073
r0f0,1,train,3199,D1_training-f_f0074
r0f0,1,train,3200,D1_training-f_f0075
r0f0,1,train,3202,D1_training-f_f0077
r0f0,1,train,3203,D1_training-f_f0078
r0f0,1,train,3204,D1_training-f_f0079
r0f0,1,train,3208,D1_training-f_f0083
r0f0,1,train,3209,D1_training-f_f0084
r0f0,1,train,3210,D1_training-f_f0085
r0f0,1,train,3212,D1_training-f_f0087
r0f0,1,train,3213,D1_training-f_f0088
r0f0,1,train,3214,D1_training-f_f0089
r0f0,1,train,3216,D1_training-f_f0091
r0f0,1,train,3217,D1_training-f_f0092
r0f0,1,train,3218,D1_training-f_f0093
r0f0,1,train,3219,D1_training-f_f0094
r0f0,1,train,3220,D1_training-f_f0095
r0f0,1,train,3221,D1_training-f_f0096
r0f0,1,train,3222,D1_training-f_f0097
r0f0,1,train,3223,D1_training-f_f0098
r0f0,1,train,3225,D1_training-f_f0100
r0f0,1,train,3228,D1_training-f_f0103
r0f0,1,train,3229,D1_training-f_f0104
r0f0,1,train,3230,D1_training-f_f0105
r0f0,1,train,3232,D1_training-f_f0107
r0f0,1,train,3236,D1_training-f_f0111
r0f0,1,train,3238,D1_training-f_f0113
r0f0,1,val,0,D1_training-a_a0001
r0f0,1,val,1,D1_training-a_a0002
r0f0,1,val,3,D1_training-a_a0004
r0f0,1,val,5,D1_training-a_a0006
r0f0,1,val,12,D1_training-a_a0013
r0f0,1,val,20,D1_training-a_a0021
r0f0,1,val,23,D1_training-a_a0024
r0f0,1,val,36,D1_training-a_a0037
r0f0,1,val,37,D1_training-a_a0038
r0f0,1,val,41,D1_training-a_a0042
r0f0,1,val,45,D1_training-a_a0046
r0f0,1,val,46,D1_training-a_a0047
r0f0,1,val,51,D1_training-a_a0052
r0f0,1,val,59,D1_training-a_a0060
r0f0,1,val,61,D1_training-a_a0062
r0f0,1,val,64,D1_training-a_a0065
r0f0,1,val,67,D1_training-a_a0068
r0f0,1,val,80,D1_training-a_a0081
r0f0,1,val,85,D1_training-a_a0086
r0f0,1,val,88,D1_training-a_a0089
r0f0,1,val,92,D1_training-a_a0093
r0f0,1,val,93,D1_training-a_a0094
r0f0,1,val,95,D1_training-a_a0096
r0f0,1,val,96,D1_training-a_a0097
r0f0,1,val,97,D1_training-a_a0098
r0f0,1,val,104,D1_training-a_a0105
r0f0,1,val,107,D1_training-a_a0108
r0f0,1,val,112,D1_training-a_a0113
r0f0,1,val,118,D1_training-a_a0119
r0f0,1,val,119,D1_training-a_a0120
r0f0,1,val,120,D1_training-a_a0121
r0f0,1,val,123,D1_training-a_a0124
r0f0,1,val,124,D1_training-a_a0125
r0f0,1,val,125,D1_training-a_a0126
r0f0,1,val,126,D1_training-a_a0127
r0f0,1,val,128,D1_training-a_a0129
r0f0,1,val,129,D1_training-a_a0130
r0f0,1,val,131,D1_training-a_a0132
r0f0,1,val,134,D1_training-a_a0135
r0f0,1,val,137,D1_training-a_a0138
r0f0,1,val,144,D1_training-a_a0145
r0f0,1,val,148,D1_training-a_a0149
r0f0,1,val,151,D1_training-a_a0152
r0f0,1,val,156,D1_training-a_a0157
r0f0,1,val,158,D1_training-a_a0159
r0f0,1,val,159,D1_training-a_a0160
r0f0,1,val,160,D1_training-a_a0161
r0f0,1,val,166,D1_training-a_a0167
r0f0,1,val,168,D1_training-a_a0169
r0f0,1,val,170,D1_training-a_a0171
r0f0,1,val,173,D1_training-a_a0174
r0f0,1,val,175,D1_training-a_a0176
r0f0,1,val,177,D1_training-a_a0178
r0f0,1,val,179,D1_training-a_a0180
r0f0,1,val,180,D1_training-a_a0181
r0f0,1,val,181,D1_training-a_a0182
r0f0,1,val,182,D1_training-a_a0183
r0f0,1,val,184,D1_training-a_a0185
r0f0,1,val,185,D1_training-a_a0186
r0f0,1,val,190,D1_training-a_a0191
r0f0,1,val,193,D1_training-a_a0194
r0f0,1,val,197,D1_training-a_a0198
r0f0,1,val,198,D1_training-a_a0199
r0f0,1,val,199,D1_training-a_a0200
r0f0,1,val,202,D1_training-a_a0203
r0f0,1,val,205,D1_training-a_a0206
r0f0,1,val,207,D1_training-a_a0208
r0f0,1,val,213,D1_training-a_a0214
r0f0,1,val,215,D1_training-a_a0216
r0f0,1,val,225,D1_training-a_a0226
r0f0,1,val,226,D1_training-a_a0227
r0f0,1,val,227,D1_training-a_a0228
r0f0,1,val,229,D1_training-a_a0230
r0f0,1,val,235,D1_training-a_a0236
r0f0,1,val,236,D1_training-a_a0237
r0f0,1,val,242,D1_training-a_a0243
r0f0,1,val,243,D1_training-a_a0244
r0f0,1,val,245,D1_training-a_a0246
r0f0,1,val,250,D1_training-a_a0251
r0f0,1,val,252,D1_training-a_a0253
r0f0,1,val,263,D1_training-a_a0264
r0f0,1,val,273,D1_training-a_a0274
r0f0,1,val,275,D1_training-a_a0276
r0f0,1,val,277,D1_training-a_a0278
r0f0,1,val,279,D1_training-a_a0280
r0f0,1,val,281,D1_training-a_a0282
r0f0,1,val,283,D1_training-a_a0284
r0f0,1,val,293,D1_training-a_a0294
r0f0,1,val,295,D1_training-a_a0296
r0f0,1,val,296,D1_training-a_a0297
r0f0,1,val,301,D1_training-a_a0302
r0f0,1,val,303,D1_training-a_a0304
r0f0,1,val,304,D1_training-a_a0305
r0f0,1,val,312,D1_training-a_a0313
r0f0,1,val,316,D1_training-a_a0317
r0f0,1,val,318,D1_training-a_a0319
r0f0,1,val,323,D1_training-a_a0324
r0f0,1,val,328,D1_training-a_a0329
r0f0,1,val,329,D1_training-a_a0330
r0f0,1,val,331,D1_training-a_a0332
r0f0,1,val,332,D1_training-a_a0333
r0f0,1,val,333,D1_training-a_a0334
r0f0,1,val,334,D1_training-a_a0335
r0f0,1,val,335,D1_training-a_a0336
r0f0,1,val,343,D1_training-a_a0344
r0f0,1,val,345,D1_training-a_a0346
r0f0,1,val,348,D1_training-a_a0349
r0f0,1,val,351,D1_training-a_a0352
r0f0,1,val,359,D1_training-a_a0360
r0f0,1,val,362,D1_training-a_a0363
r0f0,1,val,365,D1_training-a_a0366
r0f0,1,val,367,D1_training-a_a0368
r0f0,1,val,368,D1_training-a_a0369
r0f0,1,val,369,D1_training-a_a0370
r0f0,1,val,373,D1_training-a_a0374
r0f0,1,val,377,D1_training-a_a0378
r0f0,1,val,380,D1_training-a_a0381
r0f0,1,val,381,D1_training-a_a0382
r0f0,1,val,385,D1_training-a_a0386
r0f0,1,val,388,D1_training-a_a0389
r0f0,1,val,389,D1_training-a_a0390
r0f0,1,val,390,D1_training-a_a0391
r0f0,1,val,398,D1_training-a_a0399
r0f0,1,val,399,D1_training-a_a0400
r0f0,1,val,406,D1_training-a_a0407
r0f0,1,val,414,D1_training-b_b0006
r0f0,1,val,421,D1_training-b_b0013
r0f0,1,val,433,D1_training-b_b0025
r0f0,1,val,434,D1_training-b_b0026
r0f0,1,val,444,D1_training-b_b0036
r0f0,1,val,446,D1_training-b_b0038
r0f0,1,val,447,D1_training-b_b0039
r0f0,1,val,452,D1_training-b_b0044
r0f0,1,val,453,D1_training-b_b0045
r0f0,1,val,455,D1_training-b_b0047
r0f0,1,val,459,D1_training-b_b0051
r0f0,1,val,463,D1_training-b_b0055
r0f0,1,val,466,D1_training-b_b0058
r0f0,1,val,467,D1_training-b_b0059
r0f0,1,val,470,D1_training-b_b0062
r0f0,1,val,480,D1_training-b_b0072
r0f0,1,val,481,D1_training-b_b0073
r0f0,1,val,483,D1_training-b_b0075
r0f0,1,val,484,D1_training-b_b0076
r0f0,1,val,490,D1_training-b_b0082
r0f0,1,val,491,D1_training-b_b0083
r0f0,1,val,492,D1_training-b_b0084
r0f0,1,val,496,D1_training-b_b0088
r0f0,1,val,499,D1_training-b_b0091
r0f0,1,val,504,D1_training-b_b0096
r0f0,1,val,507,D1_training-b_b0099
r0f0,1,val,509,D1_training-b_b0101
r0f0,1,val,510,D1_training-b_b0102
r0f0,1,val,512,D1_training-b_b0104
r0f0,1,val,513,D1_training-b_b0105
r0f0,1,val,515,D1_training-b_b0107
r0f0,1,val,521,D1_training-b_b0113
r0f0,1,val,525,D1_training-b_b0117
r0f0,1,val,526,D1_training-b_b0118
r0f0,1,val,528,D1_training-b_b0120
r0f0,1,val,529,D1_training-b_b0121
r0f0,1,val,535,D1_training-b_b0127
r0f0,1,val,549,D1_training-b_b0141
r0f0,1,val,552,D1_training-b_b0144
r0f0,1,val,554,D1_training-b_b0146
r0f0,1,val,557,D1_training-b_b0149
r0f0,1,val,558,D1_training-b_b0150
r0f0,1,val,567,D1_training-b_b0159
r0f0,1,val,572,D1_training-b_b0164
r0f0,1,val,573,D1_training-b_b0165
r0f0,1,val,577,D1_training-b_b0169
r0f0,1,val,580,D1_training-b_b0172
r0f0,1,val,586,D1_training-b_b0178
r0f0,1,val,589,D1_training-b_b0181
r0f0,1,val,602,D1_training-b_b0194
r0f0,1,val,606,D1_training-b_b0198
r0f0,1,val,611,D1_training-b_b0203
r0f0,1,val,612,D1_training-b_b0204
r0f0,1,val,618,D1_training-b_b0210
r0f0,1,val,620,D1_training-b_b0212
r0f0,1,val,623,D1_training-b_b0215
r0f0,1,val,624,D1_training-b_b0216
r0f0,1,val,631,D1_training-b_b0223
r0f0,1,val,632,D1_training-b_b0224
r0f0,1,val,637,D1_training-b_b0229
r0f0,1,val,638,D1_training-b_b0230
r0f0,1,val,639,D1_training-b_b0231
r0f0,1,val,640,D1_training-b_b0232
r0f0,1,val,641,D1_training-b_b0233
r0f0,1,val,642,D1_training-b_b0234
r0f0,1,val,645,D1_training-b_b0237
r0f0,1,val,649,D1_training-b_b0241
r0f0,1,val,653,D1_training-b_b0245
r0f0,1,val,655,D1_training-b_b0247
r0f0,1,val,692,D1_training-b_b0284
r0f0,1,val,693,D1_training-b_b0285
r0f0,1,val,696,D1_training-b_b0288
r0f0,1,val,708,D1_training-b_b0300
r0f0,1,val,710,D1_training-b_b0302
r0f0,1,val,711,D1_training-b_b0303
r0f0,1,val,712,D1_training-b_b0304
r0f0,1,val,715,D1_training-b_b0307
r0f0,1,val,720,D1_training-b_b0312
r0f0,1,val,722,D1_training-b_b0314
r0f0,1,val,729,D1_training-b_b0321
r0f0,1,val,730,D1_training-b_b0322
r0f0,1,val,733,D1_training-b_b0325
r0f0,1,val,734,D1_training-b_b0326
r0f0,1,val,737,D1_training-b_b0329
r0f0,1,val,738,D1_training-b_b0330
r0f0,1,val,748,D1_training-b_b0340
r0f0,1,val,749,D1_training-b_b0341
r0f0,1,val,751,D1_training-b_b0343
r0f0,1,val,753,D1_training-b_b0345
r0f0,1,val,754,D1_training-b_b0346
r0f0,1,val,756,D1_training-b_b0348
r0f0,1,val,759,D1_training-b_b0351
r0f0,1,val,760,D1_training-b_b0352
r0f0,1,val,761,D1_training-b_b0353
r0f0,1,val,765,D1_training-b_b0357
r0f0,1,val,769,D1_training-b_b0361
r0f0,1,val,771,D1_training-b_b0363
r0f0,1,val,772,D1_training-b_b0364
r0f0,1,val,773,D1_training-b_b0365
r0f0,1,val,774,D1_training-b_b0366
r0f0,1,val,778,D1_training-b_b0370
r0f0,1,val,785,D1_training-b_b0377
r0f0,1,val,786,D1_training-b_b0378
r0f0,1,val,790,D1_training-b_b0382
r0f0,1,val,797,D1_training-b_b0389
r0f0,1,val,803,D1_training-b_b0395
r0f0,1,val,804,D1_training-b_b0396
r0f0,1,val,806,D1_training-b_b0398
r0f0,1,val,807,D1_training-b_b0399
r0f0,1,val,809,D1_training-b_b0401
r0f0,1,val,815,D1_training-b_b0407
r0f0,1,val,818,D1_training-b_b0410
r0f0,1,val,827,D1_training-b_b0419
r0f0,1,val,829,D1_training-b_b0421
r0f0,1,val,830,D1_training-b_b0422
r0f0,1,val,838,D1_training-b_b0430
r0f0,1,val,859,D1_training-b_b0451
r0f0,1,val,869,D1_training-b_b0461
r0f0,1,val,871,D1_training-b_b0463
r0f0,1,val,875,D1_training-b_b0467
r0f0,1,val,879,D1_training-b_b0471
r0f0,1,val,880,D1_training-b_b0472
r0f0,1,val,894,D1_training-b_b0486
r0f0,1,val,897,D1_training-b_b0489
r0f0,1,val,901,D1_training-c_c0003
r0f0,1,val,904,D1_training-c_c0006
r0f0,1,val,908,D1_training-c_c0010
r0f0,1,val,909,D1_training-c_c0011
r0f0,1,val,915,D1_training-c_c0017
r0f0,1,val,918,D1_training-c_c0020
r0f0,1,val,924,D1_training-c_c0026
r0f0,1,val,927,D1_training-c_c0029
r0f0,1,val,933,D1_training-d_d0004
r0f0,1,val,934,D1_training-d_d0005
r0f0,1,val,935,D1_training-d_d0006
r0f0,1,val,940,D1_training-d_d0011
r0f0,1,val,943,D1_training-d_d0014
r0f0,1,val,945,D1_training-d_d0016
r0f0,1,val,950,D1_training-d_d0021
r0f0,1,val,955,D1_training-d_d0026
r0f0,1,val,956,D1_training-d_d0027
r0f0,1,val,959,D1_training-d_d0030
r0f0,1,val,962,D1_training-d_d0033
r0f0,1,val,969,D1_training-d_d0040
r0f0,1,val,970,D1_training-d_d0041
r0f0,1,val,971,D1_training-d_d0042
r0f0,1,val,974,D1_training-d_d0045
r0f0,1,val,980,D1_training-d_d0051
r0f0,1,val,983,D1_training-d_d0054
r0f0,1,val,984,D1_training-d_d0055
r0f0,1,val,990,D1_training-e_e00006
r0f0,1,val,993,D1_training-e_e00009
r0f0,1,val,994,D1_training-e_e00010
r0f0,1,val,999,D1_training-e_e00015
r0f0,1,val,1003,D1_training-e_e00019
r0f0,1,val,1004,D1_training-e_e00020
r0f0,1,val,1015,D1_training-e_e00031
r0f0,1,val,1022,D1_training-e_e00038
r0f0,1,val,1030,D1_training-e_e00046
r0f0,1,val,1041,D1_training-e_e00057
r0f0,1,val,1047,D1_training-e_e00063
r0f0,1,val,1049,D1_training-e_e00065
r0f0,1,val,1052,D1_training-e_e00068
r0f0,1,val,1055,D1_training-e_e00071
r0f0,1,val,1057,D1_training-e_e00073
r0f0,1,val,1059,D1_training-e_e00075
r0f0,1,val,1060,D1_training-e_e00076
r0f0,1,val,1066,D1_training-e_e00082
r0f0,1,val,1075,D1_training-e_e00091
r0f0,1,val,1083,D1_training-e_e00099
r0f0,1,val,1084,D1_training-e_e00100
r0f0,1,val,1085,D1_training-e_e00101
r0f0,1,val,1088,D1_training-e_e00104
r0f0,1,val,1089,D1_training-e_e00105
r0f0,1,val,1094,D1_training-e_e00110
r0f0,1,val,1096,D1_training-e_e00112
r0f0,1,val,1097,D1_training-e_e00113
r0f0,1,val,1098,D1_training-e_e00114
r0f0,1,val,1099,D1_training-e_e00115
r0f0,1,val,1100,D1_training-e_e00116
r0f0,1,val,1106,D1_training-e_e00122
r0f0,1,val,1107,D1_training-e_e00123
r0f0,1,val,1116,D1_training-e_e00132
r0f0,1,val,1120,D1_training-e_e00136
r0f0,1,val,1125,D1_training-e_e00141
r0f0,1,val,1129,D1_training-e_e00145
r0f0,1,val,1133,D1_training-e_e00149
r0f0,1,val,1135,D1_training-e_e00151
r0f0,1,val,1139,D1_training-e_e00155
r0f0,1,val,1147,D1_training-e_e00163
r0f0,1,val,1150,D1_training-e_e00166
r0f0,1,val,1162,D1_training-e_e00178
r0f0,1,val,1165,D1_training-e_e00181
r0f0,1,val,1170,D1_training-e_e00186
r0f0,1,val,1172,D1_training-e_e00188
r0f0,1,val,1174,D1_training-e_e00190
r0f0,1,val,1179,D1_training-e_e00195
r0f0,1,val,1184,D1_training-e_e00200
r0f0,1,val,1185,D1_training-e_e00201
r0f0,1,val,1186,D1_training-e_e00202
r0f0,1,val,1188,D1_training-e_e00204
r0f0,1,val,1189,D1_training-e_e00205
r0f0,1,val,1190,D1_training-e_e00206
r0f0,1,val,1194,D1_training-e_e00210
r0f0,1,val,1195,D1_training-e_e00211
r0f0,1,val,1204,D1_training-e_e00220
r0f0,1,val,1205,D1_training-e_e00221
r0f0,1,val,1208,D1_training-e_e00224
r0f0,1,val,1212,D1_training-e_e00228
r0f0,1,val,1214,D1_training-e_e00230
r0f0,1,val,1217,D1_training-e_e00233
r0f0,1,val,1226,D1_training-e_e00242
r0f0,1,val,1227,D1_training-e_e00243
r0f0,1,val,1229,D1_training-e_e00245
r0f0,1,val,1244,D1_training-e_e00260
r0f0,1,val,1245,D1_training-e_e00261
r0f0,1,val,1250,D1_training-e_e00266
r0f0,1,val,1260,D1_training-e_e00276
r0f0,1,val,1264,D1_training-e_e00280
r0f0,1,val,1269,D1_training-e_e00285
r0f0,1,val,1279,D1_training-e_e00295
r0f0,1,val,1280,D1_training-e_e00296
r0f0,1,val,1281,D1_training-e_e00297
r0f0,1,val,1283,D1_training-e_e00299
r0f0,1,val,1284,D1_training-e_e00300
r0f0,1,val,1295,D1_training-e_e00311
r0f0,1,val,1296,D1_training-e_e00312
r0f0,1,val,1299,D1_training-e_e00315
r0f0,1,val,1302,D1_training-e_e00318
r0f0,1,val,1308,D1_training-e_e00324
r0f0,1,val,1312,D1_training-e_e00328
r0f0,1,val,1315,D1_training-e_e00331
r0f0,1,val,1318,D1_training-e_e00334
r0f0,1,val,1320,D1_training-e_e00336
r0f0,1,val,1322,D1_training-e_e00338
r0f0,1,val,1324,D1_training-e_e00340
r0f0,1,val,1328,D1_training-e_e00344
r0f0,1,val,1330,D1_training-e_e00346
r0f0,1,val,1331,D1_training-e_e00347
r0f0,1,val,1334,D1_training-e_e00350
r0f0,1,val,1336,D1_training-e_e00352
r0f0,1,val,1337,D1_training-e_e00353
r0f0,1,val,1341,D1_training-e_e00357
r0f0,1,val,1344,D1_training-e_e00360
r0f0,1,val,1346,D1_training-e_e00362
r0f0,1,val,1349,D1_training-e_e00365
r0f0,1,val,1350,D1_training-e_e00366
r0f0,1,val,1351,D1_training-e_e00367
r0f0,1,val,1356,D1_training-e_e00372
r0f0,1,val,1359,D1_training-e_e00375
r0f0,1,val,1361,D1_training-e_e00377
r0f0,1,val,1362,D1_training-e_e00378
r0f0,1,val,1363,D1_training-e_e00379
r0f0,1,val,1365,D1_training-e_e00381
r0f0,1,val,1369,D1_training-e_e00385
r0f0,1,val,1372,D1_training-e_e00388
r0f0,1,val,1377,D1_training-e_e00393
r0f0,1,val,1381,D1_training-e_e00397
r0f0,1,val,1387,D1_training-e_e00403
r0f0,1,val,1388,D1_training-e_e00404
r0f0,1,val,1390,D1_training-e_e00406
r0f0,1,val,1397,D1_training-e_e00413
r0f0,1,val,1399,D1_training-e_e00415
r0f0,1,val,1406,D1_training-e_e00422
r0f0,1,val,1410,D1_training-e_e00426
r0f0,1,val,1420,D1_training-e_e00436
r0f0,1,val,1430,D1_training-e_e00446
r0f0,1,val,1436,D1_training-e_e00452
r0f0,1,val,1440,D1_training-e_e00456
r0f0,1,val,1441,D1_training-e_e00457
r0f0,1,val,1442,D1_training-e_e00458
r0f0,1,val,1451,D1_training-e_e00467
r0f0,1,val,1453,D1_training-e_e00469
r0f0,1,val,1457,D1_training-e_e00473
r0f0,1,val,1470,D1_training-e_e00486
r0f0,1,val,1471,D1_training-e_e00487
r0f0,1,val,1477,D1_training-e_e00493
r0f0,1,val,1482,D1_training-e_e00498
r0f0,1,val,1484,D1_training-e_e00500
r0f0,1,val,1488,D1_training-e_e00504
r0f0,1,val,1489,D1_training-e_e00505
r0f0,1,val,1498,D1_training-e_e00514
r0f0,1,val,1499,D1_training-e_e00515
r0f0,1,val,1507,D1_training-e_e00523
r0f0,1,val,1510,D1_training-e_e00526
r0f0,1,val,1513,D1_training-e_e00529
r0f0,1,val,1518,D1_training-e_e00534
r0f0,1,val,1519,D1_training-e_e00535
r0f0,1,val,1522,D1_training-e_e00538
r0f0,1,val,1530,D1_training-e_e00546
r0f0,1,val,1531,D1_training-e_e00547
r0f0,1,val,1534,D1_training-e_e00550
r0f0,1,val,1538,D1_training-e_e00554
r0f0,1,val,1541,D1_training-e_e00557
r0f0,1,val,1542,D1_training-e_e00558
r0f0,1,val,1544,D1_training-e_e00560
r0f0,1,val,1546,D1_training-e_e00562
r0f0,1,val,1549,D1_training-e_e00565
r0f0,1,val,1550,D1_training-e_e00566
r0f0,1,val,1553,D1_training-e_e00569
r0f0,1,val,1562,D1_training-e_e00578
r0f0,1,val,1574,D1_training-e_e00590
r0f0,1,val,1575,D1_training-e_e00591
r0f0,1,val,1578,D1_training-e_e00594
r0f0,1,val,1587,D1_training-e_e00603
r0f0,1,val,1589,D1_training-e_e00605
r0f0,1,val,1592,D1_training-e_e00608
r0f0,1,val,1593,D1_training-e_e00609
r0f0,1,val,1594,D1_training-e_e00610
r0f0,1,val,1595,D1_training-e_e00611
r0f0,1,val,1597,D1_training-e_e00613
r0f0,1,val,1599,D1_training-e_e00615
r0f0,1,val,1603,D1_training-e_e00619
r0f0,1,val,1605,D1_training-e_e00621
r0f0,1,val,1608,D1_training-e_e00624
r0f0,1,val,1614,D1_training-e_e00630
r0f0,1,val,1618,D1_training-e_e00634
r0f0,1,val,1619,D1_training-e_e00635
r0f0,1,val,1621,D1_training-e_e00637
r0f0,1,val,1624,D1_training-e_e00640
r0f0,1,val,1629,D1_training-e_e00645
r0f0,1,val,1635,D1_training-e_e00651
r0f0,1,val,1636,D1_training-e_e00652
r0f0,1,val,1637,D1_training-e_e00653
r0f0,1,val,1644,D1_training-e_e00660
r0f0,1,val,1645,D1_training-e_e00661
r0f0,1,val,1651,D1_training-e_e00667
r0f0,1,val,1653,D1_training-e_e00669
r0f0,1,val,1656,D1_training-e_e00672
r0f0,1,val,1658,D1_training-e_e00674
r0f0,1,val,1664,D1_training-e_e00680
r0f0,1,val,1666,D1_training-e_e00682
r0f0,1,val,1669,D1_training-e_e00685
r0f0,1,val,1670,D1_training-e_e00686
r0f0,1,val,1673,D1_training-e_e00689
r0f0,1,val,1674,D1_training-e_e00690
r0f0,1,val,1675,D1_training-e_e00691
r0f0,1,val,1681,D1_training-e_e00697
r0f0,1,val,1684,D1_training-e_e00700
r0f0,1,val,1692,D1_training-e_e00708
r0f0,1,val,1694,D1_training-e_e00710
r0f0,1,val,1700,D1_training-e_e00716
r0f0,1,val,1702,D1_training-e_e00718
r0f0,1,val,1707,D1_training-e_e00723
r0f0,1,val,1713,D1_training-e_e00729
r0f0,1,val,1715,D1_training-e_e00731
r0f0,1,val,1718,D1_training-e_e00734
r0f0,1,val,1723,D1_training-e_e00739
r0f0,1,val,1730,D1_training-e_e00746
r0f0,1,val,1734,D1_training-e_e00750
r0f0,1,val,1735,D1_training-e_e00751
r0f0,1,val,1736,D1_training-e_e00752
r0f0,1,val,1740,D1_training-e_e00756
r0f0,1,val,1741,D1_training-e_e00757
r0f0,1,val,1750,D1_training-e_e00766
r0f0,1,val,1751,D1_training-e_e00767
r0f0,1,val,1754,D1_training-e_e00770
r0f0,1,val,1762,D1_training-e_e00778
r0f0,1,val,1764,D1_training-e_e00780
r0f0,1,val,1767,D1_training-e_e00783
r0f0,1,val,1769,D1_training-e_e00785
r0f0,1,val,1770,D1_training-e_e00786
r0f0,1,val,1788,D1_training-e_e00804
r0f0,1,val,1789,D1_training-e_e00805
r0f0,1,val,1790,D1_training-e_e00806
r0f0,1,val,1792,D1_training-e_e00808
r0f0,1,val,1793,D1_training-e_e00809
r0f0,1,val,1796,D1_training-e_e00812
r0f0,1,val,1809,D1_training-e_e00825
r0f0,1,val,1814,D1_training-e_e00830
r0f0,1,val,1815,D1_training-e_e00831
r0f0,1,val,1825,D1_training-e_e00841
r0f0,1,val,1829,D1_training-e_e00845
r0f0,1,val,1831,D1_training-e_e00847
r0f0,1,val,1834,D1_training-e_e00850
r0f0,1,val,1835,D1_training-e_e00851
r0f0,1,val,1838,D1_training-e_e00854
r0f0,1,val,1839,D1_training-e_e00855
r0f0,1,val,1844,D1_training-e_e00860
r0f0,1,val,1848,D1_training-e_e00864
r0f0,1,val,1850,D1_training-e_e00866
r0f0,1,val,1852,D1_training-e_e00868
r0f0,1,val,1857,D1_training-e_e00873
r0f0,1,val,1861,D1_training-e_e00877
r0f0,1,val,1862,D1_training-e_e00878
r0f0,1,val,1865,D1_training-e_e00881
r0f0,1,val,1867,D1_training-e_e00883
r0f0,1,val,1869,D1_training-e_e00885
r0f0,1,val,1871,D1_training-e_e00887
r0f0,1,val,1876,D1_training-e_e00892
r0f0,1,val,1879,D1_training-e_e00895
r0f0,1,val,1889,D1_training-e_e00905
r0f0,1,val,1891,D1_training-e_e00907
r0f0,1,val,1892,D1_training-e_e00908
r0f0,1,val,1894,D1_training-e_e00910
r0f0,1,val,1898,D1_training-e_e00914
r0f0,1,val,1902,D1_training-e_e00918
r0f0,1,val,1903,D1_training-e_e00919
r0f0,1,val,1906,D1_training-e_e00922
r0f0,1,val,1907,D1_training-e_e00923
r0f0,1,val,1908,D1_training-e_e00924
r0f0,1,val,1909,D1_training-e_e00925
r0f0,1,val,1912,D1_training-e_e00928
r0f0,1,val,1913,D1_training-e_e00929
r0f0,1,val,1919,D1_training-e_e00935
r0f0,1,val,1920,D1_training-e_e00936
r0f0,1,val,1921,D1_training-e_e00937
r0f0,1,val,1922,D1_training-e_e00938
r0f0,1,val,1923,D1_training-e_e00939
r0f0,1,val,1929,D1_training-e_e00945
r0f0,1,val,1930,D1_training-e_e00946
r0f0,1,val,1932,D1_training-e_e00948
r0f0,1,val,1934,D1_training-e_e00950
r0f0,1,val,1935,D1_training-e_e00951
r0f0,1,val,1938,D1_training-e_e00954
r0f0,1,val,1942,D1_training-e_e00958
r0f0,1,val,1949,D1_training-e_e00965
r0f0,1,val,1952,D1_training-e_e00968
r0f0,1,val,1961,D1_training-e_e00977
r0f0,1,val,1963,D1_training-e_e00979
r0f0,1,val,1965,D1_training-e_e00981
r0f0,1,val,1976,D1_training-e_e00992
r0f0,1,val,1996,D1_training-e_e01012
r0f0,1,val,2001,D1_training-e_e01017
r0f0,1,val,2003,D1_training-e_e01019
r0f0,1,val,2012,D1_training-e_e01028
r0f0,1,val,2016,D1_training-e_e01032
r0f0,1,val,2018,D1_training-e_e01034
r0f0,1,val,2020,D1_training-e_e01036
r0f0,1,val,2021,D1_training-e_e01037
r0f0,1,val,2030,D1_training-e_e01046
r0f0,1,val,2037,D1_training-e_e01053
r0f0,1,val,2042,D1_training-e_e01058
r0f0,1,val,2046,D1_training-e_e01062
r0f0,1,val,2052,D1_training-e_e01068
r0f0,1,val,2054,D1_training-e_e01070
r0f0,1,val,2055,D1_training-e_e01071
r0f0,1,val,2062,D1_training-e_e01078
r0f0,1,val,2064,D1_training-e_e01080
r0f0,1,val,2065,D1_training-e_e01081
r0f0,1,val,2066,D1_training-e_e01082
r0f0,1,val,2068,D1_training-e_e01084
r0f0,1,val,2073,D1_training-e_e01089
r0f0,1,val,2075,D1_training-e_e01091
r0f0,1,val,2076,D1_training-e_e01092
r0f0,1,val,2077,D1_training-e_e01093
r0f0,1,val,2078,D1_training-e_e01094
r0f0,1,val,2081,D1_training-e_e01097
r0f0,1,val,2083,D1_training-e_e01099
r0f0,1,val,2092,D1_training-e_e01108
r0f0,1,val,2094,D1_training-e_e01110
r0f0,1,val,2098,D1_training-e_e01114
r0f0,1,val,2101,D1_training-e_e01117
r0f0,1,val,2102,D1_training-e_e01118
r0f0,1,val,2106,D1_training-e_e01122
r0f0,1,val,2107,D1_training-e_e01123
r0f0,1,val,2112,D1_training-e_e01128
r0f0,1,val,2113,D1_training-e_e01129
r0f0,1,val,2122,D1_training-e_e01138
r0f0,1,val,2124,D1_training-e_e01140
r0f0,1,val,2125,D1_training-e_e01141
r0f0,1,val,2126,D1_training-e_e01142
r0f0,1,val,2130,D1_training-e_e01146
r0f0,1,val,2131,D1_training-e_e01147
r0f0,1,val,2132,D1_training-e_e01148
r0f0,1,val,2148,D1_training-e_e01164
r0f0,1,val,2159,D1_training-e_e01175
r0f0,1,val,2160,D1_training-e_e01176
r0f0,1,val,2161,D1_training-e_e01177
r0f0,1,val,2165,D1_training-e_e01181
r0f0,1,val,2167,D1_training-e_e01183
r0f0,1,val,2168,D1_training-e_e01184
r0f0,1,val,2169,D1_training-e_e01185
r0f0,1,val,2174,D1_training-e_e01190
r0f0,1,val,2177,D1_training-e_e01193
r0f0,1,val,2178,D1_training-e_e01194
r0f0,1,val,2180,D1_training-e_e01196
r0f0,1,val,2186,D1_training-e_e01202
r0f0,1,val,2191,D1_training-e_e01207
r0f0,1,val,2193,D1_training-e_e01209
r0f0,1,val,2196,D1_training-e_e01212
r0f0,1,val,2199,D1_training-e_e01215
r0f0,1,val,2200,D1_training-e_e01216
r0f0,1,val,2208,D1_training-e_e01224
r0f0,1,val,2210,D1_training-e_e01226
r0f0,1,val,2213,D1_training-e_e01229
r0f0,1,val,2222,D1_training-e_e01238
r0f0,1,val,2226,D1_training-e_e01242
r0f0,1,val,2228,D1_training-e_e01244
r0f0,1,val,2238,D1_training-e_e01254
r0f0,1,val,2246,D1_training-e_e01262
r0f0,1,val,2247,D1_training-e_e01263
r0f0,1,val,2250,D1_training-e_e01266
r0f0,1,val,2255,D1_training-e_e01271
r0f0,1,val,2257,D1_training-e_e01273
r0f0,1,val,2261,D1_training-e_e01277
r0f0,1,val,2265,D1_training-e_e01281
r0f0,1,val,2266,D1_training-e_e01282
r0f0,1,val,2269,D1_training-e_e01285
r0f0,1,val,2273,D1_training-e_e01289
r0f0,1,val,2276,D1_training-e_e01292
r0f0,1,val,2278,D1_training-e_e01294
r0f0,1,val,2279,D1_training-e_e01295
r0f0,1,val,2282,D1_training-e_e01298
r0f0,1,val,2285,D1_training-e_e01301
r0f0,1,val,2294,D1_training-e_e01310
r0f0,1,val,2296,D1_training-e_e01312
r0f0,1,val,2300,D1_training-e_e01316
r0f0,1,val,2301,D1_training-e_e01317
r0f0,1,val,2303,D1_training-e_e01319
r0f0,1,val,2308,D1_training-e_e01324
r0f0,1,val,2309,D1_training-e_e01325
r0f0,1,val,2316,D1_training-e_e01332
r0f0,1,val,2317,D1_training-e_e01333
r0f0,1,val,2318,D1_training-e_e01334
r0f0,1,val,2323,D1_training-e_e01339
r0f0,1,val,2325,D1_training-e_e01341
r0f0,1,val,2327,D1_training-e_e01343
r0f0,1,val,2332,D1_training-e_e01348
r0f0,1,val,2334,D1_training-e_e01350
r0f0,1,val,2337,D1_training-e_e01353
r0f0,1,val,2341,D1_training-e_e01357
r0f0,1,val,2344,D1_training-e_e01360
r0f0,1,val,2348,D1_training-e_e01364
r0f0,1,val,2351,D1_training-e_e01367
r0f0,1,val,2356,D1_training-e_e01372
r0f0,1,val,2357,D1_training-e_e01373
r0f0,1,val,2362,D1_training-e_e01378
r0f0,1,val,2364,D1_training-e_e01380
r0f0,1,val,2367,D1_training-e_e01383
r0f0,1,val,2370,D1_training-e_e01386
r0f0,1,val,2375,D1_training-e_e01391
r0f0,1,val,2386,D1_training-e_e01402
r0f0,1,val,2387,D1_training-e_e01403
r0f0,1,val,2389,D1_training-e_e01405
r0f0,1,val,2395,D1_training-e_e01411
r0f0,1,val,2398,D1_training-e_e01414
r0f0,1,val,2402,D1_training-e_e01418
r0f0,1,val,2410,D1_training-e_e01426
r0f0,1,val,2413,D1_training-e_e01429
r0f0,1,val,2414,D1_training-e_e01430
r0f0,1,val,2415,D1_training-e_e01431
r0f0,1,val,2423,D1_training-e_e01439
r0f0,1,val,2425,D1_training-e_e01441
r0f0,1,val,2427,D1_training-e_e01443
r0f0,1,val,2428,D1_training-e_e01444
r0f0,1,val,2430,D1_training-e_e01446
r0f0,1,val,2432,D1_training-e_e01448
r0f0,1,val,2433,D1_training-e_e01449
r0f0,1,val,2435,D1_training-e_e01451
r0f0,1,val,2438,D1_training-e_e01454
r0f0,1,val,2446,D1_training-e_e01462
r0f0,1,val,2447,D1_training-e_e01463
r0f0,1,val,2449,D1_training-e_e01465
r0f0,1,val,2454,D1_training-e_e01470
r0f0,1,val,2461,D1_training-e_e01477
r0f0,1,val,2464,D1_training-e_e01480
r0f0,1,val,2465,D1_training-e_e01481
r0f0,1,val,2466,D1_training-e_e01482
r0f0,1,val,2475,D1_training-e_e01491
r0f0,1,val,2478,D1_training-e_e01494
r0f0,1,val,2479,D1_training-e_e01495
r0f0,1,val,2481,D1_training-e_e01497
r0f0,1,val,2482,D1_training-e_e01498
r0f0,1,val,2484,D1_training-e_e01500
r0f0,1,val,2490,D1_training-e_e01506
r0f0,1,val,2491,D1_training-e_e01507
r0f0,1,val,2492,D1_training-e_e01508
r0f0,1,val,2493,D1_training-e_e01509
r0f0,1,val,2494,D1_training-e_e01510
r0f0,1,val,2511,D1_training-e_e01527
r0f0,1,val,2517,D1_training-e_e01533
r0f0,1,val,2522,D1_training-e_e01538
r0f0,1,val,2524,D1_training-e_e01540
r0f0,1,val,2529,D1_training-e_e01545
r0f0,1,val,2531,D1_training-e_e01547
r0f0,1,val,2532,D1_training-e_e01548
r0f0,1,val,2535,D1_training-e_e01551
r0f0,1,val,2537,D1_training-e_e01553
r0f0,1,val,2548,D1_training-e_e01564
r0f0,1,val,2549,D1_training-e_e01565
r0f0,1,val,2550,D1_training-e_e01566
r0f0,1,val,2551,D1_training-e_e01567
r0f0,1,val,2552,D1_training-e_e01568
r0f0,1,val,2557,D1_training-e_e01573
r0f0,1,val,2558,D1_training-e_e01574
r0f0,1,val,2560,D1_training-e_e01576
r0f0,1,val,2562,D1_training-e_e01578
r0f0,1,val,2565,D1_training-e_e01581
r0f0,1,val,2566,D1_training-e_e01582
r0f0,1,val,2568,D1_training-e_e01584
r0f0,1,val,2573,D1_training-e_e01589
r0f0,1,val,2574,D1_training-e_e01590
r0f0,1,val,2583,D1_training-e_e01599
r0f0,1,val,2592,D1_training-e_e01608
r0f0,1,val,2594,D1_training-e_e01610
r0f0,1,val,2595,D1_training-e_e01611
r0f0,1,val,2598,D1_training-e_e01614
r0f0,1,val,2600,D1_training-e_e01616
r0f0,1,val,2602,D1_training-e_e01618
r0f0,1,val,2611,D1_training-e_e01627
r0f0,1,val,2612,D1_training-e_e01628
r0f0,1,val,2614,D1_training-e_e01630
r0f0,1,val,2615,D1_training-e_e01631
r0f0,1,val,2617,D1_training-e_e01633
r0f0,1,val,2624,D1_training-e_e01640
r0f0,1,val,2628,D1_training-e_e01644
r0f0,1,val,2629,D1_training-e_e01645
r0f0,1,val,2632,D1_training-e_e01648
r0f0,1,val,2633,D1_training-e_e01649
r0f0,1,val,2634,D1_training-e_e01650
r0f0,1,val,2639,D1_training-e_e01655
r0f0,1,val,2640,D1_training-e_e01656
r0f0,1,val,2655,D1_training-e_e01671
r0f0,1,val,2658,D1_training-e_e01674
r0f0,1,val,2661,D1_training-e_e01677
r0f0,1,val,2663,D1_training-e_e01679
r0f0,1,val,2665,D1_training-e_e01681
r0f0,1,val,2669,D1_training-e_e01685
r0f0,1,val,2670,D1_training-e_e01686
r0f0,1,val,2680,D1_training-e_e01696
r0f0,1,val,2685,D1_training-e_e01701
r0f0,1,val,2700,D1_training-e_e01716
r0f0,1,val,2703,D1_training-e_e01719
r0f0,1,val,2711,D1_training-e_e01727
r0f0,1,val,2714,D1_training-e_e01730
r0f0,1,val,2715,D1_training-e_e01731
r0f0,1,val,2716,D1_training-e_e01732
r0f0,1,val,2719,D1_training-e_e01735
r0f0,1,val,2721,D1_training-e_e01737
r0f0,1,val,2723,D1_training-e_e01739
r0f0,1,val,2727,D1_training-e_e01743
r0f0,1,val,2728,D1_training-e_e01744
r0f0,1,val,2731,D1_training-e_e01747
r0f0,1,val,2732,D1_training-e_e01748
r0f0,1,val,2738,D1_training-e_e01754
r0f0,1,val,2741,D1_training-e_e01757
r0f0,1,val,2763,D1_training-e_e01779
r0f0,1,val,2767,D1_training-e_e01783
r0f0,1,val,2769,D1_training-e_e01785
r0f0,1,val,2770,D1_training-e_e01786
r0f0,1,val,2774,D1_training-e_e01790
r0f0,1,val,2782,D1_training-e_e01798
r0f0,1,val,2790,D1_training-e_e01806
r0f0,1,val,2793,D1_training-e_e01809
r0f0,1,val,2799,D1_training-e_e01815
r0f0,1,val,2802,D1_training-e_e01818
r0f0,1,val,2810,D1_training-e_e01826
r0f0,1,val,2811,D1_training-e_e01827
r0f0,1,val,2820,D1_training-e_e01836
r0f0,1,val,2822,D1_training-e_e01838
r0f0,1,val,2823,D1_training-e_e01839
r0f0,1,val,2828,D1_training-e_e01844
r0f0,1,val,2831,D1_training-e_e01847
r0f0,1,val,2833,D1_training-e_e01849
r0f0,1,val,2836,D1_training-e_e01852
r0f0,1,val,2837,D1_training-e_e01853
r0f0,1,val,2839,D1_training-e_e01855
r0f0,1,val,2841,D1_training-e_e01857
r0f0,1,val,2850,D1_training-e_e01866
r0f0,1,val,2857,D1_training-e_e01873
r0f0,1,val,2860,D1_training-e_e01876
r0f0,1,val,2863,D1_training-e_e01879
r0f0,1,val,2868,D1_training-e_e01884
r0f0,1,val,2875,D1_training-e_e01891
r0f0,1,val,2889,D1_training-e_e01905
r0f0,1,val,2895,D1_training-e_e01911
r0f0,1,val,2897,D1_training-e_e01913
r0f0,1,val,2899,D1_training-e_e01915
r0f0,1,val,2909,D1_training-e_e01925
r0f0,1,val,2910,D1_training-e_e01926
r0f0,1,val,2911,D1_training-e_e01927
r0f0,1,val,2914,D1_training-e_e01930
r0f0,1,val,2921,D1_training-e_e01937
r0f0,1,val,2931,D1_training-e_e01947
r0f0,1,val,2939,D1_training-e_e01955
r0f0,1,val,2944,D1_training-e_e01960
r0f0,1,val,2945,D1_training-e_e01961
r0f0,1,val,2951,D1_training-e_e01967
r0f0,1,val,2955,D1_training-e_e01971
r0f0,1,val,2958,D1_training-e_e01974
r0f0,1,val,2962,D1_training-e_e01978
r0f0,1,val,2970,D1_training-e_e01986
r0f0,1,val,2981,D1_training-e_e01997
r0f0,1,val,2986,D1_training-e_e02002
r0f0,1,val,2989,D1_training-e_e02005
r0f0,1,val,2990,D1_training-e_e02006
r0f0,1,val,2992,D1_training-e_e02008
r0f0,1,val,2996,D1_training-e_e02012
r0f0,1,val,2997,D1_training-e_e02013
r0f0,1,val,3003,D1_training-e_e02019
r0f0,1,val,3005,D1_training-e_e02021
r0f0,1,val,3008,D1_training-e_e02024
r0f0,1,val,3013,D1_training-e_e02029
r0f0,1,val,3031,D1_training-e_e02047
r0f0,1,val,3034,D1_training-e_e02050
r0f0,1,val,3038,D1_training-e_e02054
r0f0,1,val,3039,D1_training-e_e02055
r0f0,1,val,3040,D1_training-e_e02056
r0f0,1,val,3046,D1_training-e_e02062
r0f0,1,val,3050,D1_training-e_e02066
r0f0,1,val,3053,D1_training-e_e02069
r0f0,1,val,3054,D1_training-e_e02070
r0f0,1,val,3060,D1_training-e_e02076
r0f0,1,val,3061,D1_training-e_e02077
r0f0,1,val,3066,D1_training-e_e02082
r0f0,1,val,3068,D1_training-e_e02084
r0f0,1,val,3070,D1_training-e_e02086
r0f0,1,val,3071,D1_training-e_e02087
r0f0,1,val,3083,D1_training-e_e02099
r0f0,1,val,3086,D1_training-e_e02102
r0f0,1,val,3089,D1_training-e_e02105
r0f0,1,val,3090,D1_training-e_e02106
r0f0,1,val,3093,D1_training-e_e02109
r0f0,1,val,3095,D1_training-e_e02111
r0f0,1,val,3096,D1_training-e_e02112
r0f0,1,val,3097,D1_training-e_e02113
r0f0,1,val,3100,D1_training-e_e02116
r0f0,1,val,3114,D1_training-e_e02130
r0f0,1,val,3116,D1_training-e_e02132
r0f0,1,val,3124,D1_training-e_e02140
r0f0,1,val,3127,D1_training-f_f0002
r0f0,1,val,3128,D1_training-f_f0003
r0f0,1,val,3131,D1_training-f_f0006
r0f0,1,val,3135,D1_training-f_f0010
r0f0,1,val,3137,D1_training-f_f0012
r0f0,1,val,3145,D1_training-f_f0020
r0f0,1,val,3148,D1_training-f_f0023
r0f0,1,val,3151,D1_training-f_f0026
r0f0,1,val,3152,D1_training-f_f0027
r0f0,1,val,3155,D1_training-f_f0030
r0f0,1,val,3156,D1_training-f_f0031
r0f0,1,val,3163,D1_training-f_f0038
r0f0,1,val,3171,D1_training-f_f0046
r0f0,1,val,3178,D1_training-f_f0053
r0f0,1,val,3180,D1_training-f_f0055
r0f0,1,val,3184,D1_training-f_f0059
r0f0,1,val,3195,D1_training-f_f0070
r0f0,1,val,3207,D1_training-f_f0082
r0f0,1,val,3211,D1_training-f_f0086
r0f0,1,val,3226,D1_training-f_f0101
r0f0,1,val,3231,D1_training-f_f0106
r0f0,1,val,3233,D1_training-f_f0108
r0f0,1,val,3234,D1_training-f_f0109
r0f0,1,val,3239,D1_training-f_f0114
r0f0,2,train,0,D1_training-a_a0001
r0f0,2,train,1,D1_training-a_a0002
r0f0,2,train,2,D1_training-a_a0003
r0f0,2,train,3,D1_training-a_a0004
r0f0,2,train,5,D1_training-a_a0006
r0f0,2,train,6,D1_training-a_a0007
r0f0,2,train,9,D1_training-a_a0010
r0f0,2,train,10,D1_training-a_a0011
r0f0,2,train,12,D1_training-a_a0013
r0f0,2,train,20,D1_training-a_a0021
r0f0,2,train,22,D1_training-a_a0023
r0f0,2,train,23,D1_training-a_a0024
r0f0,2,train,30,D1_training-a_a0031
r0f0,2,train,32,D1_training-a_a0033
r0f0,2,train,34,D1_training-a_a0035
r0f0,2,train,35,D1_training-a_a0036
r0f0,2,train,36,D1_training-a_a0037
r0f0,2,train,37,D1_training-a_a0038
r0f0,2,train,38,D1_training-a_a0039
r0f0,2,train,41,D1_training-a_a0042
r0f0,2,train,42,D1_training-a_a0043
r0f0,2,train,43,D1_training-a_a0044
r0f0,2,train,45,D1_training-a_a0046
r0f0,2,train,46,D1_training-a_a0047
r0f0,2,train,50,D1_training-a_a0051
r0f0,2,train,51,D1_training-a_a0052
r0f0,2,train,54,D1_training-a_a0055
r0f0,2,train,55,D1_training-a_a0056
r0f0,2,train,57,D1_training-a_a0058
r0f0,2,train,59,D1_training-a_a0060
r0f0,2,train,61,D1_training-a_a0062
r0f0,2,train,64,D1_training-a_a0065
r0f0,2,train,65,D1_training-a_a0066
r0f0,2,train,66,D1_training-a_a0067
r0f0,2,train,67,D1_training-a_a0068
r0f0,2,train,73,D1_training-a_a0074
r0f0,2,train,75,D1_training-a_a0076
r0f0,2,train,77,D1_training-a_a0078
r0f0,2,train,78,D1_training-a_a0079
r0f0,2,train,80,D1_training-a_a0081
r0f0,2,train,81,D1_training-a_a0082
r0f0,2,train,83,D1_training-a_a0084
r0f0,2,train,85,D1_training-a_a0086
r0f0,2,train,88,D1_training-a_a0089
r0f0,2,train,92,D1_training-a_a0093
r0f0,2,train,93,D1_training-a_a0094
r0f0,2,train,95,D1_training-a_a0096
r0f0,2,train,96,D1_training-a_a0097
r0f0,2,train,97,D1_training-a_a0098
r0f0,2,train,99,D1_training-a_a0100
r0f0,2,train,102,D1_training-a_a0103
r0f0,2,train,104,D1_training-a_a0105
r0f0,2,train,106,D1_training-a_a0107
r0f0,2,train,107,D1_training-a_a0108
r0f0,2,train,112,D1_training-a_a0113
r0f0,2,train,113,D1_training-a_a0114
r0f0,2,train,118,D1_training-a_a0119
r0f0,2,train,119,D1_training-a_a0120
r0f0,2,train,120,D1_training-a_a0121
r0f0,2,train,123,D1_training-a_a0124
r0f0,2,train,124,D1_training-a_a0125
r0f0,2,train,125,D1_training-a_a0126
r0f0,2,train,126,D1_training-a_a0127
r0f0,2,train,128,D1_training-a_a0129
r0f0,2,train,129,D1_training-a_a0130
r0f0,2,train,131,D1_training-a_a0132
r0f0,2,train,134,D1_training-a_a0135
r0f0,2,train,137,D1_training-a_a0138
r0f0,2,train,139,D1_training-a_a0140
r0f0,2,train,144,D1_training-a_a0145
r0f0,2,train,145,D1_training-a_a0146
r0f0,2,train,146,D1_training-a_a0147
r0f0,2,train,147,D1_training-a_a0148
r0f0,2,train,148,D1_training-a_a0149
r0f0,2,train,151,D1_training-a_a0152
r0f0,2,train,155,D1_training-a_a0156
r0f0,2,train,156,D1_training-a_a0157
r0f0,2,train,157,D1_training-a_a0158
r0f0,2,train,158,D1_training-a_a0159
r0f0,2,train,159,D1_training-a_a0160
r0f0,2,train,160,D1_training-a_a0161
r0f0,2,train,161,D1_training-a_a0162
r0f0,2,train,163,D1_training-a_a0164
r0f0,2,train,166,D1_training-a_a0167
r0f0,2,train,168,D1_training-a_a0169
r0f0,2,train,170,D1_training-a_a0171
r0f0,2,train,171,D1_training-a_a0172
r0f0,2,train,172,D1_training-a_a0173
r0f0,2,train,173,D1_training-a_a0174
r0f0,2,train,175,D1_training-a_a0176
r0f0,2,train,177,D1_training-a_a0178
r0f0,2,train,179,D1_training-a_a0180
r0f0,2,train,180,D1_training-a_a0181
r0f0,2,train,181,D1_training-a_a0182
r0f0,2,train,182,D1_training-a_a0183
r0f0,2,train,184,D1_training-a_a0185
r0f0,2,train,185,D1_training-a_a0186
r0f0,2,train,190,D1_training-a_a0191
r0f0,2,train,193,D1_training-a_a0194
r0f0,2,train,197,D1_training-a_a0198
r0f0,2,train,198,D1_training-a_a0199
r0f0,2,train,199,D1_training-a_a0200
r0f0,2,train,202,D1_training-a_a0203
r0f0,2,train,205,D1_training-a_a0206
r0f0,2,train,207,D1_training-a_a0208
r0f0,2,train,213,D1_training-a_a0214
r0f0,2,train,215,D1_training-a_a0216
r0f0,2,train,222,D1_training-a_a0223
r0f0,2,train,223,D1_training-a_a0224
r0f0,2,train,225,D1_training-a_a0226
r0f0,2,train,226,D1_training-a_a0227
r0f0,2,train,227,D1_training-a_a0228
r0f0,2,train,229,D1_training-a_a0230
r0f0,2,train,231,D1_training-a_a0232
r0f0,2,train,235,D1_training-a_a0236
r0f0,2,train,236,D1_training-a_a0237
r0f0,2,train,238,D1_training-a_a0239
r0f0,2,train,239,D1_training-a_a0240
r0f0,2,train,242,D1_training-a_a0243
r0f0,2,train,243,D1_training-a_a0244
r0f0,2,train,245,D1_training-a_a0246
r0f0,2,train,246,D1_training-a_a0247
r0f0,2,train,250,D1_training-a_a0251
r0f0,2,train,252,D1_training-a_a0253
r0f0,2,train,260,D1_training-a_a0261
r0f0,2,train,263,D1_training-a_a0264
r0f0,2,train,264,D1_training-a_a0265
r0f0,2,train,273,D1_training-a_a0274
r0f0,2,train,275,D1_training-a_a0276
r0f0,2,train,277,D1_training-a_a0278
r0f0,2,train,279,D1_training-a_a0280
r0f0,2,train,280,D1_training-a_a0281
r0f0,2,train,281,D1_training-a_a0282
r0f0,2,train,283,D1_training-a_a0284
r0f0,2,train,284,D1_training-a_a0285
r0f0,2,train,285,D1_training-a_a0286
r0f0,2,train,287,D1_training-a_a0288
r0f0,2,train,293,D1_training-a_a0294
r0f0,2,train,295,D1_training-a_a0296
r0f0,2,train,296,D1_training-a_a0297
r0f0,2,train,301,D1_training-a_a0302
r0f0,2,train,302,D1_training-a_a0303
r0f0,2,train,303,D1_training-a_a0304
r0f0,2,train,304,D1_training-a_a0305
r0f0,2,train,306,D1_training-a_a0307
r0f0,2,train,307,D1_training-a_a0308
r0f0,2,train,311,D1_training-a_a0312
r0f0,2,train,312,D1_training-a_a0313
r0f0,2,train,313,D1_training-a_a0314
r0f0,2,train,314,D1_training-a_a0315
r0f0,2,train,316,D1_training-a_a0317
r0f0,2,train,317,D1_training-a_a0318
r0f0,2,train,318,D1_training-a_a0319
r0f0,2,train,319,D1_training-a_a0320
r0f0,2,train,322,D1_training-a_a0323
r0f0,2,train,323,D1_training-a_a0324
r0f0,2,train,326,D1_training-a_a0327
r0f0,2,train,328,D1_training-a_a0329
r0f0,2,train,329,D1_training-a_a0330
r0f0,2,train,330,D1_training-a_a0331
r0f0,2,train,331,D1_training-a_a0332
r0f0,2,train,332,D1_training-a_a0333
r0f0,2,train,333,D1_training-a_a0334
r0f0,2,train,334,D1_training-a_a0335
r0f0,2,train,335,D1_training-a_a0336
r0f0,2,train,338,D1_training-a_a0339
r0f0,2,train,339,D1_training-a_a0340
r0f0,2,train,340,D1_training-a_a0341
r0f0,2,train,343,D1_training-a_a0344
r0f0,2,train,345,D1_training-a_a0346
r0f0,2,train,346,D1_training-a_a0347
r0f0,2,train,347,D1_training-a_a0348
r0f0,2,train,348,D1_training-a_a0349
r0f0,2,train,350,D1_training-a_a0351
r0f0,2,train,351,D1_training-a_a0352
r0f0,2,train,353,D1_training-a_a0354
r0f0,2,train,354,D1_training-a_a0355
r0f0,2,train,355,D1_training-a_a0356
r0f0,2,train,356,D1_training-a_a0357
r0f0,2,train,359,D1_training-a_a0360
r0f0,2,train,362,D1_training-a_a0363
r0f0,2,train,363,D1_training-a_a0364
r0f0,2,train,364,D1_training-a_a0365
r0f0,2,train,365,D1_training-a_a0366
r0f0,2,train,367,D1_training-a_a0368
r0f0,2,train,368,D1_training-a_a0369
r0f0,2,train,369,D1_training-a_a0370
r0f0,2,train,371,D1_training-a_a0372
r0f0,2,train,373,D1_training-a_a0374
r0f0,2,train,374,D1_training-a_a0375
r0f0,2,train,375,D1_training-a_a0376
r0f0,2,train,376,D1_training-a_a0377
r0f0,2,train,377,D1_training-a_a0378
r0f0,2,train,379,D1_training-a_a0380
r0f0,2,train,380,D1_training-a_a0381
r0f0,2,train,381,D1_training-a_a0382
r0f0,2,train,383,D1_training-a_a0384
r0f0,2,train,384,D1_training-a_a0385
r0f0,2,train,385,D1_training-a_a0386
r0f0,2,train,386,D1_training-a_a0387
r0f0,2,train,387,D1_training-a_a0388
r0f0,2,train,388,D1_training-a_a0389
r0f0,2,train,389,D1_training-a_a0390
r0f0,2,train,390,D1_training-a_a0391
r0f0,2,train,391,D1_training-a_a0392
r0f0,2,train,394,D1_training-a_a0395
r0f0,2,train,397,D1_training-a_a0398
r0f0,2,train,398,D1_training-a_a0399
r0f0,2,train,399,D1_training-a_a0400
r0f0,2,train,404,D1_training-a_a0405
r0f0,2,train,406,D1_training-a_a0407
r0f0,2,train,407,D1_training-a_a0408
r0f0,2,train,410,D1_training-b_b0002
r0f0,2,train,412,D1_training-b_b0004
r0f0,2,train,414,D1_training-b_b0006
r0f0,2,train,415,D1_training-b_b0007
r0f0,2,train,417,D1_training-b_b0009
r0f0,2,train,421,D1_training-b_b0013
r0f0,2,train,425,D1_training-b_b0017
r0f0,2,train,426,D1_training-b_b0018
r0f0,2,train,427,D1_training-b_b0019
r0f0,2,train,430,D1_training-b_b0022
r0f0,2,train,433,D1_training-b_b0025
r0f0,2,train,434,D1_training-b_b0026
r0f0,2,train,436,D1_training-b_b0028
r0f0,2,train,437,D1_training-b_b0029
r0f0,2,train,438,D1_training-b_b0030
r0f0,2,train,442,D1_training-b_b0034
r0f0,2,train,443,D1_training-b_b0035
r0f0,2,train,444,D1_training-b_b0036
r0f0,2,train,446,D1_training-b_b0038
r0f0,2,train,447,D1_training-b_b0039
r0f0,2,train,450,D1_training-b_b0042
r0f0,2,train,452,D1_training-b_b0044
r0f0,2,train,453,D1_training-b_b0045
r0f0,2,train,455,D1_training-b_b0047
r0f0,2,train,459,D1_training-b_b0051
r0f0,2,train,460,D1_training-b_b0052
r0f0,2,train,461,D1_training-b_b0053
r0f0,2,train,463,D1_training-b_b0055
r0f0,2,train,464,D1_training-b_b0056
r0f0,2,train,466,D1_training-b_b0058
r0f0,2,train,467,D1_training-b_b0059
r0f0,2,train,470,D1_training-b_b0062
r0f0,2,train,472,D1_training-b_b0064
r0f0,2,train,474,D1_training-b_b0066
r0f0,2,train,475,D1_training-b_b0067
r0f0,2,train,476,D1_training-b_b0068
r0f0,2,train,477,D1_training-b_b0069
r0f0,2,train,479,D1_training-b_b0071
r0f0,2,train,480,D1_training-b_b0072
r0f0,2,train,481,D1_training-b_b0073
r0f0,2,train,482,D1_training-b_b0074
r0f0,2,train,483,D1_training-b_b0075
r0f0,2,train,484,D1_training-b_b0076
r0f0,2,train,485,D1_training-b_b0077
r0f0,2,train,488,D1_training-b_b0080
r0f0,2,train,490,D1_training-b_b0082
r0f0,2,train,491,D1_training-b_b0083
r0f0,2,train,492,D1_training-b_b0084
r0f0,2,train,495,D1_training-b_b0087
r0f0,2,train,496,D1_training-b_b0088
r0f0,2,train,499,D1_training-b_b0091
r0f0,2,train,504,D1_training-b_b0096
r0f0,2,train,506,D1_training-b_b0098
r0f0,2,train,507,D1_training-b_b0099
r0f0,2,train,509,D1_training-b_b0101
r0f0,2,train,510,D1_training-b_b0102
r0f0,2,train,512,D1_training-b_b0104
r0f0,2,train,513,D1_training-b_b0105
r0f0,2,train,515,D1_training-b_b0107
r0f0,2,train,519,D1_training-b_b0111
r0f0,2,train,521,D1_training-b_b0113
r0f0,2,train,523,D1_training-b_b0115
r0f0,2,train,524,D1_training-b_b0116
r0f0,2,train,525,D1_training-b_b0117
r0f0,2,train,526,D1_training-b_b0118
r0f0,2,train,528,D1_training-b_b0120
r0f0,2,train,529,D1_training-b_b0121
r0f0,2,train,530,D1_training-b_b0122
r0f0,2,train,535,D1_training-b_b0127
r0f0,2,train,536,D1_training-b_b0128
r0f0,2,train,537,D1_training-b_b0129
r0f0,2,train,538,D1_training-b_b0130
r0f0,2,train,539,D1_training-b_b0131
r0f0,2,train,541,D1_training-b_b0133
r0f0,2,train,544,D1_training-b_b0136
r0f0,2,train,546,D1_training-b_b0138
r0f0,2,train,549,D1_training-b_b0141
r0f0,2,train,552,D1_training-b_b0144
r0f0,2,train,553,D1_training-b_b0145
r0f0,2,train,554,D1_training-b_b0146
r0f0,2,train,555,D1_training-b_b0147
r0f0,2,train,556,D1_training-b_b0148
r0f0,2,train,557,D1_training-b_b0149
r0f0,2,train,558,D1_training-b_b0150
r0f0,2,train,559,D1_training-b_b0151
r0f0,2,train,561,D1_training-b_b0153
r0f0,2,train,562,D1_training-b_b0154
r0f0,2,train,567,D1_training-b_b0159
r0f0,2,train,568,D1_training-b_b0160
r0f0,2,train,570,D1_training-b_b0162
r0f0,2,train,571,D1_training-b_b0163
r0f0,2,train,572,D1_training-b_b0164
r0f0,2,train,573,D1_training-b_b0165
r0f0,2,train,574,D1_training-b_b0166
r0f0,2,train,575,D1_training-b_b0167
r0f0,2,train,576,D1_training-b_b0168
r0f0,2,train,577,D1_training-b_b0169
r0f0,2,train,578,D1_training-b_b0170
r0f0,2,train,579,D1_training-b_b0171
r0f0,2,train,580,D1_training-b_b0172
r0f0,2,train,582,D1_training-b_b0174
r0f0,2,train,585,D1_training-b_b0177
r0f0,2,train,586,D1_training-b_b0178
r0f0,2,train,589,D1_training-b_b0181
r0f0,2,train,590,D1_training-b_b0182
r0f0,2,train,591,D1_training-b_b0183
r0f0,2,train,592,D1_training-b_b0184
r0f0,2,train,593,D1_training-b_b0185
r0f0,2,train,594,D1_training-b_b0186
r0f0,2,train,595,D1_training-b_b0187
r0f0,2,train,596,D1_training-b_b0188
r0f0,2,train,598,D1_training-b_b0190
r0f0,2,train,599,D1_training-b_b0191
r0f0,2,train,600,D1_training-b_b0192
r0f0,2,train,602,D1_training-b_b0194
r0f0,2,train,603,D1_training-b_b0195
r0f0,2,train,606,D1_training-b_b0198
r0f0,2,train,611,D1_training-b_b0203
r0f0,2,train,612,D1_training-b_b0204
r0f0,2,train,614,D1_training-b_b0206
r0f0,2,train,615,D1_training-b_b0207
r0f0,2,train,616,D1_training-b_b0208
r0f0,2,train,618,D1_training-b_b0210
r0f0,2,train,619,D1_training-b_b0211
r0f0,2,train,620,D1_training-b_b0212
r0f0,2,train,623,D1_training-b_b0215
r0f0,2,train,624,D1_training-b_b0216
r0f0,2,train,627,D1_training-b_b0219
r0f0,2,train,630,D1_training-b_b0222
r0f0,2,train,631,D1_training-b_b0223
r0f0,2,train,632,D1_training-b_b0224
r0f0,2,train,634,D1_training-b_b0226
r0f0,2,train,635,D1_training-b_b0227
r0f0,2,train,637,D1_training-b_b0229
r0f0,2,train,638,D1_training-b_b0230
r0f0,2,train,639,D1_training-b_b0231
r0f0,2,train,640,D1_training-b_b0232
r0f0,2,train,641,D1_training-b_b0233
r0f0,2,train,642,D1_training-b_b0234
r0f0,2,train,643,D1_training-b_b0235
r0f0,2,train,644,D1_training-b_b0236
r0f0,2,train,645,D1_training-b_b0237
r0f0,2,train,646,D1_training-b_b0238
r0f0,2,train,649,D1_training-b_b0241
r0f0,2,train,652,D1_training-b_b0244
r0f0,2,train,653,D1_training-b_b0245
r0f0,2,train,655,D1_training-b_b0247
r0f0,2,train,657,D1_training-b_b0249
r0f0,2,train,658,D1_training-b_b0250
r0f0,2,train,659,D1_training-b_b0251
r0f0,2,train,664,D1_training-b_b0256
r0f0,2,train,667,D1_training-b_b0259
r0f0,2,train,668,D1_training-b_b0260
r0f0,2,train,670,D1_training-b_b0262
r0f0,2,train,672,D1_training-b_b0264
r0f0,2,train,677,D1_training-b_b0269
r0f0,2,train,680,D1_training-b_b0272
r0f0,2,train,684,D1_training-b_b0276
r0f0,2,train,686,D1_training-b_b0278
r0f0,2,train,688,D1_training-b_b0280
r0f0,2,train,690,D1_training-b_b0282
r0f0,2,train,692,D1_training-b_b0284
r0f0,2,train,693,D1_training-b_b0285
r0f0,2,train,696,D1_training-b_b0288
r0f0,2,train,699,D1_training-b_b0291
r0f0,2,train,703,D1_training-b_b0295
r0f0,2,train,705,D1_training-b_b0297
r0f0,2,train,708,D1_training-b_b0300
r0f0,2,train,709,D1_training-b_b0301
r0f0,2,train,710,D1_training-b_b0302
r0f0,2,train,711,D1_training-b_b0303
r0f0,2,train,712,D1_training-b_b0304
r0f0,2,train,714,D1_training-b_b0306
r0f0,2,train,715,D1_training-b_b0307
r0f0,2,train,716,D1_training-b_b0308
r0f0,2,train,720,D1_training-b_b0312
r0f0,2,train,722,D1_training-b_b0314
r0f0,2,train,723,D1_training-b_b0315
r0f0,2,train,725,D1_training-b_b0317
r0f0,2,train,726,D1_training-b_b0318
r0f0,2,train,727,D1_training-b_b0319
r0f0,2,train,729,D1_training-b_b0321
r0f0,2,train,730,D1_training-b_b0322
r0f0,2,train,733,D1_training-b_b0325
r0f0,2,train,734,D1_training-b_b0326
r0f0,2,train,737,D1_training-b_b0329
r0f0,2,train,738,D1_training-b_b0330
r0f0,2,train,740,D1_training-b_b0332
r0f0,2,train,742,D1_training-b_b0334
r0f0,2,train,744,D1_training-b_b0336
r0f0,2,train,747,D1_training-b_b0339
r0f0,2,train,748,D1_training-b_b0340
r0f0,2,train,749,D1_training-b_b0341
r0f0,2,train,750,D1_training-b_b0342
r0f0,2,train,751,D1_training-b_b0343
r0f0,2,train,753,D1_training-b_b0345
r0f0,2,train,754,D1_training-b_b0346
r0f0,2,train,756,D1_training-b_b0348
r0f0,2,train,759,D1_training-b_b0351
r0f0,2,train,760,D1_training-b_b0352
r0f0,2,train,761,D1_training-b_b0353
r0f0,2,train,765,D1_training-b_b0357
r0f0,2,train,769,D1_training-b_b0361
r0f0,2,train,771,D1_training-b_b0363
r0f0,2,train,772,D1_training-b_b0364
r0f0,2,train,773,D1_training-b_b0365
r0f0,2,train,774,D1_training-b_b0366
r0f0,2,train,778,D1_training-b_b0370
r0f0,2,train,780,D1_training-b_b0372
r0f0,2,train,782,D1_training-b_b0374
r0f0,2,train,783,D1_training-b_b0375
r0f0,2,train,784,D1_training-b_b0376
r0f0,2,train,785,D1_training-b_b0377
r0f0,2,train,786,D1_training-b_b0378
r0f0,2,train,790,D1_training-b_b0382
r0f0,2,train,791,D1_training-b_b0383
r0f0,2,train,792,D1_training-b_b0384
r0f0,2,train,797,D1_training-b_b0389
r0f0,2,train,801,D1_training-b_b0393
r0f0,2,train,802,D1_training-b_b0394
r0f0,2,train,803,D1_training-b_b0395
r0f0,2,train,804,D1_training-b_b0396
r0f0,2,train,806,D1_training-b_b0398
r0f0,2,train,807,D1_training-b_b0399
r0f0,2,train,809,D1_training-b_b0401
r0f0,2,train,810,D1_training-b_b0402
r0f0,2,train,812,D1_training-b_b0404
r0f0,2,train,813,D1_training-b_b0405
r0f0,2,train,814,D1_training-b_b0406
r0f0,2,train,815,D1_training-b_b0407
r0f0,2,train,817,D1_training-b_b0409
r0f0,2,train,818,D1_training-b_b0410
r0f0,2,train,819,D1_training-b_b0411
r0f0,2,train,820,D1_training-b_b0412
r0f0,2,train,823,D1_training-b_b0415
r0f0,2,train,824,D1_training-b_b0416
r0f0,2,train,827,D1_training-b_b0419
r0f0,2,train,829,D1_training-b_b0421
r0f0,2,train,830,D1_training-b_b0422
r0f0,2,train,831,D1_training-b_b0423
r0f0,2,train,832,D1_training-b_b0424
r0f0,2,train,834,D1_training-b_b0426
r0f0,2,train,837,D1_training-b_b0429
r0f0,2,train,838,D1_training-b_b0430
r0f0,2,train,841,D1_training-b_b0433
r0f0,2,train,842,D1_training-b_b0434
r0f0,2,train,843,D1_training-b_b0435
r0f0,2,train,847,D1_training-b_b0439
r0f0,2,train,849,D1_training-b_b0441
r0f0,2,train,852,D1_training-b_b0444
r0f0,2,train,855,D1_training-b_b0447
r0f0,2,train,856,D1_training-b_b0448
r0f0,2,train,859,D1_training-b_b0451
r0f0,2,train,861,D1_training-b_b0453
r0f0,2,train,867,D1_training-b_b0459
r0f0,2,train,869,D1_training-b_b0461
r0f0,2,train,871,D1_training-b_b0463
r0f0,2,train,875,D1_training-b_b0467
r0f0,2,train,876,D1_training-b_b0468
r0f0,2,train,877,D1_training-b_b0469
r0f0,2,train,879,D1_training-b_b0471
r0f0,2,train,880,D1_training-b_b0472
r0f0,2,train,882,D1_training-b_b0474
r0f0,2,train,884,D1_training-b_b0476
r0f0,2,train,886,D1_training-b_b0478
r0f0,2,train,889,D1_training-b_b0481
r0f0,2,train,891,D1_training-b_b0483
r0f0,2,train,894,D1_training-b_b0486
r0f0,2,train,897,D1_training-b_b0489
r0f0,2,train,898,D1_training-b_b0490
r0f0,2,train,901,D1_training-c_c0003
r0f0,2,train,903,D1_training-c_c0005
r0f0,2,train,904,D1_training-c_c0006
r0f0,2,train,908,D1_training-c_c0010
r0f0,2,train,909,D1_training-c_c0011
r0f0,2,train,910,D1_training-c_c0012
r0f0,2,train,912,D1_training-c_c0014
r0f0,2,train,913,D1_training-c_c0015
r0f0,2,train,914,D1_training-c_c0016
r0f0,2,train,915,D1_training-c_c0017
r0f0,2,train,918,D1_training-c_c0020
r0f0,2,train,921,D1_training-c_c0023
r0f0,2,train,923,D1_training-c_c0025
r0f0,2,train,924,D1_training-c_c0026
r0f0,2,train,927,D1_training-c_c0029
r0f0,2,train,929,D1_training-c_c0031
r0f0,2,train,932,D1_training-d_d0003
r0f0,2,train,933,D1_training-d_d0004
r0f0,2,train,934,D1_training-d_d0005
r0f0,2,train,935,D1_training-d_d0006
r0f0,2,train,936,D1_training-d_d0007
r0f0,2,train,940,D1_training-d_d0011
r0f0,2,train,941,D1_training-d_d0012
r0f0,2,train,943,D1_training-d_d0014
r0f0,2,train,944,D1_training-d_d0015
r0f0,2,train,945,D1_training-d_d0016
r0f0,2,train,946,D1_training-d_d0017
r0f0,2,train,947,D1_training-d_d0018
r0f0,2,train,949,D1_training-d_d0020
r0f0,2,train,950,D1_training-d_d0021
r0f0,2,train,953,D1_training-d_d0024
r0f0,2,train,955,D1_training-d_d0026
r0f0,2,train,956,D1_training-d_d0027
r0f0,2,train,958,D1_training-d_d0029
r0f0,2,train,959,D1_training-d_d0030
r0f0,2,train,960,D1_training-d_d0031
r0f0,2,train,962,D1_training-d_d0033
r0f0,2,train,963,D1_training-d_d0034
r0f0,2,train,965,D1_training-d_d0036
r0f0,2,train,967,D1_training-d_d0038
r0f0,2,train,969,D1_training-d_d0040
r0f0,2,train,970,D1_training-d_d0041
r0f0,2,train,971,D1_training-d_d0042
r0f0,2,train,972,D1_training-d_d0043
r0f0,2,train,974,D1_training-d_d0045
r0f0,2,train,975,D1_training-d_d0046
r0f0,2,train,976,D1_training-d_d0047
r0f0,2,train,977,D1_training-d_d0048
r0f0,2,train,980,D1_training-d_d0051
r0f0,2,train,983,D1_training-d_d0054
r0f0,2,train,984,D1_training-d_d0055
r0f0,2,train,985,D1_training-e_e00001
r0f0,2,train,986,D1_training-e_e00002
r0f0,2,train,988,D1_training-e_e00004
r0f0,2,train,989,D1_training-e_e00005
r0f0,2,train,990,D1_training-e_e00006
r0f0,2,train,991,D1_training-e_e00007
r0f0,2,train,993,D1_training-e_e00009
r0f0,2,train,994,D1_training-e_e00010
r0f0,2,train,995,D1_training-e_e00011
r0f0,2,train,996,D1_training-e_e00012
r0f0,2,train,999,D1_training-e_e00015
r0f0,2,train,1002,D1_training-e_e00018
r0f0,2,train,1003,D1_training-e_e00019
r0f0,2,train,1004,D1_training-e_e00020
r0f0,2,train,1006,D1_training-e_e00022
r0f0,2,train,1012,D1_training-e_e00028
r0f0,2,train,1013,D1_training-e_e00029
r0f0,2,train,1015,D1_training-e_e00031
r0f0,2,train,1017,D1_training-e_e00033
r0f0,2,train,1022,D1_training-e_e00038
r0f0,2,train,1025,D1_training-e_e00041
r0f0,2,train,1030,D1_training-e_e00046
r0f0,2,train,1031,D1_training-e_e00047
r0f0,2,train,1034,D1_training-e_e00050
r0f0,2,train,1036,D1_training-e_e00052
r0f0,2,train,1038,D1_training-e_e00054
r0f0,2,train,1041,D1_training-e_e00057
r0f0,2,train,1046,D1_training-e_e00062
r0f0,2,train,1047,D1_training-e_e00063
r0f0,2,train,1049,D1_training-e_e00065
r0f0,2,train,1051,D1_training-e_e00067
r0f0,2,train,1052,D1_training-e_e00068
r0f0,2,train,1055,D1_training-e_e00071
r0f0,2,train,1056,D1_training-e_e00072
r0f0,2,train,1057,D1_training-e_e00073
r0f0,2,train,1058,D1_training-e_e00074
r0f0,2,train,1059,D1_training-e_e00075
r0f0,2,train,1060,D1_training-e_e00076
r0f0,2,train,1062,D1_training-e_e00078
r0f0,2,train,1063,D1_training-e_e00079
r0f0,2,train,1064,D1_training-e_e00080
r0f0,2,train,1065,D1_training-e_e00081
r0f0,2,train,1066,D1_training-e_e00082
r0f0,2,train,1068,D1_training-e_e00084
r0f0,2,train,1071,D1_training-e_e00087
r0f0,2,train,1073,D1_training-e_e00089
r0f0,2,train,1074,D1_training-e_e00090
r0f0,2,train,1075,D1_training-e_e00091
r0f0,2,train,1083,D1_training-e_e00099
r0f0,2,train,1084,D1_training-e_e00100
r0f0,2,train,1085,D1_training-e_e00101
r0f0,2,train,1086,D1_training-e_e00102
r0f0,2,train,1088,D1_training-e_e00104
r0f0,2,train,1089,D1_training-e_e00105
r0f0,2,train,1091,D1_training-e_e00107
r0f0,2,train,1094,D1_training-e_e00110
r0f0,2,train,1096,D1_training-e_e00112
r0f0,2,train,1097,D1_training-e_e00113
r0f0,2,train,1098,D1_training-e_e00114
r0f0,2,train,1099,D1_training-e_e00115
r0f0,2,train,1100,D1_training-e_e00116
r0f0,2,train,1101,D1_training-e_e00117
r0f0,2,train,1103,D1_training-e_e00119
r0f0,2,train,1105,D1_training-e_e00121
r0f0,2,train,1106,D1_training-e_e00122
r0f0,2,train,1107,D1_training-e_e00123
r0f0,2,train,1110,D1_training-e_e00126
r0f0,2,train,1111,D1_training-e_e00127
r0f0,2,train,1112,D1_training-e_e00128
r0f0,2,train,1115,D1_training-e_e00131
r0f0,2,train,1116,D1_training-e_e00132
r0f0,2,train,1119,D1_training-e_e00135
r0f0,2,train,1120,D1_training-e_e00136
r0f0,2,train,1123,D1_training-e_e00139
r0f0,2,train,1124,D1_training-e_e00140
r0f0,2,train,1125,D1_training-e_e00141
r0f0,2,train,1126,D1_training-e_e00142
r0f0,2,train,1127,D1_training-e_e00143
r0f0,2,train,1128,D1_training-e_e00144
r0f0,2,train,1129,D1_training-e_e00145
r0f0,2,train,1133,D1_training-e_e00149
r0f0,2,train,1135,D1_training-e_e00151
r0f0,2,train,1136,D1_training-e_e00152
r0f0,2,train,1137,D1_training-e_e00153
r0f0,2,train,1138,D1_training-e_e00154
r0f0,2,train,1139,D1_training-e_e00155
r0f0,2,train,1140,D1_training-e_e00156
r0f0,2,train,1142,D1_training-e_e00158
r0f0,2,train,1144,D1_training-e_e00160
r0f0,2,train,1146,D1_training-e_e00162
r0f0,2,train,1147,D1_training-e_e00163
r0f0,2,train,1150,D1_training-e_e00166
r0f0,2,train,1151,D1_training-e_e00167
r0f0,2,train,1152,D1_training-e_e00168
r0f0,2,train,1162,D1_training-e_e00178
r0f0,2,train,1163,D1_training-e_e00179
r0f0,2,train,1165,D1_training-e_e00181
r0f0,2,train,1170,D1_training-e_e00186
r0f0,2,train,1171,D1_training-e_e00187
r0f0,2,train,1172,D1_training-e_e00188
r0f0,2,train,1174,D1_training-e_e00190
r0f0,2,train,1176,D1_training-e_e00192
r0f0,2,train,1178,D1_training-e_e00194
r0f0,2,train,1179,D1_training-e_e00195
r0f0,2,train,1182,D1_training-e_e00198
r0f0,2,train,1184,D1_training-e_e00200
r0f0,2,train,1185,D1_training-e_e00201
r0f0,2,train,1186,D1_training-e_e00202
r0f0,2,train,1188,D1_training-e_e00204
r0f0,2,train,1189,D1_training-e_e00205
r0f0,2,train,1190,D1_training-e_e00206
r0f0,2,train,1191,D1_training-e_e00207
r0f0,2,train,1194,D1_training-e_e00210
r0f0,2,train,1195,D1_training-e_e00211
r0f0,2,train,1198,D1_training-e_e00214
r0f0,2,train,1200,D1_training-e_e00216
r0f0,2,train,1202,D1_training-e_e00218
r0f0,2,train,1203,D1_training-e_e00219
r0f0,2,train,1204,D1_training-e_e00220
r0f0,2,train,1205,D1_training-e_e00221
r0f0,2,train,1208,D1_training-e_e00224
r0f0,2,train,1209,D1_training-e_e00225
r0f0,2,train,1210,D1_training-e_e00226
r0f0,2,train,1212,D1_training-e_e00228
r0f0,2,train,1214,D1_training-e_e00230
r0f0,2,train,1217,D1_training-e_e00233
r0f0,2,train,1218,D1_training-e_e00234
r0f0,2,train,1221,D1_training-e_e00237
r0f0,2,train,1224,D1_training-e_e00240
r0f0,2,train,1226,D1_training-e_e00242
r0f0,2,train,1227,D1_training-e_e00243
r0f0,2,train,1229,D1_training-e_e00245
r0f0,2,train,1232,D1_training-e_e00248
r0f0,2,train,1235,D1_training-e_e00251
r0f0,2,train,1238,D1_training-e_e00254
r0f0,2,train,1239,D1_training-e_e00255
r0f0,2,train,1241,D1_training-e_e00257
r0f0,2,train,1243,D1_training-e_e00259
r0f0,2,train,1244,D1_training-e_e00260
r0f0,2,train,1245,D1_training-e_e00261
r0f0,2,train,1246,D1_training-e_e00262
r0f0,2,train,1249,D1_training-e_e00265
r0f0,2,train,1250,D1_training-e_e00266
r0f0,2,train,1253,D1_training-e_e00269
r0f0,2,train,1258,D1_training-e_e00274
r0f0,2,train,1260,D1_training-e_e00276
r0f0,2,train,1261,D1_training-e_e00277
r0f0,2,train,1263,D1_training-e_e00279
r0f0,2,train,1264,D1_training-e_e00280
r0f0,2,train,1265,D1_training-e_e00281
r0f0,2,train,1269,D1_training-e_e00285
r0f0,2,train,1275,D1_training-e_e00291
r0f0,2,train,1276,D1_training-e_e00292
r0f0,2,train,1277,D1_training-e_e00293
r0f0,2,train,1278,D1_training-e_e00294
r0f0,2,train,1279,D1_training-e_e00295
r0f0,2,train,1280,D1_training-e_e00296
r0f0,2,train,1281,D1_training-e_e00297
r0f0,2,train,1283,D1_training-e_e00299
r0f0,2,train,1284,D1_training-e_e00300
r0f0,2,train,1290,D1_training-e_e00306
r0f0,2,train,1293,D1_training-e_e00309
r0f0,2,train,1295,D1_training-e_e00311
r0f0,2,train,1296,D1_training-e_e00312
r0f0,2,train,1297,D1_training-e_e00313
r0f0,2,train,1298,D1_training-e_e00314
r0f0,2,train,1299,D1_training-e_e00315
r0f0,2,train,1302,D1_training-e_e00318
r0f0,2,train,1303,D1_training-e_e00319
r0f0,2,train,1305,D1_training-e_e00321
r0f0,2,train,1308,D1_training-e_e00324
r0f0,2,train,1309,D1_training-e_e00325
r0f0,2,train,1310,D1_training-e_e00326
r0f0,2,train,1311,D1_training-e_e00327
r0f0,2,train,1312,D1_training-e_e00328
r0f0,2,train,1313,D1_training-e_e00329
r0f0,2,train,1314,D1_training-e_e00330
r0f0,2,train,1315,D1_training-e_e00331
r0f0,2,train,1318,D1_training-e_e00334
r0f0,2,train,1319,D1_training-e_e00335
r0f0,2,train,1320,D1_training-e_e00336
r0f0,2,train,1322,D1_training-e_e00338
r0f0,2,train,1324,D1_training-e_e00340
r0f0,2,train,1326,D1_training-e_e00342
r0f0,2,train,1328,D1_training-e_e00344
r0f0,2,train,1330,D1_training-e_e00346
r0f0,2,train,1331,D1_training-e_e00347
r0f0,2,train,1332,D1_training-e_e00348
r0f0,2,train,1334,D1_training-e_e00350
r0f0,2,train,1335,D1_training-e_e00351
r0f0,2,train,1336,D1_training-e_e00352
r0f0,2,train,1337,D1_training-e_e00353
r0f0,2,train,1339,D1_training-e_e00355
r0f0,2,train,1341,D1_training-e_e00357
r0f0,2,train,1342,D1_training-e_e00358
r0f0,2,train,1344,D1_training-e_e00360
r0f0,2,train,1345,D1_training-e_e00361
r0f0,2,train,1346,D1_training-e_e00362
r0f0,2,train,1349,D1_training-e_e00365
r0f0,2,train,1350,D1_training-e_e00366
r0f0,2,train,1351,D1_training-e_e00367
r0f0,2,train,1355,D1_training-e_e00371
r0f0,2,train,1356,D1_training-e_e00372
r0f0,2,train,1358,D1_training-e_e00374
r0f0,2,train,1359,D1_training-e_e00375
r0f0,2,train,1361,D1_training-e_e00377
r0f0,2,train,1362,D1_training-e_e00378
r0f0,2,train,1363,D1_training-e_e00379
r0f0,2,train,1365,D1_training-e_e00381
r0f0,2,train,1369,D1_training-e_e00385
r0f0,2,train,1372,D1_training-e_e00388
r0f0,2,train,1373,D1_training-e_e00389
r0f0,2,train,1377,D1_training-e_e00393
r0f0,2,train,1378,D1_training-e_e00394
r0f0,2,train,1381,D1_training-e_e00397
r0f0,2,train,1386,D1_training-e_e00402
r0f0,2,train,1387,D1_training-e_e00403
r0f0,2,train,1388,D1_training-e_e00404
r0f0,2,train,1390,D1_training-e_e00406
r0f0,2,train,1393,D1_training-e_e00409
r0f0,2,train,1396,D1_training-e_e00412
r0f0,2,train,1397,D1_training-e_e00413
r0f0,2,train,1399,D1_training-e_e00415
r0f0,2,train,1402,D1_training-e_e00418
r0f0,2,train,1405,D1_training-e_e00421
r0f0,2,train,1406,D1_training-e_e00422
r0f0,2,train,1407,D1_training-e_e00423
r0f0,2,train,1410,D1_training-e_e00426
r0f0,2,train,1419,D1_training-e_e00435
r0f0,2,train,1420,D1_training-e_e00436
r0f0,2,train,1421,D1_training-e_e00437
r0f0,2,train,1422,D1_training-e_e00438
r0f0,2,train,1424,D1_training-e_e00440
r0f0,2,train,1429,D1_training-e_e00445
r0f0,2,train,1430,D1_training-e_e00446
r0f0,2,train,1434,D1_training-e_e00450
r0f0,2,train,1436,D1_training-e_e00452
r0f0,2,train,1439,D1_training-e_e00455
r0f0,2,train,1440,D1_training-e_e00456
r0f0,2,train,1441,D1_training-e_e00457
r0f0,2,train,1442,D1_training-e_e00458
r0f0,2,train,1444,D1_training-e_e00460
r0f0,2,train,1449,D1_training-e_e00465
r0f0,2,train,1451,D1_training-e_e00467
r0f0,2,train,1452,D1_training-e_e00468
r0f0,2,train,1453,D1_training-e_e00469
r0f0,2,train,1454,D1_training-e_e00470
r0f0,2,train,1456,D1_training-e_e00472
r0f0,2,train,1457,D1_training-e_e00473
r0f0,2,train,1461,D1_training-e_e00477
r0f0,2,train,1463,D1_training-e_e00479
r0f0,2,train,1468,D1_training-e_e00484
r0f0,2,train,1470,D1_training-e_e00486
r0f0,2,train,1471,D1_training-e_e00487
r0f0,2,train,1476,D1_training-e_e00492
r0f0,2,train,1477,D1_training-e_e00493
r0f0,2,train,1478,D1_training-e_e00494
r0f0,2,train,1480,D1_training-e_e00496
r0f0,2,train,1482,D1_training-e_e00498
r0f0,2,train,1484,D1_training-e_e00500
r0f0,2,train,1488,D1_training-e_e00504
r0f0,2,train,1489,D1_training-e_e00505
r0f0,2,train,1494,D1_training-e_e00510
r0f0,2,train,1498,D1_training-e_e00514
r0f0,2,train,1499,D1_training-e_e00515
r0f0,2,train,1501,D1_training-e_e00517
r0f0,2,train,1507,D1_training-e_e00523
r0f0,2,train,1510,D1_training-e_e00526
r0f0,2,train,1513,D1_training-e_e00529
r0f0,2,train,1518,D1_training-e_e00534
r0f0,2,train,1519,D1_training-e_e00535
r0f0,2,train,1521,D1_training-e_e00537
r0f0,2,train,1522,D1_training-e_e00538
r0f0,2,train,1526,D1_training-e_e00542
r0f0,2,train,1530,D1_training-e_e00546
r0f0,2,train,1531,D1_training-e_e00547
r0f0,2,train,1534,D1_training-e_e00550
r0f0,2,train,1536,D1_training-e_e00552
r0f0,2,train,1538,D1_training-e_e00554
r0f0,2,train,1539,D1_training-e_e00555
r0f0,2,train,1541,D1_training-e_e00557
r0f0,2,train,1542,D1_training-e_e00558
r0f0,2,train,1544,D1_training-e_e00560
r0f0,2,train,1545,D1_training-e_e00561
r0f0,2,train,1546,D1_training-e_e00562
r0f0,2,train,1549,D1_training-e_e00565
r0f0,2,train,1550,D1_training-e_e00566
r0f0,2,train,1552,D1_training-e_e00568
r0f0,2,train,1553,D1_training-e_e00569
r0f0,2,train,1554,D1_training-e_e00570
r0f0,2,train,1555,D1_training-e_e00571
r0f0,2,train,1557,D1_training-e_e00573
r0f0,2,train,1558,D1_training-e_e00574
r0f0,2,train,1559,D1_training-e_e00575
r0f0,2,train,1562,D1_training-e_e00578
r0f0,2,train,1564,D1_training-e_e00580
r0f0,2,train,1567,D1_training-e_e00583
r0f0,2,train,1570,D1_training-e_e00586
r0f0,2,train,1574,D1_training-e_e00590
r0f0,2,train,1575,D1_training-e_e00591
r0f0,2,train,1576,D1_training-e_e00592
r0f0,2,train,1578,D1_training-e_e00594
r0f0,2,train,1581,D1_training-e_e00597
r0f0,2,train,1584,D1_training-e_e00600
r0f0,2,train,1587,D1_training-e_e00603
r0f0,2,train,1589,D1_training-e_e00605
r0f0,2,train,1592,D1_training-e_e00608
r0f0,2,train,1593,D1_training-e_e00609
r0f0,2,train,1594,D1_training-e_e00610
r0f0,2,train,1595,D1_training-e_e00611
r0f0,2,train,1597,D1_training-e_e00613
r0f0,2,train,1599,D1_training-e_e00615
r0f0,2,train,1602,D1_training-e_e00618
r0f0,2,train,1603,D1_training-e_e00619
r0f0,2,train,1605,D1_training-e_e00621
r0f0,2,train,1606,D1_training-e_e00622
r0f0,2,train,1607,D1_training-e_e00623
r0f0,2,train,1608,D1_training-e_e00624
r0f0,2,train,1609,D1_training-e_e00625
r0f0,2,train,1610,D1_training-e_e00626
r0f0,2,train,1612,D1_training-e_e00628
r0f0,2,train,1614,D1_training-e_e00630
r0f0,2,train,1615,D1_training-e_e00631
r0f0,2,train,1617,D1_training-e_e00633
r0f0,2,train,1618,D1_training-e_e00634
r0f0,2,train,1619,D1_training-e_e00635
r0f0,2,train,1620,D1_training-e_e00636
r0f0,2,train,1621,D1_training-e_e00637
r0f0,2,train,1623,D1_training-e_e00639
r0f0,2,train,1624,D1_training-e_e00640
r0f0,2,train,1625,D1_training-e_e00641
r0f0,2,train,1626,D1_training-e_e00642
r0f0,2,train,1628,D1_training-e_e00644
r0f0,2,train,1629,D1_training-e_e00645
r0f0,2,train,1630,D1_training-e_e00646
r0f0,2,train,1631,D1_training-e_e00647
r0f0,2,train,1633,D1_training-e_e00649
r0f0,2,train,1635,D1_training-e_e00651
r0f0,2,train,1636,D1_training-e_e00652
r0f0,2,train,1637,D1_training-e_e00653
r0f0,2,train,1639,D1_training-e_e00655
r0f0,2,train,1642,D1_training-e_e00658
r0f0,2,train,1644,D1_training-e_e00660
r0f0,2,train,1645,D1_training-e_e00661
r0f0,2,train,1650,D1_training-e_e00666
r0f0,2,train,1651,D1_training-e_e00667
r0f0,2,train,1653,D1_training-e_e00669
r0f0,2,train,1654,D1_training-e_e00670
r0f0,2,train,1655,D1_training-e_e00671
r0f0,2,train,1656,D1_training-e_e00672
r0f0,2,train,1658,D1_training-e_e00674
r0f0,2,train,1659,D1_training-e_e00675
r0f0,2,train,1662,D1_training-e_e00678
r0f0,2,train,1663,D1_training-e_e00679
r0f0,2,train,1664,D1_training-e_e00680
r0f0,2,train,1665,D1_training-e_e00681
r0f0,2,train,1666,D1_training-e_e00682
r0f0,2,train,1669,D1_training-e_e00685
r0f0,2,train,1670,D1_training-e_e00686
r0f0,2,train,1672,D1_training-e_e00688
r0f0,2,train,1673,D1_training-e_e00689
r0f0,2,train,1674,D1_training-e_e00690
r0f0,2,train,1675,D1_training-e_e00691
r0f0,2,train,1678,D1_training-e_e00694
r0f0,2,train,1679,D1_training-e_e00695
r0f0,2,train,1681,D1_training-e_e00697
r0f0,2,train,1684,D1_training-e_e00700
r0f0,2,train,1688,D1_training-e_e00704
r0f0,2,train,1689,D1_training-e_e00705
r0f0,2,train,1690,D1_training-e_e00706
r0f0,2,train,1692,D1_training-e_e00708
r0f0,2,train,1693,D1_training-e_e00709
r0f0,2,train,1694,D1_training-e_e00710
r0f0,2,train,1700,D1_training-e_e00716
r0f0,2,train,1701,D1_training-e_e00717
r0f0,2,train,1702,D1_training-e_e00718
r0f0,2,train,1707,D1_training-e_e00723
r0f0,2,train,1711,D1_training-e_e00727
r0f0,2,train,1713,D1_training-e_e00729
r0f0,2,train,1715,D1_training-e_e00731
r0f0,2,train,1717,D1_training-e_e00733
r0f0,2,train,1718,D1_training-e_e00734
r0f0,2,train,1719,D1_training-e_e00735
r0f0,2,train,1720,D1_training-e_e00736
r0f0,2,train,1722,D1_training-e_e00738
r0f0,2,train,1723,D1_training-e_e00739
r0f0,2,train,1727,D1_training-e_e00743
r0f0,2,train,1730,D1_training-e_e00746
r0f0,2,train,1734,D1_training-e_e00750
r0f0,2,train,1735,D1_training-e_e00751
r0f0,2,train,1736,D1_training-e_e00752
r0f0,2,train,1739,D1_training-e_e00755
r0f0,2,train,1740,D1_training-e_e00756
r0f0,2,train,1741,D1_training-e_e00757
r0f0,2,train,1743,D1_training-e_e00759
r0f0,2,train,1745,D1_training-e_e00761
r0f0,2,train,1748,D1_training-e_e00764
r0f0,2,train,1750,D1_training-e_e00766
r0f0,2,train,1751,D1_training-e_e00767
r0f0,2,train,1753,D1_training-e_e00769
r0f0,2,train,1754,D1_training-e_e00770
r0f0,2,train,1756,D1_training-e_e00772
r0f0,2,train,1757,D1_training-e_e00773
r0f0,2,train,1758,D1_training-e_e00774
r0f0,2,train,1760,D1_training-e_e00776
r0f0,2,train,1762,D1_training-e_e00778
r0f0,2,train,1763,D1_training-e_e00779
r0f0,2,train,1764,D1_training-e_e00780
r0f0,2,train,1766,D1_training-e_e00782
r0f0,2,train,1767,D1_training-e_e00783
r0f0,2,train,1769,D1_training-e_e00785
r0f0,2,train,1770,D1_training-e_e00786
r0f0,2,train,1779,D1_training-e_e00795
r0f0,2,train,1783,D1_training-e_e00799
r0f0,2,train,1784,D1_training-e_e00800
r0f0,2,train,1786,D1_training-e_e00802
r0f0,2,train,1787,D1_training-e_e00803
r0f0,2,train,1788,D1_training-e_e00804
r0f0,2,train,1789,D1_training-e_e00805
r0f0,2,train,1790,D1_training-e_e00806
r0f0,2,train,1792,D1_training-e_e00808
r0f0,2,train,1793,D1_training-e_e00809
r0f0,2,train,1794,D1_training-e_e00810
r0f0,2,train,1796,D1_training-e_e00812
r0f0,2,train,1798,D1_training-e_e00814
r0f0,2,train,1800,D1_training-e_e00816
r0f0,2,train,1802,D1_training-e_e00818
r0f0,2,train,1805,D1_training-e_e00821
r0f0,2,train,1808,D1_training-e_e00824
r0f0,2,train,1809,D1_training-e_e00825
r0f0,2,train,1811,D1_training-e_e00827
r0f0,2,train,1812,D1_training-e_e00828
r0f0,2,train,1813,D1_training-e_e00829
r0f0,2,train,1814,D1_training-e_e00830
r0f0,2,train,1815,D1_training-e_e00831
r0f0,2,train,1821,D1_training-e_e00837
r0f0,2,train,1825,D1_training-e_e00841
r0f0,2,train,1827,D1_training-e_e00843
r0f0,2,train,1829,D1_training-e_e00845
r0f0,2,train,1830,D1_training-e_e00846
r0f0,2,train,1831,D1_training-e_e00847
r0f0,2,train,1833,D1_training-e_e00849
r0f0,2,train,1834,D1_training-e_e00850
r0f0,2,train,1835,D1_training-e_e00851
r0f0,2,train,1838,D1_training-e_e00854
r0f0,2,train,1839,D1_training-e_e00855
r0f0,2,train,1840,D1_training-e_e00856
r0f0,2,train,1841,D1_training-e_e00857
r0f0,2,train,1842,D1_training-e_e00858
r0f0,2,train,1844,D1_training-e_e00860
r0f0,2,train,1848,D1_training-e_e00864
r0f0,2,train,1849,D1_training-e_e00865
r0f0,2,train,1850,D1_training-e_e00866
r0f0,2,train,1851,D1_training-e_e00867
r0f0,2,train,1852,D1_training-e_e00868
r0f0,2,train,1853,D1_training-e_e00869
r0f0,2,train,1856,D1_training-e_e00872
r0f0,2,train,1857,D1_training-e_e00873
r0f0,2,train,1858,D1_training-e_e00874
r0f0,2,train,1859,D1_training-e_e00875
r0f0,2,train,1861,D1_training-e_e00877
r0f0,2,train,1862,D1_training-e_e00878
r0f0,2,train,1865,D1_training-e_e00881
r0f0,2,train,1867,D1_training-e_e00883
r0f0,2,train,1869,D1_training-e_e00885
r0f0,2,train,1871,D1_training-e_e00887
r0f0,2,train,1873,D1_training-e_e00889
r0f0,2,train,1875,D1_training-e_e00891
r0f0,2,train,1876,D1_training-e_e00892
r0f0,2,train,1878,D1_training-e_e00894
r0f0,2,train,1879,D1_training-e_e00895
r0f0,2,train,1881,D1_training-e_e00897
r0f0,2,train,1882,D1_training-e_e00898
r0f0,2,train,1885,D1_training-e_e00901
r0f0,2,train,1886,D1_training-e_e00902
r0f0,2,train,1888,D1_training-e_e00904
r0f0,2,train,1889,D1_training-e_e00905
r0f0,2,train,1890,D1_training-e_e00906
r0f0,2,train,1891,D1_training-e_e00907
r0f0,2,train,1892,D1_training-e_e00908
r0f0,2,train,1893,D1_training-e_e00909
r0f0,2,train,1894,D1_training-e_e00910
r0f0,2,train,1897,D1_training-e_e00913
r0f0,2,train,1898,D1_training-e_e00914
r0f0,2,train,1900,D1_training-e_e00916
r0f0,2,train,1902,D1_training-e_e00918
r0f0,2,train,1903,D1_training-e_e00919
r0f0,2,train,1906,D1_training-e_e00922
r0f0,2,train,1907,D1_training-e_e00923
r0f0,2,train,1908,D1_training-e_e00924
r0f0,2,train,1909,D1_training-e_e00925
r0f0,2,train,1912,D1_training-e_e00928
r0f0,2,train,1913,D1_training-e_e00929
r0f0,2,train,1914,D1_training-e_e00930
r0f0,2,train,1915,D1_training-e_e00931
r0f0,2,train,1917,D1_training-e_e00933
r0f0,2,train,1918,D1_training-e_e00934
r0f0,2,train,1919,D1_training-e_e00935
r0f0,2,train,1920,D1_training-e_e00936
r0f0,2,train,1921,D1_training-e_e00937
r0f0,2,train,1922,D1_training-e_e00938
r0f0,2,train,1923,D1_training-e_e00939
r0f0,2,train,1924,D1_training-e_e00940
r0f0,2,train,1926,D1_training-e_e00942
r0f0,2,train,1929,D1_training-e_e00945
r0f0,2,train,1930,D1_training-e_e00946
r0f0,2,train,1931,D1_training-e_e00947
r0f0,2,train,1932,D1_training-e_e00948
r0f0,2,train,1934,D1_training-e_e00950
r0f0,2,train,1935,D1_training-e_e00951
r0f0,2,train,1937,D1_training-e_e00953
r0f0,2,train,1938,D1_training-e_e00954
r0f0,2,train,1942,D1_training-e_e00958
r0f0,2,train,1943,D1_training-e_e00959
r0f0,2,train,1945,D1_training-e_e00961
r0f0,2,train,1949,D1_training-e_e00965
r0f0,2,train,1951,D1_training-e_e00967
r0f0,2,train,1952,D1_training-e_e00968
r0f0,2,train,1954,D1_training-e_e00970
r0f0,2,train,1959,D1_training-e_e00975
r0f0,2,train,1960,D1_training-e_e00976
r0f0,2,train,1961,D1_training-e_e00977
r0f0,2,train,1963,D1_training-e_e00979
r0f0,2,train,1964,D1_training-e_e00980
r0f0,2,train,1965,D1_training-e_e00981
r0f0,2,train,1967,D1_training-e_e00983
r0f0,2,train,1968,D1_training-e_e00984
r0f0,2,train,1969,D1_training-e_e00985
r0f0,2,train,1970,D1_training-e_e00986
r0f0,2,train,1976,D1_training-e_e00992
r0f0,2,train,1984,D1_training-e_e01000
r0f0,2,train,1990,D1_training-e_e01006
r0f0,2,train,1991,D1_training-e_e01007
r0f0,2,train,1993,D1_training-e_e01009
r0f0,2,train,1994,D1_training-e_e01010
r0f0,2,train,1995,D1_training-e_e01011
r0f0,2,train,1996,D1_training-e_e01012
r0f0,2,train,1999,D1_training-e_e01015
r0f0,2,train,2001,D1_training-e_e01017
r0f0,2,train,2003,D1_training-e_e01019
r0f0,2,train,2005,D1_training-e_e01021
r0f0,2,train,2008,D1_training-e_e01024
r0f0,2,train,2011,D1_training-e_e01027
r0f0,2,train,2012,D1_training-e_e01028
r0f0,2,train,2015,D1_training-e_e01031
r0f0,2,train,2016,D1_training-e_e01032
r0f0,2,train,2018,D1_training-e_e01034
r0f0,2,train,2019,D1_training-e_e01035
r0f0,2,train,2020,D1_training-e_e01036
r0f0,2,train,2021,D1_training-e_e01037
r0f0,2,train,2022,D1_training-e_e01038
r0f0,2,train,2028,D1_training-e_e01044
r0f0,2,train,2029,D1_training-e_e01045
r0f0,2,train,2030,D1_training-e_e01046
r0f0,2,train,2037,D1_training-e_e01053
r0f0,2,train,2038,D1_training-e_e01054
r0f0,2,train,2040,D1_training-e_e01056
r0f0,2,train,2042,D1_training-e_e01058
r0f0,2,train,2044,D1_training-e_e01060
r0f0,2,train,2045,D1_training-e_e01061
r0f0,2,train,2046,D1_training-e_e01062
r0f0,2,train,2052,D1_training-e_e01068
r0f0,2,train,2053,D1_training-e_e01069
r0f0,2,train,2054,D1_training-e_e01070
r0f0,2,train,2055,D1_training-e_e01071
r0f0,2,train,2057,D1_training-e_e01073
r0f0,2,train,2059,D1_training-e_e01075
r0f0,2,train,2061,D1_training-e_e01077
r0f0,2,train,2062,D1_training-e_e01078
r0f0,2,train,2064,D1_training-e_e01080
r0f0,2,train,2065,D1_training-e_e01081
r0f0,2,train,2066,D1_training-e_e01082
r0f0,2,train,2068,D1_training-e_e01084
r0f0,2,train,2073,D1_training-e_e01089
r0f0,2,train,2074,D1_training-e_e01090
r0f0,2,train,2075,D1_training-e_e01091
r0f0,2,train,2076,D1_training-e_e01092
r0f0,2,train,2077,D1_training-e_e01093
r0f0,2,train,2078,D1_training-e_e01094
r0f0,2,train,2080,D1_training-e_e01096
r0f0,2,train,2081,D1_training-e_e01097
r0f0,2,train,2083,D1_training-e_e01099
r0f0,2,train,2088,D1_training-e_e01104
r0f0,2,train,2090,D1_training-e_e01106
r0f0,2,train,2092,D1_training-e_e01108
r0f0,2,train,2094,D1_training-e_e01110
r0f0,2,train,2095,D1_training-e_e01111
r0f0,2,train,2096,D1_training-e_e01112
r0f0,2,train,2097,D1_training-e_e01113
r0f0,2,train,2098,D1_training-e_e01114
r0f0,2,train,2099,D1_training-e_e01115
r0f0,2,train,2101,D1_training-e_e01117
r0f0,2,train,2102,D1_training-e_e01118
r0f0,2,train,2103,D1_training-e_e01119
r0f0,2,train,2104,D1_training-e_e01120
r0f0,2,train,2105,D1_training-e_e01121
r0f0,2,train,2106,D1_training-e_e01122
r0f0,2,train,2107,D1_training-e_e01123
r0f0,2,train,2108,D1_training-e_e01124
r0f0,2,train,2110,D1_training-e_e01126
r0f0,2,train,2112,D1_training-e_e01128
r0f0,2,train,2113,D1_training-e_e01129
r0f0,2,train,2117,D1_training-e_e01133
r0f0,2,train,2119,D1_training-e_e01135
r0f0,2,train,2120,D1_training-e_e01136
r0f0,2,train,2122,D1_training-e_e01138
r0f0,2,train,2124,D1_training-e_e01140
r0f0,2,train,2125,D1_training-e_e01141
r0f0,2,train,2126,D1_training-e_e01142
r0f0,2,train,2128,D1_training-e_e01144
r0f0,2,train,2129,D1_training-e_e01145
r0f0,2,train,2130,D1_training-e_e01146
r0f0,2,train,2131,D1_training-e_e01147
r0f0,2,train,2132,D1_training-e_e01148
r0f0,2,train,2134,D1_training-e_e01150
r0f0,2,train,2136,D1_training-e_e01152
r0f0,2,train,2137,D1_training-e_e01153
r0f0,2,train,2138,D1_training-e_e01154
r0f0,2,train,2143,D1_training-e_e01159
r0f0,2,train,2148,D1_training-e_e01164
r0f0,2,train,2150,D1_training-e_e01166
r0f0,2,train,2153,D1_training-e_e01169
r0f0,2,train,2154,D1_training-e_e01170
r0f0,2,train,2156,D1_training-e_e01172
r0f0,2,train,2158,D1_training-e_e01174
r0f0,2,train,2159,D1_training-e_e01175
r0f0,2,train,2160,D1_training-e_e01176
r0f0,2,train,2161,D1_training-e_e01177
r0f0,2,train,2165,D1_training-e_e01181
r0f0,2,train,2167,D1_training-e_e01183
r0f0,2,train,2168,D1_training-e_e01184
r0f0,2,train,2169,D1_training-e_e01185
r0f0,2,train,2172,D1_training-e_e01188
r0f0,2,train,2174,D1_training-e_e01190
r0f0,2,train,2177,D1_training-e_e01193
r0f0,2,train,2178,D1_training-e_e01194
r0f0,2,train,2180,D1_training-e_e01196
r0f0,2,train,2184,D1_training-e_e01200
r0f0,2,train,2185,D1_training-e_e01201
r0f0,2,train,2186,D1_training-e_e01202
r0f0,2,train,2188,D1_training-e_e01204
r0f0,2,train,2190,D1_training-e_e01206
r0f0,2,train,2191,D1_training-e_e01207
r0f0,2,train,2192,D1_training-e_e01208
r0f0,2,train,2193,D1_training-e_e01209
r0f0,2,train,2196,D1_training-e_e01212
r0f0,2,train,2197,D1_training-e_e01213
r0f0,2,train,2199,D1_training-e_e01215
r0f0,2,train,2200,D1_training-e_e01216
r0f0,2,train,2203,D1_training-e_e01219
r0f0,2,train,2204,D1_training-e_e01220
r0f0,2,train,2207,D1_training-e_e01223
r0f0,2,train,2208,D1_training-e_e01224
r0f0,2,train,2210,D1_training-e_e01226
r0f0,2,train,2212,D1_training-e_e01228
r0f0,2,train,2213,D1_training-e_e01229
r0f0,2,train,2222,D1_training-e_e01238
r0f0,2,train,2224,D1_training-e_e01240
r0f0,2,train,2226,D1_training-e_e01242
r0f0,2,train,2228,D1_training-e_e01244
r0f0,2,train,2229,D1_training-e_e01245
r0f0,2,train,2230,D1_training-e_e01246
r0f0,2,train,2232,D1_training-e_e01248
r0f0,2,train,2233,D1_training-e_e01249
r0f0,2,train,2235,D1_training-e_e01251
r0f0,2,train,2238,D1_training-e_e01254
r0f0,2,train,2240,D1_training-e_e01256
r0f0,2,train,2244,D1_training-e_e01260
r0f0,2,train,2245,D1_training-e_e01261
r0f0,2,train,2246,D1_training-e_e01262
r0f0,2,train,2247,D1_training-e_e01263
r0f0,2,train,2250,D1_training-e_e01266
r0f0,2,train,2255,D1_training-e_e01271
r0f0,2,train,2256,D1_training-e_e01272
r0f0,2,train,2257,D1_training-e_e01273
r0f0,2,train,2261,D1_training-e_e01277
r0f0,2,train,2263,D1_training-e_e01279
r0f0,2,train,2264,D1_training-e_e01280
r0f0,2,train,2265,D1_training-e_e01281
r0f0,2,train,2266,D1_training-e_e01282
r0f0,2,train,2267,D1_training-e_e01283
r0f0,2,train,2268,D1_training-e_e01284
r0f0,2,train,2269,D1_training-e_e01285
r0f0,2,train,2270,D1_training-e_e01286
r0f0,2,train,2273,D1_training-e_e01289
r0f0,2,train,2274,D1_training-e_e01290
r0f0,2,train,2275,D1_training-e_e01291
r0f0,2,train,2276,D1_training-e_e01292
r0f0,2,train,2277,D1_training-e_e01293
r0f0,2,train,2278,D1_training-e_e01294
r0f0,2,train,2279,D1_training-e_e01295
r0f0,2,train,2282,D1_training-e_e01298
r0f0,2,train,2283,D1_training-e_e01299
r0f0,2,train,2284,D1_training-e_e01300
r0f0,2,train,2285,D1_training-e_e01301
r0f0,2,train,2286,D1_training-e_e01302
r0f0,2,train,2290,D1_training-e_e01306
r0f0,2,train,2293,D1_training-e_e01309
r0f0,2,train,2294,D1_training-e_e01310
r0f0,2,train,2296,D1_training-e_e01312
r0f0,2,train,2299,D1_training-e_e01315
r0f0,2,train,2300,D1_training-e_e01316
r0f0,2,train,2301,D1_training-e_e01317
r0f0,2,train,2302,D1_training-e_e01318
r0f0,2,train,2303,D1_training-e_e01319
r0f0,2,train,2305,D1_training-e_e01321
r0f0,2,train,2308,D1_training-e_e01324
r0f0,2,train,2309,D1_training-e_e01325
r0f0,2,train,2310,D1_training-e_e01326
r0f0,2,train,2311,D1_training-e_e01327
r0f0,2,train,2313,D1_training-e_e01329
r0f0,2,train,2314,D1_training-e_e01330
r0f0,2,train,2315,D1_training-e_e01331
r0f0,2,train,2316,D1_training-e_e01332
r0f0,2,train,2317,D1_training-e_e01333
r0f0,2,train,2318,D1_training-e_e01334
r0f0,2,train,2319,D1_training-e_e01335
r0f0,2,train,2320,D1_training-e_e01336
r0f0,2,train,2323,D1_training-e_e01339
r0f0,2,train,2325,D1_training-e_e01341
r0f0,2,train,2327,D1_training-e_e01343
r0f0,2,train,2329,D1_training-e_e01345
r0f0,2,train,2330,D1_training-e_e01346
r0f0,2,train,2331,D1_training-e_e01347
r0f0,2,train,2332,D1_training-e_e01348
r0f0,2,train,2333,D1_training-e_e01349
r0f0,2,train,2334,D1_training-e_e01350
r0f0,2,train,2337,D1_training-e_e01353
r0f0,2,train,2339,D1_training-e_e01355
r0f0,2,train,2341,D1_training-e_e01357
r0f0,2,train,2343,D1_training-e_e01359
r0f0,2,train,2344,D1_training-e_e01360
r0f0,2,train,2347,D1_training-e_e01363
r0f0,2,train,2348,D1_training-e_e01364
r0f0,2,train,2350,D1_training-e_e01366
r0f0,2,train,2351,D1_training-e_e01367
r0f0,2,train,2352,D1_training-e_e01368
r0f0,2,train,2354,D1_training-e_e01370
r0f0,2,train,2356,D1_training-e_e01372
r0f0,2,train,2357,D1_training-e_e01373
r0f0,2,train,2358,D1_training-e_e01374
r0f0,2,train,2360,D1_training-e_e01376
r0f0,2,train,2361,D1_training-e_e01377
r0f0,2,train,2362,D1_training-e_e01378
r0f0,2,train,2364,D1_training-e_e01380
r0f0,2,train,2365,D1_training-e_e01381
r0f0,2,train,2367,D1_training-e_e01383
r0f0,2,train,2369,D1_training-e_e01385
r0f0,2,train,2370,D1_training-e_e01386
r0f0,2,train,2375,D1_training-e_e01391
r0f0,2,train,2379,D1_training-e_e01395
r0f0,2,train,2384,D1_training-e_e01400
r0f0,2,train,2386,D1_training-e_e01402
r0f0,2,train,2387,D1_training-e_e01403
r0f0,2,train,2388,D1_training-e_e01404
r0f0,2,train,2389,D1_training-e_e01405
r0f0,2,train,2393,D1_training-e_e01409
r0f0,2,train,2395,D1_training-e_e01411
r0f0,2,train,2396,D1_training-e_e01412
r0f0,2,train,2397,D1_training-e_e01413
r0f0,2,train,2398,D1_training-e_e01414
r0f0,2,train,2400,D1_training-e_e01416
r0f0,2,train,2401,D1_training-e_e01417
r0f0,2,train,2402,D1_training-e_e01418
r0f0,2,train,2404,D1_training-e_e01420
r0f0,2,train,2406,D1_training-e_e01422
r0f0,2,train,2409,D1_training-e_e01425
r0f0,2,train,2410,D1_training-e_e01426
r0f0,2,train,2413,D1_training-e_e01429
r0f0,2,train,2414,D1_training-e_e01430
r0f0,2,train,2415,D1_training-e_e01431
r0f0,2,train,2423,D1_training-e_e01439
r0f0,2,train,2425,D1_training-e_e01441
r0f0,2,train,2427,D1_training-e_e01443
r0f0,2,train,2428,D1_training-e_e01444
r0f0,2,train,2430,D1_training-e_e01446
r0f0,2,train,2431,D1_training-e_e01447
r0f0,2,train,2432,D1_training-e_e01448
r0f0,2,train,2433,D1_training-e_e01449
r0f0,2,train,2435,D1_training-e_e01451
r0f0,2,train,2436,D1_training-e_e01452
r0f0,2,train,2438,D1_training-e_e01454
r0f0,2,train,2439,D1_training-e_e01455
r0f0,2,train,2446,D1_training-e_e01462
r0f0,2,train,2447,D1_training-e_e01463
r0f0,2,train,2449,D1_training-e_e01465
r0f0,2,train,2453,D1_training-e_e01469
r0f0,2,train,2454,D1_training-e_e01470
r0f0,2,train,2457,D1_training-e_e01473
r0f0,2,train,2459,D1_training-e_e01475
r0f0,2,train,2461,D1_training-e_e01477
r0f0,2,train,2464,D1_training-e_e01480
r0f0,2,train,2465,D1_training-e_e01481
r0f0,2,train,2466,D1_training-e_e01482
r0f0,2,train,2471,D1_training-e_e01487
r0f0,2,train,2473,D1_training-e_e01489
r0f0,2,train,2475,D1_training-e_e01491
r0f0,2,train,2477,D1_training-e_e01493
r0f0,2,train,2478,D1_training-e_e01494
r0f0,2,train,2479,D1_training-e_e01495
r0f0,2,train,2481,D1_training-e_e01497
r0f0,2,train,2482,D1_training-e_e01498
r0f0,2,train,2483,D1_training-e_e01499
r0f0,2,train,2484,D1_training-e_e01500
r0f0,2,train,2486,D1_training-e_e01502
r0f0,2,train,2488,D1_training-e_e01504
r0f0,2,train,2490,D1_training-e_e01506
r0f0,2,train,2491,D1_training-e_e01507
r0f0,2,train,2492,D1_training-e_e01508
r0f0,2,train,2493,D1_training-e_e01509
r0f0,2,train,2494,D1_training-e_e01510
r0f0,2,train,2496,D1_training-e_e01512
r0f0,2,train,2498,D1_training-e_e01514
r0f0,2,train,2502,D1_training-e_e01518
r0f0,2,train,2505,D1_training-e_e01521
r0f0,2,train,2506,D1_training-e_e01522
r0f0,2,train,2508,D1_training-e_e01524
r0f0,2,train,2509,D1_training-e_e01525
r0f0,2,train,2511,D1_training-e_e01527
r0f0,2,train,2517,D1_training-e_e01533
r0f0,2,train,2518,D1_training-e_e01534
r0f0,2,train,2519,D1_training-e_e01535
r0f0,2,train,2522,D1_training-e_e01538
r0f0,2,train,2523,D1_training-e_e01539
r0f0,2,train,2524,D1_training-e_e01540
r0f0,2,train,2528,D1_training-e_e01544
r0f0,2,train,2529,D1_training-e_e01545
r0f0,2,train,2530,D1_training-e_e01546
r0f0,2,train,2531,D1_training-e_e01547
r0f0,2,train,2532,D1_training-e_e01548
r0f0,2,train,2535,D1_training-e_e01551
r0f0,2,train,2537,D1_training-e_e01553
r0f0,2,train,2544,D1_training-e_e01560
r0f0,2,train,2545,D1_training-e_e01561
r0f0,2,train,2548,D1_training-e_e01564
r0f0,2,train,2549,D1_training-e_e01565
r0f0,2,train,2550,D1_training-e_e01566
r0f0,2,train,2551,D1_training-e_e01567
r0f0,2,train,2552,D1_training-e_e01568
r0f0,2,train,2553,D1_training-e_e01569
r0f0,2,train,2554,D1_training-e_e01570
r0f0,2,train,2556,D1_training-e_e01572
r0f0,2,train,2557,D1_training-e_e01573
r0f0,2,train,2558,D1_training-e_e01574
r0f0,2,train,2559,D1_training-e_e01575
r0f0,2,train,2560,D1_training-e_e01576
r0f0,2,train,2561,D1_training-e_e01577
r0f0,2,train,2562,D1_training-e_e01578
r0f0,2,train,2563,D1_training-e_e01579
r0f0,2,train,2565,D1_training-e_e01581
r0f0,2,train,2566,D1_training-e_e01582
r0f0,2,train,2568,D1_training-e_e01584
r0f0,2,train,2573,D1_training-e_e01589
r0f0,2,train,2574,D1_training-e_e01590
r0f0,2,train,2576,D1_training-e_e01592
r0f0,2,train,2579,D1_training-e_e01595
r0f0,2,train,2581,D1_training-e_e01597
r0f0,2,train,2583,D1_training-e_e01599
r0f0,2,train,2584,D1_training-e_e01600
r0f0,2,train,2585,D1_training-e_e01601
r0f0,2,train,2586,D1_training-e_e01602
r0f0,2,train,2588,D1_training-e_e01604
r0f0,2,train,2592,D1_training-e_e01608
r0f0,2,train,2594,D1_training-e_e01610
r0f0,2,train,2595,D1_training-e_e01611
r0f0,2,train,2598,D1_training-e_e01614
r0f0,2,train,2600,D1_training-e_e01616
r0f0,2,train,2602,D1_training-e_e01618
r0f0,2,train,2603,D1_training-e_e01619
r0f0,2,train,2604,D1_training-e_e01620
r0f0,2,train,2608,D1_training-e_e01624
r0f0,2,train,2609,D1_training-e_e01625
r0f0,2,train,2611,D1_training-e_e01627
r0f0,2,train,2612,D1_training-e_e01628
r0f0,2,train,2613,D1_training-e_e01629
r0f0,2,train,2614,D1_training-e_e01630
r0f0,2,train,2615,D1_training-e_e01631
r0f0,2,train,2617,D1_training-e_e01633
r0f0,2,train,2623,D1_training-e_e01639
r0f0,2,train,2624,D1_training-e_e01640
r0f0,2,train,2627,D1_training-e_e01643
r0f0,2,train,2628,D1_training-e_e01644
r0f0,2,train,2629,D1_training-e_e01645
r0f0,2,train,2632,D1_training-e_e01648
r0f0,2,train,2633,D1_training-e_e01649
r0f0,2,train,2634,D1_training-e_e01650
r0f0,2,train,2638,D1_training-e_e01654
r0f0,2,train,2639,D1_training-e_e01655
r0f0,2,train,2640,D1_training-e_e01656
r0f0,2,train,2644,D1_training-e_e01660
r0f0,2,train,2645,D1_training-e_e01661
r0f0,2,train,2649,D1_training-e_e01665
r0f0,2,train,2653,D1_training-e_e01669
r0f0,2,train,2655,D1_training-e_e01671
r0f0,2,train,2657,D1_training-e_e01673
r0f0,2,train,2658,D1_training-e_e01674
r0f0,2,train,2661,D1_training-e_e01677
r0f0,2,train,2663,D1_training-e_e01679
r0f0,2,train,2665,D1_training-e_e01681
r0f0,2,train,2669,D1_training-e_e01685
r0f0,2,train,2670,D1_training-e_e01686
r0f0,2,train,2673,D1_training-e_e01689
r0f0,2,train,2674,D1_training-e_e01690
r0f0,2,train,2676,D1_training-e_e01692
r0f0,2,train,2679,D1_training-e_e01695
r0f0,2,train,2680,D1_training-e_e01696
r0f0,2,train,2682,D1_training-e_e01698
r0f0,2,train,2685,D1_training-e_e01701
r0f0,2,train,2686,D1_training-e_e01702
r0f0,2,train,2687,D1_training-e_e01703
r0f0,2,train,2688,D1_training-e_e01704
r0f0,2,train,2691,D1_training-e_e01707
r0f0,2,train,2692,D1_training-e_e01708
r0f0,2,train,2700,D1_training-e_e01716
r0f0,2,train,2703,D1_training-e_e01719
r0f0,2,train,2704,D1_training-e_e01720
r0f0,2,train,2707,D1_training-e_e01723
r0f0,2,train,2709,D1_training-e_e01725
r0f0,2,train,2710,D1_training-e_e01726
r0f0,2,train,2711,D1_training-e_e01727
r0f0,2,train,2713,D1_training-e_e01729
r0f0,2,train,2714,D1_training-e_e01730
r0f0,2,train,2715,D1_training-e_e01731
r0f0,2,train,2716,D1_training-e_e01732
r0f0,2,train,2719,D1_training-e_e01735
r0f0,2,train,2721,D1_training-e_e01737
r0f0,2,train,2723,D1_training-e_e01739
r0f0,2,train,2727,D1_training-e_e01743
r0f0,2,train,2728,D1_training-e_e01744
r0f0,2,train,2731,D1_training-e_e01747
r0f0,2,train,2732,D1_training-e_e01748
r0f0,2,train,2734,D1_training-e_e01750
r0f0,2,train,2735,D1_training-e_e01751
r0f0,2,train,2736,D1_training-e_e01752
r0f0,2,train,2738,D1_training-e_e01754
r0f0,2,train,2741,D1_training-e_e01757
r0f0,2,train,2743,D1_training-e_e01759
r0f0,2,train,2745,D1_training-e_e01761
r0f0,2,train,2748,D1_training-e_e01764
r0f0,2,train,2750,D1_training-e_e01766
r0f0,2,train,2752,D1_training-e_e01768
r0f0,2,train,2755,D1_training-e_e01771
r0f0,2,train,2756,D1_training-e_e01772
r0f0,2,train,2758,D1_training-e_e01774
r0f0,2,train,2763,D1_training-e_e01779
r0f0,2,train,2764,D1_training-e_e01780
r0f0,2,train,2765,D1_training-e_e01781
r0f0,2,train,2766,D1_training-e_e01782
r0f0,2,train,2767,D1_training-e_e01783
r0f0,2,train,2769,D1_training-e_e01785
r0f0,2,train,2770,D1_training-e_e01786
r0f0,2,train,2774,D1_training-e_e01790
r0f0,2,train,2776,D1_training-e_e01792
r0f0,2,train,2777,D1_training-e_e01793
r0f0,2,train,2779,D1_training-e_e01795
r0f0,2,train,2780,D1_training-e_e01796
r0f0,2,train,2781,D1_training-e_e01797
r0f0,2,train,2782,D1_training-e_e01798
r0f0,2,train,2783,D1_training-e_e01799
r0f0,2,train,2784,D1_training-e_e01800
r0f0,2,train,2785,D1_training-e_e01801
r0f0,2,train,2786,D1_training-e_e01802
r0f0,2,train,2790,D1_training-e_e01806
r0f0,2,train,2791,D1_training-e_e01807
r0f0,2,train,2793,D1_training-e_e01809
r0f0,2,train,2796,D1_training-e_e01812
r0f0,2,train,2799,D1_training-e_e01815
r0f0,2,train,2802,D1_training-e_e01818
r0f0,2,train,2803,D1_training-e_e01819
r0f0,2,train,2806,D1_training-e_e01822
r0f0,2,train,2810,D1_training-e_e01826
r0f0,2,train,2811,D1_training-e_e01827
r0f0,2,train,2813,D1_training-e_e01829
r0f0,2,train,2814,D1_training-e_e01830
r0f0,2,train,2820,D1_training-e_e01836
r0f0,2,train,2822,D1_training-e_e01838
r0f0,2,train,2823,D1_training-e_e01839
r0f0,2,train,2828,D1_training-e_e01844
r0f0,2,train,2830,D1_training-e_e01846
r0f0,2,train,2831,D1_training-e_e01847
r0f0,2,train,2832,D1_training-e_e01848
r0f0,2,train,2833,D1_training-e_e01849
r0f0,2,train,2836,D1_training-e_e01852
r0f0,2,train,2837,D1_training-e_e01853
r0f0,2,train,2839,D1_training-e_e01855
r0f0,2,train,2841,D1_training-e_e01857
r0f0,2,train,2842,D1_training-e_e01858
r0f0,2,train,2846,D1_training-e_e01862
r0f0,2,train,2848,D1_training-e_e01864
r0f0,2,train,2849,D1_training-e_e01865
r0f0,2,train,2850,D1_training-e_e01866
r0f0,2,train,2851,D1_training-e_e01867
r0f0,2,train,2857,D1_training-e_e01873
r0f0,2,train,2858,D1_training-e_e01874
r0f0,2,train,2859,D1_training-e_e01875
r0f0,2,train,2860,D1_training-e_e01876
r0f0,2,train,2862,D1_training-e_e01878
r0f0,2,train,2863,D1_training-e_e01879
r0f0,2,train,2867,D1_training-e_e01883
r0f0,2,train,2868,D1_training-e_e01884
r0f0,2,train,2870,D1_training-e_e01886
r0f0,2,train,2871,D1_training-e_e01887
r0f0,2,train,2875,D1_training-e_e01891
r0f0,2,train,2879,D1_training-e_e01895
r0f0,2,train,2882,D1_training-e_e01898
r0f0,2,train,2883,D1_training-e_e01899
r0f0,2,train,2885,D1_training-e_e01901
r0f0,2,train,2887,D1_training-e_e01903
r0f0,2,train,2889,D1_training-e_e01905
r0f0,2,train,2890,D1_training-e_e01906
r0f0,2,train,2892,D1_training-e_e01908
r0f0,2,train,2894,D1_training-e_e01910
r0f0,2,train,2895,D1_training-e_e01911
r0f0,2,train,2896,D1_training-e_e01912
r0f0,2,train,2897,D1_training-e_e01913
r0f0,2,train,2898,D1_training-e_e01914
r0f0,2,train,2899,D1_training-e_e01915
r0f0,2,train,2902,D1_training-e_e01918
r0f0,2,train,2905,D1_training-e_e01921
r0f0,2,train,2907,D1_training-e_e01923
r0f0,2,train,2909,D1_training-e_e01925
r0f0,2,train,2910,D1_training-e_e01926
r0f0,2,train,2911,D1_training-e_e01927
r0f0,2,train,2914,D1_training-e_e01930
r0f0,2,train,2916,D1_training-e_e01932
r0f0,2,train,2918,D1_training-e_e01934
r0f0,2,train,2919,D1_training-e_e01935
r0f0,2,train,2921,D1_training-e_e01937
r0f0,2,train,2926,D1_training-e_e01942
r0f0,2,train,2929,D1_training-e_e01945
r0f0,2,train,2930,D1_training-e_e01946
r0f0,2,train,2931,D1_training-e_e01947
r0f0,2,train,2933,D1_training-e_e01949
r0f0,2,train,2934,D1_training-e_e01950
r0f0,2,train,2937,D1_training-e_e01953
r0f0,2,train,2938,D1_training-e_e01954
r0f0,2,train,2939,D1_training-e_e01955
r0f0,2,train,2941,D1_training-e_e01957
r0f0,2,train,2942,D1_training-e_e01958
r0f0,2,train,2943,D1_training-e_e01959
r0f0,2,train,2944,D1_training-e_e01960
r0f0,2,train,2945,D1_training-e_e01961
r0f0,2,train,2949,D1_training-e_e01965
r0f0,2,train,2951,D1_training-e_e01967
r0f0,2,train,2954,D1_training-e_e01970
r0f0,2,train,2955,D1_training-e_e01971
r0f0,2,train,2956,D1_training-e_e01972
r0f0,2,train,2958,D1_training-e_e01974
r0f0,2,train,2960,D1_training-e_e01976
r0f0,2,train,2961,D1_training-e_e01977
r0f0,2,train,2962,D1_training-e_e01978
r0f0,2,train,2964,D1_training-e_e01980
r0f0,2,train,2965,D1_training-e_e01981
r0f0,2,train,2967,D1_training-e_e01983
r0f0,2,train,2969,D1_training-e_e01985
r0f0,2,train,2970,D1_training-e_e01986
r0f0,2,train,2973,D1_training-e_e01989
r0f0,2,train,2976,D1_training-e_e01992
r0f0,2,train,2980,D1_training-e_e01996
r0f0,2,train,2981,D1_training-e_e01997
r0f0,2,train,2984,D1_training-e_e02000
r0f0,2,train,2985,D1_training-e_e02001
r0f0,2,train,2986,D1_training-e_e02002
r0f0,2,train,2989,D1_training-e_e02005
r0f0,2,train,2990,D1_training-e_e02006
r0f0,2,train,2992,D1_training-e_e02008
r0f0,2,train,2993,D1_training-e_e02009
r0f0,2,train,2995,D1_training-e_e02011
r0f0,2,train,2996,D1_training-e_e02012
r0f0,2,train,2997,D1_training-e_e02013
r0f0,2,train,2998,D1_training-e_e02014
r0f0,2,train,3000,D1_training-e_e02016
r0f0,2,train,3001,D1_training-e_e02017
r0f0,2,train,3003,D1_training-e_e02019
r0f0,2,train,3005,D1_training-e_e02021
r0f0,2,train,3008,D1_training-e_e02024
r0f0,2,train,3012,D1_training-e_e02028
r0f0,2,train,3013,D1_training-e_e02029
r0f0,2,train,3014,D1_training-e_e02030
r0f0,2,train,3017,D1_training-e_e02033
r0f0,2,train,3026,D1_training-e_e02042
r0f0,2,train,3027,D1_training-e_e02043
r0f0,2,train,3029,D1_training-e_e02045
r0f0,2,train,3031,D1_training-e_e02047
r0f0,2,train,3034,D1_training-e_e02050
r0f0,2,train,3035,D1_training-e_e02051
r0f0,2,train,3038,D1_training-e_e02054
r0f0,2,train,3039,D1_training-e_e02055
r0f0,2,train,3040,D1_training-e_e02056
r0f0,2,train,3041,D1_training-e_e02057
r0f0,2,train,3042,D1_training-e_e02058
r0f0,2,train,3043,D1_training-e_e02059
r0f0,2,train,3044,D1_training-e_e02060
r0f0,2,train,3046,D1_training-e_e02062
r0f0,2,train,3048,D1_training-e_e02064
r0f0,2,train,3049,D1_training-e_e02065
r0f0,2,train,3050,D1_training-e_e02066
r0f0,2,train,3051,D1_training-e_e02067
r0f0,2,train,3053,D1_training-e_e02069
r0f0,2,train,3054,D1_training-e_e02070
r0f0,2,train,3057,D1_training-e_e02073
r0f0,2,train,3058,D1_training-e_e02074
r0f0,2,train,3060,D1_training-e_e02076
r0f0,2,train,3061,D1_training-e_e02077
r0f0,2,train,3065,D1_training-e_e02081
r0f0,2,train,3066,D1_training-e_e02082
r0f0,2,train,3068,D1_training-e_e02084
r0f0,2,train,3069,D1_training-e_e02085
r0f0,2,train,3070,D1_training-e_e02086
r0f0,2,train,3071,D1_training-e_e02087
r0f0,2,train,3074,D1_training-e_e02090
r0f0,2,train,3075,D1_training-e_e02091
r0f0,2,train,3080,D1_training-e_e02096
r0f0,2,train,3083,D1_training-e_e02099
r0f0,2,train,3084,D1_training-e_e02100
r0f0,2,train,3086,D1_training-e_e02102
r0f0,2,train,3088,D1_training-e_e02104
r0f0,2,train,3089,D1_training-e_e02105
r0f0,2,train,3090,D1_training-e_e02106
r0f0,2,train,3091,D1_training-e_e02107
r0f0,2,train,3092,D1_training-e_e02108
r0f0,2,train,3093,D1_training-e_e02109
r0f0,2,train,3095,D1_training-e_e02111
r0f0,2,train,3096,D1_training-e_e02112
r0f0,2,train,3097,D1_training-e_e02113
r0f0,2,train,3099,D1_training-e_e02115
r0f0,2,train,3100,D1_training-e_e02116
r0f0,2,train,3102,D1_training-e_e02118
r0f0,2,train,3104,D1_training-e_e02120
r0f0,2,train,3105,D1_training-e_e02121
r0f0,2,train,3106,D1_training-e_e02122
r0f0,2,train,3114,D1_training-e_e02130
r0f0,2,train,3115,D1_training-e_e02131
r0f0,2,train,3116,D1_training-e_e02132
r0f0,2,train,3117,D1_training-e_e02133
r0f0,2,train,3122,D1_training-e_e02138
r0f0,2,train,3124,D1_training-e_e02140
r0f0,2,train,3126,D1_training-f_f0001
r0f0,2,train,3127,D1_training-f_f0002
r0f0,2,train,3128,D1_training-f_f0003
r0f0,2,train,3129,D1_training-f_f0004
r0f0,2,train,3130,D1_training-f_f0005
r0f0,2,train,3131,D1_training-f_f0006
r0f0,2,train,3133,D1_training-f_f0008
r0f0,2,train,3135,D1_training-f_f0010
r0f0,2,train,3137,D1_training-f_f0012
r0f0,2,train,3140,D1_training-f_f0015
r0f0,2,train,3145,D1_training-f_f0020
r0f0,2,train,3146,D1_training-f_f0021
r0f0,2,train,3148,D1_training-f_f0023
r0f0,2,train,3151,D1_training-f_f0026
r0f0,2,train,3152,D1_training-f_f0027
r0f0,2,train,3155,D1_training-f_f0030
r0f0,2,train,3156,D1_training-f_f0031
r0f0,2,train,3160,D1_training-f_f0035
r0f0,2,train,3161,D1_training-f_f0036
r0f0,2,train,3163,D1_training-f_f0038
r0f0,2,train,3164,D1_training-f_f0039
r0f0,2,train,3166,D1_training-f_f0041
r0f0,2,train,3168,D1_training-f_f0043
r0f0,2,train,3170,D1_training-f_f0045
r0f0,2,train,3171,D1_training-f_f0046
r0f0,2,train,3173,D1_training-f_f0048
r0f0,2,train,3174,D1_training-f_f0049
r0f0,2,train,3176,D1_training-f_f0051
r0f0,2,train,3177,D1_training-f_f0052
r0f0,2,train,3178,D1_training-f_f0053
r0f0,2,train,3180,D1_training-f_f0055
r0f0,2,train,3181,D1_training-f_f0056
r0f0,2,train,3182,D1_training-f_f0057
r0f0,2,train,3184,D1_training-f_f0059
r0f0,2,train,3190,D1_training-f_f0065
r0f0,2,train,3191,D1_training-f_f0066
r0f0,2,train,3192,D1_training-f_f0067
r0f0,2,train,3193,D1_training-f_f0068
r0f0,2,train,3195,D1_training-f_f0070
r0f0,2,train,3197,D1_training-f_f0072
r0f0,2,train,3199,D1_training-f_f0074
r0f0,2,train,3200,D1_training-f_f0075
r0f0,2,train,3202,D1_training-f_f0077
r0f0,2,train,3207,D1_training-f_f0082
r0f0,2,train,3208,D1_training-f_f0083
r0f0,2,train,3209,D1_training-f_f0084
r0f0,2,train,3211,D1_training-f_f0086
r0f0,2,train,3214,D1_training-f_f0089
r0f0,2,train,3219,D1_training-f_f0094
r0f0,2,train,3220,D1_training-f_f0095
r0f0,2,train,3225,D1_training-f_f0100
r0f0,2,train,3226,D1_training-f_f0101
r0f0,2,train,3229,D1_training-f_f0104
r0f0,2,train,3231,D1_training-f_f0106
r0f0,2,train,3233,D1_training-f_f0108
r0f0,2,train,3234,D1_training-f_f0109
r0f0,2,train,3238,D1_training-f_f0113
r0f0,2,train,3239,D1_training-f_f0114
r0f0,2,val,7,D1_training-a_a0008
r0f0,2,val,17,D1_training-a_a0018
r0f0,2,val,19,D1_training-a_a0020
r0f0,2,val,21,D1_training-a_a0022
r0f0,2,val,29,D1_training-a_a0030
r0f0,2,val,31,D1_training-a_a0032
r0f0,2,val,39,D1_training-a_a0040
r0f0,2,val,40,D1_training-a_a0041
r0f0,2,val,52,D1_training-a_a0053
r0f0,2,val,58,D1_training-a_a0059
r0f0,2,val,62,D1_training-a_a0063
r0f0,2,val,63,D1_training-a_a0064
r0f0,2,val,74,D1_training-a_a0075
r0f0,2,val,82,D1_training-a_a0083
r0f0,2,val,86,D1_training-a_a0087
r0f0,2,val,89,D1_training-a_a0090
r0f0,2,val,91,D1_training-a_a0092
r0f0,2,val,94,D1_training-a_a0095
r0f0,2,val,109,D1_training-a_a0110
r0f0,2,val,110,D1_training-a_a0111
r0f0,2,val,114,D1_training-a_a0115
r0f0,2,val,116,D1_training-a_a0117
r0f0,2,val,121,D1_training-a_a0122
r0f0,2,val,122,D1_training-a_a0123
r0f0,2,val,127,D1_training-a_a0128
r0f0,2,val,136,D1_training-a_a0137
r0f0,2,val,143,D1_training-a_a0144
r0f0,2,val,149,D1_training-a_a0150
r0f0,2,val,167,D1_training-a_a0168
r0f0,2,val,169,D1_training-a_a0170
r0f0,2,val,187,D1_training-a_a0188
r0f0,2,val,191,D1_training-a_a0192
r0f0,2,val,200,D1_training-a_a0201
r0f0,2,val,206,D1_training-a_a0207
r0f0,2,val,208,D1_training-a_a0209
r0f0,2,val,211,D1_training-a_a0212
r0f0,2,val,214,D1_training-a_a0215
r0f0,2,val,217,D1_training-a_a0218
r0f0,2,val,218,D1_training-a_a0219
r0f0,2,val,219,D1_training-a_a0220
r0f0,2,val,220,D1_training-a_a0221
r0f0,2,val,232,D1_training-a_a0233
r0f0,2,val,233,D1_training-a_a0234
r0f0,2,val,240,D1_training-a_a0241
r0f0,2,val,244,D1_training-a_a0245
r0f0,2,val,247,D1_training-a_a0248
r0f0,2,val,248,D1_training-a_a0249
r0f0,2,val,251,D1_training-a_a0252
r0f0,2,val,253,D1_training-a_a0254
r0f0,2,val,259,D1_training-a_a0260
r0f0,2,val,261,D1_training-a_a0262
r0f0,2,val,268,D1_training-a_a0269
r0f0,2,val,271,D1_training-a_a0272
r0f0,2,val,272,D1_training-a_a0273
r0f0,2,val,278,D1_training-a_a0279
r0f0,2,val,290,D1_training-a_a0291
r0f0,2,val,291,D1_training-a_a0292
r0f0,2,val,294,D1_training-a_a0295
r0f0,2,val,299,D1_training-a_a0300
r0f0,2,val,305,D1_training-a_a0306
r0f0,2,val,320,D1_training-a_a0321
r0f0,2,val,325,D1_training-a_a0326
r0f0,2,val,337,D1_training-a_a0338
r0f0,2,val,342,D1_training-a_a0343
r0f0,2,val,344,D1_training-a_a0345
r0f0,2,val,349,D1_training-a_a0350
r0f0,2,val,361,D1_training-a_a0362
r0f0,2,val,366,D1_training-a_a0367
r0f0,2,val,372,D1_training-a_a0373
r0f0,2,val,378,D1_training-a_a0379
r0f0,2,val,395,D1_training-a_a0396
r0f0,2,val,396,D1_training-a_a0397
r0f0,2,val,401,D1_training-a_a0402
r0f0,2,val,402,D1_training-a_a0403
r0f0,2,val,409,D1_training-b_b0001
r0f0,2,val,411,D1_training-b_b0003
r0f0,2,val,413,D1_training-b_b0005
r0f0,2,val,416,D1_training-b_b0008
r0f0,2,val,422,D1_training-b_b0014
r0f0,2,val,423,D1_training-b_b0015
r0f0,2,val,428,D1_training-b_b0020
r0f0,2,val,429,D1_training-b_b0021
r0f0,2,val,431,D1_training-b_b0023
r0f0,2,val,432,D1_training-b_b0024
r0f0,2,val,435,D1_training-b_b0027
r0f0,2,val,439,D1_training-b_b0031
r0f0,2,val,440,D1_training-b_b0032
r0f0,2,val,441,D1_training-b_b0033
r0f0,2,val,451,D1_training-b_b0043
r0f0,2,val,454,D1_training-b_b0046
r0f0,2,val,456,D1_training-b_b0048
r0f0,2,val,458,D1_training-b_b0050
r0f0,2,val,465,D1_training-b_b0057
r0f0,2,val,469,D1_training-b_b0061
r0f0,2,val,473,D1_training-b_b0065
r0f0,2,val,487,D1_training-b_b0079
r0f0,2,val,489,D1_training-b_b0081
r0f0,2,val,493,D1_training-b_b0085
r0f0,2,val,494,D1_training-b_b0086
r0f0,2,val,497,D1_training-b_b0089
r0f0,2,val,500,D1_training-b_b0092
r0f0,2,val,505,D1_training-b_b0097
r0f0,2,val,511,D1_training-b_b0103
r0f0,2,val,514,D1_training-b_b0106
r0f0,2,val,516,D1_training-b_b0108
r0f0,2,val,517,D1_training-b_b0109
r0f0,2,val,522,D1_training-b_b0114
r0f0,2,val,527,D1_training-b_b0119
r0f0,2,val,533,D1_training-b_b0125
r0f0,2,val,543,D1_training-b_b0135
r0f0,2,val,547,D1_training-b_b0139
r0f0,2,val,548,D1_training-b_b0140
r0f0,2,val,550,D1_training-b_b0142
r0f0,2,val,551,D1_training-b_b0143
r0f0,2,val,560,D1_training-b_b0152
r0f0,2,val,563,D1_training-b_b0155
r0f0,2,val,564,D1_training-b_b0156
r0f0,2,val,565,D1_training-b_b0157
r0f0,2,val,566,D1_training-b_b0158
r0f0,2,val,569,D1_training-b_b0161
r0f0,2,val,583,D1_training-b_b0175
r0f0,2,val,584,D1_training-b_b0176
r0f0,2,val,587,D1_training-b_b0179
r0f0,2,val,601,D1_training-b_b0193
r0f0,2,val,607,D1_training-b_b0199
r0f0,2,val,609,D1_training-b_b0201
r0f0,2,val,613,D1_training-b_b0205
r0f0,2,val,621,D1_training-b_b0213
r0f0,2,val,622,D1_training-b_b0214
r0f0,2,val,626,D1_training-b_b0218
r0f0,2,val,628,D1_training-b_b0220
r0f0,2,val,633,D1_training-b_b0225
r0f0,2,val,636,D1_training-b_b0228
r0f0,2,val,648,D1_training-b_b0240
r0f0,2,val,654,D1_training-b_b0246
r0f0,2,val,660,D1_training-b_b0252
r0f0,2,val,661,D1_training-b_b0253
r0f0,2,val,663,D1_training-b_b0255
r0f0,2,val,665,D1_training-b_b0257
r0f0,2,val,666,D1_training-b_b0258
r0f0,2,val,669,D1_training-b_b0261
r0f0,2,val,673,D1_training-b_b0265
r0f0,2,val,674,D1_training-b_b0266
r0f0,2,val,675,D1_training-b_b0267
r0f0,2,val,676,D1_training-b_b0268
r0f0,2,val,678,D1_training-b_b0270
r0f0,2,val,683,D1_training-b_b0275
r0f0,2,val,687,D1_training-b_b0279
r0f0,2,val,689,D1_training-b_b0281
r0f0,2,val,691,D1_training-b_b0283
r0f0,2,val,695,D1_training-b_b0287
r0f0,2,val,697,D1_training-b_b0289
r0f0,2,val,701,D1_training-b_b0293
r0f0,2,val,702,D1_training-b_b0294
r0f0,2,val,704,D1_training-b_b0296
r0f0,2,val,706,D1_training-b_b0298
r0f0,2,val,707,D1_training-b_b0299
r0f0,2,val,713,D1_training-b_b0305
r0f0,2,val,717,D1_training-b_b0309
r0f0,2,val,719,D1_training-b_b0311
r0f0,2,val,721,D1_training-b_b0313
r0f0,2,val,728,D1_training-b_b0320
r0f0,2,val,732,D1_training-b_b0324
r0f0,2,val,735,D1_training-b_b0327
r0f0,2,val,736,D1_training-b_b0328
r0f0,2,val,741,D1_training-b_b0333
r0f0,2,val,743,D1_training-b_b0335
r0f0,2,val,745,D1_training-b_b0337
r0f0,2,val,746,D1_training-b_b0338
r0f0,2,val,752,D1_training-b_b0344
r0f0,2,val,757,D1_training-b_b0349
r0f0,2,val,758,D1_training-b_b0350
r0f0,2,val,764,D1_training-b_b0356
r0f0,2,val,768,D1_training-b_b0360
r0f0,2,val,770,D1_training-b_b0362
r0f0,2,val,775,D1_training-b_b0367
r0f0,2,val,779,D1_training-b_b0371
r0f0,2,val,781,D1_training-b_b0373
r0f0,2,val,787,D1_training-b_b0379
r0f0,2,val,789,D1_training-b_b0381
r0f0,2,val,793,D1_training-b_b0385
r0f0,2,val,798,D1_training-b_b0390
r0f0,2,val,799,D1_training-b_b0391
r0f0,2,val,800,D1_training-b_b0392
r0f0,2,val,808,D1_training-b_b0400
r0f0,2,val,811,D1_training-b_b0403
r0f0,2,val,821,D1_training-b_b0413
r0f0,2,val,825,D1_training-b_b0417
r0f0,2,val,828,D1_training-b_b0420
r0f0,2,val,833,D1_training-b_b0425
r0f0,2,val,835,D1_training-b_b0427
r0f0,2,val,836,D1_training-b_b0428
r0f0,2,val,840,D1_training-b_b0432
r0f0,2,val,844,D1_training-b_b0436
r0f0,2,val,845,D1_training-b_b0437
r0f0,2,val,846,D1_training-b_b0438
r0f0,2,val,848,D1_training-b_b0440
r0f0,2,val,851,D1_training-b_b0443
r0f0,2,val,854,D1_training-b_b0446
r0f0,2,val,857,D1_training-b_b0449
r0f0,2,val,862,D1_training-b_b0454
r0f0,2,val,863,D1_training-b_b0455
r0f0,2,val,865,D1_training-b_b0457
r0f0,2,val,872,D1_training-b_b0464
r0f0,2,val,881,D1_training-b_b0473
r0f0,2,val,883,D1_training-b_b0475
r0f0,2,val,885,D1_training-b_b0477
r0f0,2,val,887,D1_training-b_b0479
r0f0,2,val,888,D1_training-b_b0480
r0f0,2,val,890,D1_training-b_b0482
r0f0,2,val,892,D1_training-b_b0484
r0f0,2,val,895,D1_training-b_b0487
r0f0,2,val,896,D1_training-b_b0488
r0f0,2,val,902,D1_training-c_c0004
r0f0,2,val,906,D1_training-c_c0008
r0f0,2,val,907,D1_training-c_c0009
r0f0,2,val,911,D1_training-c_c0013
r0f0,2,val,916,D1_training-c_c0018
r0f0,2,val,919,D1_training-c_c0021
r0f0,2,val,920,D1_training-c_c0022
r0f0,2,val,925,D1_training-c_c0027
r0f0,2,val,926,D1_training-c_c0028
r0f0,2,val,928,D1_training-c_c0030
r0f0,2,val,931,D1_training-d_d0002
r0f0,2,val,938,D1_training-d_d0009
r0f0,2,val,942,D1_training-d_d0013
r0f0,2,val,954,D1_training-d_d0025
r0f0,2,val,957,D1_training-d_d0028
r0f0,2,val,968,D1_training-d_d0039
r0f0,2,val,978,D1_training-d_d0049
r0f0,2,val,979,D1_training-d_d0050
r0f0,2,val,982,D1_training-d_d0053
r0f0,2,val,992,D1_training-e_e00008
r0f0,2,val,997,D1_training-e_e00013
r0f0,2,val,998,D1_training-e_e00014
r0f0,2,val,1000,D1_training-e_e00016
r0f0,2,val,1001,D1_training-e_e00017
r0f0,2,val,1005,D1_training-e_e00021
r0f0,2,val,1014,D1_training-e_e00030
r0f0,2,val,1018,D1_training-e_e00034
r0f0,2,val,1020,D1_training-e_e00036
r0f0,2,val,1021,D1_training-e_e00037
r0f0,2,val,1023,D1_training-e_e00039
r0f0,2,val,1026,D1_training-e_e00042
r0f0,2,val,1027,D1_training-e_e00043
r0f0,2,val,1029,D1_training-e_e00045
r0f0,2,val,1032,D1_training-e_e00048
r0f0,2,val,1037,D1_training-e_e00053
r0f0,2,val,1039,D1_training-e_e00055
r0f0,2,val,1040,D1_training-e_e00056
r0f0,2,val,1042,D1_training-e_e00058
r0f0,2,val,1043,D1_training-e_e00059
r0f0,2,val,1053,D1_training-e_e00069
r0f0,2,val,1061,D1_training-e_e00077
r0f0,2,val,1067,D1_training-e_e00083
r0f0,2,val,1069,D1_training-e_e00085
r0f0,2,val,1070,D1_training-e_e00086
r0f0,2,val,1076,D1_training-e_e00092
r0f0,2,val,1078,D1_training-e_e00094
r0f0,2,val,1079,D1_training-e_e00095
r0f0,2,val,1080,D1_training-e_e00096
r0f0,2,val,1082,D1_training-e_e00098
r0f0,2,val,1087,D1_training-e_e00103
r0f0,2,val,1093,D1_training-e_e00109
r0f0,2,val,1102,D1_training-e_e00118
r0f0,2,val,1104,D1_training-e_e00120
r0f0,2,val,1109,D1_training-e_e00125
r0f0,2,val,1113,D1_training-e_e00129
r0f0,2,val,1114,D1_training-e_e00130
r0f0,2,val,1117,D1_training-e_e00133
r0f0,2,val,1118,D1_training-e_e00134
r0f0,2,val,1122,D1_training-e_e00138
r0f0,2,val,1130,D1_training-e_e00146
r0f0,2,val,1131,D1_training-e_e00147
r0f0,2,val,1132,D1_training-e_e00148
r0f0,2,val,1141,D1_training-e_e00157
r0f0,2,val,1143,D1_training-e_e00159
r0f0,2,val,1145,D1_training-e_e00161
r0f0,2,val,1148,D1_training-e_e00164
r0f0,2,val,1149,D1_training-e_e00165
r0f0,2,val,1153,D1_training-e_e00169
r0f0,2,val,1154,D1_training-e_e00170
r0f0,2,val,1155,D1_training-e_e00171
r0f0,2,val,1156,D1_training-e_e00172
r0f0,2,val,1157,D1_training-e_e00173
r0f0,2,val,1158,D1_training-e_e00174
r0f0,2,val,1168,D1_training-e_e00184
r0f0,2,val,1173,D1_training-e_e00189
r0f0,2,val,1175,D1_training-e_e00191
r0f0,2,val,1181,D1_training-e_e00197
r0f0,2,val,1183,D1_training-e_e00199
r0f0,2,val,1187,D1_training-e_e00203
r0f0,2,val,1193,D1_training-e_e00209
r0f0,2,val,1199,D1_training-e_e00215
r0f0,2,val,1207,D1_training-e_e00223
r0f0,2,val,1211,D1_training-e_e00227
r0f0,2,val,1215,D1_training-e_e00231
r0f0,2,val,1219,D1_training-e_e00235
r0f0,2,val,1220,D1_training-e_e00236
r0f0,2,val,1223,D1_training-e_e00239
r0f0,2,val,1225,D1_training-e_e00241
r0f0,2,val,1228,D1_training-e_e00244
r0f0,2,val,1230,D1_training-e_e00246
r0f0,2,val,1231,D1_training-e_e00247
r0f0,2,val,1234,D1_training-e_e00250
r0f0,2,val,1236,D1_training-e_e00252
r0f0,2,val,1237,D1_training-e_e00253
r0f0,2,val,1240,D1_training-e_e00256
r0f0,2,val,1242,D1_training-e_e00258
r0f0,2,val,1248,D1_training-e_e00264
r0f0,2,val,1251,D1_training-e_e00267
r0f0,2,val,1255,D1_training-e_e00271
r0f0,2,val,1256,D1_training-e_e00272
r0f0,2,val,1259,D1_training-e_e00275
r0f0,2,val,1266,D1_training-e_e00282
r0f0,2,val,1267,D1_training-e_e00283
r0f0,2,val,1270,D1_training-e_e00286
r0f0,2,val,1271,D1_training-e_e00287
r0f0,2,val,1272,D1_training-e_e00288
r0f0,2,val,1285,D1_training-e_e00301
r0f0,2,val,1286,D1_training-e_e00302
r0f0,2,val,1288,D1_training-e_e00304
r0f0,2,val,1301,D1_training-e_e00317
r0f0,2,val,1304,D1_training-e_e00320
r0f0,2,val,1306,D1_training-e_e00322
r0f0,2,val,1307,D1_training-e_e00323
r0f0,2,val,1323,D1_training-e_e00339
r0f0,2,val,1325,D1_training-e_e00341
r0f0,2,val,1333,D1_training-e_e00349
r0f0,2,val,1338,D1_training-e_e00354
r0f0,2,val,1340,D1_training-e_e00356
r0f0,2,val,1343,D1_training-e_e00359
r0f0,2,val,1347,D1_training-e_e00363
r0f0,2,val,1348,D1_training-e_e00364
r0f0,2,val,1352,D1_training-e_e00368
r0f0,2,val,1353,D1_training-e_e00369
r0f0,2,val,1354,D1_training-e_e00370
r0f0,2,val,1366,D1_training-e_e00382
r0f0,2,val,1379,D1_training-e_e00395
r0f0,2,val,1383,D1_training-e_e00399
r0f0,2,val,1385,D1_training-e_e00401
r0f0,2,val,1392,D1_training-e_e00408
r0f0,2,val,1395,D1_training-e_e00411
r0f0,2,val,1398,D1_training-e_e00414
r0f0,2,val,1401,D1_training-e_e00417
r0f0,2,val,1403,D1_training-e_e00419
r0f0,2,val,1408,D1_training-e_e00424
r0f0,2,val,1409,D1_training-e_e00425
r0f0,2,val,1412,D1_training-e_e00428
r0f0,2,val,1413,D1_training-e_e00429
r0f0,2,val,1414,D1_training-e_e00430
r0f0,2,val,1416,D1_training-e_e00432
r0f0,2,val,1417,D1_training-e_e00433
r0f0,2,val,1423,D1_training-e_e00439
r0f0,2,val,1425,D1_training-e_e00441
r0f0,2,val,1426,D1_training-e_e00442
r0f0,2,val,1427,D1_training-e_e00443
r0f0,2,val,1431,D1_training-e_e00447
r0f0,2,val,1432,D1_training-e_e00448
r0f0,2,val,1435,D1_training-e_e00451
r0f0,2,val,1438,D1_training-e_e00454
r0f0,2,val,1443,D1_training-e_e00459
r0f0,2,val,1445,D1_training-e_e00461
r0f0,2,val,1446,D1_training-e_e00462
r0f0,2,val,1447,D1_training-e_e00463
r0f0,2,val,1455,D1_training-e_e00471
r0f0,2,val,1459,D1_training-e_e00475
r0f0,2,val,1462,D1_training-e_e00478
r0f0,2,val,1464,D1_training-e_e00480
r0f0,2,val,1465,D1_training-e_e00481
r0f0,2,val,1466,D1_training-e_e00482
r0f0,2,val,1467,D1_training-e_e00483
r0f0,2,val,1472,D1_training-e_e00488
r0f0,2,val,1473,D1_training-e_e00489
r0f0,2,val,1474,D1_training-e_e00490
r0f0,2,val,1475,D1_training-e_e00491
r0f0,2,val,1481,D1_training-e_e00497
r0f0,2,val,1485,D1_training-e_e00501
r0f0,2,val,1492,D1_training-e_e00508
r0f0,2,val,1493,D1_training-e_e00509
r0f0,2,val,1495,D1_training-e_e00511
r0f0,2,val,1496,D1_training-e_e00512
r0f0,2,val,1497,D1_training-e_e00513
r0f0,2,val,1500,D1_training-e_e00516
r0f0,2,val,1502,D1_training-e_e00518
r0f0,2,val,1504,D1_training-e_e00520
r0f0,2,val,1514,D1_training-e_e00530
r0f0,2,val,1517,D1_training-e_e00533
r0f0,2,val,1523,D1_training-e_e00539
r0f0,2,val,1524,D1_training-e_e00540
r0f0,2,val,1525,D1_training-e_e00541
r0f0,2,val,1529,D1_training-e_e00545
r0f0,2,val,1532,D1_training-e_e00548
r0f0,2,val,1540,D1_training-e_e00556
r0f0,2,val,1543,D1_training-e_e00559
r0f0,2,val,1547,D1_training-e_e00563
r0f0,2,val,1548,D1_training-e_e00564
r0f0,2,val,1560,D1_training-e_e00576
r0f0,2,val,1565,D1_training-e_e00581
r0f0,2,val,1566,D1_training-e_e00582
r0f0,2,val,1571,D1_training-e_e00587
r0f0,2,val,1572,D1_training-e_e00588
r0f0,2,val,1573,D1_training-e_e00589
r0f0,2,val,1577,D1_training-e_e00593
r0f0,2,val,1582,D1_training-e_e00598
r0f0,2,val,1583,D1_training-e_e00599
r0f0,2,val,1585,D1_training-e_e00601
r0f0,2,val,1586,D1_training-e_e00602
r0f0,2,val,1588,D1_training-e_e00604
r0f0,2,val,1596,D1_training-e_e00612
r0f0,2,val,1598,D1_training-e_e00614
r0f0,2,val,1601,D1_training-e_e00617
r0f0,2,val,1604,D1_training-e_e00620
r0f0,2,val,1613,D1_training-e_e00629
r0f0,2,val,1627,D1_training-e_e00643
r0f0,2,val,1632,D1_training-e_e00648
r0f0,2,val,1638,D1_training-e_e00654
r0f0,2,val,1640,D1_training-e_e00656
r0f0,2,val,1641,D1_training-e_e00657
r0f0,2,val,1643,D1_training-e_e00659
r0f0,2,val,1646,D1_training-e_e00662
r0f0,2,val,1649,D1_training-e_e00665
r0f0,2,val,1652,D1_training-e_e00668
r0f0,2,val,1657,D1_training-e_e00673
r0f0,2,val,1660,D1_training-e_e00676
r0f0,2,val,1667,D1_training-e_e00683
r0f0,2,val,1668,D1_training-e_e00684
r0f0,2,val,1671,D1_training-e_e00687
r0f0,2,val,1676,D1_training-e_e00692
r0f0,2,val,1680,D1_training-e_e00696
r0f0,2,val,1682,D1_training-e_e00698
r0f0,2,val,1683,D1_training-e_e00699
r0f0,2,val,1695,D1_training-e_e00711
r0f0,2,val,1696,D1_training-e_e00712
r0f0,2,val,1699,D1_training-e_e00715
r0f0,2,val,1704,D1_training-e_e00720
r0f0,2,val,1706,D1_training-e_e00722
r0f0,2,val,1708,D1_training-e_e00724
r0f0,2,val,1709,D1_training-e_e00725
r0f0,2,val,1712,D1_training-e_e00728
r0f0,2,val,1716,D1_training-e_e00732
r0f0,2,val,1724,D1_training-e_e00740
r0f0,2,val,1728,D1_training-e_e00744
r0f0,2,val,1729,D1_training-e_e00745
r0f0,2,val,1733,D1_training-e_e00749
r0f0,2,val,1737,D1_training-e_e00753
r0f0,2,val,1746,D1_training-e_e00762
r0f0,2,val,1759,D1_training-e_e00775
r0f0,2,val,1765,D1_training-e_e00781
r0f0,2,val,1771,D1_training-e_e00787
r0f0,2,val,1774,D1_training-e_e00790
r0f0,2,val,1775,D1_training-e_e00791
r0f0,2,val,1777,D1_training-e_e00793
r0f0,2,val,1778,D1_training-e_e00794
r0f0,2,val,1781,D1_training-e_e00797
r0f0,2,val,1782,D1_training-e_e00798
r0f0,2,val,1791,D1_training-e_e00807
r0f0,2,val,1797,D1_training-e_e00813
r0f0,2,val,1799,D1_training-e_e00815
r0f0,2,val,1801,D1_training-e_e00817
r0f0,2,val,1803,D1_training-e_e00819
r0f0,2,val,1807,D1_training-e_e00823
r0f0,2,val,1810,D1_training-e_e00826
r0f0,2,val,1816,D1_training-e_e00832
r0f0,2,val,1818,D1_training-e_e00834
r0f0,2,val,1819,D1_training-e_e00835
r0f0,2,val,1820,D1_training-e_e00836
r0f0,2,val,1822,D1_training-e_e00838
r0f0,2,val,1823,D1_training-e_e00839
r0f0,2,val,1824,D1_training-e_e00840
r0f0,2,val,1826,D1_training-e_e00842
r0f0,2,val,1832,D1_training-e_e00848
r0f0,2,val,1836,D1_training-e_e00852
r0f0,2,val,1846,D1_training-e_e00862
r0f0,2,val,1847,D1_training-e_e00863
r0f0,2,val,1854,D1_training-e_e00870
r0f0,2,val,1855,D1_training-e_e00871
r0f0,2,val,1860,D1_training-e_e00876
r0f0,2,val,1863,D1_training-e_e00879
r0f0,2,val,1864,D1_training-e_e00880
r0f0,2,val,1868,D1_training-e_e00884
r0f0,2,val,1870,D1_training-e_e00886
r0f0,2,val,1872,D1_training-e_e00888
r0f0,2,val,1887,D1_training-e_e00903
r0f0,2,val,1896,D1_training-e_e00912
r0f0,2,val,1899,D1_training-e_e00915
r0f0,2,val,1904,D1_training-e_e00920
r0f0,2,val,1905,D1_training-e_e00921
r0f0,2,val,1916,D1_training-e_e00932
r0f0,2,val,1928,D1_training-e_e00944
r0f0,2,val,1933,D1_training-e_e00949
r0f0,2,val,1939,D1_training-e_e00955
r0f0,2,val,1940,D1_training-e_e00956
r0f0,2,val,1941,D1_training-e_e00957
r0f0,2,val,1944,D1_training-e_e00960
r0f0,2,val,1946,D1_training-e_e00962
r0f0,2,val,1947,D1_training-e_e00963
r0f0,2,val,1948,D1_training-e_e00964
r0f0,2,val,1953,D1_training-e_e00969
r0f0,2,val,1955,D1_training-e_e00971
r0f0,2,val,1956,D1_training-e_e00972
r0f0,2,val,1957,D1_training-e_e00973
r0f0,2,val,1971,D1_training-e_e00987
r0f0,2,val,1972,D1_training-e_e00988
r0f0,2,val,1974,D1_training-e_e00990
r0f0,2,val,1975,D1_training-e_e00991
r0f0,2,val,1977,D1_training-e_e00993
r0f0,2,val,1978,D1_training-e_e00994
r0f0,2,val,1979,D1_training-e_e00995
r0f0,2,val,1980,D1_training-e_e00996
r0f0,2,val,1981,D1_training-e_e00997
r0f0,2,val,1982,D1_training-e_e00998
r0f0,2,val,1983,D1_training-e_e00999
r0f0,2,val,1985,D1_training-e_e01001
r0f0,2,val,1986,D1_training-e_e01002
r0f0,2,val,1987,D1_training-e_e01003
r0f0,2,val,1988,D1_training-e_e01004
r0f0,2,val,1998,D1_training-e_e01014
r0f0,2,val,2000,D1_training-e_e01016
r0f0,2,val,2002,D1_training-e_e01018
r0f0,2,val,2004,D1_training-e_e01020
r0f0,2,val,2006,D1_training-e_e01022
r0f0,2,val,2009,D1_training-e_e01025
r0f0,2,val,2010,D1_training-e_e01026
r0f0,2,val,2014,D1_training-e_e01030
r0f0,2,val,2017,D1_training-e_e01033
r0f0,2,val,2023,D1_training-e_e01039
r0f0,2,val,2024,D1_training-e_e01040
r0f0,2,val,2025,D1_training-e_e01041
r0f0,2,val,2032,D1_training-e_e01048
r0f0,2,val,2033,D1_training-e_e01049
r0f0,2,val,2034,D1_training-e_e01050
r0f0,2,val,2035,D1_training-e_e01051
r0f0,2,val,2036,D1_training-e_e01052
r0f0,2,val,2039,D1_training-e_e01055
r0f0,2,val,2041,D1_training-e_e01057
r0f0,2,val,2043,D1_training-e_e01059
r0f0,2,val,2047,D1_training-e_e01063
r0f0,2,val,2050,D1_training-e_e01066
r0f0,2,val,2051,D1_training-e_e01067
r0f0,2,val,2056,D1_training-e_e01072
r0f0,2,val,2060,D1_training-e_e01076
r0f0,2,val,2063,D1_training-e_e01079
r0f0,2,val,2067,D1_training-e_e01083
r0f0,2,val,2069,D1_training-e_e01085
r0f0,2,val,2070,D1_training-e_e01086
r0f0,2,val,2071,D1_training-e_e01087
r0f0,2,val,2072,D1_training-e_e01088
r0f0,2,val,2079,D1_training-e_e01095
r0f0,2,val,2082,D1_training-e_e01098
r0f0,2,val,2085,D1_training-e_e01101
r0f0,2,val,2087,D1_training-e_e01103
r0f0,2,val,2089,D1_training-e_e01105
r0f0,2,val,2091,D1_training-e_e01107
r0f0,2,val,2100,D1_training-e_e01116
r0f0,2,val,2109,D1_training-e_e01125
r0f0,2,val,2111,D1_training-e_e01127
r0f0,2,val,2121,D1_training-e_e01137
r0f0,2,val,2127,D1_training-e_e01143
r0f0,2,val,2133,D1_training-e_e01149
r0f0,2,val,2135,D1_training-e_e01151
r0f0,2,val,2140,D1_training-e_e01156
r0f0,2,val,2141,D1_training-e_e01157
r0f0,2,val,2144,D1_training-e_e01160
r0f0,2,val,2145,D1_training-e_e01161
r0f0,2,val,2146,D1_training-e_e01162
r0f0,2,val,2149,D1_training-e_e01165
r0f0,2,val,2151,D1_training-e_e01167
r0f0,2,val,2152,D1_training-e_e01168
r0f0,2,val,2155,D1_training-e_e01171
r0f0,2,val,2162,D1_training-e_e01178
r0f0,2,val,2173,D1_training-e_e01189
r0f0,2,val,2181,D1_training-e_e01197
r0f0,2,val,2182,D1_training-e_e01198
r0f0,2,val,2189,D1_training-e_e01205
r0f0,2,val,2195,D1_training-e_e01211
r0f0,2,val,2198,D1_training-e_e01214
r0f0,2,val,2202,D1_training-e_e01218
r0f0,2,val,2206,D1_training-e_e01222
r0f0,2,val,2211,D1_training-e_e01227
r0f0,2,val,2214,D1_training-e_e01230
r0f0,2,val,2215,D1_training-e_e01231
r0f0,2,val,2216,D1_training-e_e01232
r0f0,2,val,2217,D1_training-e_e01233
r0f0,2,val,2218,D1_training-e_e01234
r0f0,2,val,2221,D1_training-e_e01237
r0f0,2,val,2223,D1_training-e_e01239
r0f0,2,val,2227,D1_training-e_e01243
r0f0,2,val,2234,D1_training-e_e01250
r0f0,2,val,2236,D1_training-e_e01252
r0f0,2,val,2237,D1_training-e_e01253
r0f0,2,val,2241,D1_training-e_e01257
r0f0,2,val,2242,D1_training-e_e01258
r0f0,2,val,2248,D1_training-e_e01264
r0f0,2,val,2249,D1_training-e_e01265
r0f0,2,val,2253,D1_training-e_e01269
r0f0,2,val,2254,D1_training-e_e01270
r0f0,2,val,2258,D1_training-e_e01274
r0f0,2,val,2259,D1_training-e_e01275
r0f0,2,val,2262,D1_training-e_e01278
r0f0,2,val,2281,D1_training-e_e01297
r0f0,2,val,2287,D1_training-e_e01303
r0f0,2,val,2288,D1_training-e_e01304
r0f0,2,val,2295,D1_training-e_e01311
r0f0,2,val,2297,D1_training-e_e01313
r0f0,2,val,2304,D1_training-e_e01320
r0f0,2,val,2307,D1_training-e_e01323
r0f0,2,val,2312,D1_training-e_e01328
r0f0,2,val,2321,D1_training-e_e01337
r0f0,2,val,2324,D1_training-e_e01340
r0f0,2,val,2326,D1_training-e_e01342
r0f0,2,val,2336,D1_training-e_e01352
r0f0,2,val,2338,D1_training-e_e01354
r0f0,2,val,2345,D1_training-e_e01361
r0f0,2,val,2349,D1_training-e_e01365
r0f0,2,val,2353,D1_training-e_e01369
r0f0,2,val,2355,D1_training-e_e01371
r0f0,2,val,2359,D1_training-e_e01375
r0f0,2,val,2363,D1_training-e_e01379
r0f0,2,val,2366,D1_training-e_e01382
r0f0,2,val,2372,D1_training-e_e01388
r0f0,2,val,2373,D1_training-e_e01389
r0f0,2,val,2376,D1_training-e_e01392
r0f0,2,val,2378,D1_training-e_e01394
r0f0,2,val,2380,D1_training-e_e01396
r0f0,2,val,2383,D1_training-e_e01399
r0f0,2,val,2390,D1_training-e_e01406
r0f0,2,val,2394,D1_training-e_e01410
r0f0,2,val,2399,D1_training-e_e01415
r0f0,2,val,2403,D1_training-e_e01419
r0f0,2,val,2405,D1_training-e_e01421
r0f0,2,val,2407,D1_training-e_e01423
r0f0,2,val,2416,D1_training-e_e01432
r0f0,2,val,2417,D1_training-e_e01433
r0f0,2,val,2420,D1_training-e_e01436
r0f0,2,val,2421,D1_training-e_e01437
r0f0,2,val,2424,D1_training-e_e01440
r0f0,2,val,2429,D1_training-e_e01445
r0f0,2,val,2437,D1_training-e_e01453
r0f0,2,val,2440,D1_training-e_e01456
r0f0,2,val,2442,D1_training-e_e01458
r0f0,2,val,2443,D1_training-e_e01459
r0f0,2,val,2451,D1_training-e_e01467
r0f0,2,val,2452,D1_training-e_e01468
r0f0,2,val,2455,D1_training-e_e01471
r0f0,2,val,2456,D1_training-e_e01472
r0f0,2,val,2462,D1_training-e_e01478
r0f0,2,val,2469,D1_training-e_e01485
r0f0,2,val,2470,D1_training-e_e01486
r0f0,2,val,2472,D1_training-e_e01488
r0f0,2,val,2476,D1_training-e_e01492
r0f0,2,val,2480,D1_training-e_e01496
r0f0,2,val,2485,D1_training-e_e01501
r0f0,2,val,2487,D1_training-e_e01503
r0f0,2,val,2497,D1_training-e_e01513
r0f0,2,val,2499,D1_training-e_e01515
r0f0,2,val,2501,D1_training-e_e01517
r0f0,2,val,2503,D1_training-e_e01519
r0f0,2,val,2504,D1_training-e_e01520
r0f0,2,val,2507,D1_training-e_e01523
r0f0,2,val,2510,D1_training-e_e01526
r0f0,2,val,2513,D1_training-e_e01529
r0f0,2,val,2514,D1_training-e_e01530
r0f0,2,val,2515,D1_training-e_e01531
r0f0,2,val,2516,D1_training-e_e01532
r0f0,2,val,2525,D1_training-e_e01541
r0f0,2,val,2527,D1_training-e_e01543
r0f0,2,val,2534,D1_training-e_e01550
r0f0,2,val,2536,D1_training-e_e01552
r0f0,2,val,2538,D1_training-e_e01554
r0f0,2,val,2540,D1_training-e_e01556
r0f0,2,val,2541,D1_training-e_e01557
r0f0,2,val,2542,D1_training-e_e01558
r0f0,2,val,2543,D1_training-e_e01559
r0f0,2,val,2555,D1_training-e_e01571
r0f0,2,val,2567,D1_training-e_e01583
r0f0,2,val,2569,D1_training-e_e01585
r0f0,2,val,2572,D1_training-e_e01588
r0f0,2,val,2575,D1_training-e_e01591
r0f0,2,val,2577,D1_training-e_e01593
r0f0,2,val,2578,D1_training-e_e01594
r0f0,2,val,2582,D1_training-e_e01598
r0f0,2,val,2589,D1_training-e_e01605
r0f0,2,val,2590,D1_training-e_e01606
r0f0,2,val,2591,D1_training-e_e01607
r0f0,2,val,2597,D1_training-e_e01613
r0f0,2,val,2599,D1_training-e_e01615
r0f0,2,val,2601,D1_training-e_e01617
r0f0,2,val,2606,D1_training-e_e01622
r0f0,2,val,2610,D1_training-e_e01626
r0f0,2,val,2618,D1_training-e_e01634
r0f0,2,val,2622,D1_training-e_e01638
r0f0,2,val,2626,D1_training-e_e01642
r0f0,2,val,2630,D1_training-e_e01646
r0f0,2,val,2631,D1_training-e_e01647
r0f0,2,val,2635,D1_training-e_e01651
r0f0,2,val,2636,D1_training-e_e01652
r0f0,2,val,2642,D1_training-e_e01658
r0f0,2,val,2643,D1_training-e_e01659
r0f0,2,val,2646,D1_training-e_e01662
r0f0,2,val,2648,D1_training-e_e01664
r0f0,2,val,2650,D1_training-e_e01666
r0f0,2,val,2651,D1_training-e_e01667
r0f0,2,val,2654,D1_training-e_e01670
r0f0,2,val,2656,D1_training-e_e01672
r0f0,2,val,2659,D1_training-e_e01675
r0f0,2,val,2662,D1_training-e_e01678
r0f0,2,val,2664,D1_training-e_e01680
r0f0,2,val,2675,D1_training-e_e01691
r0f0,2,val,2677,D1_training-e_e01693
r0f0,2,val,2678,D1_training-e_e01694
r0f0,2,val,2681,D1_training-e_e01697
r0f0,2,val,2689,D1_training-e_e01705
r0f0,2,val,2693,D1_training-e_e01709
r0f0,2,val,2696,D1_training-e_e01712
r0f0,2,val,2697,D1_training-e_e01713
r0f0,2,val,2698,D1_training-e_e01714
r0f0,2,val,2701,D1_training-e_e01717
r0f0,2,val,2702,D1_training-e_e01718
r0f0,2,val,2706,D1_training-e_e01722
r0f0,2,val,2708,D1_training-e_e01724
r0f0,2,val,2712,D1_training-e_e01728
r0f0,2,val,2718,D1_training-e_e01734
r0f0,2,val,2720,D1_training-e_e01736
r0f0,2,val,2726,D1_training-e_e01742
r0f0,2,val,2733,D1_training-e_e01749
r0f0,2,val,2737,D1_training-e_e01753
r0f0,2,val,2739,D1_training-e_e01755
r0f0,2,val,2746,D1_training-e_e01762
r0f0,2,val,2747,D1_training-e_e01763
r0f0,2,val,2749,D1_training-e_e01765
r0f0,2,val,2757,D1_training-e_e01773
r0f0,2,val,2759,D1_training-e_e01775
r0f0,2,val,2760,D1_training-e_e01776
r0f0,2,val,2762,D1_training-e_e01778
r0f0,2,val,2768,D1_training-e_e01784
r0f0,2,val,2771,D1_training-e_e01787
r0f0,2,val,2772,D1_training-e_e01788
r0f0,2,val,2775,D1_training-e_e01791
r0f0,2,val,2778,D1_training-e_e01794
r0f0,2,val,2788,D1_training-e_e01804
r0f0,2,val,2794,D1_training-e_e01810
r0f0,2,val,2800,D1_training-e_e01816
r0f0,2,val,2805,D1_training-e_e01821
r0f0,2,val,2808,D1_training-e_e01824
r0f0,2,val,2815,D1_training-e_e01831
r0f0,2,val,2816,D1_training-e_e01832
r0f0,2,val,2817,D1_training-e_e01833
r0f0,2,val,2824,D1_training-e_e01840
r0f0,2,val,2826,D1_training-e_e01842
r0f0,2,val,2827,D1_training-e_e01843
r0f0,2,val,2829,D1_training-e_e01845
r0f0,2,val,2834,D1_training-e_e01850
r0f0,2,val,2835,D1_training-e_e01851
r0f0,2,val,2838,D1_training-e_e01854
r0f0,2,val,2840,D1_training-e_e01856
r0f0,2,val,2843,D1_training-e_e01859
r0f0,2,val,2844,D1_training-e_e01860
r0f0,2,val,2845,D1_training-e_e01861
r0f0,2,val,2852,D1_training-e_e01868
r0f0,2,val,2853,D1_training-e_e01869
r0f0,2,val,2854,D1_training-e_e01870
r0f0,2,val,2861,D1_training-e_e01877
r0f0,2,val,2864,D1_training-e_e01880
r0f0,2,val,2866,D1_training-e_e01882
r0f0,2,val,2872,D1_training-e_e01888
r0f0,2,val,2874,D1_training-e_e01890
r0f0,2,val,2876,D1_training-e_e01892
r0f0,2,val,2877,D1_training-e_e01893
r0f0,2,val,2884,D1_training-e_e01900
r0f0,2,val,2886,D1_training-e_e01902
r0f0,2,val,2893,D1_training-e_e01909
r0f0,2,val,2901,D1_training-e_e01917
r0f0,2,val,2904,D1_training-e_e01920
r0f0,2,val,2906,D1_training-e_e01922
r0f0,2,val,2913,D1_training-e_e01929
r0f0,2,val,2920,D1_training-e_e01936
r0f0,2,val,2923,D1_training-e_e01939
r0f0,2,val,2928,D1_training-e_e01944
r0f0,2,val,2935,D1_training-e_e01951
r0f0,2,val,2947,D1_training-e_e01963
r0f0,2,val,2953,D1_training-e_e01969
r0f0,2,val,2963,D1_training-e_e01979
r0f0,2,val,2968,D1_training-e_e01984
r0f0,2,val,2972,D1_training-e_e01988
r0f0,2,val,2974,D1_training-e_e01990
r0f0,2,val,2977,D1_training-e_e01993
r0f0,2,val,2982,D1_training-e_e01998
r0f0,2,val,2983,D1_training-e_e01999
r0f0,2,val,2987,D1_training-e_e02003
r0f0,2,val,2988,D1_training-e_e02004
r0f0,2,val,2994,D1_training-e_e02010
r0f0,2,val,2999,D1_training-e_e02015
r0f0,2,val,3002,D1_training-e_e02018
r0f0,2,val,3007,D1_training-e_e02023
r0f0,2,val,3010,D1_training-e_e02026
r0f0,2,val,3011,D1_training-e_e02027
r0f0,2,val,3016,D1_training-e_e02032
r0f0,2,val,3019,D1_training-e_e02035
r0f0,2,val,3021,D1_training-e_e02037
r0f0,2,val,3022,D1_training-e_e02038
r0f0,2,val,3023,D1_training-e_e02039
r0f0,2,val,3025,D1_training-e_e02041
r0f0,2,val,3028,D1_training-e_e02044
r0f0,2,val,3030,D1_training-e_e02046
r0f0,2,val,3032,D1_training-e_e02048
r0f0,2,val,3033,D1_training-e_e02049
r0f0,2,val,3036,D1_training-e_e02052
r0f0,2,val,3037,D1_training-e_e02053
r0f0,2,val,3045,D1_training-e_e02061
r0f0,2,val,3052,D1_training-e_e02068
r0f0,2,val,3055,D1_training-e_e02071
r0f0,2,val,3062,D1_training-e_e02078
r0f0,2,val,3063,D1_training-e_e02079
r0f0,2,val,3064,D1_training-e_e02080
r0f0,2,val,3067,D1_training-e_e02083
r0f0,2,val,3073,D1_training-e_e02089
r0f0,2,val,3077,D1_training-e_e02093
r0f0,2,val,3078,D1_training-e_e02094
r0f0,2,val,3079,D1_training-e_e02095
r0f0,2,val,3081,D1_training-e_e02097
r0f0,2,val,3085,D1_training-e_e02101
r0f0,2,val,3087,D1_training-e_e02103
r0f0,2,val,3094,D1_training-e_e02110
r0f0,2,val,3098,D1_training-e_e02114
r0f0,2,val,3101,D1_training-e_e02117
r0f0,2,val,3107,D1_training-e_e02123
r0f0,2,val,3112,D1_training-e_e02128
r0f0,2,val,3113,D1_training-e_e02129
r0f0,2,val,3120,D1_training-e_e02136
r0f0,2,val,3123,D1_training-e_e02139
r0f0,2,val,3132,D1_training-f_f0007
r0f0,2,val,3134,D1_training-f_f0009
r0f0,2,val,3136,D1_training-f_f0011
r0f0,2,val,3138,D1_training-f_f0013
r0f0,2,val,3141,D1_training-f_f0016
r0f0,2,val,3142,D1_training-f_f0017
r0f0,2,val,3143,D1_training-f_f0018
r0f0,2,val,3144,D1_training-f_f0019
r0f0,2,val,3147,D1_training-f_f0022
r0f0,2,val,3149,D1_training-f_f0024
r0f0,2,val,3162,D1_training-f_f0037
r0f0,2,val,3165,D1_training-f_f0040
r0f0,2,val,3175,D1_training-f_f0050
r0f0,2,val,3179,D1_training-f_f0054
r0f0,2,val,3185,D1_training-f_f0060
r0f0,2,val,3187,D1_training-f_f0062
r0f0,2,val,3188,D1_training-f_f0063
r0f0,2,val,3189,D1_training-f_f0064
r0f0,2,val,3198,D1_training-f_f0073
r0f0,2,val,3203,D1_training-f_f0078
r0f0,2,val,3204,D1_training-f_f0079
r0f0,2,val,3210,D1_training-f_f0085
r0f0,2,val,3212,D1_training-f_f0087
r0f0,2,val,3213,D1_training-f_f0088
r0f0,2,val,3216,D1_training-f_f0091
r0f0,2,val,3217,D1_training-f_f0092
r0f0,2,val,3218,D1_training-f_f0093
r0f0,2,val,3221,D1_training-f_f0096
r0f0,2,val,3222,D1_training-f_f0097
r0f0,2,val,3223,D1_training-f_f0098
r0f0,2,val,3228,D1_training-f_f0103
r0f0,2,val,3230,D1_training-f_f0105
r0f0,2,val,3232,D1_training-f_f0107
r0f0,2,val,3236,D1_training-f_f0111
