run,task,model_id,fold_label,quality_group,n_units,n_records_corpus,reported,mean_snr_proxy_db,n_classes_present,accuracy,balanced_accuracy,sensitivity,specificity,precision,f1,mcc,roc_auc,pr_auc,tp,fp,tn,fn,support,n_positive,n_negative
EXP-A2,binary,M1,r0f0,clean,559,2763,True,30.94760786583184,2,0.8246869409660107,0.8358341013824885,0.856,0.815668202764977,0.5721925133689839,0.6858974358974359,0.5931470667235765,0.9045714285714285,0.7077939012574053,107.0,80.0,354.0,18.0,559.0,125.0,434.0
EXP-A2,binary,M1,r0f0,low_quality_other,4,15,False,34.4195965,1,0.75,0.375,0.0,0.75,0.0,0.0,,,,0.0,1.0,3.0,0.0,4.0,0.0,4.0
EXP-A2,binary,M1,r0f0,noisy,84,462,True,34.381897011904755,2,0.5595238095238095,0.43506493506493504,0.2857142857142857,0.5844155844155844,0.058823529411764705,0.0975609756097561,-0.07312724241271307,0.44155844155844154,0.07913217261483235,2.0,32.0,45.0,5.0,84.0,7.0,77.0
EXP-A2,binary,M1,r0f1,clean,532,2763,True,31.62390868045113,2,0.9022556390977443,0.9088643419857647,0.9203539823008849,0.8973747016706444,0.7074829931972789,0.8,0.7479394370468675,0.9641793566646251,0.8622810865318541,104.0,43.0,376.0,9.0,532.0,113.0,419.0
EXP-A2,binary,M1,r0f1,low_quality_other,1,15,False,20.833255,1,1.0,0.5,0.0,1.0,0.0,0.0,,,,0.0,0.0,1.0,0.0,1.0,0.0,1.0
EXP-A2,binary,M1,r0f1,noisy,118,462,True,30.333105432203393,2,0.6271186440677966,0.605301914580265,0.5714285714285714,0.6391752577319587,0.2553191489361702,0.35294117647058826,0.164544615194578,0.632793323514973,0.23166682430267146,12.0,35.0,62.0,9.0,118.0,21.0,97.0
EXP-A2,binary,M1,r0f2,clean,529,2763,True,29.556630431001892,2,0.9111531190926276,0.8964618634338981,0.8725490196078431,0.9203747072599532,0.7235772357723578,0.7911111111111111,0.7405081870531222,0.9578224732515958,0.8834530989433739,89.0,34.0,393.0,13.0,529.0,102.0,427.0
EXP-A2,binary,M1,r0f2,noisy,115,462,True,31.292833530434784,2,0.7652173913043478,0.7287489975942261,0.6551724137931034,0.8023255813953488,0.5277777777777778,0.5846153846153846,0.4284228479048476,0.8067361668003208,0.5707135683112335,19.0,17.0,69.0,10.0,115.0,29.0,86.0
EXP-A2,binary,M1,r0f3,clean,554,2763,True,28.793460967509024,2,0.9025270758122743,0.901914377874907,0.9008264462809917,0.9030023094688222,0.7218543046357616,0.8014705882352942,0.7458631911833833,0.9617124425018609,0.8605972241374085,109.0,42.0,391.0,12.0,554.0,121.0,433.0
EXP-A2,binary,M1,r0f3,low_quality_other,7,15,False,36.46351214285714,2,0.2857142857142857,0.16666666666666666,0.0,0.3333333333333333,0.0,0.0,-0.47140452079103173,0.33333333333333337,0.2,0.0,4.0,2.0,1.0,7.0,1.0,6.0
EXP-A2,binary,M1,r0f3,noisy,94,462,True,31.493600308510636,2,0.5638297872340425,0.4704641350210971,0.3333333333333333,0.6075949367088608,0.1388888888888889,0.19607843137254902,-0.044501394232358174,0.49873417721518987,0.21913462762013045,5.0,31.0,48.0,10.0,94.0,15.0,79.0
EXP-A2,binary,M1,r0f4,clean,589,2763,True,28.795450446519528,2,0.8471986417657046,0.8797593482632853,0.937007874015748,0.8225108225108225,0.5920398009950248,0.725609756097561,0.6587906485627778,0.9338207724034495,0.7298849693940562,119.0,82.0,380.0,8.0,589.0,127.0,462.0
EXP-A2,binary,M1,r0f4,low_quality_other,3,15,False,19.684973333333332,1,0.6666666666666666,0.6666666666666666,0.6666666666666666,,1.0,0.8,,,,2.0,0.0,0.0,1.0,3.0,3.0,0.0
EXP-A2,binary,M1,r0f4,noisy,51,462,True,25.678846960784313,2,0.45098039215686275,0.72,1.0,0.44,0.034482758620689655,0.06666666666666667,0.12317635241028793,0.98,0.5,1.0,28.0,22.0,0.0,51.0,1.0,50.0
EXP-A2,binary,M1,r1f0,clean,523,2763,True,29.908973933078396,2,0.8202676864244742,0.8418965672178289,0.8785046728971962,0.8052884615384616,0.5371428571428571,0.6666666666666666,0.5845943906026699,0.9197744428468728,0.7142520476852422,94.0,81.0,335.0,13.0,523.0,107.0,416.0
EXP-A2,binary,M1,r1f0,low_quality_other,4,15,False,19.972043749999997,2,0.75,0.8333333333333333,0.6666666666666666,1.0,1.0,0.8,0.5773502691896258,1.0,1.0,2.0,0.0,1.0,1.0,4.0,3.0,1.0
EXP-A2,binary,M1,r1f0,noisy,120,462,True,32.11873609166666,2,0.5583333333333333,0.4652133580705009,0.3181818181818182,0.6122448979591837,0.15555555555555556,0.208955223880597,-0.05560706744010878,0.5797773654916512,0.24151675504310385,7.0,38.0,60.0,15.0,120.0,22.0,98.0
EXP-A2,binary,M1,r1f1,clean,563,2763,True,29.769992783303728,2,0.872113676731794,0.8745958556837388,0.8790322580645161,0.8701594533029613,0.6566265060240963,0.7517241379310344,0.6809053856183391,0.9395987949151297,0.7866488882088477,109.0,57.0,382.0,15.0,563.0,124.0,439.0
EXP-A2,binary,M1,r1f1,low_quality_other,3,15,False,31.939355333333328,1,1.0,0.5,0.0,1.0,0.0,0.0,,,,0.0,0.0,3.0,0.0,3.0,0.0,3.0
EXP-A2,binary,M1,r1f1,noisy,89,462,True,29.141129067415733,2,0.6179775280898876,0.7440476190476191,0.9166666666666666,0.5714285714285714,0.25,0.39285714285714285,0.33343252492408215,0.8376623376623376,0.4188584451008386,11.0,33.0,44.0,1.0,89.0,12.0,77.0
EXP-A2,binary,M1,r1f2,clean,559,2763,True,30.01991357781753,2,0.9212880143112702,0.9224121466768526,0.9243697478991597,0.9204545454545454,0.7586206896551724,0.8333333333333334,0.789009152389085,0.9676661573720396,0.8953992408333912,110.0,35.0,405.0,9.0,559.0,119.0,440.0
EXP-A2,binary,M1,r1f2,low_quality_other,4,15,False,41.500502499999996,1,0.0,0.0,0.0,0.0,0.0,0.0,,,,0.0,4.0,0.0,0.0,4.0,0.0,4.0
EXP-A2,binary,M1,r1f2,noisy,81,462,True,33.96288733333333,2,0.5679012345679012,0.5054347826086957,0.4166666666666667,0.5942028985507246,0.15151515151515152,0.2222222222222222,0.007858682668274145,0.4577294685990338,0.1902221527170302,5.0,28.0,41.0,7.0,81.0,12.0,69.0
EXP-A2,binary,M1,r1f3,clean,549,2763,True,30.965463584699457,2,0.8834244080145719,0.8863927738927739,0.8916666666666667,0.8811188811188811,0.6772151898734177,0.7697841726618705,0.7054420417981714,0.9496503496503497,0.8150810884929977,107.0,51.0,378.0,13.0,549.0,120.0,429.0
EXP-A2,binary,M1,r1f3,noisy,102,462,True,27.932300745098033,2,0.5980392156862745,0.5160919540229885,0.4,0.632183908045977,0.15789473684210525,0.22641509433962265,0.023575572580629662,0.6268199233716475,0.1972440107392957,6.0,32.0,55.0,9.0,102.0,15.0,87.0
EXP-A2,binary,M1,r1f4,clean,569,2763,True,28.975600878734625,2,0.8681898066783831,0.8918223157578262,0.9322033898305084,0.8514412416851441,0.6214689265536724,0.7457627118644068,0.686307540659163,0.957138562140629,0.8224589622902874,110.0,67.0,384.0,8.0,569.0,118.0,451.0
EXP-A2,binary,M1,r1f4,low_quality_other,4,15,False,32.77572375,2,0.75,0.8333333333333333,1.0,0.6666666666666666,0.5,0.6666666666666666,0.5773502691896258,1.0,1.0,1.0,1.0,2.0,0.0,4.0,1.0,3.0
EXP-A2,binary,M1,r1f4,noisy,70,462,True,32.688341457142855,2,0.6857142857142857,0.6120689655172413,0.5,0.7241379310344828,0.2727272727272727,0.35294117647058826,0.18196506606065263,0.7543103448275862,0.3007963547347674,6.0,16.0,42.0,6.0,70.0,12.0,58.0
EXP-A2,binary,M1,r2f0,clean,524,2763,True,29.65613513931298,2,0.8320610687022901,0.8595287532725467,0.9056603773584906,0.8133971291866029,0.5517241379310345,0.6857142857142857,0.6133326036779947,0.9286133429628961,0.7462550135477841,96.0,78.0,340.0,10.0,524.0,106.0,418.0
EXP-A2,binary,M1,r2f0,low_quality_other,2,15,False,28.715833500000002,1,1.0,0.5,0.0,1.0,0.0,0.0,,,,0.0,0.0,2.0,0.0,2.0,0.0,2.0
EXP-A2,binary,M1,r2f0,noisy,118,462,True,32.46775722033898,2,0.635593220338983,0.6664516129032259,0.72,0.6129032258064516,0.3333333333333333,0.45569620253164556,0.2730502730504096,0.7212903225806452,0.39141457681441916,18.0,36.0,57.0,7.0,118.0,25.0,93.0
EXP-A2,binary,M1,r2f1,clean,566,2763,True,29.197608250883395,2,0.8303886925795053,0.8740584847142223,0.9508196721311475,0.7972972972972973,0.5631067961165048,0.7073170731707317,0.6393755810305083,0.9328016541131294,0.7576866767599292,116.0,90.0,354.0,6.0,566.0,122.0,444.0
EXP-A2,binary,M1,r2f1,low_quality_other,1,15,False,31.810908,1,1.0,1.0,1.0,,1.0,1.0,,,,1.0,0.0,0.0,0.0,1.0,1.0,0.0
EXP-A2,binary,M1,r2f1,noisy,84,462,True,33.341621273809515,2,0.20238095238095238,0.4638854296388543,0.8181818181818182,0.1095890410958904,0.12162162162162163,0.21176470588235294,-0.0752409657133459,0.39601494396014947,0.19319449265158073,9.0,65.0,8.0,2.0,84.0,11.0,73.0
EXP-A2,binary,M1,r2f2,clean,562,2763,True,30.526720889679723,2,0.8985765124555161,0.8886802179997054,0.8709677419354839,0.906392694063927,0.7248322147651006,0.7912087912087912,0.7303014637522711,0.953472529091177,0.8639982002026746,108.0,41.0,397.0,16.0,562.0,124.0,438.0
EXP-A2,binary,M1,r2f2,low_quality_other,7,15,False,37.402868,1,0.42857142857142855,0.21428571428571427,0.0,0.42857142857142855,0.0,0.0,,,,0.0,4.0,3.0,0.0,7.0,0.0,7.0
EXP-A2,binary,M1,r2f2,noisy,86,462,True,30.668453976744182,2,0.6046511627906976,0.6406743940990516,0.6923076923076923,0.589041095890411,0.23076923076923078,0.34615384615384615,0.2024402768999885,0.683877766069547,0.27681027844255657,9.0,30.0,43.0,4.0,86.0,13.0,73.0
EXP-A2,binary,M1,r2f3,clean,560,2763,True,30.586988523214288,2,0.8946428571428572,0.9115154536390828,0.940677966101695,0.8823529411764706,0.6809815950920245,0.7900355871886121,0.7388890444925573,0.9501303780964797,0.8038271960475136,111.0,52.0,390.0,7.0,560.0,118.0,442.0
EXP-A2,binary,M1,r2f3,low_quality_other,2,15,False,31.3467875,1,0.5,0.25,0.0,0.5,0.0,0.0,,,,0.0,1.0,1.0,0.0,2.0,0.0,2.0
EXP-A2,binary,M1,r2f3,noisy,81,462,True,30.92603458024692,2,0.654320987654321,0.7319004524886878,0.8461538461538461,0.6176470588235294,0.2972972972972973,0.44,0.34176731297281915,0.7002262443438914,0.26146630220388756,11.0,26.0,42.0,2.0,81.0,13.0,68.0
EXP-A2,binary,M1,r2f4,clean,551,2763,True,29.620318704174228,2,0.8947368421052632,0.8898696520139351,0.8813559322033898,0.8983833718244804,0.7027027027027027,0.7819548872180451,0.7216905144077458,0.9510510040317846,0.7866635060926336,104.0,44.0,389.0,14.0,551.0,118.0,433.0
EXP-A2,binary,M1,r2f4,low_quality_other,3,15,False,19.684973333333332,1,1.0,1.0,1.0,,1.0,1.0,,,,3.0,0.0,0.0,0.0,3.0,3.0,0.0
EXP-A2,binary,M1,r2f4,noisy,93,462,True,27.545095569892474,2,0.6666666666666666,0.4567627494456763,0.18181818181818182,0.7317073170731707,0.08333333333333333,0.11428571428571428,-0.06382064186124439,0.4645232815964523,0.11547174177632245,2.0,22.0,60.0,9.0,93.0,11.0,82.0
EXP-A2,binary,M1,r3f0,clean,547,2763,True,30.49767334917733,2,0.8263254113345521,0.8638741246941702,0.9259259259259259,0.8018223234624146,0.5347593582887701,0.6779661016949152,0.6107356248975033,0.9234792879439804,0.7267933667076734,100.0,87.0,352.0,8.0,547.0,108.0,439.0
EXP-A2,binary,M1,r3f0,noisy,97,462,True,32.73444115463918,2,0.6082474226804123,0.563454759106933,0.4782608695652174,0.6486486486486487,0.2972972972972973,0.36666666666666664,0.11112134414013938,0.6251468860164513,0.2818742900508132,11.0,26.0,48.0,12.0,97.0,23.0,74.0
EXP-A2,binary,M1,r3f1,clean,575,2763,True,30.718259490434782,2,0.8956521739130435,0.8941849816849817,0.8916666666666667,0.8967032967032967,0.6948051948051948,0.781021897810219,0.7234774221515708,0.9551648351648352,0.7981861521056612,107.0,47.0,408.0,13.0,575.0,120.0,455.0
EXP-A2,binary,M1,r3f1,low_quality_other,1,15,False,20.833255,1,1.0,0.5,0.0,1.0,0.0,0.0,,,,0.0,0.0,1.0,0.0,1.0,0.0,1.0
EXP-A2,binary,M1,r3f1,noisy,71,462,True,28.745303084507043,2,0.6056338028169014,0.530367231638418,0.4166666666666667,0.6440677966101694,0.19230769230769232,0.2631578947368421,0.04724533098537791,0.5536723163841808,0.2716393043682645,5.0,21.0,38.0,7.0,71.0,12.0,59.0
EXP-A2,binary,M1,r3f2,clean,558,2763,True,29.27824563620072,2,0.8870967741935484,0.9101382488479263,0.9516129032258065,0.868663594470046,0.6742857142857143,0.7892976588628763,0.73501730564758,0.9620744759922699,0.8299868832088166,118.0,57.0,377.0,6.0,558.0,124.0,434.0
EXP-A2,binary,M1,r3f2,low_quality_other,1,15,False,41.86032,1,0.0,0.0,0.0,0.0,0.0,0.0,,,,0.0,1.0,0.0,0.0,1.0,0.0,1.0
EXP-A2,binary,M1,r3f2,noisy,96,462,True,31.597966218750003,2,0.5416666666666666,0.7023809523809523,0.9166666666666666,0.4880952380952381,0.2037037037037037,0.3333333333333333,0.2698412698412698,0.7916666666666666,0.3860523391337345,11.0,43.0,41.0,1.0,96.0,12.0,84.0
EXP-A2,binary,M1,r3f3,clean,563,2763,True,30.497444957371226,2,0.8952042628774423,0.9028030130971307,0.9159663865546218,0.8896396396396397,0.689873417721519,0.7870036101083032,0.7320346138046174,0.960519342872284,0.8373373655330896,109.0,49.0,395.0,10.0,563.0,119.0,444.0
EXP-A2,binary,M1,r3f3,low_quality_other,5,15,False,39.562583599999996,2,0.2,0.5,1.0,0.0,0.2,0.3333333333333333,0.0,0.0,0.2,1.0,4.0,0.0,0.0,5.0,1.0,4.0
EXP-A2,binary,M1,r3f3,noisy,83,462,True,32.44802554216867,2,0.5421686746987951,0.5906862745098038,0.6666666666666666,0.5147058823529411,0.23255813953488372,0.3448275862068966,0.13967137836811278,0.5715686274509804,0.20268307919985817,10.0,33.0,35.0,5.0,83.0,15.0,68.0
EXP-A2,binary,M1,r3f4,clean,520,2763,True,28.497381340384614,2,0.9038461538461539,0.8833746898263027,0.8461538461538461,0.9205955334987593,0.7557251908396947,0.7983870967741935,0.7375448566168045,0.9447731755424064,0.8526018869029919,99.0,32.0,371.0,18.0,520.0,117.0,403.0
EXP-A2,binary,M1,r3f4,low_quality_other,8,15,False,26.538081625,2,0.875,0.8333333333333333,0.6666666666666666,1.0,1.0,0.8,0.7453559924999299,0.8666666666666667,0.8666666666666667,2.0,0.0,5.0,1.0,8.0,3.0,5.0
EXP-A2,binary,M1,r3f4,noisy,115,462,True,29.50724419130435,2,0.7130434782608696,0.7194055944055944,0.7272727272727273,0.7115384615384616,0.21052631578947367,0.32653061224489793,0.2743806900709416,0.7875874125874126,0.2760584909465954,8.0,30.0,74.0,3.0,115.0,11.0,104.0
EXP-A2,binary,M1,r4f0,clean,558,2763,True,30.33845090322581,2,0.8100358422939068,0.8430215069935328,0.9016393442622951,0.7844036697247706,0.5392156862745098,0.6748466257668712,0.5887864292011804,0.9072980899383365,0.7255597994308919,110.0,94.0,342.0,12.0,558.0,122.0,436.0
EXP-A2,binary,M1,r4f0,low_quality_other,4,15,False,22.716457,1,0.5,0.5,0.5,,1.0,0.6666666666666666,,,,2.0,0.0,0.0,2.0,4.0,4.0,0.0
EXP-A2,binary,M1,r4f0,noisy,93,462,True,31.2708162795699,2,0.7419354838709677,0.7674698795180723,0.8,0.7349397590361446,0.26666666666666666,0.4,0.35449737352632466,0.8192771084337349,0.37588175230566534,8.0,22.0,61.0,2.0,93.0,10.0,83.0
EXP-A2,binary,M1,r4f1,clean,531,2763,True,29.396334990583807,2,0.9190207156308852,0.9042746655518394,0.8782608695652174,0.9302884615384616,0.7769230769230769,0.8244897959183674,0.7745656713371147,0.9732859531772575,0.8946706947562798,101.0,29.0,387.0,14.0,531.0,115.0,416.0
EXP-A2,binary,M1,r4f1,noisy,113,462,True,27.44758150442478,2,0.5752212389380531,0.7264819587628866,0.9375,0.5154639175257731,0.24193548387096775,0.38461538461538464,0.31734271556316723,0.7448453608247423,0.33595985713770554,15.0,47.0,50.0,1.0,113.0,16.0,97.0
EXP-A2,binary,M1,r4f2,clean,555,2763,True,29.949389286486486,2,0.8792792792792793,0.8824621003848874,0.8879310344827587,0.876993166287016,0.6560509554140127,0.7545787545787546,0.6905391309713264,0.9604705050663734,0.8670241843860925,103.0,54.0,385.0,13.0,555.0,116.0,439.0
EXP-A2,binary,M1,r4f2,low_quality_other,3,15,False,31.939355333333328,1,1.0,0.5,0.0,1.0,0.0,0.0,,,,0.0,0.0,3.0,0.0,3.0,0.0,3.0
EXP-A2,binary,M1,r4f2,noisy,89,462,True,32.30650229213484,2,0.6292134831460674,0.5543664383561644,0.4375,0.6712328767123288,0.22580645161290322,0.2978723404255319,0.08763699062584393,0.6686643835616439,0.24053103948440976,7.0,24.0,49.0,9.0,89.0,16.0,73.0
EXP-A2,binary,M1,r4f3,clean,580,2763,True,29.925905437931032,2,0.8948275862068965,0.9090579710144928,0.9333333333333333,0.8847826086956522,0.6787878787878788,0.7859649122807018,0.7345449442794786,0.9534782608695651,0.8036161976416455,112.0,53.0,407.0,8.0,580.0,120.0,460.0
EXP-A2,binary,M1,r4f3,low_quality_other,8,15,False,35.7659065,1,0.375,0.1875,0.0,0.375,0.0,0.0,,,,0.0,5.0,3.0,0.0,8.0,0.0,8.0
EXP-A2,binary,M1,r4f3,noisy,63,462,True,31.583516936507944,2,0.6349206349206349,0.6229166666666667,0.6,0.6458333333333334,0.34615384615384615,0.43902439024390244,0.21267648901862418,0.7263888888888889,0.4322151289405262,9.0,17.0,31.0,6.0,63.0,15.0,48.0
EXP-A2,binary,M1,r4f4,clean,539,2763,True,29.970207254174394,2,0.8979591836734694,0.8844442165709598,0.8608695652173913,0.9080188679245284,0.717391304347826,0.782608695652174,0.7217444393443734,0.9277481542247745,0.7623268558376844,99.0,39.0,385.0,16.0,539.0,115.0,424.0
EXP-A2,binary,M1,r4f4,noisy,104,462,True,33.28152283653846,2,0.5961538461538461,0.45454545454545453,0.25,0.6590909090909091,0.11764705882352941,0.16,-0.0699230178027249,0.42542613636363635,0.13981165017840957,4.0,30.0,58.0,12.0,104.0,16.0,88.0
EXP-A2,binary,M3,r0f0,clean,559,2763,True,30.94760786583184,2,0.8354203935599285,0.7971797235023041,0.728,0.8663594470046083,0.610738255033557,0.6642335766423357,0.5600979442388236,0.8960184331797235,0.6432330510836204,91.0,58.0,376.0,34.0,559.0,125.0,434.0
EXP-A2,binary,M3,r0f0,low_quality_other,4,15,False,34.4195965,1,1.0,0.5,0.0,1.0,0.0,0.0,,,,0.0,0.0,4.0,0.0,4.0,0.0,4.0
EXP-A2,binary,M3,r0f0,noisy,84,462,True,34.381897011904755,2,0.8452380952380952,0.461038961038961,0.0,0.922077922077922,0.0,0.0,-0.08362420100070908,0.719851576994434,0.14943598695516855,0.0,6.0,71.0,7.0,84.0,7.0,77.0
EXP-A2,binary,M3,r0f1,clean,532,2763,True,31.62390868045113,2,0.9116541353383458,0.8437387796481297,0.7256637168141593,0.9618138424821002,0.8367346938775511,0.7772511848341233,0.7253487334901115,0.9686358164192028,0.866386644761235,82.0,16.0,403.0,31.0,532.0,113.0,419.0
EXP-A2,binary,M3,r0f1,low_quality_other,1,15,False,20.833255,1,1.0,0.5,0.0,1.0,0.0,0.0,,,,0.0,0.0,1.0,0.0,1.0,0.0,1.0
EXP-A2,binary,M3,r0f1,noisy,118,462,True,30.333105432203393,2,0.7966101694915254,0.5031909671084929,0.047619047619047616,0.9587628865979382,0.2,0.07692307692307693,0.012117795355782677,0.6224840451644575,0.2685705225278477,1.0,4.0,93.0,20.0,118.0,21.0,97.0
EXP-A2,binary,M3,r0f2,clean,529,2763,True,29.556630431001892,2,0.9035916824196597,0.8171580107452817,0.6764705882352942,0.9578454332552693,0.7931034482758621,0.7301587301587301,0.675070209642784,0.9425540708086513,0.8092046956243493,69.0,18.0,409.0,33.0,529.0,102.0,427.0
EXP-A2,binary,M3,r0f2,noisy,115,462,True,31.292833530434784,2,0.7217391304347827,0.516840417000802,0.10344827586206896,0.9302325581395349,0.3333333333333333,0.15789473684210525,0.0544573964241631,0.6704089815557338,0.36215204163451076,3.0,6.0,80.0,26.0,115.0,29.0,86.0
EXP-A2,binary,M3,r0f3,clean,554,2763,True,28.793460967509024,2,0.9133574007220217,0.8552478384517016,0.7520661157024794,0.9584295612009238,0.8348623853211009,0.7913043478260869,0.7384223253803514,0.9586776859504134,0.8481033107413247,91.0,18.0,415.0,30.0,554.0,121.0,433.0
EXP-A2,binary,M3,r0f3,low_quality_other,7,15,False,36.46351214285714,2,0.8571428571428571,0.9166666666666667,1.0,0.8333333333333334,0.5,0.6666666666666666,0.6454972243679028,1.0,1.0,1.0,1.0,5.0,0.0,7.0,1.0,6.0
EXP-A2,binary,M3,r0f3,noisy,94,462,True,31.493600308510636,2,0.8191489361702128,0.5413502109704641,0.13333333333333333,0.9493670886075949,0.3333333333333333,0.19047619047619047,0.12389390431701923,0.4531645569620253,0.26620471936562445,2.0,4.0,75.0,13.0,94.0,15.0,79.0
EXP-A2,binary,M3,r0f4,clean,589,2763,True,28.795450446519528,2,0.8879456706281834,0.8657667791526059,0.8267716535433071,0.9047619047619048,0.7046979865771812,0.7608695652173914,0.6920502494299552,0.9390360295872107,0.7283805004963522,105.0,44.0,418.0,22.0,589.0,127.0,462.0
EXP-A2,binary,M3,r0f4,low_quality_other,3,15,False,19.684973333333332,1,0.6666666666666666,0.6666666666666666,0.6666666666666666,,1.0,0.8,,,,2.0,0.0,0.0,1.0,3.0,3.0,0.0
EXP-A2,binary,M3,r0f4,noisy,51,462,True,25.678846960784313,2,0.9215686274509803,0.96,1.0,0.92,0.2,0.3333333333333333,0.4289522117905444,1.0,1.0,1.0,4.0,46.0,0.0,51.0,1.0,50.0
EXP-A2,binary,M3,r1f0,clean,523,2763,True,29.908973933078396,2,0.8355640535372849,0.78556344356578,0.7009345794392523,0.8701923076923077,0.5813953488372093,0.635593220338983,0.5344759823439815,0.9012401150251618,0.6110018478247782,75.0,54.0,362.0,32.0,523.0,107.0,416.0
EXP-A2,binary,M3,r1f0,low_quality_other,4,15,False,19.972043749999997,2,0.25,0.5,0.0,1.0,0.0,0.0,0.0,1.0,1.0,0.0,0.0,1.0,3.0,4.0,3.0,1.0
EXP-A2,binary,M3,r1f0,noisy,120,462,True,32.11873609166666,2,0.8,0.5074211502782932,0.045454545454545456,0.9693877551020408,0.25,0.07692307692307693,0.03199385776890596,0.6052875695732839,0.26014513819529816,1.0,3.0,95.0,21.0,120.0,22.0,98.0
EXP-A2,binary,M3,r1f1,clean,563,2763,True,29.769992783303728,2,0.8703374777975134,0.7982309501065471,0.6693548387096774,0.9271070615034168,0.7217391304347827,0.694560669456067,0.6131092710295757,0.9377250349033728,0.8101421089713359,83.0,32.0,407.0,41.0,563.0,124.0,439.0
EXP-A2,binary,M3,r1f1,low_quality_other,3,15,False,31.939355333333328,1,1.0,0.5,0.0,1.0,0.0,0.0,,,,0.0,0.0,3.0,0.0,3.0,0.0,3.0
EXP-A2,binary,M3,r1f1,noisy,89,462,True,29.141129067415733,2,0.797752808988764,0.6017316017316017,0.3333333333333333,0.8701298701298701,0.2857142857142857,0.3076923076923077,0.1908654032135941,0.6764069264069265,0.24991190524593376,4.0,10.0,67.0,8.0,89.0,12.0,77.0
EXP-A2,binary,M3,r1f2,clean,559,2763,True,30.01991357781753,2,0.9194991055456172,0.8507734912146676,0.7310924369747899,0.9704545454545455,0.87,0.7945205479452054,0.7492905185355344,0.9711229946524064,0.9061332611573124,87.0,13.0,427.0,32.0,559.0,119.0,440.0
EXP-A2,binary,M3,r1f2,low_quality_other,4,15,False,41.500502499999996,1,0.5,0.25,0.0,0.5,0.0,0.0,,,,0.0,2.0,2.0,0.0,4.0,0.0,4.0
EXP-A2,binary,M3,r1f2,noisy,81,462,True,33.96288733333333,2,0.8148148148148148,0.4782608695652174,0.0,0.9565217391304348,0.0,0.0,-0.08178608201095307,0.538647342995169,0.16710163726257685,0.0,3.0,66.0,12.0,81.0,12.0,69.0
EXP-A2,binary,M3,r1f3,clean,549,2763,True,30.965463584699457,2,0.8706739526411658,0.8062062937062937,0.6916666666666667,0.9207459207459208,0.7094017094017094,0.70042194092827,0.6180570623778271,0.9411810411810411,0.7041301934943373,83.0,34.0,395.0,37.0,549.0,120.0,429.0
EXP-A2,binary,M3,r1f3,noisy,102,462,True,27.932300745098033,2,0.8431372549019608,0.5218390804597701,0.06666666666666667,0.9770114942528736,0.3333333333333333,0.1111111111111111,0.09155696231414948,0.4306513409961686,0.20379084825269778,1.0,2.0,85.0,14.0,102.0,15.0,87.0
EXP-A2,binary,M3,r1f4,clean,569,2763,True,28.975600878734625,2,0.9209138840070299,0.9000526137772934,0.864406779661017,0.9356984478935698,0.7786259541984732,0.8192771084337349,0.7705550648997803,0.9611597579766245,0.8213558903796635,102.0,29.0,422.0,16.0,569.0,118.0,451.0
EXP-A2,binary,M3,r1f4,low_quality_other,4,15,False,32.77572375,2,1.0,1.0,1.0,1.0,1.0,1.0,1.0,1.0,1.0,1.0,0.0,3.0,0.0,4.0,1.0,3.0
EXP-A2,binary,M3,r1f4,noisy,70,462,True,32.688341457142855,2,0.7857142857142857,0.47413793103448276,0.0,0.9482758620689655,0.0,0.0,-0.09624980365728482,0.7514367816091954,0.2950953862348397,0.0,3.0,55.0,12.0,70.0,12.0,58.0
EXP-A2,binary,M3,r2f0,clean,524,2763,True,29.65613513931298,2,0.8606870229007634,0.8035343504558996,0.7075471698113207,0.8995215311004785,0.6410256410256411,0.672645739910314,0.5855834314319286,0.9199241671932834,0.6537594863439736,75.0,42.0,376.0,31.0,524.0,106.0,418.0
EXP-A2,binary,M3,r2f0,low_quality_other,2,15,False,28.715833500000002,1,1.0,0.5,0.0,1.0,0.0,0.0,,,,0.0,0.0,2.0,0.0,2.0,0.0,2.0
EXP-A2,binary,M3,r2f0,noisy,118,462,True,32.46775722033898,2,0.7627118644067796,0.5131182795698925,0.08,0.946236559139785,0.2857142857142857,0.125,0.04538453049380047,0.5819354838709677,0.250992039955964,2.0,5.0,88.0,23.0,118.0,25.0,93.0
EXP-A2,binary,M3,r2f1,clean,566,2763,True,29.197608250883395,2,0.8975265017667845,0.8603788214443953,0.7950819672131147,0.9256756756756757,0.7461538461538462,0.7698412698412699,0.7046050247410491,0.9513550435681583,0.802954100190879,97.0,33.0,411.0,25.0,566.0,122.0,444.0
EXP-A2,binary,M3,r2f1,low_quality_other,1,15,False,31.810908,1,1.0,1.0,1.0,,1.0,1.0,,,,1.0,0.0,0.0,0.0,1.0,1.0,0.0
EXP-A2,binary,M3,r2f1,noisy,84,462,True,33.341621273809515,2,0.8095238095238095,0.5043586550435866,0.09090909090909091,0.9178082191780822,0.14285714285714285,0.1111111111111111,0.010640104290557324,0.5765877957658779,0.23476856272472507,1.0,6.0,67.0,10.0,84.0,11.0,73.0
EXP-A2,binary,M3,r2f2,clean,562,2763,True,30.526720889679723,2,0.9039145907473309,0.8314000589188393,0.7016129032258065,0.9611872146118722,0.8365384615384616,0.7631578947368421,0.7077519362021315,0.9472676388275151,0.8678590362406366,87.0,17.0,421.0,37.0,562.0,124.0,438.0
EXP-A2,binary,M3,r2f2,low_quality_other,7,15,False,37.402868,1,1.0,0.5,0.0,1.0,0.0,0.0,,,,0.0,0.0,7.0,0.0,7.0,0.0,7.0
EXP-A2,binary,M3,r2f2,noisy,86,462,True,30.668453976744182,2,0.8604651162790697,0.6016859852476291,0.23076923076923078,0.9726027397260274,0.6,0.3333333333333333,0.31131259469980965,0.7966280295047419,0.4460581368828463,3.0,2.0,71.0,10.0,86.0,13.0,73.0
EXP-A2,binary,M3,r2f3,clean,560,2763,True,30.586988523214288,2,0.9107142857142857,0.8688933200398803,0.7966101694915254,0.9411764705882353,0.7833333333333333,0.7899159663865546,0.7332734554187578,0.9560740854359997,0.7845032956279756,94.0,26.0,416.0,24.0,560.0,118.0,442.0
EXP-A2,binary,M3,r2f3,low_quality_other,2,15,False,31.3467875,1,1.0,0.5,0.0,1.0,0.0,0.0,,,,0.0,0.0,2.0,0.0,2.0,0.0,2.0
EXP-A2,binary,M3,r2f3,noisy,81,462,True,30.92603458024692,2,0.7901234567901234,0.5016968325791855,0.07692307692307693,0.9264705882352942,0.16666666666666666,0.10526315789473684,0.004756514941544941,0.7432126696832578,0.3115113294501118,1.0,5.0,63.0,12.0,81.0,13.0,68.0
EXP-A2,binary,M3,r2f4,clean,551,2763,True,29.620318704174228,2,0.8856624319419237,0.8255274591928602,0.7203389830508474,0.930715935334873,0.7391304347826086,0.7296137339055794,0.6572194553169951,0.9401691000900302,0.7130194558354651,85.0,30.0,403.0,33.0,551.0,118.0,433.0
EXP-A2,binary,M3,r2f4,low_quality_other,3,15,False,19.684973333333332,1,0.6666666666666666,0.6666666666666666,0.6666666666666666,,1.0,0.8,,,,2.0,0.0,0.0,1.0,3.0,3.0,0.0
EXP-A2,binary,M3,r2f4,noisy,93,462,True,27.545095569892474,2,0.8602150537634409,0.4878048780487805,0.0,0.975609756097561,0.0,0.0,-0.05429798560678074,0.41685144124168516,0.10746625681573735,0.0,2.0,80.0,11.0,93.0,11.0,82.0
EXP-A2,binary,M3,r3f0,clean,547,2763,True,30.49767334917733,2,0.8409506398537477,0.7612840631063866,0.6296296296296297,0.8929384965831435,0.591304347826087,0.6098654708520179,0.5105006047524825,0.9069644815658482,0.629023347310657,68.0,47.0,392.0,40.0,547.0,108.0,439.0
EXP-A2,binary,M3,r3f0,noisy,97,462,True,32.73444115463918,2,0.7216494845360825,0.47297297297297297,0.0,0.9459459459459459,0.0,0.0,-0.11562096227152761,0.5775558166862514,0.26995317876708236,0.0,4.0,70.0,23.0,97.0,23.0,74.0
EXP-A2,binary,M3,r3f1,clean,575,2763,True,30.718259490434782,2,0.9060869565217391,0.8731684981684982,0.8166666666666667,0.9296703296703297,0.7538461538461538,0.784,0.7250694551505161,0.954029304029304,0.7895442984932287,98.0,32.0,423.0,22.0,575.0,120.0,455.0
EXP-A2,binary,M3,r3f1,low_quality_other,1,15,False,20.833255,1,1.0,0.5,0.0,1.0,0.0,0.0,,,,0.0,0.0,1.0,0.0,1.0,0.0,1.0
EXP-A2,binary,M3,r3f1,noisy,71,462,True,28.745303084507043,2,0.7746478873239436,0.4992937853107345,0.08333333333333333,0.9152542372881356,0.16666666666666666,0.1111111111111111,-0.001903053806676342,0.6384180790960452,0.2637732563135789,1.0,5.0,54.0,11.0,71.0,12.0,59.0
EXP-A2,binary,M3,r3f2,clean,558,2763,True,29.27824563620072,2,0.9068100358422939,0.8652073732718895,0.7903225806451613,0.9400921658986175,0.7903225806451613,0.7903225806451613,0.7304147465437788,0.9545116693920024,0.8365221583184799,98.0,26.0,408.0,26.0,558.0,124.0,434.0
EXP-A2,binary,M3,r3f2,low_quality_other,1,15,False,41.86032,1,1.0,0.5,0.0,1.0,0.0,0.0,,,,0.0,0.0,1.0,0.0,1.0,0.0,1.0
EXP-A2,binary,M3,r3f2,noisy,96,462,True,31.597966218750003,2,0.875,0.6785714285714286,0.4166666666666667,0.9404761904761905,0.5,0.45454545454545453,0.38665444666985027,0.7847222222222222,0.49698426471628965,5.0,5.0,79.0,7.0,96.0,12.0,84.0
EXP-A2,binary,M3,r3f3,clean,563,2763,True,30.497444957371226,2,0.9182948490230906,0.8620826709062003,0.7647058823529411,0.9594594594594594,0.8348623853211009,0.7982456140350878,0.7482755007088778,0.9593459005223712,0.8148575615315156,91.0,18.0,426.0,28.0,563.0,119.0,444.0
EXP-A2,binary,M3,r3f3,low_quality_other,5,15,False,39.562583599999996,2,0.6,0.75,1.0,0.5,0.3333333333333333,0.5,0.4082482904638631,1.0,1.0,1.0,2.0,2.0,0.0,5.0,1.0,4.0
EXP-A2,binary,M3,r3f3,noisy,83,462,True,32.44802554216867,2,0.7951807228915663,0.4852941176470588,0.0,0.9705882352941176,0.0,0.0,-0.0738012404616746,0.5343137254901961,0.19178798185877557,0.0,2.0,66.0,15.0,83.0,15.0,68.0
EXP-A2,binary,M3,r3f4,clean,520,2763,True,28.497381340384614,2,0.8942307692307693,0.8134822167080231,0.6666666666666666,0.9602977667493796,0.8297872340425532,0.7393364928909952,0.6803300160160268,0.941019278488261,0.8056170163001565,78.0,16.0,387.0,39.0,520.0,117.0,403.0
EXP-A2,binary,M3,r3f4,low_quality_other,8,15,False,26.538081625,2,1.0,1.0,1.0,1.0,1.0,1.0,1.0,1.0,1.0,3.0,0.0,5.0,0.0,8.0,3.0,5.0
EXP-A2,binary,M3,r3f4,noisy,115,462,True,29.50724419130435,2,0.8956521739130435,0.5358391608391608,0.09090909090909091,0.9807692307692307,0.3333333333333333,0.14285714285714285,0.13226081711120546,0.5314685314685315,0.18991127328336155,1.0,2.0,102.0,10.0,115.0,11.0,104.0
EXP-A2,binary,M3,r4f0,clean,558,2763,True,30.33845090322581,2,0.8494623655913979,0.8151225748232817,0.7540983606557377,0.8761467889908257,0.6301369863013698,0.6865671641791045,0.5926627558056561,0.9134456309219431,0.669295828449617,92.0,54.0,382.0,30.0,558.0,122.0,436.0
EXP-A2,binary,M3,r4f0,low_quality_other,4,15,False,22.716457,1,0.25,0.25,0.25,,1.0,0.4,,,,1.0,0.0,0.0,3.0,4.0,4.0,0.0
EXP-A2,binary,M3,r4f0,noisy,93,462,True,31.2708162795699,2,0.8602150537634409,0.5259036144578313,0.1,0.9518072289156626,0.2,0.13333333333333333,0.07115461467456073,0.7493975903614458,0.29423966384492706,1.0,4.0,79.0,9.0,93.0,10.0,83.0
EXP-A2,binary,M3,r4f1,clean,531,2763,True,29.396334990583807,2,0.9058380414312618,0.8360890468227424,0.7130434782608696,0.9591346153846154,0.8282828282828283,0.7663551401869159,0.7109195698568243,0.9447115384615385,0.8119750622689846,82.0,17.0,399.0,33.0,531.0,115.0,416.0
EXP-A2,binary,M3,r4f1,noisy,113,462,True,27.44758150442478,2,0.7964601769911505,0.4900128865979381,0.0625,0.9175257731958762,0.1111111111111111,0.08,-0.025720411407228475,0.5625,0.17187047654835785,1.0,8.0,89.0,15.0,113.0,16.0,97.0
EXP-A2,binary,M3,r4f2,clean,555,2763,True,29.949389286486486,2,0.8864864864864865,0.8172472704422276,0.6982758620689655,0.9362186788154897,0.7431192660550459,0.72,0.6493942908950286,0.9481384023250333,0.8154976312027225,81.0,28.0,411.0,35.0,555.0,116.0,439.0
EXP-A2,binary,M3,r4f2,low_quality_other,3,15,False,31.939355333333328,1,1.0,0.5,0.0,1.0,0.0,0.0,,,,0.0,0.0,3.0,0.0,3.0,0.0,3.0
EXP-A2,binary,M3,r4f2,noisy,89,462,True,32.30650229213484,2,0.7752808988764045,0.4726027397260274,0.0,0.9452054794520548,0.0,0.0,-0.10155915857950933,0.6917808219178083,0.26851503687300093,0.0,4.0,69.0,16.0,89.0,16.0,73.0
EXP-A2,binary,M3,r4f3,clean,580,2763,True,29.925905437931032,2,0.903448275862069,0.8621376811594202,0.7916666666666666,0.9326086956521739,0.753968253968254,0.7723577235772358,0.7114756677404962,0.9490398550724637,0.7929055097333261,95.0,31.0,429.0,25.0,580.0,120.0,460.0
EXP-A2,binary,M3,r4f3,low_quality_other,8,15,False,35.7659065,1,1.0,0.5,0.0,1.0,0.0,0.0,,,,0.0,0.0,8.0,0.0,8.0,0.0,8.0
EXP-A2,binary,M3,r4f3,noisy,63,462,True,31.583516936507944,2,0.8253968253968254,0.65625,0.3333333333333333,0.9791666666666666,0.8333333333333334,0.47619047619047616,0.4534226563187573,0.7138888888888889,0.5461527078332824,5.0,1.0,47.0,10.0,63.0,15.0,48.0
EXP-A2,binary,M3,r4f4,clean,539,2763,True,29.970207254174394,2,0.8979591836734694,0.8337469237079573,0.7217391304347827,0.9457547169811321,0.7830188679245284,0.751131221719457,0.6879901724611063,0.9362182116488925,0.7251448555949993,83.0,23.0,401.0,32.0,539.0,115.0,424.0
EXP-A2,binary,M3,r4f4,noisy,104,462,True,33.28152283653846,2,0.7692307692307693,0.48011363636363635,0.0625,0.8977272727272727,0.1,0.07692307692307693,-0.0486768843658541,0.48011363636363635,0.14927967892110572,1.0,9.0,79.0,15.0,104.0,16.0,88.0
EXP-A2,binary,M4,r0f0,clean,559,2763,True,30.94760786583184,2,0.8318425760286225,0.8375944700460829,0.848,0.8271889400921659,0.585635359116022,0.6928104575163399,0.6012291152170783,0.9196129032258065,0.7334194799324891,106.0,75.0,359.0,19.0,559.0,125.0,434.0
EXP-A2,binary,M4,r0f0,low_quality_other,4,15,False,34.4195965,1,0.75,0.375,0.0,0.75,0.0,0.0,,,,0.0,1.0,3.0,0.0,4.0,0.0,4.0
EXP-A2,binary,M4,r0f0,noisy,84,462,True,34.381897011904755,2,0.8452380952380952,0.8506493506493507,0.8571428571428571,0.8441558441558441,0.3333333333333333,0.48,0.47237749297333015,0.8645640074211502,0.283289726146869,6.0,12.0,65.0,1.0,84.0,7.0,77.0
EXP-A2,binary,M4,r0f1,clean,532,2763,True,31.62390868045113,2,0.9154135338345865,0.9107546412655501,0.9026548672566371,0.918854415274463,0.75,0.8192771084337349,0.7702676545239289,0.977337529304919,0.9206555899074635,102.0,34.0,385.0,11.0,532.0,113.0,419.0
EXP-A2,binary,M4,r0f1,low_quality_other,1,15,False,20.833255,1,1.0,0.5,0.0,1.0,0.0,0.0,,,,0.0,0.0,1.0,0.0,1.0,0.0,1.0
EXP-A2,binary,M4,r0f1,noisy,118,462,True,30.333105432203393,2,0.7796610169491526,0.5675012272950417,0.23809523809523808,0.8969072164948454,0.3333333333333333,0.2777777777777778,0.15501471902609693,0.6131566028473245,0.32135997092923724,5.0,10.0,87.0,16.0,118.0,21.0,97.0
EXP-A2,binary,M4,r0f2,clean,529,2763,True,29.556630431001892,2,0.9376181474480151,0.8942003030720485,0.8235294117647058,0.9648711943793911,0.8484848484848485,0.835820895522388,0.7974604396322044,0.9771547963447674,0.9099335993095564,84.0,15.0,412.0,18.0,529.0,102.0,427.0
EXP-A2,binary,M4,r0f2,noisy,115,462,True,31.292833530434784,2,0.7565217391304347,0.5743785084202085,0.20689655172413793,0.9418604651162791,0.5454545454545454,0.3,0.21964062599444834,0.7269446672012831,0.47698863893811283,6.0,5.0,81.0,23.0,115.0,29.0,86.0
EXP-A2,binary,M4,r0f3,clean,554,2763,True,28.793460967509024,2,0.9043321299638989,0.897114118298246,0.8842975206611571,0.9099307159353349,0.7328767123287672,0.8014981273408239,0.7448613623946249,0.9677056095279903,0.8974234196645292,107.0,39.0,394.0,14.0,554.0,121.0,433.0
EXP-A2,binary,M4,r0f3,low_quality_other,7,15,False,36.46351214285714,2,0.42857142857142855,0.6666666666666666,1.0,0.3333333333333333,0.2,0.3333333333333333,0.2581988897471611,0.6666666666666667,0.3333333333333333,1.0,4.0,2.0,0.0,7.0,1.0,6.0
EXP-A2,binary,M4,r0f3,noisy,94,462,True,31.493600308510636,2,0.6702127659574468,0.479746835443038,0.2,0.759493670886076,0.13636363636363635,0.16216216216216217,-0.03503518971839255,0.38059071729957805,0.23172263783867064,3.0,19.0,60.0,12.0,94.0,15.0,79.0
EXP-A2,binary,M4,r0f4,clean,589,2763,True,28.795450446519528,2,0.8913412563667232,0.910752633193578,0.9448818897637795,0.8766233766233766,0.6779661016949152,0.7894736842105263,0.7368820185247071,0.951085659747077,0.8044736818475475,120.0,57.0,405.0,7.0,589.0,127.0,462.0
EXP-A2,binary,M4,r0f4,low_quality_other,3,15,False,19.684973333333332,1,0.3333333333333333,0.3333333333333333,0.3333333333333333,,1.0,0.5,,,,1.0,0.0,0.0,2.0,3.0,3.0,0.0
EXP-A2,binary,M4,r0f4,noisy,51,462,True,25.678846960784313,2,0.9215686274509803,0.96,1.0,0.92,0.2,0.3333333333333333,0.4289522117905444,1.0,1.0,1.0,4.0,46.0,0.0,51.0,1.0,50.0
EXP-A2,binary,M4,r1f0,clean,523,2763,True,29.908973933078396,2,0.8049713193116634,0.8392231308411215,0.897196261682243,0.78125,0.5133689839572193,0.6530612244897959,0.5710361019239535,0.9098445363048167,0.6537507295773415,96.0,91.0,325.0,11.0,523.0,107.0,416.0
EXP-A2,binary,M4,r1f0,low_quality_other,4,15,False,19.972043749999997,2,0.25,0.5,0.0,1.0,0.0,0.0,0.0,1.0,1.0,0.0,0.0,1.0,3.0,4.0,3.0,1.0
EXP-A2,binary,M4,r1f0,noisy,120,462,True,32.11873609166666,2,0.7083333333333334,0.6451762523191095,0.5454545454545454,0.7448979591836735,0.32432432432432434,0.4067796610169492,0.24328203881129695,0.6989795918367347,0.424953801907809,12.0,25.0,73.0,10.0,120.0,22.0,98.0
EXP-A2,binary,M4,r1f1,clean,563,2763,True,29.769992783303728,2,0.9005328596802842,0.8812458667058565,0.8467741935483871,0.9157175398633257,0.7394366197183099,0.7894736842105263,0.7276005559228846,0.9612388860313028,0.8453953393960859,105.0,37.0,402.0,19.0,563.0,124.0,439.0
EXP-A2,binary,M4,r1f1,low_quality_other,3,15,False,31.939355333333328,1,1.0,0.5,0.0,1.0,0.0,0.0,,,,0.0,0.0,3.0,0.0,3.0,0.0,3.0
EXP-A2,binary,M4,r1f1,noisy,89,462,True,29.141129067415733,2,0.7640449438202247,0.6174242424242424,0.4166666666666667,0.8181818181818182,0.2631578947368421,0.3225806451612903,0.19574826785955463,0.711038961038961,0.43235507385952326,5.0,14.0,63.0,7.0,89.0,12.0,77.0
EXP-A2,binary,M4,r1f2,clean,559,2763,True,30.01991357781753,2,0.9266547406082289,0.9074293353705118,0.8739495798319328,0.9409090909090909,0.8,0.8353413654618473,0.7895539086590587,0.9810542398777693,0.9396901717424649,104.0,26.0,414.0,15.0,559.0,119.0,440.0
EXP-A2,binary,M4,r1f2,low_quality_other,4,15,False,41.500502499999996,1,1.0,0.5,0.0,1.0,0.0,0.0,,,,0.0,0.0,4.0,0.0,4.0,0.0,4.0
EXP-A2,binary,M4,r1f2,noisy,81,462,True,33.96288733333333,2,0.7901234567901234,0.5670289855072463,0.25,0.8840579710144928,0.2727272727272727,0.2608695652173913,0.13901525088066377,0.6702898550724637,0.24067926765848038,3.0,8.0,61.0,9.0,81.0,12.0,69.0
EXP-A2,binary,M4,r1f3,clean,549,2763,True,30.965463584699457,2,0.8979963570127505,0.8777097902097902,0.8416666666666667,0.9137529137529138,0.7318840579710145,0.7829457364341085,0.7196926253113092,0.9548562548562548,0.8129692246783566,101.0,37.0,392.0,19.0,549.0,120.0,429.0
EXP-A2,binary,M4,r1f3,noisy,102,462,True,27.932300745098033,2,0.7843137254901961,0.48735632183908045,0.06666666666666667,0.9080459770114943,0.1111111111111111,0.08333333333333333,-0.031575188727146916,0.3524904214559387,0.17758749479082392,1.0,8.0,79.0,14.0,102.0,15.0,87.0
EXP-A2,binary,M4,r1f4,clean,569,2763,True,28.975600878734625,2,0.8945518453427065,0.9178379495659363,0.9576271186440678,0.8780487804878049,0.6726190476190477,0.7902097902097902,0.7427460053077379,0.9708745161411553,0.879451218226421,113.0,55.0,396.0,5.0,569.0,118.0,451.0
EXP-A2,binary,M4,r1f4,low_quality_other,4,15,False,32.77572375,2,1.0,1.0,1.0,1.0,1.0,1.0,1.0,1.0,1.0,1.0,0.0,3.0,0.0,4.0,1.0,3.0
EXP-A2,binary,M4,r1f4,noisy,70,462,True,32.688341457142855,2,0.7428571428571429,0.646551724137931,0.5,0.7931034482758621,0.3333333333333333,0.4,0.25274793921627237,0.7629310344827587,0.43014166230992495,6.0,12.0,46.0,6.0,70.0,12.0,58.0
EXP-A2,binary,M4,r2f0,clean,524,2763,True,29.65613513931298,2,0.8263358778625954,0.8277737654599622,0.8301886792452831,0.8253588516746412,0.546583850931677,0.6591760299625468,0.5707934869831992,0.9247765640516385,0.7219555637958659,88.0,73.0,345.0,18.0,524.0,106.0,418.0
EXP-A2,binary,M4,r2f0,low_quality_other,2,15,False,28.715833500000002,1,1.0,0.5,0.0,1.0,0.0,0.0,,,,0.0,0.0,2.0,0.0,2.0,0.0,2.0
EXP-A2,binary,M4,r2f0,noisy,118,462,True,32.46775722033898,2,0.8135593220338984,0.6477419354838709,0.36,0.9354838709677419,0.6,0.45,0.3624774688722391,0.6387096774193548,0.41872360718465046,9.0,6.0,87.0,16.0,118.0,25.0,93.0
EXP-A2,binary,M4,r2f1,clean,566,2763,True,29.197608250883395,2,0.8939929328621908,0.899737852606705,0.9098360655737705,0.8896396396396397,0.69375,0.7872340425531915,0.7300517780785664,0.9614347954511888,0.86259579775685,111.0,49.0,395.0,11.0,566.0,122.0,444.0
EXP-A2,binary,M4,r2f1,low_quality_other,1,15,False,31.810908,1,1.0,1.0,1.0,,1.0,1.0,,,,1.0,0.0,0.0,0.0,1.0,1.0,0.0
EXP-A2,binary,M4,r2f1,noisy,84,462,True,33.341621273809515,2,0.75,0.5087173100871731,0.18181818181818182,0.8356164383561644,0.14285714285714285,0.16,0.01578182506843426,0.6164383561643836,0.20182296846266518,2.0,12.0,61.0,9.0,84.0,11.0,73.0
EXP-A2,binary,M4,r2f2,clean,562,2763,True,30.526720889679723,2,0.8932384341637011,0.9141626159964649,0.9516129032258065,0.8767123287671232,0.686046511627907,0.7972972972972973,0.7453362803423316,0.9761746943585211,0.9108530941112573,118.0,54.0,384.0,6.0,562.0,124.0,438.0
EXP-A2,binary,M4,r2f2,low_quality_other,7,15,False,37.402868,1,0.42857142857142855,0.21428571428571427,0.0,0.42857142857142855,0.0,0.0,,,,0.0,4.0,3.0,0.0,7.0,0.0,7.0
EXP-A2,binary,M4,r2f2,noisy,86,462,True,30.668453976744182,2,0.6046511627906976,0.6090621707060063,0.6153846153846154,0.6027397260273972,0.21621621621621623,0.32,0.1578113871252352,0.7186512118018968,0.449395104006088,8.0,29.0,44.0,5.0,86.0,13.0,73.0
EXP-A2,binary,M4,r2f3,clean,560,2763,True,30.586988523214288,2,0.9160714285714285,0.8971355165273411,0.864406779661017,0.9298642533936652,0.7669172932330827,0.8127490039840638,0.7611690209921397,0.9596786563386763,0.8165011784602003,102.0,31.0,411.0,16.0,560.0,118.0,442.0
EXP-A2,binary,M4,r2f3,low_quality_other,2,15,False,31.3467875,1,1.0,0.5,0.0,1.0,0.0,0.0,,,,0.0,0.0,2.0,0.0,2.0,0.0,2.0
EXP-A2,binary,M4,r2f3,noisy,81,462,True,30.92603458024692,2,0.9012345679012346,0.7234162895927603,0.46153846153846156,0.9852941176470589,0.8571428571428571,0.6,0.5837220288012758,0.7556561085972852,0.4891659482767081,6.0,1.0,67.0,7.0,81.0,13.0,68.0
EXP-A2,binary,M4,r2f4,clean,551,2763,True,29.620318704174228,2,0.9092558983666061,0.8867773124045877,0.847457627118644,0.9260969976905312,0.7575757575757576,0.8,0.7435016928833591,0.9609934630289271,0.8343292033041033,100.0,32.0,401.0,18.0,551.0,118.0,433.0
EXP-A2,binary,M4,r2f4,low_quality_other,3,15,False,19.684973333333332,1,0.0,0.0,0.0,,0.0,0.0,,,,0.0,0.0,0.0,3.0,3.0,3.0,0.0
EXP-A2,binary,M4,r2f4,noisy,93,462,True,27.545095569892474,2,0.8172043010752689,0.4634146341463415,0.0,0.926829268292683,0.0,0.0,-0.09618457165815669,0.4113082039911308,0.11179872657811717,0.0,6.0,76.0,11.0,93.0,11.0,82.0
EXP-A2,binary,M4,r3f0,clean,547,2763,True,30.49767334917733,2,0.8610603290676416,0.8575887960853792,0.8518518518518519,0.8633257403189066,0.6052631578947368,0.7076923076923077,0.6355323980486399,0.9298067999662534,0.7314711979503105,92.0,60.0,379.0,16.0,547.0,108.0,439.0
EXP-A2,binary,M4,r3f0,noisy,97,462,True,32.73444115463918,2,0.7319587628865979,0.5396592244418331,0.17391304347826086,0.9054054054054054,0.36363636363636365,0.23529411764705882,0.10639186511812779,0.636310223266745,0.33690819537297706,4.0,7.0,67.0,19.0,97.0,23.0,74.0
EXP-A2,binary,M4,r3f1,clean,575,2763,True,30.718259490434782,2,0.9234782608695652,0.9240384615384616,0.925,0.9230769230769231,0.7602739726027398,0.8345864661654135,0.7918200476240458,0.9621794871794872,0.8500638071768706,111.0,35.0,420.0,9.0,575.0,120.0,455.0
EXP-A2,binary,M4,r3f1,low_quality_other,1,15,False,20.833255,1,1.0,0.5,0.0,1.0,0.0,0.0,,,,0.0,0.0,1.0,0.0,1.0,0.0,1.0
EXP-A2,binary,M4,r3f1,noisy,71,462,True,28.745303084507043,2,0.8169014084507042,0.6906779661016949,0.5,0.8813559322033898,0.46153846153846156,0.48,0.36954000672661363,0.635593220338983,0.4405345714133719,6.0,7.0,52.0,6.0,71.0,12.0,59.0
EXP-A2,binary,M4,r3f2,clean,558,2763,True,29.27824563620072,2,0.8888888888888888,0.896889400921659,0.9112903225806451,0.8824884792626728,0.6890243902439024,0.7847222222222222,0.7244112214904783,0.9646945146424855,0.8670065846592311,113.0,51.0,383.0,11.0,558.0,124.0,434.0
EXP-A2,binary,M4,r3f2,low_quality_other,1,15,False,41.86032,1,1.0,0.5,0.0,1.0,0.0,0.0,,,,0.0,0.0,1.0,0.0,1.0,0.0,1.0
EXP-A2,binary,M4,r3f2,noisy,96,462,True,31.597966218750003,2,0.78125,0.6964285714285714,0.5833333333333334,0.8095238095238095,0.30434782608695654,0.4,0.30439644200932836,0.7718253968253969,0.5685230996118509,7.0,16.0,68.0,5.0,96.0,12.0,84.0
EXP-A2,binary,M4,r3f3,clean,563,2763,True,30.497444957371226,2,0.9005328596802842,0.9031058369293663,0.907563025210084,0.8986486486486487,0.7058823529411765,0.7941176470588235,0.7399057534668843,0.9628094481035658,0.8487044419163706,108.0,45.0,399.0,11.0,563.0,119.0,444.0
EXP-A2,binary,M4,r3f3,low_quality_other,5,15,False,39.562583599999996,2,0.2,0.5,1.0,0.0,0.2,0.3333333333333333,0.0,1.0,1.0,1.0,4.0,0.0,0.0,5.0,1.0,4.0
EXP-A2,binary,M4,r3f3,noisy,83,462,True,32.44802554216867,2,0.6626506024096386,0.5602941176470588,0.4,0.7205882352941176,0.24,0.3,0.10113955173397443,0.5235294117647058,0.21136731224507777,6.0,19.0,49.0,9.0,83.0,15.0,68.0
EXP-A2,binary,M4,r3f4,clean,520,2763,True,28.497381340384614,2,0.8923076923076924,0.8759305210918114,0.8461538461538461,0.9057071960297767,0.7226277372262774,0.7795275590551181,0.7127272533885405,0.9610400627770355,0.8530963242910479,99.0,38.0,365.0,18.0,520.0,117.0,403.0
EXP-A2,binary,M4,r3f4,low_quality_other,8,15,False,26.538081625,2,0.625,0.5,0.0,1.0,0.0,0.0,0.0,0.6666666666666666,0.5333333333333333,0.0,0.0,5.0,3.0,8.0,3.0,5.0
EXP-A2,binary,M4,r3f4,noisy,115,462,True,29.50724419130435,2,0.8782608695652174,0.5668706293706294,0.18181818181818182,0.9519230769230769,0.2857142857142857,0.2222222222222222,0.1645195529919873,0.6022727272727273,0.25467075478507634,2.0,5.0,99.0,9.0,115.0,11.0,104.0
EXP-A2,binary,M4,r4f0,clean,558,2763,True,30.33845090322581,2,0.8458781362007168,0.8482478568205745,0.8524590163934426,0.8440366972477065,0.6046511627906976,0.7074829931972789,0.6234243084789665,0.9213603549405927,0.735237724119802,104.0,68.0,368.0,18.0,558.0,122.0,436.0
EXP-A2,binary,M4,r4f0,low_quality_other,4,15,False,22.716457,1,0.25,0.25,0.25,,1.0,0.4,,,,1.0,0.0,0.0,3.0,4.0,4.0,0.0
EXP-A2,binary,M4,r4f0,noisy,93,462,True,31.2708162795699,2,0.7956989247311828,0.6216867469879519,0.4,0.8433734939759037,0.23529411764705882,0.2962962962962963,0.19506577001336634,0.6662650602409639,0.4509788935482796,4.0,13.0,70.0,6.0,93.0,10.0,83.0
EXP-A2,binary,M4,r4f1,clean,531,2763,True,29.396334990583807,2,0.9058380414312618,0.8990071070234114,0.8869565217391304,0.9110576923076923,0.7338129496402878,0.8031496062992126,0.7477488931226066,0.975041806020067,0.9046041947813461,102.0,37.0,379.0,13.0,531.0,115.0,416.0
EXP-A2,binary,M4,r4f1,noisy,113,462,True,27.44758150442478,2,0.7079646017699115,0.647229381443299,0.5625,0.7319587628865979,0.2571428571428571,0.35294117647058826,0.22201842533112218,0.7512886597938144,0.46341422928531695,9.0,26.0,71.0,7.0,113.0,16.0,97.0
EXP-A2,binary,M4,r4f2,clean,555,2763,True,29.949389286486486,2,0.9063063063063063,0.8900322048542926,0.8620689655172413,0.9179954441913439,0.7352941176470589,0.7936507936507936,0.7374205783820441,0.9666758306495954,0.8839795119919748,100.0,36.0,403.0,16.0,555.0,116.0,439.0
EXP-A2,binary,M4,r4f2,low_quality_other,3,15,False,31.939355333333328,1,1.0,0.5,0.0,1.0,0.0,0.0,,,,0.0,0.0,3.0,0.0,3.0,0.0,3.0
EXP-A2,binary,M4,r4f2,noisy,89,462,True,32.30650229213484,2,0.8314606741573034,0.6288527397260274,0.3125,0.9452054794520548,0.5555555555555556,0.4,0.3282304181242799,0.6566780821917808,0.33927060225977057,5.0,4.0,69.0,11.0,89.0,16.0,73.0
EXP-A2,binary,M4,r4f3,clean,580,2763,True,29.925905437931032,2,0.9017241379310345,0.9041666666666667,0.9083333333333333,0.9,0.7032258064516129,0.7927272727272727,0.7399454652794372,0.9609420289855073,0.8427237016552221,109.0,46.0,414.0,11.0,580.0,120.0,460.0
EXP-A2,binary,M4,r4f3,low_quality_other,8,15,False,35.7659065,1,0.375,0.1875,0.0,0.375,0.0,0.0,,,,0.0,5.0,3.0,0.0,8.0,0.0,8.0
EXP-A2,binary,M4,r4f3,noisy,63,462,True,31.583516936507944,2,0.7619047619047619,0.6375,0.4,0.875,0.5,0.4444444444444444,0.29827937950065225,0.6277777777777778,0.5213763831877436,6.0,6.0,42.0,9.0,63.0,15.0,48.0
EXP-A2,binary,M4,r4f4,clean,539,2763,True,29.970207254174394,2,0.8905380333951762,0.8765586546349466,0.8521739130434782,0.9009433962264151,0.7,0.7686274509803922,0.7036294561647412,0.9517432321575062,0.8095509130556796,98.0,42.0,382.0,17.0,539.0,115.0,424.0
EXP-A2,binary,M4,r4f4,noisy,104,462,True,33.28152283653846,2,0.6826923076923077,0.5056818181818181,0.25,0.7613636363636364,0.16,0.1951219512195122,0.009594781857618334,0.4474431818181818,0.17179769756108249,4.0,21.0,67.0,12.0,104.0,16.0,88.0
EXP-A2,binary,M5,r0f0,clean,559,2763,True,30.94760786583184,2,0.8425760286225402,0.8074838709677419,0.744,0.8709677419354839,0.6241610738255033,0.6788321167883211,0.5795182860592866,0.9163870967741935,0.7643107358151418,93.0,56.0,378.0,32.0,559.0,125.0,434.0
EXP-A2,binary,M5,r0f0,low_quality_other,4,15,False,34.4195965,1,1.0,0.5,0.0,1.0,0.0,0.0,,,,0.0,0.0,4.0,0.0,4.0,0.0,4.0
EXP-A2,binary,M5,r0f0,noisy,84,462,True,34.381897011904755,2,0.8928571428571429,0.551948051948052,0.14285714285714285,0.961038961038961,0.25,0.18181818181818182,0.13483997249264842,0.8497217068645639,0.29497486640343784,1.0,3.0,74.0,6.0,84.0,7.0,77.0
EXP-A2,binary,M5,r0f1,clean,532,2763,True,31.62390868045113,2,0.924812030075188,0.900563921684584,0.8584070796460177,0.9427207637231504,0.8016528925619835,0.8290598290598291,0.7816898325590484,0.9728599488879971,0.912793858292331,97.0,24.0,395.0,16.0,532.0,113.0,419.0
EXP-A2,binary,M5,r0f1,low_quality_other,1,15,False,20.833255,1,1.0,0.5,0.0,1.0,0.0,0.0,,,,0.0,0.0,1.0,0.0,1.0,0.0,1.0
EXP-A2,binary,M5,r0f1,noisy,118,462,True,30.333105432203393,2,0.7966101694915254,0.5591556210112911,0.19047619047619047,0.9278350515463918,0.36363636363636365,0.25,0.1556443272588257,0.5567010309278351,0.2726381165664248,4.0,7.0,90.0,17.0,118.0,21.0,97.0
EXP-A2,binary,M5,r0f2,clean,529,2763,True,29.556630431001892,2,0.9338374291115312,0.8769343803095009,0.7843137254901961,0.9695550351288056,0.8602150537634409,0.8205128205128205,0.7813130019764299,0.9752950360472058,0.912790635655341,80.0,13.0,414.0,22.0,529.0,102.0,427.0
EXP-A2,binary,M5,r0f2,noisy,115,462,True,31.292833530434784,2,0.8,0.6377305533279872,0.3103448275862069,0.9651162790697675,0.75,0.43902439024390244,0.3912904758188587,0.768644747393745,0.5588132584833908,9.0,3.0,83.0,20.0,115.0,29.0,86.0
EXP-A2,binary,M5,r0f3,clean,554,2763,True,28.793460967509024,2,0.9043321299638989,0.9000916152921192,0.8925619834710744,0.9076212471131639,0.7297297297297297,0.8029739776951673,0.747191984735215,0.9696524344855229,0.895178685727506,108.0,40.0,393.0,13.0,554.0,121.0,433.0
EXP-A2,binary,M5,r0f3,low_quality_other,7,15,False,36.46351214285714,2,0.5714285714285714,0.75,1.0,0.5,0.25,0.4,0.3535533905932738,1.0,1.0,1.0,3.0,3.0,0.0,7.0,1.0,6.0
EXP-A2,binary,M5,r0f3,noisy,94,462,True,31.493600308510636,2,0.648936170212766,0.4940928270042194,0.26666666666666666,0.7215189873417721,0.15384615384615385,0.1951219512195122,-0.009672254830588234,0.46244725738396625,0.2407103577089003,4.0,22.0,57.0,11.0,94.0,15.0,79.0
EXP-A2,binary,M5,r0f4,clean,589,2763,True,28.795450446519528,2,0.8777589134125636,0.8992398677438047,0.937007874015748,0.8614718614718615,0.6502732240437158,0.7677419354838709,0.7095748030208336,0.9462453556941747,0.7461149281404664,119.0,64.0,398.0,8.0,589.0,127.0,462.0
EXP-A2,binary,M5,r0f4,low_quality_other,3,15,False,19.684973333333332,1,0.3333333333333333,0.3333333333333333,0.3333333333333333,,1.0,0.5,,,,1.0,0.0,0.0,2.0,3.0,3.0,0.0
EXP-A2,binary,M5,r0f4,noisy,51,462,True,25.678846960784313,2,0.7647058823529411,0.88,1.0,0.76,0.07692307692307693,0.14285714285714285,0.24178820993079556,1.0,1.0,1.0,12.0,38.0,0.0,51.0,1.0,50.0
EXP-A2,binary,M5,r1f0,clean,523,2763,True,29.908973933078396,2,0.8068833652007649,0.836954079798706,0.8878504672897196,0.7860576923076923,0.5163043478260869,0.6529209621993127,0.5692860061020967,0.9135514018691588,0.6772760985620653,95.0,89.0,327.0,12.0,523.0,107.0,416.0
EXP-A2,binary,M5,r1f0,low_quality_other,4,15,False,19.972043749999997,2,0.25,0.5,0.0,1.0,0.0,0.0,0.0,0.6666666666666666,0.9166666666666665,0.0,0.0,1.0,3.0,4.0,3.0,1.0
EXP-A2,binary,M5,r1f0,noisy,120,462,True,32.11873609166666,2,0.7083333333333334,0.609925788497217,0.45454545454545453,0.7653061224489796,0.30303030303030304,0.36363636363636365,0.19051859371411814,0.6934137291280148,0.4855004527725949,10.0,23.0,75.0,12.0,120.0,22.0,98.0
EXP-A2,binary,M5,r1f1,clean,563,2763,True,29.769992783303728,2,0.8969804618117229,0.8673947387758101,0.8145161290322581,0.9202733485193622,0.7426470588235294,0.7769230769230769,0.7114143799786591,0.9598060107281946,0.8458372502672116,101.0,35.0,404.0,23.0,563.0,124.0,439.0
EXP-A2,binary,M5,r1f1,low_quality_other,3,15,False,31.939355333333328,1,1.0,0.5,0.0,1.0,0.0,0.0,,,,0.0,0.0,3.0,0.0,3.0,0.0,3.0
EXP-A2,binary,M5,r1f1,noisy,89,462,True,29.141129067415733,2,0.7865168539325843,0.6304112554112554,0.4166666666666667,0.8441558441558441,0.29411764705882354,0.3448275862068966,0.22661588442857952,0.6450216450216449,0.3662650546854049,5.0,12.0,65.0,7.0,89.0,12.0,77.0
EXP-A2,binary,M5,r1f2,clean,559,2763,True,30.01991357781753,2,0.9427549194991055,0.9176566080977846,0.8739495798319328,0.9613636363636363,0.859504132231405,0.8666666666666667,0.8302701632809634,0.9828495034377387,0.9468742311150652,104.0,17.0,423.0,15.0,559.0,119.0,440.0
EXP-A2,binary,M5,r1f2,low_quality_other,4,15,False,41.500502499999996,1,1.0,0.5,0.0,1.0,0.0,0.0,,,,0.0,0.0,4.0,0.0,4.0,0.0,4.0
EXP-A2,binary,M5,r1f2,noisy,81,462,True,33.96288733333333,2,0.7777777777777778,0.5253623188405797,0.16666666666666666,0.8840579710144928,0.2,0.18181818181818182,0.054777845611811,0.678743961352657,0.255238794998682,2.0,8.0,61.0,10.0,81.0,12.0,69.0
EXP-A2,binary,M5,r1f3,clean,549,2763,True,30.965463584699457,2,0.8943533697632058,0.8843822843822844,0.8666666666666667,0.9020979020979021,0.7123287671232876,0.7819548872180451,0.719090708639896,0.9498445998445998,0.7589645168994987,104.0,42.0,387.0,16.0,549.0,120.0,429.0
EXP-A2,binary,M5,r1f3,noisy,102,462,True,27.932300745098033,2,0.7450980392156863,0.464367816091954,0.06666666666666667,0.8620689655172413,0.07692307692307693,0.07142857142857142,-0.0756852087732454,0.47126436781609193,0.20070205773577776,1.0,12.0,75.0,14.0,102.0,15.0,87.0
EXP-A2,binary,M5,r1f4,clean,569,2763,True,28.975600878734625,2,0.9068541300527241,0.9255984817167124,0.9576271186440678,0.893569844789357,0.7018633540372671,0.8100358422939068,0.7661544363674511,0.9717952572437897,0.8564010828225941,113.0,48.0,403.0,5.0,569.0,118.0,451.0
EXP-A2,binary,M5,r1f4,low_quality_other,4,15,False,32.77572375,2,1.0,1.0,1.0,1.0,1.0,1.0,1.0,1.0,1.0,1.0,0.0,3.0,0.0,4.0,1.0,3.0
EXP-A2,binary,M5,r1f4,noisy,70,462,True,32.688341457142855,2,0.7142857142857143,0.6623563218390804,0.5833333333333334,0.7413793103448276,0.3181818181818182,0.4117647058823529,0.2636160572417147,0.800287356321839,0.46422548720342843,7.0,15.0,43.0,5.0,70.0,12.0,58.0
EXP-A2,binary,M5,r2f0,clean,524,2763,True,29.65613513931298,2,0.8091603053435115,0.8310914507538143,0.8679245283018868,0.7942583732057417,0.5168539325842697,0.647887323943662,0.5616567536561924,0.9172609912431164,0.7044481269321323,92.0,86.0,332.0,14.0,524.0,106.0,418.0
EXP-A2,binary,M5,r2f0,low_quality_other,2,15,False,28.715833500000002,1,1.0,0.5,0.0,1.0,0.0,0.0,,,,0.0,0.0,2.0,0.0,2.0,0.0,2.0
EXP-A2,binary,M5,r2f0,noisy,118,462,True,32.46775722033898,2,0.7542372881355932,0.6393548387096775,0.44,0.8387096774193549,0.4230769230769231,0.43137254901960786,0.2747786209630466,0.6550537634408602,0.46775913595493934,11.0,15.0,78.0,14.0,118.0,25.0,93.0
EXP-A2,binary,M5,r2f1,clean,566,2763,True,29.197608250883395,2,0.901060070671378,0.9161312952296559,0.9426229508196722,0.8896396396396397,0.7012195121951219,0.8041958041958042,0.7543915647993341,0.9590348545266578,0.8271468064964477,115.0,49.0,395.0,7.0,566.0,122.0,444.0
EXP-A2,binary,M5,r2f1,low_quality_other,1,15,False,31.810908,1,1.0,1.0,1.0,,1.0,1.0,,,,1.0,0.0,0.0,0.0,1.0,1.0,0.0
EXP-A2,binary,M5,r2f1,noisy,84,462,True,33.341621273809515,2,0.6547619047619048,0.5697384806973848,0.45454545454545453,0.684931506849315,0.17857142857142858,0.2564102564102564,0.09981302570118993,0.6488169364881693,0.27871123752773064,5.0,23.0,50.0,6.0,84.0,11.0,73.0
EXP-A2,binary,M5,r2f2,clean,562,2763,True,30.526720889679723,2,0.9234875444839857,0.9075526587126234,0.8790322580645161,0.9360730593607306,0.7956204379562044,0.8352490421455939,0.7872394976513538,0.9764877006922963,0.9117867279791347,109.0,28.0,410.0,15.0,562.0,124.0,438.0
EXP-A2,binary,M5,r2f2,low_quality_other,7,15,False,37.402868,1,0.42857142857142855,0.21428571428571427,0.0,0.42857142857142855,0.0,0.0,,,,0.0,4.0,3.0,0.0,7.0,0.0,7.0
EXP-A2,binary,M5,r2f2,noisy,86,462,True,30.668453976744182,2,0.813953488372093,0.6691253951527925,0.46153846153846156,0.8767123287671232,0.4,0.42857142857142855,0.3192986793826215,0.7407797681770285,0.47866911729121625,6.0,9.0,64.0,7.0,86.0,13.0,73.0
EXP-A2,binary,M5,r2f3,clean,560,2763,True,30.586988523214288,2,0.9232142857142858,0.9171907354858502,0.9067796610169492,0.9276018099547512,0.7697841726618705,0.8326848249027238,0.7877135959659312,0.9632065342434235,0.8115547971320357,107.0,32.0,410.0,11.0,560.0,118.0,442.0
EXP-A2,binary,M5,r2f3,low_quality_other,2,15,False,31.3467875,1,1.0,0.5,0.0,1.0,0.0,0.0,,,,0.0,0.0,2.0,0.0,2.0,0.0,2.0
EXP-A2,binary,M5,r2f3,noisy,81,462,True,30.92603458024692,2,0.8148148148148148,0.6097285067873304,0.3076923076923077,0.9117647058823529,0.4,0.34782608695652173,0.2448761130681924,0.7296380090497737,0.3685726147336054,4.0,6.0,62.0,9.0,81.0,13.0,68.0
EXP-A2,binary,M5,r2f4,clean,551,2763,True,29.620318704174228,2,0.8947368421052632,0.8806219908404118,0.8559322033898306,0.9053117782909931,0.7112676056338029,0.7769230769230769,0.7140078684856617,0.9558656593729205,0.779763930646578,101.0,41.0,392.0,17.0,551.0,118.0,433.0
EXP-A2,binary,M5,r2f4,low_quality_other,3,15,False,19.684973333333332,1,0.0,0.0,0.0,,0.0,0.0,,,,0.0,0.0,0.0,3.0,3.0,3.0,0.0
EXP-A2,binary,M5,r2f4,noisy,93,462,True,27.545095569892474,2,0.7741935483870968,0.43902439024390244,0.0,0.8780487804878049,0.0,0.0,-0.127130680069247,0.5421286031042128,0.13273707339190666,0.0,10.0,72.0,11.0,93.0,11.0,82.0
EXP-A2,binary,M5,r3f0,clean,547,2763,True,30.49767334917733,2,0.8592321755027422,0.8599405213869906,0.8611111111111112,0.8587699316628702,0.6,0.7072243346007605,0.635910494638117,0.934025141314435,0.7494246295914533,93.0,62.0,377.0,15.0,547.0,108.0,439.0
EXP-A2,binary,M5,r3f0,noisy,97,462,True,32.73444115463918,2,0.7628865979381443,0.5599294947121034,0.17391304347826086,0.9459459459459459,0.5,0.25806451612903225,0.18531492267316907,0.6392479435957696,0.35060481467945886,4.0,4.0,70.0,19.0,97.0,23.0,74.0
EXP-A2,binary,M5,r3f1,clean,575,2763,True,30.718259490434782,2,0.9095652173913044,0.9121794871794872,0.9166666666666666,0.9076923076923077,0.7236842105263158,0.8088235294117647,0.7596625446344188,0.9567765567765568,0.7985720104640232,110.0,42.0,413.0,10.0,575.0,120.0,455.0
EXP-A2,binary,M5,r3f1,low_quality_other,1,15,False,20.833255,1,1.0,0.5,0.0,1.0,0.0,0.0,,,,0.0,0.0,1.0,0.0,1.0,0.0,1.0
EXP-A2,binary,M5,r3f1,noisy,71,462,True,28.745303084507043,2,0.676056338028169,0.6059322033898304,0.5,0.711864406779661,0.2608695652173913,0.34285714285714286,0.1696641530618447,0.6483050847457628,0.43677972927554803,6.0,17.0,42.0,6.0,71.0,12.0,59.0
EXP-A2,binary,M5,r3f2,clean,558,2763,True,29.27824563620072,2,0.8602150537634409,0.8957373271889402,0.9596774193548387,0.8317972350230415,0.6197916666666666,0.7531645569620253,0.6926304208471528,0.9617028393042961,0.859365138527023,119.0,73.0,361.0,5.0,558.0,124.0,434.0
EXP-A2,binary,M5,r3f2,low_quality_other,1,15,False,41.86032,1,1.0,0.5,0.0,1.0,0.0,0.0,,,,0.0,0.0,1.0,0.0,1.0,0.0,1.0
EXP-A2,binary,M5,r3f2,noisy,96,462,True,31.597966218750003,2,0.4895833333333333,0.5654761904761905,0.6666666666666666,0.4642857142857143,0.1509433962264151,0.24615384615384617,0.08709064411352155,0.7103174603174603,0.43477311306288347,8.0,45.0,39.0,4.0,96.0,12.0,84.0
EXP-A2,binary,M5,r3f3,clean,563,2763,True,30.497444957371226,2,0.8863232682060391,0.8879457188280717,0.8907563025210085,0.8851351351351351,0.6751592356687898,0.7681159420289855,0.7064038897851916,0.9544060867590279,0.787904299193075,106.0,51.0,393.0,13.0,563.0,119.0,444.0
EXP-A2,binary,M5,r3f3,low_quality_other,5,15,False,39.562583599999996,2,0.2,0.5,1.0,0.0,0.2,0.3333333333333333,0.0,1.0,1.0,1.0,4.0,0.0,0.0,5.0,1.0,4.0
EXP-A2,binary,M5,r3f3,noisy,83,462,True,32.44802554216867,2,0.3855421686746988,0.3911764705882353,0.4,0.38235294117647056,0.125,0.19047619047619047,-0.16958922195021908,0.38333333333333336,0.15679033112961305,6.0,42.0,26.0,9.0,83.0,15.0,68.0
EXP-A2,binary,M5,r3f4,clean,520,2763,True,28.497381340384614,2,0.9134615384615384,0.8865453542872898,0.8376068376068376,0.9354838709677419,0.7903225806451613,0.8132780082987552,0.7575607618244169,0.9643061652987212,0.8792631437997647,98.0,26.0,377.0,19.0,520.0,117.0,403.0
EXP-A2,binary,M5,r3f4,low_quality_other,8,15,False,26.538081625,2,0.625,0.5,0.0,1.0,0.0,0.0,0.0,0.8666666666666667,0.8055555555555556,0.0,0.0,5.0,3.0,8.0,3.0,5.0
EXP-A2,binary,M5,r3f4,noisy,115,462,True,29.50724419130435,2,0.8869565217391304,0.5310314685314685,0.09090909090909091,0.9711538461538461,0.25,0.13333333333333333,0.0996216777337075,0.541958041958042,0.1898667399354163,1.0,3.0,101.0,10.0,115.0,11.0,104.0
EXP-A2,binary,M5,r4f0,clean,558,2763,True,30.33845090322581,2,0.8207885304659498,0.8351443826139269,0.860655737704918,0.8096330275229358,0.5585106382978723,0.6774193548387096,0.5861453358476612,0.9156828094450292,0.7191637763319587,105.0,83.0,353.0,17.0,558.0,122.0,436.0
EXP-A2,binary,M5,r4f0,low_quality_other,4,15,False,22.716457,1,0.25,0.25,0.25,,1.0,0.4,,,,1.0,0.0,0.0,3.0,4.0,4.0,0.0
EXP-A2,binary,M5,r4f0,noisy,93,462,True,31.2708162795699,2,0.6881720430107527,0.6493975903614457,0.6,0.6987951807228916,0.1935483870967742,0.2926829268292683,0.19635227746952638,0.7469879518072289,0.40790157211209843,6.0,25.0,58.0,4.0,93.0,10.0,83.0
EXP-A2,binary,M5,r4f1,clean,531,2763,True,29.396334990583807,2,0.9416195856873822,0.9218436454849499,0.8869565217391304,0.9567307692307693,0.85,0.8680851063829788,0.8309321420051926,0.977675585284281,0.9141448190880023,102.0,18.0,398.0,13.0,531.0,115.0,416.0
EXP-A2,binary,M5,r4f1,noisy,113,462,True,27.44758150442478,2,0.7079646017699115,0.6733247422680413,0.625,0.7216494845360825,0.2702702702702703,0.37735849056603776,0.25753055217969534,0.7628865979381443,0.4325185861229524,10.0,27.0,70.0,6.0,113.0,16.0,97.0
EXP-A2,binary,M5,r4f2,clean,555,2763,True,29.949389286486486,2,0.8882882882882883,0.8913282538685099,0.896551724137931,0.8861047835990888,0.6753246753246753,0.7703703703703704,0.7107222450451913,0.960018851622025,0.8510627514945768,104.0,50.0,389.0,12.0,555.0,116.0,439.0
EXP-A2,binary,M5,r4f2,low_quality_other,3,15,False,31.939355333333328,1,1.0,0.5,0.0,1.0,0.0,0.0,,,,0.0,0.0,3.0,0.0,3.0,0.0,3.0
EXP-A2,binary,M5,r4f2,noisy,89,462,True,32.30650229213484,2,0.7415730337078652,0.6472602739726028,0.5,0.7945205479452054,0.34782608695652173,0.41025641025641024,0.25834563933435545,0.7200342465753424,0.3035854451544757,8.0,15.0,58.0,8.0,89.0,16.0,73.0
EXP-A2,binary,M5,r4f3,clean,580,2763,True,29.925905437931032,2,0.8948275862068965,0.8690217391304347,0.825,0.9130434782608695,0.7122302158273381,0.7644787644787645,0.7003655747361278,0.9573369565217391,0.837633698446884,99.0,40.0,420.0,21.0,580.0,120.0,460.0
EXP-A2,binary,M5,r4f3,low_quality_other,8,15,False,35.7659065,1,0.625,0.3125,0.0,0.625,0.0,0.0,,,,0.0,3.0,5.0,0.0,8.0,0.0,8.0
EXP-A2,binary,M5,r4f3,noisy,63,462,True,31.583516936507944,2,0.7619047619047619,0.6145833333333334,0.3333333333333333,0.8958333333333334,0.5,0.4,0.2671036121482477,0.6694444444444444,0.5315364523944519,5.0,5.0,43.0,10.0,63.0,15.0,48.0
EXP-A2,binary,M5,r4f4,clean,539,2763,True,29.970207254174394,2,0.8998144712430427,0.8761177194421657,0.8347826086956521,0.9174528301886793,0.732824427480916,0.7804878048780488,0.7184886449502432,0.9555988515176375,0.8046482797546709,96.0,35.0,389.0,19.0,539.0,115.0,424.0
EXP-A2,binary,M5,r4f4,noisy,104,462,True,33.28152283653846,2,0.7980769230769231,0.5738636363636364,0.25,0.8977272727272727,0.3076923076923077,0.27586206896551724,0.16116459280507606,0.47372159090909094,0.2061297394955925,4.0,9.0,79.0,12.0,104.0,16.0,88.0
EXP-A2,binary,M6,r0f0,clean,559,2763,True,30.94760786583184,2,0.8228980322003577,0.8432258064516129,0.88,0.8064516129032258,0.5670103092783505,0.6896551724137931,0.6008450724442896,0.9117972350230414,0.6899783621245107,110.0,84.0,350.0,15.0,559.0,125.0,434.0
EXP-A2,binary,M6,r0f0,low_quality_other,4,15,False,34.4195965,1,1.0,0.5,0.0,1.0,0.0,0.0,,,,0.0,0.0,4.0,0.0,4.0,0.0,4.0
EXP-A2,binary,M6,r0f0,noisy,84,462,True,34.381897011904755,2,0.7976190476190477,0.7597402597402598,0.7142857142857143,0.8051948051948052,0.25,0.37037037037037035,0.337099931231621,0.8107606679035251,0.21906010656010655,5.0,15.0,62.0,2.0,84.0,7.0,77.0
EXP-A2,binary,M6,r0f1,clean,532,2763,True,31.62390868045113,2,0.881578947368421,0.915126618370752,0.9734513274336283,0.8568019093078759,0.6470588235294118,0.7773851590106007,0.7282459274940992,0.9774642532789828,0.9085603571614086,110.0,60.0,359.0,3.0,532.0,113.0,419.0
EXP-A2,binary,M6,r0f1,low_quality_other,1,15,False,20.833255,1,1.0,0.5,0.0,1.0,0.0,0.0,,,,0.0,0.0,1.0,0.0,1.0,0.0,1.0
EXP-A2,binary,M6,r0f1,noisy,118,462,True,30.333105432203393,2,0.6016949152542372,0.5338733431516937,0.42857142857142855,0.6391752577319587,0.20454545454545456,0.27692307692307694,0.053584770351244905,0.5876288659793815,0.309310620948368,9.0,35.0,62.0,12.0,118.0,21.0,97.0
EXP-A2,binary,M6,r0f2,clean,529,2763,True,29.556630431001892,2,0.9376181474480151,0.9091243054598889,0.8627450980392157,0.955503512880562,0.822429906542056,0.8421052631578947,0.8036208310472008,0.9711622353859577,0.8837937577009984,88.0,19.0,408.0,14.0,529.0,102.0,427.0
EXP-A2,binary,M6,r0f2,noisy,115,462,True,31.292833530434784,2,0.7565217391304347,0.6086607858861267,0.3103448275862069,0.9069767441860465,0.5294117647058824,0.391304347826087,0.26589707716068234,0.7485966319165999,0.45986075743062654,9.0,8.0,78.0,20.0,115.0,29.0,86.0
EXP-A2,binary,M6,r0f3,clean,554,2763,True,28.793460967509024,2,0.9061371841155235,0.9042238466970778,0.9008264462809917,0.9076212471131639,0.7315436241610739,0.8074074074074075,0.7532999069693451,0.9720000763460768,0.8993143886433853,109.0,40.0,393.0,12.0,554.0,121.0,433.0
EXP-A2,binary,M6,r0f3,low_quality_other,7,15,False,36.46351214285714,2,0.42857142857142855,0.6666666666666666,1.0,0.3333333333333333,0.2,0.3333333333333333,0.2581988897471611,1.0,1.0,1.0,4.0,2.0,0.0,7.0,1.0,6.0
EXP-A2,binary,M6,r0f3,noisy,94,462,True,31.493600308510636,2,0.6914893617021277,0.4924050632911392,0.2,0.7848101265822784,0.15,0.17142857142857143,-0.01359197203238167,0.420253164556962,0.2592496313639124,3.0,17.0,62.0,12.0,94.0,15.0,79.0
EXP-A2,binary,M6,r0f4,clean,589,2763,True,28.795450446519528,2,0.8471986417657046,0.8968878890138733,0.984251968503937,0.8095238095238095,0.5868544600938967,0.7352941176470589,0.6794178714641175,0.9498926270579814,0.74734966801451,125.0,88.0,374.0,2.0,589.0,127.0,462.0
EXP-A2,binary,M6,r0f4,low_quality_other,3,15,False,19.684973333333332,1,1.0,1.0,1.0,,1.0,1.0,,,,3.0,0.0,0.0,0.0,3.0,3.0,0.0
EXP-A2,binary,M6,r0f4,noisy,51,462,True,25.678846960784313,2,0.6078431372549019,0.8,1.0,0.6,0.047619047619047616,0.09090909090909091,0.16903085094570333,1.0,1.0,1.0,20.0,30.0,0.0,51.0,1.0,50.0
EXP-A2,binary,M6,r1f0,clean,523,2763,True,29.908973933078396,2,0.847036328871893,0.8621944644140906,0.8878504672897196,0.8365384615384616,0.5828220858895705,0.7037037037037037,0.6309069415273113,0.9104735801581596,0.6312278239002149,95.0,68.0,348.0,12.0,523.0,107.0,416.0
EXP-A2,binary,M6,r1f0,low_quality_other,4,15,False,19.972043749999997,2,0.25,0.5,0.0,1.0,0.0,0.0,0.0,1.0,1.0,0.0,0.0,1.0,3.0,4.0,3.0,1.0
EXP-A2,binary,M6,r1f0,noisy,120,462,True,32.11873609166666,2,0.8166666666666667,0.6233766233766234,0.3181818181818182,0.9285714285714286,0.5,0.3888888888888889,0.2974200919578577,0.6943413729128015,0.4349746304677781,7.0,7.0,91.0,15.0,120.0,22.0,98.0
EXP-A2,binary,M6,r1f1,clean,563,2763,True,29.769992783303728,2,0.9023090586145648,0.8794915129693586,0.8387096774193549,0.9202733485193622,0.7482014388489209,0.7908745247148289,0.7294320434009401,0.955985009919906,0.8393114066198718,104.0,35.0,404.0,20.0,563.0,124.0,439.0
EXP-A2,binary,M6,r1f1,low_quality_other,3,15,False,31.939355333333328,1,1.0,0.5,0.0,1.0,0.0,0.0,,,,0.0,0.0,3.0,0.0,3.0,0.0,3.0
EXP-A2,binary,M6,r1f1,noisy,89,462,True,29.141129067415733,2,0.8202247191011236,0.6147186147186147,0.3333333333333333,0.8961038961038961,0.3333333333333333,0.3333333333333333,0.22943722943722944,0.7261904761904763,0.39507762966175425,4.0,8.0,69.0,8.0,89.0,12.0,77.0
EXP-A2,binary,M6,r1f2,clean,559,2763,True,30.01991357781753,2,0.924865831842576,0.9093582887700535,0.8823529411764706,0.9363636363636364,0.7894736842105263,0.8333333333333334,0.7870508332949129,0.9832696715049656,0.9456280373159626,105.0,28.0,412.0,14.0,559.0,119.0,440.0
EXP-A2,binary,M6,r1f2,low_quality_other,4,15,False,41.500502499999996,1,0.5,0.25,0.0,0.5,0.0,0.0,,,,0.0,2.0,2.0,0.0,4.0,0.0,4.0
EXP-A2,binary,M6,r1f2,noisy,81,462,True,33.96288733333333,2,0.8148148148148148,0.5126811594202898,0.08333333333333333,0.9420289855072463,0.2,0.11764705882352941,0.037437973111048836,0.6328502415458938,0.22645320446750872,1.0,4.0,65.0,11.0,81.0,12.0,69.0
EXP-A2,binary,M6,r1f3,clean,549,2763,True,30.965463584699457,2,0.8852459016393442,0.8815559440559441,0.875,0.8881118881118881,0.6862745098039216,0.7692307692307693,0.703419137926997,0.9474358974358975,0.7384991386019812,105.0,48.0,381.0,15.0,549.0,120.0,429.0
EXP-A2,binary,M6,r1f3,noisy,102,462,True,27.932300745098033,2,0.7450980392156863,0.464367816091954,0.06666666666666667,0.8620689655172413,0.07692307692307693,0.07142857142857142,-0.0756852087732454,0.39923371647509576,0.18725355210598038,1.0,12.0,75.0,14.0,102.0,15.0,87.0
EXP-A2,binary,M6,r1f4,clean,569,2763,True,28.975600878734625,2,0.8611599297012302,0.9092882107557594,0.9915254237288136,0.8270509977827051,0.6,0.7476038338658147,0.6992547074546742,0.9708557255064076,0.8630216801463552,117.0,78.0,373.0,1.0,569.0,118.0,451.0
EXP-A2,binary,M6,r1f4,low_quality_other,4,15,False,32.77572375,2,1.0,1.0,1.0,1.0,1.0,1.0,1.0,1.0,1.0,1.0,0.0,3.0,0.0,4.0,1.0,3.0
EXP-A2,binary,M6,r1f4,noisy,70,462,True,32.688341457142855,2,0.6142857142857143,0.6681034482758621,0.75,0.5862068965517241,0.2727272727272727,0.4,0.25383611116096755,0.764367816091954,0.35535543931271457,9.0,24.0,34.0,3.0,70.0,12.0,58.0
EXP-A2,binary,M6,r2f0,clean,524,2763,True,29.65613513931298,2,0.7900763358778626,0.8437753904486774,0.9339622641509434,0.7535885167464115,0.4900990099009901,0.6428571428571429,0.5674691188672578,0.9234675453642683,0.6881563298203874,99.0,103.0,315.0,7.0,524.0,106.0,418.0
EXP-A2,binary,M6,r2f0,low_quality_other,2,15,False,28.715833500000002,1,1.0,0.5,0.0,1.0,0.0,0.0,,,,0.0,0.0,2.0,0.0,2.0,0.0,2.0
EXP-A2,binary,M6,r2f0,noisy,118,462,True,32.46775722033898,2,0.635593220338983,0.5933333333333333,0.52,0.6666666666666666,0.29545454545454547,0.37681159420289856,0.15773789931796633,0.6335483870967742,0.349354594811521,13.0,31.0,62.0,12.0,118.0,25.0,93.0
EXP-A2,binary,M6,r2f1,clean,566,2763,True,29.197608250883395,2,0.8780918727915195,0.9014916555900163,0.9426229508196722,0.8603603603603603,0.6497175141242938,0.7692307692307693,0.7122238058860747,0.9630039875941515,0.8480175396248739,115.0,62.0,382.0,7.0,566.0,122.0,444.0
EXP-A2,binary,M6,r2f1,low_quality_other,1,15,False,31.810908,1,1.0,1.0,1.0,,1.0,1.0,,,,1.0,0.0,0.0,0.0,1.0,1.0,0.0
EXP-A2,binary,M6,r2f1,noisy,84,462,True,33.341621273809515,2,0.6904761904761905,0.47447073474470736,0.18181818181818182,0.7671232876712328,0.10526315789473684,0.13333333333333333,-0.04117111277427491,0.5815691158156912,0.23626141852012877,2.0,17.0,56.0,9.0,84.0,11.0,73.0
EXP-A2,binary,M6,r2f2,clean,562,2763,True,30.526720889679723,2,0.891459074733096,0.9072396523788482,0.9354838709677419,0.8789954337899544,0.6863905325443787,0.7918088737201365,0.7365264098078573,0.9744439534541169,0.9181109656265993,116.0,53.0,385.0,8.0,562.0,124.0,438.0
EXP-A2,binary,M6,r2f2,low_quality_other,7,15,False,37.402868,1,0.42857142857142855,0.21428571428571427,0.0,0.42857142857142855,0.0,0.0,,,,0.0,4.0,3.0,0.0,7.0,0.0,7.0
EXP-A2,binary,M6,r2f2,noisy,86,462,True,30.668453976744182,2,0.6627906976744186,0.738145416227608,0.8461538461538461,0.6301369863013698,0.2894736842105263,0.43137254901960786,0.3435523405162731,0.7386722866174922,0.3970298990168332,11.0,27.0,46.0,2.0,86.0,13.0,73.0
EXP-A2,binary,M6,r2f3,clean,560,2763,True,30.586988523214288,2,0.9,0.9304394508781348,0.9830508474576272,0.8778280542986425,0.6823529411764706,0.8055555555555556,0.7635499243739143,0.9652772451875145,0.8008436702289007,116.0,54.0,388.0,2.0,560.0,118.0,442.0
EXP-A2,binary,M6,r2f3,low_quality_other,2,15,False,31.3467875,1,1.0,0.5,0.0,1.0,0.0,0.0,,,,0.0,0.0,2.0,0.0,2.0,0.0,2.0
EXP-A2,binary,M6,r2f3,noisy,81,462,True,30.92603458024692,2,0.7530864197530864,0.666289592760181,0.5384615384615384,0.7941176470588235,0.3333333333333333,0.4117647058823529,0.27857101420419017,0.7884615384615385,0.44417278555047846,7.0,14.0,54.0,6.0,81.0,13.0,68.0
EXP-A2,binary,M6,r2f4,clean,551,2763,True,29.620318704174228,2,0.9092558983666061,0.896024973578111,0.8728813559322034,0.9191685912240185,0.7463768115942029,0.8046875,0.7499338417144148,0.9523818843699847,0.7526234298536224,103.0,35.0,398.0,15.0,551.0,118.0,433.0
EXP-A2,binary,M6,r2f4,low_quality_other,3,15,False,19.684973333333332,1,0.0,0.0,0.0,,0.0,0.0,,,,0.0,0.0,0.0,3.0,3.0,3.0,0.0
EXP-A2,binary,M6,r2f4,noisy,93,462,True,27.545095569892474,2,0.7741935483870968,0.43902439024390244,0.0,0.8780487804878049,0.0,0.0,-0.127130680069247,0.47006651884700656,0.11587947487670339,0.0,10.0,72.0,11.0,93.0,11.0,82.0
EXP-A2,binary,M6,r3f0,clean,547,2763,True,30.49767334917733,2,0.8446069469835467,0.8787543237998818,0.9351851851851852,0.8223234624145785,0.5642458100558659,0.7038327526132404,0.642660056799519,0.9234792879439805,0.6752344223849391,101.0,78.0,361.0,7.0,547.0,108.0,439.0
EXP-A2,binary,M6,r3f0,noisy,97,462,True,32.73444115463918,2,0.6701030927835051,0.5440658049353702,0.30434782608695654,0.7837837837837838,0.30434782608695654,0.30434782608695654,0.0881316098707403,0.6257344300822562,0.3263452647368961,7.0,16.0,58.0,16.0,97.0,23.0,74.0
EXP-A2,binary,M6,r3f1,clean,575,2763,True,30.718259490434782,2,0.9147826086956522,0.9246794871794872,0.9416666666666667,0.9076923076923077,0.7290322580645161,0.8218181818181818,0.777852240517633,0.958003663003663,0.805922318144964,113.0,42.0,413.0,7.0,575.0,120.0,455.0
EXP-A2,binary,M6,r3f1,low_quality_other,1,15,False,20.833255,1,1.0,0.5,0.0,1.0,0.0,0.0,,,,0.0,0.0,1.0,0.0,1.0,0.0,1.0
EXP-A2,binary,M6,r3f1,noisy,71,462,True,28.745303084507043,2,0.7323943661971831,0.6398305084745763,0.5,0.7796610169491526,0.3157894736842105,0.3870967741935484,0.23673915281088506,0.6398305084745763,0.3486656687406524,6.0,13.0,46.0,6.0,71.0,12.0,59.0
EXP-A2,binary,M6,r3f2,clean,558,2763,True,29.27824563620072,2,0.8566308243727598,0.9078341013824884,1.0,0.815668202764977,0.6078431372549019,0.7560975609756098,0.7041294762525789,0.9688011000445964,0.8641774726617422,124.0,80.0,354.0,0.0,558.0,124.0,434.0
EXP-A2,binary,M6,r3f2,low_quality_other,1,15,False,41.86032,1,0.0,0.0,0.0,0.0,0.0,0.0,,,,0.0,1.0,0.0,0.0,1.0,0.0,1.0
EXP-A2,binary,M6,r3f2,noisy,96,462,True,31.597966218750003,2,0.5208333333333334,0.6190476190476191,0.75,0.4880952380952381,0.17307692307692307,0.28125,0.1580348853102535,0.8025793650793651,0.5441517451321373,9.0,43.0,41.0,3.0,96.0,12.0,84.0
EXP-A2,binary,M6,r3f3,clean,563,2763,True,30.497444957371226,2,0.8827708703374778,0.907222348398819,0.9495798319327731,0.8648648648648649,0.653179190751445,0.773972602739726,0.7207276944545811,0.9647588765235824,0.8308925138758634,113.0,60.0,384.0,6.0,563.0,119.0,444.0
EXP-A2,binary,M6,r3f3,low_quality_other,5,15,False,39.562583599999996,2,0.2,0.5,1.0,0.0,0.2,0.3333333333333333,0.0,1.0,1.0,1.0,4.0,0.0,0.0,5.0,1.0,4.0
EXP-A2,binary,M6,r3f3,noisy,83,462,True,32.44802554216867,2,0.4578313253012048,0.4612745098039216,0.4666666666666667,0.45588235294117646,0.1590909090909091,0.23728813559322035,-0.059712927517352014,0.49411764705882355,0.18976984539243152,7.0,37.0,31.0,8.0,83.0,15.0,68.0
EXP-A2,binary,M6,r3f4,clean,520,2763,True,28.497381340384614,2,0.8961538461538462,0.8905431486076647,0.8803418803418803,0.9007444168734491,0.7202797202797203,0.7923076923076923,0.7304757097135809,0.9613581896460308,0.8431945508885792,103.0,40.0,363.0,14.0,520.0,117.0,403.0
EXP-A2,binary,M6,r3f4,low_quality_other,8,15,False,26.538081625,2,1.0,1.0,1.0,1.0,1.0,1.0,1.0,1.0,1.0,3.0,0.0,5.0,0.0,8.0,3.0,5.0
EXP-A2,binary,M6,r3f4,noisy,115,462,True,29.50724419130435,2,0.7739130434782608,0.5091783216783217,0.18181818181818182,0.8365384615384616,0.10526315789473684,0.13333333333333333,0.014537638507763462,0.5655594405594406,0.20095053662383544,2.0,17.0,87.0,9.0,115.0,11.0,104.0
EXP-A2,binary,M6,r4f0,clean,558,2763,True,30.33845090322581,2,0.8458781362007168,0.8689088584749587,0.9098360655737705,0.8279816513761468,0.5967741935483871,0.7207792207792207,0.6469106448834555,0.9199315686569409,0.7019232313332271,111.0,75.0,361.0,11.0,558.0,122.0,436.0
EXP-A2,binary,M6,r4f0,low_quality_other,4,15,False,22.716457,1,0.25,0.25,0.25,,1.0,0.4,,,,1.0,0.0,0.0,3.0,4.0,4.0,0.0
EXP-A2,binary,M6,r4f0,noisy,93,462,True,31.2708162795699,2,0.8172043010752689,0.677710843373494,0.5,0.8554216867469879,0.29411764705882354,0.37037037037037035,0.28487327798981715,0.772289156626506,0.38757631257631253,5.0,12.0,71.0,5.0,93.0,10.0,83.0
EXP-A2,binary,M6,r4f1,clean,531,2763,True,29.396334990583807,2,0.8983050847457628,0.9067830267558529,0.9217391304347826,0.8918269230769231,0.7019867549668874,0.7969924812030075,0.7428619819101421,0.9720526755852843,0.867207457937829,106.0,45.0,371.0,9.0,531.0,115.0,416.0
EXP-A2,binary,M6,r4f1,noisy,113,462,True,27.44758150442478,2,0.5221238938053098,0.6172680412371134,0.75,0.4845360824742268,0.1935483870967742,0.3076923076923077,0.1643140091962914,0.7416237113402062,0.3996291389772825,12.0,50.0,47.0,4.0,113.0,16.0,97.0
EXP-A2,binary,M6,r4f2,clean,555,2763,True,29.949389286486486,2,0.8936936936936937,0.8915737176969603,0.8879310344827587,0.8952164009111617,0.6912751677852349,0.7773584905660378,0.7185361684656826,0.9643782892153012,0.8727562958732933,103.0,46.0,393.0,13.0,555.0,116.0,439.0
EXP-A2,binary,M6,r4f2,low_quality_other,3,15,False,31.939355333333328,1,1.0,0.5,0.0,1.0,0.0,0.0,,,,0.0,0.0,3.0,0.0,3.0,0.0,3.0
EXP-A2,binary,M6,r4f2,noisy,89,462,True,32.30650229213484,2,0.8089887640449438,0.6151541095890412,0.3125,0.9178082191780822,0.45454545454545453,0.37037037037037035,0.2687120948688255,0.6952054794520548,0.3201193484943723,5.0,6.0,67.0,11.0,89.0,16.0,73.0
EXP-A2,binary,M6,r4f3,clean,580,2763,True,29.925905437931032,2,0.8810344827586207,0.9096014492753624,0.9583333333333334,0.8608695652173913,0.6424581005586593,0.7692307692307693,0.7183933728766694,0.9628079710144928,0.8247831308860427,115.0,64.0,396.0,5.0,580.0,120.0,460.0
EXP-A2,binary,M6,r4f3,low_quality_other,8,15,False,35.7659065,1,0.375,0.1875,0.0,0.375,0.0,0.0,,,,0.0,5.0,3.0,0.0,8.0,0.0,8.0
EXP-A2,binary,M6,r4f3,noisy,63,462,True,31.583516936507944,2,0.6984126984126984,0.5958333333333333,0.4,0.7916666666666666,0.375,0.3870967741935484,0.18754432100286464,0.6736111111111112,0.5616304325149433,6.0,10.0,38.0,9.0,63.0,15.0,48.0
EXP-A2,binary,M6,r4f4,clean,539,2763,True,29.970207254174394,2,0.8886827458256029,0.8880537325676785,0.8869565217391304,0.8891509433962265,0.6845637583892618,0.7727272727272727,0.7109323416536749,0.950512715340443,0.7793425801798232,102.0,47.0,377.0,13.0,539.0,115.0,424.0
EXP-A2,binary,M6,r4f4,noisy,104,462,True,33.28152283653846,2,0.6634615384615384,0.5198863636363636,0.3125,0.7272727272727273,0.1724137931034483,0.2222222222222222,0.03200052246177461,0.48011363636363635,0.1773740047627506,5.0,24.0,64.0,11.0,104.0,16.0,88.0
EXP-A2,binary,M7,r0f0,clean,559,2763,True,30.94760786583184,2,0.817531305903399,0.8369216589861751,0.872,0.8018433179723502,0.558974358974359,0.68125,0.5891024106286363,0.9114285714285714,0.6897852804062545,109.0,86.0,348.0,16.0,559.0,125.0,434.0
EXP-A2,binary,M7,r0f0,low_quality_other,4,15,False,34.4195965,1,1.0,0.5,0.0,1.0,0.0,0.0,,,,0.0,0.0,4.0,0.0,4.0,0.0,4.0
EXP-A2,binary,M7,r0f0,noisy,84,462,True,34.381897011904755,2,0.7857142857142857,0.7532467532467533,0.7142857142857143,0.7922077922077922,0.23809523809523808,0.35714285714285715,0.32328707534629597,0.8144712430426716,0.21614645858343337,5.0,16.0,61.0,2.0,84.0,7.0,77.0
EXP-A2,binary,M7,r0f1,clean,532,2763,True,31.62390868045113,2,0.881578947368421,0.915126618370752,0.9734513274336283,0.8568019093078759,0.6470588235294118,0.7773851590106007,0.7282459274940992,0.9774642532789828,0.9085603571614086,110.0,60.0,359.0,3.0,532.0,113.0,419.0
EXP-A2,binary,M7,r0f1,low_quality_other,1,15,False,20.833255,1,1.0,0.5,0.0,1.0,0.0,0.0,,,,0.0,0.0,1.0,0.0,1.0,0.0,1.0
EXP-A2,binary,M7,r0f1,noisy,118,462,True,30.333105432203393,2,0.6016949152542372,0.5338733431516937,0.42857142857142855,0.6391752577319587,0.20454545454545456,0.27692307692307694,0.053584770351244905,0.5876288659793815,0.309310620948368,9.0,35.0,62.0,12.0,118.0,21.0,97.0
EXP-A2,binary,M7,r0f2,clean,529,2763,True,29.556630431001892,2,0.9376181474480151,0.9091243054598889,0.8627450980392157,0.955503512880562,0.822429906542056,0.8421052631578947,0.8036208310472008,0.9711622353859577,0.8837937577009984,88.0,19.0,408.0,14.0,529.0,102.0,427.0
EXP-A2,binary,M7,r0f2,noisy,115,462,True,31.292833530434784,2,0.7565217391304347,0.6086607858861267,0.3103448275862069,0.9069767441860465,0.5294117647058824,0.391304347826087,0.26589707716068234,0.7485966319165999,0.45986075743062654,9.0,8.0,78.0,20.0,115.0,29.0,86.0
EXP-A2,binary,M7,r0f3,clean,554,2763,True,28.793460967509024,2,0.9061371841155235,0.9042238466970778,0.9008264462809917,0.9076212471131639,0.7315436241610739,0.8074074074074075,0.7532999069693451,0.9720000763460768,0.8993143886433853,109.0,40.0,393.0,12.0,554.0,121.0,433.0
EXP-A2,binary,M7,r0f3,low_quality_other,7,15,False,36.46351214285714,2,0.42857142857142855,0.6666666666666666,1.0,0.3333333333333333,0.2,0.3333333333333333,0.2581988897471611,1.0,1.0,1.0,4.0,2.0,0.0,7.0,1.0,6.0
EXP-A2,binary,M7,r0f3,noisy,94,462,True,31.493600308510636,2,0.6914893617021277,0.4924050632911392,0.2,0.7848101265822784,0.15,0.17142857142857143,-0.01359197203238167,0.420253164556962,0.2592496313639124,3.0,17.0,62.0,12.0,94.0,15.0,79.0
EXP-A2,binary,M7,r0f4,clean,589,2763,True,28.795450446519528,2,0.8471986417657046,0.8968878890138733,0.984251968503937,0.8095238095238095,0.5868544600938967,0.7352941176470589,0.6794178714641175,0.9498926270579814,0.74734966801451,125.0,88.0,374.0,2.0,589.0,127.0,462.0
EXP-A2,binary,M7,r0f4,low_quality_other,3,15,False,19.684973333333332,1,1.0,1.0,1.0,,1.0,1.0,,,,3.0,0.0,0.0,0.0,3.0,3.0,0.0
EXP-A2,binary,M7,r0f4,noisy,51,462,True,25.678846960784313,2,0.6078431372549019,0.8,1.0,0.6,0.047619047619047616,0.09090909090909091,0.16903085094570333,1.0,1.0,1.0,20.0,30.0,0.0,51.0,1.0,50.0
EXP-A2,binary,M7,r1f0,clean,523,2763,True,29.908973933078396,2,0.847036328871893,0.8621944644140906,0.8878504672897196,0.8365384615384616,0.5828220858895705,0.7037037037037037,0.6309069415273113,0.9104735801581596,0.6312278239002149,95.0,68.0,348.0,12.0,523.0,107.0,416.0
EXP-A2,binary,M7,r1f0,low_quality_other,4,15,False,19.972043749999997,2,0.25,0.5,0.0,1.0,0.0,0.0,0.0,1.0,1.0,0.0,0.0,1.0,3.0,4.0,3.0,1.0
EXP-A2,binary,M7,r1f0,noisy,120,462,True,32.11873609166666,2,0.8166666666666667,0.6233766233766234,0.3181818181818182,0.9285714285714286,0.5,0.3888888888888889,0.2974200919578577,0.6943413729128015,0.4349746304677781,7.0,7.0,91.0,15.0,120.0,22.0,98.0
EXP-A2,binary,M7,r1f1,clean,563,2763,True,29.769992783303728,2,0.9023090586145648,0.8794915129693586,0.8387096774193549,0.9202733485193622,0.7482014388489209,0.7908745247148289,0.7294320434009401,0.955985009919906,0.8393114066198718,104.0,35.0,404.0,20.0,563.0,124.0,439.0
EXP-A2,binary,M7,r1f1,low_quality_other,3,15,False,31.939355333333328,1,1.0,0.5,0.0,1.0,0.0,0.0,,,,0.0,0.0,3.0,0.0,3.0,0.0,3.0
EXP-A2,binary,M7,r1f1,noisy,89,462,True,29.141129067415733,2,0.8202247191011236,0.6147186147186147,0.3333333333333333,0.8961038961038961,0.3333333333333333,0.3333333333333333,0.22943722943722944,0.7261904761904763,0.39507762966175425,4.0,8.0,69.0,8.0,89.0,12.0,77.0
EXP-A2,binary,M7,r1f2,clean,559,2763,True,30.01991357781753,2,0.924865831842576,0.9093582887700535,0.8823529411764706,0.9363636363636364,0.7894736842105263,0.8333333333333334,0.7870508332949129,0.9832696715049656,0.9456280373159626,105.0,28.0,412.0,14.0,559.0,119.0,440.0
EXP-A2,binary,M7,r1f2,low_quality_other,4,15,False,41.500502499999996,1,0.5,0.25,0.0,0.5,0.0,0.0,,,,0.0,2.0,2.0,0.0,4.0,0.0,4.0
EXP-A2,binary,M7,r1f2,noisy,81,462,True,33.96288733333333,2,0.8148148148148148,0.5126811594202898,0.08333333333333333,0.9420289855072463,0.2,0.11764705882352941,0.037437973111048836,0.6328502415458938,0.22645320446750872,1.0,4.0,65.0,11.0,81.0,12.0,69.0
EXP-A2,binary,M7,r1f3,clean,549,2763,True,30.965463584699457,2,0.8852459016393442,0.8815559440559441,0.875,0.8881118881118881,0.6862745098039216,0.7692307692307693,0.703419137926997,0.9474358974358975,0.7384991386019812,105.0,48.0,381.0,15.0,549.0,120.0,429.0
EXP-A2,binary,M7,r1f3,noisy,102,462,True,27.932300745098033,2,0.7450980392156863,0.464367816091954,0.06666666666666667,0.8620689655172413,0.07692307692307693,0.07142857142857142,-0.0756852087732454,0.39923371647509576,0.18725355210598038,1.0,12.0,75.0,14.0,102.0,15.0,87.0
EXP-A2,binary,M7,r1f4,clean,569,2763,True,28.975600878734625,2,0.8611599297012302,0.9092882107557594,0.9915254237288136,0.8270509977827051,0.6,0.7476038338658147,0.6992547074546742,0.9708557255064076,0.8630216801463552,117.0,78.0,373.0,1.0,569.0,118.0,451.0
EXP-A2,binary,M7,r1f4,low_quality_other,4,15,False,32.77572375,2,1.0,1.0,1.0,1.0,1.0,1.0,1.0,1.0,1.0,1.0,0.0,3.0,0.0,4.0,1.0,3.0
EXP-A2,binary,M7,r1f4,noisy,70,462,True,32.688341457142855,2,0.6142857142857143,0.6681034482758621,0.75,0.5862068965517241,0.2727272727272727,0.4,0.25383611116096755,0.764367816091954,0.35535543931271457,9.0,24.0,34.0,3.0,70.0,12.0,58.0
EXP-A2,binary,M7,r2f0,clean,524,2763,True,29.65613513931298,2,0.7900763358778626,0.8437753904486774,0.9339622641509434,0.7535885167464115,0.4900990099009901,0.6428571428571429,0.5674691188672578,0.9234675453642683,0.6881563298203874,99.0,103.0,315.0,7.0,524.0,106.0,418.0
EXP-A2,binary,M7,r2f0,low_quality_other,2,15,False,28.715833500000002,1,1.0,0.5,0.0,1.0,0.0,0.0,,,,0.0,0.0,2.0,0.0,2.0,0.0,2.0
EXP-A2,binary,M7,r2f0,noisy,118,462,True,32.46775722033898,2,0.635593220338983,0.5933333333333333,0.52,0.6666666666666666,0.29545454545454547,0.37681159420289856,0.15773789931796633,0.6335483870967742,0.349354594811521,13.0,31.0,62.0,12.0,118.0,25.0,93.0
EXP-A2,binary,M7,r2f1,clean,566,2763,True,29.197608250883395,2,0.8780918727915195,0.9014916555900163,0.9426229508196722,0.8603603603603603,0.6497175141242938,0.7692307692307693,0.7122238058860747,0.9630039875941515,0.8480175396248739,115.0,62.0,382.0,7.0,566.0,122.0,444.0
EXP-A2,binary,M7,r2f1,low_quality_other,1,15,False,31.810908,1,1.0,1.0,1.0,,1.0,1.0,,,,1.0,0.0,0.0,0.0,1.0,1.0,0.0
EXP-A2,binary,M7,r2f1,noisy,84,462,True,33.341621273809515,2,0.6904761904761905,0.47447073474470736,0.18181818181818182,0.7671232876712328,0.10526315789473684,0.13333333333333333,-0.04117111277427491,0.5815691158156912,0.23626141852012877,2.0,17.0,56.0,9.0,84.0,11.0,73.0
EXP-A2,binary,M7,r2f2,clean,562,2763,True,30.526720889679723,2,0.891459074733096,0.9072396523788482,0.9354838709677419,0.8789954337899544,0.6863905325443787,0.7918088737201365,0.7365264098078573,0.9744439534541169,0.9181109656265993,116.0,53.0,385.0,8.0,562.0,124.0,438.0
EXP-A2,binary,M7,r2f2,low_quality_other,7,15,False,37.402868,1,0.42857142857142855,0.21428571428571427,0.0,0.42857142857142855,0.0,0.0,,,,0.0,4.0,3.0,0.0,7.0,0.0,7.0
EXP-A2,binary,M7,r2f2,noisy,86,462,True,30.668453976744182,2,0.6627906976744186,0.738145416227608,0.8461538461538461,0.6301369863013698,0.2894736842105263,0.43137254901960786,0.3435523405162731,0.7386722866174922,0.3970298990168332,11.0,27.0,46.0,2.0,86.0,13.0,73.0
EXP-A2,binary,M7,r2f3,clean,560,2763,True,30.586988523214288,2,0.9,0.9304394508781348,0.9830508474576272,0.8778280542986425,0.6823529411764706,0.8055555555555556,0.7635499243739143,0.9652772451875145,0.8008436702289007,116.0,54.0,388.0,2.0,560.0,118.0,442.0
EXP-A2,binary,M7,r2f3,low_quality_other,2,15,False,31.3467875,1,1.0,0.5,0.0,1.0,0.0,0.0,,,,0.0,0.0,2.0,0.0,2.0,0.0,2.0
EXP-A2,binary,M7,r2f3,noisy,81,462,True,30.92603458024692,2,0.7530864197530864,0.666289592760181,0.5384615384615384,0.7941176470588235,0.3333333333333333,0.4117647058823529,0.27857101420419017,0.7884615384615385,0.44417278555047846,7.0,14.0,54.0,6.0,81.0,13.0,68.0
EXP-A2,binary,M7,r2f4,clean,551,2763,True,29.620318704174228,2,0.9092558983666061,0.896024973578111,0.8728813559322034,0.9191685912240185,0.7463768115942029,0.8046875,0.7499338417144148,0.9523818843699847,0.7526234298536224,103.0,35.0,398.0,15.0,551.0,118.0,433.0
EXP-A2,binary,M7,r2f4,low_quality_other,3,15,False,19.684973333333332,1,0.0,0.0,0.0,,0.0,0.0,,,,0.0,0.0,0.0,3.0,3.0,3.0,0.0
EXP-A2,binary,M7,r2f4,noisy,93,462,True,27.545095569892474,2,0.7741935483870968,0.43902439024390244,0.0,0.8780487804878049,0.0,0.0,-0.127130680069247,0.47006651884700656,0.11587947487670339,0.0,10.0,72.0,11.0,93.0,11.0,82.0
EXP-A2,binary,M7,r3f0,clean,547,2763,True,30.49767334917733,2,0.8446069469835467,0.8787543237998818,0.9351851851851852,0.8223234624145785,0.5642458100558659,0.7038327526132404,0.642660056799519,0.9234792879439805,0.6752344223849391,101.0,78.0,361.0,7.0,547.0,108.0,439.0
EXP-A2,binary,M7,r3f0,noisy,97,462,True,32.73444115463918,2,0.6701030927835051,0.5440658049353702,0.30434782608695654,0.7837837837837838,0.30434782608695654,0.30434782608695654,0.0881316098707403,0.6257344300822562,0.3263452647368961,7.0,16.0,58.0,16.0,97.0,23.0,74.0
EXP-A2,binary,M7,r3f1,clean,575,2763,True,30.718259490434782,2,0.9147826086956522,0.9246794871794872,0.9416666666666667,0.9076923076923077,0.7290322580645161,0.8218181818181818,0.777852240517633,0.958003663003663,0.805922318144964,113.0,42.0,413.0,7.0,575.0,120.0,455.0
EXP-A2,binary,M7,r3f1,low_quality_other,1,15,False,20.833255,1,1.0,0.5,0.0,1.0,0.0,0.0,,,,0.0,0.0,1.0,0.0,1.0,0.0,1.0
EXP-A2,binary,M7,r3f1,noisy,71,462,True,28.745303084507043,2,0.7323943661971831,0.6398305084745763,0.5,0.7796610169491526,0.3157894736842105,0.3870967741935484,0.23673915281088506,0.6398305084745763,0.3486656687406524,6.0,13.0,46.0,6.0,71.0,12.0,59.0
EXP-A2,binary,M7,r3f2,clean,558,2763,True,29.27824563620072,2,0.8566308243727598,0.9078341013824884,1.0,0.815668202764977,0.6078431372549019,0.7560975609756098,0.7041294762525789,0.9688011000445964,0.8641774726617422,124.0,80.0,354.0,0.0,558.0,124.0,434.0
EXP-A2,binary,M7,r3f2,low_quality_other,1,15,False,41.86032,1,0.0,0.0,0.0,0.0,0.0,0.0,,,,0.0,1.0,0.0,0.0,1.0,0.0,1.0
EXP-A2,binary,M7,r3f2,noisy,96,462,True,31.597966218750003,2,0.5208333333333334,0.6190476190476191,0.75,0.4880952380952381,0.17307692307692307,0.28125,0.1580348853102535,0.8025793650793651,0.5441517451321373,9.0,43.0,41.0,3.0,96.0,12.0,84.0
EXP-A2,binary,M7,r3f3,clean,563,2763,True,30.497444957371226,2,0.8827708703374778,0.907222348398819,0.9495798319327731,0.8648648648648649,0.653179190751445,0.773972602739726,0.7207276944545811,0.9647588765235824,0.8308925138758634,113.0,60.0,384.0,6.0,563.0,119.0,444.0
EXP-A2,binary,M7,r3f3,low_quality_other,5,15,False,39.562583599999996,2,0.2,0.5,1.0,0.0,0.2,0.3333333333333333,0.0,1.0,1.0,1.0,4.0,0.0,0.0,5.0,1.0,4.0
EXP-A2,binary,M7,r3f3,noisy,83,462,True,32.44802554216867,2,0.4578313253012048,0.4612745098039216,0.4666666666666667,0.45588235294117646,0.1590909090909091,0.23728813559322035,-0.059712927517352014,0.49411764705882355,0.18976984539243152,7.0,37.0,31.0,8.0,83.0,15.0,68.0
EXP-A2,binary,M7,r3f4,clean,520,2763,True,28.497381340384614,2,0.8961538461538462,0.8905431486076647,0.8803418803418803,0.9007444168734491,0.7202797202797203,0.7923076923076923,0.7304757097135809,0.9613581896460308,0.8431945508885792,103.0,40.0,363.0,14.0,520.0,117.0,403.0
EXP-A2,binary,M7,r3f4,low_quality_other,8,15,False,26.538081625,2,1.0,1.0,1.0,1.0,1.0,1.0,1.0,1.0,1.0,3.0,0.0,5.0,0.0,8.0,3.0,5.0
EXP-A2,binary,M7,r3f4,noisy,115,462,True,29.50724419130435,2,0.7739130434782608,0.5091783216783217,0.18181818181818182,0.8365384615384616,0.10526315789473684,0.13333333333333333,0.014537638507763462,0.5655594405594406,0.20095053662383544,2.0,17.0,87.0,9.0,115.0,11.0,104.0
EXP-A2,binary,M7,r4f0,clean,558,2763,True,30.33845090322581,2,0.8405017921146953,0.8654684915024815,0.9098360655737705,0.8211009174311926,0.5873015873015873,0.7138263665594855,0.6383502181235444,0.9195179726274628,0.7014240885329349,111.0,78.0,358.0,11.0,558.0,122.0,436.0
EXP-A2,binary,M7,r4f0,low_quality_other,4,15,False,22.716457,1,0.25,0.25,0.25,,1.0,0.4,,,,1.0,0.0,0.0,3.0,4.0,4.0,0.0
EXP-A2,binary,M7,r4f0,noisy,93,462,True,31.2708162795699,2,0.8172043010752689,0.7216867469879518,0.6,0.8433734939759037,0.3157894736842105,0.41379310344827586,0.3406560545457424,0.7686746987951807,0.39289636558239094,6.0,13.0,70.0,4.0,93.0,10.0,83.0
EXP-A2,binary,M7,r4f1,clean,531,2763,True,29.396334990583807,2,0.8983050847457628,0.9067830267558529,0.9217391304347826,0.8918269230769231,0.7019867549668874,0.7969924812030075,0.7428619819101421,0.9720526755852843,0.867207457937829,106.0,45.0,371.0,9.0,531.0,115.0,416.0
EXP-A2,binary,M7,r4f1,noisy,113,462,True,27.44758150442478,2,0.5221238938053098,0.6172680412371134,0.75,0.4845360824742268,0.1935483870967742,0.3076923076923077,0.1643140091962914,0.7416237113402062,0.3996291389772825,12.0,50.0,47.0,4.0,113.0,16.0,97.0
EXP-A2,binary,M7,r4f2,clean,555,2763,True,29.949389286486486,2,0.8936936936936937,0.8915737176969603,0.8879310344827587,0.8952164009111617,0.6912751677852349,0.7773584905660378,0.7185361684656826,0.9643782892153012,0.8727562958732933,103.0,46.0,393.0,13.0,555.0,116.0,439.0
EXP-A2,binary,M7,r4f2,low_quality_other,3,15,False,31.939355333333328,1,1.0,0.5,0.0,1.0,0.0,0.0,,,,0.0,0.0,3.0,0.0,3.0,0.0,3.0
EXP-A2,binary,M7,r4f2,noisy,89,462,True,32.30650229213484,2,0.8089887640449438,0.6151541095890412,0.3125,0.9178082191780822,0.45454545454545453,0.37037037037037035,0.2687120948688255,0.6952054794520548,0.3201193484943723,5.0,6.0,67.0,11.0,89.0,16.0,73.0
EXP-A2,binary,M7,r4f3,clean,580,2763,True,29.925905437931032,2,0.8810344827586207,0.9096014492753624,0.9583333333333334,0.8608695652173913,0.6424581005586593,0.7692307692307693,0.7183933728766694,0.9628079710144928,0.8247831308860427,115.0,64.0,396.0,5.0,580.0,120.0,460.0
EXP-A2,binary,M7,r4f3,low_quality_other,8,15,False,35.7659065,1,0.375,0.1875,0.0,0.375,0.0,0.0,,,,0.0,5.0,3.0,0.0,8.0,0.0,8.0
EXP-A2,binary,M7,r4f3,noisy,63,462,True,31.583516936507944,2,0.6984126984126984,0.5958333333333333,0.4,0.7916666666666666,0.375,0.3870967741935484,0.18754432100286464,0.6736111111111112,0.5616304325149433,6.0,10.0,38.0,9.0,63.0,15.0,48.0
EXP-A2,binary,M7,r4f4,clean,539,2763,True,29.970207254174394,2,0.8886827458256029,0.8880537325676785,0.8869565217391304,0.8891509433962265,0.6845637583892618,0.7727272727272727,0.7109323416536749,0.950512715340443,0.7793425801798232,102.0,47.0,377.0,13.0,539.0,115.0,424.0
EXP-A2,binary,M7,r4f4,noisy,104,462,True,33.28152283653846,2,0.6634615384615384,0.5198863636363636,0.3125,0.7272727272727273,0.1724137931034483,0.2222222222222222,0.03200052246177461,0.48011363636363635,0.1773740047627506,5.0,24.0,64.0,11.0,104.0,16.0,88.0
EXP-A2,binary,M8,r0f0,clean,559,2763,True,30.94760786583184,2,0.8264758497316637,0.8426820276497695,0.872,0.8133640552995391,0.5736842105263158,0.692063492063492,0.6028804644148094,0.9202211981566819,0.7143108551106612,109.0,81.0,353.0,16.0,559.0,125.0,434.0
EXP-A2,binary,M8,r0f0,low_quality_other,4,15,False,34.4195965,1,1.0,0.5,0.0,1.0,0.0,0.0,,,,0.0,0.0,4.0,0.0,4.0,0.0,4.0
EXP-A2,binary,M8,r0f0,noisy,84,462,True,34.381897011904755,2,0.7380952380952381,0.8571428571428572,1.0,0.7142857142857143,0.2413793103448276,0.3888888888888889,0.41522739926869984,0.8812615955473099,0.3062229437229437,7.0,22.0,55.0,0.0,84.0,7.0,77.0
EXP-A2,binary,M8,r0f1,clean,532,2763,True,31.62390868045113,2,0.8984962406015038,0.9097091684795235,0.9292035398230089,0.8902147971360382,0.695364238410596,0.7954545454545454,0.7433630159265131,0.9748452911483304,0.8961337215477561,105.0,46.0,373.0,8.0,532.0,113.0,419.0
EXP-A2,binary,M8,r0f1,low_quality_other,1,15,False,20.833255,1,1.0,0.5,0.0,1.0,0.0,0.0,,,,0.0,0.0,1.0,0.0,1.0,0.0,1.0
EXP-A2,binary,M8,r0f1,noisy,118,462,True,30.333105432203393,2,0.6016949152542372,0.5152184585174275,0.38095238095238093,0.6494845360824743,0.19047619047619047,0.25396825396825395,0.02431446587274768,0.5709376534118802,0.2526443084724669,8.0,34.0,63.0,13.0,118.0,21.0,97.0
EXP-A2,binary,M8,r0f2,clean,529,2763,True,29.556630431001892,2,0.9319470699432892,0.8869564219130275,0.8137254901960784,0.9601873536299765,0.83,0.8217821782178217,0.7797895871063895,0.972815355650457,0.897322918407671,83.0,17.0,410.0,19.0,529.0,102.0,427.0
EXP-A2,binary,M8,r0f2,noisy,115,462,True,31.292833530434784,2,0.7652173913043478,0.5916198877305533,0.2413793103448276,0.9418604651162791,0.5833333333333334,0.34146341463414637,0.2602907532011913,0.7121090617481958,0.47961081408692946,7.0,5.0,81.0,22.0,115.0,29.0,86.0
EXP-A2,binary,M8,r0f3,clean,554,2763,True,28.793460967509024,2,0.8862815884476535,0.8974767621628843,0.9173553719008265,0.8775981524249422,0.676829268292683,0.7789473684210526,0.7194889773272686,0.9680109938350543,0.8920428350287459,111.0,53.0,380.0,10.0,554.0,121.0,433.0
EXP-A2,binary,M8,r0f3,low_quality_other,7,15,False,36.46351214285714,2,0.42857142857142855,0.6666666666666666,1.0,0.3333333333333333,0.2,0.3333333333333333,0.2581988897471611,1.0,1.0,1.0,4.0,2.0,0.0,7.0,1.0,6.0
EXP-A2,binary,M8,r0f3,noisy,94,462,True,31.493600308510636,2,0.6170212765957447,0.5021097046413502,0.3333333333333333,0.6708860759493671,0.16129032258064516,0.21739130434782608,0.0032866972960673615,0.4438818565400844,0.25850030856726436,5.0,26.0,53.0,10.0,94.0,15.0,79.0
EXP-A2,binary,M8,r0f4,clean,589,2763,True,28.795450446519528,2,0.8556876061120543,0.8880253604663053,0.9448818897637795,0.8311688311688312,0.6060606060606061,0.7384615384615385,0.6756036405279331,0.9416266148549612,0.6993624713352573,120.0,78.0,384.0,7.0,589.0,127.0,462.0
EXP-A2,binary,M8,r0f4,low_quality_other,3,15,False,19.684973333333332,1,0.3333333333333333,0.3333333333333333,0.3333333333333333,,1.0,0.5,,,,1.0,0.0,0.0,2.0,3.0,3.0,0.0
EXP-A2,binary,M8,r0f4,noisy,51,462,True,25.678846960784313,2,0.5882352941176471,0.79,1.0,0.58,0.045454545454545456,0.08695652173913043,0.16236882817719772,1.0,1.0,1.0,21.0,29.0,0.0,51.0,1.0,50.0
EXP-A2,binary,M8,r1f0,clean,523,2763,True,29.908973933078396,2,0.8317399617590823,0.835224209202013,0.8411214953271028,0.8293269230769231,0.5590062111801242,0.6716417910447762,0.5859178128740499,0.9251662473040977,0.7521182247604375,90.0,71.0,345.0,17.0,523.0,107.0,416.0
EXP-A2,binary,M8,r1f0,low_quality_other,4,15,False,19.972043749999997,2,0.25,0.5,0.0,1.0,0.0,0.0,0.0,1.0,1.0,0.0,0.0,1.0,3.0,4.0,3.0,1.0
EXP-A2,binary,M8,r1f0,noisy,120,462,True,32.11873609166666,2,0.8333333333333334,0.6512059369202227,0.36363636363636365,0.9387755102040817,0.5714285714285714,0.4444444444444444,0.36450733074534436,0.7175324675324675,0.5030659256020229,8.0,6.0,92.0,14.0,120.0,22.0,98.0
EXP-A2,binary,M8,r1f1,clean,563,2763,True,29.769992783303728,2,0.8952042628774423,0.8517892571092659,0.7741935483870968,0.929384965831435,0.7559055118110236,0.7649402390438247,0.6976065765239815,0.9592181644499963,0.8366265233506498,96.0,31.0,408.0,28.0,563.0,124.0,439.0
EXP-A2,binary,M8,r1f1,low_quality_other,3,15,False,31.939355333333328,1,1.0,0.5,0.0,1.0,0.0,0.0,,,,0.0,0.0,3.0,0.0,3.0,0.0,3.0
EXP-A2,binary,M8,r1f1,noisy,89,462,True,29.141129067415733,2,0.8202247191011236,0.6147186147186147,0.3333333333333333,0.8961038961038961,0.3333333333333333,0.3333333333333333,0.22943722943722944,0.6753246753246753,0.3766897512853023,4.0,8.0,69.0,8.0,89.0,12.0,77.0
EXP-A2,binary,M8,r1f2,clean,559,2763,True,30.01991357781753,2,0.9230769230769231,0.9143525592055004,0.8991596638655462,0.9295454545454546,0.7753623188405797,0.8326848249027238,0.7867182937624076,0.9823911382734911,0.9460285199876561,107.0,31.0,409.0,12.0,559.0,119.0,440.0
EXP-A2,binary,M8,r1f2,low_quality_other,4,15,False,41.500502499999996,1,1.0,0.5,0.0,1.0,0.0,0.0,,,,0.0,0.0,4.0,0.0,4.0,0.0,4.0
EXP-A2,binary,M8,r1f2,noisy,81,462,True,33.96288733333333,2,0.691358024691358,0.5778985507246377,0.4166666666666667,0.7391304347826086,0.21739130434782608,0.2857142857142857,0.12274296984713196,0.605072463768116,0.2692861417887407,5.0,18.0,51.0,7.0,81.0,12.0,69.0
EXP-A2,binary,M8,r1f3,clean,549,2763,True,30.965463584699457,2,0.8961748633879781,0.8855477855477856,0.8666666666666667,0.9044289044289044,0.7172413793103448,0.7849056603773585,0.7228576710068552,0.9501262626262627,0.7779571204804135,104.0,41.0,388.0,16.0,549.0,120.0,429.0
EXP-A2,binary,M8,r1f3,noisy,102,462,True,27.932300745098033,2,0.7549019607843137,0.47011494252873565,0.06666666666666667,0.8735632183908046,0.08333333333333333,0.07407407407407407,-0.06570183044350496,0.34559386973180084,0.17905831683829865,1.0,11.0,76.0,14.0,102.0,15.0,87.0
EXP-A2,binary,M8,r1f4,clean,569,2763,True,28.975600878734625,2,0.8822495606326889,0.9038201360441955,0.940677966101695,0.8669623059866962,0.6491228070175439,0.7681660899653979,0.7141799437640801,0.9692021496486152,0.843672638303914,111.0,60.0,391.0,7.0,569.0,118.0,451.0
EXP-A2,binary,M8,r1f4,low_quality_other,4,15,False,32.77572375,2,0.5,0.6666666666666666,1.0,0.3333333333333333,0.3333333333333333,0.5,0.3333333333333333,1.0,1.0,1.0,2.0,1.0,0.0,4.0,1.0,3.0
EXP-A2,binary,M8,r1f4,noisy,70,462,True,32.688341457142855,2,0.6714285714285714,0.7025862068965517,0.75,0.6551724137931034,0.3103448275862069,0.43902439024390244,0.30999419497217484,0.8045977011494252,0.4460464433004479,9.0,20.0,38.0,3.0,70.0,12.0,58.0
EXP-A2,binary,M8,r2f0,clean,524,2763,True,29.65613513931298,2,0.8148854961832062,0.831159158616954,0.8584905660377359,0.8038277511961722,0.5260115606936416,0.6523297491039427,0.5657586854242733,0.9122054707953418,0.6497531075522165,91.0,82.0,336.0,15.0,524.0,106.0,418.0
EXP-A2,binary,M8,r2f0,low_quality_other,2,15,False,28.715833500000002,1,1.0,0.5,0.0,1.0,0.0,0.0,,,,0.0,0.0,2.0,0.0,2.0,0.0,2.0
EXP-A2,binary,M8,r2f0,noisy,118,462,True,32.46775722033898,2,0.788135593220339,0.6608602150537635,0.44,0.8817204301075269,0.5,0.46808510638297873,0.33755392506938664,0.6283870967741935,0.3764740334306314,11.0,11.0,82.0,14.0,118.0,25.0,93.0
EXP-A2,binary,M8,r2f1,clean,566,2763,True,29.197608250883395,2,0.8692579505300353,0.9047777285482204,0.9672131147540983,0.8423423423423423,0.6276595744680851,0.7612903225806451,0.7067945311727795,0.9602532860729582,0.8236050996144577,118.0,70.0,374.0,4.0,566.0,122.0,444.0
EXP-A2,binary,M8,r2f1,low_quality_other,1,15,False,31.810908,1,1.0,1.0,1.0,,1.0,1.0,,,,1.0,0.0,0.0,0.0,1.0,1.0,0.0
EXP-A2,binary,M8,r2f1,noisy,84,462,True,33.341621273809515,2,0.5595238095238095,0.5149439601494396,0.45454545454545453,0.5753424657534246,0.1388888888888889,0.2127659574468085,0.020374248554268205,0.6127023661270237,0.25199099740302855,5.0,31.0,42.0,6.0,84.0,11.0,73.0
EXP-A2,binary,M8,r2f2,clean,562,2763,True,30.526720889679723,2,0.9039145907473309,0.9036676977463544,0.9032258064516129,0.9041095890410958,0.7272727272727273,0.8057553956834532,0.7506049934638233,0.9751252025335102,0.9118279372022768,112.0,42.0,396.0,12.0,562.0,124.0,438.0
EXP-A2,binary,M8,r2f2,low_quality_other,7,15,False,37.402868,1,0.42857142857142855,0.21428571428571427,0.0,0.42857142857142855,0.0,0.0,,,,0.0,4.0,3.0,0.0,7.0,0.0,7.0
EXP-A2,binary,M8,r2f2,noisy,86,462,True,30.668453976744182,2,0.6976744186046512,0.6638566912539515,0.6153846153846154,0.7123287671232876,0.27586206896551724,0.38095238095238093,0.24830808240375168,0.7629083245521602,0.47146933420031806,8.0,21.0,52.0,5.0,86.0,13.0,73.0
EXP-A2,binary,M8,r2f3,clean,560,2763,True,30.586988523214288,2,0.8928571428571429,0.9197024311680344,0.9661016949152542,0.8733031674208145,0.6705882352941176,0.7916666666666666,0.7445036901801775,0.9588158601119718,0.7911355584964097,114.0,56.0,386.0,4.0,560.0,118.0,442.0
EXP-A2,binary,M8,r2f3,low_quality_other,2,15,False,31.3467875,1,0.5,0.25,0.0,0.5,0.0,0.0,,,,0.0,1.0,1.0,0.0,2.0,0.0,2.0
EXP-A2,binary,M8,r2f3,noisy,81,462,True,30.92603458024692,2,0.654320987654321,0.6385746606334841,0.6153846153846154,0.6617647058823529,0.25806451612903225,0.36363636363636365,0.20930234915440646,0.7420814479638009,0.40039057694082625,8.0,23.0,45.0,5.0,81.0,13.0,68.0
EXP-A2,binary,M8,r2f4,clean,551,2763,True,29.620318704174228,2,0.896551724137931,0.8971894938740361,0.8983050847457628,0.8960739030023095,0.7019867549668874,0.7881040892193308,0.7306244987616469,0.9567072454691353,0.7837327224038313,106.0,45.0,388.0,12.0,551.0,118.0,433.0
EXP-A2,binary,M8,r2f4,low_quality_other,3,15,False,19.684973333333332,1,0.3333333333333333,0.3333333333333333,0.3333333333333333,,1.0,0.5,,,,1.0,0.0,0.0,2.0,3.0,3.0,0.0
EXP-A2,binary,M8,r2f4,noisy,93,462,True,27.545095569892474,2,0.6666666666666666,0.4174057649667406,0.09090909090909091,0.7439024390243902,0.045454545454545456,0.06060606060606061,-0.12552854208626935,0.5121951219512195,0.11977061688283677,1.0,21.0,61.0,10.0,93.0,11.0,82.0
EXP-A2,binary,M8,r3f0,clean,547,2763,True,30.49767334917733,2,0.8610603290676416,0.8331540538260356,0.7870370370370371,0.8792710706150342,0.6159420289855072,0.6910569105691057,0.610686104861689,0.9369779802581625,0.779670648691741,85.0,53.0,386.0,23.0,547.0,108.0,439.0
EXP-A2,binary,M8,r3f0,noisy,97,462,True,32.73444115463918,2,0.7835051546391752,0.5884253819036428,0.21739130434782608,0.9594594594594594,0.625,0.3225806451612903,0.2734303515912936,0.6521739130434783,0.41006391861666136,5.0,3.0,71.0,18.0,97.0,23.0,74.0
EXP-A2,binary,M8,r3f1,clean,575,2763,True,30.718259490434782,2,0.9113043478260869,0.9071428571428571,0.9,0.9142857142857143,0.7346938775510204,0.8089887640449438,0.7585646236646709,0.9610989010989011,0.8274851489485034,108.0,39.0,416.0,12.0,575.0,120.0,455.0
EXP-A2,binary,M8,r3f1,low_quality_other,1,15,False,20.833255,1,1.0,0.5,0.0,1.0,0.0,0.0,,,,0.0,0.0,1.0,0.0,1.0,0.0,1.0
EXP-A2,binary,M8,r3f1,noisy,71,462,True,28.745303084507043,2,0.7605633802816901,0.6567796610169492,0.5,0.8135593220338984,0.35294117647058826,0.41379310344827586,0.2753689730916157,0.6087570621468926,0.3239823402145314,6.0,11.0,48.0,6.0,71.0,12.0,59.0
EXP-A2,binary,M8,r3f2,clean,558,2763,True,29.27824563620072,2,0.9193548387096774,0.8991935483870968,0.8629032258064516,0.9354838709677419,0.7925925925925926,0.8262548262548263,0.7750543334877601,0.9650289876616619,0.8560129034011296,107.0,28.0,406.0,17.0,558.0,124.0,434.0
EXP-A2,binary,M8,r3f2,low_quality_other,1,15,False,41.86032,1,1.0,0.5,0.0,1.0,0.0,0.0,,,,0.0,0.0,1.0,0.0,1.0,0.0,1.0
EXP-A2,binary,M8,r3f2,noisy,96,462,True,31.597966218750003,2,0.875,0.6785714285714286,0.4166666666666667,0.9404761904761905,0.5,0.45454545454545453,0.38665444666985027,0.8095238095238095,0.5747540623627581,5.0,5.0,79.0,7.0,96.0,12.0,84.0
EXP-A2,binary,M8,r3f3,clean,563,2763,True,30.497444957371226,2,0.9253996447602132,0.8881160572337043,0.8235294117647058,0.9527027027027027,0.8235294117647058,0.8235294117647058,0.7762321144674086,0.9654213036565977,0.8726767441227291,98.0,21.0,423.0,21.0,563.0,119.0,444.0
EXP-A2,binary,M8,r3f3,low_quality_other,5,15,False,39.562583599999996,2,1.0,1.0,1.0,1.0,1.0,1.0,1.0,1.0,1.0,1.0,0.0,4.0,0.0,5.0,1.0,4.0
EXP-A2,binary,M8,r3f3,noisy,83,462,True,32.44802554216867,2,0.8192771084337349,0.6299019607843137,0.3333333333333333,0.9264705882352942,0.5,0.4,0.3071032114570629,0.5735294117647058,0.3256767766932755,5.0,5.0,63.0,10.0,83.0,15.0,68.0
EXP-A2,binary,M8,r3f4,clean,520,2763,True,28.497381340384614,2,0.9019230769230769,0.8821339950372209,0.8461538461538461,0.9181141439205955,0.75,0.7951807228915663,0.7333111625071123,0.9640304553455917,0.8735897205134685,99.0,33.0,370.0,18.0,520.0,117.0,403.0
EXP-A2,binary,M8,r3f4,low_quality_other,8,15,False,26.538081625,2,0.625,0.5,0.0,1.0,0.0,0.0,0.0,0.7333333333333333,0.7,0.0,0.0,5.0,3.0,8.0,3.0,5.0
EXP-A2,binary,M8,r3f4,noisy,115,462,True,29.50724419130435,2,0.8956521739130435,0.576486013986014,0.18181818181818182,0.9711538461538461,0.4,0.25,0.2206193962259434,0.5673076923076923,0.2216991669543754,2.0,3.0,101.0,9.0,115.0,11.0,104.0
EXP-A2,binary,M8,r4f0,clean,558,2763,True,30.33845090322581,2,0.8261648745519713,0.8474394645811401,0.8852459016393442,0.8096330275229358,0.5654450261780105,0.6900958466453674,0.605316604114246,0.9259287110843736,0.7370898255868159,108.0,83.0,353.0,14.0,558.0,122.0,436.0
EXP-A2,binary,M8,r4f0,low_quality_other,4,15,False,22.716457,1,0.25,0.25,0.25,,1.0,0.4,,,,1.0,0.0,0.0,3.0,4.0,4.0,0.0
EXP-A2,binary,M8,r4f0,noisy,93,462,True,31.2708162795699,2,0.7741935483870968,0.6975903614457831,0.6,0.7951807228915663,0.2608695652173913,0.36363636363636365,0.2837408461417099,0.7120481927710843,0.47712887756366007,6.0,17.0,66.0,4.0,93.0,10.0,83.0
EXP-A2,binary,M8,r4f1,clean,531,2763,True,29.396334990583807,2,0.9303201506591338,0.8957566889632107,0.8347826086956521,0.9567307692307693,0.8421052631578947,0.8384279475982532,0.7940235655855836,0.9770903010033445,0.9188970061633788,96.0,18.0,398.0,19.0,531.0,115.0,416.0
EXP-A2,binary,M8,r4f1,noisy,113,462,True,27.44758150442478,2,0.8584070796460177,0.6565721649484536,0.375,0.9381443298969072,0.5,0.42857142857142855,0.3543554371669072,0.7016752577319587,0.4988615802354655,6.0,6.0,91.0,10.0,113.0,16.0,97.0
EXP-A2,binary,M8,r4f2,clean,555,2763,True,29.949389286486486,2,0.8936936936936937,0.885230932369806,0.8706896551724138,0.8997722095671982,0.696551724137931,0.7739463601532567,0.713077072320455,0.9660081690362108,0.8739880164527816,101.0,44.0,395.0,15.0,555.0,116.0,439.0
EXP-A2,binary,M8,r4f2,low_quality_other,3,15,False,31.939355333333328,1,1.0,0.5,0.0,1.0,0.0,0.0,,,,0.0,0.0,3.0,0.0,3.0,0.0,3.0
EXP-A2,binary,M8,r4f2,noisy,89,462,True,32.30650229213484,2,0.8202247191011236,0.6464041095890412,0.375,0.9178082191780822,0.5,0.42857142857142855,0.3292067255347954,0.702054794520548,0.34248578426245757,6.0,6.0,67.0,10.0,89.0,16.0,73.0
EXP-A2,binary,M8,r4f3,clean,580,2763,True,29.925905437931032,2,0.8913793103448275,0.8945652173913043,0.9,0.8891304347826087,0.6792452830188679,0.7741935483870968,0.7166031652824201,0.9600543478260869,0.8353777047436706,108.0,51.0,409.0,12.0,580.0,120.0,460.0
EXP-A2,binary,M8,r4f3,low_quality_other,8,15,False,35.7659065,1,0.5,0.25,0.0,0.5,0.0,0.0,,,,0.0,4.0,4.0,0.0,8.0,0.0,8.0
EXP-A2,binary,M8,r4f3,noisy,63,462,True,31.583516936507944,2,0.7619047619047619,0.6375,0.4,0.875,0.5,0.4444444444444444,0.29827937950065225,0.6180555555555556,0.4750424717506436,6.0,6.0,42.0,9.0,63.0,15.0,48.0
EXP-A2,binary,M8,r4f4,clean,539,2763,True,29.970207254174394,2,0.8812615955473099,0.87383100902379,0.8608695652173913,0.8867924528301887,0.673469387755102,0.7557251908396947,0.6877577076842405,0.948461853978671,0.7540905969730841,99.0,48.0,376.0,16.0,539.0,115.0,424.0
EXP-A2,binary,M8,r4f4,noisy,104,462,True,33.28152283653846,2,0.5384615384615384,0.4460227272727273,0.3125,0.5795454545454546,0.11904761904761904,0.1724137931034483,-0.0793819513788872,0.4012784090909091,0.16833125356022882,5.0,37.0,51.0,11.0,104.0,16.0,88.0
