task,fold_label,model_id,kind,feature,importance,importance_std,scoring,n_repeats,n_scored_rows,computed_on,rank
binary,r0f0,M1,permutation,time_zcr_mean,0.13210135333921744,0.009005998623842342,balanced_accuracy,10,647,held-out fold,1
binary,r0f0,M1,permutation,dwt_cD1_entropy,0.10079802883200939,0.015244615114352381,balanced_accuracy,10,647,held-out fold,2
binary,r0f0,M1,permutation,time_iqr,0.10024051191526921,0.017705640932646573,balanced_accuracy,10,647,held-out fold,3
binary,r0f0,M1,permutation,mfcc_04_mean,0.052020447190350094,0.016331191836367227,balanced_accuracy,10,647,held-out fold,4
binary,r0f0,M1,permutation,freq_rolloff95_mean,0.049255663430420725,0.008852840196454175,balanced_accuracy,10,647,held-out fold,5
binary,r0f0,M1,permutation,time_sample_entropy,0.041696822594880875,0.016233690751448857,balanced_accuracy,10,647,held-out fold,6
binary,r0f0,M1,permutation,freq_rolloff85_mean,0.029453515739923507,0.007436226112429989,balanced_accuracy,10,647,held-out fold,7
binary,r0f0,M1,permutation,dwt_cD2_mean_abs,0.028551044424830852,0.006112277480929932,balanced_accuracy,10,647,held-out fold,8
binary,r0f0,M1,permutation,mfcc_01_std,0.02682847896440127,0.008157247346119386,balanced_accuracy,10,647,held-out fold,9
binary,r0f0,M1,permutation,env_skew,0.02643718740806117,0.005003605925121854,balanced_accuracy,10,647,held-out fold,10
binary,r0f0,M1,permutation,freq_centroid_mean,0.02445939982347751,0.013698209879433196,balanced_accuracy,10,647,held-out fold,11
binary,r0f0,M1,permutation,dwt_cD1_mean_abs,0.02002647837599294,0.00455361139262856,balanced_accuracy,10,647,held-out fold,12
binary,r0f0,M1,permutation,time_hjorth_mobility,0.01842012356575463,0.013821286423438146,balanced_accuracy,10,647,held-out fold,13
binary,r0f0,M1,permutation,freq_band_power_250_350,0.01794939688143573,0.0027611657689130807,balanced_accuracy,10,647,held-out fold,14
binary,r0f0,M1,permutation,mfcc_08_mean,0.015514121800529556,0.007493278503758804,balanced_accuracy,10,647,held-out fold,15
binary,r0f0,M1,permutation,freq_flux_mean,0.01485583995292734,0.010688421377139927,balanced_accuracy,10,647,held-out fold,16
binary,r0f0,M1,permutation,dwt_cD2_energy,0.013996028243601067,0.0038178284105371053,balanced_accuracy,10,647,held-out fold,17
binary,r0f0,M1,permutation,freq_centroid_std,0.013440717858193629,0.00575515110684006,balanced_accuracy,10,647,held-out fold,18
binary,r0f0,M1,permutation,dwt_cD5_std,0.013394380700205943,0.006378003277014089,balanced_accuracy,10,647,held-out fold,19
binary,r0f0,M1,permutation,freq_band_power_150_250,0.013228890850250063,0.003340166965188632,balanced_accuracy,10,647,held-out fold,20
binary,r0f0,M1,permutation,chroma_09_mean,0.013090614886731411,0.0053420876489011304,balanced_accuracy,10,647,held-out fold,21
binary,r0f0,M1,permutation,mfcc_02_std,0.012764048249485172,0.008801174770916013,balanced_accuracy,10,647,held-out fold,22
binary,r0f0,M1,permutation,env_kurtosis,0.011565901735804662,0.008687820755235685,balanced_accuracy,10,647,held-out fold,23
binary,r0f0,M1,permutation,mfcc_08_std,0.011548249485142681,0.005910204643792498,balanced_accuracy,10,647,held-out fold,24
binary,r0f0,M1,permutation,chroma_07_std,0.0113731979994116,0.005208662553113107,balanced_accuracy,10,647,held-out fold,25
binary,r0f0,M1,permutation,time_shannon_entropy,0.010812739040894404,0.009430929595336611,balanced_accuracy,10,647,held-out fold,26
binary,r0f0,M1,permutation,chroma_02_mean,0.010060311856428361,0.006491141823622619,balanced_accuracy,10,647,held-out fold,27
binary,r0f0,M1,permutation,chroma_01_mean,0.009794057075610475,0.005381954831078948,balanced_accuracy,10,647,held-out fold,28
binary,r0f0,M1,permutation,chroma_05_mean,0.009363047955280989,0.006627813536376122,balanced_accuracy,10,647,held-out fold,29
binary,r0f0,M1,permutation,dwt_cD4_energy,0.008858487790526615,0.004830436158448225,balanced_accuracy,10,647,held-out fold,30
binary,r0f0,M1,permutation,dwt_cD2_entropy,0.008551779935275094,0.008029119881532331,balanced_accuracy,10,647,held-out fold,31
binary,r0f0,M1,permutation,freq_band_power_50_100,0.007472786113562812,0.007780027694517807,balanced_accuracy,10,647,held-out fold,32
binary,r0f0,M1,permutation,chroma_12_mean,0.006946896145925275,0.007251457301159867,balanced_accuracy,10,647,held-out fold,33
binary,r0f0,M1,permutation,freq_dominant,0.0068851132686084445,0.004083678843814608,balanced_accuracy,10,647,held-out fold,34
binary,r0f0,M1,permutation,dwt_cA5_energy,0.006733598117093287,0.007924759150280122,balanced_accuracy,10,647,held-out fold,35
binary,r0f0,M1,permutation,mfcc_05_std,0.005780376581347469,0.006010433166768234,balanced_accuracy,10,647,held-out fold,36
binary,r0f0,M1,permutation,mfcc_12_mean,0.005759782288908522,0.003160575673593154,balanced_accuracy,10,647,held-out fold,37
binary,r0f0,M1,permutation,freq_band_power_20_50,0.005345689908796736,0.007128821143743415,balanced_accuracy,10,647,held-out fold,38
binary,r0f0,M1,permutation,dwt_cD5_energy,0.005215504560164763,0.0031269583618532206,balanced_accuracy,10,647,held-out fold,39
binary,r0f0,M1,permutation,mfcc_03_delta_mean,0.005186819652839103,0.003556756641783896,balanced_accuracy,10,647,held-out fold,40
binary,r0f0,M1,permutation,mfcc_04_std,0.005127978817299206,0.0017201537349165344,balanced_accuracy,10,647,held-out fold,41
binary,r0f0,M1,permutation,freq_flatness_std,0.005030891438658436,0.002541577598614969,balanced_accuracy,10,647,held-out fold,42
binary,r0f0,M1,permutation,chroma_03_std,0.005002206531332765,0.005331291481059396,balanced_accuracy,10,647,held-out fold,43
binary,r0f0,M1,permutation,mfcc_09_std,0.004972050603118583,0.005159410482848489,balanced_accuracy,10,647,held-out fold,44
binary,r0f0,M1,permutation,chroma_11_mean,0.004699911738746709,0.005459444871894301,balanced_accuracy,10,647,held-out fold,45
binary,r0f0,M1,permutation,chroma_06_mean,0.004555016181229776,0.007139301034692414,balanced_accuracy,10,647,held-out fold,46
binary,r0f0,M1,permutation,chroma_05_std,0.004457928802589018,0.005283292346930028,balanced_accuracy,10,647,held-out fold,47
binary,r0f0,M1,permutation,time_mean,0.004069579288025904,0.0021231653996934825,balanced_accuracy,10,647,held-out fold,48
binary,r0f0,M1,permutation,dwt_cD3_std,0.003984995586937356,0.007171633274290074,balanced_accuracy,10,647,held-out fold,49
binary,r0f0,M1,permutation,freq_band_power_100_150,0.003961459252721411,0.00525817769502601,balanced_accuracy,10,647,held-out fold,50
binary,r0f0,M1,permutation,mfcc_10_delta_mean,0.003875404530744364,0.0022682776011887945,balanced_accuracy,10,647,held-out fold,51
binary,r0f0,M1,permutation,chroma_04_std,0.0037878787878787845,0.0034156902305619587,balanced_accuracy,10,647,held-out fold,52
binary,r0f0,M1,permutation,mfcc_03_std,0.003631950573698173,0.005988911395286906,balanced_accuracy,10,647,held-out fold,53
binary,r0f0,M1,permutation,dwt_cD5_entropy,0.003477493380406016,0.006776218883517794,balanced_accuracy,10,647,held-out fold,54
binary,r0f0,M1,permutation,chroma_09_std,0.0034377758164166107,0.0057122586089187605,balanced_accuracy,10,647,held-out fold,55
binary,r0f0,M1,permutation,time_skewness,0.003410561929979439,0.005450535418835217,balanced_accuracy,10,647,held-out fold,56
binary,r0f0,M1,permutation,time_range,0.00338996763754047,0.0037060245995113924,balanced_accuracy,10,647,held-out fold,57
binary,r0f0,M1,permutation,time_peak_to_peak,0.00338996763754047,0.0037060245995113924,balanced_accuracy,10,647,held-out fold,57
binary,r0f0,M1,permutation,time_kurtosis,0.0033311268020006168,0.00411286556250802,balanced_accuracy,10,647,held-out fold,59
binary,r0f0,M1,permutation,mfcc_13_delta_mean,0.003312003530450158,0.0022988603375762194,balanced_accuracy,10,647,held-out fold,60
binary,r0f0,M1,permutation,chroma_08_std,0.0031369520447190546,0.0018049979274951512,balanced_accuracy,10,647,held-out fold,61
binary,r0f0,M1,permutation,dwt_cD4_entropy,0.0031082671373933723,0.0026193863883852454,balanced_accuracy,10,647,held-out fold,62
binary,r0f0,M1,permutation,chroma_03_mean,0.0029045307443365865,0.0029075658165559444,balanced_accuracy,10,647,held-out fold,63
binary,r0f0,M1,permutation,chroma_08_mean,0.0027883200941453577,0.0035800436519760623,balanced_accuracy,10,647,held-out fold,64
binary,r0f0,M1,permutation,freq_flux_std,0.002689761694616066,0.005586377878959512,balanced_accuracy,10,647,held-out fold,65
binary,r0f0,M1,permutation,time_autocorr_peak_value,0.002622830244189467,0.005971877576843723,balanced_accuracy,10,647,held-out fold,66
binary,r0f0,M1,permutation,freq_spectral_entropy,0.0025750220653133595,0.006243103852368722,balanced_accuracy,10,647,held-out fold,67
binary,r0f0,M1,permutation,freq_peak_power,0.0025544277728743793,0.00194969113555755,balanced_accuracy,10,647,held-out fold,68
binary,r0f0,M1,permutation,time_std,0.002360253015592828,0.001812341464733396,balanced_accuracy,10,647,held-out fold,69
binary,r0f0,M1,permutation,time_var,0.002360253015592828,0.001812341464733396,balanced_accuracy,10,647,held-out fold,69
binary,r0f0,M1,permutation,time_rms,0.002360253015592828,0.001812341464733396,balanced_accuracy,10,647,held-out fold,69
binary,r0f0,M1,permutation,time_hjorth_activity,0.002360253015592828,0.001812341464733396,balanced_accuracy,10,647,held-out fold,69
binary,r0f0,M1,permutation,freq_total_power,0.002360253015592828,0.0027953044194591495,balanced_accuracy,10,647,held-out fold,69
binary,r0f0,M1,permutation,dwt_cD3_mean_abs,0.0023492203589291273,0.004541891278802903,balanced_accuracy,10,647,held-out fold,74
binary,r0f0,M1,permutation,mfcc_04_delta_mean,0.002263165636952047,0.002587918452226086,balanced_accuracy,10,647,held-out fold,75
binary,r0f0,M1,permutation,time_crest_factor,0.0021373933509855948,0.004320043244348284,balanced_accuracy,10,647,held-out fold,76
binary,r0f0,M1,permutation,mfcc_10_mean,0.001971903501029715,0.00422641024644528,balanced_accuracy,10,647,held-out fold,77
binary,r0f0,M1,permutation,chroma_01_std,0.0018652544866137432,0.003934307448981061,balanced_accuracy,10,647,held-out fold,78
binary,r0f0,M1,permutation,chroma_06_std,0.0017872903795234207,0.005017673597885357,balanced_accuracy,10,647,held-out fold,79
binary,r0f0,M1,permutation,chroma_04_mean,0.001718887908208322,0.002896568719520961,balanced_accuracy,10,647,held-out fold,80
binary,r0f0,M1,permutation,env_mean,0.00169976463665783,0.0034075103457107533,balanced_accuracy,10,647,held-out fold,81
binary,r0f0,M1,permutation,mfcc_10_std,0.001612238893792295,0.0019924020852152163,balanced_accuracy,10,647,held-out fold,82
binary,r0f0,M1,permutation,mfcc_11_delta_mean,0.001612238893792295,0.0017983758297201399,balanced_accuracy,10,647,held-out fold,82
binary,r0f0,M1,permutation,mfcc_13_mean,0.0016026772580170824,0.0016375853878382001,balanced_accuracy,10,647,held-out fold,84
binary,r0f0,M1,permutation,mfcc_12_delta_mean,0.0015055898793763013,0.0017543428974574442,balanced_accuracy,10,647,held-out fold,85
binary,r0f0,M1,permutation,time_max,0.0014577817005001826,0.003927574534145532,balanced_accuracy,10,647,held-out fold,86
binary,r0f0,M1,permutation,time_min,0.0014085025007355423,0.0058715750854335304,balanced_accuracy,10,647,held-out fold,87
binary,r0f0,M1,permutation,mfcc_08_delta_mean,0.0013401000294204434,0.0016588681101467702,balanced_accuracy,10,647,held-out fold,88
binary,r0f0,M1,permutation,chroma_02_std,0.0013305383936452087,0.005619956757096974,balanced_accuracy,10,647,held-out fold,89
binary,r0f0,M1,permutation,mfcc_05_delta_mean,0.0013209767578699738,0.0019067665324411043,balanced_accuracy,10,647,held-out fold,90
binary,r0f0,M1,permutation,mfcc_06_std,0.0011459252721388812,0.002353426090456237,balanced_accuracy,10,647,held-out fold,91
binary,r0f0,M1,permutation,freq_band_power_350_400,0.001058399529273346,0.0013076393188651803,balanced_accuracy,10,647,held-out fold,92
binary,r0f0,M1,permutation,env_peak_rate,0.0010488378934981,0.0034831249336951644,balanced_accuracy,10,647,held-out fold,93
binary,r0f0,M1,permutation,freq_flatness_mean,0.0008546631362165491,0.005331056416508733,balanced_accuracy,10,647,held-out fold,94
binary,r0f0,M1,permutation,dwt_cA5_entropy,0.0007575757575757792,0.00435716536161959,balanced_accuracy,10,647,held-out fold,95
binary,r0f0,M1,permutation,mfcc_06_delta_mean,0.0007480141218005554,0.002579073534340463,balanced_accuracy,10,647,held-out fold,96
binary,r0f0,M1,permutation,env_std,0.0005935569285083986,0.004092513952945547,balanced_accuracy,10,647,held-out fold,97
binary,r0f0,M1,permutation,dwt_cD3_entropy,0.00011621065019126186,0.003654225519254835,balanced_accuracy,10,647,held-out fold,98
binary,r0f0,M1,permutation,time_median,9.70873786407811e-05,0.0002912621359223433,balanced_accuracy,10,647,held-out fold,99
binary,r0f0,M1,permutation,chroma_12_std,6.840247131508769e-05,0.004613433255121316,balanced_accuracy,10,647,held-out fold,100
binary,r0f0,M1,permutation,mfcc_09_delta_mean,0.0,0.0,balanced_accuracy,10,647,held-out fold,101
binary,r0f0,M1,permutation,freq_bandwidth_std,-9.708737864077e-05,0.003290553715851393,balanced_accuracy,10,647,held-out fold,102
binary,r0f0,M1,permutation,time_zcr_std,-0.00028170050014709737,0.0025771934371598324,balanced_accuracy,10,647,held-out fold,103
binary,r0f0,M1,permutation,mfcc_12_std,-0.0002912621359223433,0.0017514423436843464,balanced_accuracy,10,647,held-out fold,104
binary,r0f0,M1,permutation,dwt_cD3_energy,-0.0003008237716975337,0.004103505579627672,balanced_accuracy,10,647,held-out fold,105
binary,r0f0,M1,permutation,mfcc_11_std,-0.0005729626360694185,0.005012188741836617,balanced_accuracy,10,647,held-out fold,106
binary,r0f0,M1,permutation,mfcc_07_delta_mean,-0.0005729626360694406,0.001902011948062411,balanced_accuracy,10,647,held-out fold,107
binary,r0f0,M1,permutation,chroma_07_mean,-0.0006796116504854011,0.0029676186695590284,balanced_accuracy,10,647,held-out fold,108
binary,r0f0,M1,permutation,mfcc_07_std,-0.0009326272433068273,0.002614107593237654,balanced_accuracy,10,647,held-out fold,109
binary,r0f0,M1,permutation,mfcc_01_delta_mean,-0.0010775228008237602,0.0034526355842093626,balanced_accuracy,10,647,held-out fold,110
binary,r0f0,M1,permutation,mfcc_09_mean,-0.0012525742865548862,0.0018930931536457855,balanced_accuracy,10,647,held-out fold,111
binary,r0f0,M1,permutation,dwt_cA5_mean_abs,-0.0013989408649602631,0.0024282246560840552,balanced_accuracy,10,647,held-out fold,112
binary,r0f0,M1,permutation,freq_rolloff95_std,-0.0016026772580170268,0.004946830715267306,balanced_accuracy,10,647,held-out fold,113
binary,r0f0,M1,permutation,mfcc_02_delta_mean,-0.001602677258017038,0.001947879542056673,balanced_accuracy,10,647,held-out fold,114
binary,r0f0,M1,permutation,chroma_11_std,-0.0016218005295675075,0.0026554947348223627,balanced_accuracy,10,647,held-out fold,115
binary,r0f0,M1,permutation,dwt_cD4_std,-0.0016821123859958708,0.007632448299368134,balanced_accuracy,10,647,held-out fold,116
binary,r0f0,M1,permutation,chroma_10_mean,-0.001709326272433065,0.003949291396958859,balanced_accuracy,10,647,held-out fold,117
binary,r0f0,M1,permutation,time_autocorr_peak_lag,-0.0018939393939393923,0.001893939393939392,balanced_accuracy,10,647,held-out fold,118
binary,r0f0,M1,permutation,dwt_cD5_mean_abs,-0.00220432480141215,0.002952256923836837,balanced_accuracy,10,647,held-out fold,119
binary,r0f0,M1,permutation,mfcc_06_mean,-0.0023793762871432535,0.0027790447242250463,balanced_accuracy,10,647,held-out fold,120
binary,r0f0,M1,permutation,mfcc_07_mean,-0.00266548984995586,0.009116084625565854,balanced_accuracy,10,647,held-out fold,121
binary,r0f0,M1,permutation,dwt_cD1_energy,-0.0028552515445718907,0.0026852554576196476,balanced_accuracy,10,647,held-out fold,122
binary,r0f0,M1,permutation,dwt_cD2_std,-0.0035841423948219987,0.004679177382768072,balanced_accuracy,10,647,held-out fold,123
binary,r0f0,M1,permutation,mfcc_05_mean,-0.0036032656663724572,0.0035649948439086805,balanced_accuracy,10,647,held-out fold,124
binary,r0f0,M1,permutation,mfcc_13_std,-0.0037783171521035496,0.004265718421975394,balanced_accuracy,10,647,held-out fold,125
binary,r0f0,M1,permutation,dwt_cA5_std,-0.0037878787878787624,0.002473105062127024,balanced_accuracy,10,647,held-out fold,126
binary,r0f0,M1,permutation,mfcc_11_mean,-0.0037878787878787732,0.005176209816406939,balanced_accuracy,10,647,held-out fold,127
binary,r0f0,M1,permutation,chroma_10_std,-0.003807002059429221,0.001704808496264314,balanced_accuracy,10,647,held-out fold,128
binary,r0f0,M1,permutation,freq_rolloff85_std,-0.003961459252721356,0.005920770631549474,balanced_accuracy,10,647,held-out fold,129
binary,r0f0,M1,permutation,freq_bandwidth_mean,-0.004117387466902012,0.00485893564114163,balanced_accuracy,10,647,held-out fold,130
binary,r0f0,M1,permutation,dwt_cD4_mean_abs,-0.004215945866431314,0.00450142943687174,balanced_accuracy,10,647,held-out fold,131
binary,r0f0,M1,permutation,mfcc_03_mean,-0.004698440717858188,0.006217532859734719,balanced_accuracy,10,647,held-out fold,132
binary,r0f0,M1,permutation,mfcc_02_mean,-0.005231685789938201,0.01181237973505619,balanced_accuracy,10,647,held-out fold,133
binary,r0f0,M1,permutation,time_energy,-0.005438364224771996,0.0031792811385035,balanced_accuracy,10,647,held-out fold,134
binary,r0f0,M1,permutation,time_duration,-0.005438364224771996,0.0031792811385035,balanced_accuracy,10,647,held-out fold,134
binary,r0f0,M1,permutation,dwt_cD1_std,-0.005672256546042953,0.003979695790224717,balanced_accuracy,10,647,held-out fold,136
binary,r0f0,M1,permutation,mfcc_01_mean,-0.006253309796999107,0.004485308652234952,balanced_accuracy,10,647,held-out fold,137
binary,r0f0,M1,permutation,time_hjorth_complexity,-0.007101353339217409,0.007281884927415774,balanced_accuracy,10,647,held-out fold,138
binary,r0f0,M3,permutation,dwt_cD1_entropy,0.0306163577522801,0.00861924928703429,balanced_accuracy,10,647,held-out fold,1
binary,r0f0,M3,permutation,mfcc_04_mean,0.027301412180052952,0.010254829119936568,balanced_accuracy,10,647,held-out fold,2
binary,r0f0,M3,permutation,mfcc_01_std,0.01840467784642539,0.004755834704419888,balanced_accuracy,10,647,held-out fold,3
binary,r0f0,M3,permutation,time_zcr_mean,0.016607825831126764,0.00523275544346022,balanced_accuracy,10,647,held-out fold,4
binary,r0f0,M3,permutation,chroma_03_std,0.014422624301265074,0.003732792605548375,balanced_accuracy,10,647,held-out fold,5
binary,r0f0,M3,permutation,dwt_cA5_energy,0.013461312150632542,0.004750723166137255,balanced_accuracy,10,647,held-out fold,6
binary,r0f0,M3,permutation,mfcc_03_mean,0.013362753751103273,0.004243725467903608,balanced_accuracy,10,647,held-out fold,7
binary,r0f0,M3,permutation,mfcc_02_mean,0.012218299499852902,0.005065402064680594,balanced_accuracy,10,647,held-out fold,8
binary,r0f0,M3,permutation,dwt_cD2_entropy,0.010984848484848476,0.006885643764838077,balanced_accuracy,10,647,held-out fold,9
binary,r0f0,M3,permutation,dwt_cD1_std,0.010411885848779057,0.0022409597104723717,balanced_accuracy,10,647,held-out fold,10
binary,r0f0,M3,permutation,time_skewness,0.009926448955575162,0.006056263922384718,balanced_accuracy,10,647,held-out fold,11
binary,r0f0,M3,permutation,chroma_01_mean,0.008731244483671663,0.004766192182227709,balanced_accuracy,10,647,held-out fold,12
binary,r0f0,M3,permutation,chroma_02_mean,0.008430420711974095,0.002690188747514729,balanced_accuracy,10,647,held-out fold,13
binary,r0f0,M3,permutation,mfcc_03_delta_mean,0.008031038540747293,0.003199598002955314,balanced_accuracy,10,647,held-out fold,14
binary,r0f0,M3,permutation,freq_rolloff85_std,0.007973668726095928,0.0034449953261179466,balanced_accuracy,10,647,held-out fold,15
binary,r0f0,M3,permutation,dwt_cD5_energy,0.0076140041188584974,0.004091875111211076,balanced_accuracy,10,647,held-out fold,16
binary,r0f0,M3,permutation,freq_bandwidth_mean,0.007488231832892012,0.004021694772986898,balanced_accuracy,10,647,held-out fold,17
binary,r0f0,M3,permutation,freq_rolloff95_mean,0.007488231832892001,0.00507733301397527,balanced_accuracy,10,647,held-out fold,18
binary,r0f0,M3,permutation,time_zcr_std,0.0074293909973522036,0.0036686763291786688,balanced_accuracy,10,647,held-out fold,19
binary,r0f0,M3,permutation,dwt_cD3_std,0.007400706090026465,0.004724969471010244,balanced_accuracy,10,647,held-out fold,20
binary,r0f0,M3,permutation,chroma_04_std,0.007400706090026454,0.004541161802793449,balanced_accuracy,10,647,held-out fold,21
binary,r0f0,M3,permutation,mfcc_12_std,0.007254339511621089,0.0061734586631255,balanced_accuracy,10,647,held-out fold,22
binary,r0f0,M3,permutation,dwt_cD5_std,0.0070123565754633636,0.0040671535606941625,balanced_accuracy,10,647,held-out fold,23
binary,r0f0,M3,permutation,dwt_cA5_entropy,0.006991762283024427,0.005121667393222189,balanced_accuracy,10,647,held-out fold,24
binary,r0f0,M3,permutation,time_autocorr_peak_value,0.006924830832597817,0.0032822020687970914,balanced_accuracy,10,647,held-out fold,25
binary,r0f0,M3,permutation,freq_band_power_250_350,0.006818181818181812,0.0015151515151515138,balanced_accuracy,10,647,held-out fold,26
binary,r0f0,M3,permutation,dwt_cD2_std,0.006818181818181812,0.0015151515151515138,balanced_accuracy,10,647,held-out fold,26
binary,r0f0,M3,permutation,time_iqr,0.006700500147102106,0.006785412129057138,balanced_accuracy,10,647,held-out fold,28
binary,r0f0,M3,permutation,mfcc_09_std,0.006700500147102106,0.002741319554914058,balanced_accuracy,10,647,held-out fold,28
binary,r0f0,M3,permutation,freq_rolloff85_mean,0.006536481318034704,0.004114740263000732,balanced_accuracy,10,647,held-out fold,30
binary,r0f0,M3,permutation,time_hjorth_mobility,0.006439393939393934,0.004166666666666663,balanced_accuracy,10,647,held-out fold,31
binary,r0f0,M3,permutation,freq_centroid_mean,0.006439393939393934,0.004211668253170538,balanced_accuracy,10,647,held-out fold,31
binary,r0f0,M3,permutation,chroma_07_std,0.006439393939393934,0.003409090909090906,balanced_accuracy,10,647,held-out fold,31
binary,r0f0,M3,permutation,freq_band_power_350_400,0.006060606060606055,0.002512594538148028,balanced_accuracy,10,647,held-out fold,34
binary,r0f0,M3,permutation,mfcc_01_mean,0.006060606060606055,0.004545454545454542,balanced_accuracy,10,647,held-out fold,34
binary,r0f0,M3,permutation,dwt_cD4_mean_abs,0.006060606060606055,0.003471648253754421,balanced_accuracy,10,647,held-out fold,34
binary,r0f0,M3,permutation,mfcc_05_mean,0.00602088849661665,0.002277039129187274,balanced_accuracy,10,647,held-out fold,37
binary,r0f0,M3,permutation,mfcc_11_std,0.005817152103559886,0.0036315755750874496,balanced_accuracy,10,647,held-out fold,38
binary,r0f0,M3,permutation,mfcc_06_mean,0.005691379817593378,0.005206660511995811,balanced_accuracy,10,647,held-out fold,39
binary,r0f0,M3,permutation,chroma_05_mean,0.005681818181818177,0.0026141250800031384,balanced_accuracy,10,647,held-out fold,40
binary,r0f0,M3,permutation,mfcc_06_std,0.005622977346278324,0.0028962067477010466,balanced_accuracy,10,647,held-out fold,41
binary,r0f0,M3,permutation,chroma_08_std,0.005516328331862308,0.0028345889293742077,balanced_accuracy,10,647,held-out fold,42
binary,r0f0,M3,permutation,time_energy,0.005341276846131194,0.00594235070010119,balanced_accuracy,10,647,held-out fold,43
binary,r0f0,M3,permutation,time_duration,0.005341276846131194,0.00594235070010119,balanced_accuracy,10,647,held-out fold,43
binary,r0f0,M3,permutation,chroma_03_mean,0.005127978817299173,0.0022900677250991576,balanced_accuracy,10,647,held-out fold,45
binary,r0f0,M3,permutation,chroma_04_mean,0.005021329802883212,0.003416811453214901,balanced_accuracy,10,647,held-out fold,46
binary,r0f0,M3,permutation,freq_band_power_100_150,0.0049242424242424195,0.003409090909090906,balanced_accuracy,10,647,held-out fold,47
binary,r0f0,M3,permutation,dwt_cD3_mean_abs,0.00482715504560165,0.004366369444978687,balanced_accuracy,10,647,held-out fold,48
binary,r0f0,M3,permutation,mfcc_11_delta_mean,0.004768314210061797,0.003299788814198763,balanced_accuracy,10,647,held-out fold,49
binary,r0f0,M3,permutation,dwt_cA5_mean_abs,0.004739629302736081,0.0025517616651081977,balanced_accuracy,10,647,held-out fold,50
binary,r0f0,M3,permutation,env_kurtosis,0.004632980288320099,0.0037604980305155243,balanced_accuracy,10,647,held-out fold,51
binary,r0f0,M3,permutation,dwt_cD4_std,0.004545454545454542,0.003302196169348992,balanced_accuracy,10,647,held-out fold,52
binary,r0f0,M3,permutation,dwt_cD4_entropy,0.004457928802588984,0.0025044588561423118,balanced_accuracy,10,647,held-out fold,53
binary,r0f0,M3,permutation,mfcc_10_delta_mean,0.004370403059723438,0.003093630373757936,balanced_accuracy,10,647,held-out fold,54
binary,r0f0,M3,permutation,chroma_01_std,0.004360841423948225,0.0026875202393940915,balanced_accuracy,10,647,held-out fold,55
binary,r0f0,M3,permutation,time_median,0.004282877316857903,0.002855584702650828,balanced_accuracy,10,647,held-out fold,56
binary,r0f0,M3,permutation,env_peak_rate,0.0042049132097675915,0.004218079038455841,balanced_accuracy,10,647,held-out fold,57
binary,r0f0,M3,permutation,time_shannon_entropy,0.004107825831126799,0.0039719705765315395,balanced_accuracy,10,647,held-out fold,58
binary,r0f0,M3,permutation,env_skew,0.004079140923801095,0.00524360680356625,balanced_accuracy,10,647,held-out fold,59
binary,r0f0,M3,permutation,time_sample_entropy,0.004069579288025893,0.003171517368278734,balanced_accuracy,10,647,held-out fold,60
binary,r0f0,M3,permutation,freq_bandwidth_std,0.004001176816710794,0.0021924454783650705,balanced_accuracy,10,647,held-out fold,61
binary,r0f0,M3,permutation,time_max,0.003962930273609888,0.0014567147828199063,balanced_accuracy,10,647,held-out fold,62
binary,r0f0,M3,permutation,mfcc_07_delta_mean,0.0038945278022947893,0.004918179931898493,balanced_accuracy,10,647,held-out fold,63
binary,r0f0,M3,permutation,chroma_06_std,0.003894527802294767,0.0020071923703375337,balanced_accuracy,10,647,held-out fold,64
binary,r0f0,M3,permutation,mfcc_02_std,0.0038165636952045,0.006865558368470665,balanced_accuracy,10,647,held-out fold,65
binary,r0f0,M3,permutation,chroma_05_std,0.003719476316563719,0.003159400587973206,balanced_accuracy,10,647,held-out fold,66
binary,r0f0,M3,permutation,chroma_12_std,0.0035937040305972336,0.0033005644169660886,balanced_accuracy,10,647,held-out fold,67
binary,r0f0,M3,permutation,freq_flatness_std,0.003525301559282157,0.0029353834813634384,balanced_accuracy,10,647,held-out fold,68
binary,r0f0,M3,permutation,mfcc_09_delta_mean,0.0035253015592821347,0.0031492132624498575,balanced_accuracy,10,647,held-out fold,69
binary,r0f0,M3,permutation,freq_spectral_entropy,0.00341865254486613,0.002716340347530994,balanced_accuracy,10,647,held-out fold,70
binary,r0f0,M3,permutation,dwt_cD2_mean_abs,0.003409090909090906,0.002651515151515149,balanced_accuracy,10,647,held-out fold,71
binary,r0f0,M3,permutation,chroma_02_std,0.003312003530450125,0.0032629634954581344,balanced_accuracy,10,647,held-out fold,72
binary,r0f0,M3,permutation,mfcc_12_delta_mean,0.003243601059135037,0.0027593838629048676,balanced_accuracy,10,647,held-out fold,73
binary,r0f0,M3,permutation,time_range,0.003127390408943809,0.002476436032107107,balanced_accuracy,10,647,held-out fold,74
binary,r0f0,M3,permutation,time_peak_to_peak,0.003127390408943809,0.002476436032107107,balanced_accuracy,10,647,held-out fold,74
binary,r0f0,M3,permutation,time_std,0.0030303030303030277,0.002272727272727271,balanced_accuracy,10,647,held-out fold,76
binary,r0f0,M3,permutation,time_var,0.0030303030303030277,0.002272727272727271,balanced_accuracy,10,647,held-out fold,76
binary,r0f0,M3,permutation,time_rms,0.0030303030303030277,0.002272727272727271,balanced_accuracy,10,647,held-out fold,76
binary,r0f0,M3,permutation,time_hjorth_activity,0.0030303030303030277,0.002272727272727271,balanced_accuracy,10,647,held-out fold,76
binary,r0f0,M3,permutation,dwt_cA5_std,0.0029427772874374815,0.003725639491553572,balanced_accuracy,10,647,held-out fold,80
binary,r0f0,M3,permutation,chroma_09_mean,0.0029427772874374702,0.001722651037550589,balanced_accuracy,10,647,held-out fold,81
binary,r0f0,M3,permutation,mfcc_07_mean,0.0028456899087967113,0.0022369155695499948,balanced_accuracy,10,647,held-out fold,82
binary,r0f0,M3,permutation,freq_peak_power,0.002845689908796678,0.005786167171017304,balanced_accuracy,10,647,held-out fold,83
binary,r0f0,M3,permutation,dwt_cD1_energy,0.0028361282730214763,0.0023994605369142366,balanced_accuracy,10,647,held-out fold,84
binary,r0f0,M3,permutation,mfcc_10_std,0.0027964107090321377,0.0022372984903815223,balanced_accuracy,10,647,held-out fold,85
binary,r0f0,M3,permutation,chroma_11_std,0.002758164165931154,0.0036113802489334385,balanced_accuracy,10,647,held-out fold,86
binary,r0f0,M3,permutation,mfcc_08_mean,0.0027486025301559523,0.004058952954550869,balanced_accuracy,10,647,held-out fold,87
binary,r0f0,M3,permutation,time_kurtosis,0.0027390408943806952,0.0034831249336951644,balanced_accuracy,10,647,held-out fold,88
binary,r0f0,M3,permutation,mfcc_10_mean,0.0027390408943806952,0.003043444456762195,balanced_accuracy,10,647,held-out fold,88
binary,r0f0,M3,permutation,chroma_09_std,0.002651515151515149,0.0024254258475124406,balanced_accuracy,10,647,held-out fold,90
binary,r0f0,M3,permutation,env_mean,0.0026117975875257883,0.0058478672242657905,balanced_accuracy,10,647,held-out fold,91
binary,r0f0,M3,permutation,freq_flatness_mean,0.0025735510444248157,0.002037819126163457,balanced_accuracy,10,647,held-out fold,92
binary,r0f0,M3,permutation,env_std,0.0024764636657840567,0.002624865721008486,balanced_accuracy,10,647,held-out fold,93
binary,r0f0,M3,permutation,chroma_10_std,0.0024764636657840454,0.002176524539761169,balanced_accuracy,10,647,held-out fold,94
binary,r0f0,M3,permutation,mfcc_08_std,0.0023984995586937784,0.0026283575583301907,balanced_accuracy,10,647,held-out fold,95
binary,r0f0,M3,permutation,chroma_06_mean,0.0023793762871432977,0.0030631078416481503,balanced_accuracy,10,647,held-out fold,96
binary,r0f0,M3,permutation,freq_centroid_std,0.002263165636952036,0.002441682098702431,balanced_accuracy,10,647,held-out fold,97
binary,r0f0,M3,permutation,dwt_cD5_mean_abs,0.002185201529861747,0.005253824211032989,balanced_accuracy,10,647,held-out fold,98
binary,r0f0,M3,permutation,dwt_cD5_entropy,0.0021852015298617243,0.0025073494947936157,balanced_accuracy,10,647,held-out fold,99
binary,r0f0,M3,permutation,dwt_cD4_energy,0.0021852015298617134,0.0020378191261634765,balanced_accuracy,10,647,held-out fold,100
binary,r0f0,M3,permutation,mfcc_04_std,0.002107237422771413,0.0029584279075403953,balanced_accuracy,10,647,held-out fold,101
binary,r0f0,M3,permutation,chroma_12_mean,0.0020976757869961447,0.003592824802904263,balanced_accuracy,10,647,held-out fold,102
binary,r0f0,M3,permutation,chroma_08_mean,0.0020785525154457195,0.0030790670486000806,balanced_accuracy,10,647,held-out fold,103
binary,r0f0,M3,permutation,freq_rolloff95_std,0.0020197116799058447,0.003851209101995539,balanced_accuracy,10,647,held-out fold,104
binary,r0f0,M3,permutation,time_min,0.0020005884083554083,0.0017157111364778017,balanced_accuracy,10,647,held-out fold,105
binary,r0f0,M3,permutation,dwt_cD1_mean_abs,0.0019910267725801734,0.0018177141792959054,balanced_accuracy,10,647,held-out fold,106
binary,r0f0,M3,permutation,time_crest_factor,0.001991026772580162,0.002009874444302844,balanced_accuracy,10,647,held-out fold,107
binary,r0f0,M3,permutation,dwt_cD3_energy,0.0017284495439835457,0.0015151515151514694,balanced_accuracy,10,647,held-out fold,108
binary,r0f0,M3,permutation,mfcc_12_mean,0.001718887908208322,0.0032290383678247343,balanced_accuracy,10,647,held-out fold,109
binary,r0f0,M3,permutation,mfcc_11_mean,0.001709326272433065,0.0019342811597877665,balanced_accuracy,10,647,held-out fold,110
binary,r0f0,M3,permutation,chroma_07_mean,0.0015151515151515138,0.002512594538148028,balanced_accuracy,10,647,held-out fold,111
binary,r0f0,M3,permutation,chroma_10_mean,0.0014371874080611913,0.004179890000325601,balanced_accuracy,10,647,held-out fold,112
binary,r0f0,M3,permutation,dwt_cD3_entropy,0.0014180641365107438,0.0017570012908566582,balanced_accuracy,10,647,held-out fold,113
binary,r0f0,M3,permutation,mfcc_05_delta_mean,0.0014180641365107328,0.003092211872589764,balanced_accuracy,10,647,held-out fold,114
binary,r0f0,M3,permutation,mfcc_09_mean,0.0014085025007354978,0.00251485691947022,balanced_accuracy,10,647,held-out fold,115
binary,r0f0,M3,permutation,mfcc_05_std,0.001397469844071797,0.005884354767212326,balanced_accuracy,10,647,held-out fold,116
binary,r0f0,M3,permutation,freq_dominant,0.0009613121506325429,0.0023675692763567434,balanced_accuracy,10,647,held-out fold,117
binary,r0f0,M3,permutation,mfcc_03_std,0.0009613121506325206,0.0038571068840431632,balanced_accuracy,10,647,held-out fold,118
binary,r0f0,M3,permutation,time_hjorth_complexity,0.000951750514857308,0.0038150682139422654,balanced_accuracy,10,647,held-out fold,119
binary,r0f0,M3,permutation,time_autocorr_peak_lag,0.0005634010002941947,0.0016555070634179363,balanced_accuracy,10,647,held-out fold,120
binary,r0f0,M3,permutation,freq_total_power,0.000553839364518971,0.003123370973728757,balanced_accuracy,10,647,held-out fold,121
binary,r0f0,M3,permutation,mfcc_07_std,0.00047587525742864845,0.0015540764811773512,balanced_accuracy,10,647,held-out fold,122
binary,r0f0,M3,permutation,freq_band_power_150_250,0.00037878787878787846,0.0011363636363636352,balanced_accuracy,10,647,held-out fold,123
binary,r0f0,M3,permutation,dwt_cD2_energy,0.00037878787878787846,0.0011363636363636352,balanced_accuracy,10,647,held-out fold,123
binary,r0f0,M3,permutation,chroma_11_mean,0.00030082377169755593,0.003770683728386611,balanced_accuracy,10,647,held-out fold,125
binary,r0f0,M3,permutation,freq_band_power_20_50,0.00028170050014709737,0.001204037786075032,balanced_accuracy,10,647,held-out fold,126
binary,r0f0,M3,permutation,mfcc_13_mean,0.00028170050014709737,0.0026812156338051744,balanced_accuracy,10,647,held-out fold,126
binary,r0f0,M3,permutation,mfcc_04_delta_mean,0.00019417475728155108,0.003903120738764287,balanced_accuracy,10,647,held-out fold,128
binary,r0f0,M3,permutation,mfcc_13_std,-0.00037878787878787846,0.0029355810386321986,balanced_accuracy,10,647,held-out fold,129
binary,r0f0,M3,permutation,freq_flux_mean,-0.0004567519858782121,0.003381923811543848,balanced_accuracy,10,647,held-out fold,130
binary,r0f0,M3,permutation,mfcc_06_delta_mean,-0.0005634010002942058,0.0027828768347598867,balanced_accuracy,10,647,held-out fold,131
binary,r0f0,M3,permutation,mfcc_01_delta_mean,-0.0007384524860253539,0.0034080417526578073,balanced_accuracy,10,647,held-out fold,132
binary,r0f0,M3,permutation,freq_band_power_50_100,-0.0009326272433068606,0.0027755572023461525,balanced_accuracy,10,647,held-out fold,133
binary,r0f0,M3,permutation,time_mean,-0.0010297146219476305,0.004245845129034322,balanced_accuracy,10,647,held-out fold,134
binary,r0f0,M3,permutation,mfcc_13_delta_mean,-0.001214327743453969,0.0025073494947936556,balanced_accuracy,10,647,held-out fold,135
binary,r0f0,M3,permutation,mfcc_08_delta_mean,-0.0013305383936451642,0.0033234582078648964,balanced_accuracy,10,647,held-out fold,136
binary,r0f0,M3,permutation,freq_flux_std,-0.003787878787878796,0.004105990595873258,balanced_accuracy,10,647,held-out fold,137
binary,r0f0,M3,permutation,mfcc_02_delta_mean,-0.004526331273904061,0.0026789188664314875,balanced_accuracy,10,647,held-out fold,138
binary,r0f0,M4,impurity,time_zcr_mean,0.06646062669788995,,mean decrease in impurity,0,0,train,1
binary,r0f0,M4,impurity,mfcc_04_mean,0.060856126553966286,,mean decrease in impurity,0,0,train,2
binary,r0f0,M4,impurity,dwt_cD1_entropy,0.05953214018666161,,mean decrease in impurity,0,0,train,3
binary,r0f0,M4,impurity,dwt_cD2_entropy,0.03925375314806611,,mean decrease in impurity,0,0,train,4
binary,r0f0,M4,impurity,dwt_cA5_energy,0.022800653165203154,,mean decrease in impurity,0,0,train,5
binary,r0f0,M4,impurity,dwt_cA5_mean_abs,0.021864696585417225,,mean decrease in impurity,0,0,train,6
binary,r0f0,M4,impurity,mfcc_05_mean,0.018801286286576017,,mean decrease in impurity,0,0,train,7
binary,r0f0,M4,impurity,time_hjorth_complexity,0.018579050670708162,,mean decrease in impurity,0,0,train,8
binary,r0f0,M4,impurity,mfcc_06_mean,0.017744751331740496,,mean decrease in impurity,0,0,train,9
binary,r0f0,M4,impurity,mfcc_01_std,0.01748522542577169,,mean decrease in impurity,0,0,train,10
binary,r0f0,M4,impurity,time_duration,0.016030357583344625,,mean decrease in impurity,0,0,train,11
binary,r0f0,M4,impurity,time_energy,0.01534060515118454,,mean decrease in impurity,0,0,train,12
binary,r0f0,M4,impurity,dwt_cD5_mean_abs,0.01475461646265561,,mean decrease in impurity,0,0,train,13
binary,r0f0,M4,impurity,mfcc_08_mean,0.01428481967238895,,mean decrease in impurity,0,0,train,14
binary,r0f0,M4,impurity,time_iqr,0.012700942224421415,,mean decrease in impurity,0,0,train,15
binary,r0f0,M4,impurity,dwt_cA5_std,0.012580795810004397,,mean decrease in impurity,0,0,train,16
binary,r0f0,M4,impurity,dwt_cD1_energy,0.012493163415069567,,mean decrease in impurity,0,0,train,17
binary,r0f0,M4,impurity,freq_centroid_mean,0.012395675910661416,,mean decrease in impurity,0,0,train,18
binary,r0f0,M4,impurity,mfcc_07_mean,0.01193085903826975,,mean decrease in impurity,0,0,train,19
binary,r0f0,M4,impurity,dwt_cD5_energy,0.011529700642036341,,mean decrease in impurity,0,0,train,20
binary,r0f0,M4,impurity,freq_band_power_250_350,0.011523096394714945,,mean decrease in impurity,0,0,train,21
binary,r0f0,M4,impurity,time_zcr_std,0.010747753127645221,,mean decrease in impurity,0,0,train,22
binary,r0f0,M4,impurity,chroma_12_mean,0.009646934087735292,,mean decrease in impurity,0,0,train,23
binary,r0f0,M4,impurity,dwt_cD3_entropy,0.009398681738482238,,mean decrease in impurity,0,0,train,24
binary,r0f0,M4,impurity,dwt_cD4_energy,0.009346107602925648,,mean decrease in impurity,0,0,train,25
binary,r0f0,M4,impurity,dwt_cD2_energy,0.009308301115414455,,mean decrease in impurity,0,0,train,26
binary,r0f0,M4,impurity,freq_band_power_350_400,0.00908177437141968,,mean decrease in impurity,0,0,train,27
binary,r0f0,M4,impurity,dwt_cD1_std,0.009003650808472543,,mean decrease in impurity,0,0,train,28
binary,r0f0,M4,impurity,dwt_cD4_mean_abs,0.008640518928290456,,mean decrease in impurity,0,0,train,29
binary,r0f0,M4,impurity,dwt_cD4_std,0.00832067320163653,,mean decrease in impurity,0,0,train,30
binary,r0f0,M4,impurity,env_mean,0.00802478924005196,,mean decrease in impurity,0,0,train,31
binary,r0f0,M4,impurity,mfcc_03_mean,0.007579212360640841,,mean decrease in impurity,0,0,train,32
binary,r0f0,M4,impurity,chroma_01_mean,0.0073284697527125735,,mean decrease in impurity,0,0,train,33
binary,r0f0,M4,impurity,dwt_cD3_mean_abs,0.006897958519753207,,mean decrease in impurity,0,0,train,34
binary,r0f0,M4,impurity,freq_band_power_50_100,0.006819139998651294,,mean decrease in impurity,0,0,train,35
binary,r0f0,M4,impurity,mfcc_11_mean,0.006715789279571494,,mean decrease in impurity,0,0,train,36
binary,r0f0,M4,impurity,time_sample_entropy,0.0065600943662972415,,mean decrease in impurity,0,0,train,37
binary,r0f0,M4,impurity,freq_flux_mean,0.006556507644456186,,mean decrease in impurity,0,0,train,38
binary,r0f0,M4,impurity,dwt_cD2_std,0.006457917142574663,,mean decrease in impurity,0,0,train,39
binary,r0f0,M4,impurity,mfcc_12_mean,0.00615055047463961,,mean decrease in impurity,0,0,train,40
binary,r0f0,M4,impurity,dwt_cD5_std,0.0057906993004915,,mean decrease in impurity,0,0,train,41
binary,r0f0,M4,impurity,time_peak_to_peak,0.005751067768638059,,mean decrease in impurity,0,0,train,42
binary,r0f0,M4,impurity,env_std,0.0056372379506518565,,mean decrease in impurity,0,0,train,43
binary,r0f0,M4,impurity,time_range,0.005571668888352401,,mean decrease in impurity,0,0,train,44
binary,r0f0,M4,impurity,mfcc_05_std,0.005316692540558057,,mean decrease in impurity,0,0,train,45
binary,r0f0,M4,impurity,freq_rolloff85_mean,0.005274888846467795,,mean decrease in impurity,0,0,train,46
binary,r0f0,M4,impurity,mfcc_10_mean,0.0052588523046831915,,mean decrease in impurity,0,0,train,47
binary,r0f0,M4,impurity,time_autocorr_peak_lag,0.00514431355614935,,mean decrease in impurity,0,0,train,48
binary,r0f0,M4,impurity,mfcc_02_mean,0.005124471532997623,,mean decrease in impurity,0,0,train,49
binary,r0f0,M4,impurity,chroma_02_mean,0.005122129650703981,,mean decrease in impurity,0,0,train,50
binary,r0f0,M4,impurity,time_max,0.005085187648927996,,mean decrease in impurity,0,0,train,51
binary,r0f0,M4,impurity,mfcc_13_mean,0.0049636392072321105,,mean decrease in impurity,0,0,train,52
binary,r0f0,M4,impurity,dwt_cA5_entropy,0.004864869801487585,,mean decrease in impurity,0,0,train,53
binary,r0f0,M4,impurity,dwt_cD1_mean_abs,0.004693894363088231,,mean decrease in impurity,0,0,train,54
binary,r0f0,M4,impurity,freq_flux_std,0.0046838283197588645,,mean decrease in impurity,0,0,train,55
binary,r0f0,M4,impurity,time_autocorr_peak_value,0.004669358913924808,,mean decrease in impurity,0,0,train,56
binary,r0f0,M4,impurity,time_crest_factor,0.004555727478517682,,mean decrease in impurity,0,0,train,57
binary,r0f0,M4,impurity,mfcc_07_delta_mean,0.004401514432062284,,mean decrease in impurity,0,0,train,58
binary,r0f0,M4,impurity,chroma_03_mean,0.00437846648857122,,mean decrease in impurity,0,0,train,59
binary,r0f0,M4,impurity,dwt_cD3_energy,0.004250251006955896,,mean decrease in impurity,0,0,train,60
binary,r0f0,M4,impurity,mfcc_06_std,0.004234995443163992,,mean decrease in impurity,0,0,train,61
binary,r0f0,M4,impurity,freq_band_power_100_150,0.0042063994590892636,,mean decrease in impurity,0,0,train,62
binary,r0f0,M4,impurity,dwt_cD2_mean_abs,0.004179540425000302,,mean decrease in impurity,0,0,train,63
binary,r0f0,M4,impurity,freq_centroid_std,0.004152957355995684,,mean decrease in impurity,0,0,train,64
binary,r0f0,M4,impurity,mfcc_04_std,0.004114155063776942,,mean decrease in impurity,0,0,train,65
binary,r0f0,M4,impurity,chroma_07_mean,0.00410386840112475,,mean decrease in impurity,0,0,train,66
binary,r0f0,M4,impurity,mfcc_01_mean,0.004092015982016879,,mean decrease in impurity,0,0,train,67
binary,r0f0,M4,impurity,freq_band_power_20_50,0.004067990065046455,,mean decrease in impurity,0,0,train,68
binary,r0f0,M4,impurity,chroma_07_std,0.00406786951480245,,mean decrease in impurity,0,0,train,69
binary,r0f0,M4,impurity,time_hjorth_mobility,0.004064630273315188,,mean decrease in impurity,0,0,train,70
binary,r0f0,M4,impurity,chroma_11_mean,0.004034484790082135,,mean decrease in impurity,0,0,train,71
binary,r0f0,M4,impurity,freq_rolloff85_std,0.004012813603862813,,mean decrease in impurity,0,0,train,72
binary,r0f0,M4,impurity,dwt_cD3_std,0.004009393808985334,,mean decrease in impurity,0,0,train,73
binary,r0f0,M4,impurity,freq_bandwidth_mean,0.0040003088866163205,,mean decrease in impurity,0,0,train,74
binary,r0f0,M4,impurity,mfcc_09_mean,0.003999910746617895,,mean decrease in impurity,0,0,train,75
binary,r0f0,M4,impurity,mfcc_08_std,0.003913487406380369,,mean decrease in impurity,0,0,train,76
binary,r0f0,M4,impurity,chroma_06_mean,0.0038953917179828735,,mean decrease in impurity,0,0,train,77
binary,r0f0,M4,impurity,chroma_08_std,0.0038341812398816214,,mean decrease in impurity,0,0,train,78
binary,r0f0,M4,impurity,mfcc_01_delta_mean,0.0038040311302455906,,mean decrease in impurity,0,0,train,79
binary,r0f0,M4,impurity,freq_band_power_150_250,0.003767177530218218,,mean decrease in impurity,0,0,train,80
binary,r0f0,M4,impurity,freq_rolloff95_mean,0.003740473404811906,,mean decrease in impurity,0,0,train,81
binary,r0f0,M4,impurity,chroma_06_std,0.0037271266808927873,,mean decrease in impurity,0,0,train,82
binary,r0f0,M4,impurity,chroma_05_std,0.003718933596605784,,mean decrease in impurity,0,0,train,83
binary,r0f0,M4,impurity,mfcc_06_delta_mean,0.003639218443917515,,mean decrease in impurity,0,0,train,84
binary,r0f0,M4,impurity,mfcc_11_std,0.0036368859806634856,,mean decrease in impurity,0,0,train,85
binary,r0f0,M4,impurity,mfcc_02_delta_mean,0.0035910771546098594,,mean decrease in impurity,0,0,train,86
binary,r0f0,M4,impurity,mfcc_10_std,0.0035585652817732936,,mean decrease in impurity,0,0,train,87
binary,r0f0,M4,impurity,env_peak_rate,0.003531001963612045,,mean decrease in impurity,0,0,train,88
binary,r0f0,M4,impurity,freq_spectral_entropy,0.0034996029587786343,,mean decrease in impurity,0,0,train,89
binary,r0f0,M4,impurity,chroma_04_mean,0.003465620737975866,,mean decrease in impurity,0,0,train,90
binary,r0f0,M4,impurity,time_skewness,0.003443178662773383,,mean decrease in impurity,0,0,train,91
binary,r0f0,M4,impurity,freq_rolloff95_std,0.003439437086679781,,mean decrease in impurity,0,0,train,92
binary,r0f0,M4,impurity,mfcc_07_std,0.0034365377071033858,,mean decrease in impurity,0,0,train,93
binary,r0f0,M4,impurity,chroma_10_mean,0.0034345211185860553,,mean decrease in impurity,0,0,train,94
binary,r0f0,M4,impurity,freq_peak_power,0.0033836625454542173,,mean decrease in impurity,0,0,train,95
binary,r0f0,M4,impurity,time_median,0.0033677663829634165,,mean decrease in impurity,0,0,train,96
binary,r0f0,M4,impurity,env_kurtosis,0.003339936658941088,,mean decrease in impurity,0,0,train,97
binary,r0f0,M4,impurity,mfcc_13_delta_mean,0.003330722623403055,,mean decrease in impurity,0,0,train,98
binary,r0f0,M4,impurity,mfcc_09_std,0.0033282923602443695,,mean decrease in impurity,0,0,train,99
binary,r0f0,M4,impurity,mfcc_03_std,0.003320401088904016,,mean decrease in impurity,0,0,train,100
binary,r0f0,M4,impurity,mfcc_13_std,0.0032645000381235846,,mean decrease in impurity,0,0,train,101
binary,r0f0,M4,impurity,dwt_cD5_entropy,0.0032344312474447585,,mean decrease in impurity,0,0,train,102
binary,r0f0,M4,impurity,chroma_09_mean,0.003218715753096237,,mean decrease in impurity,0,0,train,103
binary,r0f0,M4,impurity,dwt_cD4_entropy,0.003216350454313674,,mean decrease in impurity,0,0,train,104
binary,r0f0,M4,impurity,mfcc_10_delta_mean,0.0031795652526756825,,mean decrease in impurity,0,0,train,105
binary,r0f0,M4,impurity,freq_flatness_mean,0.0031767554035316966,,mean decrease in impurity,0,0,train,106
binary,r0f0,M4,impurity,freq_flatness_std,0.0031722197029439045,,mean decrease in impurity,0,0,train,107
binary,r0f0,M4,impurity,mfcc_12_std,0.0031717910350318374,,mean decrease in impurity,0,0,train,108
binary,r0f0,M4,impurity,chroma_01_std,0.0031399338442293675,,mean decrease in impurity,0,0,train,109
binary,r0f0,M4,impurity,mfcc_04_delta_mean,0.003107196505008343,,mean decrease in impurity,0,0,train,110
binary,r0f0,M4,impurity,freq_bandwidth_std,0.0031067027243423407,,mean decrease in impurity,0,0,train,111
binary,r0f0,M4,impurity,chroma_04_std,0.003080243955035807,,mean decrease in impurity,0,0,train,112
binary,r0f0,M4,impurity,time_min,0.003007450442518446,,mean decrease in impurity,0,0,train,113
binary,r0f0,M4,impurity,chroma_12_std,0.0029353137568721736,,mean decrease in impurity,0,0,train,114
binary,r0f0,M4,impurity,mfcc_02_std,0.0029190514501749817,,mean decrease in impurity,0,0,train,115
binary,r0f0,M4,impurity,chroma_08_mean,0.002890162887608913,,mean decrease in impurity,0,0,train,116
binary,r0f0,M4,impurity,time_kurtosis,0.0028493013338018545,,mean decrease in impurity,0,0,train,117
binary,r0f0,M4,impurity,mfcc_12_delta_mean,0.0028485482062471255,,mean decrease in impurity,0,0,train,118
binary,r0f0,M4,impurity,chroma_05_mean,0.0027947677088439415,,mean decrease in impurity,0,0,train,119
binary,r0f0,M4,impurity,freq_dominant,0.0027846152080587138,,mean decrease in impurity,0,0,train,120
binary,r0f0,M4,impurity,chroma_10_std,0.0027834294426335006,,mean decrease in impurity,0,0,train,121
binary,r0f0,M4,impurity,mfcc_08_delta_mean,0.0027623390857053325,,mean decrease in impurity,0,0,train,122
binary,r0f0,M4,impurity,mfcc_03_delta_mean,0.002760591067054511,,mean decrease in impurity,0,0,train,123
binary,r0f0,M4,impurity,chroma_02_std,0.0027525263975965476,,mean decrease in impurity,0,0,train,124
binary,r0f0,M4,impurity,chroma_03_std,0.0027106079389125023,,mean decrease in impurity,0,0,train,125
binary,r0f0,M4,impurity,mfcc_11_delta_mean,0.0026704645501664007,,mean decrease in impurity,0,0,train,126
binary,r0f0,M4,impurity,time_shannon_entropy,0.002664513606796652,,mean decrease in impurity,0,0,train,127
binary,r0f0,M4,impurity,chroma_11_std,0.0026420321902068883,,mean decrease in impurity,0,0,train,128
binary,r0f0,M4,impurity,env_skew,0.0026314422280350244,,mean decrease in impurity,0,0,train,129
binary,r0f0,M4,impurity,time_hjorth_activity,0.0026204120450917636,,mean decrease in impurity,0,0,train,130
binary,r0f0,M4,impurity,mfcc_05_delta_mean,0.0026007771251562346,,mean decrease in impurity,0,0,train,131
binary,r0f0,M4,impurity,time_std,0.002597981755775808,,mean decrease in impurity,0,0,train,132
binary,r0f0,M4,impurity,time_mean,0.002493037128433548,,mean decrease in impurity,0,0,train,133
binary,r0f0,M4,impurity,mfcc_09_delta_mean,0.002425901192320726,,mean decrease in impurity,0,0,train,134
binary,r0f0,M4,impurity,freq_total_power,0.002407873234582254,,mean decrease in impurity,0,0,train,135
binary,r0f0,M4,impurity,time_rms,0.0023666836462278118,,mean decrease in impurity,0,0,train,136
binary,r0f0,M4,impurity,chroma_09_std,0.002331689465659021,,mean decrease in impurity,0,0,train,137
binary,r0f0,M4,impurity,time_var,0.002124989588499099,,mean decrease in impurity,0,0,train,138
binary,r0f0,M4,permutation,time_zcr_mean,0.03471609296852011,0.007101637291611948,balanced_accuracy,10,647,held-out fold,1
binary,r0f0,M4,permutation,mfcc_04_mean,0.017454398352456556,0.00874543905923675,balanced_accuracy,10,647,held-out fold,2
binary,r0f0,M4,permutation,dwt_cD1_entropy,0.013270079435127946,0.0052893304805394425,balanced_accuracy,10,647,held-out fold,3
binary,r0f0,M4,permutation,dwt_cD1_std,0.005080170638422999,0.0015953730179396502,balanced_accuracy,10,647,held-out fold,4
binary,r0f0,M4,permutation,freq_bandwidth_mean,0.004876434245366212,0.0015151515151514694,balanced_accuracy,10,647,held-out fold,5
binary,r0f0,M4,permutation,freq_band_power_250_350,0.004594733745219126,0.0018216948604377725,balanced_accuracy,10,647,held-out fold,6
binary,r0f0,M4,permutation,dwt_cD1_energy,0.004313033245072029,0.0018566742922253418,balanced_accuracy,10,647,held-out fold,7
binary,r0f0,M4,permutation,mfcc_07_std,0.0037878787878786735,0.0,balanced_accuracy,10,647,held-out fold,8
binary,r0f0,M4,permutation,chroma_09_mean,0.0037878787878786735,0.0,balanced_accuracy,10,647,held-out fold,8
binary,r0f0,M4,permutation,mfcc_11_std,0.0036907914092379037,0.00029126213592230995,balanced_accuracy,10,647,held-out fold,10
binary,r0f0,M4,permutation,freq_rolloff95_mean,0.0028170050014709735,0.0,balanced_accuracy,10,647,held-out fold,11
binary,r0f0,M4,permutation,time_hjorth_mobility,0.0027199176228302037,0.0005228315346732167,balanced_accuracy,10,647,held-out fold,12
binary,r0f0,M4,permutation,mfcc_13_std,0.0026228302441894226,0.0005825242718446533,balanced_accuracy,10,647,held-out fold,13
binary,r0f0,M4,permutation,dwt_cD2_std,0.0023315681082671236,0.00048543689320385,balanced_accuracy,10,647,held-out fold,14
binary,r0f0,M4,permutation,dwt_cD3_mean_abs,0.0023315681082671236,0.00048543689320385,balanced_accuracy,10,647,held-out fold,14
binary,r0f0,M4,permutation,freq_band_power_150_250,0.002253604001176757,0.0016555070634179155,balanced_accuracy,10,647,held-out fold,16
binary,r0f0,M4,permutation,freq_flux_mean,0.002146954986760774,0.0014807578964058377,balanced_accuracy,10,647,held-out fold,17
binary,r0f0,M4,permutation,mfcc_02_mean,0.002146954986760774,0.0015431017884750722,balanced_accuracy,10,647,held-out fold,17
binary,r0f0,M4,permutation,dwt_cD1_mean_abs,0.0021373933509855835,0.0004449102616461673,balanced_accuracy,10,647,held-out fold,19
binary,r0f0,M4,permutation,mfcc_01_std,0.002068990879670429,0.001939961048615203,balanced_accuracy,10,647,held-out fold,20
binary,r0f0,M4,permutation,freq_spectral_entropy,0.0020403059723448137,0.00038834951456308,balanced_accuracy,10,647,held-out fold,21
binary,r0f0,M4,permutation,mfcc_06_std,0.0018748161223888782,0.0019955564073994144,balanced_accuracy,10,647,held-out fold,22
binary,r0f0,M4,permutation,mfcc_01_mean,0.001846131215063218,0.00261758650144874,balanced_accuracy,10,647,held-out fold,23
binary,r0f0,M4,permutation,dwt_cD4_mean_abs,0.0017777287437481081,0.0018216948604378106,balanced_accuracy,10,647,held-out fold,24
binary,r0f0,M4,permutation,chroma_02_mean,0.0016997646366577856,0.0019333447114719975,balanced_accuracy,10,647,held-out fold,25
binary,r0f0,M4,permutation,dwt_cD5_entropy,0.001690203000882562,0.0018372656343848552,balanced_accuracy,10,647,held-out fold,26
binary,r0f0,M4,permutation,dwt_cD4_entropy,0.001690203000882551,0.002027573785473633,balanced_accuracy,10,647,held-out fold,27
binary,r0f0,M4,permutation,mfcc_10_mean,0.0015151515151514694,0.0018556740475629576,balanced_accuracy,10,647,held-out fold,28
binary,r0f0,M4,permutation,dwt_cD2_mean_abs,0.001457781700500127,0.00077669902912621,balanced_accuracy,10,647,held-out fold,29
binary,r0f0,M4,permutation,time_shannon_entropy,0.0013209767578699183,0.0018566742922253416,balanced_accuracy,10,647,held-out fold,30
binary,r0f0,M4,permutation,freq_rolloff85_std,0.0013209767578699072,0.0020451772225552386,balanced_accuracy,10,647,held-out fold,31
binary,r0f0,M4,permutation,freq_flatness_std,0.001320976757869885,0.0026556270472322028,balanced_accuracy,10,647,held-out fold,32
binary,r0f0,M4,permutation,time_kurtosis,0.0013114151220946836,0.0019527492020501565,balanced_accuracy,10,647,held-out fold,33
binary,r0f0,M4,permutation,mfcc_09_std,0.001039276257722832,0.0016071906297316179,balanced_accuracy,10,647,held-out fold,34
binary,r0f0,M4,permutation,dwt_cD3_std,0.0010010297146219038,0.0020615596774879383,balanced_accuracy,10,647,held-out fold,35
binary,r0f0,M4,permutation,freq_rolloff95_std,0.0008355398646660462,0.0016609812697977633,balanced_accuracy,10,647,held-out fold,36
binary,r0f0,M4,permutation,time_var,0.0007575757575757347,0.0015151515151514694,balanced_accuracy,10,647,held-out fold,37
binary,r0f0,M4,permutation,freq_total_power,0.0007575757575757347,0.0015151515151514694,balanced_accuracy,10,647,held-out fold,37
binary,r0f0,M4,permutation,mfcc_03_std,0.0007575757575757347,0.0015151515151514694,balanced_accuracy,10,647,held-out fold,37
binary,r0f0,M4,permutation,chroma_06_mean,0.0007575757575757347,0.0015151515151514694,balanced_accuracy,10,647,held-out fold,37
binary,r0f0,M4,permutation,env_peak_rate,0.0007480141218004999,0.0016281584880601802,balanced_accuracy,10,647,held-out fold,41
binary,r0f0,M4,permutation,mfcc_10_delta_mean,0.0007480141218004887,0.0018402202331489251,balanced_accuracy,10,647,held-out fold,42
binary,r0f0,M4,permutation,dwt_cA5_entropy,0.0007384524860252428,0.002159970655167553,balanced_accuracy,10,647,held-out fold,43
binary,r0f0,M4,permutation,dwt_cD3_entropy,0.0007384524860252428,0.002462530707426976,balanced_accuracy,10,647,held-out fold,43
binary,r0f0,M4,permutation,time_rms,0.0006604883789349536,0.001589848997401169,balanced_accuracy,10,647,held-out fold,45
binary,r0f0,M4,permutation,time_hjorth_activity,0.0006604883789349536,0.001589848997401169,balanced_accuracy,10,647,held-out fold,45
binary,r0f0,M4,permutation,chroma_08_mean,0.0006509267431597188,0.0017519983836850352,balanced_accuracy,10,647,held-out fold,47
binary,r0f0,M4,permutation,dwt_cD2_energy,0.0006031185642836001,0.003121147908111818,balanced_accuracy,10,647,held-out fold,48
binary,r0f0,M4,permutation,dwt_cD4_std,0.0005634010002941725,0.001655507063417893,balanced_accuracy,10,647,held-out fold,49
binary,r0f0,M4,permutation,mfcc_03_delta_mean,0.0005538393645189265,0.0019564551548756953,balanced_accuracy,10,647,held-out fold,50
binary,r0f0,M4,permutation,dwt_cA5_mean_abs,0.0005251544571932664,0.002326237568849487,balanced_accuracy,10,647,held-out fold,51
binary,r0f0,M4,permutation,freq_band_power_350_400,0.0005251544571932554,0.001906766532441112,balanced_accuracy,10,647,held-out fold,52
binary,r0f0,M4,permutation,dwt_cD5_std,0.0003883495145631244,0.0006440048136612719,balanced_accuracy,10,647,held-out fold,53
binary,r0f0,M4,permutation,chroma_04_std,0.00037878787878786735,0.001136363636363602,balanced_accuracy,10,647,held-out fold,54
binary,r0f0,M4,permutation,chroma_05_std,0.00037878787878786735,0.001136363636363602,balanced_accuracy,10,647,held-out fold,54
binary,r0f0,M4,permutation,mfcc_02_std,0.0003787878787878451,0.0020398351542175986,balanced_accuracy,10,647,held-out fold,56
binary,r0f0,M4,permutation,time_crest_factor,0.00037878787878782295,0.0026515151515151413,balanced_accuracy,10,647,held-out fold,57
binary,r0f0,M4,permutation,mfcc_07_delta_mean,0.00028170050014708625,0.0012040377860749996,balanced_accuracy,10,647,held-out fold,58
binary,r0f0,M4,permutation,chroma_05_mean,0.00028170050014708625,0.0012040377860749994,balanced_accuracy,10,647,held-out fold,58
binary,r0f0,M4,permutation,mfcc_01_delta_mean,0.00028170050014705297,0.0028150360067341024,balanced_accuracy,10,647,held-out fold,60
binary,r0f0,M4,permutation,time_autocorr_peak_lag,0.00018461312150630516,0.001260650525863765,balanced_accuracy,10,647,held-out fold,61
binary,r0f0,M4,permutation,chroma_06_std,0.00018461312150630516,0.001260650525863765,balanced_accuracy,10,647,held-out fold,61
binary,r0f0,M4,permutation,time_max,9.708737864071449e-05,0.0028210173013597287,balanced_accuracy,10,647,held-out fold,63
binary,r0f0,M4,permutation,mfcc_12_mean,8.752574286551296e-05,0.003137543846303734,balanced_accuracy,10,647,held-out fold,64
binary,r0f0,M4,permutation,chroma_12_std,7.796410709027812e-05,0.0016696806378715926,balanced_accuracy,10,647,held-out fold,65
binary,r0f0,M4,permutation,time_mean,0.0,0.0,balanced_accuracy,10,647,held-out fold,66
binary,r0f0,M4,permutation,mfcc_12_std,0.0,0.0,balanced_accuracy,10,647,held-out fold,66
binary,r0f0,M4,permutation,mfcc_11_delta_mean,0.0,0.0,balanced_accuracy,10,647,held-out fold,66
binary,r0f0,M4,permutation,chroma_07_std,0.0,0.0,balanced_accuracy,10,647,held-out fold,66
binary,r0f0,M4,permutation,chroma_09_std,0.0,0.0,balanced_accuracy,10,647,held-out fold,66
binary,r0f0,M4,permutation,chroma_11_std,0.0,0.0,balanced_accuracy,10,647,held-out fold,66
binary,r0f0,M4,permutation,time_std,-2.2204460492503132e-17,0.0016939908920452938,balanced_accuracy,10,647,held-out fold,72
binary,r0f0,M4,permutation,freq_dominant,-1.912327155049187e-05,0.0014670703056186524,balanced_accuracy,10,647,held-out fold,73
binary,r0f0,M4,permutation,mfcc_09_delta_mean,-9.70873786407922e-05,0.0014896067702270274,balanced_accuracy,10,647,held-out fold,74
binary,r0f0,M4,permutation,chroma_01_std,-9.70873786408033e-05,0.0017188480951365222,balanced_accuracy,10,647,held-out fold,75
binary,r0f0,M4,permutation,time_median,-0.0001941747572815622,0.0003883495145631244,balanced_accuracy,10,647,held-out fold,76
binary,r0f0,M4,permutation,mfcc_13_delta_mean,-0.0002912621359223433,0.0004449102616462182,balanced_accuracy,10,647,held-out fold,77
binary,r0f0,M4,permutation,env_skew,-0.0003008237716975892,0.0011263278038356277,balanced_accuracy,10,647,held-out fold,78
binary,r0f0,M4,permutation,mfcc_08_delta_mean,-0.0003787878787878896,0.0011363636363636688,balanced_accuracy,10,647,held-out fold,79
binary,r0f0,M4,permutation,time_min,-0.0003883495145631244,0.0004756290762685998,balanced_accuracy,10,647,held-out fold,80
binary,r0f0,M4,permutation,freq_band_power_100_150,-0.0003883495145631244,0.00047562907626859987,balanced_accuracy,10,647,held-out fold,80
binary,r0f0,M4,permutation,mfcc_13_mean,-0.0003883495145631244,0.0004756290762685998,balanced_accuracy,10,647,held-out fold,80
binary,r0f0,M4,permutation,mfcc_06_mean,-0.00043615769343926527,0.002529189424006465,balanced_accuracy,10,647,held-out fold,83
binary,r0f0,M4,permutation,env_kurtosis,-0.0004854368932039055,0.0004854368932039055,balanced_accuracy,10,647,held-out fold,84
binary,r0f0,M4,permutation,dwt_cA5_energy,-0.0004854368932039166,0.005712561465331563,balanced_accuracy,10,647,held-out fold,85
binary,r0f0,M4,permutation,env_std,-0.0004949985289791515,0.001141317178284282,balanced_accuracy,10,647,held-out fold,86
binary,r0f0,M4,permutation,mfcc_11_mean,-0.0004949985289791625,0.0019528794031338631,balanced_accuracy,10,647,held-out fold,87
binary,r0f0,M4,permutation,chroma_07_mean,-0.0005729626360694518,0.0011379962964181394,balanced_accuracy,10,647,held-out fold,88
binary,r0f0,M4,permutation,freq_bandwidth_std,-0.0005825242718446866,0.0004756290762685998,balanced_accuracy,10,647,held-out fold,89
binary,r0f0,M4,permutation,dwt_cA5_std,-0.0005825242718446866,0.0004756290762685998,balanced_accuracy,10,647,held-out fold,89
binary,r0f0,M4,permutation,freq_peak_power,-0.0005920859076199326,0.0011363636363636352,balanced_accuracy,10,647,held-out fold,91
binary,r0f0,M4,permutation,mfcc_12_delta_mean,-0.0007575757575758013,0.0022727272727272926,balanced_accuracy,10,647,held-out fold,92
binary,r0f0,M4,permutation,chroma_02_std,-0.0007575757575758235,0.002834588929374207,balanced_accuracy,10,647,held-out fold,93
binary,r0f0,M4,permutation,mfcc_08_std,-0.0007671373933510362,0.0020231031355012062,balanced_accuracy,10,647,held-out fold,94
binary,r0f0,M4,permutation,mfcc_09_mean,-0.0007958223006767184,0.0025421730840592153,balanced_accuracy,10,647,held-out fold,95
binary,r0f0,M4,permutation,mfcc_06_delta_mean,-0.0008546631362165491,0.001723057196115878,balanced_accuracy,10,647,held-out fold,96
binary,r0f0,M4,permutation,chroma_10_mean,-0.0008546631362165824,0.0022589866752973126,balanced_accuracy,10,647,held-out fold,97
binary,r0f0,M4,permutation,time_energy,-0.001020152986172429,0.004045132321224857,balanced_accuracy,10,647,held-out fold,98
binary,r0f0,M4,permutation,chroma_04_mean,-0.0010488378934981224,0.0014325930993255383,balanced_accuracy,10,647,held-out fold,99
binary,r0f0,M4,permutation,freq_band_power_20_50,-0.001058399529273346,0.0013076393188651803,balanced_accuracy,10,647,held-out fold,100
binary,r0f0,M4,permutation,mfcc_05_delta_mean,-0.0011363636363636686,0.0017358241268772615,balanced_accuracy,10,647,held-out fold,101
binary,r0f0,M4,permutation,mfcc_05_std,-0.0012525742865549193,0.0028483235246432666,balanced_accuracy,10,647,held-out fold,102
binary,r0f0,M4,permutation,dwt_cD5_mean_abs,-0.0013305383936452198,0.004118601642161985,balanced_accuracy,10,647,held-out fold,103
binary,r0f0,M4,permutation,dwt_cD3_energy,-0.0013496616651956894,0.0011363636363636352,balanced_accuracy,10,647,held-out fold,104
binary,r0f0,M4,permutation,dwt_cD5_energy,-0.0015055898793763455,0.002438713624883378,balanced_accuracy,10,647,held-out fold,105
binary,r0f0,M4,permutation,dwt_cD2_entropy,-0.001513680494263081,0.001881052107720616,balanced_accuracy,10,647,held-out fold,106
binary,r0f0,M4,permutation,freq_band_power_50_100,-0.0015438364224772405,0.003058898451278972,balanced_accuracy,10,647,held-out fold,107
binary,r0f0,M4,permutation,mfcc_04_std,-0.0016122388937923281,0.0019924020852152527,balanced_accuracy,10,647,held-out fold,108
binary,r0f0,M4,permutation,freq_rolloff85_mean,-0.0019321859370403538,0.001986414913361534,balanced_accuracy,10,647,held-out fold,109
binary,r0f0,M4,permutation,time_skewness,-0.002019711679905911,0.0014969442775406832,balanced_accuracy,10,647,held-out fold,110
binary,r0f0,M4,permutation,chroma_03_mean,-0.0021947631656369926,0.00194642580145422,balanced_accuracy,10,647,held-out fold,111
binary,r0f0,M4,permutation,chroma_03_std,-0.0022727272727273372,0.0018556740475630666,balanced_accuracy,10,647,held-out fold,112
binary,r0f0,M4,permutation,dwt_cD4_energy,-0.00228228890850255,0.0033201597279753072,balanced_accuracy,10,647,held-out fold,113
binary,r0f0,M4,permutation,chroma_11_mean,-0.0022918505442777737,0.001856674292225395,balanced_accuracy,10,647,held-out fold,114
binary,r0f0,M4,permutation,mfcc_08_mean,-0.0026213592233010007,0.0031194214518064744,balanced_accuracy,10,647,held-out fold,115
binary,r0f0,M4,permutation,env_mean,-0.0026610767872904282,0.0026420939797578177,balanced_accuracy,10,647,held-out fold,116
binary,r0f0,M4,permutation,freq_flatness_mean,-0.002748602530156008,0.0016071906297317065,balanced_accuracy,10,647,held-out fold,117
binary,r0f0,M4,permutation,freq_centroid_mean,-0.0027964107090320822,0.002221051080097583,balanced_accuracy,10,647,held-out fold,118
binary,r0f0,M4,permutation,mfcc_02_delta_mean,-0.0028552515445719796,0.0020377616515473824,balanced_accuracy,10,647,held-out fold,119
binary,r0f0,M4,permutation,mfcc_03_mean,-0.0030494263018535084,0.002364212946682285,balanced_accuracy,10,647,held-out fold,120
binary,r0f0,M4,permutation,time_hjorth_complexity,-0.003068549573403967,0.0024990298424836825,balanced_accuracy,10,647,held-out fold,121
binary,r0f0,M4,permutation,time_peak_to_peak,-0.0031178287731686294,0.0024078537194665906,balanced_accuracy,10,647,held-out fold,122
binary,r0f0,M4,permutation,time_range,-0.0031369520447190767,0.002086144779996113,balanced_accuracy,10,647,held-out fold,123
binary,r0f0,M4,permutation,chroma_01_mean,-0.0031369520447190992,0.0016973447365247808,balanced_accuracy,10,647,held-out fold,124
binary,r0f0,M4,permutation,time_zcr_std,-0.0031465136804943116,0.0022382533910196216,balanced_accuracy,10,647,held-out fold,125
binary,r0f0,M4,permutation,mfcc_07_mean,-0.003359811709326299,0.0017079521765271475,balanced_accuracy,10,647,held-out fold,126
binary,r0f0,M4,permutation,freq_centroid_std,-0.003409090909091006,0.0011363636363636688,balanced_accuracy,10,647,held-out fold,127
binary,r0f0,M4,permutation,chroma_10_std,-0.003409090909091006,0.0011363636363636688,balanced_accuracy,10,647,held-out fold,127
binary,r0f0,M4,permutation,freq_flux_std,-0.003700353045013294,0.0021399826472601616,balanced_accuracy,10,647,held-out fold,129
binary,r0f0,M4,permutation,mfcc_10_std,-0.003700353045013316,0.0024978122028883726,balanced_accuracy,10,647,held-out fold,130
binary,r0f0,M4,permutation,mfcc_04_delta_mean,-0.0037099146807885288,0.0024565172375681185,balanced_accuracy,10,647,held-out fold,131
binary,r0f0,M4,permutation,time_autocorr_peak_value,-0.0038356869667549587,0.0018939393939393367,balanced_accuracy,10,647,held-out fold,132
binary,r0f0,M4,permutation,time_duration,-0.003953368637834687,0.002756434193170757,balanced_accuracy,10,647,held-out fold,133
binary,r0f0,M4,permutation,chroma_08_std,-0.004166666666666719,0.0023975051391069944,balanced_accuracy,10,647,held-out fold,134
binary,r0f0,M4,permutation,chroma_12_mean,-0.004185789938217177,0.0012180126241086492,balanced_accuracy,10,647,held-out fold,135
binary,r0f0,M4,permutation,time_sample_entropy,-0.004526331273904105,0.0023488435926215124,balanced_accuracy,10,647,held-out fold,136
binary,r0f0,M4,permutation,time_iqr,-0.00892541924095327,0.003887277073524419,balanced_accuracy,10,647,held-out fold,137
binary,r0f0,M4,permutation,mfcc_05_mean,-0.009022506619594028,0.003320236307304913,balanced_accuracy,10,647,held-out fold,138
binary,r0f0,M5,impurity,mfcc_04_mean,0.2389503899065318,,mean decrease in impurity,0,0,train,1
binary,r0f0,M5,impurity,time_zcr_mean,0.15642384366153847,,mean decrease in impurity,0,0,train,2
binary,r0f0,M5,impurity,dwt_cD1_entropy,0.12677498174141705,,mean decrease in impurity,0,0,train,3
binary,r0f0,M5,impurity,dwt_cD1_energy,0.05642173754200588,,mean decrease in impurity,0,0,train,4
binary,r0f0,M5,impurity,dwt_cD5_energy,0.03971648267369855,,mean decrease in impurity,0,0,train,5
binary,r0f0,M5,impurity,time_iqr,0.031241495603808477,,mean decrease in impurity,0,0,train,6
binary,r0f0,M5,impurity,dwt_cA5_energy,0.019797344883642064,,mean decrease in impurity,0,0,train,7
binary,r0f0,M5,impurity,time_energy,0.016191905398680408,,mean decrease in impurity,0,0,train,8
binary,r0f0,M5,impurity,dwt_cD4_mean_abs,0.015098028328298782,,mean decrease in impurity,0,0,train,9
binary,r0f0,M5,impurity,time_duration,0.014462477463725736,,mean decrease in impurity,0,0,train,10
binary,r0f0,M5,impurity,mfcc_01_std,0.012297231374143352,,mean decrease in impurity,0,0,train,11
binary,r0f0,M5,impurity,dwt_cD5_mean_abs,0.0112402269198652,,mean decrease in impurity,0,0,train,12
binary,r0f0,M5,impurity,freq_band_power_250_350,0.009981183842518709,,mean decrease in impurity,0,0,train,13
binary,r0f0,M5,impurity,time_autocorr_peak_value,0.009828671028852152,,mean decrease in impurity,0,0,train,14
binary,r0f0,M5,impurity,mfcc_02_mean,0.008596924409692966,,mean decrease in impurity,0,0,train,15
binary,r0f0,M5,impurity,mfcc_05_mean,0.007846174107820687,,mean decrease in impurity,0,0,train,16
binary,r0f0,M5,impurity,mfcc_06_delta_mean,0.007779954393852604,,mean decrease in impurity,0,0,train,17
binary,r0f0,M5,impurity,time_hjorth_complexity,0.006460497430515724,,mean decrease in impurity,0,0,train,18
binary,r0f0,M5,impurity,mfcc_13_delta_mean,0.005608670533858905,,mean decrease in impurity,0,0,train,19
binary,r0f0,M5,impurity,mfcc_07_mean,0.00555890259051661,,mean decrease in impurity,0,0,train,20
binary,r0f0,M5,impurity,dwt_cD4_energy,0.00553720506428599,,mean decrease in impurity,0,0,train,21
binary,r0f0,M5,impurity,chroma_06_std,0.005370382534747981,,mean decrease in impurity,0,0,train,22
binary,r0f0,M5,impurity,dwt_cD4_std,0.0052422468726514414,,mean decrease in impurity,0,0,train,23
binary,r0f0,M5,impurity,mfcc_01_delta_mean,0.005242052532074546,,mean decrease in impurity,0,0,train,24
binary,r0f0,M5,impurity,chroma_07_mean,0.005058036957222712,,mean decrease in impurity,0,0,train,25
binary,r0f0,M5,impurity,mfcc_05_std,0.004985746381731282,,mean decrease in impurity,0,0,train,26
binary,r0f0,M5,impurity,freq_band_power_350_400,0.004869803928386534,,mean decrease in impurity,0,0,train,27
binary,r0f0,M5,impurity,chroma_01_mean,0.004645307185425541,,mean decrease in impurity,0,0,train,28
binary,r0f0,M5,impurity,mfcc_03_mean,0.004638538733864695,,mean decrease in impurity,0,0,train,29
binary,r0f0,M5,impurity,dwt_cA5_mean_abs,0.00462886952203032,,mean decrease in impurity,0,0,train,30
binary,r0f0,M5,impurity,chroma_06_mean,0.004466453124272156,,mean decrease in impurity,0,0,train,31
binary,r0f0,M5,impurity,mfcc_08_delta_mean,0.00403715595467821,,mean decrease in impurity,0,0,train,32
binary,r0f0,M5,impurity,time_skewness,0.00394838585456591,,mean decrease in impurity,0,0,train,33
binary,r0f0,M5,impurity,env_kurtosis,0.003911541810290398,,mean decrease in impurity,0,0,train,34
binary,r0f0,M5,impurity,mfcc_01_mean,0.003571322741097928,,mean decrease in impurity,0,0,train,35
binary,r0f0,M5,impurity,dwt_cD2_energy,0.0035575013717246196,,mean decrease in impurity,0,0,train,36
binary,r0f0,M5,impurity,env_peak_rate,0.0034161215976625716,,mean decrease in impurity,0,0,train,37
binary,r0f0,M5,impurity,env_std,0.0033290088050546935,,mean decrease in impurity,0,0,train,38
binary,r0f0,M5,impurity,time_sample_entropy,0.003305833411243368,,mean decrease in impurity,0,0,train,39
binary,r0f0,M5,impurity,freq_rolloff85_std,0.0031116738864160774,,mean decrease in impurity,0,0,train,40
binary,r0f0,M5,impurity,freq_flux_mean,0.0028890430845002796,,mean decrease in impurity,0,0,train,41
binary,r0f0,M5,impurity,chroma_07_std,0.002857474629111845,,mean decrease in impurity,0,0,train,42
binary,r0f0,M5,impurity,freq_rolloff95_mean,0.0027680784735408877,,mean decrease in impurity,0,0,train,43
binary,r0f0,M5,impurity,mfcc_06_std,0.002743688170951165,,mean decrease in impurity,0,0,train,44
binary,r0f0,M5,impurity,dwt_cD2_std,0.002700103770626629,,mean decrease in impurity,0,0,train,45
binary,r0f0,M5,impurity,mfcc_10_std,0.0026886985421092674,,mean decrease in impurity,0,0,train,46
binary,r0f0,M5,impurity,freq_flatness_mean,0.0026822551002002475,,mean decrease in impurity,0,0,train,47
binary,r0f0,M5,impurity,mfcc_05_delta_mean,0.0026776785516611766,,mean decrease in impurity,0,0,train,48
binary,r0f0,M5,impurity,mfcc_09_std,0.0026637460502723018,,mean decrease in impurity,0,0,train,49
binary,r0f0,M5,impurity,mfcc_06_mean,0.002647183980507033,,mean decrease in impurity,0,0,train,50
binary,r0f0,M5,impurity,dwt_cD1_std,0.0025573900167107037,,mean decrease in impurity,0,0,train,51
binary,r0f0,M5,impurity,mfcc_12_mean,0.0024812430864423474,,mean decrease in impurity,0,0,train,52
binary,r0f0,M5,impurity,dwt_cA5_entropy,0.002440286467990951,,mean decrease in impurity,0,0,train,53
binary,r0f0,M5,impurity,mfcc_09_mean,0.0022238222488084494,,mean decrease in impurity,0,0,train,54
binary,r0f0,M5,impurity,mfcc_13_mean,0.002209286183944884,,mean decrease in impurity,0,0,train,55
binary,r0f0,M5,impurity,dwt_cA5_std,0.0021495918697751913,,mean decrease in impurity,0,0,train,56
binary,r0f0,M5,impurity,chroma_02_mean,0.002121311978954781,,mean decrease in impurity,0,0,train,57
binary,r0f0,M5,impurity,mfcc_11_mean,0.0020895575933086723,,mean decrease in impurity,0,0,train,58
binary,r0f0,M5,impurity,time_zcr_std,0.0020560579165479153,,mean decrease in impurity,0,0,train,59
binary,r0f0,M5,impurity,chroma_04_std,0.0020084897136633108,,mean decrease in impurity,0,0,train,60
binary,r0f0,M5,impurity,chroma_05_std,0.0020034206729511225,,mean decrease in impurity,0,0,train,61
binary,r0f0,M5,impurity,freq_centroid_std,0.00198339308898369,,mean decrease in impurity,0,0,train,62
binary,r0f0,M5,impurity,mfcc_08_std,0.0019623389972530064,,mean decrease in impurity,0,0,train,63
binary,r0f0,M5,impurity,mfcc_07_delta_mean,0.0019573151980625987,,mean decrease in impurity,0,0,train,64
binary,r0f0,M5,impurity,mfcc_02_delta_mean,0.001898868714352767,,mean decrease in impurity,0,0,train,65
binary,r0f0,M5,impurity,chroma_08_mean,0.001865151651987573,,mean decrease in impurity,0,0,train,66
binary,r0f0,M5,impurity,freq_band_power_20_50,0.0018486462511051068,,mean decrease in impurity,0,0,train,67
binary,r0f0,M5,impurity,chroma_12_mean,0.0018183942794576821,,mean decrease in impurity,0,0,train,68
binary,r0f0,M5,impurity,time_range,0.0017626685795403734,,mean decrease in impurity,0,0,train,69
binary,r0f0,M5,impurity,mfcc_10_mean,0.0016306717932055835,,mean decrease in impurity,0,0,train,70
binary,r0f0,M5,impurity,mfcc_11_std,0.0015667046821717726,,mean decrease in impurity,0,0,train,71
binary,r0f0,M5,impurity,chroma_11_mean,0.001540587776718586,,mean decrease in impurity,0,0,train,72
binary,r0f0,M5,impurity,mfcc_12_std,0.0015109069166200297,,mean decrease in impurity,0,0,train,73
binary,r0f0,M5,impurity,chroma_05_mean,0.0014830894286690563,,mean decrease in impurity,0,0,train,74
binary,r0f0,M5,impurity,freq_centroid_mean,0.0013893398024213725,,mean decrease in impurity,0,0,train,75
binary,r0f0,M5,impurity,mfcc_03_delta_mean,0.001287153056323639,,mean decrease in impurity,0,0,train,76
binary,r0f0,M5,impurity,env_mean,0.0012850393600600252,,mean decrease in impurity,0,0,train,77
binary,r0f0,M5,impurity,mfcc_07_std,0.0012625273943059456,,mean decrease in impurity,0,0,train,78
binary,r0f0,M5,impurity,freq_band_power_150_250,0.001233286200688339,,mean decrease in impurity,0,0,train,79
binary,r0f0,M5,impurity,mfcc_13_std,0.0012034760601438885,,mean decrease in impurity,0,0,train,80
binary,r0f0,M5,impurity,dwt_cD2_entropy,0.0011974937898662056,,mean decrease in impurity,0,0,train,81
binary,r0f0,M5,impurity,chroma_02_std,0.0011360606602798808,,mean decrease in impurity,0,0,train,82
binary,r0f0,M5,impurity,mfcc_03_std,0.0011134817748270395,,mean decrease in impurity,0,0,train,83
binary,r0f0,M5,impurity,chroma_04_mean,0.0011020378491208656,,mean decrease in impurity,0,0,train,84
binary,r0f0,M5,impurity,mfcc_04_delta_mean,0.0011002395699063197,,mean decrease in impurity,0,0,train,85
binary,r0f0,M5,impurity,mfcc_11_delta_mean,0.0010930426577299443,,mean decrease in impurity,0,0,train,86
binary,r0f0,M5,impurity,dwt_cD3_mean_abs,0.0010560569081211166,,mean decrease in impurity,0,0,train,87
binary,r0f0,M5,impurity,mfcc_10_delta_mean,0.0010554709537301309,,mean decrease in impurity,0,0,train,88
binary,r0f0,M5,impurity,freq_spectral_entropy,0.0010267967461551487,,mean decrease in impurity,0,0,train,89
binary,r0f0,M5,impurity,dwt_cD4_entropy,0.0009699130634808176,,mean decrease in impurity,0,0,train,90
binary,r0f0,M5,impurity,freq_rolloff85_mean,0.0009263248880543556,,mean decrease in impurity,0,0,train,91
binary,r0f0,M5,impurity,time_std,0.0008588891551493431,,mean decrease in impurity,0,0,train,92
binary,r0f0,M5,impurity,dwt_cD5_std,0.0008536628733642652,,mean decrease in impurity,0,0,train,93
binary,r0f0,M5,impurity,time_hjorth_mobility,0.0008381543041030879,,mean decrease in impurity,0,0,train,94
binary,r0f0,M5,impurity,time_max,0.0008284224902171491,,mean decrease in impurity,0,0,train,95
binary,r0f0,M5,impurity,dwt_cD1_mean_abs,0.0007985659745968394,,mean decrease in impurity,0,0,train,96
binary,r0f0,M5,impurity,chroma_10_mean,0.0007868861614594095,,mean decrease in impurity,0,0,train,97
binary,r0f0,M5,impurity,dwt_cD5_entropy,0.0007824090357186323,,mean decrease in impurity,0,0,train,98
binary,r0f0,M5,impurity,freq_peak_power,0.0007408765440540331,,mean decrease in impurity,0,0,train,99
binary,r0f0,M5,impurity,dwt_cD3_entropy,0.0007097190239168783,,mean decrease in impurity,0,0,train,100
binary,r0f0,M5,impurity,chroma_10_std,0.0006881473950015816,,mean decrease in impurity,0,0,train,101
binary,r0f0,M5,impurity,freq_bandwidth_std,0.0006764577068999237,,mean decrease in impurity,0,0,train,102
binary,r0f0,M5,impurity,time_kurtosis,0.0006689461269302353,,mean decrease in impurity,0,0,train,103
binary,r0f0,M5,impurity,chroma_12_std,0.0006446209042083447,,mean decrease in impurity,0,0,train,104
binary,r0f0,M5,impurity,time_var,0.0006347926173067009,,mean decrease in impurity,0,0,train,105
binary,r0f0,M5,impurity,chroma_09_mean,0.0006297385914383612,,mean decrease in impurity,0,0,train,106
binary,r0f0,M5,impurity,freq_band_power_100_150,0.000597768990548846,,mean decrease in impurity,0,0,train,107
binary,r0f0,M5,impurity,mfcc_09_delta_mean,0.0005893014996633819,,mean decrease in impurity,0,0,train,108
binary,r0f0,M5,impurity,freq_total_power,0.0005281963530386265,,mean decrease in impurity,0,0,train,109
binary,r0f0,M5,impurity,time_median,0.0005119497511695733,,mean decrease in impurity,0,0,train,110
binary,r0f0,M5,impurity,chroma_03_mean,0.00047681119100608367,,mean decrease in impurity,0,0,train,111
binary,r0f0,M5,impurity,mfcc_08_mean,0.00045851702414970397,,mean decrease in impurity,0,0,train,112
binary,r0f0,M5,impurity,mfcc_12_delta_mean,0.00043711538885353685,,mean decrease in impurity,0,0,train,113
binary,r0f0,M5,impurity,time_rms,0.000422241692616548,,mean decrease in impurity,0,0,train,114
binary,r0f0,M5,impurity,env_skew,0.0003494643574590586,,mean decrease in impurity,0,0,train,115
binary,r0f0,M5,impurity,chroma_01_std,0.0003105622419288475,,mean decrease in impurity,0,0,train,116
binary,r0f0,M5,impurity,time_mean,0.0003053639697041066,,mean decrease in impurity,0,0,train,117
binary,r0f0,M5,impurity,time_autocorr_peak_lag,0.00029820592639628684,,mean decrease in impurity,0,0,train,118
binary,r0f0,M5,impurity,chroma_08_std,0.0002485873085636811,,mean decrease in impurity,0,0,train,119
binary,r0f0,M5,impurity,time_crest_factor,0.0002461651164094438,,mean decrease in impurity,0,0,train,120
binary,r0f0,M5,impurity,dwt_cD3_std,0.00023747033294982717,,mean decrease in impurity,0,0,train,121
binary,r0f0,M5,impurity,time_shannon_entropy,0.00020937333654850898,,mean decrease in impurity,0,0,train,122
binary,r0f0,M5,impurity,time_min,0.00019525587279822017,,mean decrease in impurity,0,0,train,123
binary,r0f0,M5,impurity,chroma_03_std,0.00017583117044042609,,mean decrease in impurity,0,0,train,124
binary,r0f0,M5,impurity,freq_flux_std,0.00016838999039924725,,mean decrease in impurity,0,0,train,125
binary,r0f0,M5,impurity,dwt_cD3_energy,0.0001578909259375732,,mean decrease in impurity,0,0,train,126
binary,r0f0,M5,impurity,chroma_11_std,0.00013775704326858554,,mean decrease in impurity,0,0,train,127
binary,r0f0,M5,impurity,mfcc_02_std,0.00013106328210484862,,mean decrease in impurity,0,0,train,128
binary,r0f0,M5,impurity,freq_band_power_50_100,0.00012444449579747786,,mean decrease in impurity,0,0,train,129
binary,r0f0,M5,impurity,freq_bandwidth_mean,0.00010394422557814505,,mean decrease in impurity,0,0,train,130
binary,r0f0,M5,impurity,time_peak_to_peak,0.00010388192938805697,,mean decrease in impurity,0,0,train,131
binary,r0f0,M5,impurity,mfcc_04_std,8.65778362093402e-05,,mean decrease in impurity,0,0,train,132
binary,r0f0,M5,impurity,freq_rolloff95_std,8.189349402196495e-05,,mean decrease in impurity,0,0,train,133
binary,r0f0,M5,impurity,dwt_cD2_mean_abs,8.023328635537305e-05,,mean decrease in impurity,0,0,train,134
binary,r0f0,M5,impurity,time_hjorth_activity,8.92975059006505e-06,,mean decrease in impurity,0,0,train,135
binary,r0f0,M5,impurity,chroma_09_std,1.3250114067077751e-06,,mean decrease in impurity,0,0,train,136
binary,r0f0,M5,impurity,freq_flatness_std,0.0,,mean decrease in impurity,0,0,train,137
binary,r0f0,M5,impurity,freq_dominant,0.0,,mean decrease in impurity,0,0,train,137
binary,r0f0,M5,permutation,time_zcr_mean,0.015384671962341844,0.009232528975474184,balanced_accuracy,10,647,held-out fold,1
binary,r0f0,M5,permutation,mfcc_04_mean,0.013125183877611002,0.008669198772983085,balanced_accuracy,10,647,held-out fold,2
binary,r0f0,M5,permutation,dwt_cD1_entropy,0.011340835539864647,0.006847240751862846,balanced_accuracy,10,647,held-out fold,3
binary,r0f0,M5,permutation,chroma_07_std,0.006915269196822593,0.0015898489974012127,balanced_accuracy,10,647,held-out fold,4
binary,r0f0,M5,permutation,dwt_cD5_energy,0.006455575169167371,0.0034477683430523807,balanced_accuracy,10,647,held-out fold,5
binary,r0f0,M5,permutation,freq_band_power_50_100,0.003603265666372446,0.0012606505258637764,balanced_accuracy,10,647,held-out fold,6
binary,r0f0,M5,permutation,chroma_05_std,0.0033311268020005725,0.0027647375822453138,balanced_accuracy,10,647,held-out fold,7
binary,r0f0,M5,permutation,mfcc_05_std,0.003157546337157946,0.0034161084062675567,balanced_accuracy,10,647,held-out fold,8
binary,r0f0,M5,permutation,chroma_04_std,0.002845689908796689,0.0025445652190092855,balanced_accuracy,10,647,held-out fold,9
binary,r0f0,M5,permutation,mfcc_11_delta_mean,0.0026132686084142432,0.0015344237503059114,balanced_accuracy,10,647,held-out fold,10
binary,r0f0,M5,permutation,dwt_cA5_energy,0.0025051485731097277,0.002802494010381007,balanced_accuracy,10,647,held-out fold,11
binary,r0f0,M5,permutation,freq_centroid_mean,0.0024874963224477574,0.0024743336578385705,balanced_accuracy,10,647,held-out fold,12
binary,r0f0,M5,permutation,time_max,0.002272727272727271,0.001855674047563012,balanced_accuracy,10,647,held-out fold,13
binary,r0f0,M5,permutation,dwt_cD5_entropy,0.002272727272727271,0.0018556740475630122,balanced_accuracy,10,647,held-out fold,13
binary,r0f0,M5,permutation,env_kurtosis,0.002040305972344758,0.0029184312976374277,balanced_accuracy,10,647,held-out fold,15
binary,r0f0,M5,permutation,mfcc_11_std,0.0020197116799058556,0.0014325930993254552,balanced_accuracy,10,647,held-out fold,16
binary,r0f0,M5,permutation,mfcc_06_std,0.0020197116799058447,0.0016179865678414014,balanced_accuracy,10,647,held-out fold,17
binary,r0f0,M5,permutation,dwt_cD4_energy,0.0019130626654898508,0.0018987382682874594,balanced_accuracy,10,647,held-out fold,18
binary,r0f0,M5,permutation,mfcc_07_mean,0.0018064136510738571,0.001660981269797763,balanced_accuracy,10,647,held-out fold,19
binary,r0f0,M5,permutation,dwt_cA5_std,0.0017093262724330537,0.0024464479360845432,balanced_accuracy,10,647,held-out fold,20
binary,r0f0,M5,permutation,time_range,0.0015931156222418253,0.0024374647447110947,balanced_accuracy,10,647,held-out fold,21
binary,r0f0,M5,permutation,chroma_11_std,0.0015835539864666238,0.001803969030125027,balanced_accuracy,10,647,held-out fold,22
binary,r0f0,M5,permutation,chroma_01_mean,0.0015533980582524086,0.0029723792566207505,balanced_accuracy,10,647,held-out fold,23
binary,r0f0,M5,permutation,mfcc_03_std,0.001543836422477174,0.0022261738491003184,balanced_accuracy,10,647,held-out fold,24
binary,r0f0,M5,permutation,chroma_07_mean,0.0015342747867019835,0.001543447944192415,balanced_accuracy,10,647,held-out fold,25
binary,r0f0,M5,permutation,mfcc_12_std,0.0013496616651956783,0.001136363636363602,balanced_accuracy,10,647,held-out fold,26
binary,r0f0,M5,permutation,chroma_06_mean,0.0011268020005883895,0.0019898916653503136,balanced_accuracy,10,647,held-out fold,27
binary,r0f0,M5,permutation,mfcc_01_delta_mean,0.001039276257722843,0.0020597577019204477,balanced_accuracy,10,647,held-out fold,28
binary,r0f0,M5,permutation,mfcc_13_delta_mean,0.0009517505148573191,0.0016485911643304009,balanced_accuracy,10,647,held-out fold,29
binary,r0f0,M5,permutation,mfcc_07_std,0.0007766990291262488,0.0003883495145631244,balanced_accuracy,10,647,held-out fold,30
binary,r0f0,M5,permutation,mfcc_09_std,0.0007766990291262488,0.0003883495145631244,balanced_accuracy,10,647,held-out fold,30
binary,r0f0,M5,permutation,freq_flatness_mean,0.0007480141218004999,0.0023287311868199208,balanced_accuracy,10,647,held-out fold,32
binary,r0f0,M5,permutation,time_autocorr_peak_value,0.0006810826713739115,0.002290309608676811,balanced_accuracy,10,647,held-out fold,33
binary,r0f0,M5,permutation,chroma_02_mean,0.0006604883789349758,0.0015898489974012127,balanced_accuracy,10,647,held-out fold,34
binary,r0f0,M5,permutation,mfcc_01_std,0.0006031185642836001,0.003596433986422486,balanced_accuracy,10,647,held-out fold,35
binary,r0f0,M5,permutation,dwt_cD2_std,0.00047734627831714783,0.0030638993056180193,balanced_accuracy,10,647,held-out fold,36
binary,r0f0,M5,permutation,chroma_08_std,0.00037878787878787846,0.0011363636363636352,balanced_accuracy,10,647,held-out fold,37
binary,r0f0,M5,permutation,dwt_cA5_mean_abs,0.0003596646072374088,0.0020059068941728564,balanced_accuracy,10,647,held-out fold,38
binary,r0f0,M5,permutation,mfcc_06_mean,0.0003008237716975448,0.002332228002094612,balanced_accuracy,10,647,held-out fold,39
binary,r0f0,M5,permutation,chroma_10_mean,0.0002912621359223433,0.0008737864077670299,balanced_accuracy,10,647,held-out fold,40
binary,r0f0,M5,permutation,mfcc_10_delta_mean,0.0002912621359223322,0.0019978938683837856,balanced_accuracy,10,647,held-out fold,41
binary,r0f0,M5,permutation,freq_centroid_std,0.00028170050014709737,0.001204037786075032,balanced_accuracy,10,647,held-out fold,42
binary,r0f0,M5,permutation,chroma_01_std,0.00018461312150631627,0.0012606505258637966,balanced_accuracy,10,647,held-out fold,43
binary,r0f0,M5,permutation,mfcc_03_delta_mean,0.00018461312150630516,0.0018075801785101392,balanced_accuracy,10,647,held-out fold,44
binary,r0f0,M5,permutation,dwt_cD5_std,0.00015592821418062286,0.0031827327628550952,balanced_accuracy,10,647,held-out fold,45
binary,r0f0,M5,permutation,time_crest_factor,9.70873786407811e-05,0.0008064683362056748,balanced_accuracy,10,647,held-out fold,46
binary,r0f0,M5,permutation,time_hjorth_mobility,9.70873786407811e-05,0.0002912621359223433,balanced_accuracy,10,647,held-out fold,46
binary,r0f0,M5,permutation,time_min,0.0,0.0,balanced_accuracy,10,647,held-out fold,48
binary,r0f0,M5,permutation,time_kurtosis,0.0,0.0,balanced_accuracy,10,647,held-out fold,48
binary,r0f0,M5,permutation,time_peak_to_peak,0.0,0.0,balanced_accuracy,10,647,held-out fold,48
binary,r0f0,M5,permutation,time_shannon_entropy,0.0,0.0,balanced_accuracy,10,647,held-out fold,48
binary,r0f0,M5,permutation,time_hjorth_activity,0.0,0.0,balanced_accuracy,10,647,held-out fold,48
binary,r0f0,M5,permutation,time_autocorr_peak_lag,0.0,0.0,balanced_accuracy,10,647,held-out fold,48
binary,r0f0,M5,permutation,freq_rolloff95_std,0.0,0.0,balanced_accuracy,10,647,held-out fold,48
binary,r0f0,M5,permutation,freq_flatness_std,0.0,0.0,balanced_accuracy,10,647,held-out fold,48
binary,r0f0,M5,permutation,freq_flux_std,0.0,0.0,balanced_accuracy,10,647,held-out fold,48
binary,r0f0,M5,permutation,freq_dominant,0.0,0.0,balanced_accuracy,10,647,held-out fold,48
binary,r0f0,M5,permutation,freq_band_power_100_150,0.0,0.0,balanced_accuracy,10,647,held-out fold,48
binary,r0f0,M5,permutation,mfcc_04_std,0.0,0.0,balanced_accuracy,10,647,held-out fold,48
binary,r0f0,M5,permutation,chroma_03_mean,0.0,0.0,balanced_accuracy,10,647,held-out fold,48
binary,r0f0,M5,permutation,chroma_02_std,0.0,0.0,balanced_accuracy,10,647,held-out fold,48
binary,r0f0,M5,permutation,chroma_03_std,0.0,0.0,balanced_accuracy,10,647,held-out fold,48
binary,r0f0,M5,permutation,chroma_06_std,0.0,0.0,balanced_accuracy,10,647,held-out fold,48
binary,r0f0,M5,permutation,chroma_09_std,0.0,0.0,balanced_accuracy,10,647,held-out fold,48
binary,r0f0,M5,permutation,dwt_cD3_energy,0.0,0.0,balanced_accuracy,10,647,held-out fold,48
binary,r0f0,M5,permutation,dwt_cD4_std,0.0,0.0,balanced_accuracy,10,647,held-out fold,48
binary,r0f0,M5,permutation,dwt_cD3_std,0.0,0.0,balanced_accuracy,10,647,held-out fold,48
binary,r0f0,M5,permutation,dwt_cD3_entropy,0.0,0.0,balanced_accuracy,10,647,held-out fold,48
binary,r0f0,M5,permutation,dwt_cD2_mean_abs,0.0,0.0,balanced_accuracy,10,647,held-out fold,48
binary,r0f0,M5,permutation,dwt_cD1_mean_abs,0.0,0.0,balanced_accuracy,10,647,held-out fold,48
binary,r0f0,M5,permutation,chroma_05_mean,-9.561635775245935e-06,0.0014143085560682329,balanced_accuracy,10,647,held-out fold,71
binary,r0f0,M5,permutation,time_rms,-9.70873786407811e-05,0.0002912621359223433,balanced_accuracy,10,647,held-out fold,72
binary,r0f0,M5,permutation,freq_spectral_entropy,-9.70873786407811e-05,0.0005228315346732764,balanced_accuracy,10,647,held-out fold,72
binary,r0f0,M5,permutation,mfcc_13_std,-9.70873786407811e-05,0.0002912621359223433,balanced_accuracy,10,647,held-out fold,72
binary,r0f0,M5,permutation,mfcc_09_delta_mean,-9.70873786407811e-05,0.0002912621359223433,balanced_accuracy,10,647,held-out fold,72
binary,r0f0,M5,permutation,chroma_12_std,-9.70873786407811e-05,0.0002912621359223433,balanced_accuracy,10,647,held-out fold,72
binary,r0f0,M5,permutation,mfcc_10_std,-0.00011621065019126186,0.0015799366983837951,balanced_accuracy,10,647,held-out fold,77
binary,r0f0,M5,permutation,env_std,-0.00017505148573109252,0.0011775005368312576,balanced_accuracy,10,647,held-out fold,78
binary,r0f0,M5,permutation,time_mean,-0.0001941747572815622,0.0003883495145631244,balanced_accuracy,10,647,held-out fold,79
binary,r0f0,M5,permutation,time_std,-0.0001941747572815622,0.0003883495145631244,balanced_accuracy,10,647,held-out fold,79
binary,r0f0,M5,permutation,time_var,-0.0001941747572815622,0.0003883495145631244,balanced_accuracy,10,647,held-out fold,79
binary,r0f0,M5,permutation,mfcc_02_std,-0.0001941747572815622,0.0003883495145631244,balanced_accuracy,10,647,held-out fold,79
binary,r0f0,M5,permutation,dwt_cD3_mean_abs,-0.0001941747572815622,0.0005825242718446866,balanced_accuracy,10,647,held-out fold,79
binary,r0f0,M5,permutation,chroma_10_std,-0.00021329802883203187,0.001691520516974703,balanced_accuracy,10,647,held-out fold,84
binary,r0f0,M5,permutation,mfcc_04_delta_mean,-0.00028170050014709737,0.00127993209668452,balanced_accuracy,10,647,held-out fold,85
binary,r0f0,M5,permutation,mfcc_05_delta_mean,-0.0002912621359223433,0.0006216625473236057,balanced_accuracy,10,647,held-out fold,86
binary,r0f0,M5,permutation,mfcc_12_delta_mean,-0.0002912621359223433,0.0004449102616462182,balanced_accuracy,10,647,held-out fold,86
binary,r0f0,M5,permutation,mfcc_06_delta_mean,-0.0003214180641365139,0.002179850086385514,balanced_accuracy,10,647,held-out fold,88
binary,r0f0,M5,permutation,mfcc_02_mean,-0.0003596646072374199,0.0033115592216320508,balanced_accuracy,10,647,held-out fold,89
binary,r0f0,M5,permutation,time_sample_entropy,-0.00037878787878786735,0.0015504422343161851,balanced_accuracy,10,647,held-out fold,90
binary,r0f0,M5,permutation,freq_total_power,-0.0003883495145631244,0.0006440048136612718,balanced_accuracy,10,647,held-out fold,91
binary,r0f0,M5,permutation,freq_rolloff85_std,-0.00039791115033834814,0.001364035599294113,balanced_accuracy,10,647,held-out fold,92
binary,r0f0,M5,permutation,mfcc_12_mean,-0.000504560164754364,0.002062660852908281,balanced_accuracy,10,647,held-out fold,93
binary,r0f0,M5,permutation,mfcc_09_mean,-0.0005236834363048004,0.0027970134453758513,balanced_accuracy,10,647,held-out fold,94
binary,r0f0,M5,permutation,freq_bandwidth_std,-0.0005825242718446866,0.0006440048136612718,balanced_accuracy,10,647,held-out fold,95
binary,r0f0,M5,permutation,mfcc_10_mean,-0.0006016475433951562,0.0014199763950903145,balanced_accuracy,10,647,held-out fold,96
binary,r0f0,M5,permutation,freq_band_power_20_50,-0.0006318034716093157,0.0020378191261635308,balanced_accuracy,10,647,held-out fold,97
binary,r0f0,M5,permutation,mfcc_01_mean,-0.0006700500147102329,0.0014222134329980863,balanced_accuracy,10,647,held-out fold,98
binary,r0f0,M5,permutation,mfcc_08_std,-0.0006796116504854455,0.0016459277634986527,balanced_accuracy,10,647,held-out fold,99
binary,r0f0,M5,permutation,freq_peak_power,-0.0007766990291262377,0.0019860639752708985,balanced_accuracy,10,647,held-out fold,100
binary,r0f0,M5,permutation,env_peak_rate,-0.0007766990291262488,0.0007265354149075944,balanced_accuracy,10,647,held-out fold,101
binary,r0f0,M5,permutation,dwt_cD4_mean_abs,-0.0007958223006766851,0.002542173084059246,balanced_accuracy,10,647,held-out fold,102
binary,r0f0,M5,permutation,dwt_cD1_std,-0.0009613121506325539,0.0014857167148057753,balanced_accuracy,10,647,held-out fold,103
binary,r0f0,M5,permutation,dwt_cD4_entropy,-0.0009613121506325539,0.0013460124479145643,balanced_accuracy,10,647,held-out fold,103
binary,r0f0,M5,permutation,time_median,-0.000970873786407811,0.0006140344971201014,balanced_accuracy,10,647,held-out fold,105
binary,r0f0,M5,permutation,freq_bandwidth_mean,-0.000970873786407811,0.0,balanced_accuracy,10,647,held-out fold,105
binary,r0f0,M5,permutation,freq_rolloff85_mean,-0.0009804354221830346,0.0011246147106985082,balanced_accuracy,10,647,held-out fold,107
binary,r0f0,M5,permutation,mfcc_08_mean,-0.0009804354221830459,0.000951990633842952,balanced_accuracy,10,647,held-out fold,108
binary,r0f0,M5,permutation,chroma_11_mean,-0.0011363636363636465,0.001629298413076703,balanced_accuracy,10,647,held-out fold,109
binary,r0f0,M5,permutation,chroma_09_mean,-0.0013592233009709354,0.0006440048136612718,balanced_accuracy,10,647,held-out fold,110
binary,r0f0,M5,permutation,env_skew,-0.0016409238011180216,0.0014807578964058257,balanced_accuracy,10,647,held-out fold,111
binary,r0f0,M5,permutation,chroma_08_mean,-0.0016997646366578411,0.0019333447114720517,balanced_accuracy,10,647,held-out fold,112
binary,r0f0,M5,permutation,mfcc_13_mean,-0.0016997646366578522,0.001791478940432768,balanced_accuracy,10,647,held-out fold,113
binary,r0f0,M5,permutation,dwt_cA5_entropy,-0.0017762577228596864,0.002814119573820226,balanced_accuracy,10,647,held-out fold,114
binary,r0f0,M5,permutation,mfcc_11_mean,-0.0018446601941748074,0.0009159204982579255,balanced_accuracy,10,647,held-out fold,115
binary,r0f0,M5,permutation,dwt_cD2_energy,-0.0022330097087378984,0.001702233058215698,balanced_accuracy,10,647,held-out fold,116
binary,r0f0,M5,permutation,freq_band_power_250_350,-0.002233009708737921,0.0006216625473235572,balanced_accuracy,10,647,held-out fold,117
binary,r0f0,M5,permutation,mfcc_03_mean,-0.002369814651368063,0.0023088346486775995,balanced_accuracy,10,647,held-out fold,118
binary,r0f0,M5,permutation,freq_rolloff95_mean,-0.002408061194469002,0.0017673298229701347,balanced_accuracy,10,647,held-out fold,119
binary,r0f0,M5,permutation,chroma_04_mean,-0.0024271844660194606,0.0007827434707085636,balanced_accuracy,10,647,held-out fold,120
binary,r0f0,M5,permutation,time_skewness,-0.0024463077375698862,0.0031612940513000335,balanced_accuracy,10,647,held-out fold,121
binary,r0f0,M5,permutation,mfcc_08_delta_mean,-0.002632391879964735,0.001260650525863808,balanced_accuracy,10,647,held-out fold,122
binary,r0f0,M5,permutation,time_hjorth_complexity,-0.002971462194763186,0.002105528882582531,balanced_accuracy,10,647,held-out fold,123
binary,r0f0,M5,permutation,env_mean,-0.003321565166225349,0.0014830458782804509,balanced_accuracy,10,647,held-out fold,124
binary,r0f0,M5,permutation,freq_flux_mean,-0.0033965872315387057,0.00482383480498216,balanced_accuracy,10,647,held-out fold,125
binary,r0f0,M5,permutation,freq_band_power_150_250,-0.003398058252427172,0.0006512819351940685,balanced_accuracy,10,647,held-out fold,126
binary,r0f0,M5,permutation,dwt_cD2_entropy,-0.0036128273021476696,0.0016904225515338947,balanced_accuracy,10,647,held-out fold,127
binary,r0f0,M5,permutation,mfcc_07_delta_mean,-0.00418578993821711,0.0014314720737647266,balanced_accuracy,10,647,held-out fold,128
binary,r0f0,M5,permutation,time_zcr_std,-0.0043593704030597145,0.0014341135341226767,balanced_accuracy,10,647,held-out fold,129
binary,r0f0,M5,permutation,mfcc_02_delta_mean,-0.0044866137099146665,0.0019088954657212357,balanced_accuracy,10,647,held-out fold,130
binary,r0f0,M5,permutation,mfcc_05_mean,-0.004524860253015595,0.0022666966551013793,balanced_accuracy,10,647,held-out fold,131
binary,r0f0,M5,permutation,dwt_cD5_mean_abs,-0.004545454545454552,0.005805466451322021,balanced_accuracy,10,647,held-out fold,132
binary,r0f0,M5,permutation,chroma_12_mean,-0.005554574874963225,0.0020018016327183054,balanced_accuracy,10,647,held-out fold,133
binary,r0f0,M5,permutation,dwt_cD1_energy,-0.006369520447190346,0.0032227764708531825,balanced_accuracy,10,647,held-out fold,134
binary,r0f0,M5,permutation,freq_band_power_350_400,-0.006506325389820533,0.0012880096273225252,balanced_accuracy,10,647,held-out fold,135
binary,r0f0,M5,permutation,time_energy,-0.007614004118858509,0.004880661099303993,balanced_accuracy,10,647,held-out fold,136
binary,r0f0,M5,permutation,time_duration,-0.007731685789938237,0.004708211189844128,balanced_accuracy,10,647,held-out fold,137
binary,r0f0,M5,permutation,time_iqr,-0.009885260370697257,0.00702121521542761,balanced_accuracy,10,647,held-out fold,138
binary,r0f0,M8,impurity,time_zcr_mean,0.0747036263346672,,mean decrease in impurity,0,0,train,1
binary,r0f0,M8,impurity,dwt_cD1_entropy,0.06354312598705292,,mean decrease in impurity,0,0,train,2
binary,r0f0,M8,impurity,mfcc_04_mean,0.061103399842977524,,mean decrease in impurity,0,0,train,3
binary,r0f0,M8,impurity,dwt_cD1_energy,0.055564429610967636,,mean decrease in impurity,0,0,train,4
binary,r0f0,M8,impurity,freq_band_power_250_350,0.031063085421919823,,mean decrease in impurity,0,0,train,5
binary,r0f0,M8,impurity,dwt_cD1_std,0.02233954519033432,,mean decrease in impurity,0,0,train,6
binary,r0f0,M8,impurity,dwt_cA5_energy,0.020611660555005074,,mean decrease in impurity,0,0,train,7
binary,r0f0,M8,impurity,dwt_cD5_energy,0.01978769712150097,,mean decrease in impurity,0,0,train,8
binary,r0f0,M8,impurity,dwt_cD4_std,0.01884886994957924,,mean decrease in impurity,0,0,train,9
binary,r0f0,M8,impurity,time_iqr,0.015201390720903873,,mean decrease in impurity,0,0,train,10
binary,r0f0,M8,impurity,dwt_cD3_mean_abs,0.014032788574695587,,mean decrease in impurity,0,0,train,11
binary,r0f0,M8,impurity,time_duration,0.013559621758759022,,mean decrease in impurity,0,0,train,12
binary,r0f0,M8,impurity,dwt_cD4_energy,0.013050857000052929,,mean decrease in impurity,0,0,train,13
binary,r0f0,M8,impurity,freq_band_power_350_400,0.01139757689088583,,mean decrease in impurity,0,0,train,14
binary,r0f0,M8,impurity,time_energy,0.011068236082792282,,mean decrease in impurity,0,0,train,15
binary,r0f0,M8,impurity,time_autocorr_peak_value,0.010420957580208778,,mean decrease in impurity,0,0,train,16
binary,r0f0,M8,impurity,dwt_cD5_mean_abs,0.00991355162113905,,mean decrease in impurity,0,0,train,17
binary,r0f0,M8,impurity,freq_flux_mean,0.009747268632054329,,mean decrease in impurity,0,0,train,18
binary,r0f0,M8,impurity,time_hjorth_mobility,0.00974578969180584,,mean decrease in impurity,0,0,train,19
binary,r0f0,M8,impurity,dwt_cD2_energy,0.009190995246171951,,mean decrease in impurity,0,0,train,20
binary,r0f0,M8,impurity,freq_spectral_entropy,0.009171190671622753,,mean decrease in impurity,0,0,train,21
binary,r0f0,M8,impurity,dwt_cD4_mean_abs,0.009147664532065392,,mean decrease in impurity,0,0,train,22
binary,r0f0,M8,impurity,freq_band_power_50_100,0.00887494720518589,,mean decrease in impurity,0,0,train,23
binary,r0f0,M8,impurity,mfcc_02_mean,0.008836633525788784,,mean decrease in impurity,0,0,train,24
binary,r0f0,M8,impurity,dwt_cA5_mean_abs,0.00858272984623909,,mean decrease in impurity,0,0,train,25
binary,r0f0,M8,impurity,freq_band_power_150_250,0.008349999785423279,,mean decrease in impurity,0,0,train,26
binary,r0f0,M8,impurity,mfcc_05_std,0.008220394141972065,,mean decrease in impurity,0,0,train,27
binary,r0f0,M8,impurity,freq_rolloff85_std,0.00807861052453518,,mean decrease in impurity,0,0,train,28
binary,r0f0,M8,impurity,mfcc_05_mean,0.007957438938319683,,mean decrease in impurity,0,0,train,29
binary,r0f0,M8,impurity,freq_rolloff95_mean,0.0078062815591692924,,mean decrease in impurity,0,0,train,30
binary,r0f0,M8,impurity,freq_rolloff85_mean,0.007583830505609512,,mean decrease in impurity,0,0,train,31
binary,r0f0,M8,impurity,chroma_06_std,0.007459516637027264,,mean decrease in impurity,0,0,train,32
binary,r0f0,M8,impurity,time_sample_entropy,0.007307457271963358,,mean decrease in impurity,0,0,train,33
binary,r0f0,M8,impurity,mfcc_01_std,0.0072190784849226475,,mean decrease in impurity,0,0,train,34
binary,r0f0,M8,impurity,mfcc_03_mean,0.007188688963651657,,mean decrease in impurity,0,0,train,35
binary,r0f0,M8,impurity,chroma_06_mean,0.006658096797764301,,mean decrease in impurity,0,0,train,36
binary,r0f0,M8,impurity,mfcc_09_mean,0.006317038554698229,,mean decrease in impurity,0,0,train,37
binary,r0f0,M8,impurity,dwt_cD5_std,0.006313081365078688,,mean decrease in impurity,0,0,train,38
binary,r0f0,M8,impurity,mfcc_03_delta_mean,0.006253139581531286,,mean decrease in impurity,0,0,train,39
binary,r0f0,M8,impurity,chroma_01_std,0.006214379798620939,,mean decrease in impurity,0,0,train,40
binary,r0f0,M8,impurity,chroma_11_mean,0.006152022164314985,,mean decrease in impurity,0,0,train,41
binary,r0f0,M8,impurity,dwt_cD2_entropy,0.0060891276225447655,,mean decrease in impurity,0,0,train,42
binary,r0f0,M8,impurity,dwt_cA5_entropy,0.006029379088431597,,mean decrease in impurity,0,0,train,43
binary,r0f0,M8,impurity,env_kurtosis,0.006006993353366852,,mean decrease in impurity,0,0,train,44
binary,r0f0,M8,impurity,freq_band_power_20_50,0.005945071578025818,,mean decrease in impurity,0,0,train,45
binary,r0f0,M8,impurity,time_std,0.005934291519224644,,mean decrease in impurity,0,0,train,46
binary,r0f0,M8,impurity,time_min,0.0058805132284760475,,mean decrease in impurity,0,0,train,47
binary,r0f0,M8,impurity,freq_flux_std,0.005808642134070396,,mean decrease in impurity,0,0,train,48
binary,r0f0,M8,impurity,chroma_02_std,0.005753457546234131,,mean decrease in impurity,0,0,train,49
binary,r0f0,M8,impurity,mfcc_10_mean,0.005674500484019518,,mean decrease in impurity,0,0,train,50
binary,r0f0,M8,impurity,mfcc_06_mean,0.005544772371649742,,mean decrease in impurity,0,0,train,51
binary,r0f0,M8,impurity,chroma_07_std,0.0054044523276388645,,mean decrease in impurity,0,0,train,52
binary,r0f0,M8,impurity,mfcc_08_std,0.005274879280477762,,mean decrease in impurity,0,0,train,53
binary,r0f0,M8,impurity,dwt_cD3_energy,0.005209280643612146,,mean decrease in impurity,0,0,train,54
binary,r0f0,M8,impurity,mfcc_12_mean,0.005107911303639412,,mean decrease in impurity,0,0,train,55
binary,r0f0,M8,impurity,time_zcr_std,0.00490568159148097,,mean decrease in impurity,0,0,train,56
binary,r0f0,M8,impurity,mfcc_07_mean,0.004850082565099001,,mean decrease in impurity,0,0,train,57
binary,r0f0,M8,impurity,chroma_01_mean,0.004816338885575533,,mean decrease in impurity,0,0,train,58
binary,r0f0,M8,impurity,time_autocorr_peak_lag,0.004785775672644377,,mean decrease in impurity,0,0,train,59
binary,r0f0,M8,impurity,time_peak_to_peak,0.004761408548802137,,mean decrease in impurity,0,0,train,60
binary,r0f0,M8,impurity,time_max,0.004718403797596693,,mean decrease in impurity,0,0,train,61
binary,r0f0,M8,impurity,freq_centroid_std,0.004709302913397551,,mean decrease in impurity,0,0,train,62
binary,r0f0,M8,impurity,mfcc_09_std,0.004634743556380272,,mean decrease in impurity,0,0,train,63
binary,r0f0,M8,impurity,mfcc_11_std,0.0045433659106493,,mean decrease in impurity,0,0,train,64
binary,r0f0,M8,impurity,chroma_02_mean,0.0044060759246349335,,mean decrease in impurity,0,0,train,65
binary,r0f0,M8,impurity,chroma_08_std,0.004361441824585199,,mean decrease in impurity,0,0,train,66
binary,r0f0,M8,impurity,chroma_07_mean,0.004304411821067333,,mean decrease in impurity,0,0,train,67
binary,r0f0,M8,impurity,dwt_cA5_std,0.004242775961756706,,mean decrease in impurity,0,0,train,68
binary,r0f0,M8,impurity,dwt_cD2_mean_abs,0.0042340937070548534,,mean decrease in impurity,0,0,train,69
binary,r0f0,M8,impurity,env_std,0.004167585633695126,,mean decrease in impurity,0,0,train,70
binary,r0f0,M8,impurity,dwt_cD4_entropy,0.004114562179893255,,mean decrease in impurity,0,0,train,71
binary,r0f0,M8,impurity,chroma_09_mean,0.004100281745195389,,mean decrease in impurity,0,0,train,72
binary,r0f0,M8,impurity,chroma_03_mean,0.004067182540893555,,mean decrease in impurity,0,0,train,73
binary,r0f0,M8,impurity,mfcc_11_mean,0.004065576940774918,,mean decrease in impurity,0,0,train,74
binary,r0f0,M8,impurity,freq_flatness_std,0.004057260230183601,,mean decrease in impurity,0,0,train,75
binary,r0f0,M8,impurity,freq_centroid_mean,0.003985381219536066,,mean decrease in impurity,0,0,train,76
binary,r0f0,M8,impurity,mfcc_13_mean,0.003972223494201899,,mean decrease in impurity,0,0,train,77
binary,r0f0,M8,impurity,mfcc_02_delta_mean,0.003963957075029612,,mean decrease in impurity,0,0,train,78
binary,r0f0,M8,impurity,mfcc_12_std,0.003941413480788469,,mean decrease in impurity,0,0,train,79
binary,r0f0,M8,impurity,mfcc_08_delta_mean,0.0038785168435424566,,mean decrease in impurity,0,0,train,80
binary,r0f0,M8,impurity,time_skewness,0.003837430849671364,,mean decrease in impurity,0,0,train,81
binary,r0f0,M8,impurity,mfcc_04_std,0.003774982877075672,,mean decrease in impurity,0,0,train,82
binary,r0f0,M8,impurity,mfcc_01_delta_mean,0.0037195724435150623,,mean decrease in impurity,0,0,train,83
binary,r0f0,M8,impurity,time_kurtosis,0.003693853970617056,,mean decrease in impurity,0,0,train,84
binary,r0f0,M8,impurity,mfcc_03_std,0.0035392306745052338,,mean decrease in impurity,0,0,train,85
binary,r0f0,M8,impurity,chroma_12_std,0.003491225652396679,,mean decrease in impurity,0,0,train,86
binary,r0f0,M8,impurity,mfcc_06_std,0.0034829233773052692,,mean decrease in impurity,0,0,train,87
binary,r0f0,M8,impurity,mfcc_08_mean,0.0034821543376892805,,mean decrease in impurity,0,0,train,88
binary,r0f0,M8,impurity,time_shannon_entropy,0.0034540616907179356,,mean decrease in impurity,0,0,train,89
binary,r0f0,M8,impurity,chroma_05_std,0.0034488581586629152,,mean decrease in impurity,0,0,train,90
binary,r0f0,M8,impurity,chroma_04_std,0.0034238644875586033,,mean decrease in impurity,0,0,train,91
binary,r0f0,M8,impurity,env_peak_rate,0.0033494667150080204,,mean decrease in impurity,0,0,train,92
binary,r0f0,M8,impurity,env_mean,0.0033467330504208803,,mean decrease in impurity,0,0,train,93
binary,r0f0,M8,impurity,freq_total_power,0.0033313666936010122,,mean decrease in impurity,0,0,train,94
binary,r0f0,M8,impurity,mfcc_07_delta_mean,0.00330716953612864,,mean decrease in impurity,0,0,train,95
binary,r0f0,M8,impurity,time_range,0.003190416842699051,,mean decrease in impurity,0,0,train,96
binary,r0f0,M8,impurity,freq_bandwidth_std,0.0031708807218819857,,mean decrease in impurity,0,0,train,97
binary,r0f0,M8,impurity,freq_bandwidth_mean,0.0031157301273196936,,mean decrease in impurity,0,0,train,98
binary,r0f0,M8,impurity,mfcc_01_mean,0.0031012145336717367,,mean decrease in impurity,0,0,train,99
binary,r0f0,M8,impurity,freq_flatness_mean,0.0030994608532637358,,mean decrease in impurity,0,0,train,100
binary,r0f0,M8,impurity,env_skew,0.0030367455910891294,,mean decrease in impurity,0,0,train,101
binary,r0f0,M8,impurity,chroma_10_std,0.003018138697370887,,mean decrease in impurity,0,0,train,102
binary,r0f0,M8,impurity,chroma_11_std,0.002979469718411565,,mean decrease in impurity,0,0,train,103
binary,r0f0,M8,impurity,dwt_cD1_mean_abs,0.002965110121294856,,mean decrease in impurity,0,0,train,104
binary,r0f0,M8,impurity,time_crest_factor,0.002963658422231674,,mean decrease in impurity,0,0,train,105
binary,r0f0,M8,impurity,freq_dominant,0.002946616383269429,,mean decrease in impurity,0,0,train,106
binary,r0f0,M8,impurity,dwt_cD5_entropy,0.0029425956308841705,,mean decrease in impurity,0,0,train,107
binary,r0f0,M8,impurity,chroma_08_mean,0.002919291378930211,,mean decrease in impurity,0,0,train,108
binary,r0f0,M8,impurity,mfcc_10_std,0.0029150445479899645,,mean decrease in impurity,0,0,train,109
binary,r0f0,M8,impurity,mfcc_10_delta_mean,0.002866435097530484,,mean decrease in impurity,0,0,train,110
binary,r0f0,M8,impurity,mfcc_02_std,0.0028237965889275074,,mean decrease in impurity,0,0,train,111
binary,r0f0,M8,impurity,time_mean,0.002814627019688487,,mean decrease in impurity,0,0,train,112
binary,r0f0,M8,impurity,mfcc_12_delta_mean,0.0028081100899726152,,mean decrease in impurity,0,0,train,113
binary,r0f0,M8,impurity,chroma_09_std,0.002792652230709791,,mean decrease in impurity,0,0,train,114
binary,r0f0,M8,impurity,freq_band_power_100_150,0.002771835308521986,,mean decrease in impurity,0,0,train,115
binary,r0f0,M8,impurity,freq_rolloff95_std,0.0027029821649193764,,mean decrease in impurity,0,0,train,116
binary,r0f0,M8,impurity,time_median,0.00263765687122941,,mean decrease in impurity,0,0,train,117
binary,r0f0,M8,impurity,dwt_cD3_std,0.002631847746670246,,mean decrease in impurity,0,0,train,118
binary,r0f0,M8,impurity,freq_peak_power,0.002626198111101985,,mean decrease in impurity,0,0,train,119
binary,r0f0,M8,impurity,chroma_03_std,0.0026137589011341333,,mean decrease in impurity,0,0,train,120
binary,r0f0,M8,impurity,chroma_04_mean,0.0025848376099020243,,mean decrease in impurity,0,0,train,121
binary,r0f0,M8,impurity,chroma_12_mean,0.0025033033452928066,,mean decrease in impurity,0,0,train,122
binary,r0f0,M8,impurity,mfcc_13_delta_mean,0.0024323309771716595,,mean decrease in impurity,0,0,train,123
binary,r0f0,M8,impurity,mfcc_04_delta_mean,0.0024303726386278868,,mean decrease in impurity,0,0,train,124
binary,r0f0,M8,impurity,dwt_cD2_std,0.0023915350902825594,,mean decrease in impurity,0,0,train,125
binary,r0f0,M8,impurity,mfcc_13_std,0.0022487530950456858,,mean decrease in impurity,0,0,train,126
binary,r0f0,M8,impurity,mfcc_11_delta_mean,0.0021723471581935883,,mean decrease in impurity,0,0,train,127
binary,r0f0,M8,impurity,mfcc_06_delta_mean,0.002145330188795924,,mean decrease in impurity,0,0,train,128
binary,r0f0,M8,impurity,dwt_cD3_entropy,0.0021272876765578985,,mean decrease in impurity,0,0,train,129
binary,r0f0,M8,impurity,mfcc_07_std,0.0021147695370018482,,mean decrease in impurity,0,0,train,130
binary,r0f0,M8,impurity,chroma_10_mean,0.002082995604723692,,mean decrease in impurity,0,0,train,131
binary,r0f0,M8,impurity,mfcc_09_delta_mean,0.0019557003397494555,,mean decrease in impurity,0,0,train,132
binary,r0f0,M8,impurity,chroma_05_mean,0.0018985123606398702,,mean decrease in impurity,0,0,train,133
binary,r0f0,M8,impurity,time_hjorth_complexity,0.001516056014224887,,mean decrease in impurity,0,0,train,134
binary,r0f0,M8,impurity,mfcc_05_delta_mean,0.0011925231665372849,,mean decrease in impurity,0,0,train,135
binary,r0f0,M8,impurity,time_var,0.00022839618031866848,,mean decrease in impurity,0,0,train,136
binary,r0f0,M8,impurity,time_rms,0.0,,mean decrease in impurity,0,0,train,137
binary,r0f0,M8,impurity,time_hjorth_activity,0.0,,mean decrease in impurity,0,0,train,137
binary,r0f0,M8,permutation,dwt_cD1_entropy,0.06475948808473078,0.006957815326241533,balanced_accuracy,10,647,held-out fold,1
binary,r0f0,M8,permutation,mfcc_04_mean,0.05674168873198001,0.008971553193639377,balanced_accuracy,10,647,held-out fold,2
binary,r0f0,M8,permutation,time_zcr_mean,0.023506913798175922,0.006237753025965213,balanced_accuracy,10,647,held-out fold,3
binary,r0f0,M8,permutation,time_iqr,0.02017284495439834,0.0072701262262522895,balanced_accuracy,10,647,held-out fold,4
binary,r0f0,M8,permutation,freq_band_power_250_350,0.01522947925860546,0.003777069499203431,balanced_accuracy,10,647,held-out fold,5
binary,r0f0,M8,permutation,mfcc_02_mean,0.014228449543983501,0.004610416551440675,balanced_accuracy,10,647,held-out fold,6
binary,r0f0,M8,permutation,mfcc_05_std,0.012964842600764937,0.00618986384683619,balanced_accuracy,10,647,held-out fold,7
binary,r0f0,M8,permutation,dwt_cD5_mean_abs,0.012374227714033547,0.0052368335366316365,balanced_accuracy,10,647,held-out fold,8
binary,r0f0,M8,permutation,dwt_cD1_energy,0.012364666078258323,0.003661397956145022,balanced_accuracy,10,647,held-out fold,9
binary,r0f0,M8,permutation,mfcc_03_std,0.01184760223595177,0.0067823721231197905,balanced_accuracy,10,647,held-out fold,10
binary,r0f0,M8,permutation,mfcc_01_std,0.01051853486319504,0.004952351308418828,balanced_accuracy,10,647,held-out fold,11
binary,r0f0,M8,permutation,freq_band_power_350_400,0.009732274198293612,0.002286322828933401,balanced_accuracy,10,647,held-out fold,12
binary,r0f0,M8,permutation,freq_flux_mean,0.009469696969696961,0.0025409863380679407,balanced_accuracy,10,647,held-out fold,13
binary,r0f0,M8,permutation,dwt_cD2_entropy,0.009071785819358646,0.004595034850762217,balanced_accuracy,10,647,held-out fold,14
binary,r0f0,M8,permutation,env_skew,0.009071785819358635,0.0031228204011047016,balanced_accuracy,10,647,held-out fold,15
binary,r0f0,M8,permutation,mfcc_02_std,0.008498823183289183,0.004323090198791209,balanced_accuracy,10,647,held-out fold,16
binary,r0f0,M8,permutation,dwt_cD2_energy,0.008236245954692556,0.0027443249944119536,balanced_accuracy,10,647,held-out fold,17
binary,r0f0,M8,permutation,chroma_05_std,0.00806119446896143,0.0025940192731079056,balanced_accuracy,10,647,held-out fold,18
binary,r0f0,M8,permutation,freq_bandwidth_mean,0.008051632833186217,0.0022153375562264663,balanced_accuracy,10,647,held-out fold,19
binary,r0f0,M8,permutation,chroma_11_std,0.0075757575757575465,0.0029976413712535263,balanced_accuracy,10,647,held-out fold,20
binary,r0f0,M8,permutation,dwt_cD1_std,0.0072940570756104715,0.001204037786075032,balanced_accuracy,10,647,held-out fold,21
binary,r0f0,M8,permutation,time_autocorr_peak_lag,0.007216092968520149,0.004306000589702719,balanced_accuracy,10,647,held-out fold,22
binary,r0f0,M8,permutation,mfcc_01_mean,0.00719696969696969,0.0011363636363636352,balanced_accuracy,10,647,held-out fold,23
binary,r0f0,M8,permutation,chroma_09_std,0.00719696969696969,0.0020398351542176133,balanced_accuracy,10,647,held-out fold,23
binary,r0f0,M8,permutation,freq_rolloff95_std,0.006915269196822604,0.004064132560043385,balanced_accuracy,10,647,held-out fold,25
binary,r0f0,M8,permutation,mfcc_12_mean,0.006846866725507494,0.005444726488354662,balanced_accuracy,10,647,held-out fold,26
binary,r0f0,M8,permutation,mfcc_03_mean,0.006700500147102095,0.0030289227412526433,balanced_accuracy,10,647,held-out fold,27
binary,r0f0,M8,permutation,dwt_cA5_energy,0.006604883789349781,0.003488855628805358,balanced_accuracy,10,647,held-out fold,28
binary,r0f0,M8,permutation,env_std,0.0064202706678434755,0.0027071110123202216,balanced_accuracy,10,647,held-out fold,29
binary,r0f0,M8,permutation,dwt_cD3_entropy,0.00623565754633717,0.003673520590924081,balanced_accuracy,10,647,held-out fold,30
binary,r0f0,M8,permutation,freq_band_power_50_100,0.006060606060606055,0.001855674047563012,balanced_accuracy,10,647,held-out fold,31
binary,r0f0,M8,permutation,dwt_cD5_entropy,0.006060606060606055,0.001855674047563012,balanced_accuracy,10,647,held-out fold,31
binary,r0f0,M8,permutation,freq_band_power_100_150,0.005973080317740509,0.002649964515477561,balanced_accuracy,10,647,held-out fold,33
binary,r0f0,M8,permutation,time_std,0.005778905560458947,0.0018177141792959117,balanced_accuracy,10,647,held-out fold,34
binary,r0f0,M8,permutation,time_energy,0.005642100617828804,0.006491082359836617,balanced_accuracy,10,647,held-out fold,35
binary,r0f0,M8,permutation,dwt_cD5_std,0.005613415710503078,0.00380096654423794,balanced_accuracy,10,647,held-out fold,36
binary,r0f0,M8,permutation,time_autocorr_peak_value,0.005400117681671068,0.001850047244463865,balanced_accuracy,10,647,held-out fold,37
binary,r0f0,M8,permutation,chroma_08_std,0.005390556045895845,0.0018485660244387787,balanced_accuracy,10,647,held-out fold,38
binary,r0f0,M8,permutation,env_mean,0.005303030303030309,0.004206427892922188,balanced_accuracy,10,647,held-out fold,39
binary,r0f0,M8,permutation,mfcc_06_std,0.005303030303030298,0.001855674047563012,balanced_accuracy,10,647,held-out fold,40
binary,r0f0,M8,permutation,freq_total_power,0.005021329802883223,0.0023368430829636454,balanced_accuracy,10,647,held-out fold,41
binary,r0f0,M8,permutation,mfcc_13_mean,0.00502132980288319,0.002982616013201791,balanced_accuracy,10,647,held-out fold,42
binary,r0f0,M8,permutation,env_kurtosis,0.005002206531332753,0.002037819126163457,balanced_accuracy,10,647,held-out fold,43
binary,r0f0,M8,permutation,time_sample_entropy,0.004914680788467196,0.003447730293132232,balanced_accuracy,10,647,held-out fold,44
binary,r0f0,M8,permutation,dwt_cA5_entropy,0.004642541924095312,0.006045335513540457,balanced_accuracy,10,647,held-out fold,45
binary,r0f0,M8,permutation,time_crest_factor,0.004623418652544886,0.0032894806494635047,balanced_accuracy,10,647,held-out fold,46
binary,r0f0,M8,permutation,chroma_06_mean,0.004507208002353635,0.004212141617516245,balanced_accuracy,10,647,held-out fold,47
binary,r0f0,M8,permutation,chroma_04_mean,0.004166666666666663,0.003573477701536589,balanced_accuracy,10,647,held-out fold,48
binary,r0f0,M8,permutation,chroma_04_std,0.003982053545160324,0.00038834951456308,balanced_accuracy,10,647,held-out fold,49
binary,r0f0,M8,permutation,freq_spectral_entropy,0.0037878787878787845,0.0,balanced_accuracy,10,647,held-out fold,50
binary,r0f0,M8,permutation,freq_peak_power,0.0037878787878787845,0.0,balanced_accuracy,10,647,held-out fold,50
binary,r0f0,M8,permutation,freq_band_power_20_50,0.003778317152103583,0.0043622678005752254,balanced_accuracy,10,647,held-out fold,52
binary,r0f0,M8,permutation,mfcc_04_std,0.0037003530450132162,0.002729309596382745,balanced_accuracy,10,647,held-out fold,53
binary,r0f0,M8,permutation,mfcc_10_std,0.0035253015592821347,0.005378602413911289,balanced_accuracy,10,647,held-out fold,54
binary,r0f0,M8,permutation,dwt_cD3_energy,0.003409090909090906,0.0011363636363636352,balanced_accuracy,10,647,held-out fold,55
binary,r0f0,M8,permutation,chroma_07_mean,0.0033215651662253263,0.002850816469640962,balanced_accuracy,10,647,held-out fold,56
binary,r0f0,M8,permutation,dwt_cD4_entropy,0.003302441894674901,0.004088736893837699,balanced_accuracy,10,647,held-out fold,57
binary,r0f0,M8,permutation,chroma_10_std,0.0033024418946748903,0.0039287743229103654,balanced_accuracy,10,647,held-out fold,58
binary,r0f0,M8,permutation,freq_rolloff85_std,0.003243601059134993,0.002512594538148008,balanced_accuracy,10,647,held-out fold,59
binary,r0f0,M8,permutation,time_median,0.003214916151809355,0.002787428259090175,balanced_accuracy,10,647,held-out fold,60
binary,r0f0,M8,permutation,time_range,0.0030303030303030277,0.0037113480951260244,balanced_accuracy,10,647,held-out fold,61
binary,r0f0,M8,permutation,chroma_02_std,0.002845689908796689,0.0018987382682874867,balanced_accuracy,10,647,held-out fold,62
binary,r0f0,M8,permutation,dwt_cD3_mean_abs,0.002457340394233609,0.002364783207969362,balanced_accuracy,10,647,held-out fold,63
binary,r0f0,M8,permutation,mfcc_07_std,0.0024477787584583745,0.0021673529761253255,balanced_accuracy,10,647,held-out fold,64
binary,r0f0,M8,permutation,mfcc_08_mean,0.002350691379817582,0.0030675162999153275,balanced_accuracy,10,647,held-out fold,65
binary,r0f0,M8,permutation,freq_flux_std,0.002272727272727271,0.001855674047563012,balanced_accuracy,10,647,held-out fold,66
binary,r0f0,M8,permutation,mfcc_05_mean,0.002156516622536064,0.0057826070620930325,balanced_accuracy,10,647,held-out fold,67
binary,r0f0,M8,permutation,freq_centroid_mean,0.0021469549867608184,0.004001530292284121,balanced_accuracy,10,647,held-out fold,68
binary,r0f0,M8,permutation,dwt_cA5_mean_abs,0.002088114151220943,0.00193334471147203,balanced_accuracy,10,647,held-out fold,69
binary,r0f0,M8,permutation,mfcc_10_mean,0.0020785525154457087,0.002957218870074796,balanced_accuracy,10,647,held-out fold,70
binary,r0f0,M8,permutation,dwt_cD5_energy,0.001997646366578387,0.004918787012295552,balanced_accuracy,10,647,held-out fold,71
binary,r0f0,M8,permutation,time_duration,0.001991026772580162,0.0035828661558430595,balanced_accuracy,10,647,held-out fold,72
binary,r0f0,M8,permutation,mfcc_09_mean,0.001971903501029737,0.001924327685562564,balanced_accuracy,10,647,held-out fold,73
binary,r0f0,M8,permutation,freq_bandwidth_std,0.001971903501029715,0.0047716587417340655,balanced_accuracy,10,647,held-out fold,74
binary,r0f0,M8,permutation,freq_dominant,0.0018939393939393923,0.001893939393939392,balanced_accuracy,10,647,held-out fold,75
binary,r0f0,M8,permutation,mfcc_05_delta_mean,0.0018939393939393923,0.0034922516883685146,balanced_accuracy,10,647,held-out fold,75
binary,r0f0,M8,permutation,chroma_10_mean,0.0018939393939393923,0.003492251688368515,balanced_accuracy,10,647,held-out fold,75
binary,r0f0,M8,permutation,chroma_07_std,0.0016122388937922839,0.0019924020852151985,balanced_accuracy,10,647,held-out fold,78
binary,r0f0,M8,permutation,mfcc_10_delta_mean,0.0015835539864666238,0.0025124546932848925,balanced_accuracy,10,647,held-out fold,79
binary,r0f0,M8,permutation,chroma_05_mean,0.0015739923506914,0.0026434904329587397,balanced_accuracy,10,647,held-out fold,80
binary,r0f0,M8,permutation,time_max,0.0015151515151515138,0.0018556740475630124,balanced_accuracy,10,647,held-out fold,81
binary,r0f0,M8,permutation,mfcc_11_std,0.0015151515151515138,0.0018556740475630124,balanced_accuracy,10,647,held-out fold,81
binary,r0f0,M8,permutation,time_skewness,0.0013018534863195263,0.002031050531977264,balanced_accuracy,10,647,held-out fold,83
binary,r0f0,M8,permutation,mfcc_02_delta_mean,0.0012334510150043942,0.00681813028465011,balanced_accuracy,10,647,held-out fold,84
binary,r0f0,M8,permutation,chroma_08_mean,0.0011363636363636576,0.0026045093656932882,balanced_accuracy,10,647,held-out fold,85
binary,r0f0,M8,permutation,freq_rolloff85_mean,0.0011363636363636354,0.0017358241268772105,balanced_accuracy,10,647,held-out fold,86
binary,r0f0,M8,permutation,mfcc_08_delta_mean,0.0011363636363636354,0.0017358241268772105,balanced_accuracy,10,647,held-out fold,86
binary,r0f0,M8,permutation,mfcc_06_delta_mean,0.001107678729037953,0.005971520652645659,balanced_accuracy,10,647,held-out fold,88
binary,r0f0,M8,permutation,freq_band_power_150_250,0.0009517505148573191,0.0014670703056186524,balanced_accuracy,10,647,held-out fold,89
binary,r0f0,M8,permutation,mfcc_11_mean,0.0008451015004413143,0.004749909649949305,balanced_accuracy,10,647,held-out fold,90
binary,r0f0,M8,permutation,time_hjorth_complexity,0.0007575757575757569,0.002834588929374196,balanced_accuracy,10,647,held-out fold,91
binary,r0f0,M8,permutation,mfcc_13_delta_mean,0.0007575757575757569,0.002272727272727271,balanced_accuracy,10,647,held-out fold,91
binary,r0f0,M8,permutation,time_mean,0.0006604883789349758,0.0023231928410853138,balanced_accuracy,10,647,held-out fold,93
binary,r0f0,M8,permutation,env_peak_rate,0.0006318034716092935,0.005095262020070376,balanced_accuracy,10,647,held-out fold,94
binary,r0f0,M8,permutation,dwt_cD4_mean_abs,0.000553839364518971,0.0026240886222075265,balanced_accuracy,10,647,held-out fold,95
binary,r0f0,M8,permutation,mfcc_09_std,0.00037878787878787846,0.00314644843292351,balanced_accuracy,10,647,held-out fold,96
binary,r0f0,M8,permutation,mfcc_03_delta_mean,0.00037878787878787846,0.0020398351542176133,balanced_accuracy,10,647,held-out fold,96
binary,r0f0,M8,permutation,mfcc_09_delta_mean,0.00037878787878787846,0.00314644843292351,balanced_accuracy,10,647,held-out fold,96
binary,r0f0,M8,permutation,mfcc_08_std,0.00018461312150631627,0.002707111012320235,balanced_accuracy,10,647,held-out fold,99
binary,r0f0,M8,permutation,mfcc_12_std,0.00010664901441601594,0.002345174215285053,balanced_accuracy,10,647,held-out fold,100
binary,r0f0,M8,permutation,chroma_03_mean,9.561635775201527e-06,0.002991578855461055,balanced_accuracy,10,647,held-out fold,101
binary,r0f0,M8,permutation,time_var,0.0,0.0,balanced_accuracy,10,647,held-out fold,102
binary,r0f0,M8,permutation,time_rms,0.0,0.0,balanced_accuracy,10,647,held-out fold,102
binary,r0f0,M8,permutation,time_peak_to_peak,0.0,0.0,balanced_accuracy,10,647,held-out fold,102
binary,r0f0,M8,permutation,time_hjorth_activity,0.0,0.0,balanced_accuracy,10,647,held-out fold,102
binary,r0f0,M8,permutation,time_hjorth_mobility,0.0,0.0,balanced_accuracy,10,647,held-out fold,102
binary,r0f0,M8,permutation,chroma_01_std,0.0,0.0,balanced_accuracy,10,647,held-out fold,102
binary,r0f0,M8,permutation,chroma_06_std,0.0,0.0,balanced_accuracy,10,647,held-out fold,102
binary,r0f0,M8,permutation,dwt_cA5_std,0.0,0.0,balanced_accuracy,10,647,held-out fold,102
binary,r0f0,M8,permutation,dwt_cD4_std,0.0,0.0,balanced_accuracy,10,647,held-out fold,102
binary,r0f0,M8,permutation,dwt_cD2_std,0.0,0.0,balanced_accuracy,10,647,held-out fold,102
binary,r0f0,M8,permutation,dwt_cD2_mean_abs,0.0,0.0,balanced_accuracy,10,647,held-out fold,102
binary,r0f0,M8,permutation,dwt_cD1_mean_abs,0.0,0.0,balanced_accuracy,10,647,held-out fold,102
binary,r0f0,M8,permutation,mfcc_01_delta_mean,-0.0001941747572815622,0.001737935697255173,balanced_accuracy,10,647,held-out fold,114
binary,r0f0,M8,permutation,mfcc_07_mean,-0.00020373639305677483,0.003434573973705563,balanced_accuracy,10,647,held-out fold,115
binary,r0f0,M8,permutation,time_shannon_entropy,-0.00037878787878787846,0.0011363636363636352,balanced_accuracy,10,647,held-out fold,116
binary,r0f0,M8,permutation,mfcc_11_delta_mean,-0.00037878787878787846,0.002651515151515149,balanced_accuracy,10,647,held-out fold,116
binary,r0f0,M8,permutation,freq_rolloff95_mean,-0.0007575757575757569,0.002272727272727271,balanced_accuracy,10,647,held-out fold,118
binary,r0f0,M8,permutation,dwt_cD4_energy,-0.0008164165931156431,0.003215962540021598,balanced_accuracy,10,647,held-out fold,119
binary,r0f0,M8,permutation,mfcc_12_delta_mean,-0.0009421888790820843,0.001694017876886531,balanced_accuracy,10,647,held-out fold,120
binary,r0f0,M8,permutation,chroma_01_mean,-0.0010297146219476194,0.002411072343619424,balanced_accuracy,10,647,held-out fold,121
binary,r0f0,M8,permutation,mfcc_06_mean,-0.0011157693439246663,0.004344448015335838,balanced_accuracy,10,647,held-out fold,122
binary,r0f0,M8,permutation,chroma_03_std,-0.001223889379229215,0.002472081568330114,balanced_accuracy,10,647,held-out fold,123
binary,r0f0,M8,permutation,mfcc_04_delta_mean,-0.0012334510150044053,0.0046051542384476785,balanced_accuracy,10,647,held-out fold,124
binary,r0f0,M8,permutation,chroma_11_mean,-0.0014180641365107328,0.0019551378417698006,balanced_accuracy,10,647,held-out fold,125
binary,r0f0,M8,permutation,freq_centroid_std,-0.00150558987937629,0.0022194094381184875,balanced_accuracy,10,647,held-out fold,126
binary,r0f0,M8,permutation,freq_flatness_mean,-0.0016122388937922839,0.0026509979994954742,balanced_accuracy,10,647,held-out fold,127
binary,r0f0,M8,permutation,dwt_cD3_std,-0.0018939393939393923,0.001893939393939392,balanced_accuracy,10,647,held-out fold,128
binary,r0f0,M8,permutation,chroma_12_mean,-0.002000588408355375,0.003709314150025067,balanced_accuracy,10,647,held-out fold,129
binary,r0f0,M8,permutation,time_kurtosis,-0.002651515151515149,0.0017358241268772105,balanced_accuracy,10,647,held-out fold,130
binary,r0f0,M8,permutation,mfcc_13_std,-0.002651515151515149,0.0017358241268772105,balanced_accuracy,10,647,held-out fold,130
binary,r0f0,M8,permutation,chroma_02_mean,-0.0030207413945277928,0.002197374965981709,balanced_accuracy,10,647,held-out fold,132
binary,r0f0,M8,permutation,time_min,-0.0030303030303030277,0.0015151515151515138,balanced_accuracy,10,647,held-out fold,133
binary,r0f0,M8,permutation,mfcc_07_delta_mean,-0.0034966166519564633,0.002583150376929542,balanced_accuracy,10,647,held-out fold,134
binary,r0f0,M8,permutation,chroma_12_std,-0.004166666666666663,0.0020398351542176133,balanced_accuracy,10,647,held-out fold,135
binary,r0f0,M8,permutation,time_zcr_std,-0.0045439835245660535,0.004709292279018307,balanced_accuracy,10,647,held-out fold,136
binary,r0f0,M8,permutation,freq_flatness_std,-0.005303030303030298,0.0030303030303030277,balanced_accuracy,10,647,held-out fold,137
binary,r0f0,M8,permutation,chroma_09_mean,-0.005672256546042964,0.003259937618640898,balanced_accuracy,10,647,held-out fold,138
binary,r0f1,M1,permutation,time_zcr_mean,0.19084124830393479,0.01873431363319291,balanced_accuracy,10,651,held-out fold,1
binary,r0f1,M1,permutation,dwt_cD1_entropy,0.13717413897629835,0.01624189022777382,balanced_accuracy,10,651,held-out fold,2
binary,r0f1,M1,permutation,time_iqr,0.11009555703109206,0.011226301658874897,balanced_accuracy,10,651,held-out fold,3
binary,r0f1,M1,permutation,time_hjorth_mobility,0.07744449897514356,0.011265067798652632,balanced_accuracy,10,651,held-out fold,4
binary,r0f1,M1,permutation,mfcc_04_mean,0.07382935419613725,0.01612896791551734,balanced_accuracy,10,651,held-out fold,5
binary,r0f1,M1,permutation,time_sample_entropy,0.05611738214151675,0.011223592533440865,balanced_accuracy,10,651,held-out fold,6
binary,r0f1,M1,permutation,freq_band_power_20_50,0.04805421634573739,0.01635884832603777,balanced_accuracy,10,651,held-out fold,7
binary,r0f1,M1,permutation,dwt_cD5_std,0.0475915875169606,0.013824872349216836,balanced_accuracy,10,651,held-out fold,8
binary,r0f1,M1,permutation,dwt_cA5_energy,0.04075247553335829,0.012990610785292045,balanced_accuracy,10,651,held-out fold,9
binary,r0f1,M1,permutation,env_skew,0.03873524062472929,0.012188558529969735,balanced_accuracy,10,651,held-out fold,10
binary,r0f1,M1,permutation,freq_rolloff95_mean,0.027648748520453802,0.01119044875803636,balanced_accuracy,10,651,held-out fold,11
binary,r0f1,M1,permutation,dwt_cD1_energy,0.024444268021594086,0.00796437461660721,balanced_accuracy,10,651,held-out fold,12
binary,r0f1,M1,permutation,freq_centroid_mean,0.023691503796298908,0.009209295522866777,balanced_accuracy,10,651,held-out fold,13
binary,r0f1,M1,permutation,freq_bandwidth_mean,0.01897499927827011,0.011955697601297133,balanced_accuracy,10,651,held-out fold,14
binary,r0f1,M1,permutation,chroma_01_mean,0.01827059095239464,0.007360659551330193,balanced_accuracy,10,651,held-out fold,15
binary,r0f1,M1,permutation,dwt_cD5_energy,0.01505239758653536,0.009355489272326994,balanced_accuracy,10,651,held-out fold,16
binary,r0f1,M1,permutation,chroma_10_mean,0.013709980080256302,0.006863990177419409,balanced_accuracy,10,651,held-out fold,17
binary,r0f1,M1,permutation,mfcc_03_mean,0.013460983284736782,0.010516494134387138,balanced_accuracy,10,651,held-out fold,18
binary,r0f1,M1,permutation,mfcc_02_std,0.012728427495020022,0.006900379871755821,balanced_accuracy,10,651,held-out fold,19
binary,r0f1,M1,permutation,env_std,0.011191864661219963,0.012920966334655224,balanced_accuracy,10,651,held-out fold,20
binary,r0f1,M1,permutation,dwt_cD2_std,0.011054735991223686,0.006344637553538505,balanced_accuracy,10,651,held-out fold,21
binary,r0f1,M1,permutation,mfcc_01_std,0.00999234966367384,0.008798464761580808,balanced_accuracy,10,651,held-out fold,22
binary,r0f1,M1,permutation,dwt_cD2_mean_abs,0.009876151159098068,0.007953699415991259,balanced_accuracy,10,651,held-out fold,23
binary,r0f1,M1,permutation,mfcc_02_mean,0.009659632206472401,0.008688483605345158,balanced_accuracy,10,651,held-out fold,24
binary,r0f1,M1,permutation,dwt_cD3_std,0.008900372412598468,0.00821909784764649,balanced_accuracy,10,651,held-out fold,25
binary,r0f1,M1,permutation,time_shannon_entropy,0.007753543693524589,0.010347874972874831,balanced_accuracy,10,651,held-out fold,26
binary,r0f1,M1,permutation,time_zcr_std,0.007504546898005093,0.007363333043426311,balanced_accuracy,10,651,held-out fold,27
binary,r0f1,M1,permutation,chroma_12_mean,0.006992840439966475,0.007767752306444831,balanced_accuracy,10,651,held-out fold,28
binary,r0f1,M1,permutation,dwt_cD1_std,0.006770547648604142,0.00537439261115747,balanced_accuracy,10,651,held-out fold,29
binary,r0f1,M1,permutation,freq_rolloff85_mean,0.00676766072923578,0.009480685099498601,balanced_accuracy,10,651,held-out fold,30
binary,r0f1,M1,permutation,freq_rolloff95_std,0.006618262651924079,0.010876383472441433,balanced_accuracy,10,651,held-out fold,31
binary,r0f1,M1,permutation,mfcc_05_mean,0.006150581714252678,0.005193832718274251,balanced_accuracy,10,651,held-out fold,32
binary,r0f1,M1,permutation,mfcc_03_delta_mean,0.004505037674297696,0.003877423703525482,balanced_accuracy,10,651,held-out fold,33
binary,r0f1,M1,permutation,mfcc_06_mean,0.003040647824706233,0.00808038948851092,balanced_accuracy,10,651,held-out fold,34
binary,r0f1,M1,permutation,chroma_03_std,0.002819076763185935,0.0038830060888361776,balanced_accuracy,10,651,held-out fold,35
binary,r0f1,M1,permutation,mfcc_13_std,0.002459655301827368,0.0031633095408817027,balanced_accuracy,10,651,held-out fold,36
binary,r0f1,M1,permutation,freq_centroid_std,0.00225179710730673,0.006559839816176097,balanced_accuracy,10,651,held-out fold,37
binary,r0f1,M1,permutation,dwt_cA5_std,0.0020453823724702947,0.004609967320020588,balanced_accuracy,10,651,held-out fold,38
binary,r0f1,M1,permutation,chroma_06_std,0.0018375241779496454,0.0028443504016871933,balanced_accuracy,10,651,held-out fold,39
binary,r0f1,M1,permutation,freq_flatness_std,0.0016441005802707465,0.002769097483044786,balanced_accuracy,10,651,held-out fold,40
binary,r0f1,M1,permutation,dwt_cD4_mean_abs,0.0014095383815929674,0.003223677336329422,balanced_accuracy,10,651,held-out fold,41
binary,r0f1,M1,permutation,dwt_cD3_energy,0.0011742544530730537,0.004626301855368523,balanced_accuracy,10,651,held-out fold,42
binary,r0f1,M1,permutation,time_energy,0.0011728109933889063,0.008476216163281985,balanced_accuracy,10,651,held-out fold,43
binary,r0f1,M1,permutation,time_duration,0.0011728109933889063,0.008476216163281985,balanced_accuracy,10,651,held-out fold,43
binary,r0f1,M1,permutation,mfcc_12_mean,0.0010645515170760844,0.004090713874639894,balanced_accuracy,10,651,held-out fold,45
binary,r0f1,M1,permutation,time_kurtosis,0.0009671179883945502,0.0,balanced_accuracy,10,651,held-out fold,46
binary,r0f1,M1,permutation,mfcc_12_delta_mean,0.0006632697248765585,0.003716821027062804,balanced_accuracy,10,651,held-out fold,47
binary,r0f1,M1,permutation,time_mean,0.00037313432835814895,0.005394340408507829,balanced_accuracy,10,651,held-out fold,48
binary,r0f1,M1,permutation,chroma_03_mean,0.0003457085943589178,0.005815785274998907,balanced_accuracy,10,651,held-out fold,49
binary,r0f1,M1,permutation,time_std,0.0,0.0,balanced_accuracy,10,651,held-out fold,50
binary,r0f1,M1,permutation,time_var,0.0,0.0,balanced_accuracy,10,651,held-out fold,50
binary,r0f1,M1,permutation,time_rms,0.0,0.0,balanced_accuracy,10,651,held-out fold,50
binary,r0f1,M1,permutation,time_hjorth_activity,0.0,0.0,balanced_accuracy,10,651,held-out fold,50
binary,r0f1,M1,permutation,mfcc_05_delta_mean,0.0,0.0,balanced_accuracy,10,651,held-out fold,50
binary,r0f1,M1,permutation,chroma_06_mean,0.0,0.0,balanced_accuracy,10,651,held-out fold,50
binary,r0f1,M1,permutation,env_kurtosis,-1.5156326683851695e-05,0.005857594657732829,balanced_accuracy,10,651,held-out fold,56
binary,r0f1,M1,permutation,dwt_cD5_mean_abs,-5.557319784064152e-05,0.005817310018057238,balanced_accuracy,10,651,held-out fold,57
binary,r0f1,M1,permutation,mfcc_10_mean,-0.00019342359767895445,0.004252278620340305,balanced_accuracy,10,651,held-out fold,58
binary,r0f1,M1,permutation,mfcc_12_std,-0.000525419325038301,0.003391612415503219,balanced_accuracy,10,651,held-out fold,59
binary,r0f1,M1,permutation,chroma_07_std,-0.0007051300557175844,0.006531543460979526,balanced_accuracy,10,651,held-out fold,60
binary,r0f1,M1,permutation,freq_peak_power,-0.0007736943907157179,0.0038323376176906225,balanced_accuracy,10,651,held-out fold,61
binary,r0f1,M1,permutation,time_skewness,-0.0008711279193972965,0.005159085298752826,balanced_accuracy,10,651,held-out fold,62
binary,r0f1,M1,permutation,mfcc_04_delta_mean,-0.0009259793873957368,0.0016687637887694237,balanced_accuracy,10,651,held-out fold,63
binary,r0f1,M1,permutation,freq_flatness_mean,-0.0011194029850746467,0.0023892254617287174,balanced_accuracy,10,651,held-out fold,64
binary,r0f1,M1,permutation,mfcc_13_delta_mean,-0.0012161147839141128,0.0028914775535436284,balanced_accuracy,10,651,held-out fold,65
binary,r0f1,M1,permutation,chroma_04_std,-0.0015343976442738438,0.004895626254495109,balanced_accuracy,10,651,held-out fold,66
binary,r0f1,M1,permutation,freq_band_power_150_250,-0.0016448223101129256,0.004560310931500466,balanced_accuracy,10,651,held-out fold,67
binary,r0f1,M1,permutation,chroma_08_mean,-0.0017003955079535338,0.007859754755199622,balanced_accuracy,10,651,held-out fold,68
binary,r0f1,M1,permutation,dwt_cD2_energy,-0.00218395450215082,0.004226362942528435,balanced_accuracy,10,651,held-out fold,69
binary,r0f1,M1,permutation,mfcc_08_mean,-0.0025015156326684495,0.0016274398217918018,balanced_accuracy,10,651,held-out fold,70
binary,r0f1,M1,permutation,mfcc_05_std,-0.002557088830509047,0.00480151632844197,balanced_accuracy,10,651,held-out fold,71
binary,r0f1,M1,permutation,mfcc_04_std,-0.0026393660325067514,0.006509187817873869,balanced_accuracy,10,651,held-out fold,72
binary,r0f1,M1,permutation,freq_band_power_50_100,-0.002921562400762201,0.012533541320072018,balanced_accuracy,10,651,held-out fold,73
binary,r0f1,M1,permutation,time_max,-0.003164785357545019,0.004200570916798542,balanced_accuracy,10,651,held-out fold,74
binary,r0f1,M1,permutation,freq_band_power_350_400,-0.0032614971563844517,0.0031398938690893356,balanced_accuracy,10,651,held-out fold,75
binary,r0f1,M1,permutation,time_autocorr_peak_lag,-0.0033444960882243135,0.005057186496241274,balanced_accuracy,10,651,held-out fold,76
binary,r0f1,M1,permutation,time_crest_factor,-0.003483068217904739,0.006062669175329732,balanced_accuracy,10,651,held-out fold,77
binary,r0f1,M1,permutation,chroma_11_mean,-0.0035242068189036413,0.0025150913983258425,balanced_accuracy,10,651,held-out fold,78
binary,r0f1,M1,permutation,mfcc_11_mean,-0.0035790582869021036,0.004502453008203239,balanced_accuracy,10,651,held-out fold,79
binary,r0f1,M1,permutation,dwt_cD5_entropy,-0.0036064840209013237,0.008524572367829403,balanced_accuracy,10,651,held-out fold,80
binary,r0f1,M1,permutation,mfcc_09_delta_mean,-0.0037039175495829136,0.0032224486615036966,balanced_accuracy,10,651,held-out fold,81
binary,r0f1,M1,permutation,dwt_cD1_mean_abs,-0.0037335084731083936,0.009642998929102399,balanced_accuracy,10,651,held-out fold,82
binary,r0f1,M1,permutation,freq_total_power,-0.003855480816420842,0.004968328472823121,balanced_accuracy,10,651,held-out fold,83
binary,r0f1,M1,permutation,time_median,-0.00393847974826067,0.004418922674111924,balanced_accuracy,10,651,held-out fold,84
binary,r0f1,M1,permutation,mfcc_07_mean,-0.004173763676780584,0.0026240772066941907,balanced_accuracy,10,651,held-out fold,85
binary,r0f1,M1,permutation,mfcc_02_delta_mean,-0.004450186206299356,0.0033199779840372905,balanced_accuracy,10,651,held-out fold,86
binary,r0f1,M1,permutation,freq_flux_std,-0.0044638990732989384,0.004463668020417465,balanced_accuracy,10,651,held-out fold,87
binary,r0f1,M1,permutation,mfcc_13_mean,-0.00450431594445575,0.00667006261881792,balanced_accuracy,10,651,held-out fold,88
binary,r0f1,M1,permutation,mfcc_11_delta_mean,-0.004519472271139535,0.006072391279010614,balanced_accuracy,10,651,held-out fold,89
binary,r0f1,M1,permutation,freq_flux_mean,-0.0045642195213488335,0.009109044489861735,balanced_accuracy,10,651,held-out fold,90
binary,r0f1,M1,permutation,mfcc_09_std,-0.0048377551314992325,0.008006461168261944,balanced_accuracy,10,651,held-out fold,91
binary,r0f1,M1,permutation,chroma_07_mean,-0.0048926065994977066,0.005263198679616744,balanced_accuracy,10,651,held-out fold,92
binary,r0f1,M1,permutation,mfcc_07_delta_mean,-0.005058604463177407,0.0045255067654039124,balanced_accuracy,10,651,held-out fold,93
binary,r0f1,M1,permutation,freq_rolloff85_std,-0.005099021334334208,0.0065686609110722285,balanced_accuracy,10,651,held-out fold,94
binary,r0f1,M1,permutation,mfcc_10_delta_mean,-0.005348018129853693,0.005128858245441642,balanced_accuracy,10,651,held-out fold,95
binary,r0f1,M1,permutation,chroma_04_mean,-0.005500303126533735,0.00465805295555841,balanced_accuracy,10,651,held-out fold,96
binary,r0f1,M1,permutation,chroma_08_std,-0.005818585986893443,0.005677906785586168,balanced_accuracy,10,651,held-out fold,97
binary,r0f1,M1,permutation,mfcc_07_std,-0.005859724587892345,0.0034994840320036295,balanced_accuracy,10,651,held-out fold,98
binary,r0f1,M1,permutation,dwt_cA5_entropy,-0.006273997517249408,0.005416584195849113,balanced_accuracy,10,651,held-out fold,99
binary,r0f1,M1,permutation,chroma_12_std,-0.006398856779930207,0.003910245697193122,balanced_accuracy,10,651,held-out fold,100
binary,r0f1,M1,permutation,mfcc_06_delta_mean,-0.006439995380929042,0.003613470104682085,balanced_accuracy,10,651,held-out fold,101
binary,r0f1,M1,permutation,dwt_cD2_entropy,-0.006471751493980826,0.010982160610474677,balanced_accuracy,10,651,held-out fold,102
binary,r0f1,M1,permutation,chroma_09_mean,-0.0065107249054534464,0.012768768182901867,balanced_accuracy,10,651,held-out fold,103
binary,r0f1,M1,permutation,env_mean,-0.006745287104131237,0.008314659945337761,balanced_accuracy,10,651,held-out fold,104
binary,r0f1,M1,permutation,time_min,-0.0069235543751263616,0.006852032612241539,balanced_accuracy,10,651,held-out fold,105
binary,r0f1,M1,permutation,time_range,-0.0069791275729669255,0.005905383920900983,balanced_accuracy,10,651,held-out fold,106
binary,r0f1,M1,permutation,time_peak_to_peak,-0.0069791275729669255,0.005905383920900983,balanced_accuracy,10,651,held-out fold,106
binary,r0f1,M1,permutation,freq_band_power_250_350,-0.007061404774964697,0.0036471576234511855,balanced_accuracy,10,651,held-out fold,108
binary,r0f1,M1,permutation,mfcc_11_std,-0.0071039868356477355,0.005559829384427575,balanced_accuracy,10,651,held-out fold,109
binary,r0f1,M1,permutation,chroma_01_std,-0.007780969427523976,0.0056261342884825465,balanced_accuracy,10,651,held-out fold,110
binary,r0f1,M1,permutation,chroma_05_mean,-0.008222668090880292,0.004597803226393129,balanced_accuracy,10,651,held-out fold,111
binary,r0f1,M1,permutation,dwt_cD4_entropy,-0.00854095095124,0.005098210102667126,balanced_accuracy,10,651,held-out fold,112
binary,r0f1,M1,permutation,mfcc_08_delta_mean,-0.008582089552238858,0.003378660065865908,balanced_accuracy,10,651,held-out fold,113
binary,r0f1,M1,permutation,mfcc_10_std,-0.008595802419238519,0.00504150276754901,balanced_accuracy,10,651,held-out fold,114
binary,r0f1,M1,permutation,dwt_cD3_entropy,-0.008624671612921898,0.006614115931822269,balanced_accuracy,10,651,held-out fold,115
binary,r0f1,M1,permutation,chroma_10_std,-0.009107508877277149,0.0031401642669564946,balanced_accuracy,10,651,held-out fold,116
binary,r0f1,M1,permutation,freq_bandwidth_std,-0.009204220676116582,0.0044419713760401975,balanced_accuracy,10,651,held-out fold,117
binary,r0f1,M1,permutation,chroma_05_std,-0.009300932474956058,0.005007031716224789,balanced_accuracy,10,651,held-out fold,118
binary,r0f1,M1,permutation,env_peak_rate,-0.009964923929674708,0.006939067466205427,balanced_accuracy,10,651,held-out fold,119
binary,r0f1,M1,permutation,dwt_cD4_std,-0.010051531510724975,0.007466915271327189,balanced_accuracy,10,651,held-out fold,120
binary,r0f1,M1,permutation,mfcc_09_mean,-0.01030991079419159,0.004018720148302034,balanced_accuracy,10,651,held-out fold,121
binary,r0f1,M1,permutation,mfcc_03_std,-0.01039290972603143,0.005788437115287507,balanced_accuracy,10,651,held-out fold,122
binary,r0f1,M1,permutation,dwt_cA5_mean_abs,-0.01066933225555019,0.004289317687934634,balanced_accuracy,10,651,held-out fold,123
binary,r0f1,M1,permutation,mfcc_06_std,-0.011180316983746696,0.005710538364279352,balanced_accuracy,10,651,held-out fold,124
binary,r0f1,M1,permutation,dwt_cD4_energy,-0.012507578163341948,0.0033714997568682456,balanced_accuracy,10,651,held-out fold,125
binary,r0f1,M1,permutation,freq_band_power_100_150,-0.01390484713761948,0.005696221127163484,balanced_accuracy,10,651,held-out fold,126
binary,r0f1,M1,permutation,chroma_09_std,-0.014179826207454083,0.005393896200186164,balanced_accuracy,10,651,held-out fold,127
binary,r0f1,M1,permutation,mfcc_01_mean,-0.014372528075290936,0.004039913590994815,balanced_accuracy,10,651,held-out fold,128
binary,r0f1,M1,permutation,time_autocorr_peak_value,-0.014773809867490429,0.011236709237220399,balanced_accuracy,10,651,held-out fold,129
binary,r0f1,M1,permutation,freq_spectral_entropy,-0.015754640722884673,0.0038823222138259115,balanced_accuracy,10,651,held-out fold,130
binary,r0f1,M1,permutation,freq_dominant,-0.015811657380409426,0.008756817384388027,balanced_accuracy,10,651,held-out fold,131
binary,r0f1,M1,permutation,chroma_02_mean,-0.01615664424492631,0.006394796188554003,balanced_accuracy,10,651,held-out fold,132
binary,r0f1,M1,permutation,mfcc_08_std,-0.016362337249920655,0.003578275781592431,balanced_accuracy,10,651,held-out fold,133
binary,r0f1,M1,permutation,mfcc_01_delta_mean,-0.016888478304801023,0.004031300191075544,balanced_accuracy,10,651,held-out fold,134
binary,r0f1,M1,permutation,dwt_cD3_mean_abs,-0.017509887698836612,0.004092428981810592,balanced_accuracy,10,651,held-out fold,135
binary,r0f1,M1,permutation,chroma_11_std,-0.018491440284072923,0.006862379077435743,balanced_accuracy,10,651,held-out fold,136
binary,r0f1,M1,permutation,chroma_02_std,-0.019403706804469022,0.005603117684015873,balanced_accuracy,10,651,held-out fold,137
binary,r0f1,M1,permutation,time_hjorth_complexity,-0.019612286728831717,0.011123130335348171,balanced_accuracy,10,651,held-out fold,138
binary,r0f1,M3,permutation,dwt_cD1_entropy,0.0292574843384625,0.008651619070282985,balanced_accuracy,10,651,held-out fold,1
binary,r0f1,M3,permutation,mfcc_04_mean,0.022858627558532373,0.008677455948371188,balanced_accuracy,10,651,held-out fold,2
binary,r0f1,M3,permutation,mfcc_01_std,0.018546291752071453,0.006729872110692918,balanced_accuracy,10,651,held-out fold,3
binary,r0f1,M3,permutation,time_zcr_mean,0.017509887698836657,0.004521756345806271,balanced_accuracy,10,651,held-out fold,4
binary,r0f1,M3,permutation,dwt_cA5_energy,0.014731227806807412,0.004191692908346465,balanced_accuracy,10,651,held-out fold,5
binary,r0f1,M3,permutation,dwt_cD3_std,0.010420335460030673,0.005576379011702449,balanced_accuracy,10,651,held-out fold,6
binary,r0f1,M3,permutation,freq_rolloff85_std,0.010254337596350981,0.0029184416772485428,balanced_accuracy,10,651,held-out fold,7
binary,r0f1,M3,permutation,dwt_cD5_std,0.009715205404313098,0.004617521773258702,balanced_accuracy,10,651,held-out fold,8
binary,r0f1,M3,permutation,freq_band_power_100_150,0.009701492537313472,0.005178452405855292,balanced_accuracy,10,651,held-out fold,9
binary,r0f1,M3,permutation,dwt_cD5_mean_abs,0.009687779670313867,0.005953721826098772,balanced_accuracy,10,651,held-out fold,10
binary,r0f1,M3,permutation,dwt_cD2_entropy,0.009383931406795854,0.00268365476365127,balanced_accuracy,10,651,held-out fold,11
binary,r0f1,M3,permutation,mfcc_05_mean,0.009010797078437638,0.006577480273126513,balanced_accuracy,10,651,held-out fold,12
binary,r0f1,M3,permutation,dwt_cD3_mean_abs,0.008734374548918922,0.005932676197161294,balanced_accuracy,10,651,held-out fold,13
binary,r0f1,M3,permutation,chroma_03_std,0.00802924449320135,0.003100342150004245,balanced_accuracy,10,651,held-out fold,14
binary,r0f1,M3,permutation,mfcc_03_mean,0.007932532694361893,0.006075847814963879,balanced_accuracy,10,651,held-out fold,15
binary,r0f1,M3,permutation,time_zcr_std,0.0073659747683247675,0.0048537662098660376,balanced_accuracy,10,651,held-out fold,16
binary,r0f1,M3,permutation,freq_centroid_mean,0.007338549034325537,0.004647729262784905,balanced_accuracy,10,651,held-out fold,17
binary,r0f1,M3,permutation,chroma_01_mean,0.007062126504806776,0.004605357217498983,balanced_accuracy,10,651,held-out fold,18
binary,r0f1,M3,permutation,mfcc_12_std,0.00642556078408738,0.00655959369109098,balanced_accuracy,10,651,held-out fold,19
binary,r0f1,M3,permutation,freq_band_power_350_400,0.006219146049250912,0.0034928712794443004,balanced_accuracy,10,651,held-out fold,20
binary,r0f1,M3,permutation,mfcc_06_mean,0.00621914604925089,0.0057400903998237815,balanced_accuracy,10,651,held-out fold,21
binary,r0f1,M3,permutation,chroma_10_mean,0.006136147117411039,0.004493983797049372,balanced_accuracy,10,651,held-out fold,22
binary,r0f1,M3,permutation,mfcc_13_std,0.006080573919570498,0.0032485977374321364,balanced_accuracy,10,651,held-out fold,23
binary,r0f1,M3,permutation,time_hjorth_mobility,0.005846011720892696,0.00413852251551607,balanced_accuracy,10,651,held-out fold,24
binary,r0f1,M3,permutation,chroma_02_mean,0.005846011720892686,0.004231702156953307,balanced_accuracy,10,651,held-out fold,25
binary,r0f1,M3,permutation,mfcc_05_std,0.00555515459453223,0.006565697440791087,balanced_accuracy,10,651,held-out fold,26
binary,r0f1,M3,permutation,mfcc_03_std,0.005444729928693182,0.00449292936347007,balanced_accuracy,10,651,held-out fold,27
binary,r0f1,M3,permutation,chroma_05_std,0.0050578827333353175,0.0026749274813150136,balanced_accuracy,10,651,held-out fold,28
binary,r0f1,M3,permutation,chroma_02_std,0.00496117093449584,0.003273059077447686,balanced_accuracy,10,651,held-out fold,29
binary,r0f1,M3,permutation,env_skew,0.004560610872138393,0.004250510183368179,balanced_accuracy,10,651,held-out fold,30
binary,r0f1,M3,permutation,chroma_06_mean,0.00438090014145911,0.0025541528640387334,balanced_accuracy,10,651,held-out fold,31
binary,r0f1,M3,permutation,freq_band_power_150_250,0.004353474407459845,0.004634114632186879,balanced_accuracy,10,651,held-out fold,32
binary,r0f1,M3,permutation,mfcc_07_delta_mean,0.004311614076618897,0.004802326807997666,balanced_accuracy,10,651,held-out fold,33
binary,r0f1,M3,permutation,freq_band_power_250_350,0.004256762608620413,0.002785068960158223,balanced_accuracy,10,651,held-out fold,34
binary,r0f1,M3,permutation,dwt_cD2_mean_abs,0.004146337942781309,0.004213440335935552,balanced_accuracy,10,651,held-out fold,35
binary,r0f1,M3,permutation,chroma_12_mean,0.0037176304165825068,0.004137028798153473,balanced_accuracy,10,651,held-out fold,36
binary,r0f1,M3,permutation,chroma_11_std,0.00370319581974089,0.003180304739807506,balanced_accuracy,10,651,held-out fold,37
binary,r0f1,M3,permutation,freq_flux_mean,0.0037031958197408345,0.0032673427368624885,balanced_accuracy,10,651,held-out fold,38
binary,r0f1,M3,permutation,dwt_cD3_energy,0.003662057218741932,0.003460537976138133,balanced_accuracy,10,651,held-out fold,39
binary,r0f1,M3,permutation,mfcc_06_delta_mean,0.003579058286902115,0.0026084966993363524,balanced_accuracy,10,651,held-out fold,40
binary,r0f1,M3,permutation,chroma_11_mean,0.0035379196859032123,0.004687898173318064,balanced_accuracy,10,651,held-out fold,41
binary,r0f1,M3,permutation,dwt_cD1_mean_abs,0.003483068217904728,0.0038604008960151704,balanced_accuracy,10,651,held-out fold,42
binary,r0f1,M3,permutation,mfcc_13_mean,0.003468633621063033,0.0028053745726430114,balanced_accuracy,10,651,held-out fold,43
binary,r0f1,M3,permutation,chroma_04_std,0.0034412078870637575,0.0038766135473430985,balanced_accuracy,10,651,held-out fold,44
binary,r0f1,M3,permutation,dwt_cD1_energy,0.003413782153064526,0.00407015703497391,balanced_accuracy,10,651,held-out fold,45
binary,r0f1,M3,permutation,mfcc_08_delta_mean,0.0033163486243830143,0.004478973352759455,balanced_accuracy,10,651,held-out fold,46
binary,r0f1,M3,permutation,dwt_cD2_std,0.0031236467565461724,0.002592856621037758,balanced_accuracy,10,651,held-out fold,47
binary,r0f1,M3,permutation,freq_centroid_std,0.003040647824706322,0.004141246653003175,balanced_accuracy,10,651,held-out fold,48
binary,r0f1,M3,permutation,dwt_cD5_energy,0.0030399260948642316,0.0052593675279913035,balanced_accuracy,10,651,held-out fold,49
binary,r0f1,M3,permutation,mfcc_03_delta_mean,0.003012500360864978,0.002533788213119625,balanced_accuracy,10,651,held-out fold,50
binary,r0f1,M3,permutation,chroma_07_mean,0.003012500360864978,0.002387122298261712,balanced_accuracy,10,651,held-out fold,50
binary,r0f1,M3,permutation,dwt_cD2_energy,0.002819076763186057,0.0031001454859927234,balanced_accuracy,10,651,held-out fold,52
binary,r0f1,M3,permutation,mfcc_01_delta_mean,0.0027079303675049404,0.0025744151015930326,balanced_accuracy,10,651,held-out fold,53
binary,r0f1,M3,permutation,freq_rolloff85_mean,0.002681226363347733,0.003194810740717646,balanced_accuracy,10,651,held-out fold,54
binary,r0f1,M3,permutation,chroma_05_mean,0.002681226363347722,0.0030492658766044217,balanced_accuracy,10,651,held-out fold,55
binary,r0f1,M3,permutation,dwt_cD1_std,0.002653800629348513,0.0020242715735548293,balanced_accuracy,10,651,held-out fold,56
binary,r0f1,M3,permutation,mfcc_05_delta_mean,0.0026393660325067735,0.0017054769378252947,balanced_accuracy,10,651,held-out fold,57
binary,r0f1,M3,permutation,freq_rolloff95_mean,0.0025982274315078935,0.003300308873053619,balanced_accuracy,10,651,held-out fold,58
binary,r0f1,M3,permutation,time_hjorth_complexity,0.002583792834666254,0.0016823552033116732,balanced_accuracy,10,651,held-out fold,59
binary,r0f1,M3,permutation,chroma_06_std,0.00258379283466621,0.005058009199255083,balanced_accuracy,10,651,held-out fold,60
binary,r0f1,M3,permutation,mfcc_04_std,0.0025700799676665943,0.003445614837566382,balanced_accuracy,10,651,held-out fold,61
binary,r0f1,M3,permutation,freq_total_power,0.002528941366667681,0.00465539380001543,balanced_accuracy,10,651,held-out fold,62
binary,r0f1,M3,permutation,chroma_03_mean,0.002487802765668834,0.0020930987927466195,balanced_accuracy,10,651,held-out fold,63
binary,r0f1,M3,permutation,mfcc_09_delta_mean,0.0024733681688271503,0.0018379528853574552,balanced_accuracy,10,651,held-out fold,64
binary,r0f1,M3,permutation,mfcc_12_delta_mean,0.0024459424348278413,0.001924891374550168,balanced_accuracy,10,651,held-out fold,65
binary,r0f1,M3,permutation,time_sample_entropy,0.0024048038338289612,0.0036923162639525262,balanced_accuracy,10,651,held-out fold,66
binary,r0f1,M3,permutation,dwt_cD4_mean_abs,0.0023355177689887486,0.0024801922329575157,balanced_accuracy,10,651,held-out fold,67
binary,r0f1,M3,permutation,mfcc_01_mean,0.0023080920349895393,0.0016903023841818106,balanced_accuracy,10,651,held-out fold,68
binary,r0f1,M3,permutation,mfcc_12_mean,0.0022388059701493046,0.003933619389703467,balanced_accuracy,10,651,held-out fold,69
binary,r0f1,M3,permutation,time_max,0.0021420941713098498,0.00264904309570937,balanced_accuracy,10,651,held-out fold,70
binary,r0f1,M3,permutation,chroma_07_std,0.0019623834406305553,0.00395288535456966,balanced_accuracy,10,651,held-out fold,71
binary,r0f1,M3,permutation,mfcc_02_delta_mean,0.001644100580270924,0.0019242481635179491,balanced_accuracy,10,651,held-out fold,72
binary,r0f1,M3,permutation,mfcc_09_std,0.001644100580270902,0.003992107949219915,balanced_accuracy,10,651,held-out fold,73
binary,r0f1,M3,permutation,mfcc_11_std,0.001575536245272724,0.002507574594573923,balanced_accuracy,10,651,held-out fold,74
binary,r0f1,M3,permutation,freq_flatness_std,0.0015062501804325112,0.003475547063333852,balanced_accuracy,10,651,held-out fold,75
binary,r0f1,M3,permutation,chroma_10_std,0.0014506769825919918,0.0007797154495453763,balanced_accuracy,10,651,held-out fold,76
binary,r0f1,M3,permutation,mfcc_07_std,0.001437685845434411,0.005628661607237012,balanced_accuracy,10,651,held-out fold,77
binary,r0f1,M3,permutation,chroma_04_mean,0.0013958255145934185,0.0017831728833012533,balanced_accuracy,10,651,held-out fold,78
binary,r0f1,M3,permutation,freq_flatness_mean,0.0013958255145933962,0.003853921391657792,balanced_accuracy,10,651,held-out fold,79
binary,r0f1,M3,permutation,freq_bandwidth_mean,0.0013683997805942095,0.003387514495918291,balanced_accuracy,10,651,held-out fold,80
binary,r0f1,M3,permutation,chroma_08_std,0.0013402523167528769,0.0023066355904546466,balanced_accuracy,10,651,held-out fold,81
binary,r0f1,M3,permutation,freq_spectral_entropy,0.0012161147839141462,0.002599354388781126,balanced_accuracy,10,651,held-out fold,82
binary,r0f1,M3,permutation,dwt_cD4_entropy,0.0012024019169144863,0.0025429999152807303,balanced_accuracy,10,651,held-out fold,83
binary,r0f1,M3,permutation,mfcc_10_mean,0.0011331158520743068,0.0014996288769378436,balanced_accuracy,10,651,held-out fold,84
binary,r0f1,M3,permutation,env_kurtosis,0.0011194029850746467,0.0017099163040880305,balanced_accuracy,10,651,held-out fold,85
binary,r0f1,M3,permutation,dwt_cD4_std,0.0010501169202344674,0.0012907356849292174,balanced_accuracy,10,651,held-out fold,86
binary,r0f1,M3,permutation,time_std,0.0010226911862351918,0.0015820181496553982,balanced_accuracy,10,651,held-out fold,87
binary,r0f1,M3,permutation,time_var,0.0010226911862351918,0.0015820181496553982,balanced_accuracy,10,651,held-out fold,87
binary,r0f1,M3,permutation,time_rms,0.0010226911862351918,0.0015820181496553982,balanced_accuracy,10,651,held-out fold,87
binary,r0f1,M3,permutation,time_hjorth_activity,0.0010226911862351918,0.0015820181496553982,balanced_accuracy,10,651,held-out fold,87
binary,r0f1,M3,permutation,mfcc_13_delta_mean,0.0010226911862351918,0.0017956924201891,balanced_accuracy,10,651,held-out fold,87
binary,r0f1,M3,permutation,mfcc_10_delta_mean,0.0009945437223939368,0.0037347951014404415,balanced_accuracy,10,651,held-out fold,92
binary,r0f1,M3,permutation,freq_flux_std,0.0009259793873957368,0.0018725657331035352,balanced_accuracy,10,651,held-out fold,93
binary,r0f1,M3,permutation,mfcc_10_std,0.0009115447905540975,0.002222557761933463,balanced_accuracy,10,651,held-out fold,94
binary,r0f1,M3,permutation,mfcc_02_std,0.0008848407863968788,0.0036193383650022946,balanced_accuracy,10,651,held-out fold,95
binary,r0f1,M3,permutation,env_peak_rate,0.0008155547215566772,0.001634577086041374,balanced_accuracy,10,651,held-out fold,96
binary,r0f1,M3,permutation,freq_band_power_20_50,0.0006495568578769872,0.0026017234644014086,balanced_accuracy,10,651,held-out fold,97
binary,r0f1,M3,permutation,time_iqr,0.0005391321920379278,0.004468687577513692,balanced_accuracy,10,651,held-out fold,98
binary,r0f1,M3,permutation,time_autocorr_peak_value,0.0004424203931984616,0.005500755787167883,balanced_accuracy,10,651,held-out fold,99
binary,r0f1,M3,permutation,mfcc_06_std,0.0004149946591992526,0.0016789963232298971,balanced_accuracy,10,651,held-out fold,100
binary,r0f1,M3,permutation,mfcc_09_mean,0.00017971073067931664,0.00244175498951476,balanced_accuracy,10,651,held-out fold,101
binary,r0f1,M3,permutation,chroma_12_std,0.00012413753283878614,0.0028479459568694246,balanced_accuracy,10,651,held-out fold,102
binary,r0f1,M3,permutation,freq_bandwidth_std,8.299893183986163e-05,0.003277420032646876,balanced_accuracy,10,651,held-out fold,103
binary,r0f1,M3,permutation,freq_dominant,2.742573399929782e-05,0.002309126778985611,balanced_accuracy,10,651,held-out fold,104
binary,r0f1,M3,permutation,time_min,2.2204460492503132e-17,0.0017238468553447362,balanced_accuracy,10,651,held-out fold,105
binary,r0f1,M3,permutation,time_kurtosis,0.0,0.0,balanced_accuracy,10,651,held-out fold,106
binary,r0f1,M3,permutation,dwt_cD4_energy,-0.00013857212968033662,0.0020063746915183357,balanced_accuracy,10,651,held-out fold,107
binary,r0f1,M3,permutation,time_mean,-0.00019342359767888785,0.004016892847760624,balanced_accuracy,10,651,held-out fold,108
binary,r0f1,M3,permutation,mfcc_02_mean,-0.00023456219867772353,0.004334498471264304,balanced_accuracy,10,651,held-out fold,109
binary,r0f1,M3,permutation,time_autocorr_peak_lag,-0.00037313432835820446,0.0011194029850746135,balanced_accuracy,10,651,held-out fold,110
binary,r0f1,M3,permutation,time_crest_factor,-0.0004972718611968685,0.0020583285908183546,balanced_accuracy,10,651,held-out fold,111
binary,r0f1,M3,permutation,chroma_01_std,-0.0005254193250381678,0.004125427979686177,balanced_accuracy,10,651,held-out fold,112
binary,r0f1,M3,permutation,chroma_09_std,-0.0005528450590374546,0.003884233340763362,balanced_accuracy,10,651,held-out fold,113
binary,r0f1,M3,permutation,time_range,-0.0006632697248765585,0.0014634732610741877,balanced_accuracy,10,651,held-out fold,114
binary,r0f1,M3,permutation,time_peak_to_peak,-0.0006632697248765585,0.0014634732610741877,balanced_accuracy,10,651,held-out fold,114
binary,r0f1,M3,permutation,mfcc_11_mean,-0.0007599815237159912,0.0026706072710823586,balanced_accuracy,10,651,held-out fold,116
binary,r0f1,M3,permutation,mfcc_08_mean,-0.0007599815237160134,0.0022095757642048596,balanced_accuracy,10,651,held-out fold,117
binary,r0f1,M3,permutation,mfcc_07_mean,-0.0008566933225554573,0.002587507778305911,balanced_accuracy,10,651,held-out fold,118
binary,r0f1,M3,permutation,env_std,-0.0012435405179132887,0.005583473951698765,balanced_accuracy,10,651,held-out fold,119
binary,r0f1,M3,permutation,dwt_cD3_entropy,-0.0013409740465948005,0.00423112579511358,balanced_accuracy,10,651,held-out fold,120
binary,r0f1,M3,permutation,freq_peak_power,-0.0013958255145933075,0.005830711698608428,balanced_accuracy,10,651,held-out fold,121
binary,r0f1,M3,permutation,time_skewness,-0.0016996737781113213,0.00646873154884444,balanced_accuracy,10,651,held-out fold,122
binary,r0f1,M3,permutation,dwt_cA5_mean_abs,-0.0016996737781113324,0.002195637529454324,balanced_accuracy,10,651,held-out fold,123
binary,r0f1,M3,permutation,dwt_cA5_std,-0.001782672709951172,0.00248558979565887,balanced_accuracy,10,651,held-out fold,124
binary,r0f1,M3,permutation,mfcc_08_std,-0.001810098443950392,0.002648573096928394,balanced_accuracy,10,651,held-out fold,125
binary,r0f1,M3,permutation,chroma_08_mean,-0.0018656716417910003,0.0019633791168222657,balanced_accuracy,10,651,held-out fold,126
binary,r0f1,M3,permutation,freq_rolloff95_std,-0.001976096307630082,0.002521887247447759,balanced_accuracy,10,651,held-out fold,127
binary,r0f1,M3,permutation,chroma_09_mean,-0.001976096307630082,0.002117575035656061,balanced_accuracy,10,651,held-out fold,127
binary,r0f1,M3,permutation,time_median,-0.0021420941713097387,0.0028585819453088245,balanced_accuracy,10,651,held-out fold,129
binary,r0f1,M3,permutation,dwt_cA5_entropy,-0.002349230635988264,0.0022925990126297824,balanced_accuracy,10,651,held-out fold,130
binary,r0f1,M3,permutation,mfcc_04_delta_mean,-0.0024185167008284993,0.0018336184053331177,balanced_accuracy,10,651,held-out fold,131
binary,r0f1,M3,permutation,time_energy,-0.002585236294350246,0.007213818699820522,balanced_accuracy,10,651,held-out fold,132
binary,r0f1,M3,permutation,time_duration,-0.002585236294350246,0.007213818699820522,balanced_accuracy,10,651,held-out fold,132
binary,r0f1,M3,permutation,dwt_cD5_entropy,-0.002722364964346491,0.002413555238118544,balanced_accuracy,10,651,held-out fold,134
binary,r0f1,M3,permutation,time_shannon_entropy,-0.0029020756950257852,0.0022607326452742244,balanced_accuracy,10,651,held-out fold,135
binary,r0f1,M3,permutation,env_mean,-0.0032889228903836276,0.004782421832557869,balanced_accuracy,10,651,held-out fold,136
binary,r0f1,M3,permutation,mfcc_11_delta_mean,-0.004077051877940973,0.0024081399535052232,balanced_accuracy,10,651,held-out fold,137
binary,r0f1,M3,permutation,freq_band_power_50_100,-0.004146337942781198,0.004762903244316064,balanced_accuracy,10,651,held-out fold,138
binary,r0f1,M4,impurity,mfcc_04_mean,0.0616299758579192,,mean decrease in impurity,0,0,train,1
binary,r0f1,M4,impurity,dwt_cD1_entropy,0.057091206635865935,,mean decrease in impurity,0,0,train,2
binary,r0f1,M4,impurity,time_zcr_mean,0.05638478489820334,,mean decrease in impurity,0,0,train,3
binary,r0f1,M4,impurity,dwt_cD2_entropy,0.03658346949791025,,mean decrease in impurity,0,0,train,4
binary,r0f1,M4,impurity,mfcc_01_std,0.02337935978106277,,mean decrease in impurity,0,0,train,5
binary,r0f1,M4,impurity,dwt_cA5_mean_abs,0.02152283036737623,,mean decrease in impurity,0,0,train,6
binary,r0f1,M4,impurity,mfcc_05_mean,0.020285459738962664,,mean decrease in impurity,0,0,train,7
binary,r0f1,M4,impurity,mfcc_06_mean,0.01592511627386356,,mean decrease in impurity,0,0,train,8
binary,r0f1,M4,impurity,time_hjorth_complexity,0.015916016123478212,,mean decrease in impurity,0,0,train,9
binary,r0f1,M4,impurity,freq_centroid_mean,0.014339672711819084,,mean decrease in impurity,0,0,train,10
binary,r0f1,M4,impurity,time_duration,0.01403614591730936,,mean decrease in impurity,0,0,train,11
binary,r0f1,M4,impurity,mfcc_08_mean,0.013870825848256493,,mean decrease in impurity,0,0,train,12
binary,r0f1,M4,impurity,dwt_cA5_energy,0.013765440917984923,,mean decrease in impurity,0,0,train,13
binary,r0f1,M4,impurity,time_iqr,0.013281723323606102,,mean decrease in impurity,0,0,train,14
binary,r0f1,M4,impurity,freq_band_power_250_350,0.01263423696668298,,mean decrease in impurity,0,0,train,15
binary,r0f1,M4,impurity,dwt_cD1_std,0.012385584111794972,,mean decrease in impurity,0,0,train,16
binary,r0f1,M4,impurity,mfcc_07_mean,0.012304670776510445,,mean decrease in impurity,0,0,train,17
binary,r0f1,M4,impurity,dwt_cD5_energy,0.012249820044485351,,mean decrease in impurity,0,0,train,18
binary,r0f1,M4,impurity,time_energy,0.01203961079365549,,mean decrease in impurity,0,0,train,19
binary,r0f1,M4,impurity,freq_band_power_350_400,0.012030967893426623,,mean decrease in impurity,0,0,train,20
binary,r0f1,M4,impurity,dwt_cD1_energy,0.011869459583220448,,mean decrease in impurity,0,0,train,21
binary,r0f1,M4,impurity,dwt_cA5_std,0.01148136731755935,,mean decrease in impurity,0,0,train,22
binary,r0f1,M4,impurity,dwt_cD5_mean_abs,0.011341194084393637,,mean decrease in impurity,0,0,train,23
binary,r0f1,M4,impurity,dwt_cD4_mean_abs,0.010259221851286143,,mean decrease in impurity,0,0,train,24
binary,r0f1,M4,impurity,dwt_cD2_energy,0.010155185558874432,,mean decrease in impurity,0,0,train,25
binary,r0f1,M4,impurity,dwt_cD5_std,0.010028101843362523,,mean decrease in impurity,0,0,train,26
binary,r0f1,M4,impurity,time_zcr_std,0.009998398341513094,,mean decrease in impurity,0,0,train,27
binary,r0f1,M4,impurity,mfcc_12_mean,0.009386877778527678,,mean decrease in impurity,0,0,train,28
binary,r0f1,M4,impurity,mfcc_03_mean,0.009362309949633916,,mean decrease in impurity,0,0,train,29
binary,r0f1,M4,impurity,env_mean,0.009074943063676958,,mean decrease in impurity,0,0,train,30
binary,r0f1,M4,impurity,dwt_cD3_mean_abs,0.008733909208875942,,mean decrease in impurity,0,0,train,31
binary,r0f1,M4,impurity,time_sample_entropy,0.008566765226442381,,mean decrease in impurity,0,0,train,32
binary,r0f1,M4,impurity,dwt_cD3_entropy,0.00824056971368324,,mean decrease in impurity,0,0,train,33
binary,r0f1,M4,impurity,dwt_cD2_std,0.0076904138896072005,,mean decrease in impurity,0,0,train,34
binary,r0f1,M4,impurity,mfcc_05_std,0.007148735845997988,,mean decrease in impurity,0,0,train,35
binary,r0f1,M4,impurity,dwt_cD4_std,0.00697242171664189,,mean decrease in impurity,0,0,train,36
binary,r0f1,M4,impurity,freq_flux_mean,0.0067628955069137416,,mean decrease in impurity,0,0,train,37
binary,r0f1,M4,impurity,freq_band_power_50_100,0.006745029172252222,,mean decrease in impurity,0,0,train,38
binary,r0f1,M4,impurity,dwt_cD4_energy,0.006719669986632323,,mean decrease in impurity,0,0,train,39
binary,r0f1,M4,impurity,chroma_12_mean,0.006544028187670351,,mean decrease in impurity,0,0,train,40
binary,r0f1,M4,impurity,env_std,0.006419576885202316,,mean decrease in impurity,0,0,train,41
binary,r0f1,M4,impurity,freq_rolloff85_mean,0.006334367918347863,,mean decrease in impurity,0,0,train,42
binary,r0f1,M4,impurity,chroma_01_mean,0.006236156106087301,,mean decrease in impurity,0,0,train,43
binary,r0f1,M4,impurity,mfcc_13_mean,0.0061542801432336825,,mean decrease in impurity,0,0,train,44
binary,r0f1,M4,impurity,mfcc_02_mean,0.005917690853397225,,mean decrease in impurity,0,0,train,45
binary,r0f1,M4,impurity,mfcc_11_mean,0.005889833527357447,,mean decrease in impurity,0,0,train,46
binary,r0f1,M4,impurity,time_max,0.005873856150206387,,mean decrease in impurity,0,0,train,47
binary,r0f1,M4,impurity,dwt_cD2_mean_abs,0.005655807024030892,,mean decrease in impurity,0,0,train,48
binary,r0f1,M4,impurity,freq_flux_std,0.005482488922626749,,mean decrease in impurity,0,0,train,49
binary,r0f1,M4,impurity,mfcc_10_mean,0.005425824598388713,,mean decrease in impurity,0,0,train,50
binary,r0f1,M4,impurity,freq_band_power_100_150,0.005372107868175832,,mean decrease in impurity,0,0,train,51
binary,r0f1,M4,impurity,mfcc_06_std,0.005336402352891936,,mean decrease in impurity,0,0,train,52
binary,r0f1,M4,impurity,time_autocorr_peak_lag,0.0052082329244657975,,mean decrease in impurity,0,0,train,53
binary,r0f1,M4,impurity,time_peak_to_peak,0.0051423066265696895,,mean decrease in impurity,0,0,train,54
binary,r0f1,M4,impurity,time_autocorr_peak_value,0.005115871306483012,,mean decrease in impurity,0,0,train,55
binary,r0f1,M4,impurity,dwt_cD1_mean_abs,0.005071835701218452,,mean decrease in impurity,0,0,train,56
binary,r0f1,M4,impurity,time_hjorth_mobility,0.00473972490760139,,mean decrease in impurity,0,0,train,57
binary,r0f1,M4,impurity,time_range,0.004702652052541642,,mean decrease in impurity,0,0,train,58
binary,r0f1,M4,impurity,freq_band_power_150_250,0.004686995228172308,,mean decrease in impurity,0,0,train,59
binary,r0f1,M4,impurity,chroma_07_std,0.004630121817327044,,mean decrease in impurity,0,0,train,60
binary,r0f1,M4,impurity,time_median,0.004574660288128842,,mean decrease in impurity,0,0,train,61
binary,r0f1,M4,impurity,mfcc_01_mean,0.004548397252317102,,mean decrease in impurity,0,0,train,62
binary,r0f1,M4,impurity,dwt_cD3_std,0.004487009340664417,,mean decrease in impurity,0,0,train,63
binary,r0f1,M4,impurity,dwt_cA5_entropy,0.004486413661293115,,mean decrease in impurity,0,0,train,64
binary,r0f1,M4,impurity,chroma_08_std,0.004410627310663433,,mean decrease in impurity,0,0,train,65
binary,r0f1,M4,impurity,freq_rolloff95_mean,0.0043408902643684725,,mean decrease in impurity,0,0,train,66
binary,r0f1,M4,impurity,chroma_11_std,0.00431804024679736,,mean decrease in impurity,0,0,train,67
binary,r0f1,M4,impurity,mfcc_07_std,0.004270207818317832,,mean decrease in impurity,0,0,train,68
binary,r0f1,M4,impurity,dwt_cD3_energy,0.004237766934318992,,mean decrease in impurity,0,0,train,69
binary,r0f1,M4,impurity,time_crest_factor,0.004224470624226966,,mean decrease in impurity,0,0,train,70
binary,r0f1,M4,impurity,freq_bandwidth_mean,0.004221485508922303,,mean decrease in impurity,0,0,train,71
binary,r0f1,M4,impurity,env_peak_rate,0.004155731046580953,,mean decrease in impurity,0,0,train,72
binary,r0f1,M4,impurity,chroma_11_mean,0.004146862377617881,,mean decrease in impurity,0,0,train,73
binary,r0f1,M4,impurity,freq_band_power_20_50,0.004093304721954319,,mean decrease in impurity,0,0,train,74
binary,r0f1,M4,impurity,chroma_05_std,0.0040931486158748516,,mean decrease in impurity,0,0,train,75
binary,r0f1,M4,impurity,time_skewness,0.004067271388719404,,mean decrease in impurity,0,0,train,76
binary,r0f1,M4,impurity,chroma_06_std,0.004012659318159083,,mean decrease in impurity,0,0,train,77
binary,r0f1,M4,impurity,freq_peak_power,0.00400561206838191,,mean decrease in impurity,0,0,train,78
binary,r0f1,M4,impurity,chroma_07_mean,0.003937192098044663,,mean decrease in impurity,0,0,train,79
binary,r0f1,M4,impurity,freq_rolloff95_std,0.003929034190392536,,mean decrease in impurity,0,0,train,80
binary,r0f1,M4,impurity,freq_centroid_std,0.003926058950518155,,mean decrease in impurity,0,0,train,81
binary,r0f1,M4,impurity,freq_rolloff85_std,0.00386497821905095,,mean decrease in impurity,0,0,train,82
binary,r0f1,M4,impurity,mfcc_08_std,0.003829284810164221,,mean decrease in impurity,0,0,train,83
binary,r0f1,M4,impurity,mfcc_02_delta_mean,0.0038136571969121236,,mean decrease in impurity,0,0,train,84
binary,r0f1,M4,impurity,mfcc_04_std,0.0037784396810696735,,mean decrease in impurity,0,0,train,85
binary,r0f1,M4,impurity,chroma_10_std,0.0037697242692649523,,mean decrease in impurity,0,0,train,86
binary,r0f1,M4,impurity,mfcc_10_std,0.0037115923736463392,,mean decrease in impurity,0,0,train,87
binary,r0f1,M4,impurity,mfcc_12_std,0.0036068904285954774,,mean decrease in impurity,0,0,train,88
binary,r0f1,M4,impurity,chroma_02_mean,0.0035794796626049522,,mean decrease in impurity,0,0,train,89
binary,r0f1,M4,impurity,dwt_cD5_entropy,0.003568769961812765,,mean decrease in impurity,0,0,train,90
binary,r0f1,M4,impurity,mfcc_02_std,0.0035641291476489444,,mean decrease in impurity,0,0,train,91
binary,r0f1,M4,impurity,mfcc_09_mean,0.0035446608088816806,,mean decrease in impurity,0,0,train,92
binary,r0f1,M4,impurity,freq_bandwidth_std,0.003536516172567061,,mean decrease in impurity,0,0,train,93
binary,r0f1,M4,impurity,mfcc_07_delta_mean,0.0035125987547400196,,mean decrease in impurity,0,0,train,94
binary,r0f1,M4,impurity,chroma_06_mean,0.0034863808915549066,,mean decrease in impurity,0,0,train,95
binary,r0f1,M4,impurity,mfcc_11_std,0.003485071608095864,,mean decrease in impurity,0,0,train,96
binary,r0f1,M4,impurity,freq_spectral_entropy,0.003425479374523426,,mean decrease in impurity,0,0,train,97
binary,r0f1,M4,impurity,mfcc_03_std,0.00341467394563612,,mean decrease in impurity,0,0,train,98
binary,r0f1,M4,impurity,freq_flatness_std,0.0033983706746883945,,mean decrease in impurity,0,0,train,99
binary,r0f1,M4,impurity,freq_flatness_mean,0.0033426229321374817,,mean decrease in impurity,0,0,train,100
binary,r0f1,M4,impurity,chroma_04_std,0.0033338277205520114,,mean decrease in impurity,0,0,train,101
binary,r0f1,M4,impurity,env_kurtosis,0.003328695675934111,,mean decrease in impurity,0,0,train,102
binary,r0f1,M4,impurity,chroma_03_std,0.0033155249581927034,,mean decrease in impurity,0,0,train,103
binary,r0f1,M4,impurity,chroma_03_mean,0.0032293117844463125,,mean decrease in impurity,0,0,train,104
binary,r0f1,M4,impurity,chroma_09_mean,0.0032236836042295915,,mean decrease in impurity,0,0,train,105
binary,r0f1,M4,impurity,mfcc_10_delta_mean,0.003212222568308106,,mean decrease in impurity,0,0,train,106
binary,r0f1,M4,impurity,mfcc_01_delta_mean,0.003154062833336054,,mean decrease in impurity,0,0,train,107
binary,r0f1,M4,impurity,chroma_12_std,0.0030938870874800324,,mean decrease in impurity,0,0,train,108
binary,r0f1,M4,impurity,time_min,0.003084914476725507,,mean decrease in impurity,0,0,train,109
binary,r0f1,M4,impurity,mfcc_13_std,0.00308335474849715,,mean decrease in impurity,0,0,train,110
binary,r0f1,M4,impurity,chroma_09_std,0.0030807131570463695,,mean decrease in impurity,0,0,train,111
binary,r0f1,M4,impurity,mfcc_04_delta_mean,0.003007336461212751,,mean decrease in impurity,0,0,train,112
binary,r0f1,M4,impurity,chroma_02_std,0.002992596868294824,,mean decrease in impurity,0,0,train,113
binary,r0f1,M4,impurity,mfcc_06_delta_mean,0.0029654423525863204,,mean decrease in impurity,0,0,train,114
binary,r0f1,M4,impurity,chroma_01_std,0.0029393127086045443,,mean decrease in impurity,0,0,train,115
binary,r0f1,M4,impurity,mfcc_12_delta_mean,0.002904717585494815,,mean decrease in impurity,0,0,train,116
binary,r0f1,M4,impurity,chroma_05_mean,0.002767706497513524,,mean decrease in impurity,0,0,train,117
binary,r0f1,M4,impurity,mfcc_09_std,0.002761503377759788,,mean decrease in impurity,0,0,train,118
binary,r0f1,M4,impurity,mfcc_05_delta_mean,0.0027583497042994536,,mean decrease in impurity,0,0,train,119
binary,r0f1,M4,impurity,env_skew,0.002748644808766106,,mean decrease in impurity,0,0,train,120
binary,r0f1,M4,impurity,chroma_08_mean,0.0027381531786173897,,mean decrease in impurity,0,0,train,121
binary,r0f1,M4,impurity,chroma_04_mean,0.002727518681708561,,mean decrease in impurity,0,0,train,122
binary,r0f1,M4,impurity,mfcc_08_delta_mean,0.0026947021880597685,,mean decrease in impurity,0,0,train,123
binary,r0f1,M4,impurity,mfcc_13_delta_mean,0.0026939383297549524,,mean decrease in impurity,0,0,train,124
binary,r0f1,M4,impurity,time_kurtosis,0.0026236329614825506,,mean decrease in impurity,0,0,train,125
binary,r0f1,M4,impurity,chroma_10_mean,0.0026068308914810384,,mean decrease in impurity,0,0,train,126
binary,r0f1,M4,impurity,mfcc_09_delta_mean,0.0025948576222728646,,mean decrease in impurity,0,0,train,127
binary,r0f1,M4,impurity,time_shannon_entropy,0.0025197291053284453,,mean decrease in impurity,0,0,train,128
binary,r0f1,M4,impurity,mfcc_11_delta_mean,0.0025103938379879825,,mean decrease in impurity,0,0,train,129
binary,r0f1,M4,impurity,dwt_cD4_entropy,0.002493720476777513,,mean decrease in impurity,0,0,train,130
binary,r0f1,M4,impurity,freq_total_power,0.0024725382762502096,,mean decrease in impurity,0,0,train,131
binary,r0f1,M4,impurity,time_mean,0.002425502777651757,,mean decrease in impurity,0,0,train,132
binary,r0f1,M4,impurity,time_std,0.002398200256068569,,mean decrease in impurity,0,0,train,133
binary,r0f1,M4,impurity,mfcc_03_delta_mean,0.0022302221695629978,,mean decrease in impurity,0,0,train,134
binary,r0f1,M4,impurity,time_var,0.002181533212070544,,mean decrease in impurity,0,0,train,135
binary,r0f1,M4,impurity,freq_dominant,0.0021387332442789737,,mean decrease in impurity,0,0,train,136
binary,r0f1,M4,impurity,time_rms,0.002098766175639337,,mean decrease in impurity,0,0,train,137
binary,r0f1,M4,impurity,time_hjorth_activity,0.0020105034746034063,,mean decrease in impurity,0,0,train,138
binary,r0f1,M4,permutation,time_zcr_mean,0.027461098761511548,0.007672753671716595,balanced_accuracy,10,651,held-out fold,1
binary,r0f1,M4,permutation,mfcc_04_mean,0.02620312364675652,0.00754726958323188,balanced_accuracy,10,651,held-out fold,2
binary,r0f1,M4,permutation,time_duration,0.014384075752764203,0.004336801294449545,balanced_accuracy,10,651,held-out fold,3
binary,r0f1,M4,permutation,dwt_cD5_energy,0.014231069026242072,0.004558611371220776,balanced_accuracy,10,651,held-out fold,4
binary,r0f1,M4,permutation,dwt_cD1_entropy,0.013792979012096173,0.005856352226165991,balanced_accuracy,10,651,held-out fold,5
binary,r0f1,M4,permutation,time_energy,0.012463552642974662,0.004576466619975721,balanced_accuracy,10,651,held-out fold,6
binary,r0f1,M4,permutation,dwt_cD2_entropy,0.00815410375588207,0.004585023981587837,balanced_accuracy,10,651,held-out fold,7
binary,r0f1,M4,permutation,mfcc_03_mean,0.004602471202979264,0.00367297960375769,balanced_accuracy,10,651,held-out fold,8
binary,r0f1,M4,permutation,dwt_cD4_energy,0.0044906030774559905,0.0021525555939452194,balanced_accuracy,10,651,held-out fold,9
binary,r0f1,M4,permutation,time_range,0.0025426542336672185,0.0013781678428969287,balanced_accuracy,10,651,held-out fold,10
binary,r0f1,M4,permutation,freq_centroid_mean,0.0019075319726319594,0.00265881992323364,balanced_accuracy,10,651,held-out fold,11
binary,r0f1,M4,permutation,mfcc_01_delta_mean,0.0018375241779496454,0.0005208089755449047,balanced_accuracy,10,651,held-out fold,12
binary,r0f1,M4,permutation,mfcc_01_std,0.0018108201737925156,0.00319863052909491,balanced_accuracy,10,651,held-out fold,13
binary,r0f1,M4,permutation,mfcc_02_delta_mean,0.0015062501804324446,0.001786339096615884,balanced_accuracy,10,651,held-out fold,14
binary,r0f1,M4,permutation,mfcc_05_std,0.0013958255145933407,0.003162295685880232,balanced_accuracy,10,651,held-out fold,15
binary,r0f1,M4,permutation,chroma_10_std,0.0013539651837523703,0.0009862706989540824,balanced_accuracy,10,651,held-out fold,16
binary,r0f1,M4,permutation,chroma_11_std,0.0013539651837523703,0.0008863782775542899,balanced_accuracy,10,651,held-out fold,16
binary,r0f1,M4,permutation,time_max,0.001299113715753908,0.0015091300240014352,balanced_accuracy,10,651,held-out fold,18
binary,r0f1,M4,permutation,freq_flux_mean,0.0012854008487542701,0.0030759452733242873,balanced_accuracy,10,651,held-out fold,19
binary,r0f1,M4,permutation,dwt_cA5_energy,0.0012153930540719448,0.0023246070092716267,balanced_accuracy,10,651,held-out fold,20
binary,r0f1,M4,permutation,chroma_06_mean,0.0011605415860734603,0.0012079299803478103,balanced_accuracy,10,651,held-out fold,21
binary,r0f1,M4,permutation,mfcc_10_std,0.0009534051213949457,0.0013976031444433038,balanced_accuracy,10,651,held-out fold,22
binary,r0f1,M4,permutation,mfcc_12_mean,0.0009259793873956923,0.0018291973389423495,balanced_accuracy,10,651,held-out fold,23
binary,r0f1,M4,permutation,chroma_07_std,0.0008704061895550951,0.0009123772854986724,balanced_accuracy,10,651,held-out fold,24
binary,r0f1,M4,permutation,chroma_12_std,0.0007736943907156402,0.0003868471953578201,balanced_accuracy,10,651,held-out fold,25
binary,r0f1,M4,permutation,freq_bandwidth_std,0.0007188429227171778,0.001906698237518771,balanced_accuracy,10,651,held-out fold,26
binary,r0f1,M4,permutation,dwt_cD5_std,0.0005947053898784138,0.002788600483035305,balanced_accuracy,10,651,held-out fold,27
binary,r0f1,M4,permutation,mfcc_05_delta_mean,0.0005802707930367302,0.0004737891185267103,balanced_accuracy,10,651,held-out fold,28
binary,r0f1,M4,permutation,chroma_05_std,0.0005802707930367302,0.0004737891185267103,balanced_accuracy,10,651,held-out fold,28
binary,r0f1,M4,permutation,chroma_06_std,0.0004835589941972751,0.0006487624692939201,balanced_accuracy,10,651,held-out fold,30
binary,r0f1,M4,permutation,chroma_08_std,0.0003868471953578201,0.0007736943907156402,balanced_accuracy,10,651,held-out fold,31
binary,r0f1,M4,permutation,chroma_07_mean,0.00029013539651834286,0.001301124182502302,balanced_accuracy,10,651,held-out fold,32
binary,r0f1,M4,permutation,chroma_10_mean,0.00019342359767891005,0.0003868471953578201,balanced_accuracy,10,651,held-out fold,33
binary,r0f1,M4,permutation,mfcc_13_mean,0.00019342359767887674,0.001441696865208937,balanced_accuracy,10,651,held-out fold,34
binary,r0f1,M4,permutation,mfcc_09_std,9.671179883945502e-05,0.0002901353965183651,balanced_accuracy,10,651,held-out fold,35
binary,r0f1,M4,permutation,mfcc_03_delta_mean,9.671179883945502e-05,0.0002901353965183651,balanced_accuracy,10,651,held-out fold,35
binary,r0f1,M4,permutation,chroma_09_std,9.671179883945502e-05,0.0009123772854986724,balanced_accuracy,10,651,held-out fold,35
binary,r0f1,M4,permutation,time_kurtosis,0.0,0.0004325083128626134,balanced_accuracy,10,651,held-out fold,38
binary,r0f1,M4,permutation,mfcc_08_std,0.0,0.0007491263725739422,balanced_accuracy,10,651,held-out fold,38
binary,r0f1,M4,permutation,mfcc_10_delta_mean,0.0,0.0006116591218894137,balanced_accuracy,10,651,held-out fold,38
binary,r0f1,M4,permutation,mfcc_10_mean,-9.671179883945502e-05,0.0021647978320991374,balanced_accuracy,10,651,held-out fold,41
binary,r0f1,M4,permutation,mfcc_04_std,-9.671179883945502e-05,0.0008033485360655495,balanced_accuracy,10,651,held-out fold,41
binary,r0f1,M4,permutation,mfcc_11_std,-9.671179883945502e-05,0.0006769825918761851,balanced_accuracy,10,651,held-out fold,41
binary,r0f1,M4,permutation,mfcc_06_delta_mean,-9.671179883945502e-05,0.0002901353965183651,balanced_accuracy,10,651,held-out fold,41
binary,r0f1,M4,permutation,chroma_11_mean,-9.671179883945502e-05,0.0002901353965183651,balanced_accuracy,10,651,held-out fold,41
binary,r0f1,M4,permutation,time_skewness,-9.671179883946612e-05,0.0006769825918762153,balanced_accuracy,10,651,held-out fold,46
binary,r0f1,M4,permutation,freq_flux_std,-0.00012413753283871954,0.0021322000608602525,balanced_accuracy,10,651,held-out fold,47
binary,r0f1,M4,permutation,freq_rolloff95_std,-0.00013785039983834623,0.0014716616572508202,balanced_accuracy,10,651,held-out fold,48
binary,r0f1,M4,permutation,mfcc_13_std,-0.00017971073067930555,0.001006177599918179,balanced_accuracy,10,651,held-out fold,49
binary,r0f1,M4,permutation,time_mean,-0.00019342359767891005,0.0003868471953578201,balanced_accuracy,10,651,held-out fold,50
binary,r0f1,M4,permutation,mfcc_09_delta_mean,-0.00019342359767891005,0.0003868471953578201,balanced_accuracy,10,651,held-out fold,50
binary,r0f1,M4,permutation,mfcc_11_mean,-0.00022084933167819675,0.002786602939245909,balanced_accuracy,10,651,held-out fold,52
binary,r0f1,M4,permutation,mfcc_08_mean,-0.00024827506567746125,0.00231316880191728,balanced_accuracy,10,651,held-out fold,53
binary,r0f1,M4,permutation,dwt_cD3_energy,-0.0002901353965183651,0.00044318913877714497,balanced_accuracy,10,651,held-out fold,54
binary,r0f1,M4,permutation,dwt_cD5_entropy,-0.0002901353965183651,0.0006192576631946445,balanced_accuracy,10,651,held-out fold,54
binary,r0f1,M4,permutation,chroma_08_mean,-0.00029013539651837614,0.0007553432955422273,balanced_accuracy,10,651,held-out fold,56
binary,r0f1,M4,permutation,time_median,-0.0003868471953578201,0.0004737891185267103,balanced_accuracy,10,651,held-out fold,57
binary,r0f1,M4,permutation,freq_band_power_150_250,-0.0003868471953578201,0.0004737891185267103,balanced_accuracy,10,651,held-out fold,57
binary,r0f1,M4,permutation,dwt_cD1_mean_abs,-0.0003868471953578201,0.0004737891185267103,balanced_accuracy,10,651,held-out fold,57
binary,r0f1,M4,permutation,mfcc_07_delta_mean,-0.0003868471953578312,0.000641513499101629,balanced_accuracy,10,651,held-out fold,60
binary,r0f1,M4,permutation,time_iqr,-0.0004279857963567668,0.005852231371941229,balanced_accuracy,10,651,held-out fold,61
binary,r0f1,M4,permutation,env_skew,-0.0004698461271976706,0.0011247526870820752,balanced_accuracy,10,651,held-out fold,62
binary,r0f1,M4,permutation,time_rms,-0.0004835589941972862,0.0006487624692939448,balanced_accuracy,10,651,held-out fold,63
binary,r0f1,M4,permutation,mfcc_11_delta_mean,-0.000497271861196924,0.0011364825241920408,balanced_accuracy,10,651,held-out fold,64
binary,r0f1,M4,permutation,chroma_01_mean,-0.0005802707930367412,0.0017346644254209447,balanced_accuracy,10,651,held-out fold,65
binary,r0f1,M4,permutation,chroma_12_mean,-0.0005802707930367412,0.0007736943907156596,balanced_accuracy,10,651,held-out fold,65
binary,r0f1,M4,permutation,time_crest_factor,-0.0005802707930367523,0.0008863782775543239,balanced_accuracy,10,651,held-out fold,67
binary,r0f1,M4,permutation,freq_rolloff85_mean,-0.000593983660036368,0.0012756135482129935,balanced_accuracy,10,651,held-out fold,68
binary,r0f1,M4,permutation,freq_band_power_100_150,-0.0006769825918761851,0.00044318913877714497,balanced_accuracy,10,651,held-out fold,69
binary,r0f1,M4,permutation,mfcc_04_delta_mean,-0.0006769825918761963,0.000619257663194667,balanced_accuracy,10,651,held-out fold,70
binary,r0f1,M4,permutation,mfcc_03_std,-0.0006769825918762074,0.0007553432955422401,balanced_accuracy,10,651,held-out fold,71
binary,r0f1,M4,permutation,freq_centroid_std,-0.0007736943907156402,0.0003868471953578201,balanced_accuracy,10,651,held-out fold,72
binary,r0f1,M4,permutation,mfcc_06_std,-0.0007736943907156402,0.0003868471953578201,balanced_accuracy,10,651,held-out fold,72
binary,r0f1,M4,permutation,mfcc_13_delta_mean,-0.0007736943907156402,0.0003868471953578201,balanced_accuracy,10,651,held-out fold,72
binary,r0f1,M4,permutation,freq_total_power,-0.0007736943907156512,0.0005802707930367523,balanced_accuracy,10,651,held-out fold,75
binary,r0f1,M4,permutation,mfcc_07_std,-0.0007736943907156624,0.0017667197664706636,balanced_accuracy,10,651,held-out fold,76
binary,r0f1,M4,permutation,dwt_cD4_mean_abs,-0.000787407257715278,0.0006911779518957668,balanced_accuracy,10,651,held-out fold,77
binary,r0f1,M4,permutation,mfcc_05_mean,-0.0008011201247149491,0.005247984489861963,balanced_accuracy,10,651,held-out fold,78
binary,r0f1,M4,permutation,mfcc_12_std,-0.0008429804555558862,0.001699773530200613,balanced_accuracy,10,651,held-out fold,79
binary,r0f1,M4,permutation,chroma_03_mean,-0.0008429804555558862,0.0017075578978957677,balanced_accuracy,10,651,held-out fold,79
binary,r0f1,M4,permutation,dwt_cD4_entropy,-0.0008704061895551063,0.0005208089755449275,balanced_accuracy,10,651,held-out fold,81
binary,r0f1,M4,permutation,chroma_01_std,-0.0008704061895551174,0.00067698259187622,balanced_accuracy,10,651,held-out fold,82
binary,r0f1,M4,permutation,time_peak_to_peak,-0.0008978319235544152,0.0014848008960325026,balanced_accuracy,10,651,held-out fold,83
binary,r0f1,M4,permutation,dwt_cA5_mean_abs,-0.0009252576575536798,0.0022461777208671067,balanced_accuracy,10,651,held-out fold,84
binary,r0f1,M4,permutation,time_std,-0.0009396922543953412,0.0014452080984105361,balanced_accuracy,10,651,held-out fold,85
binary,r0f1,M4,permutation,freq_spectral_entropy,-0.0009671179883945835,0.0007491263725739851,balanced_accuracy,10,651,held-out fold,86
binary,r0f1,M4,permutation,dwt_cD1_energy,-0.0009945437223938924,0.0023022566560832844,balanced_accuracy,10,651,held-out fold,87
binary,r0f1,M4,permutation,dwt_cD3_entropy,-0.0010364040532348073,0.001352962238744463,balanced_accuracy,10,651,held-out fold,88
binary,r0f1,M4,permutation,time_min,-0.001050116920234423,0.0012269715108143469,balanced_accuracy,10,651,held-out fold,89
binary,r0f1,M4,permutation,dwt_cA5_entropy,-0.001050116920234423,0.0012269715108143644,balanced_accuracy,10,651,held-out fold,89
binary,r0f1,M4,permutation,time_var,-0.0010638297872340385,0.000676982591876228,balanced_accuracy,10,651,held-out fold,91
binary,r0f1,M4,permutation,env_std,-0.0010775426542336875,0.0013090995629064313,balanced_accuracy,10,651,held-out fold,92
binary,r0f1,M4,permutation,freq_flatness_std,-0.001146828719073889,0.0011775059422218165,balanced_accuracy,10,651,held-out fold,93
binary,r0f1,M4,permutation,mfcc_02_mean,-0.0011605415860734935,0.0005802707930367745,balanced_accuracy,10,651,held-out fold,94
binary,r0f1,M4,permutation,mfcc_07_mean,-0.0012291059210716826,0.0019123036757364657,balanced_accuracy,10,651,held-out fold,95
binary,r0f1,M4,permutation,env_kurtosis,-0.0012435405179133108,0.0011871876749341061,balanced_accuracy,10,651,held-out fold,96
binary,r0f1,M4,permutation,chroma_09_mean,-0.0012572533849129596,0.000619257663194693,balanced_accuracy,10,651,held-out fold,97
binary,r0f1,M4,permutation,freq_dominant,-0.0013128265827535568,0.001833618405333149,balanced_accuracy,10,651,held-out fold,98
binary,r0f1,M4,permutation,dwt_cD2_energy,-0.0013539651837524147,0.00047378911852676464,balanced_accuracy,10,651,held-out fold,99
binary,r0f1,M4,permutation,chroma_02_std,-0.0014925373134328623,0.0020616242942798385,balanced_accuracy,10,651,held-out fold,100
binary,r0f1,M4,permutation,chroma_02_mean,-0.001506250180432478,0.0015713934981452173,balanced_accuracy,10,651,held-out fold,101
binary,r0f1,M4,permutation,freq_rolloff95_mean,-0.001533675914431698,0.001121769952857162,balanced_accuracy,10,651,held-out fold,102
binary,r0f1,M4,permutation,freq_band_power_50_100,-0.0015336759144317425,0.001213241603525061,balanced_accuracy,10,651,held-out fold,103
binary,r0f1,M4,permutation,freq_flatness_mean,-0.0016303877132711642,0.0014634732610742127,balanced_accuracy,10,651,held-out fold,104
binary,r0f1,M4,permutation,mfcc_09_mean,-0.0016303877132711753,0.001586152851168439,balanced_accuracy,10,651,held-out fold,105
binary,r0f1,M4,permutation,freq_rolloff85_std,-0.0016441005802708241,0.0008704061895551742,balanced_accuracy,10,651,held-out fold,106
binary,r0f1,M4,permutation,time_autocorr_peak_lag,-0.0017133866451110036,0.001613007908653868,balanced_accuracy,10,651,held-out fold,107
binary,r0f1,M4,permutation,mfcc_12_delta_mean,-0.0017689598429516229,0.002118245610505266,balanced_accuracy,10,651,held-out fold,108
binary,r0f1,M4,permutation,mfcc_08_delta_mean,-0.001796385576950854,0.0016433059468074056,balanced_accuracy,10,651,held-out fold,109
binary,r0f1,M4,permutation,time_autocorr_peak_value,-0.0018375241779497453,0.00029013539651839837,balanced_accuracy,10,651,held-out fold,110
binary,r0f1,M4,permutation,mfcc_01_mean,-0.0018375241779497453,0.00029013539651839837,balanced_accuracy,10,651,held-out fold,110
binary,r0f1,M4,permutation,dwt_cD5_mean_abs,-0.0019068102427899358,0.0051839114965731,balanced_accuracy,10,651,held-out fold,112
binary,r0f1,M4,permutation,chroma_04_mean,-0.0019760963076301485,0.0017965878181035822,balanced_accuracy,10,651,held-out fold,113
binary,r0f1,M4,permutation,dwt_cD2_std,-0.0021413724414677928,0.0011729921890999417,balanced_accuracy,10,651,held-out fold,114
binary,r0f1,M4,permutation,time_hjorth_activity,-0.002155807038309443,0.0020094805818310843,balanced_accuracy,10,651,held-out fold,115
binary,r0f1,M4,permutation,time_zcr_std,-0.0021695199053090473,0.0019189226219759896,balanced_accuracy,10,651,held-out fold,116
binary,r0f1,M4,permutation,freq_bandwidth_mean,-0.0021832327723086743,0.0017258437946026698,balanced_accuracy,10,651,held-out fold,117
binary,r0f1,M4,permutation,time_hjorth_mobility,-0.002196945639308301,0.002068594570818572,balanced_accuracy,10,651,held-out fold,118
binary,r0f1,M4,permutation,time_hjorth_complexity,-0.002293657438147778,0.001943651562722381,balanced_accuracy,10,651,held-out fold,119
binary,r0f1,M4,permutation,mfcc_06_mean,-0.002445220704985762,0.0017228971771426755,balanced_accuracy,10,651,held-out fold,120
binary,r0f1,M4,permutation,dwt_cD3_mean_abs,-0.002500793902826326,0.0017244186163281978,balanced_accuracy,10,651,held-out fold,121
binary,r0f1,M4,permutation,env_mean,-0.002653078899506356,0.002712084053347229,balanced_accuracy,10,651,held-out fold,122
binary,r0f1,M4,permutation,mfcc_02_std,-0.0028053638961864193,0.0016687637887694237,balanced_accuracy,10,651,held-out fold,123
binary,r0f1,M4,permutation,chroma_04_std,-0.0033444960882243356,0.0006415134991016022,balanced_accuracy,10,651,held-out fold,124
binary,r0f1,M4,permutation,dwt_cD4_std,-0.003482346488062604,0.001725843794602673,balanced_accuracy,10,651,held-out fold,125
binary,r0f1,M4,permutation,dwt_cA5_std,-0.003496059355062253,0.0036015739410107054,balanced_accuracy,10,651,held-out fold,126
binary,r0f1,M4,permutation,freq_band_power_20_50,-0.003592771153901697,0.0026993676393737066,balanced_accuracy,10,651,held-out fold,127
binary,r0f1,M4,permutation,dwt_cD1_std,-0.003620196887900973,0.001542433766967467,balanced_accuracy,10,651,held-out fold,128
binary,r0f1,M4,permutation,time_shannon_entropy,-0.0037587690175813647,0.001731305787690944,balanced_accuracy,10,651,held-out fold,129
binary,r0f1,M4,permutation,freq_band_power_250_350,-0.003910332284419349,0.0018978552815082136,balanced_accuracy,10,651,held-out fold,130
binary,r0f1,M4,permutation,freq_band_power_350_400,-0.004090043015098632,0.00205549888091708,balanced_accuracy,10,651,held-out fold,131
binary,r0f1,M4,permutation,time_sample_entropy,-0.004435751609457583,0.001908424027482968,balanced_accuracy,10,651,held-out fold,132
binary,r0f1,M4,permutation,freq_peak_power,-0.00464288807413612,0.001993179628308903,balanced_accuracy,10,651,held-out fold,133
binary,r0f1,M4,permutation,dwt_cD2_mean_abs,-0.004919310603654847,0.0017710056224558182,balanced_accuracy,10,651,held-out fold,134
binary,r0f1,M4,permutation,env_peak_rate,-0.005016022402494336,0.0017900966207164421,balanced_accuracy,10,651,held-out fold,135
binary,r0f1,M4,permutation,chroma_05_mean,-0.00519573313317363,0.0008700150150449584,balanced_accuracy,10,651,held-out fold,136
binary,r0f1,M4,permutation,dwt_cD3_std,-0.00519573313317363,0.001361169662415264,balanced_accuracy,10,651,held-out fold,136
binary,r0f1,M4,permutation,chroma_03_std,-0.0064399953809290535,0.0020785494921700754,balanced_accuracy,10,651,held-out fold,138
binary,r0f1,M5,impurity,mfcc_04_mean,0.303015702955099,,mean decrease in impurity,0,0,train,1
binary,r0f1,M5,impurity,dwt_cD1_entropy,0.16576677368476306,,mean decrease in impurity,0,0,train,2
binary,r0f1,M5,impurity,dwt_cD5_energy,0.05574798272015237,,mean decrease in impurity,0,0,train,3
binary,r0f1,M5,impurity,dwt_cD1_energy,0.03763920784202687,,mean decrease in impurity,0,0,train,4
binary,r0f1,M5,impurity,time_zcr_mean,0.03562373155406348,,mean decrease in impurity,0,0,train,5
binary,r0f1,M5,impurity,time_iqr,0.026882248591779272,,mean decrease in impurity,0,0,train,6
binary,r0f1,M5,impurity,dwt_cA5_std,0.02370109750179635,,mean decrease in impurity,0,0,train,7
binary,r0f1,M5,impurity,dwt_cD5_std,0.015117825382842828,,mean decrease in impurity,0,0,train,8
binary,r0f1,M5,impurity,dwt_cD1_std,0.0150858850402498,,mean decrease in impurity,0,0,train,9
binary,r0f1,M5,impurity,chroma_05_std,0.014391110122236182,,mean decrease in impurity,0,0,train,10
binary,r0f1,M5,impurity,mfcc_05_mean,0.012920908318201987,,mean decrease in impurity,0,0,train,11
binary,r0f1,M5,impurity,mfcc_05_std,0.011783187678738653,,mean decrease in impurity,0,0,train,12
binary,r0f1,M5,impurity,dwt_cD4_mean_abs,0.0108229485295041,,mean decrease in impurity,0,0,train,13
binary,r0f1,M5,impurity,dwt_cD3_mean_abs,0.010040762378709314,,mean decrease in impurity,0,0,train,14
binary,r0f1,M5,impurity,chroma_07_std,0.009973611260842376,,mean decrease in impurity,0,0,train,15
binary,r0f1,M5,impurity,mfcc_01_std,0.008909187678083593,,mean decrease in impurity,0,0,train,16
binary,r0f1,M5,impurity,time_duration,0.008086809882535828,,mean decrease in impurity,0,0,train,17
binary,r0f1,M5,impurity,mfcc_12_mean,0.007622122921712226,,mean decrease in impurity,0,0,train,18
binary,r0f1,M5,impurity,time_hjorth_complexity,0.0075949871200509805,,mean decrease in impurity,0,0,train,19
binary,r0f1,M5,impurity,dwt_cD5_mean_abs,0.0075322987469144025,,mean decrease in impurity,0,0,train,20
binary,r0f1,M5,impurity,dwt_cA5_energy,0.007519496677623702,,mean decrease in impurity,0,0,train,21
binary,r0f1,M5,impurity,time_sample_entropy,0.007279726149296797,,mean decrease in impurity,0,0,train,22
binary,r0f1,M5,impurity,freq_band_power_350_400,0.0068689858572412305,,mean decrease in impurity,0,0,train,23
binary,r0f1,M5,impurity,time_energy,0.0068539380898244425,,mean decrease in impurity,0,0,train,24
binary,r0f1,M5,impurity,mfcc_10_std,0.006418622997958638,,mean decrease in impurity,0,0,train,25
binary,r0f1,M5,impurity,freq_flux_mean,0.005854651482337591,,mean decrease in impurity,0,0,train,26
binary,r0f1,M5,impurity,dwt_cD4_energy,0.005692332079791374,,mean decrease in impurity,0,0,train,27
binary,r0f1,M5,impurity,mfcc_01_mean,0.005543016644804898,,mean decrease in impurity,0,0,train,28
binary,r0f1,M5,impurity,mfcc_01_delta_mean,0.005201300401486932,,mean decrease in impurity,0,0,train,29
binary,r0f1,M5,impurity,time_autocorr_peak_value,0.004405175537574166,,mean decrease in impurity,0,0,train,30
binary,r0f1,M5,impurity,mfcc_13_delta_mean,0.0043403139132591525,,mean decrease in impurity,0,0,train,31
binary,r0f1,M5,impurity,mfcc_03_std,0.004027186067043695,,mean decrease in impurity,0,0,train,32
binary,r0f1,M5,impurity,mfcc_09_mean,0.003961569011439745,,mean decrease in impurity,0,0,train,33
binary,r0f1,M5,impurity,env_mean,0.0037317135353132774,,mean decrease in impurity,0,0,train,34
binary,r0f1,M5,impurity,chroma_11_std,0.0033298943407276817,,mean decrease in impurity,0,0,train,35
binary,r0f1,M5,impurity,mfcc_02_delta_mean,0.003329537641549922,,mean decrease in impurity,0,0,train,36
binary,r0f1,M5,impurity,time_median,0.0033028587618235132,,mean decrease in impurity,0,0,train,37
binary,r0f1,M5,impurity,dwt_cA5_entropy,0.0032715273860185064,,mean decrease in impurity,0,0,train,38
binary,r0f1,M5,impurity,dwt_cD2_std,0.0032457563012192343,,mean decrease in impurity,0,0,train,39
binary,r0f1,M5,impurity,mfcc_08_delta_mean,0.0030899653554274566,,mean decrease in impurity,0,0,train,40
binary,r0f1,M5,impurity,mfcc_02_mean,0.0029740149517516754,,mean decrease in impurity,0,0,train,41
binary,r0f1,M5,impurity,env_kurtosis,0.0029481260181406,,mean decrease in impurity,0,0,train,42
binary,r0f1,M5,impurity,dwt_cD2_energy,0.0028898806585457362,,mean decrease in impurity,0,0,train,43
binary,r0f1,M5,impurity,mfcc_06_std,0.0028423131439197285,,mean decrease in impurity,0,0,train,44
binary,r0f1,M5,impurity,freq_bandwidth_std,0.0026477699607735114,,mean decrease in impurity,0,0,train,45
binary,r0f1,M5,impurity,time_zcr_std,0.00261338884190565,,mean decrease in impurity,0,0,train,46
binary,r0f1,M5,impurity,mfcc_05_delta_mean,0.0026113595241291864,,mean decrease in impurity,0,0,train,47
binary,r0f1,M5,impurity,mfcc_13_mean,0.002603537618421263,,mean decrease in impurity,0,0,train,48
binary,r0f1,M5,impurity,freq_centroid_mean,0.0024799627498106377,,mean decrease in impurity,0,0,train,49
binary,r0f1,M5,impurity,mfcc_12_std,0.0023688326677843512,,mean decrease in impurity,0,0,train,50
binary,r0f1,M5,impurity,mfcc_03_mean,0.002284329786130376,,mean decrease in impurity,0,0,train,51
binary,r0f1,M5,impurity,time_min,0.002205171776891594,,mean decrease in impurity,0,0,train,52
binary,r0f1,M5,impurity,time_max,0.002177010905044543,,mean decrease in impurity,0,0,train,53
binary,r0f1,M5,impurity,mfcc_07_mean,0.002098398960412998,,mean decrease in impurity,0,0,train,54
binary,r0f1,M5,impurity,dwt_cD4_entropy,0.0020860170171330327,,mean decrease in impurity,0,0,train,55
binary,r0f1,M5,impurity,time_skewness,0.002079429100287919,,mean decrease in impurity,0,0,train,56
binary,r0f1,M5,impurity,mfcc_09_std,0.002068482570399383,,mean decrease in impurity,0,0,train,57
binary,r0f1,M5,impurity,freq_total_power,0.002026866315828391,,mean decrease in impurity,0,0,train,58
binary,r0f1,M5,impurity,mfcc_07_delta_mean,0.0020225409173056097,,mean decrease in impurity,0,0,train,59
binary,r0f1,M5,impurity,chroma_06_mean,0.0019314022531447396,,mean decrease in impurity,0,0,train,60
binary,r0f1,M5,impurity,freq_centroid_std,0.0019273137720859702,,mean decrease in impurity,0,0,train,61
binary,r0f1,M5,impurity,chroma_02_mean,0.001848143665778441,,mean decrease in impurity,0,0,train,62
binary,r0f1,M5,impurity,chroma_01_mean,0.0018286888663927626,,mean decrease in impurity,0,0,train,63
binary,r0f1,M5,impurity,chroma_04_mean,0.0017958507878022877,,mean decrease in impurity,0,0,train,64
binary,r0f1,M5,impurity,dwt_cD2_entropy,0.0017905810578384735,,mean decrease in impurity,0,0,train,65
binary,r0f1,M5,impurity,chroma_11_mean,0.001765685989574709,,mean decrease in impurity,0,0,train,66
binary,r0f1,M5,impurity,env_peak_rate,0.0017442544906818597,,mean decrease in impurity,0,0,train,67
binary,r0f1,M5,impurity,chroma_07_mean,0.0017080872688518987,,mean decrease in impurity,0,0,train,68
binary,r0f1,M5,impurity,chroma_03_std,0.00163313089329071,,mean decrease in impurity,0,0,train,69
binary,r0f1,M5,impurity,dwt_cA5_mean_abs,0.0016160866705056183,,mean decrease in impurity,0,0,train,70
binary,r0f1,M5,impurity,freq_flatness_mean,0.0015754505929821683,,mean decrease in impurity,0,0,train,71
binary,r0f1,M5,impurity,chroma_04_std,0.0015516531703048128,,mean decrease in impurity,0,0,train,72
binary,r0f1,M5,impurity,dwt_cD3_std,0.0014943644620543798,,mean decrease in impurity,0,0,train,73
binary,r0f1,M5,impurity,dwt_cD3_entropy,0.0014239574284361518,,mean decrease in impurity,0,0,train,74
binary,r0f1,M5,impurity,freq_rolloff95_std,0.0013705394529830882,,mean decrease in impurity,0,0,train,75
binary,r0f1,M5,impurity,chroma_05_mean,0.0013600135671307937,,mean decrease in impurity,0,0,train,76
binary,r0f1,M5,impurity,mfcc_04_delta_mean,0.0012719344978351671,,mean decrease in impurity,0,0,train,77
binary,r0f1,M5,impurity,mfcc_10_delta_mean,0.001254859724340193,,mean decrease in impurity,0,0,train,78
binary,r0f1,M5,impurity,mfcc_11_mean,0.0012417863269632218,,mean decrease in impurity,0,0,train,79
binary,r0f1,M5,impurity,mfcc_04_std,0.001206979843078778,,mean decrease in impurity,0,0,train,80
binary,r0f1,M5,impurity,mfcc_06_delta_mean,0.0011942052636673749,,mean decrease in impurity,0,0,train,81
binary,r0f1,M5,impurity,mfcc_11_delta_mean,0.001154417226301663,,mean decrease in impurity,0,0,train,82
binary,r0f1,M5,impurity,mfcc_07_std,0.0011526534011027203,,mean decrease in impurity,0,0,train,83
binary,r0f1,M5,impurity,freq_spectral_entropy,0.001132280218134459,,mean decrease in impurity,0,0,train,84
binary,r0f1,M5,impurity,freq_band_power_150_250,0.0010896657942184287,,mean decrease in impurity,0,0,train,85
binary,r0f1,M5,impurity,mfcc_08_std,0.0010090657533100348,,mean decrease in impurity,0,0,train,86
binary,r0f1,M5,impurity,freq_peak_power,0.0009982994255661778,,mean decrease in impurity,0,0,train,87
binary,r0f1,M5,impurity,dwt_cD4_std,0.0009868504628858668,,mean decrease in impurity,0,0,train,88
binary,r0f1,M5,impurity,dwt_cD3_energy,0.0009602208849101235,,mean decrease in impurity,0,0,train,89
binary,r0f1,M5,impurity,mfcc_02_std,0.0009596261648861642,,mean decrease in impurity,0,0,train,90
binary,r0f1,M5,impurity,time_peak_to_peak,0.000942372124156874,,mean decrease in impurity,0,0,train,91
binary,r0f1,M5,impurity,mfcc_03_delta_mean,0.0009388759545918922,,mean decrease in impurity,0,0,train,92
binary,r0f1,M5,impurity,chroma_01_std,0.0009380342515393102,,mean decrease in impurity,0,0,train,93
binary,r0f1,M5,impurity,time_autocorr_peak_lag,0.000927594905568259,,mean decrease in impurity,0,0,train,94
binary,r0f1,M5,impurity,dwt_cD2_mean_abs,0.0009191780282240818,,mean decrease in impurity,0,0,train,95
binary,r0f1,M5,impurity,chroma_02_std,0.0008924188895216524,,mean decrease in impurity,0,0,train,96
binary,r0f1,M5,impurity,chroma_09_mean,0.0008917390034561905,,mean decrease in impurity,0,0,train,97
binary,r0f1,M5,impurity,mfcc_08_mean,0.0008756512957865125,,mean decrease in impurity,0,0,train,98
binary,r0f1,M5,impurity,freq_rolloff95_mean,0.0008667063607424435,,mean decrease in impurity,0,0,train,99
binary,r0f1,M5,impurity,dwt_cD1_mean_abs,0.0008512108006425285,,mean decrease in impurity,0,0,train,100
binary,r0f1,M5,impurity,chroma_06_std,0.0008357538053243614,,mean decrease in impurity,0,0,train,101
binary,r0f1,M5,impurity,freq_band_power_100_150,0.0008306294883836336,,mean decrease in impurity,0,0,train,102
binary,r0f1,M5,impurity,mfcc_09_delta_mean,0.0007853981295664959,,mean decrease in impurity,0,0,train,103
binary,r0f1,M5,impurity,chroma_10_mean,0.000765302691128515,,mean decrease in impurity,0,0,train,104
binary,r0f1,M5,impurity,freq_rolloff85_std,0.0007616459544186938,,mean decrease in impurity,0,0,train,105
binary,r0f1,M5,impurity,env_std,0.000744648583166412,,mean decrease in impurity,0,0,train,106
binary,r0f1,M5,impurity,mfcc_06_mean,0.000686112421019798,,mean decrease in impurity,0,0,train,107
binary,r0f1,M5,impurity,mfcc_10_mean,0.0006728980075686043,,mean decrease in impurity,0,0,train,108
binary,r0f1,M5,impurity,env_skew,0.0006438887724525686,,mean decrease in impurity,0,0,train,109
binary,r0f1,M5,impurity,mfcc_13_std,0.0006206910583525674,,mean decrease in impurity,0,0,train,110
binary,r0f1,M5,impurity,mfcc_12_delta_mean,0.0006135494788636944,,mean decrease in impurity,0,0,train,111
binary,r0f1,M5,impurity,freq_rolloff85_mean,0.0005602574612907703,,mean decrease in impurity,0,0,train,112
binary,r0f1,M5,impurity,freq_band_power_250_350,0.0005594487892347456,,mean decrease in impurity,0,0,train,113
binary,r0f1,M5,impurity,freq_band_power_20_50,0.0005086230536031867,,mean decrease in impurity,0,0,train,114
binary,r0f1,M5,impurity,time_kurtosis,0.0005060204606812236,,mean decrease in impurity,0,0,train,115
binary,r0f1,M5,impurity,chroma_09_std,0.0004803437153441089,,mean decrease in impurity,0,0,train,116
binary,r0f1,M5,impurity,dwt_cD5_entropy,0.00047927765195249217,,mean decrease in impurity,0,0,train,117
binary,r0f1,M5,impurity,freq_band_power_50_100,0.00046926721857393254,,mean decrease in impurity,0,0,train,118
binary,r0f1,M5,impurity,time_hjorth_mobility,0.000466284265686166,,mean decrease in impurity,0,0,train,119
binary,r0f1,M5,impurity,chroma_12_std,0.0003946032029397949,,mean decrease in impurity,0,0,train,120
binary,r0f1,M5,impurity,mfcc_11_std,0.0003930774332872371,,mean decrease in impurity,0,0,train,121
binary,r0f1,M5,impurity,chroma_12_mean,0.0003876207431933417,,mean decrease in impurity,0,0,train,122
binary,r0f1,M5,impurity,chroma_08_std,0.0003649042286412213,,mean decrease in impurity,0,0,train,123
binary,r0f1,M5,impurity,freq_flux_std,0.0003533581486371406,,mean decrease in impurity,0,0,train,124
binary,r0f1,M5,impurity,freq_bandwidth_mean,0.00027872120067312786,,mean decrease in impurity,0,0,train,125
binary,r0f1,M5,impurity,time_mean,0.0002476926113936143,,mean decrease in impurity,0,0,train,126
binary,r0f1,M5,impurity,chroma_08_mean,0.00024017875332954294,,mean decrease in impurity,0,0,train,127
binary,r0f1,M5,impurity,time_var,0.00020913092877732168,,mean decrease in impurity,0,0,train,128
binary,r0f1,M5,impurity,time_rms,0.00017426676942093077,,mean decrease in impurity,0,0,train,129
binary,r0f1,M5,impurity,freq_flatness_std,0.00010462799570567041,,mean decrease in impurity,0,0,train,130
binary,r0f1,M5,impurity,time_std,8.807360509586833e-05,,mean decrease in impurity,0,0,train,131
binary,r0f1,M5,impurity,time_range,6.590394202929034e-05,,mean decrease in impurity,0,0,train,132
binary,r0f1,M5,impurity,chroma_03_mean,4.880846149800131e-05,,mean decrease in impurity,0,0,train,133
binary,r0f1,M5,impurity,time_shannon_entropy,4.796008602057832e-05,,mean decrease in impurity,0,0,train,134
binary,r0f1,M5,impurity,chroma_10_std,2.271518261552654e-05,,mean decrease in impurity,0,0,train,135
binary,r0f1,M5,impurity,time_hjorth_activity,9.180435262876086e-06,,mean decrease in impurity,0,0,train,136
binary,r0f1,M5,impurity,time_crest_factor,3.9126469172732455e-06,,mean decrease in impurity,0,0,train,137
binary,r0f1,M5,impurity,freq_dominant,0.0,,mean decrease in impurity,0,0,train,138
binary,r0f1,M5,permutation,mfcc_04_mean,0.061536851525736846,0.010658308304423719,balanced_accuracy,10,651,held-out fold,1
binary,r0f1,M5,permutation,dwt_cD1_entropy,0.02466872600248272,0.00861643331456672,balanced_accuracy,10,651,held-out fold,2
binary,r0f1,M5,permutation,dwt_cD5_energy,0.021938422009873237,0.00792042194895674,balanced_accuracy,10,651,held-out fold,3
binary,r0f1,M5,permutation,mfcc_05_std,0.015892491122722906,0.0073300596815006275,balanced_accuracy,10,651,held-out fold,4
binary,r0f1,M5,permutation,time_zcr_mean,0.008956667340281166,0.005355165394732154,balanced_accuracy,10,651,held-out fold,5
binary,r0f1,M5,permutation,time_iqr,0.008442073962874186,0.0068332366460884955,balanced_accuracy,10,651,held-out fold,6
binary,r0f1,M5,permutation,time_duration,0.008401657091717396,0.005525185306077231,balanced_accuracy,10,651,held-out fold,7
binary,r0f1,M5,permutation,mfcc_12_mean,0.0063844221830883785,0.0037306957645343087,balanced_accuracy,10,651,held-out fold,8
binary,r0f1,M5,permutation,chroma_04_mean,0.005721152458211786,0.001640074652732111,balanced_accuracy,10,651,held-out fold,9
binary,r0f1,M5,permutation,env_peak_rate,0.00559701492537309,0.004164786751236164,balanced_accuracy,10,651,held-out fold,10
binary,r0f1,M5,permutation,time_max,0.005168307399174299,0.0033299858606193646,balanced_accuracy,10,651,held-out fold,11
binary,r0f1,M5,permutation,time_peak_to_peak,0.004615462340136778,0.0017417368873801939,balanced_accuracy,10,651,held-out fold,12
binary,r0f1,M5,permutation,dwt_cD1_std,0.004146337942781253,0.002747736979410259,balanced_accuracy,10,651,held-out fold,13
binary,r0f1,M5,permutation,mfcc_06_mean,0.004118190478939887,0.002483499967827294,balanced_accuracy,10,651,held-out fold,14
binary,r0f1,M5,permutation,env_kurtosis,0.0035097722220618134,0.0027173124720628592,balanced_accuracy,10,651,held-out fold,15
binary,r0f1,M5,permutation,time_energy,0.0034960593550621864,0.004005660702256793,balanced_accuracy,10,651,held-out fold,16
binary,r0f1,M5,permutation,mfcc_07_mean,0.0033300614913825298,0.0023301552888889366,balanced_accuracy,10,651,held-out fold,17
binary,r0f1,M5,permutation,time_hjorth_complexity,0.0030680735587054753,0.0021595055400509223,balanced_accuracy,10,651,held-out fold,18
binary,r0f1,M5,permutation,mfcc_03_delta_mean,0.003039926094864154,0.0015986105835688715,balanced_accuracy,10,651,held-out fold,19
binary,r0f1,M5,permutation,freq_centroid_std,0.0028465024971852217,0.002145442443048381,balanced_accuracy,10,651,held-out fold,20
binary,r0f1,M5,permutation,time_range,0.002777216432345042,0.0014812238630877383,balanced_accuracy,10,651,held-out fold,21
binary,r0f1,M5,permutation,mfcc_10_delta_mean,0.0027497906983457664,0.0017980635618067276,balanced_accuracy,10,651,held-out fold,22
binary,r0f1,M5,permutation,mfcc_10_mean,0.0026119402985074537,0.0029142722671293506,balanced_accuracy,10,651,held-out fold,23
binary,r0f1,M5,permutation,dwt_cD2_entropy,0.0026112185686653746,0.0009719415494314242,balanced_accuracy,10,651,held-out fold,24
binary,r0f1,M5,permutation,freq_flatness_mean,0.0025426542336672185,0.002544600909385943,balanced_accuracy,10,651,held-out fold,25
binary,r0f1,M5,permutation,mfcc_11_mean,0.002528941366667614,0.0026969069363890165,balanced_accuracy,10,651,held-out fold,26
binary,r0f1,M5,permutation,env_mean,0.0023218049019890553,0.0025881881202873907,balanced_accuracy,10,651,held-out fold,27
binary,r0f1,M5,permutation,dwt_cA5_mean_abs,0.002169519905309025,0.0016812253233107729,balanced_accuracy,10,651,held-out fold,28
binary,r0f1,M5,permutation,dwt_cD2_std,0.002045382372470317,0.00170697636974614,balanced_accuracy,10,651,held-out fold,29
binary,r0f1,M5,permutation,chroma_02_std,0.0020309477756286108,0.004151682397177063,balanced_accuracy,10,651,held-out fold,30
binary,r0f1,M5,permutation,mfcc_03_std,0.0019890874447876183,0.0032026271979027957,balanced_accuracy,10,651,held-out fold,31
binary,r0f1,M5,permutation,time_median,0.0019068102427898914,0.0017313057876909023,balanced_accuracy,10,651,held-out fold,32
binary,r0f1,M5,permutation,mfcc_10_std,0.0019060885129478012,0.0032046405270776987,balanced_accuracy,10,651,held-out fold,33
binary,r0f1,M5,permutation,chroma_07_std,0.001837524177949712,0.0013981462567505935,balanced_accuracy,10,651,held-out fold,34
binary,r0f1,M5,permutation,mfcc_06_std,0.0018100984439504586,0.0014166724010459704,balanced_accuracy,10,651,held-out fold,35
binary,r0f1,M5,permutation,mfcc_08_delta_mean,0.0017408123791102126,0.004575322983278239,balanced_accuracy,10,651,held-out fold,36
binary,r0f1,M5,permutation,time_zcr_std,0.001437685845434311,0.003650989806759897,balanced_accuracy,10,651,held-out fold,37
binary,r0f1,M5,permutation,freq_rolloff95_mean,0.001436964115592221,0.0024777069571847122,balanced_accuracy,10,651,held-out fold,38
binary,r0f1,M5,permutation,dwt_cD5_mean_abs,0.0013402523167527658,0.003347485476723004,balanced_accuracy,10,651,held-out fold,39
binary,r0f1,M5,permutation,mfcc_01_std,0.001299835445595965,0.0020398298164602782,balanced_accuracy,10,651,held-out fold,40
binary,r0f1,M5,permutation,mfcc_05_delta_mean,0.0012991137157538969,0.0018294278428303882,balanced_accuracy,10,651,held-out fold,41
binary,r0f1,M5,permutation,freq_rolloff85_mean,0.0012435405179132887,0.0020749100338418275,balanced_accuracy,10,651,held-out fold,42
binary,r0f1,M5,permutation,mfcc_02_std,0.0011605415860734935,0.0008431139155784806,balanced_accuracy,10,651,held-out fold,43
binary,r0f1,M5,permutation,freq_rolloff95_std,0.0010638297872340385,0.0011805179512315008,balanced_accuracy,10,651,held-out fold,44
binary,r0f1,M5,permutation,chroma_05_std,0.0010638297872340163,0.001800802590427392,balanced_accuracy,10,651,held-out fold,45
binary,r0f1,M5,permutation,dwt_cD4_energy,0.0010356823233926727,0.0029080970860550816,balanced_accuracy,10,651,held-out fold,46
binary,r0f1,M5,permutation,mfcc_05_mean,0.001021969456393057,0.005967064178346544,balanced_accuracy,10,651,held-out fold,47
binary,r0f1,M5,permutation,chroma_06_std,0.0009671179883945835,0.0007491263725739851,balanced_accuracy,10,651,held-out fold,48
binary,r0f1,M5,permutation,dwt_cD5_entropy,0.0009534051213949457,0.002354641701781763,balanced_accuracy,10,651,held-out fold,49
binary,r0f1,M5,permutation,mfcc_02_delta_mean,0.0008841190565547441,0.0025573348953418194,balanced_accuracy,10,651,held-out fold,50
binary,r0f1,M5,permutation,time_kurtosis,0.0008704061895551174,0.00091237728549871,balanced_accuracy,10,651,held-out fold,51
binary,r0f1,M5,permutation,freq_peak_power,0.0008704061895551063,0.001098434883133507,balanced_accuracy,10,651,held-out fold,52
binary,r0f1,M5,permutation,chroma_01_std,0.0008704061895551063,0.0005208089755449275,balanced_accuracy,10,651,held-out fold,52
binary,r0f1,M5,permutation,mfcc_07_std,0.0008566933225554796,0.0010611443930117603,balanced_accuracy,10,651,held-out fold,54
binary,r0f1,M5,permutation,mfcc_08_std,0.0007736943907156402,0.0003868471953578201,balanced_accuracy,10,651,held-out fold,55
binary,r0f1,M5,permutation,dwt_cD4_entropy,0.0007599815237160246,0.0010903427144682914,balanced_accuracy,10,651,held-out fold,56
binary,r0f1,M5,permutation,dwt_cD2_mean_abs,0.0007599815237160246,0.0010903427144682914,balanced_accuracy,10,651,held-out fold,56
binary,r0f1,M5,permutation,chroma_11_mean,0.0007599815237160024,0.0015115237207765425,balanced_accuracy,10,651,held-out fold,58
binary,r0f1,M5,permutation,mfcc_11_delta_mean,0.0006495568578769428,0.0015672243453696264,balanced_accuracy,10,651,held-out fold,59
binary,r0f1,M5,permutation,dwt_cA5_std,0.0006488351280348637,0.002148022366410205,balanced_accuracy,10,651,held-out fold,60
binary,r0f1,M5,permutation,mfcc_04_delta_mean,0.0006076965270359946,0.0017934857331987134,balanced_accuracy,10,651,held-out fold,61
binary,r0f1,M5,permutation,freq_spectral_entropy,0.000593983660036379,0.0015924770664487806,balanced_accuracy,10,651,held-out fold,62
binary,r0f1,M5,permutation,time_hjorth_mobility,0.0005802707930367302,0.0004737891185267103,balanced_accuracy,10,651,held-out fold,63
binary,r0f1,M5,permutation,freq_band_power_250_350,0.0005802707930367302,0.0004737891185267103,balanced_accuracy,10,651,held-out fold,63
binary,r0f1,M5,permutation,freq_centroid_mean,0.0004142729293570513,0.0028697002284825478,balanced_accuracy,10,651,held-out fold,65
binary,r0f1,M5,permutation,freq_band_power_20_50,0.0003868471953578312,0.000641513499101629,balanced_accuracy,10,651,held-out fold,66
binary,r0f1,M5,permutation,dwt_cD4_mean_abs,0.000386847195357809,0.0033708773767048747,balanced_accuracy,10,651,held-out fold,67
binary,r0f1,M5,permutation,chroma_09_mean,0.0003731343283581712,0.004509916536983933,balanced_accuracy,10,651,held-out fold,68
binary,r0f1,M5,permutation,dwt_cD4_std,0.00034570859435892885,0.0019329468015874065,balanced_accuracy,10,651,held-out fold,69
binary,r0f1,M5,permutation,mfcc_03_mean,0.0003449868645168608,0.0021895285120373583,balanced_accuracy,10,651,held-out fold,70
binary,r0f1,M5,permutation,time_shannon_entropy,0.0002901353965183651,0.00044318913877714497,balanced_accuracy,10,651,held-out fold,71
binary,r0f1,M5,permutation,freq_bandwidth_mean,0.0002901353965183651,0.00044318913877714497,balanced_accuracy,10,651,held-out fold,71
binary,r0f1,M5,permutation,mfcc_09_std,0.00027642252951873834,0.0011871876749340853,balanced_accuracy,10,651,held-out fold,73
binary,r0f1,M5,permutation,mfcc_11_std,0.00027642252951873834,0.0011871876749340853,balanced_accuracy,10,651,held-out fold,73
binary,r0f1,M5,permutation,dwt_cD1_mean_abs,0.0002489967955194627,0.0020185127016802665,balanced_accuracy,10,651,held-out fold,75
binary,r0f1,M5,permutation,mfcc_12_std,0.00019342359767889893,0.0017667197664706386,balanced_accuracy,10,651,held-out fold,76
binary,r0f1,M5,permutation,mfcc_01_mean,0.00015228499668001882,0.0025039146608977075,balanced_accuracy,10,651,held-out fold,77
binary,r0f1,M5,permutation,freq_total_power,9.671179883945502e-05,0.0002901353965183651,balanced_accuracy,10,651,held-out fold,78
binary,r0f1,M5,permutation,mfcc_04_std,9.671179883945502e-05,0.0002901353965183651,balanced_accuracy,10,651,held-out fold,78
binary,r0f1,M5,permutation,chroma_08_mean,9.671179883945502e-05,0.0002901353965183651,balanced_accuracy,10,651,held-out fold,78
binary,r0f1,M5,permutation,dwt_cD3_energy,9.671179883945502e-05,0.0002901353965183651,balanced_accuracy,10,651,held-out fold,78
binary,r0f1,M5,permutation,freq_flux_mean,1.3712866999615603e-05,0.0017627694019576347,balanced_accuracy,10,651,held-out fold,82
binary,r0f1,M5,permutation,time_std,0.0,0.0,balanced_accuracy,10,651,held-out fold,83
binary,r0f1,M5,permutation,time_var,0.0,0.0,balanced_accuracy,10,651,held-out fold,83
binary,r0f1,M5,permutation,time_rms,0.0,0.0,balanced_accuracy,10,651,held-out fold,83
binary,r0f1,M5,permutation,time_crest_factor,0.0,0.0,balanced_accuracy,10,651,held-out fold,83
binary,r0f1,M5,permutation,time_hjorth_activity,0.0,0.0,balanced_accuracy,10,651,held-out fold,83
binary,r0f1,M5,permutation,freq_flatness_std,0.0,0.0,balanced_accuracy,10,651,held-out fold,83
binary,r0f1,M5,permutation,freq_flux_std,0.0,0.0,balanced_accuracy,10,651,held-out fold,83
binary,r0f1,M5,permutation,freq_dominant,0.0,0.0,balanced_accuracy,10,651,held-out fold,83
binary,r0f1,M5,permutation,mfcc_08_mean,0.0,0.0,balanced_accuracy,10,651,held-out fold,83
binary,r0f1,M5,permutation,mfcc_13_std,0.0,0.0,balanced_accuracy,10,651,held-out fold,83
binary,r0f1,M5,permutation,chroma_03_mean,0.0,0.0,balanced_accuracy,10,651,held-out fold,83
binary,r0f1,M5,permutation,chroma_07_mean,0.0,0.0,balanced_accuracy,10,651,held-out fold,83
binary,r0f1,M5,permutation,chroma_12_mean,0.0,0.0,balanced_accuracy,10,651,held-out fold,83
binary,r0f1,M5,permutation,chroma_09_std,0.0,0.0,balanced_accuracy,10,651,held-out fold,83
binary,r0f1,M5,permutation,chroma_10_std,0.0,0.0,balanced_accuracy,10,651,held-out fold,83
binary,r0f1,M5,permutation,chroma_12_std,0.0,0.0,balanced_accuracy,10,651,held-out fold,83
binary,r0f1,M5,permutation,chroma_02_mean,-2.7425733999286717e-05,0.0017845120260697117,balanced_accuracy,10,651,held-out fold,99
binary,r0f1,M5,permutation,mfcc_12_delta_mean,-9.671179883946612e-05,0.00029013539651839837,balanced_accuracy,10,651,held-out fold,100
binary,r0f1,M5,permutation,dwt_cD3_entropy,-9.671179883946612e-05,0.0016937423323219666,balanced_accuracy,10,651,held-out fold,100
binary,r0f1,M5,permutation,time_skewness,-9.671179883949944e-05,0.0008033485360655978,balanced_accuracy,10,651,held-out fold,102
binary,r0f1,M5,permutation,time_autocorr_peak_lag,-0.00016599786367970103,0.0023492234297653384,balanced_accuracy,10,651,held-out fold,103
binary,r0f1,M5,permutation,mfcc_07_delta_mean,-0.00019342359767893225,0.00038684719535786444,balanced_accuracy,10,651,held-out fold,104
binary,r0f1,M5,permutation,mfcc_13_delta_mean,-0.00022157106152026484,0.00231929667454849,balanced_accuracy,10,651,held-out fold,105
binary,r0f1,M5,permutation,chroma_01_mean,-0.00027642252951874945,0.0008292675885562485,balanced_accuracy,10,651,held-out fold,106
binary,r0f1,M5,permutation,freq_band_power_350_400,-0.000316839400675617,0.001523757673465198,balanced_accuracy,10,651,held-out fold,107
binary,r0f1,M5,permutation,mfcc_09_delta_mean,-0.00037313432835820446,0.0011194029850746135,balanced_accuracy,10,651,held-out fold,108
binary,r0f1,M5,permutation,mfcc_01_delta_mean,-0.00038829065504203397,0.0027898267031363074,balanced_accuracy,10,651,held-out fold,109
binary,r0f1,M5,permutation,dwt_cA5_entropy,-0.00041499465919917487,0.003868913920534041,balanced_accuracy,10,651,held-out fold,110
binary,r0f1,M5,permutation,chroma_08_std,-0.0004561332601980439,0.001461298158448539,balanced_accuracy,10,651,held-out fold,111
binary,r0f1,M5,permutation,env_std,-0.0005254193250382566,0.0023304248682548792,balanced_accuracy,10,651,held-out fold,112
binary,r0f1,M5,permutation,dwt_cD1_energy,-0.0006892519991916979,0.0025924577117716987,balanced_accuracy,10,651,held-out fold,113
binary,r0f1,M5,permutation,time_min,-0.00070513005571754,0.00221659684916108,balanced_accuracy,10,651,held-out fold,114
binary,r0f1,M5,permutation,dwt_cD3_std,-0.00070513005571754,0.001953828259657128,balanced_accuracy,10,651,held-out fold,114
binary,r0f1,M5,permutation,freq_bandwidth_std,-0.0007736943907157068,0.002574415101593039,balanced_accuracy,10,651,held-out fold,116
binary,r0f1,M5,permutation,dwt_cA5_energy,-0.0007881289875574016,0.0034305312779237544,balanced_accuracy,10,651,held-out fold,117
binary,r0f1,M5,permutation,chroma_11_std,-0.0009122665203960989,0.003130170199049255,balanced_accuracy,10,651,held-out fold,118
binary,r0f1,M5,permutation,chroma_04_std,-0.0009396922543953523,0.0012465793381574494,balanced_accuracy,10,651,held-out fold,119
binary,r0f1,M5,permutation,chroma_06_mean,-0.0010089783192355427,0.0018908545022959754,balanced_accuracy,10,651,held-out fold,120
binary,r0f1,M5,permutation,mfcc_02_mean,-0.001008978319235554,0.0019939863467283918,balanced_accuracy,10,651,held-out fold,121
binary,r0f1,M5,permutation,env_skew,-0.0011194029850746135,0.0017099163040879795,balanced_accuracy,10,651,held-out fold,122
binary,r0f1,M5,permutation,dwt_cD2_energy,-0.0011749761829152106,0.0028483830582281965,balanced_accuracy,10,651,held-out fold,123
binary,r0f1,M5,permutation,chroma_10_mean,-0.0015755362452726574,0.0018210662719051432,balanced_accuracy,10,651,held-out fold,124
binary,r0f1,M5,permutation,mfcc_06_delta_mean,-0.0019623834406304885,0.0019813566423889663,balanced_accuracy,10,651,held-out fold,125
binary,r0f1,M5,permutation,freq_rolloff85_std,-0.0019760963076301485,0.00189085450229599,balanced_accuracy,10,651,held-out fold,126
binary,r0f1,M5,permutation,mfcc_09_mean,-0.0020179566384710855,0.0016130079086538237,balanced_accuracy,10,651,held-out fold,127
binary,r0f1,M5,permutation,time_sample_entropy,-0.002183232772308685,0.002196052660940894,balanced_accuracy,10,651,held-out fold,128
binary,r0f1,M5,permutation,freq_band_power_100_150,-0.002211380236150007,0.001803808350175008,balanced_accuracy,10,651,held-out fold,129
binary,r0f1,M5,permutation,freq_band_power_150_250,-0.0022799445711481625,0.0021114007624921435,balanced_accuracy,10,651,held-out fold,130
binary,r0f1,M5,permutation,freq_band_power_50_100,-0.0025152284996679875,0.002509539349112756,balanced_accuracy,10,651,held-out fold,131
binary,r0f1,M5,permutation,time_mean,-0.0027779381621871103,0.001328996278648839,balanced_accuracy,10,651,held-out fold,132
binary,r0f1,M5,permutation,chroma_05_mean,-0.003344496088224247,0.0020857098371146066,balanced_accuracy,10,651,held-out fold,133
binary,r0f1,M5,permutation,mfcc_13_mean,-0.0033719218222235336,0.004519633164931482,balanced_accuracy,10,651,held-out fold,134
binary,r0f1,M5,permutation,dwt_cD5_std,-0.004159329079938823,0.004825807663676796,balanced_accuracy,10,651,held-out fold,135
binary,r0f1,M5,permutation,dwt_cD3_mean_abs,-0.0044776119402985095,0.002891025256556651,balanced_accuracy,10,651,held-out fold,136
binary,r0f1,M5,permutation,chroma_03_std,-0.005403591327694213,0.0019053559844657974,balanced_accuracy,10,651,held-out fold,137
binary,r0f1,M5,permutation,time_autocorr_peak_value,-0.00609356505672799,0.0018881563096018001,balanced_accuracy,10,651,held-out fold,138
binary,r0f1,M8,impurity,dwt_cD1_entropy,0.0938837006688118,,mean decrease in impurity,0,0,train,1
binary,r0f1,M8,impurity,mfcc_04_mean,0.07863400131464005,,mean decrease in impurity,0,0,train,2
binary,r0f1,M8,impurity,dwt_cD1_energy,0.04377978295087814,,mean decrease in impurity,0,0,train,3
binary,r0f1,M8,impurity,dwt_cD3_mean_abs,0.03085182048380375,,mean decrease in impurity,0,0,train,4
binary,r0f1,M8,impurity,dwt_cD1_std,0.026245346292853355,,mean decrease in impurity,0,0,train,5
binary,r0f1,M8,impurity,time_iqr,0.02317802794277668,,mean decrease in impurity,0,0,train,6
binary,r0f1,M8,impurity,dwt_cA5_std,0.020121432840824127,,mean decrease in impurity,0,0,train,7
binary,r0f1,M8,impurity,dwt_cD5_energy,0.019238831475377083,,mean decrease in impurity,0,0,train,8
binary,r0f1,M8,impurity,chroma_05_std,0.016938284039497375,,mean decrease in impurity,0,0,train,9
binary,r0f1,M8,impurity,freq_band_power_350_400,0.015228686854243279,,mean decrease in impurity,0,0,train,10
binary,r0f1,M8,impurity,dwt_cD4_energy,0.013580658473074436,,mean decrease in impurity,0,0,train,11
binary,r0f1,M8,impurity,dwt_cD5_std,0.012988642789423466,,mean decrease in impurity,0,0,train,12
binary,r0f1,M8,impurity,time_zcr_mean,0.012837746180593967,,mean decrease in impurity,0,0,train,13
binary,r0f1,M8,impurity,dwt_cD2_mean_abs,0.011908556334674358,,mean decrease in impurity,0,0,train,14
binary,r0f1,M8,impurity,mfcc_05_mean,0.011743762530386448,,mean decrease in impurity,0,0,train,15
binary,r0f1,M8,impurity,mfcc_02_mean,0.011078624054789543,,mean decrease in impurity,0,0,train,16
binary,r0f1,M8,impurity,dwt_cD5_mean_abs,0.010978830978274345,,mean decrease in impurity,0,0,train,17
binary,r0f1,M8,impurity,dwt_cD4_mean_abs,0.010834605433046818,,mean decrease in impurity,0,0,train,18
binary,r0f1,M8,impurity,freq_centroid_std,0.010801699012517929,,mean decrease in impurity,0,0,train,19
binary,r0f1,M8,impurity,chroma_07_std,0.01037922129034996,,mean decrease in impurity,0,0,train,20
binary,r0f1,M8,impurity,time_sample_entropy,0.010293877683579922,,mean decrease in impurity,0,0,train,21
binary,r0f1,M8,impurity,dwt_cA5_mean_abs,0.009172296151518822,,mean decrease in impurity,0,0,train,22
binary,r0f1,M8,impurity,freq_rolloff95_mean,0.009057649411261082,,mean decrease in impurity,0,0,train,23
binary,r0f1,M8,impurity,mfcc_03_mean,0.009041573852300644,,mean decrease in impurity,0,0,train,24
binary,r0f1,M8,impurity,time_duration,0.008902687579393387,,mean decrease in impurity,0,0,train,25
binary,r0f1,M8,impurity,mfcc_05_std,0.00861396174877882,,mean decrease in impurity,0,0,train,26
binary,r0f1,M8,impurity,freq_flux_std,0.008563704788684845,,mean decrease in impurity,0,0,train,27
binary,r0f1,M8,impurity,mfcc_01_std,0.008301816880702972,,mean decrease in impurity,0,0,train,28
binary,r0f1,M8,impurity,time_energy,0.008015211671590805,,mean decrease in impurity,0,0,train,29
binary,r0f1,M8,impurity,freq_flux_mean,0.0073925647884607315,,mean decrease in impurity,0,0,train,30
binary,r0f1,M8,impurity,freq_band_power_50_100,0.007371526211500168,,mean decrease in impurity,0,0,train,31
binary,r0f1,M8,impurity,chroma_11_std,0.007283181417733431,,mean decrease in impurity,0,0,train,32
binary,r0f1,M8,impurity,freq_band_power_150_250,0.007125720381736755,,mean decrease in impurity,0,0,train,33
binary,r0f1,M8,impurity,chroma_12_mean,0.0070310113951563835,,mean decrease in impurity,0,0,train,34
binary,r0f1,M8,impurity,time_min,0.006819332018494606,,mean decrease in impurity,0,0,train,35
binary,r0f1,M8,impurity,freq_spectral_entropy,0.0067059011198580265,,mean decrease in impurity,0,0,train,36
binary,r0f1,M8,impurity,mfcc_07_std,0.006473678629845381,,mean decrease in impurity,0,0,train,37
binary,r0f1,M8,impurity,dwt_cA5_energy,0.00637710141018033,,mean decrease in impurity,0,0,train,38
binary,r0f1,M8,impurity,dwt_cD3_energy,0.006274555344134569,,mean decrease in impurity,0,0,train,39
binary,r0f1,M8,impurity,dwt_cD2_energy,0.00624365359544754,,mean decrease in impurity,0,0,train,40
binary,r0f1,M8,impurity,env_mean,0.0060861618258059025,,mean decrease in impurity,0,0,train,41
binary,r0f1,M8,impurity,freq_band_power_20_50,0.006058672443032265,,mean decrease in impurity,0,0,train,42
binary,r0f1,M8,impurity,mfcc_06_mean,0.006026140879839659,,mean decrease in impurity,0,0,train,43
binary,r0f1,M8,impurity,freq_bandwidth_mean,0.0058931331150233746,,mean decrease in impurity,0,0,train,44
binary,r0f1,M8,impurity,time_zcr_std,0.005848060827702284,,mean decrease in impurity,0,0,train,45
binary,r0f1,M8,impurity,mfcc_10_std,0.005744338035583496,,mean decrease in impurity,0,0,train,46
binary,r0f1,M8,impurity,dwt_cD1_mean_abs,0.005549602676182985,,mean decrease in impurity,0,0,train,47
binary,r0f1,M8,impurity,mfcc_08_std,0.005525355692952871,,mean decrease in impurity,0,0,train,48
binary,r0f1,M8,impurity,freq_rolloff85_std,0.005394295323640108,,mean decrease in impurity,0,0,train,49
binary,r0f1,M8,impurity,chroma_02_std,0.005267294589430094,,mean decrease in impurity,0,0,train,50
binary,r0f1,M8,impurity,chroma_11_mean,0.005230996757745743,,mean decrease in impurity,0,0,train,51
binary,r0f1,M8,impurity,chroma_04_mean,0.0052037411369383335,,mean decrease in impurity,0,0,train,52
binary,r0f1,M8,impurity,time_median,0.005201192107051611,,mean decrease in impurity,0,0,train,53
binary,r0f1,M8,impurity,time_autocorr_peak_lag,0.0051676370203495026,,mean decrease in impurity,0,0,train,54
binary,r0f1,M8,impurity,chroma_07_mean,0.004951533395797014,,mean decrease in impurity,0,0,train,55
binary,r0f1,M8,impurity,freq_rolloff95_std,0.004927768371999264,,mean decrease in impurity,0,0,train,56
binary,r0f1,M8,impurity,mfcc_04_delta_mean,0.004927502013742924,,mean decrease in impurity,0,0,train,57
binary,r0f1,M8,impurity,time_max,0.004843878094106913,,mean decrease in impurity,0,0,train,58
binary,r0f1,M8,impurity,time_hjorth_mobility,0.0047701396979391575,,mean decrease in impurity,0,0,train,59
binary,r0f1,M8,impurity,mfcc_10_mean,0.004749716725200415,,mean decrease in impurity,0,0,train,60
binary,r0f1,M8,impurity,dwt_cA5_entropy,0.004740746691823006,,mean decrease in impurity,0,0,train,61
binary,r0f1,M8,impurity,time_std,0.004734090995043516,,mean decrease in impurity,0,0,train,62
binary,r0f1,M8,impurity,mfcc_12_mean,0.004679504316300154,,mean decrease in impurity,0,0,train,63
binary,r0f1,M8,impurity,time_autocorr_peak_value,0.0045833587646484375,,mean decrease in impurity,0,0,train,64
binary,r0f1,M8,impurity,chroma_06_std,0.0045370557345449924,,mean decrease in impurity,0,0,train,65
binary,r0f1,M8,impurity,mfcc_06_std,0.004516350571066141,,mean decrease in impurity,0,0,train,66
binary,r0f1,M8,impurity,chroma_10_mean,0.004486362915486097,,mean decrease in impurity,0,0,train,67
binary,r0f1,M8,impurity,chroma_01_mean,0.004399548284709454,,mean decrease in impurity,0,0,train,68
binary,r0f1,M8,impurity,chroma_03_std,0.004397749900817871,,mean decrease in impurity,0,0,train,69
binary,r0f1,M8,impurity,mfcc_09_mean,0.004372978117316961,,mean decrease in impurity,0,0,train,70
binary,r0f1,M8,impurity,mfcc_02_delta_mean,0.004350065719336271,,mean decrease in impurity,0,0,train,71
binary,r0f1,M8,impurity,mfcc_12_std,0.004297868348658085,,mean decrease in impurity,0,0,train,72
binary,r0f1,M8,impurity,mfcc_03_std,0.004290370736271143,,mean decrease in impurity,0,0,train,73
binary,r0f1,M8,impurity,chroma_03_mean,0.004225358832627535,,mean decrease in impurity,0,0,train,74
binary,r0f1,M8,impurity,env_std,0.004153748508542776,,mean decrease in impurity,0,0,train,75
binary,r0f1,M8,impurity,freq_flatness_mean,0.004121254198253155,,mean decrease in impurity,0,0,train,76
binary,r0f1,M8,impurity,freq_total_power,0.004107935354113579,,mean decrease in impurity,0,0,train,77
binary,r0f1,M8,impurity,freq_band_power_250_350,0.00406842352822423,,mean decrease in impurity,0,0,train,78
binary,r0f1,M8,impurity,chroma_01_std,0.0040392098017036915,,mean decrease in impurity,0,0,train,79
binary,r0f1,M8,impurity,chroma_09_std,0.003996783867478371,,mean decrease in impurity,0,0,train,80
binary,r0f1,M8,impurity,mfcc_13_mean,0.003923371434211731,,mean decrease in impurity,0,0,train,81
binary,r0f1,M8,impurity,chroma_12_std,0.003916391171514988,,mean decrease in impurity,0,0,train,82
binary,r0f1,M8,impurity,env_peak_rate,0.0038929441943764687,,mean decrease in impurity,0,0,train,83
binary,r0f1,M8,impurity,chroma_06_mean,0.0038856989704072475,,mean decrease in impurity,0,0,train,84
binary,r0f1,M8,impurity,dwt_cD2_entropy,0.003798210993409157,,mean decrease in impurity,0,0,train,85
binary,r0f1,M8,impurity,mfcc_09_std,0.003790277289226651,,mean decrease in impurity,0,0,train,86
binary,r0f1,M8,impurity,mfcc_11_mean,0.0037668850272893906,,mean decrease in impurity,0,0,train,87
binary,r0f1,M8,impurity,time_range,0.0037612426094710827,,mean decrease in impurity,0,0,train,88
binary,r0f1,M8,impurity,env_skew,0.003738055005669594,,mean decrease in impurity,0,0,train,89
binary,r0f1,M8,impurity,mfcc_03_delta_mean,0.003731421660631895,,mean decrease in impurity,0,0,train,90
binary,r0f1,M8,impurity,freq_centroid_mean,0.0036671790294349194,,mean decrease in impurity,0,0,train,91
binary,r0f1,M8,impurity,env_kurtosis,0.003653844352811575,,mean decrease in impurity,0,0,train,92
binary,r0f1,M8,impurity,mfcc_12_delta_mean,0.003632141510024667,,mean decrease in impurity,0,0,train,93
binary,r0f1,M8,impurity,chroma_09_mean,0.003617433365434408,,mean decrease in impurity,0,0,train,94
binary,r0f1,M8,impurity,mfcc_02_std,0.003606769721955061,,mean decrease in impurity,0,0,train,95
binary,r0f1,M8,impurity,time_skewness,0.0035986655857414007,,mean decrease in impurity,0,0,train,96
binary,r0f1,M8,impurity,freq_flatness_std,0.0035543206613510847,,mean decrease in impurity,0,0,train,97
binary,r0f1,M8,impurity,dwt_cD5_entropy,0.003523397259414196,,mean decrease in impurity,0,0,train,98
binary,r0f1,M8,impurity,chroma_04_std,0.0034704471472650766,,mean decrease in impurity,0,0,train,99
binary,r0f1,M8,impurity,freq_peak_power,0.0034688913729041815,,mean decrease in impurity,0,0,train,100
binary,r0f1,M8,impurity,chroma_05_mean,0.003386428114026785,,mean decrease in impurity,0,0,train,101
binary,r0f1,M8,impurity,time_hjorth_complexity,0.0033579247538000345,,mean decrease in impurity,0,0,train,102
binary,r0f1,M8,impurity,chroma_08_std,0.003260338446125388,,mean decrease in impurity,0,0,train,103
binary,r0f1,M8,impurity,mfcc_07_mean,0.003236203221604228,,mean decrease in impurity,0,0,train,104
binary,r0f1,M8,impurity,mfcc_07_delta_mean,0.003123499918729067,,mean decrease in impurity,0,0,train,105
binary,r0f1,M8,impurity,mfcc_13_delta_mean,0.003100175177678466,,mean decrease in impurity,0,0,train,106
binary,r0f1,M8,impurity,freq_rolloff85_mean,0.0030868619214743376,,mean decrease in impurity,0,0,train,107
binary,r0f1,M8,impurity,freq_band_power_100_150,0.0030632701236754656,,mean decrease in impurity,0,0,train,108
binary,r0f1,M8,impurity,chroma_10_std,0.003039985429495573,,mean decrease in impurity,0,0,train,109
binary,r0f1,M8,impurity,mfcc_08_mean,0.003019649302586913,,mean decrease in impurity,0,0,train,110
binary,r0f1,M8,impurity,mfcc_11_delta_mean,0.0030117209535092115,,mean decrease in impurity,0,0,train,111
binary,r0f1,M8,impurity,mfcc_04_std,0.0029631408397108316,,mean decrease in impurity,0,0,train,112
binary,r0f1,M8,impurity,mfcc_01_mean,0.00296146422624588,,mean decrease in impurity,0,0,train,113
binary,r0f1,M8,impurity,mfcc_11_std,0.0029597661923617125,,mean decrease in impurity,0,0,train,114
binary,r0f1,M8,impurity,dwt_cD3_std,0.002958722645416856,,mean decrease in impurity,0,0,train,115
binary,r0f1,M8,impurity,mfcc_09_delta_mean,0.0029036644846200943,,mean decrease in impurity,0,0,train,116
binary,r0f1,M8,impurity,freq_bandwidth_std,0.0028481027111411095,,mean decrease in impurity,0,0,train,117
binary,r0f1,M8,impurity,chroma_08_mean,0.002841045381501317,,mean decrease in impurity,0,0,train,118
binary,r0f1,M8,impurity,time_mean,0.0028028280939906836,,mean decrease in impurity,0,0,train,119
binary,r0f1,M8,impurity,time_crest_factor,0.0027755480259656906,,mean decrease in impurity,0,0,train,120
binary,r0f1,M8,impurity,dwt_cD4_std,0.0027074830140918493,,mean decrease in impurity,0,0,train,121
binary,r0f1,M8,impurity,mfcc_13_std,0.002549729309976101,,mean decrease in impurity,0,0,train,122
binary,r0f1,M8,impurity,mfcc_10_delta_mean,0.0025353478267788887,,mean decrease in impurity,0,0,train,123
binary,r0f1,M8,impurity,mfcc_06_delta_mean,0.0025344258174300194,,mean decrease in impurity,0,0,train,124
binary,r0f1,M8,impurity,mfcc_05_delta_mean,0.0025071280542761087,,mean decrease in impurity,0,0,train,125
binary,r0f1,M8,impurity,time_kurtosis,0.0023641507141292095,,mean decrease in impurity,0,0,train,126
binary,r0f1,M8,impurity,time_peak_to_peak,0.002237943233922124,,mean decrease in impurity,0,0,train,127
binary,r0f1,M8,impurity,dwt_cD4_entropy,0.0022314577363431454,,mean decrease in impurity,0,0,train,128
binary,r0f1,M8,impurity,mfcc_01_delta_mean,0.0021256098989397287,,mean decrease in impurity,0,0,train,129
binary,r0f1,M8,impurity,chroma_02_mean,0.0017109309555962682,,mean decrease in impurity,0,0,train,130
binary,r0f1,M8,impurity,mfcc_08_delta_mean,0.0017085658619180322,,mean decrease in impurity,0,0,train,131
binary,r0f1,M8,impurity,dwt_cD3_entropy,0.0014302757335826755,,mean decrease in impurity,0,0,train,132
binary,r0f1,M8,impurity,time_shannon_entropy,0.0010565181728452444,,mean decrease in impurity,0,0,train,133
binary,r0f1,M8,impurity,freq_dominant,0.001044439966790378,,mean decrease in impurity,0,0,train,134
binary,r0f1,M8,impurity,time_var,0.0010242393473163247,,mean decrease in impurity,0,0,train,135
binary,r0f1,M8,impurity,dwt_cD2_std,0.0007745724869892001,,mean decrease in impurity,0,0,train,136
binary,r0f1,M8,impurity,time_rms,0.0,,mean decrease in impurity,0,0,train,137
binary,r0f1,M8,impurity,time_hjorth_activity,0.0,,mean decrease in impurity,0,0,train,137
binary,r0f1,M8,permutation,mfcc_04_mean,0.06416466988077021,0.014929035498844234,balanced_accuracy,10,651,held-out fold,1
binary,r0f1,M8,permutation,dwt_cD1_entropy,0.03177199110828834,0.010214499337040632,balanced_accuracy,10,651,held-out fold,2
binary,r0f1,M8,permutation,dwt_cD5_energy,0.031281214815670186,0.007138553068477762,balanced_accuracy,10,651,held-out fold,3
binary,r0f1,M8,permutation,time_energy,0.028811455296053577,0.005422321288098383,balanced_accuracy,10,651,held-out fold,4
binary,r0f1,M8,permutation,mfcc_05_std,0.014468518144288189,0.004024429345726359,balanced_accuracy,10,651,held-out fold,5
binary,r0f1,M8,permutation,time_iqr,0.013127544097693334,0.005670909692767991,balanced_accuracy,10,651,held-out fold,6
binary,r0f1,M8,permutation,time_zcr_mean,0.012603568232339246,0.0035025543287677896,balanced_accuracy,10,651,held-out fold,7
binary,r0f1,M8,permutation,chroma_07_std,0.009064926816593988,0.0034432459281657063,balanced_accuracy,10,651,held-out fold,8
binary,r0f1,M8,permutation,chroma_11_std,0.008968215017754522,0.003833036729941154,balanced_accuracy,10,651,held-out fold,9
binary,r0f1,M8,permutation,env_peak_rate,0.008374231357718165,0.00444651312691691,balanced_accuracy,10,651,held-out fold,10
binary,r0f1,M8,permutation,dwt_cD5_mean_abs,0.008249372095037366,0.00528626784521752,balanced_accuracy,10,651,held-out fold,11
binary,r0f1,M8,permutation,mfcc_05_mean,0.00784953376252201,0.005461657569146762,balanced_accuracy,10,651,held-out fold,12
binary,r0f1,M8,permutation,mfcc_02_mean,0.007116977972805194,0.003579352846509052,balanced_accuracy,10,651,held-out fold,13
binary,r0f1,M8,permutation,env_std,0.00638442218308839,0.0029902830803413233,balanced_accuracy,10,651,held-out fold,14
binary,r0f1,M8,permutation,dwt_cA5_energy,0.006025000721729778,0.0015278487206206606,balanced_accuracy,10,651,held-out fold,15
binary,r0f1,M8,permutation,mfcc_06_std,0.005983862120730943,0.0028496165476552676,balanced_accuracy,10,651,held-out fold,16
binary,r0f1,M8,permutation,freq_bandwidth_mean,0.005970149253731349,0.002475093127130913,balanced_accuracy,10,651,held-out fold,17
binary,r0f1,M8,permutation,dwt_cD1_energy,0.005790438523052032,0.0019053559844657974,balanced_accuracy,10,651,held-out fold,18
binary,r0f1,M8,permutation,chroma_04_mean,0.005610727792372728,0.0019633312287162846,balanced_accuracy,10,651,held-out fold,19
binary,r0f1,M8,permutation,freq_band_power_350_400,0.005597014925373134,0.002503061168843068,balanced_accuracy,10,651,held-out fold,20
binary,r0f1,M8,permutation,mfcc_09_mean,0.005472155662692313,0.0037684787649050386,balanced_accuracy,10,651,held-out fold,21
binary,r0f1,M8,permutation,dwt_cD4_energy,0.0054158607350096475,0.0010769370140870569,balanced_accuracy,10,651,held-out fold,22
binary,r0f1,M8,permutation,mfcc_01_std,0.005085308467334504,0.004461348602097341,balanced_accuracy,10,651,held-out fold,23
binary,r0f1,M8,permutation,chroma_10_std,0.0050297352694938955,0.0021041153180561246,balanced_accuracy,10,651,held-out fold,24
binary,r0f1,M8,permutation,mfcc_06_mean,0.004878172002655922,0.003221377825352548,balanced_accuracy,10,651,held-out fold,25
binary,r0f1,M8,permutation,time_autocorr_peak_value,0.004850746268656702,0.002389225461728695,balanced_accuracy,10,651,held-out fold,26
binary,r0f1,M8,permutation,env_skew,0.004698461271976595,0.0006116591218894137,balanced_accuracy,10,651,held-out fold,27
binary,r0f1,M8,permutation,mfcc_04_std,0.004518750541297379,0.00395689852088672,balanced_accuracy,10,651,held-out fold,28
binary,r0f1,M8,permutation,env_kurtosis,0.004518750541297312,0.001006177599918122,balanced_accuracy,10,651,held-out fold,29
binary,r0f1,M8,permutation,mfcc_03_mean,0.004035191547100048,0.003296912872253294,balanced_accuracy,10,651,held-out fold,30
binary,r0f1,M8,permutation,freq_rolloff85_mean,0.004021478680100443,0.0030449794867577445,balanced_accuracy,10,651,held-out fold,31
binary,r0f1,M8,permutation,freq_rolloff95_mean,0.00402147868010041,0.00044318913877714497,balanced_accuracy,10,651,held-out fold,32
binary,r0f1,M8,permutation,mfcc_11_mean,0.003952192615260241,0.00415288418516559,balanced_accuracy,10,651,held-out fold,33
binary,r0f1,M8,permutation,time_range,0.003758769017581287,0.0016764117303922355,balanced_accuracy,10,651,held-out fold,34
binary,r0f1,M8,permutation,dwt_cD3_std,0.003745056150581694,0.005119384431238998,balanced_accuracy,10,651,held-out fold,35
binary,r0f1,M8,permutation,freq_centroid_std,0.003731343283582056,0.0016687074458953703,balanced_accuracy,10,651,held-out fold,36
binary,r0f1,M8,permutation,mfcc_02_delta_mean,0.0037031958197407343,0.004570667225073439,balanced_accuracy,10,651,held-out fold,37
binary,r0f1,M8,permutation,mfcc_03_std,0.003605040561217121,0.003610743423625151,balanced_accuracy,10,651,held-out fold,38
binary,r0f1,M8,permutation,chroma_02_mean,0.003592771153901664,0.002604534511588574,balanced_accuracy,10,651,held-out fold,39
binary,r0f1,M8,permutation,dwt_cD2_entropy,0.003523485089061462,0.0020573878542799098,balanced_accuracy,10,651,held-out fold,40
binary,r0f1,M8,permutation,mfcc_01_delta_mean,0.003426773290221985,0.0018279774199873701,balanced_accuracy,10,651,held-out fold,41
binary,r0f1,M8,permutation,chroma_05_std,0.003399347556222698,0.002443532535512848,balanced_accuracy,10,651,held-out fold,42
binary,r0f1,M8,permutation,time_skewness,0.003371921822223467,0.0015191437694986024,balanced_accuracy,10,651,held-out fold,43
binary,r0f1,M8,permutation,dwt_cD2_energy,0.0033582089552238402,0.0011194029850746135,balanced_accuracy,10,651,held-out fold,44
binary,r0f1,M8,permutation,time_duration,0.0032059239585438435,0.0022067373528570694,balanced_accuracy,10,651,held-out fold,45
binary,r0f1,M8,permutation,mfcc_07_std,0.002998787493865296,0.002853081685147671,balanced_accuracy,10,651,held-out fold,46
binary,r0f1,M8,permutation,dwt_cA5_entropy,0.0029850746268656357,0.001492537313432818,balanced_accuracy,10,651,held-out fold,47
binary,r0f1,M8,permutation,mfcc_10_mean,0.0029157885620254677,0.0023358995676607828,balanced_accuracy,10,651,held-out fold,48
binary,r0f1,M8,permutation,mfcc_08_delta_mean,0.0029157885620254677,0.00322586435803507,balanced_accuracy,10,651,held-out fold,48
binary,r0f1,M8,permutation,time_max,0.0028465024971852325,0.0022249778059855543,balanced_accuracy,10,651,held-out fold,50
binary,r0f1,M8,permutation,mfcc_01_mean,0.0027086520973468864,0.00179569242018905,balanced_accuracy,10,651,held-out fold,51
binary,r0f1,M8,permutation,mfcc_07_delta_mean,0.002653078899506356,0.0023532559033939636,balanced_accuracy,10,651,held-out fold,52
binary,r0f1,M8,permutation,mfcc_06_delta_mean,0.002639366032506707,0.0019053559844657041,balanced_accuracy,10,651,held-out fold,53
binary,r0f1,M8,permutation,freq_total_power,0.0026119402985074315,0.0017099163040879795,balanced_accuracy,10,651,held-out fold,54
binary,r0f1,M8,permutation,dwt_cD1_mean_abs,0.0026119402985074315,0.0017099163040879795,balanced_accuracy,10,651,held-out fold,54
binary,r0f1,M8,permutation,chroma_03_std,0.002238805970149227,0.0024750931271308656,balanced_accuracy,10,651,held-out fold,56
binary,r0f1,M8,permutation,dwt_cD1_std,0.002238805970149227,0.0018279774199874246,balanced_accuracy,10,651,held-out fold,56
binary,r0f1,M8,permutation,freq_bandwidth_std,0.002238084240307181,0.0012137017694577258,balanced_accuracy,10,651,held-out fold,58
binary,r0f1,M8,permutation,freq_peak_power,0.0021558070383093874,0.0021816833067247526,balanced_accuracy,10,651,held-out fold,59
binary,r0f1,M8,permutation,dwt_cD3_mean_abs,0.0020172349086290398,0.0009717349259258358,balanced_accuracy,10,651,held-out fold,60
binary,r0f1,M8,permutation,freq_band_power_150_250,0.0018656716417910224,0.0018656716417910222,balanced_accuracy,10,651,held-out fold,61
binary,r0f1,M8,permutation,dwt_cD3_entropy,0.0016578134472703843,0.0036242884788939248,balanced_accuracy,10,651,held-out fold,62
binary,r0f1,M8,permutation,mfcc_02_std,0.001644100580270791,0.003018503032096479,balanced_accuracy,10,651,held-out fold,63
binary,r0f1,M8,permutation,mfcc_10_std,0.001547388781431358,0.004077807075472068,balanced_accuracy,10,651,held-out fold,64
binary,r0f1,M8,permutation,time_crest_factor,0.0014925373134328178,0.0018279774199874246,balanced_accuracy,10,651,held-out fold,65
binary,r0f1,M8,permutation,freq_flux_std,0.0014925373134328178,0.0018279774199874246,balanced_accuracy,10,651,held-out fold,65
binary,r0f1,M8,permutation,dwt_cA5_std,0.0014925373134328178,0.0018279774199874246,balanced_accuracy,10,651,held-out fold,65
binary,r0f1,M8,permutation,freq_dominant,0.0014095383815930008,0.0017867297960028681,balanced_accuracy,10,651,held-out fold,68
binary,r0f1,M8,permutation,time_median,0.0013813909177516903,0.0026306992352287412,balanced_accuracy,10,651,held-out fold,69
binary,r0f1,M8,permutation,time_hjorth_complexity,0.0012435405179133884,0.0011871876749340532,balanced_accuracy,10,651,held-out fold,70
binary,r0f1,M8,permutation,mfcc_13_mean,0.0012161147839140796,0.0016707702902173946,balanced_accuracy,10,651,held-out fold,71
binary,r0f1,M8,permutation,time_std,0.0011468287190739223,0.0012438085720749934,balanced_accuracy,10,651,held-out fold,72
binary,r0f1,M8,permutation,chroma_05_mean,0.0011194029850746135,0.0017099163040879795,balanced_accuracy,10,651,held-out fold,73
binary,r0f1,M8,permutation,mfcc_10_delta_mean,0.0010912555212333253,0.0015942481278884049,balanced_accuracy,10,651,held-out fold,74
binary,r0f1,M8,permutation,dwt_cD5_entropy,0.0010638297872340274,0.004146364261653661,balanced_accuracy,10,651,held-out fold,75
binary,r0f1,M8,permutation,chroma_07_mean,0.0009396922543953412,0.0014452080984104936,balanced_accuracy,10,651,held-out fold,76
binary,r0f1,M8,permutation,dwt_cD4_mean_abs,0.0007736943907156845,0.002391405409488187,balanced_accuracy,10,651,held-out fold,77
binary,r0f1,M8,permutation,chroma_12_std,0.0007462686567164089,0.0014925373134328178,balanced_accuracy,10,651,held-out fold,78
binary,r0f1,M8,permutation,freq_flatness_std,0.0006076965270359836,0.004815095488652296,balanced_accuracy,10,651,held-out fold,79
binary,r0f1,M8,permutation,chroma_04_std,0.0005939836600364123,0.0017059044781452123,balanced_accuracy,10,651,held-out fold,80
binary,r0f1,M8,permutation,mfcc_08_mean,0.0005802707930367967,0.00047378911852676464,balanced_accuracy,10,651,held-out fold,81
binary,r0f1,M8,permutation,time_kurtosis,0.0005802707930367857,0.0006415134991016524,balanced_accuracy,10,651,held-out fold,82
binary,r0f1,M8,permutation,mfcc_11_delta_mean,0.0005109847281965507,0.0029028074737990745,balanced_accuracy,10,651,held-out fold,83
binary,r0f1,M8,permutation,chroma_03_mean,0.0004835589941973306,0.00048355899419733056,balanced_accuracy,10,651,held-out fold,84
binary,r0f1,M8,permutation,mfcc_12_mean,0.00048355899419729733,0.004551861484700102,balanced_accuracy,10,651,held-out fold,85
binary,r0f1,M8,permutation,freq_flux_mean,0.0004698461271976595,0.0027488120214297826,balanced_accuracy,10,651,held-out fold,86
binary,r0f1,M8,permutation,chroma_06_std,0.00038684719535784227,0.0019793569540640394,balanced_accuracy,10,651,held-out fold,87
binary,r0f1,M8,permutation,chroma_11_mean,0.00037313432835820446,0.0030994865160141696,balanced_accuracy,10,651,held-out fold,88
binary,r0f1,M8,permutation,time_min,0.00029013539651839837,0.00044318913877719587,balanced_accuracy,10,651,held-out fold,89
binary,r0f1,M8,permutation,mfcc_13_std,0.00019342359767893225,0.00038684719535786444,balanced_accuracy,10,651,held-out fold,90
binary,r0f1,M8,permutation,freq_spectral_entropy,9.671179883946612e-05,0.00029013539651839837,balanced_accuracy,10,651,held-out fold,91
binary,r0f1,M8,permutation,freq_band_power_20_50,9.671179883946612e-05,0.00029013539651839837,balanced_accuracy,10,651,held-out fold,91
binary,r0f1,M8,permutation,mfcc_09_std,2.742573399930892e-05,0.0016764117303922977,balanced_accuracy,10,651,held-out fold,93
binary,r0f1,M8,permutation,freq_flatness_mean,1.371286699964891e-05,0.002571705727051636,balanced_accuracy,10,651,held-out fold,94
binary,r0f1,M8,permutation,time_var,0.0,0.0,balanced_accuracy,10,651,held-out fold,95
binary,r0f1,M8,permutation,time_rms,0.0,0.0,balanced_accuracy,10,651,held-out fold,95
binary,r0f1,M8,permutation,time_peak_to_peak,0.0,0.0,balanced_accuracy,10,651,held-out fold,95
binary,r0f1,M8,permutation,time_shannon_entropy,0.0,0.0,balanced_accuracy,10,651,held-out fold,95
binary,r0f1,M8,permutation,time_hjorth_activity,0.0,0.0,balanced_accuracy,10,651,held-out fold,95
binary,r0f1,M8,permutation,time_hjorth_mobility,0.0,0.0,balanced_accuracy,10,651,held-out fold,95
binary,r0f1,M8,permutation,freq_band_power_100_150,0.0,0.0,balanced_accuracy,10,651,held-out fold,95
binary,r0f1,M8,permutation,freq_band_power_250_350,0.0,0.0,balanced_accuracy,10,651,held-out fold,95
binary,r0f1,M8,permutation,mfcc_13_delta_mean,0.0,0.0,balanced_accuracy,10,651,held-out fold,95
binary,r0f1,M8,permutation,chroma_10_mean,0.0,0.0,balanced_accuracy,10,651,held-out fold,95
binary,r0f1,M8,permutation,chroma_01_std,0.0,0.0,balanced_accuracy,10,651,held-out fold,95
binary,r0f1,M8,permutation,chroma_09_std,0.0,0.0,balanced_accuracy,10,651,held-out fold,95
binary,r0f1,M8,permutation,dwt_cD3_energy,0.0,0.0,balanced_accuracy,10,651,held-out fold,95
binary,r0f1,M8,permutation,dwt_cD4_std,0.0,0.0,balanced_accuracy,10,651,held-out fold,95
binary,r0f1,M8,permutation,dwt_cD2_std,0.0,0.0,balanced_accuracy,10,651,held-out fold,95
binary,r0f1,M8,permutation,dwt_cA5_mean_abs,0.0,0.0,balanced_accuracy,10,651,held-out fold,95
binary,r0f1,M8,permutation,env_mean,0.0,0.0,balanced_accuracy,10,651,held-out fold,95
binary,r0f1,M8,permutation,freq_rolloff95_std,-9.74335286815453e-05,0.002056198693636833,balanced_accuracy,10,651,held-out fold,112
binary,r0f1,M8,permutation,chroma_09_mean,-0.00017971073067930555,0.0035616566263346745,balanced_accuracy,10,651,held-out fold,113
binary,r0f1,M8,permutation,time_autocorr_peak_lag,-0.0004424203931984172,0.003346424065056526,balanced_accuracy,10,651,held-out fold,114
binary,r0f1,M8,permutation,mfcc_08_std,-0.0006221311238776783,0.0025774604636220407,balanced_accuracy,10,651,held-out fold,115
binary,r0f1,M8,permutation,mfcc_05_delta_mean,-0.0006221311238776783,0.0025774604636220402,balanced_accuracy,10,651,held-out fold,115
binary,r0f1,M8,permutation,mfcc_04_delta_mean,-0.0007325557897167823,0.0029768783892209104,balanced_accuracy,10,651,held-out fold,117
binary,r0f1,M8,permutation,dwt_cD2_mean_abs,-0.0007462686567164089,0.0014925373134328178,balanced_accuracy,10,651,held-out fold,118
binary,r0f1,M8,permutation,time_sample_entropy,-0.0007881289875573905,0.0031840260243828373,balanced_accuracy,10,651,held-out fold,119
binary,r0f1,M8,permutation,freq_centroid_mean,-0.0008292675885562262,0.0017458686650225026,balanced_accuracy,10,651,held-out fold,120
binary,r0f1,M8,permutation,mfcc_12_delta_mean,-0.0008292675885562372,0.0028098926373431197,balanced_accuracy,10,651,held-out fold,121
binary,r0f1,M8,permutation,chroma_06_mean,-0.0008292675885562372,0.0022607326452742053,balanced_accuracy,10,651,held-out fold,121
binary,r0f1,M8,permutation,chroma_08_mean,-0.0009815525852362895,0.0037299484230366247,balanced_accuracy,10,651,held-out fold,123
binary,r0f1,M8,permutation,mfcc_12_std,-0.0011194029850746135,0.0017099163040879795,balanced_accuracy,10,651,held-out fold,124
binary,r0f1,M8,permutation,time_mean,-0.001478824446433169,0.002104028670409024,balanced_accuracy,10,651,held-out fold,125
binary,r0f1,M8,permutation,freq_band_power_50_100,-0.0014925373134328178,0.0018279774199874246,balanced_accuracy,10,651,held-out fold,126
binary,r0f1,M8,permutation,mfcc_07_mean,-0.0014925373134328291,0.002985074626865658,balanced_accuracy,10,651,held-out fold,127
binary,r0f1,M8,permutation,freq_rolloff85_std,-0.0015618233782730083,0.0019189226219759805,balanced_accuracy,10,651,held-out fold,128
binary,r0f1,M8,permutation,dwt_cD4_entropy,-0.0018519587747913846,0.0019633312287162634,balanced_accuracy,10,651,held-out fold,129
binary,r0f1,M8,permutation,time_zcr_std,-0.0018656716417910224,0.0018656716417910222,balanced_accuracy,10,651,held-out fold,130
binary,r0f1,M8,permutation,chroma_08_std,-0.0018656716417910224,0.002503061168843018,balanced_accuracy,10,651,held-out fold,130
binary,r0f1,M8,permutation,chroma_12_mean,-0.002238805970149227,0.0018279774199874246,balanced_accuracy,10,651,held-out fold,132
binary,r0f1,M8,permutation,mfcc_09_delta_mean,-0.0024048038338288944,0.0015191437694986444,balanced_accuracy,10,651,held-out fold,133
binary,r0f1,M8,permutation,mfcc_03_delta_mean,-0.0025152284996679763,0.001670770290217396,balanced_accuracy,10,651,held-out fold,134
binary,r0f1,M8,permutation,chroma_01_mean,-0.0032614971563843854,0.0011247526870820433,balanced_accuracy,10,651,held-out fold,135
binary,r0f1,M8,permutation,chroma_02_std,-0.003510493951903926,0.002792281631920901,balanced_accuracy,10,651,held-out fold,136
binary,r0f1,M8,permutation,mfcc_11_std,-0.004187476543780122,0.0027757091684574207,balanced_accuracy,10,651,held-out fold,137
binary,r0f1,M8,permutation,dwt_cD5_std,-0.005044169866335602,0.0020208627609172225,balanced_accuracy,10,651,held-out fold,138
binary,r0f2,M1,permutation,time_zcr_mean,0.22011591744416173,0.019082522121458893,balanced_accuracy,10,644,held-out fold,1
binary,r0f2,M1,permutation,dwt_cD1_entropy,0.11002113000907698,0.009792826712662406,balanced_accuracy,10,644,held-out fold,2
binary,r0f2,M1,permutation,time_iqr,0.09408285344404266,0.016143553509636064,balanced_accuracy,10,644,held-out fold,3
binary,r0f2,M1,permutation,mfcc_04_mean,0.07432927101468684,0.011312254966752037,balanced_accuracy,10,644,held-out fold,4
binary,r0f2,M1,permutation,time_hjorth_mobility,0.06532520869604035,0.01215887198933024,balanced_accuracy,10,644,held-out fold,5
binary,r0f2,M1,permutation,chroma_01_mean,0.052418790827790405,0.01119269275238967,balanced_accuracy,10,644,held-out fold,6
binary,r0f2,M1,permutation,time_sample_entropy,0.046257607547282066,0.014720908903941636,balanced_accuracy,10,644,held-out fold,7
binary,r0f2,M1,permutation,freq_band_power_20_50,0.045565674151451574,0.010602434490969447,balanced_accuracy,10,644,held-out fold,8
binary,r0f2,M1,permutation,dwt_cA5_std,0.04321012454801125,0.010413580829502713,balanced_accuracy,10,644,held-out fold,9
binary,r0f2,M1,permutation,freq_rolloff95_mean,0.04070502804934305,0.017433429517891237,balanced_accuracy,10,644,held-out fold,10
binary,r0f2,M1,permutation,mfcc_01_std,0.03977575405859855,0.012963664981306963,balanced_accuracy,10,644,held-out fold,11
binary,r0f2,M1,permutation,dwt_cD2_mean_abs,0.0372044402779638,0.010135806423847897,balanced_accuracy,10,644,held-out fold,12
binary,r0f2,M1,permutation,mfcc_03_mean,0.03427823162656429,0.004332941872988508,balanced_accuracy,10,644,held-out fold,13
binary,r0f2,M1,permutation,mfcc_06_mean,0.031004568248441288,0.012142072903410593,balanced_accuracy,10,644,held-out fold,14
binary,r0f2,M1,permutation,chroma_07_std,0.02693778551552759,0.01054255819548249,balanced_accuracy,10,644,held-out fold,15
binary,r0f2,M1,permutation,env_skew,0.023307739237831672,0.0063561800235913445,balanced_accuracy,10,644,held-out fold,16
binary,r0f2,M1,permutation,dwt_cD5_mean_abs,0.022958052467895774,0.008355206263308816,balanced_accuracy,10,644,held-out fold,17
binary,r0f2,M1,permutation,freq_centroid_std,0.022804785500647295,0.010728577523557737,balanced_accuracy,10,644,held-out fold,18
binary,r0f2,M1,permutation,freq_centroid_mean,0.02068806452092913,0.011370117218170949,balanced_accuracy,10,644,held-out fold,19
binary,r0f2,M1,permutation,env_std,0.020498340847878816,0.01039632359059991,balanced_accuracy,10,644,held-out fold,20
binary,r0f2,M1,permutation,dwt_cD1_mean_abs,0.02030340907399969,0.006312612518108633,balanced_accuracy,10,644,held-out fold,21
binary,r0f2,M1,permutation,chroma_10_mean,0.020033331845304547,0.008844750609391508,balanced_accuracy,10,644,held-out fold,22
binary,r0f2,M1,permutation,chroma_09_mean,0.01941133580346115,0.013372396720442676,balanced_accuracy,10,644,held-out fold,23
binary,r0f2,M1,permutation,freq_bandwidth_mean,0.01803639718464951,0.008236847546985794,balanced_accuracy,10,644,held-out fold,24
binary,r0f2,M1,permutation,dwt_cD4_energy,0.017037185839917847,0.008002322626806821,balanced_accuracy,10,644,held-out fold,25
binary,r0f2,M1,permutation,mfcc_02_std,0.015916700147314868,0.008738590313090032,balanced_accuracy,10,644,held-out fold,26
binary,r0f2,M1,permutation,mfcc_05_std,0.015860155052601833,0.005028333212077584,balanced_accuracy,10,644,held-out fold,27
binary,r0f2,M1,permutation,time_zcr_std,0.015160781512730093,0.006702310412242814,balanced_accuracy,10,644,held-out fold,28
binary,r0f2,M1,permutation,chroma_03_mean,0.01507224379863994,0.007580095866871458,balanced_accuracy,10,644,held-out fold,29
binary,r0f2,M1,permutation,freq_rolloff95_std,0.014471824174516024,0.0069430238239867005,balanced_accuracy,10,644,held-out fold,30
binary,r0f2,M1,permutation,dwt_cD3_std,0.013878100680029159,0.004879262175207719,balanced_accuracy,10,644,held-out fold,31
binary,r0f2,M1,permutation,time_shannon_entropy,0.013610999508950483,0.006747386355022216,balanced_accuracy,10,644,held-out fold,32
binary,r0f2,M1,permutation,mfcc_12_mean,0.012765799145871481,0.007899477975658657,balanced_accuracy,10,644,held-out fold,33
binary,r0f2,M1,permutation,time_autocorr_peak_lag,0.012684701575822544,0.0030919567421956447,balanced_accuracy,10,644,held-out fold,34
binary,r0f2,M1,permutation,mfcc_01_mean,0.012500186003601022,0.009896347251495918,balanced_accuracy,10,644,held-out fold,35
binary,r0f2,M1,permutation,freq_band_power_250_350,0.012489769801943384,0.0026865123857701405,balanced_accuracy,10,644,held-out fold,36
binary,r0f2,M1,permutation,freq_band_power_150_250,0.012416856390339726,0.006388965191162947,balanced_accuracy,10,644,held-out fold,37
binary,r0f2,M1,permutation,dwt_cD2_entropy,0.01229707007127655,0.0053286546399431214,balanced_accuracy,10,644,held-out fold,38
binary,r0f2,M1,permutation,dwt_cD2_std,0.009908039819650915,0.006683836369496222,balanced_accuracy,10,644,held-out fold,39
binary,r0f2,M1,permutation,dwt_cD2_energy,0.009728732348258273,0.0027706664861688528,balanced_accuracy,10,644,held-out fold,40
binary,r0f2,M1,permutation,chroma_03_std,0.0096312664613187,0.007009893703301865,balanced_accuracy,10,644,held-out fold,41
binary,r0f2,M1,permutation,mfcc_13_mean,0.008729521003526631,0.0034312054385442067,balanced_accuracy,10,644,held-out fold,42
binary,r0f2,M1,permutation,dwt_cA5_mean_abs,0.008700504441765955,0.00597370476287892,balanced_accuracy,10,644,held-out fold,43
binary,r0f2,M1,permutation,dwt_cD4_std,0.008393226492864891,0.013182037468788552,balanced_accuracy,10,644,held-out fold,44
binary,r0f2,M1,permutation,chroma_05_std,0.008186390488519856,0.006858812953666679,balanced_accuracy,10,644,held-out fold,45
binary,r0f2,M1,permutation,mfcc_02_mean,0.00811273306251209,0.007800023038805523,balanced_accuracy,10,644,held-out fold,46
binary,r0f2,M1,permutation,chroma_09_std,0.0076745085784860724,0.0032032827122397004,balanced_accuracy,10,644,held-out fold,47
binary,r0f2,M1,permutation,chroma_02_mean,0.007651444131958396,0.009140484002511447,balanced_accuracy,10,644,held-out fold,48
binary,r0f2,M1,permutation,time_min,0.007633587786259543,0.002964558980570868,balanced_accuracy,10,644,held-out fold,49
binary,r0f2,M1,permutation,chroma_11_std,0.007268276713837185,0.0076433425367214754,balanced_accuracy,10,644,held-out fold,50
binary,r0f2,M1,permutation,time_range,0.006870229007633577,0.002341431652256724,balanced_accuracy,10,644,held-out fold,51
binary,r0f2,M1,permutation,time_peak_to_peak,0.006870229007633577,0.002341431652256724,balanced_accuracy,10,644,held-out fold,51
binary,r0f2,M1,permutation,chroma_06_mean,0.0068382363882564575,0.0040746068903974395,balanced_accuracy,10,644,held-out fold,53
binary,r0f2,M1,permutation,mfcc_10_std,0.006780947279139316,0.004459674967625461,balanced_accuracy,10,644,held-out fold,54
binary,r0f2,M1,permutation,mfcc_03_std,0.006367275270449235,0.0089077062311817,balanced_accuracy,10,644,held-out fold,55
binary,r0f2,M1,permutation,mfcc_12_delta_mean,0.006326354478222685,0.0035527432582345615,balanced_accuracy,10,644,held-out fold,56
binary,r0f2,M1,permutation,time_hjorth_complexity,0.00615746320848769,0.00668930453872767,balanced_accuracy,10,644,held-out fold,57
binary,r0f2,M1,permutation,freq_spectral_entropy,0.00573337499813995,0.0039008444609634194,balanced_accuracy,10,644,held-out fold,58
binary,r0f2,M1,permutation,mfcc_06_delta_mean,0.00556299569959674,0.005190285277914028,balanced_accuracy,10,644,held-out fold,59
binary,r0f2,M1,permutation,dwt_cD5_std,0.005205868785619705,0.002847812785018431,balanced_accuracy,10,644,held-out fold,60
binary,r0f2,M1,permutation,env_peak_rate,0.005124771215570723,0.007089314066930445,balanced_accuracy,10,644,held-out fold,61
binary,r0f2,M1,permutation,time_skewness,0.004986384536404609,0.002901232247658424,balanced_accuracy,10,644,held-out fold,62
binary,r0f2,M1,permutation,dwt_cD5_entropy,0.004832373554752012,0.008520389319501338,balanced_accuracy,10,644,held-out fold,63
binary,r0f2,M1,permutation,dwt_cD3_energy,0.004766900287189524,0.002841694910980723,balanced_accuracy,10,644,held-out fold,64
binary,r0f2,M1,permutation,mfcc_06_std,0.004515423418597386,0.003317762785919209,balanced_accuracy,10,644,held-out fold,65
binary,r0f2,M1,permutation,freq_flux_mean,0.004450694165439029,0.00690909963156352,balanced_accuracy,10,644,held-out fold,66
binary,r0f2,M1,permutation,mfcc_04_std,0.004426141690103125,0.003094168779392304,balanced_accuracy,10,644,held-out fold,67
binary,r0f2,M1,permutation,mfcc_12_std,0.00424757823311459,0.0047106118475374464,balanced_accuracy,10,644,held-out fold,68
binary,r0f2,M1,permutation,time_autocorr_peak_value,0.004149368331770875,0.005758741707416024,balanced_accuracy,10,644,held-out fold,69
binary,r0f2,M1,permutation,dwt_cD3_entropy,0.004060830617680744,0.004458826616259435,balanced_accuracy,10,644,held-out fold,70
binary,r0f2,M1,permutation,chroma_08_mean,0.003938068241001136,0.004859783456280712,balanced_accuracy,10,644,held-out fold,71
binary,r0f2,M1,permutation,mfcc_04_delta_mean,0.003849530526911016,0.002186747314903751,balanced_accuracy,10,644,held-out fold,72
binary,r0f2,M1,permutation,freq_dominant,0.0033703852506584697,0.002610935138213783,balanced_accuracy,10,644,held-out fold,73
binary,r0f2,M1,permutation,time_crest_factor,0.003240182729937602,0.0013016478309283708,balanced_accuracy,10,644,held-out fold,74
binary,r0f2,M1,permutation,mfcc_09_mean,0.003183637635224601,0.005195688046452947,balanced_accuracy,10,644,held-out fold,75
binary,r0f2,M1,permutation,chroma_06_std,0.003037066797613186,0.0067781327630107024,balanced_accuracy,10,644,held-out fold,76
binary,r0f2,M1,permutation,time_max,0.002761037453685078,0.0029606528265620205,balanced_accuracy,10,644,held-out fold,77
binary,r0f2,M1,permutation,freq_band_power_100_150,0.0026323229617725486,0.009495164061305421,balanced_accuracy,10,644,held-out fold,78
binary,r0f2,M1,permutation,chroma_10_std,0.002509560585092896,0.004567034167152282,balanced_accuracy,10,644,held-out fold,79
binary,r0f2,M1,permutation,mfcc_08_mean,0.0024522714759757647,0.0038257799429746355,balanced_accuracy,10,644,held-out fold,80
binary,r0f2,M1,permutation,mfcc_10_mean,0.002380102078776247,0.005989293262985148,balanced_accuracy,10,644,held-out fold,81
binary,r0f2,M1,permutation,dwt_cA5_energy,0.0023555496034403543,0.005781481397561281,balanced_accuracy,10,644,held-out fold,82
binary,r0f2,M1,permutation,mfcc_10_delta_mean,0.0023146288112137815,0.0025807551822750636,balanced_accuracy,10,644,held-out fold,83
binary,r0f2,M1,permutation,freq_band_power_50_100,0.0022357632843772015,0.006155727394696206,balanced_accuracy,10,644,held-out fold,84
binary,r0f2,M1,permutation,mfcc_08_std,0.002192610448938259,0.002311318916785239,balanced_accuracy,10,644,held-out fold,85
binary,r0f2,M1,permutation,mfcc_03_delta_mean,0.0020951445619987073,0.005157230929459141,balanced_accuracy,10,644,held-out fold,86
binary,r0f2,M1,permutation,dwt_cD1_energy,0.001746201806466985,0.0025523794487630528,balanced_accuracy,10,644,held-out fold,87
binary,r0f2,M1,permutation,chroma_08_std,0.0015430858741425247,0.001728123651453299,balanced_accuracy,10,644,held-out fold,88
binary,r0f2,M1,permutation,chroma_11_mean,0.0013154174664821382,0.006686683746573645,balanced_accuracy,10,644,held-out fold,89
binary,r0f2,M1,permutation,dwt_cD5_energy,0.0012990491495915135,0.004673796630679873,balanced_accuracy,10,644,held-out fold,90
binary,r0f2,M1,permutation,mfcc_01_delta_mean,0.0011941431186107577,0.0015868215650034737,balanced_accuracy,10,644,held-out fold,91
binary,r0f2,M1,permutation,freq_flatness_mean,0.0010393881225540414,0.0028550578252206447,balanced_accuracy,10,644,held-out fold,92
binary,r0f2,M1,permutation,mfcc_08_delta_mean,0.0007797270955165802,0.001049739728486265,balanced_accuracy,10,644,held-out fold,93
binary,r0f2,M1,permutation,env_mean,0.0007797270955165802,0.003321020284774932,balanced_accuracy,10,644,held-out fold,93
binary,r0f2,M1,permutation,freq_flux_std,0.0006822612085770174,0.0004466448045766053,balanced_accuracy,10,644,held-out fold,95
binary,r0f2,M1,permutation,dwt_cD1_std,0.0004955135931431376,0.005854271275398425,balanced_accuracy,10,644,held-out fold,96
binary,r0f2,M1,permutation,mfcc_02_delta_mean,0.0004873294346978696,0.0004873294346978696,balanced_accuracy,10,644,held-out fold,97
binary,r0f2,M1,permutation,chroma_04_mean,0.00041441602309421065,0.005085521105224826,balanced_accuracy,10,644,held-out fold,98
binary,r0f2,M1,permutation,dwt_cD3_mean_abs,0.00023734059491393734,0.010335077521376657,balanced_accuracy,10,644,held-out fold,99
binary,r0f2,M1,permutation,mfcc_09_std,0.000227668407660353,0.0068955568056341945,balanced_accuracy,10,644,held-out fold,100
binary,r0f2,M1,permutation,freq_flatness_std,0.00020311593232446022,0.0015985891824759953,balanced_accuracy,10,644,held-out fold,101
binary,r0f2,M1,permutation,time_std,0.00019493177387914785,0.0003898635477582957,balanced_accuracy,10,644,held-out fold,102
binary,r0f2,M1,permutation,time_var,0.00019493177387914785,0.0003898635477582957,balanced_accuracy,10,644,held-out fold,102
binary,r0f2,M1,permutation,time_rms,0.00019493177387914785,0.0003898635477582957,balanced_accuracy,10,644,held-out fold,102
binary,r0f2,M1,permutation,time_hjorth_activity,0.00019493177387914785,0.0003898635477582957,balanced_accuracy,10,644,held-out fold,102
binary,r0f2,M1,permutation,time_median,9.746588693957393e-05,0.00029239766081872175,balanced_accuracy,10,644,held-out fold,106
binary,r0f2,M1,permutation,mfcc_11_mean,8.184158445290191e-06,0.0029858651434263614,balanced_accuracy,10,644,held-out fold,107
binary,r0f2,M1,permutation,time_kurtosis,0.0,0.0,balanced_accuracy,10,644,held-out fold,108
binary,r0f2,M1,permutation,mfcc_07_delta_mean,0.0,0.0,balanced_accuracy,10,644,held-out fold,108
binary,r0f2,M1,permutation,chroma_04_std,0.0,0.0,balanced_accuracy,10,644,held-out fold,108
binary,r0f2,M1,permutation,chroma_05_mean,-8.184158445323497e-06,0.001355252207705447,balanced_accuracy,10,644,held-out fold,111
binary,r0f2,M1,permutation,mfcc_11_delta_mean,-4.0920792226561975e-05,0.0018105105540195318,balanced_accuracy,10,644,held-out fold,112
binary,r0f2,M1,permutation,chroma_12_mean,-8.928172849425043e-05,0.0018514271858591964,balanced_accuracy,10,644,held-out fold,113
binary,r0f2,M1,permutation,mfcc_05_delta_mean,-9.746588693957393e-05,0.000524869864243144,balanced_accuracy,10,644,held-out fold,114
binary,r0f2,M1,permutation,freq_total_power,-0.00029239766081872175,0.00044664480457660527,balanced_accuracy,10,644,held-out fold,115
binary,r0f2,M1,permutation,dwt_cD4_mean_abs,-0.0003898635477582957,0.000646515553675535,balanced_accuracy,10,644,held-out fold,116
binary,r0f2,M1,permutation,mfcc_07_std,-0.0003980477062036303,0.003084960873028584,balanced_accuracy,10,644,held-out fold,117
binary,r0f2,M1,permutation,mfcc_13_delta_mean,-0.0004873294346978696,0.0007857951021733702,balanced_accuracy,10,644,held-out fold,118
binary,r0f2,M1,permutation,freq_rolloff85_mean,-0.0005766111631921201,0.001440232981304499,balanced_accuracy,10,644,held-out fold,119
binary,r0f2,M1,permutation,mfcc_05_mean,-0.0005847953216374435,0.0004774833806595025,balanced_accuracy,10,644,held-out fold,120
binary,r0f2,M1,permutation,mfcc_13_std,-0.0006331562579051542,0.001813993326870439,balanced_accuracy,10,644,held-out fold,121
binary,r0f2,M1,permutation,chroma_12_std,-0.000674077050131694,0.0015528676811152034,balanced_accuracy,10,644,held-out fold,122
binary,r0f2,M1,permutation,freq_band_power_350_400,-0.0006822612085770174,0.00044664480457660527,balanced_accuracy,10,644,held-out fold,123
binary,r0f2,M1,permutation,time_mean,-0.0009746588693957392,0.0008717613947367849,balanced_accuracy,10,644,held-out fold,124
binary,r0f2,M1,permutation,chroma_01_std,-0.001047572280999365,0.005523317397950217,balanced_accuracy,10,644,held-out fold,125
binary,r0f2,M1,permutation,dwt_cD4_entropy,-0.00122613573798791,0.0045056996316346146,balanced_accuracy,10,644,held-out fold,126
binary,r0f2,M1,permutation,chroma_07_mean,-0.0014136273678258648,0.005367395405451786,balanced_accuracy,10,644,held-out fold,127
binary,r0f2,M1,permutation,mfcc_09_delta_mean,-0.0014374358287576384,0.002155723928000498,balanced_accuracy,10,644,held-out fold,128
binary,r0f2,M1,permutation,mfcc_11_std,-0.0014456199872029617,0.001725330902623544,balanced_accuracy,10,644,held-out fold,129
binary,r0f2,M1,permutation,freq_peak_power,-0.0016241834441914627,0.0023113189167852386,balanced_accuracy,10,644,held-out fold,130
binary,r0f2,M1,permutation,env_kurtosis,-0.002225347082719542,0.005080680868181477,balanced_accuracy,10,644,held-out fold,131
binary,r0f2,M1,permutation,freq_bandwidth_std,-0.002322812969659105,0.0055653797265639345,balanced_accuracy,10,644,held-out fold,132
binary,r0f2,M1,permutation,dwt_cA5_entropy,-0.0025341130604288773,0.007361375820626124,balanced_accuracy,10,644,held-out fold,133
binary,r0f2,M1,permutation,mfcc_07_mean,-0.003060875258545026,0.004780621348992329,balanced_accuracy,10,644,held-out fold,134
binary,r0f2,M1,permutation,time_energy,-0.0033614570778090604,0.004531967322417345,balanced_accuracy,10,644,held-out fold,135
binary,r0f2,M1,permutation,time_duration,-0.0033614570778090604,0.004531967322417345,balanced_accuracy,10,644,held-out fold,135
binary,r0f2,M1,permutation,freq_rolloff85_std,-0.005205868785619705,0.006610919504448254,balanced_accuracy,10,644,held-out fold,137
binary,r0f2,M1,permutation,chroma_02_std,-0.005594988318973837,0.004624523260324679,balanced_accuracy,10,644,held-out fold,138
binary,r0f2,M3,permutation,dwt_cD1_entropy,0.014836391232534319,0.004479886687290055,balanced_accuracy,10,644,held-out fold,1
binary,r0f2,M3,permutation,mfcc_01_std,0.01381337142687088,0.007109962343580696,balanced_accuracy,10,644,held-out fold,2
binary,r0f2,M3,permutation,mfcc_04_mean,0.013058196806690191,0.007080058778616928,balanced_accuracy,10,644,held-out fold,3
binary,r0f2,M3,permutation,dwt_cA5_energy,0.008697528384149566,0.005462602193791489,balanced_accuracy,10,644,held-out fold,4
binary,r0f2,M3,permutation,dwt_cD2_entropy,0.007876880496406469,0.0031992741360635265,balanced_accuracy,10,644,held-out fold,5
binary,r0f2,M3,permutation,freq_centroid_std,0.007519753582429433,0.0031161310239670205,balanced_accuracy,10,644,held-out fold,6
binary,r0f2,M3,permutation,mfcc_05_mean,0.00656146302992433,0.004838400036530578,balanced_accuracy,10,644,held-out fold,7
binary,r0f2,M3,permutation,chroma_01_std,0.006391083731381086,0.0020580439020349488,balanced_accuracy,10,644,held-out fold,8
binary,r0f2,M3,permutation,mfcc_05_std,0.005814472568188988,0.0025072959772403994,balanced_accuracy,10,644,held-out fold,9
binary,r0f2,M3,permutation,dwt_cD2_std,0.005408240703540101,0.0014192723684210988,balanced_accuracy,10,644,held-out fold,10
binary,r0f2,M3,permutation,freq_rolloff85_std,0.00523786140499688,0.001877076238930131,balanced_accuracy,10,644,held-out fold,11
binary,r0f2,M3,permutation,chroma_11_std,0.00515676383494792,0.0021524079532157727,balanced_accuracy,10,644,held-out fold,12
binary,r0f2,M3,permutation,mfcc_03_delta_mean,0.005140395518057328,0.002876035677321867,balanced_accuracy,10,644,held-out fold,13
binary,r0f2,M3,permutation,dwt_cD1_std,0.005018377155781817,0.0016598667882801819,balanced_accuracy,10,644,held-out fold,14
binary,r0f2,M3,permutation,mfcc_06_mean,0.004571968513310476,0.0031634215959233914,balanced_accuracy,10,644,held-out fold,15
binary,r0f2,M3,permutation,time_max,0.004198473282442794,0.0020554064149368298,balanced_accuracy,10,644,held-out fold,16
binary,r0f2,M3,permutation,freq_rolloff85_mean,0.00407645492016735,0.003477613500011004,balanced_accuracy,10,644,held-out fold,17
binary,r0f2,M3,permutation,chroma_10_std,0.003914259780069406,0.0034100241824660715,balanced_accuracy,10,644,held-out fold,18
binary,r0f2,M3,permutation,time_zcr_mean,0.0037840572593486168,0.003423021313379878,balanced_accuracy,10,644,held-out fold,19
binary,r0f2,M3,permutation,dwt_cD1_mean_abs,0.0035973096439148146,0.0028333124528518365,balanced_accuracy,10,644,held-out fold,20
binary,r0f2,M3,permutation,mfcc_01_mean,0.0035973096439148033,0.002866644630543444,balanced_accuracy,10,644,held-out fold,21
binary,r0f2,M3,permutation,chroma_07_std,0.0035243962323111442,0.002188857121092604,balanced_accuracy,10,644,held-out fold,22
binary,r0f2,M3,permutation,dwt_cD3_std,0.0035243962323111334,0.0027986061015215728,balanced_accuracy,10,644,held-out fold,23
binary,r0f2,M3,permutation,freq_spectral_entropy,0.003516212073865832,0.0028370005819116184,balanced_accuracy,10,644,held-out fold,24
binary,r0f2,M3,permutation,chroma_05_std,0.0034269303453715707,0.0019711894651330024,balanced_accuracy,10,644,held-out fold,25
binary,r0f2,M3,permutation,freq_bandwidth_mean,0.003418746186926258,0.002584923302687017,balanced_accuracy,10,644,held-out fold,26
binary,r0f2,M3,permutation,dwt_cD4_std,0.0030534351145038554,0.003327403773695197,balanced_accuracy,10,644,held-out fold,27
binary,r0f2,M3,permutation,time_hjorth_mobility,0.0030452509560585763,0.002658695784073181,balanced_accuracy,10,644,held-out fold,28
binary,r0f2,M3,permutation,mfcc_06_std,0.0030206984807226943,0.001702249024552317,balanced_accuracy,10,644,held-out fold,29
binary,r0f2,M3,permutation,dwt_cD2_mean_abs,0.0028257667068435576,0.002776844364634812,balanced_accuracy,10,644,held-out fold,30
binary,r0f2,M3,permutation,freq_band_power_150_250,0.0027610374536851667,0.0020624059151905546,balanced_accuracy,10,644,held-out fold,31
binary,r0f2,M3,permutation,chroma_07_mean,0.0027610374536851667,0.002396152534220347,balanced_accuracy,10,644,held-out fold,31
binary,r0f2,M3,permutation,freq_band_power_20_50,0.002671755725190861,0.0029810113266819406,balanced_accuracy,10,644,held-out fold,33
binary,r0f2,M3,permutation,freq_centroid_mean,0.002655387408300303,0.0030507520211742445,balanced_accuracy,10,644,held-out fold,34
binary,r0f2,M3,permutation,time_range,0.0025742898382513204,0.001709255496281807,balanced_accuracy,10,644,held-out fold,35
binary,r0f2,M3,permutation,time_peak_to_peak,0.0025742898382513204,0.001709255496281807,balanced_accuracy,10,644,held-out fold,35
binary,r0f2,M3,permutation,time_autocorr_peak_value,0.0025497373629154497,0.002876569931028861,balanced_accuracy,10,644,held-out fold,37
binary,r0f2,M3,permutation,dwt_cA5_mean_abs,0.0024768239513117685,0.001923240393349076,balanced_accuracy,10,644,held-out fold,38
binary,r0f2,M3,permutation,dwt_cA5_std,0.0024768239513117464,0.002382945729276866,balanced_accuracy,10,644,held-out fold,39
binary,r0f2,M3,permutation,dwt_cD4_mean_abs,0.0023793580643721836,0.002499347600304247,balanced_accuracy,10,644,held-out fold,40
binary,r0f2,M3,permutation,mfcc_08_std,0.002338437272145677,0.002427004295025935,balanced_accuracy,10,644,held-out fold,41
binary,r0f2,M3,permutation,time_mean,0.0022900763358778995,0.0018698394983077996,balanced_accuracy,10,644,held-out fold,42
binary,r0f2,M3,permutation,env_mean,0.0021762421320477786,0.002044678965296153,balanced_accuracy,10,644,held-out fold,43
binary,r0f2,M3,permutation,time_iqr,0.002111512878889399,0.005034054240568217,balanced_accuracy,10,644,held-out fold,44
binary,r0f2,M3,permutation,freq_rolloff95_mean,0.002086960403553495,0.0035119312277333966,balanced_accuracy,10,644,held-out fold,45
binary,r0f2,M3,permutation,chroma_06_mean,0.0020058628335045013,0.003324251361978909,balanced_accuracy,10,644,held-out fold,46
binary,r0f2,M3,permutation,freq_band_power_100_150,0.0019976786750592,0.00268413598364702,balanced_accuracy,10,644,held-out fold,47
binary,r0f2,M3,permutation,mfcc_02_mean,0.0019567578828327157,0.0028652013056641294,balanced_accuracy,10,644,held-out fold,48
binary,r0f2,M3,permutation,env_peak_rate,0.0018920286296743583,0.002872153969444786,balanced_accuracy,10,644,held-out fold,49
binary,r0f2,M3,permutation,chroma_02_std,0.001883844471229057,0.0023809270033719955,balanced_accuracy,10,644,held-out fold,50
binary,r0f2,M3,permutation,mfcc_12_mean,0.0018109310596253648,0.005042674960565374,balanced_accuracy,10,644,held-out fold,51
binary,r0f2,M3,permutation,env_std,0.0017945627427347955,0.0019359615075505703,balanced_accuracy,10,644,held-out fold,52
binary,r0f2,M3,permutation,dwt_cD3_mean_abs,0.0017945627427347842,0.0025809940106951007,balanced_accuracy,10,644,held-out fold,53
binary,r0f2,M3,permutation,mfcc_08_delta_mean,0.0017298334895763934,0.0029187681280493827,balanced_accuracy,10,644,held-out fold,54
binary,r0f2,M3,permutation,freq_flatness_mean,0.0017134651726857908,0.0021302551245444192,balanced_accuracy,10,644,held-out fold,55
binary,r0f2,M3,permutation,chroma_05_mean,0.0017134651726857908,0.0021302551245444192,balanced_accuracy,10,644,held-out fold,55
binary,r0f2,M3,permutation,freq_peak_power,0.001615999285746228,0.004226504519172185,balanced_accuracy,10,644,held-out fold,57
binary,r0f2,M3,permutation,dwt_cD5_entropy,0.001607815127300949,0.0024523790351653777,balanced_accuracy,10,644,held-out fold,58
binary,r0f2,M3,permutation,dwt_cA5_entropy,0.0014210675118671023,0.003057872046997609,balanced_accuracy,10,644,held-out fold,59
binary,r0f2,M3,permutation,mfcc_04_std,0.0013481541002634324,0.0029968708098240602,balanced_accuracy,10,644,held-out fold,60
binary,r0f2,M3,permutation,chroma_09_mean,0.0013399699418181088,0.0019232403933490785,balanced_accuracy,10,644,held-out fold,61
binary,r0f2,M3,permutation,chroma_03_mean,0.0013236016249275173,0.003023758110652513,balanced_accuracy,10,644,held-out fold,62
binary,r0f2,M3,permutation,time_min,0.0011614064848295747,0.0012696097324498782,balanced_accuracy,10,644,held-out fold,63
binary,r0f2,M3,permutation,time_crest_factor,0.001047572280999387,0.0018352010772775971,balanced_accuracy,10,644,held-out fold,64
binary,r0f2,M3,permutation,freq_flux_mean,0.001039388122554097,0.0020282439922335604,balanced_accuracy,10,644,held-out fold,65
binary,r0f2,M3,permutation,env_skew,0.0009582905525051255,0.0022580605502003233,balanced_accuracy,10,644,held-out fold,66
binary,r0f2,M3,permutation,mfcc_01_delta_mean,0.0009501063940598242,0.0027046741093411522,balanced_accuracy,10,644,held-out fold,67
binary,r0f2,M3,permutation,freq_bandwidth_std,0.0009419222356145563,0.0026335297633427466,balanced_accuracy,10,644,held-out fold,68
binary,r0f2,M3,permutation,freq_rolloff95_std,0.0009419222356145563,0.0026335297633427466,balanced_accuracy,10,644,held-out fold,68
binary,r0f2,M3,permutation,time_zcr_std,0.0009419222356145451,0.004716715916945138,balanced_accuracy,10,644,held-out fold,70
binary,r0f2,M3,permutation,chroma_12_std,0.0008526405071202503,0.0018369388678273132,balanced_accuracy,10,644,held-out fold,71
binary,r0f2,M3,permutation,time_skewness,0.0008362721902296699,0.0030118217708804186,balanced_accuracy,10,644,held-out fold,72
binary,r0f2,M3,permutation,chroma_08_mean,0.0007633587786259666,0.001526717557251933,balanced_accuracy,10,644,held-out fold,73
binary,r0f2,M3,permutation,freq_band_power_250_350,0.0007551746201806986,0.002044521935441515,balanced_accuracy,10,644,held-out fold,74
binary,r0f2,M3,permutation,chroma_12_mean,0.0007388063032901293,0.0017999861304322478,balanced_accuracy,10,644,held-out fold,75
binary,r0f2,M3,permutation,dwt_cD3_energy,0.0006822612085770174,0.00044664480457660527,balanced_accuracy,10,644,held-out fold,76
binary,r0f2,M3,permutation,mfcc_11_mean,0.0005847953216374657,0.0014260184640359874,balanced_accuracy,10,644,held-out fold,77
binary,r0f2,M3,permutation,mfcc_10_delta_mean,0.000568427004746841,0.0014270429016048092,balanced_accuracy,10,644,held-out fold,78
binary,r0f2,M3,permutation,mfcc_09_mean,0.00047096111780727814,0.0014942397128402836,balanced_accuracy,10,644,held-out fold,79
binary,r0f2,M3,permutation,dwt_cD3_entropy,0.000470961117807267,0.0015565167206835202,balanced_accuracy,10,644,held-out fold,80
binary,r0f2,M3,permutation,time_autocorr_peak_lag,0.00039804770620364136,0.002808110354714684,balanced_accuracy,10,644,held-out fold,81
binary,r0f2,M3,permutation,mfcc_08_mean,0.0003734952308677153,0.0015524348609856462,balanced_accuracy,10,644,held-out fold,82
binary,r0f2,M3,permutation,mfcc_09_delta_mean,0.00032513429460001575,0.0018122335334709132,balanced_accuracy,10,644,held-out fold,83
binary,r0f2,M3,permutation,chroma_08_std,0.0002842135023734649,0.001724816677787329,balanced_accuracy,10,644,held-out fold,84
binary,r0f2,M3,permutation,time_std,0.0002842135023734205,0.0012128521090805377,balanced_accuracy,10,644,held-out fold,85
binary,r0f2,M3,permutation,time_var,0.0002842135023734205,0.0012128521090805377,balanced_accuracy,10,644,held-out fold,85
binary,r0f2,M3,permutation,time_rms,0.0002842135023734205,0.0012128521090805377,balanced_accuracy,10,644,held-out fold,85
binary,r0f2,M3,permutation,time_shannon_entropy,0.0002842135023734205,0.0012128521090805377,balanced_accuracy,10,644,held-out fold,85
binary,r0f2,M3,permutation,time_hjorth_activity,0.0002842135023734205,0.0012128521090805377,balanced_accuracy,10,644,held-out fold,85
binary,r0f2,M3,permutation,freq_flatness_std,0.00018674761543385765,0.0012696097324498578,balanced_accuracy,10,644,held-out fold,90
binary,r0f2,M3,permutation,mfcc_11_delta_mean,0.00018674761543385765,0.0012696097324498578,balanced_accuracy,10,644,held-out fold,90
binary,r0f2,M3,permutation,dwt_cD4_entropy,0.00018674761543385765,0.0012696097324498578,balanced_accuracy,10,644,held-out fold,90
binary,r0f2,M3,permutation,chroma_04_mean,0.00018674761543384654,0.0013423490064322914,balanced_accuracy,10,644,held-out fold,93
binary,r0f2,M3,permutation,env_kurtosis,9.746588693957393e-05,0.00029239766081872175,balanced_accuracy,10,644,held-out fold,94
binary,r0f2,M3,permutation,mfcc_05_delta_mean,1.6368316890680302e-05,0.0033054506042934613,balanced_accuracy,10,644,held-out fold,95
binary,r0f2,M3,permutation,time_kurtosis,-9.746588693956281e-05,0.00029239766081868846,balanced_accuracy,10,644,held-out fold,96
binary,r0f2,M3,permutation,mfcc_06_delta_mean,-9.746588693956281e-05,0.00029239766081868846,balanced_accuracy,10,644,held-out fold,96
binary,r0f2,M3,permutation,chroma_04_std,-0.00019493177387912563,0.00038986354775825125,balanced_accuracy,10,644,held-out fold,98
binary,r0f2,M3,permutation,chroma_09_std,-0.0002031159323244047,0.001474958782357189,balanced_accuracy,10,644,held-out fold,99
binary,r0f2,M3,permutation,chroma_11_mean,-0.000219484249214974,0.0019084027478379686,balanced_accuracy,10,644,held-out fold,100
binary,r0f2,M3,permutation,chroma_01_mean,-0.0002194842492149962,0.002630516035291248,balanced_accuracy,10,644,held-out fold,101
binary,r0f2,M3,permutation,dwt_cD5_mean_abs,-0.00030058181926395644,0.004209908319881056,balanced_accuracy,10,644,held-out fold,102
binary,r0f2,M3,permutation,mfcc_07_std,-0.0003816793893129611,0.0020554064149368298,balanced_accuracy,10,644,held-out fold,103
binary,r0f2,M3,permutation,dwt_cD2_energy,-0.00038986354775825125,0.0004774833806594481,balanced_accuracy,10,644,held-out fold,104
binary,r0f2,M3,permutation,time_sample_entropy,-0.00038986354775826236,0.000646515553675488,balanced_accuracy,10,644,held-out fold,105
binary,r0f2,M3,permutation,chroma_06_std,-0.0004873294346978252,0.000653821046052539,balanced_accuracy,10,644,held-out fold,106
binary,r0f2,M3,permutation,chroma_02_mean,-0.0004955135931431154,0.002583365866874704,balanced_accuracy,10,644,held-out fold,107
binary,r0f2,M3,permutation,dwt_cD1_energy,-0.000584795321637388,0.0006465155536754848,balanced_accuracy,10,644,held-out fold,108
binary,r0f2,M3,permutation,mfcc_04_delta_mean,-0.0005929794800826671,0.0009731813636700899,balanced_accuracy,10,644,held-out fold,109
binary,r0f2,M3,permutation,time_hjorth_complexity,-0.0006495245747957012,0.00313932652538861,balanced_accuracy,10,644,held-out fold,110
binary,r0f2,M3,permutation,mfcc_03_std,-0.001039388122553997,0.0043222319829763975,balanced_accuracy,10,644,held-out fold,111
binary,r0f2,M3,permutation,dwt_cD5_std,-0.0012425040548784683,0.0020113559407437037,balanced_accuracy,10,644,held-out fold,112
binary,r0f2,M3,permutation,freq_band_power_350_400,-0.0013645224171539127,0.0006465155536755082,balanced_accuracy,10,644,held-out fold,113
binary,r0f2,M3,permutation,chroma_10_mean,-0.001364522417153935,0.006154790253724442,balanced_accuracy,10,644,held-out fold,114
binary,r0f2,M3,permutation,mfcc_03_mean,-0.0014210675118669692,0.0041650109754080835,balanced_accuracy,10,644,held-out fold,115
binary,r0f2,M3,permutation,mfcc_07_mean,-0.0014210675118669803,0.0026078782124027357,balanced_accuracy,10,644,held-out fold,116
binary,r0f2,M3,permutation,freq_dominant,-0.0014456199872028952,0.0028081809256845234,balanced_accuracy,10,644,held-out fold,117
binary,r0f2,M3,permutation,mfcc_13_mean,-0.0017134651726856797,0.0043071893499705615,balanced_accuracy,10,644,held-out fold,118
binary,r0f2,M3,permutation,freq_band_power_50_100,-0.0018027469011799413,0.004040065421737389,balanced_accuracy,10,644,held-out fold,119
binary,r0f2,M3,permutation,dwt_cD4_energy,-0.0018027469011799636,0.002116082260091413,balanced_accuracy,10,644,held-out fold,120
binary,r0f2,M3,permutation,freq_total_power,-0.0019002127881195263,0.0037264787175375707,balanced_accuracy,10,644,held-out fold,121
binary,r0f2,M3,permutation,freq_flux_std,-0.0021033287204439977,0.0019478122321026723,balanced_accuracy,10,644,held-out fold,122
binary,r0f2,M3,permutation,mfcc_09_std,-0.0025006324122434642,0.003728181049308708,balanced_accuracy,10,644,held-out fold,123
binary,r0f2,M3,permutation,mfcc_07_delta_mean,-0.0032483668883829253,0.0024257042181610343,balanced_accuracy,10,644,held-out fold,124
binary,r0f2,M3,permutation,chroma_03_std,-0.0032565510468282157,0.002965059454831269,balanced_accuracy,10,644,held-out fold,125
binary,r0f2,M3,permutation,mfcc_12_std,-0.0038086097346843872,0.004036466301601965,balanced_accuracy,10,644,held-out fold,126
binary,r0f2,M3,permutation,mfcc_10_std,-0.0038897073047333363,0.0029070801225585126,balanced_accuracy,10,644,held-out fold,127
binary,r0f2,M3,permutation,time_energy,-0.004035534127940688,0.0036191971759949155,balanced_accuracy,10,644,held-out fold,128
binary,r0f2,M3,permutation,time_duration,-0.004035534127940688,0.0036191971759949155,balanced_accuracy,10,644,held-out fold,128
binary,r0f2,M3,permutation,dwt_cD5_energy,-0.004149368331770831,0.0027831649644015567,balanced_accuracy,10,644,held-out fold,130
binary,r0f2,M3,permutation,mfcc_02_std,-0.004287755010936945,0.0047284442784166075,balanced_accuracy,10,644,held-out fold,131
binary,r0f2,M3,permutation,time_median,-0.00439340505632182,0.0029592255167127735,balanced_accuracy,10,644,held-out fold,132
binary,r0f2,M3,permutation,mfcc_13_std,-0.004775084445634814,0.0035233552908643007,balanced_accuracy,10,644,held-out fold,133
binary,r0f2,M3,permutation,mfcc_11_std,-0.004945463744177992,0.0019478122321026658,balanced_accuracy,10,644,held-out fold,134
binary,r0f2,M3,permutation,mfcc_02_delta_mean,-0.00522967724655139,0.003215434432724233,balanced_accuracy,10,644,held-out fold,135
binary,r0f2,M3,permutation,mfcc_13_delta_mean,-0.006025772658958628,0.0027070562024554172,balanced_accuracy,10,644,held-out fold,136
binary,r0f2,M3,permutation,mfcc_12_delta_mean,-0.006301802002886725,0.0036033670687534982,balanced_accuracy,10,644,held-out fold,137
binary,r0f2,M3,permutation,mfcc_10_mean,-0.0063992678898262875,0.004292838613269548,balanced_accuracy,10,644,held-out fold,138
binary,r0f2,M4,impurity,mfcc_04_mean,0.061009155712278614,,mean decrease in impurity,0,0,train,1
binary,r0f2,M4,impurity,time_zcr_mean,0.059572284688417694,,mean decrease in impurity,0,0,train,2
binary,r0f2,M4,impurity,dwt_cD1_entropy,0.05877646871436308,,mean decrease in impurity,0,0,train,3
binary,r0f2,M4,impurity,dwt_cD2_entropy,0.041256850719450934,,mean decrease in impurity,0,0,train,4
binary,r0f2,M4,impurity,dwt_cA5_energy,0.022894530874546477,,mean decrease in impurity,0,0,train,5
binary,r0f2,M4,impurity,dwt_cA5_mean_abs,0.02160659980767767,,mean decrease in impurity,0,0,train,6
binary,r0f2,M4,impurity,mfcc_05_mean,0.0188598196066928,,mean decrease in impurity,0,0,train,7
binary,r0f2,M4,impurity,time_hjorth_complexity,0.017874154546784815,,mean decrease in impurity,0,0,train,8
binary,r0f2,M4,impurity,mfcc_01_std,0.016262698982828214,,mean decrease in impurity,0,0,train,9
binary,r0f2,M4,impurity,mfcc_06_mean,0.015826604215816584,,mean decrease in impurity,0,0,train,10
binary,r0f2,M4,impurity,time_iqr,0.015178084449206994,,mean decrease in impurity,0,0,train,11
binary,r0f2,M4,impurity,dwt_cD5_mean_abs,0.014534193570400334,,mean decrease in impurity,0,0,train,12
binary,r0f2,M4,impurity,time_duration,0.014073023032846733,,mean decrease in impurity,0,0,train,13
binary,r0f2,M4,impurity,time_energy,0.013712891145141362,,mean decrease in impurity,0,0,train,14
binary,r0f2,M4,impurity,dwt_cD1_energy,0.013440156294615346,,mean decrease in impurity,0,0,train,15
binary,r0f2,M4,impurity,dwt_cD5_energy,0.01225503430203849,,mean decrease in impurity,0,0,train,16
binary,r0f2,M4,impurity,time_zcr_std,0.011921646469318684,,mean decrease in impurity,0,0,train,17
binary,r0f2,M4,impurity,mfcc_07_mean,0.011640214126152288,,mean decrease in impurity,0,0,train,18
binary,r0f2,M4,impurity,freq_centroid_mean,0.011627122714679165,,mean decrease in impurity,0,0,train,19
binary,r0f2,M4,impurity,dwt_cA5_std,0.010947916567104551,,mean decrease in impurity,0,0,train,20
binary,r0f2,M4,impurity,mfcc_08_mean,0.010591720552235133,,mean decrease in impurity,0,0,train,21
binary,r0f2,M4,impurity,freq_band_power_250_350,0.010464419210431574,,mean decrease in impurity,0,0,train,22
binary,r0f2,M4,impurity,dwt_cD1_std,0.010110959672937857,,mean decrease in impurity,0,0,train,23
binary,r0f2,M4,impurity,dwt_cD4_energy,0.00983759885288326,,mean decrease in impurity,0,0,train,24
binary,r0f2,M4,impurity,freq_band_power_350_400,0.00929165522014098,,mean decrease in impurity,0,0,train,25
binary,r0f2,M4,impurity,dwt_cD3_entropy,0.00882324545934939,,mean decrease in impurity,0,0,train,26
binary,r0f2,M4,impurity,mfcc_03_mean,0.008600929914739923,,mean decrease in impurity,0,0,train,27
binary,r0f2,M4,impurity,dwt_cD4_mean_abs,0.00850324944440731,,mean decrease in impurity,0,0,train,28
binary,r0f2,M4,impurity,env_mean,0.008373037084990834,,mean decrease in impurity,0,0,train,29
binary,r0f2,M4,impurity,dwt_cD2_energy,0.008142520206369417,,mean decrease in impurity,0,0,train,30
binary,r0f2,M4,impurity,dwt_cD3_mean_abs,0.008133259278232942,,mean decrease in impurity,0,0,train,31
binary,r0f2,M4,impurity,freq_flux_mean,0.00797477510006363,,mean decrease in impurity,0,0,train,32
binary,r0f2,M4,impurity,freq_band_power_50_100,0.007891858891225772,,mean decrease in impurity,0,0,train,33
binary,r0f2,M4,impurity,dwt_cD4_std,0.0073581634585605125,,mean decrease in impurity,0,0,train,34
binary,r0f2,M4,impurity,mfcc_11_mean,0.00724894875342491,,mean decrease in impurity,0,0,train,35
binary,r0f2,M4,impurity,time_peak_to_peak,0.00685774117306837,,mean decrease in impurity,0,0,train,36
binary,r0f2,M4,impurity,mfcc_05_std,0.006832873078186503,,mean decrease in impurity,0,0,train,37
binary,r0f2,M4,impurity,time_sample_entropy,0.0067547576746878465,,mean decrease in impurity,0,0,train,38
binary,r0f2,M4,impurity,dwt_cD5_std,0.006712683378685982,,mean decrease in impurity,0,0,train,39
binary,r0f2,M4,impurity,chroma_12_mean,0.006469223653667115,,mean decrease in impurity,0,0,train,40
binary,r0f2,M4,impurity,mfcc_02_mean,0.006437183805483351,,mean decrease in impurity,0,0,train,41
binary,r0f2,M4,impurity,time_range,0.006286118284761218,,mean decrease in impurity,0,0,train,42
binary,r0f2,M4,impurity,chroma_01_mean,0.006285104812377788,,mean decrease in impurity,0,0,train,43
binary,r0f2,M4,impurity,freq_rolloff85_mean,0.006259266816440163,,mean decrease in impurity,0,0,train,44
binary,r0f2,M4,impurity,env_std,0.006153036555642022,,mean decrease in impurity,0,0,train,45
binary,r0f2,M4,impurity,mfcc_12_mean,0.005972473904266971,,mean decrease in impurity,0,0,train,46
binary,r0f2,M4,impurity,mfcc_13_mean,0.0057305533497388665,,mean decrease in impurity,0,0,train,47
binary,r0f2,M4,impurity,freq_band_power_100_150,0.005680425825579899,,mean decrease in impurity,0,0,train,48
binary,r0f2,M4,impurity,mfcc_10_mean,0.005605849677256697,,mean decrease in impurity,0,0,train,49
binary,r0f2,M4,impurity,dwt_cD2_mean_abs,0.005259687687072772,,mean decrease in impurity,0,0,train,50
binary,r0f2,M4,impurity,dwt_cD2_std,0.005244190226911632,,mean decrease in impurity,0,0,train,51
binary,r0f2,M4,impurity,time_crest_factor,0.005075716558217927,,mean decrease in impurity,0,0,train,52
binary,r0f2,M4,impurity,chroma_02_mean,0.005037376064242176,,mean decrease in impurity,0,0,train,53
binary,r0f2,M4,impurity,time_autocorr_peak_value,0.00503369990057565,,mean decrease in impurity,0,0,train,54
binary,r0f2,M4,impurity,freq_band_power_20_50,0.005012082790614908,,mean decrease in impurity,0,0,train,55
binary,r0f2,M4,impurity,time_max,0.005005225249961086,,mean decrease in impurity,0,0,train,56
binary,r0f2,M4,impurity,time_autocorr_peak_lag,0.0049854164494471005,,mean decrease in impurity,0,0,train,57
binary,r0f2,M4,impurity,freq_flux_std,0.004937600638490269,,mean decrease in impurity,0,0,train,58
binary,r0f2,M4,impurity,time_hjorth_mobility,0.004830693082734617,,mean decrease in impurity,0,0,train,59
binary,r0f2,M4,impurity,freq_band_power_150_250,0.004796994657036939,,mean decrease in impurity,0,0,train,60
binary,r0f2,M4,impurity,freq_rolloff95_mean,0.004719685045476461,,mean decrease in impurity,0,0,train,61
binary,r0f2,M4,impurity,dwt_cD1_mean_abs,0.004559967894115972,,mean decrease in impurity,0,0,train,62
binary,r0f2,M4,impurity,dwt_cD3_energy,0.004553895915279465,,mean decrease in impurity,0,0,train,63
binary,r0f2,M4,impurity,chroma_05_std,0.004527920641280371,,mean decrease in impurity,0,0,train,64
binary,r0f2,M4,impurity,mfcc_01_mean,0.004497105614507406,,mean decrease in impurity,0,0,train,65
binary,r0f2,M4,impurity,time_median,0.004429740962250893,,mean decrease in impurity,0,0,train,66
binary,r0f2,M4,impurity,mfcc_09_mean,0.004384050502265037,,mean decrease in impurity,0,0,train,67
binary,r0f2,M4,impurity,dwt_cA5_entropy,0.004293917039640861,,mean decrease in impurity,0,0,train,68
binary,r0f2,M4,impurity,mfcc_06_std,0.004256629625653083,,mean decrease in impurity,0,0,train,69
binary,r0f2,M4,impurity,chroma_03_mean,0.004203130541433547,,mean decrease in impurity,0,0,train,70
binary,r0f2,M4,impurity,chroma_07_std,0.004167838442134764,,mean decrease in impurity,0,0,train,71
binary,r0f2,M4,impurity,freq_centroid_std,0.0041316182466388665,,mean decrease in impurity,0,0,train,72
binary,r0f2,M4,impurity,mfcc_12_std,0.00411313628854288,,mean decrease in impurity,0,0,train,73
binary,r0f2,M4,impurity,freq_rolloff85_std,0.004058763566565353,,mean decrease in impurity,0,0,train,74
binary,r0f2,M4,impurity,freq_bandwidth_mean,0.0040532233124183185,,mean decrease in impurity,0,0,train,75
binary,r0f2,M4,impurity,env_kurtosis,0.003940232015288443,,mean decrease in impurity,0,0,train,76
binary,r0f2,M4,impurity,mfcc_11_std,0.0039029217769428063,,mean decrease in impurity,0,0,train,77
binary,r0f2,M4,impurity,chroma_11_std,0.003893439657374378,,mean decrease in impurity,0,0,train,78
binary,r0f2,M4,impurity,chroma_09_mean,0.0038547043108129674,,mean decrease in impurity,0,0,train,79
binary,r0f2,M4,impurity,mfcc_02_std,0.0038435867191577923,,mean decrease in impurity,0,0,train,80
binary,r0f2,M4,impurity,freq_peak_power,0.0038053269757733267,,mean decrease in impurity,0,0,train,81
binary,r0f2,M4,impurity,chroma_11_mean,0.0037730975506364258,,mean decrease in impurity,0,0,train,82
binary,r0f2,M4,impurity,time_skewness,0.0037727402662627416,,mean decrease in impurity,0,0,train,83
binary,r0f2,M4,impurity,mfcc_07_std,0.0037563402880134043,,mean decrease in impurity,0,0,train,84
binary,r0f2,M4,impurity,mfcc_03_std,0.0037455482628772564,,mean decrease in impurity,0,0,train,85
binary,r0f2,M4,impurity,mfcc_04_std,0.003734831117712221,,mean decrease in impurity,0,0,train,86
binary,r0f2,M4,impurity,mfcc_06_delta_mean,0.0037082573658099366,,mean decrease in impurity,0,0,train,87
binary,r0f2,M4,impurity,freq_rolloff95_std,0.0037031705469391797,,mean decrease in impurity,0,0,train,88
binary,r0f2,M4,impurity,dwt_cD3_std,0.0037011519882582692,,mean decrease in impurity,0,0,train,89
binary,r0f2,M4,impurity,freq_spectral_entropy,0.00368518879656056,,mean decrease in impurity,0,0,train,90
binary,r0f2,M4,impurity,dwt_cD5_entropy,0.0036322340065606134,,mean decrease in impurity,0,0,train,91
binary,r0f2,M4,impurity,mfcc_12_delta_mean,0.003622604664181848,,mean decrease in impurity,0,0,train,92
binary,r0f2,M4,impurity,env_peak_rate,0.003567318299852449,,mean decrease in impurity,0,0,train,93
binary,r0f2,M4,impurity,env_skew,0.0035470711772405445,,mean decrease in impurity,0,0,train,94
binary,r0f2,M4,impurity,freq_flatness_mean,0.0035094929363387343,,mean decrease in impurity,0,0,train,95
binary,r0f2,M4,impurity,chroma_07_mean,0.0034582731410487534,,mean decrease in impurity,0,0,train,96
binary,r0f2,M4,impurity,mfcc_08_std,0.003358262363980437,,mean decrease in impurity,0,0,train,97
binary,r0f2,M4,impurity,chroma_08_std,0.003327923379511729,,mean decrease in impurity,0,0,train,98
binary,r0f2,M4,impurity,chroma_12_std,0.003268318762872992,,mean decrease in impurity,0,0,train,99
binary,r0f2,M4,impurity,mfcc_10_std,0.0032361241545984546,,mean decrease in impurity,0,0,train,100
binary,r0f2,M4,impurity,chroma_04_std,0.0032278090954887726,,mean decrease in impurity,0,0,train,101
binary,r0f2,M4,impurity,mfcc_13_std,0.0032227941976670027,,mean decrease in impurity,0,0,train,102
binary,r0f2,M4,impurity,chroma_04_mean,0.0031943834679126477,,mean decrease in impurity,0,0,train,103
binary,r0f2,M4,impurity,chroma_06_std,0.0031943047602864256,,mean decrease in impurity,0,0,train,104
binary,r0f2,M4,impurity,mfcc_04_delta_mean,0.003141089470100136,,mean decrease in impurity,0,0,train,105
binary,r0f2,M4,impurity,mfcc_10_delta_mean,0.0031249506627867517,,mean decrease in impurity,0,0,train,106
binary,r0f2,M4,impurity,time_min,0.0030902242528060473,,mean decrease in impurity,0,0,train,107
binary,r0f2,M4,impurity,mfcc_02_delta_mean,0.003073126154323018,,mean decrease in impurity,0,0,train,108
binary,r0f2,M4,impurity,mfcc_07_delta_mean,0.0030552082030883866,,mean decrease in impurity,0,0,train,109
binary,r0f2,M4,impurity,chroma_06_mean,0.002997502863606311,,mean decrease in impurity,0,0,train,110
binary,r0f2,M4,impurity,mfcc_01_delta_mean,0.0029848034207621797,,mean decrease in impurity,0,0,train,111
binary,r0f2,M4,impurity,chroma_08_mean,0.00298321706979759,,mean decrease in impurity,0,0,train,112
binary,r0f2,M4,impurity,freq_flatness_std,0.0029680126765629696,,mean decrease in impurity,0,0,train,113
binary,r0f2,M4,impurity,chroma_01_std,0.0029535990024354575,,mean decrease in impurity,0,0,train,114
binary,r0f2,M4,impurity,chroma_10_std,0.002945121060607671,,mean decrease in impurity,0,0,train,115
binary,r0f2,M4,impurity,mfcc_09_std,0.0029229407752095226,,mean decrease in impurity,0,0,train,116
binary,r0f2,M4,impurity,chroma_10_mean,0.00290411332697733,,mean decrease in impurity,0,0,train,117
binary,r0f2,M4,impurity,mfcc_03_delta_mean,0.002780208067406327,,mean decrease in impurity,0,0,train,118
binary,r0f2,M4,impurity,freq_bandwidth_std,0.002771673237609386,,mean decrease in impurity,0,0,train,119
binary,r0f2,M4,impurity,chroma_09_std,0.002766351070891095,,mean decrease in impurity,0,0,train,120
binary,r0f2,M4,impurity,chroma_05_mean,0.0027643828689848243,,mean decrease in impurity,0,0,train,121
binary,r0f2,M4,impurity,time_shannon_entropy,0.002764035495248399,,mean decrease in impurity,0,0,train,122
binary,r0f2,M4,impurity,dwt_cD4_entropy,0.0027591149472566087,,mean decrease in impurity,0,0,train,123
binary,r0f2,M4,impurity,chroma_02_std,0.0027488581471682796,,mean decrease in impurity,0,0,train,124
binary,r0f2,M4,impurity,mfcc_11_delta_mean,0.002739140585048192,,mean decrease in impurity,0,0,train,125
binary,r0f2,M4,impurity,mfcc_08_delta_mean,0.0027164951223785853,,mean decrease in impurity,0,0,train,126
binary,r0f2,M4,impurity,mfcc_05_delta_mean,0.0026987640860517085,,mean decrease in impurity,0,0,train,127
binary,r0f2,M4,impurity,time_kurtosis,0.0026792610698273957,,mean decrease in impurity,0,0,train,128
binary,r0f2,M4,impurity,mfcc_09_delta_mean,0.002638661969024266,,mean decrease in impurity,0,0,train,129
binary,r0f2,M4,impurity,chroma_03_std,0.0025331462370685866,,mean decrease in impurity,0,0,train,130
binary,r0f2,M4,impurity,mfcc_13_delta_mean,0.0024923678166775716,,mean decrease in impurity,0,0,train,131
binary,r0f2,M4,impurity,time_std,0.002479036685151333,,mean decrease in impurity,0,0,train,132
binary,r0f2,M4,impurity,freq_total_power,0.0023909728239781746,,mean decrease in impurity,0,0,train,133
binary,r0f2,M4,impurity,time_mean,0.0023424988183756807,,mean decrease in impurity,0,0,train,134
binary,r0f2,M4,impurity,time_rms,0.0023089125408765217,,mean decrease in impurity,0,0,train,135
binary,r0f2,M4,impurity,time_var,0.002291115506847758,,mean decrease in impurity,0,0,train,136
binary,r0f2,M4,impurity,freq_dominant,0.002159577028170777,,mean decrease in impurity,0,0,train,137
binary,r0f2,M4,impurity,time_hjorth_activity,0.002021674317228573,,mean decrease in impurity,0,0,train,138
binary,r0f2,M4,permutation,time_zcr_mean,0.03327902028183265,0.008263436398793627,balanced_accuracy,10,644,held-out fold,1
binary,r0f2,M4,permutation,dwt_cD1_entropy,0.029843905778015867,0.005351935936736501,balanced_accuracy,10,644,held-out fold,2
binary,r0f2,M4,permutation,mfcc_04_mean,0.028715235926967553,0.008355560179309048,balanced_accuracy,10,644,held-out fold,3
binary,r0f2,M4,permutation,mfcc_05_std,0.013951758106036927,0.0038923813080861238,balanced_accuracy,10,644,held-out fold,4
binary,r0f2,M4,permutation,freq_flux_mean,0.010012945850631626,0.003674160991639952,balanced_accuracy,10,644,held-out fold,5
binary,r0f2,M4,permutation,dwt_cD2_entropy,0.010012945850631626,0.0039662957787897305,balanced_accuracy,10,644,held-out fold,5
binary,r0f2,M4,permutation,time_hjorth_complexity,0.007341190125440799,0.0038428384306509575,balanced_accuracy,10,644,held-out fold,7
binary,r0f2,M4,permutation,chroma_07_std,0.00687022900763351,0.0022900763358778553,balanced_accuracy,10,644,held-out fold,8
binary,r0f2,M4,permutation,mfcc_08_mean,0.006285433685996144,0.0028700557915581596,balanced_accuracy,10,644,held-out fold,9
binary,r0f2,M4,permutation,mfcc_02_mean,0.005806288409743588,0.001982010803682697,balanced_accuracy,10,644,held-out fold,10
binary,r0f2,M4,permutation,freq_band_power_250_350,0.005327143133491063,0.0036033670687535065,balanced_accuracy,10,644,held-out fold,11
binary,r0f2,M4,permutation,dwt_cD2_energy,0.005173132151838433,0.002506531524999476,balanced_accuracy,10,644,held-out fold,12
binary,r0f2,M4,permutation,mfcc_12_mean,0.004872550332574388,0.002235516173757549,balanced_accuracy,10,644,held-out fold,13
binary,r0f2,M4,permutation,mfcc_01_std,0.00467761855869524,0.0038296092376474138,balanced_accuracy,10,644,held-out fold,14
binary,r0f2,M4,permutation,freq_spectral_entropy,0.004198473282442694,0.0011450381679389166,balanced_accuracy,10,644,held-out fold,15
binary,r0f2,M4,permutation,chroma_02_mean,0.004198473282442694,0.0011450381679389166,balanced_accuracy,10,644,held-out fold,15
binary,r0f2,M4,permutation,freq_peak_power,0.003816793893129722,0.0,balanced_accuracy,10,644,held-out fold,17
binary,r0f2,M4,permutation,chroma_02_std,0.003816793893129722,0.0,balanced_accuracy,10,644,held-out fold,17
binary,r0f2,M4,permutation,chroma_10_std,0.003816793893129722,0.0,balanced_accuracy,10,644,held-out fold,17
binary,r0f2,M4,permutation,dwt_cD4_entropy,0.003816793893129722,0.0029564758367995165,balanced_accuracy,10,644,held-out fold,17
binary,r0f2,M4,permutation,freq_band_power_350_400,0.0038004255762391637,0.0017115106566899017,balanced_accuracy,10,644,held-out fold,21
binary,r0f2,M4,permutation,freq_band_power_50_100,0.00371114384774488,0.0032651736492258533,balanced_accuracy,10,644,held-out fold,22
binary,r0f2,M4,permutation,time_hjorth_mobility,0.0034351145038167496,0.0011450381679389164,balanced_accuracy,10,644,held-out fold,23
binary,r0f2,M4,permutation,freq_centroid_mean,0.0034351145038167496,0.002055406414936807,balanced_accuracy,10,644,held-out fold,23
binary,r0f2,M4,permutation,freq_flatness_mean,0.0034351145038167496,0.002055406414936807,balanced_accuracy,10,644,held-out fold,23
binary,r0f2,M4,permutation,mfcc_13_mean,0.0034351145038167496,0.0026717557251908055,balanced_accuracy,10,644,held-out fold,23
binary,r0f2,M4,permutation,chroma_09_mean,0.0034351145038167496,0.003170467123251133,balanced_accuracy,10,644,held-out fold,23
binary,r0f2,M4,permutation,freq_bandwidth_mean,0.0034269303453714705,0.0004774833806594481,balanced_accuracy,10,644,held-out fold,28
binary,r0f2,M4,permutation,freq_rolloff95_std,0.003337648616877187,0.003986241711224949,balanced_accuracy,10,644,held-out fold,29
binary,r0f2,M4,permutation,mfcc_10_mean,0.0031836376352246233,0.0029801384346923535,balanced_accuracy,10,644,held-out fold,30
binary,r0f2,M4,permutation,dwt_cD1_energy,0.0031509010014433626,0.0036966844399843953,balanced_accuracy,10,644,held-out fold,31
binary,r0f2,M4,permutation,dwt_cA5_entropy,0.0030534351145037773,0.0033274037736951275,balanced_accuracy,10,644,held-out fold,32
binary,r0f2,M4,permutation,env_skew,0.0030534351145037773,0.0015267175572518886,balanced_accuracy,10,644,held-out fold,32
binary,r0f2,M4,permutation,dwt_cD1_mean_abs,0.003037066797613219,0.0003898635477582513,balanced_accuracy,10,644,held-out fold,34
binary,r0f2,M4,permutation,chroma_01_std,0.0028585033406246406,0.0028306219410047196,balanced_accuracy,10,644,held-out fold,35
binary,r0f2,M4,permutation,chroma_04_std,0.0028585033406246406,0.0017115106566899267,balanced_accuracy,10,644,held-out fold,35
binary,r0f2,M4,permutation,freq_band_power_150_250,0.0028503191821793615,0.0020015687015184276,balanced_accuracy,10,644,held-out fold,37
binary,r0f2,M4,permutation,mfcc_03_delta_mean,0.0026717557251908055,0.0024439405486384605,balanced_accuracy,10,644,held-out fold,38
binary,r0f2,M4,permutation,mfcc_13_delta_mean,0.0026717557251908055,0.001749074692731214,balanced_accuracy,10,644,held-out fold,38
binary,r0f2,M4,permutation,dwt_cD2_mean_abs,0.002663571566745515,0.0016454968122883097,balanced_accuracy,10,644,held-out fold,40
binary,r0f2,M4,permutation,dwt_cD3_std,0.0024768239513116687,0.0018731955659436722,balanced_accuracy,10,644,held-out fold,41
binary,r0f2,M4,permutation,freq_rolloff95_mean,0.0024686397928663896,0.0015524348609856286,balanced_accuracy,10,644,held-out fold,42
binary,r0f2,M4,permutation,freq_rolloff85_mean,0.002387542222817407,0.001969619735667667,balanced_accuracy,10,644,held-out fold,43
binary,r0f2,M4,permutation,freq_flux_std,0.002290076335877833,0.0030534351145037773,balanced_accuracy,10,644,held-out fold,44
binary,r0f2,M4,permutation,chroma_05_std,0.002290076335877833,0.002531774649126227,balanced_accuracy,10,644,held-out fold,44
binary,r0f2,M4,permutation,chroma_05_mean,0.002192610448938259,0.0020070388097780637,balanced_accuracy,10,644,held-out fold,46
binary,r0f2,M4,permutation,mfcc_13_std,0.001908396946564861,0.001908396946564861,balanced_accuracy,10,644,held-out fold,47
binary,r0f2,M4,permutation,mfcc_01_mean,0.0018109310596252982,0.003477961683117043,balanced_accuracy,10,644,held-out fold,48
binary,r0f2,M4,permutation,mfcc_06_mean,0.0018109310596252982,0.0018829392125050894,balanced_accuracy,10,644,held-out fold,48
binary,r0f2,M4,permutation,mfcc_09_delta_mean,0.001810931059625287,0.0026482193308516293,balanced_accuracy,10,644,held-out fold,50
binary,r0f2,M4,permutation,chroma_11_std,0.0017134651726857131,0.0021302551245443923,balanced_accuracy,10,644,held-out fold,51
binary,r0f2,M4,permutation,time_zcr_std,0.0015267175572518886,0.002531774649126227,balanced_accuracy,10,644,held-out fold,52
binary,r0f2,M4,permutation,freq_band_power_20_50,0.0015267175572518886,0.0018698394983077456,balanced_accuracy,10,644,held-out fold,52
binary,r0f2,M4,permutation,mfcc_12_std,0.0015267175572518886,0.0030534351145037773,balanced_accuracy,10,644,held-out fold,52
binary,r0f2,M4,permutation,mfcc_07_delta_mean,0.0015267175572518886,0.002531774649126227,balanced_accuracy,10,644,held-out fold,52
binary,r0f2,M4,permutation,chroma_03_std,0.0015267175572518886,0.002531774649126227,balanced_accuracy,10,644,held-out fold,52
binary,r0f2,M4,permutation,dwt_cD4_std,0.0013317857833727632,0.00238097861705777,balanced_accuracy,10,644,held-out fold,57
binary,r0f2,M4,permutation,time_skewness,0.0011450381679389166,0.0038358303897407485,balanced_accuracy,10,644,held-out fold,58
binary,r0f2,M4,permutation,time_kurtosis,0.0011450381679389166,0.0017490746927312144,balanced_accuracy,10,644,held-out fold,58
binary,r0f2,M4,permutation,mfcc_06_std,0.0011450381679389166,0.00343511450381675,balanced_accuracy,10,644,held-out fold,58
binary,r0f2,M4,permutation,mfcc_01_delta_mean,0.0011450381679389166,0.0017490746927312144,balanced_accuracy,10,644,held-out fold,58
binary,r0f2,M4,permutation,chroma_07_mean,0.0011450381679389166,0.0029810113266818907,balanced_accuracy,10,644,held-out fold,58
binary,r0f2,M4,permutation,chroma_08_std,0.0011450381679389166,0.0024439405486384605,balanced_accuracy,10,644,held-out fold,58
binary,r0f2,M4,permutation,dwt_cD1_std,0.001128669851048303,0.003333041786239646,balanced_accuracy,10,644,held-out fold,64
binary,r0f2,M4,permutation,chroma_06_mean,0.0010475722809993426,0.003032347150821233,balanced_accuracy,10,644,held-out fold,65
binary,r0f2,M4,permutation,dwt_cA5_std,0.0010393881225540414,0.0025782499591547083,balanced_accuracy,10,644,held-out fold,66
binary,r0f2,M4,permutation,dwt_cD2_std,0.0008444563486748935,0.002819326228521199,balanced_accuracy,10,644,held-out fold,67
binary,r0f2,M4,permutation,time_peak_to_peak,0.0007879112539618926,0.0037934469469906845,balanced_accuracy,10,644,held-out fold,68
binary,r0f2,M4,permutation,freq_bandwidth_std,0.0007633587786259443,0.0033274037736951275,balanced_accuracy,10,644,held-out fold,69
binary,r0f2,M4,permutation,mfcc_04_delta_mean,0.0007633587786259443,0.002290076335877833,balanced_accuracy,10,644,held-out fold,69
binary,r0f2,M4,permutation,dwt_cD3_entropy,0.0005766111631921201,0.002056182442199692,balanced_accuracy,10,644,held-out fold,71
binary,r0f2,M4,permutation,dwt_cD4_mean_abs,0.0004955135931431931,0.002673831259958305,balanced_accuracy,10,644,held-out fold,72
binary,r0f2,M4,permutation,time_sample_entropy,0.0004709611178072337,0.002838999571765006,balanced_accuracy,10,644,held-out fold,73
binary,r0f2,M4,permutation,freq_centroid_std,0.0003898635477582957,0.00047748338065950246,balanced_accuracy,10,644,held-out fold,74
binary,r0f2,M4,permutation,time_mean,0.00038167938931297216,0.002055406414936807,balanced_accuracy,10,644,held-out fold,75
binary,r0f2,M4,permutation,time_hjorth_activity,0.00038167938931297216,0.0011450381679389164,balanced_accuracy,10,644,held-out fold,75
binary,r0f2,M4,permutation,mfcc_09_mean,0.00038167938931297216,0.0026717557251908055,balanced_accuracy,10,644,held-out fold,75
binary,r0f2,M4,permutation,mfcc_11_std,0.00038167938931297216,0.0011450381679389164,balanced_accuracy,10,644,held-out fold,75
binary,r0f2,M4,permutation,mfcc_11_delta_mean,0.00038167938931297216,0.0011450381679389164,balanced_accuracy,10,644,held-out fold,75
binary,r0f2,M4,permutation,chroma_08_mean,0.00038167938931297216,0.0011450381679389164,balanced_accuracy,10,644,held-out fold,75
binary,r0f2,M4,permutation,chroma_06_std,0.00038167938931297216,0.0011450381679389164,balanced_accuracy,10,644,held-out fold,75
binary,r0f2,M4,permutation,mfcc_05_delta_mean,0.0003734952308676598,0.001552434860985633,balanced_accuracy,10,644,held-out fold,82
binary,r0f2,M4,permutation,time_autocorr_peak_value,0.00018674761543383545,0.0019446021683467859,balanced_accuracy,10,644,held-out fold,83
binary,r0f2,M4,permutation,dwt_cD5_mean_abs,0.00018674761543383545,0.0032175546998164353,balanced_accuracy,10,644,held-out fold,83
binary,r0f2,M4,permutation,time_rms,0.0,0.0,balanced_accuracy,10,644,held-out fold,85
binary,r0f2,M4,permutation,freq_band_power_100_150,0.0,0.0,balanced_accuracy,10,644,held-out fold,85
binary,r0f2,M4,permutation,mfcc_09_std,0.0,0.0,balanced_accuracy,10,644,held-out fold,85
binary,r0f2,M4,permutation,chroma_10_mean,0.0,0.0,balanced_accuracy,10,644,held-out fold,85
binary,r0f2,M4,permutation,chroma_09_std,0.0,0.002956475836799517,balanced_accuracy,10,644,held-out fold,85
binary,r0f2,M4,permutation,dwt_cD5_entropy,0.0,0.0024139524123422433,balanced_accuracy,10,644,held-out fold,85
binary,r0f2,M4,permutation,time_duration,-5.654509471302305e-05,0.005253393139516646,balanced_accuracy,10,644,held-out fold,91
binary,r0f2,M4,permutation,env_kurtosis,-8.928172849425043e-05,0.00131674154970816,balanced_accuracy,10,644,held-out fold,92
binary,r0f2,M4,permutation,mfcc_08_std,-9.746588693956281e-05,0.0022734661284009457,balanced_accuracy,10,644,held-out fold,93
binary,r0f2,M4,permutation,mfcc_03_mean,-9.746588693957393e-05,0.0038279775358124294,balanced_accuracy,10,644,held-out fold,94
binary,r0f2,M4,permutation,mfcc_06_delta_mean,-0.00019493177387914785,0.0003898635477582957,balanced_accuracy,10,644,held-out fold,95
binary,r0f2,M4,permutation,chroma_04_mean,-0.00019493177387914785,0.0003898635477582957,balanced_accuracy,10,644,held-out fold,95
binary,r0f2,M4,permutation,mfcc_07_mean,-0.00028421350237339826,0.0029020983540103498,balanced_accuracy,10,644,held-out fold,97
binary,r0f2,M4,permutation,time_min,-0.00038167938931297216,0.002055406414936807,balanced_accuracy,10,644,held-out fold,98
binary,r0f2,M4,permutation,freq_flatness_std,-0.00038167938931297216,0.0026717557251908055,balanced_accuracy,10,644,held-out fold,98
binary,r0f2,M4,permutation,mfcc_07_std,-0.00038167938931297216,0.0011450381679389164,balanced_accuracy,10,644,held-out fold,98
binary,r0f2,M4,permutation,chroma_11_mean,-0.00038167938931297216,0.0026717557251908055,balanced_accuracy,10,644,held-out fold,98
binary,r0f2,M4,permutation,env_peak_rate,-0.00038167938931297216,0.002055406414936807,balanced_accuracy,10,644,held-out fold,98
binary,r0f2,M4,permutation,chroma_12_mean,-0.0004873294346978696,0.0019735976050269943,balanced_accuracy,10,644,held-out fold,103
binary,r0f2,M4,permutation,chroma_03_mean,-0.000560242846301473,0.003116027989589768,balanced_accuracy,10,644,held-out fold,104
binary,r0f2,M4,permutation,time_crest_factor,-0.000657708733241047,0.0019154006005886012,balanced_accuracy,10,644,held-out fold,105
binary,r0f2,M4,permutation,dwt_cA5_energy,-0.0007551746201806542,0.005647153873720642,balanced_accuracy,10,644,held-out fold,106
binary,r0f2,M4,permutation,time_var,-0.0007633587786259443,0.0015267175572518886,balanced_accuracy,10,644,held-out fold,107
binary,r0f2,M4,permutation,time_median,-0.0007633587786259443,0.002290076335877833,balanced_accuracy,10,644,held-out fold,107
binary,r0f2,M4,permutation,freq_rolloff85_std,-0.0007633587786259443,0.0015267175572518886,balanced_accuracy,10,644,held-out fold,107
binary,r0f2,M4,permutation,mfcc_10_delta_mean,-0.0009582905525050922,0.0017115106566899267,balanced_accuracy,10,644,held-out fold,110
binary,r0f2,M4,permutation,freq_dominant,-0.0011450381679389166,0.0024439405486384605,balanced_accuracy,10,644,held-out fold,111
binary,r0f2,M4,permutation,mfcc_12_delta_mean,-0.0011450381679389277,0.003435114503816771,balanced_accuracy,10,644,held-out fold,112
binary,r0f2,M4,permutation,dwt_cD5_std,-0.0011532223263842401,0.002666321753280199,balanced_accuracy,10,644,held-out fold,113
binary,r0f2,M4,permutation,dwt_cD3_energy,-0.0013317857833727409,0.0018706925066612821,balanced_accuracy,10,644,held-out fold,114
binary,r0f2,M4,permutation,time_max,-0.0014128833534216678,0.0017707025439109463,balanced_accuracy,10,644,held-out fold,115
binary,r0f2,M4,permutation,mfcc_05_mean,-0.0015996309688555365,0.0037698615903284057,balanced_accuracy,10,644,held-out fold,116
binary,r0f2,M4,permutation,mfcc_02_std,-0.001908396946564861,0.0025603831803432376,balanced_accuracy,10,644,held-out fold,117
binary,r0f2,M4,permutation,freq_total_power,-0.001908396946564872,0.003518910098203365,balanced_accuracy,10,644,held-out fold,118
binary,r0f2,M4,permutation,time_std,-0.002005862833504435,0.0018317936826102736,balanced_accuracy,10,644,held-out fold,119
binary,r0f2,M4,permutation,dwt_cD3_mean_abs,-0.0021115128788893323,0.00221691523853033,balanced_accuracy,10,644,held-out fold,120
binary,r0f2,M4,permutation,time_shannon_entropy,-0.002290076335877833,0.0018698394983077454,balanced_accuracy,10,644,held-out fold,121
binary,r0f2,M4,permutation,time_autocorr_peak_lag,-0.002290076335877844,0.003892381308086061,balanced_accuracy,10,644,held-out fold,122
binary,r0f2,M4,permutation,mfcc_04_std,-0.002468639792866345,0.0023073008304358555,balanced_accuracy,10,644,held-out fold,123
binary,r0f2,M4,permutation,time_range,-0.0024768239513116687,0.0026081466058245845,balanced_accuracy,10,644,held-out fold,124
binary,r0f2,M4,permutation,mfcc_08_delta_mean,-0.0030534351145037773,0.0015267175572518886,balanced_accuracy,10,644,held-out fold,125
binary,r0f2,M4,permutation,mfcc_11_mean,-0.0033294644584318856,0.0029963710303469748,balanced_accuracy,10,644,held-out fold,126
binary,r0f2,M4,permutation,mfcc_10_std,-0.0034351145038167717,0.0026717557251908406,balanced_accuracy,10,644,held-out fold,127
binary,r0f2,M4,permutation,chroma_12_std,-0.004198473282442705,0.0011450381679389498,balanced_accuracy,10,644,held-out fold,128
binary,r0f2,M4,permutation,env_std,-0.0041984732824427275,0.0026717557251908484,balanced_accuracy,10,644,held-out fold,129
binary,r0f2,M4,permutation,mfcc_03_std,-0.004580152671755711,0.002856227012804546,balanced_accuracy,10,644,held-out fold,130
binary,r0f2,M4,permutation,chroma_01_mean,-0.004580152671755733,0.004451108316675809,balanced_accuracy,10,644,held-out fold,131
binary,r0f2,M4,permutation,env_mean,-0.004677618558695274,0.003949672555988915,balanced_accuracy,10,644,held-out fold,132
binary,r0f2,M4,permutation,mfcc_02_delta_mean,-0.004961832061068672,0.001749074692731265,balanced_accuracy,10,644,held-out fold,133
binary,r0f2,M4,permutation,dwt_cA5_mean_abs,-0.005156763834947864,0.004416144423271595,balanced_accuracy,10,644,held-out fold,134
binary,r0f2,M4,permutation,time_iqr,-0.007251908396946593,0.005940840222324103,balanced_accuracy,10,644,held-out fold,135
binary,r0f2,M4,permutation,time_energy,-0.007600851152478316,0.005721120712217155,balanced_accuracy,10,644,held-out fold,136
binary,r0f2,M4,permutation,dwt_cD4_energy,-0.008583694180319323,0.002762747094916246,balanced_accuracy,10,644,held-out fold,137
binary,r0f2,M4,permutation,dwt_cD5_energy,-0.016119816079639325,0.0052370816114001425,balanced_accuracy,10,644,held-out fold,138
binary,r0f2,M5,impurity,mfcc_04_mean,0.2590753305330365,,mean decrease in impurity,0,0,train,1
binary,r0f2,M5,impurity,dwt_cD1_entropy,0.1812484354768022,,mean decrease in impurity,0,0,train,2
binary,r0f2,M5,impurity,time_zcr_mean,0.05747220002309508,,mean decrease in impurity,0,0,train,3
binary,r0f2,M5,impurity,dwt_cD5_energy,0.03660465246784999,,mean decrease in impurity,0,0,train,4
binary,r0f2,M5,impurity,dwt_cD5_mean_abs,0.034035036822099074,,mean decrease in impurity,0,0,train,5
binary,r0f2,M5,impurity,dwt_cD4_energy,0.031153772923935757,,mean decrease in impurity,0,0,train,6
binary,r0f2,M5,impurity,time_iqr,0.030514409481010637,,mean decrease in impurity,0,0,train,7
binary,r0f2,M5,impurity,freq_band_power_250_350,0.02058298507710808,,mean decrease in impurity,0,0,train,8
binary,r0f2,M5,impurity,dwt_cD1_energy,0.019358600643261958,,mean decrease in impurity,0,0,train,9
binary,r0f2,M5,impurity,time_energy,0.017010502292973788,,mean decrease in impurity,0,0,train,10
binary,r0f2,M5,impurity,chroma_05_std,0.01654262241522168,,mean decrease in impurity,0,0,train,11
binary,r0f2,M5,impurity,dwt_cD1_std,0.014664106841658794,,mean decrease in impurity,0,0,train,12
binary,r0f2,M5,impurity,mfcc_01_mean,0.010163857769385179,,mean decrease in impurity,0,0,train,13
binary,r0f2,M5,impurity,mfcc_02_mean,0.009354496260161755,,mean decrease in impurity,0,0,train,14
binary,r0f2,M5,impurity,time_duration,0.008754063788301873,,mean decrease in impurity,0,0,train,15
binary,r0f2,M5,impurity,time_hjorth_complexity,0.008225548475982367,,mean decrease in impurity,0,0,train,16
binary,r0f2,M5,impurity,mfcc_01_std,0.008134275377057505,,mean decrease in impurity,0,0,train,17
binary,r0f2,M5,impurity,freq_rolloff95_mean,0.0075491117456969094,,mean decrease in impurity,0,0,train,18
binary,r0f2,M5,impurity,mfcc_05_mean,0.007285969450389377,,mean decrease in impurity,0,0,train,19
binary,r0f2,M5,impurity,dwt_cD3_mean_abs,0.0070601856021491795,,mean decrease in impurity,0,0,train,20
binary,r0f2,M5,impurity,dwt_cD2_mean_abs,0.00704964242776915,,mean decrease in impurity,0,0,train,21
binary,r0f2,M5,impurity,mfcc_12_delta_mean,0.006148375803820493,,mean decrease in impurity,0,0,train,22
binary,r0f2,M5,impurity,time_range,0.006013113332492568,,mean decrease in impurity,0,0,train,23
binary,r0f2,M5,impurity,mfcc_10_mean,0.005956825563494974,,mean decrease in impurity,0,0,train,24
binary,r0f2,M5,impurity,chroma_01_mean,0.005919345985242258,,mean decrease in impurity,0,0,train,25
binary,r0f2,M5,impurity,mfcc_05_std,0.0055323662174101345,,mean decrease in impurity,0,0,train,26
binary,r0f2,M5,impurity,dwt_cA5_energy,0.0054400972731706455,,mean decrease in impurity,0,0,train,27
binary,r0f2,M5,impurity,freq_centroid_std,0.005216598268645815,,mean decrease in impurity,0,0,train,28
binary,r0f2,M5,impurity,dwt_cD2_entropy,0.005128351316165197,,mean decrease in impurity,0,0,train,29
binary,r0f2,M5,impurity,freq_band_power_20_50,0.0050201419941953845,,mean decrease in impurity,0,0,train,30
binary,r0f2,M5,impurity,time_autocorr_peak_value,0.004585672184981581,,mean decrease in impurity,0,0,train,31
binary,r0f2,M5,impurity,time_median,0.004446513216238394,,mean decrease in impurity,0,0,train,32
binary,r0f2,M5,impurity,dwt_cA5_mean_abs,0.004282525510824737,,mean decrease in impurity,0,0,train,33
binary,r0f2,M5,impurity,mfcc_10_std,0.004261997985694733,,mean decrease in impurity,0,0,train,34
binary,r0f2,M5,impurity,time_hjorth_mobility,0.004180670209223236,,mean decrease in impurity,0,0,train,35
binary,r0f2,M5,impurity,chroma_07_std,0.003786344980493872,,mean decrease in impurity,0,0,train,36
binary,r0f2,M5,impurity,time_autocorr_peak_lag,0.003781947055945806,,mean decrease in impurity,0,0,train,37
binary,r0f2,M5,impurity,env_peak_rate,0.0037288271270519415,,mean decrease in impurity,0,0,train,38
binary,r0f2,M5,impurity,mfcc_11_delta_mean,0.0035582196806663523,,mean decrease in impurity,0,0,train,39
binary,r0f2,M5,impurity,mfcc_11_mean,0.003523163409099891,,mean decrease in impurity,0,0,train,40
binary,r0f2,M5,impurity,env_skew,0.00341285416793352,,mean decrease in impurity,0,0,train,41
binary,r0f2,M5,impurity,mfcc_13_std,0.003289135418924267,,mean decrease in impurity,0,0,train,42
binary,r0f2,M5,impurity,time_peak_to_peak,0.003258411078414542,,mean decrease in impurity,0,0,train,43
binary,r0f2,M5,impurity,time_zcr_std,0.003048890824196681,,mean decrease in impurity,0,0,train,44
binary,r0f2,M5,impurity,mfcc_12_std,0.0029397492700721567,,mean decrease in impurity,0,0,train,45
binary,r0f2,M5,impurity,dwt_cD2_energy,0.0028906199766289974,,mean decrease in impurity,0,0,train,46
binary,r0f2,M5,impurity,chroma_06_mean,0.0028464573505787307,,mean decrease in impurity,0,0,train,47
binary,r0f2,M5,impurity,mfcc_02_delta_mean,0.0027463817428029142,,mean decrease in impurity,0,0,train,48
binary,r0f2,M5,impurity,mfcc_13_delta_mean,0.0027448054238114546,,mean decrease in impurity,0,0,train,49
binary,r0f2,M5,impurity,freq_flux_mean,0.00256921320018879,,mean decrease in impurity,0,0,train,50
binary,r0f2,M5,impurity,mfcc_12_mean,0.0025053009300402196,,mean decrease in impurity,0,0,train,51
binary,r0f2,M5,impurity,dwt_cA5_entropy,0.0022795923488763345,,mean decrease in impurity,0,0,train,52
binary,r0f2,M5,impurity,mfcc_11_std,0.002244860944175394,,mean decrease in impurity,0,0,train,53
binary,r0f2,M5,impurity,env_std,0.0022214786751167466,,mean decrease in impurity,0,0,train,54
binary,r0f2,M5,impurity,mfcc_02_std,0.0021935858589628514,,mean decrease in impurity,0,0,train,55
binary,r0f2,M5,impurity,time_skewness,0.002179162038200948,,mean decrease in impurity,0,0,train,56
binary,r0f2,M5,impurity,chroma_05_mean,0.0021375580774487314,,mean decrease in impurity,0,0,train,57
binary,r0f2,M5,impurity,chroma_12_mean,0.002087759760051424,,mean decrease in impurity,0,0,train,58
binary,r0f2,M5,impurity,mfcc_03_mean,0.0020795950983668516,,mean decrease in impurity,0,0,train,59
binary,r0f2,M5,impurity,mfcc_03_std,0.0020471391506170903,,mean decrease in impurity,0,0,train,60
binary,r0f2,M5,impurity,mfcc_06_delta_mean,0.0020314882071811734,,mean decrease in impurity,0,0,train,61
binary,r0f2,M5,impurity,mfcc_01_delta_mean,0.0020284783314320084,,mean decrease in impurity,0,0,train,62
binary,r0f2,M5,impurity,freq_centroid_mean,0.0018953344880733418,,mean decrease in impurity,0,0,train,63
binary,r0f2,M5,impurity,freq_rolloff85_mean,0.0018679875209495543,,mean decrease in impurity,0,0,train,64
binary,r0f2,M5,impurity,mfcc_04_delta_mean,0.0018254828788201447,,mean decrease in impurity,0,0,train,65
binary,r0f2,M5,impurity,chroma_09_mean,0.0018248838818107392,,mean decrease in impurity,0,0,train,66
binary,r0f2,M5,impurity,mfcc_08_delta_mean,0.001749908033347418,,mean decrease in impurity,0,0,train,67
binary,r0f2,M5,impurity,dwt_cD5_std,0.0016927547868675656,,mean decrease in impurity,0,0,train,68
binary,r0f2,M5,impurity,freq_band_power_50_100,0.001684661222280477,,mean decrease in impurity,0,0,train,69
binary,r0f2,M5,impurity,freq_flatness_mean,0.0016668811211816442,,mean decrease in impurity,0,0,train,70
binary,r0f2,M5,impurity,mfcc_03_delta_mean,0.001661123600588839,,mean decrease in impurity,0,0,train,71
binary,r0f2,M5,impurity,chroma_11_std,0.0016297179897073106,,mean decrease in impurity,0,0,train,72
binary,r0f2,M5,impurity,mfcc_06_mean,0.0015254014690572661,,mean decrease in impurity,0,0,train,73
binary,r0f2,M5,impurity,mfcc_07_mean,0.0014845360028303747,,mean decrease in impurity,0,0,train,74
binary,r0f2,M5,impurity,mfcc_13_mean,0.0014351813668451844,,mean decrease in impurity,0,0,train,75
binary,r0f2,M5,impurity,mfcc_09_delta_mean,0.0013778721568396672,,mean decrease in impurity,0,0,train,76
binary,r0f2,M5,impurity,mfcc_07_std,0.0013234528943955398,,mean decrease in impurity,0,0,train,77
binary,r0f2,M5,impurity,mfcc_09_std,0.0012673114311062808,,mean decrease in impurity,0,0,train,78
binary,r0f2,M5,impurity,freq_peak_power,0.0012251858006602613,,mean decrease in impurity,0,0,train,79
binary,r0f2,M5,impurity,mfcc_06_std,0.001217693651875945,,mean decrease in impurity,0,0,train,80
binary,r0f2,M5,impurity,chroma_08_mean,0.0011952210277496635,,mean decrease in impurity,0,0,train,81
binary,r0f2,M5,impurity,env_mean,0.0011808577066795257,,mean decrease in impurity,0,0,train,82
binary,r0f2,M5,impurity,chroma_12_std,0.0011528051114040416,,mean decrease in impurity,0,0,train,83
binary,r0f2,M5,impurity,dwt_cD5_entropy,0.0011039195316293311,,mean decrease in impurity,0,0,train,84
binary,r0f2,M5,impurity,chroma_10_std,0.0010852298159542424,,mean decrease in impurity,0,0,train,85
binary,r0f2,M5,impurity,dwt_cD4_std,0.0010755334191540026,,mean decrease in impurity,0,0,train,86
binary,r0f2,M5,impurity,dwt_cD3_entropy,0.001063920421499885,,mean decrease in impurity,0,0,train,87
binary,r0f2,M5,impurity,env_kurtosis,0.001061203270408511,,mean decrease in impurity,0,0,train,88
binary,r0f2,M5,impurity,chroma_09_std,0.0010559089720793985,,mean decrease in impurity,0,0,train,89
binary,r0f2,M5,impurity,freq_band_power_100_150,0.0009916523165015552,,mean decrease in impurity,0,0,train,90
binary,r0f2,M5,impurity,mfcc_10_delta_mean,0.0009757963359154777,,mean decrease in impurity,0,0,train,91
binary,r0f2,M5,impurity,freq_bandwidth_mean,0.0009425214937802263,,mean decrease in impurity,0,0,train,92
binary,r0f2,M5,impurity,chroma_04_mean,0.0009161373262209941,,mean decrease in impurity,0,0,train,93
binary,r0f2,M5,impurity,mfcc_07_delta_mean,0.0009106141066036735,,mean decrease in impurity,0,0,train,94
binary,r0f2,M5,impurity,mfcc_05_delta_mean,0.000910245017139763,,mean decrease in impurity,0,0,train,95
binary,r0f2,M5,impurity,mfcc_09_mean,0.0008900468779520031,,mean decrease in impurity,0,0,train,96
binary,r0f2,M5,impurity,chroma_11_mean,0.0008324743639825116,,mean decrease in impurity,0,0,train,97
binary,r0f2,M5,impurity,chroma_03_mean,0.000828888809043929,,mean decrease in impurity,0,0,train,98
binary,r0f2,M5,impurity,time_mean,0.0007986794587651338,,mean decrease in impurity,0,0,train,99
binary,r0f2,M5,impurity,freq_bandwidth_std,0.0007961233883528509,,mean decrease in impurity,0,0,train,100
binary,r0f2,M5,impurity,time_sample_entropy,0.0007410670758549384,,mean decrease in impurity,0,0,train,101
binary,r0f2,M5,impurity,freq_total_power,0.0006880966792709947,,mean decrease in impurity,0,0,train,102
binary,r0f2,M5,impurity,chroma_04_std,0.0006625608835696679,,mean decrease in impurity,0,0,train,103
binary,r0f2,M5,impurity,mfcc_04_std,0.0006414799296157738,,mean decrease in impurity,0,0,train,104
binary,r0f2,M5,impurity,time_std,0.0006404265644641956,,mean decrease in impurity,0,0,train,105
binary,r0f2,M5,impurity,time_shannon_entropy,0.0006394341522255513,,mean decrease in impurity,0,0,train,106
binary,r0f2,M5,impurity,dwt_cD2_std,0.0006367222536232811,,mean decrease in impurity,0,0,train,107
binary,r0f2,M5,impurity,mfcc_08_std,0.0005860352385309553,,mean decrease in impurity,0,0,train,108
binary,r0f2,M5,impurity,chroma_03_std,0.0005584168775620451,,mean decrease in impurity,0,0,train,109
binary,r0f2,M5,impurity,time_hjorth_activity,0.0005365136375467981,,mean decrease in impurity,0,0,train,110
binary,r0f2,M5,impurity,freq_rolloff95_std,0.0004732290448766259,,mean decrease in impurity,0,0,train,111
binary,r0f2,M5,impurity,chroma_02_std,0.0004703348622132879,,mean decrease in impurity,0,0,train,112
binary,r0f2,M5,impurity,time_max,0.0004289165597448991,,mean decrease in impurity,0,0,train,113
binary,r0f2,M5,impurity,freq_flux_std,0.00042800823894847457,,mean decrease in impurity,0,0,train,114
binary,r0f2,M5,impurity,dwt_cD3_energy,0.00042182593970409575,,mean decrease in impurity,0,0,train,115
binary,r0f2,M5,impurity,time_rms,0.0004190382621397349,,mean decrease in impurity,0,0,train,116
binary,r0f2,M5,impurity,dwt_cD3_std,0.0004118382259346236,,mean decrease in impurity,0,0,train,117
binary,r0f2,M5,impurity,freq_band_power_350_400,0.00040834881041633577,,mean decrease in impurity,0,0,train,118
binary,r0f2,M5,impurity,dwt_cD4_entropy,0.0003533292211331845,,mean decrease in impurity,0,0,train,119
binary,r0f2,M5,impurity,time_var,0.0003508389016643307,,mean decrease in impurity,0,0,train,120
binary,r0f2,M5,impurity,chroma_07_mean,0.0003348388334224785,,mean decrease in impurity,0,0,train,121
binary,r0f2,M5,impurity,time_kurtosis,0.00030427019362546894,,mean decrease in impurity,0,0,train,122
binary,r0f2,M5,impurity,time_min,0.00027793585317580354,,mean decrease in impurity,0,0,train,123
binary,r0f2,M5,impurity,chroma_08_std,0.0002613754964903153,,mean decrease in impurity,0,0,train,124
binary,r0f2,M5,impurity,freq_spectral_entropy,0.0002608091310761459,,mean decrease in impurity,0,0,train,125
binary,r0f2,M5,impurity,dwt_cA5_std,0.00025635972069803695,,mean decrease in impurity,0,0,train,126
binary,r0f2,M5,impurity,chroma_02_mean,0.00023987036020812287,,mean decrease in impurity,0,0,train,127
binary,r0f2,M5,impurity,freq_band_power_150_250,0.0002384337494191137,,mean decrease in impurity,0,0,train,128
binary,r0f2,M5,impurity,dwt_cD1_mean_abs,0.00020049723830729607,,mean decrease in impurity,0,0,train,129
binary,r0f2,M5,impurity,chroma_06_std,0.00019327618685379682,,mean decrease in impurity,0,0,train,130
binary,r0f2,M5,impurity,time_crest_factor,0.0001690151297962849,,mean decrease in impurity,0,0,train,131
binary,r0f2,M5,impurity,freq_flatness_std,0.0001296628928661249,,mean decrease in impurity,0,0,train,132
binary,r0f2,M5,impurity,dwt_cD4_mean_abs,0.00011934348695712942,,mean decrease in impurity,0,0,train,133
binary,r0f2,M5,impurity,chroma_01_std,9.450089197597283e-05,,mean decrease in impurity,0,0,train,134
binary,r0f2,M5,impurity,mfcc_08_mean,8.096505596452131e-05,,mean decrease in impurity,0,0,train,135
binary,r0f2,M5,impurity,freq_rolloff85_std,6.182109646524523e-05,,mean decrease in impurity,0,0,train,136
binary,r0f2,M5,impurity,freq_dominant,2.3993371777473243e-05,,mean decrease in impurity,0,0,train,137
binary,r0f2,M5,impurity,chroma_10_mean,0.0,,mean decrease in impurity,0,0,train,138
binary,r0f2,M5,permutation,mfcc_04_mean,0.06841807657396252,0.012597143303454532,balanced_accuracy,10,644,held-out fold,1
binary,r0f2,M5,permutation,dwt_cD1_entropy,0.0422354656786156,0.009414223938854929,balanced_accuracy,10,644,held-out fold,2
binary,r0f2,M5,permutation,time_zcr_mean,0.0331644420635984,0.008680986017921045,balanced_accuracy,10,644,held-out fold,3
binary,r0f2,M5,permutation,mfcc_05_std,0.013172031010520436,0.005784149240959538,balanced_accuracy,10,644,held-out fold,4
binary,r0f2,M5,permutation,freq_rolloff85_mean,0.011198160796393098,0.003714235038017456,balanced_accuracy,10,644,held-out fold,5
binary,r0f2,M5,permutation,dwt_cD1_std,0.00970417987292238,0.0029894273774692683,balanced_accuracy,10,644,held-out fold,6
binary,r0f2,M5,permutation,freq_band_power_250_350,0.008794250256685033,0.00514161111475331,balanced_accuracy,10,644,held-out fold,7
binary,r0f2,M5,permutation,dwt_cD1_energy,0.007478832790202883,0.0031074281538670608,balanced_accuracy,10,644,held-out fold,8
binary,r0f2,M5,permutation,dwt_cD5_mean_abs,0.007048792464622167,0.0040099038530983224,balanced_accuracy,10,644,held-out fold,9
binary,r0f2,M5,permutation,time_zcr_std,0.006618008124637376,0.0032960782802476407,balanced_accuracy,10,644,held-out fold,10
binary,r0f2,M5,permutation,time_hjorth_complexity,0.006358347097599882,0.002949063625282666,balanced_accuracy,10,644,held-out fold,11
binary,r0f2,M5,permutation,freq_centroid_std,0.00626906536910562,0.0032240183108466452,balanced_accuracy,10,644,held-out fold,12
binary,r0f2,M5,permutation,mfcc_03_std,0.005952859247355058,0.004874775846351986,balanced_accuracy,10,644,held-out fold,13
binary,r0f2,M5,permutation,mfcc_02_mean,0.005651533413686927,0.0036646379438342704,balanced_accuracy,10,644,held-out fold,14
binary,r0f2,M5,permutation,freq_bandwidth_mean,0.005400056545094789,0.0012128521090805171,balanced_accuracy,10,644,held-out fold,15
binary,r0f2,M5,permutation,time_autocorr_peak_value,0.005034745472672408,0.005278044737777144,balanced_accuracy,10,644,held-out fold,16
binary,r0f2,M5,permutation,mfcc_04_std,0.004360668422540725,0.0031140224041450557,balanced_accuracy,10,644,held-out fold,17
binary,r0f2,M5,permutation,freq_band_power_20_50,0.003735696323080839,0.0018433501538609191,balanced_accuracy,10,644,held-out fold,18
binary,r0f2,M5,permutation,mfcc_01_std,0.003491659598529884,0.00463957509437546,balanced_accuracy,10,644,held-out fold,19
binary,r0f2,M5,permutation,time_skewness,0.0033458327753225657,0.003369493382941331,balanced_accuracy,10,644,held-out fold,20
binary,r0f2,M5,permutation,dwt_cD5_std,0.0031427168429981056,0.006018077866944205,balanced_accuracy,10,644,held-out fold,21
binary,r0f2,M5,permutation,mfcc_13_delta_mean,0.0026881240420814747,0.0028655781178547014,balanced_accuracy,10,644,held-out fold,22
binary,r0f2,M5,permutation,freq_centroid_mean,0.0023309971281044507,0.0012251956531000535,balanced_accuracy,10,644,held-out fold,23
binary,r0f2,M5,permutation,dwt_cD2_mean_abs,0.002208978765828917,0.001960763680740452,balanced_accuracy,10,644,held-out fold,24
binary,r0f2,M5,permutation,mfcc_06_std,0.002192610448938326,0.002007038809778118,balanced_accuracy,10,644,held-out fold,25
binary,r0f2,M5,permutation,mfcc_06_delta_mean,0.00212788119577999,0.002333924683162201,balanced_accuracy,10,644,held-out fold,26
binary,r0f2,M5,permutation,dwt_cA5_mean_abs,0.0020787762451081383,0.005775003380348408,balanced_accuracy,10,644,held-out fold,27
binary,r0f2,M5,permutation,env_peak_rate,0.00203859946728574,0.004216057260445221,balanced_accuracy,10,644,held-out fold,28
binary,r0f2,M5,permutation,mfcc_10_delta_mean,0.0019083969465649164,0.0019083969465649166,balanced_accuracy,10,644,held-out fold,29
binary,r0f2,M5,permutation,mfcc_01_mean,0.0018756603127837446,0.0014236223266122382,balanced_accuracy,10,644,held-out fold,30
binary,r0f2,M5,permutation,freq_flux_std,0.001827299376515945,0.0017844753911993915,balanced_accuracy,10,644,held-out fold,31
binary,r0f2,M5,permutation,mfcc_10_std,0.0017380176480217059,0.0028255962718637625,balanced_accuracy,10,644,held-out fold,32
binary,r0f2,M5,permutation,chroma_11_std,0.0017052810142404785,0.004394154109764116,balanced_accuracy,10,644,held-out fold,33
binary,r0f2,M5,permutation,dwt_cD2_std,0.0017052810142404562,0.0018511305644363484,balanced_accuracy,10,644,held-out fold,34
binary,r0f2,M5,permutation,freq_bandwidth_std,0.0013154174664821827,0.0029451372016909665,balanced_accuracy,10,644,held-out fold,35
binary,r0f2,M5,permutation,mfcc_12_std,0.0011614064848295635,0.0013423490064322788,balanced_accuracy,10,644,held-out fold,36
binary,r0f2,M5,permutation,chroma_02_mean,0.0011368540094936375,0.0022169152385303832,balanced_accuracy,10,644,held-out fold,37
binary,r0f2,M5,permutation,chroma_06_mean,0.0010557564394446995,0.0025715907259435404,balanced_accuracy,10,644,held-out fold,38
binary,r0f2,M5,permutation,chroma_03_mean,0.001047572280999398,0.0031526407418563935,balanced_accuracy,10,644,held-out fold,39
binary,r0f2,M5,permutation,chroma_11_mean,0.0010393881225540635,0.0024296827874771324,balanced_accuracy,10,644,held-out fold,40
binary,r0f2,M5,permutation,time_crest_factor,0.0008771929824561653,0.00029239766081872175,balanced_accuracy,10,644,held-out fold,41
binary,r0f2,M5,permutation,chroma_06_std,0.0008771929824561653,0.00029239766081872175,balanced_accuracy,10,644,held-out fold,41
binary,r0f2,M5,permutation,dwt_cD3_mean_abs,0.0008771929824561653,0.00029239766081872175,balanced_accuracy,10,644,held-out fold,41
binary,r0f2,M5,permutation,time_kurtosis,0.0007797270955165914,0.0003898635477582957,balanced_accuracy,10,644,held-out fold,44
binary,r0f2,M5,permutation,mfcc_07_delta_mean,0.0007715429370712679,0.0024151813468760402,balanced_accuracy,10,644,held-out fold,45
binary,r0f2,M5,permutation,freq_band_power_100_150,0.0007633587786259888,0.002856227012804546,balanced_accuracy,10,644,held-out fold,46
binary,r0f2,M5,permutation,time_std,0.0007633587786259666,0.0015877211600150909,balanced_accuracy,10,644,held-out fold,47
binary,r0f2,M5,permutation,mfcc_05_mean,0.000738806303290096,0.005290569242291809,balanced_accuracy,10,644,held-out fold,48
binary,r0f2,M5,permutation,chroma_10_std,0.0006822612085770174,0.00044664480457660527,balanced_accuracy,10,644,held-out fold,49
binary,r0f2,M5,permutation,dwt_cD4_entropy,0.0006658928916863816,0.0017161438567829825,balanced_accuracy,10,644,held-out fold,50
binary,r0f2,M5,permutation,mfcc_08_std,0.0004873294346978696,0.0004873294346978696,balanced_accuracy,10,644,held-out fold,51
binary,r0f2,M5,permutation,dwt_cD3_entropy,0.0003980477062036192,0.0011464305958425135,balanced_accuracy,10,644,held-out fold,52
binary,r0f2,M5,permutation,env_skew,0.000389863547758329,0.003412595775631691,balanced_accuracy,10,644,held-out fold,53
binary,r0f2,M5,permutation,dwt_cD3_std,0.00019493177387914785,0.0003898635477582957,balanced_accuracy,10,644,held-out fold,54
binary,r0f2,M5,permutation,mfcc_04_delta_mean,0.00018674761543383545,0.0009316085382887782,balanced_accuracy,10,644,held-out fold,55
binary,r0f2,M5,permutation,chroma_01_std,0.00018674761543383545,0.0012696097324498782,balanced_accuracy,10,644,held-out fold,55
binary,r0f2,M5,permutation,freq_total_power,0.00017037929854326616,0.0025456525411661425,balanced_accuracy,10,644,held-out fold,57
binary,r0f2,M5,permutation,freq_flatness_mean,0.00016219514009796487,0.0044637525977686545,balanced_accuracy,10,644,held-out fold,58
binary,r0f2,M5,permutation,time_rms,9.746588693957393e-05,0.00029239766081872175,balanced_accuracy,10,644,held-out fold,59
binary,r0f2,M5,permutation,chroma_09_std,9.746588693957393e-05,0.00029239766081872175,balanced_accuracy,10,644,held-out fold,59
binary,r0f2,M5,permutation,freq_band_power_150_250,8.928172849426153e-05,0.0009948838648852602,balanced_accuracy,10,644,held-out fold,61
binary,r0f2,M5,permutation,time_var,0.0,0.0,balanced_accuracy,10,644,held-out fold,62
binary,r0f2,M5,permutation,time_hjorth_activity,0.0,0.0,balanced_accuracy,10,644,held-out fold,62
binary,r0f2,M5,permutation,time_hjorth_mobility,0.0,0.0,balanced_accuracy,10,644,held-out fold,62
binary,r0f2,M5,permutation,freq_rolloff85_std,0.0,0.0,balanced_accuracy,10,644,held-out fold,62
binary,r0f2,M5,permutation,freq_rolloff95_std,0.0,0.0,balanced_accuracy,10,644,held-out fold,62
binary,r0f2,M5,permutation,freq_flatness_std,0.0,0.0,balanced_accuracy,10,644,held-out fold,62
binary,r0f2,M5,permutation,freq_spectral_entropy,0.0,0.0,balanced_accuracy,10,644,held-out fold,62
binary,r0f2,M5,permutation,freq_dominant,0.0,0.0,balanced_accuracy,10,644,held-out fold,62
binary,r0f2,M5,permutation,freq_peak_power,0.0,0.0,balanced_accuracy,10,644,held-out fold,62
binary,r0f2,M5,permutation,freq_band_power_350_400,0.0,0.0,balanced_accuracy,10,644,held-out fold,62
binary,r0f2,M5,permutation,mfcc_08_mean,0.0,0.0,balanced_accuracy,10,644,held-out fold,62
binary,r0f2,M5,permutation,mfcc_07_std,0.0,0.0,balanced_accuracy,10,644,held-out fold,62
binary,r0f2,M5,permutation,chroma_04_mean,0.0,0.0,balanced_accuracy,10,644,held-out fold,62
binary,r0f2,M5,permutation,chroma_10_mean,0.0,0.0,balanced_accuracy,10,644,held-out fold,62
binary,r0f2,M5,permutation,chroma_02_std,0.0,0.0,balanced_accuracy,10,644,held-out fold,62
binary,r0f2,M5,permutation,chroma_05_std,0.0,0.0,balanced_accuracy,10,644,held-out fold,62
binary,r0f2,M5,permutation,chroma_07_std,0.0,0.0,balanced_accuracy,10,644,held-out fold,62
binary,r0f2,M5,permutation,dwt_cD3_energy,0.0,0.0,balanced_accuracy,10,644,held-out fold,62
binary,r0f2,M5,permutation,dwt_cA5_std,0.0,0.0,balanced_accuracy,10,644,held-out fold,62
binary,r0f2,M5,permutation,dwt_cD4_mean_abs,0.0,0.0,balanced_accuracy,10,644,held-out fold,62
binary,r0f2,M5,permutation,dwt_cD1_mean_abs,0.0,0.0,balanced_accuracy,10,644,held-out fold,62
binary,r0f2,M5,permutation,env_kurtosis,0.0,0.0,balanced_accuracy,10,644,held-out fold,62
binary,r0f2,M5,permutation,mfcc_13_std,-8.928172849425043e-05,0.0013870112800789338,balanced_accuracy,10,644,held-out fold,84
binary,r0f2,M5,permutation,time_mean,-9.746588693957393e-05,0.00029239766081872175,balanced_accuracy,10,644,held-out fold,85
binary,r0f2,M5,permutation,time_shannon_entropy,-9.746588693957393e-05,0.00029239766081872175,balanced_accuracy,10,644,held-out fold,85
binary,r0f2,M5,permutation,mfcc_09_std,-9.746588693957393e-05,0.00029239766081872175,balanced_accuracy,10,644,held-out fold,85
binary,r0f2,M5,permutation,mfcc_09_delta_mean,-9.746588693957393e-05,0.00029239766081872175,balanced_accuracy,10,644,held-out fold,85
binary,r0f2,M5,permutation,chroma_07_mean,-9.746588693957393e-05,0.000524869864243144,balanced_accuracy,10,644,held-out fold,85
binary,r0f2,M5,permutation,chroma_04_std,-9.746588693957393e-05,0.00029239766081872175,balanced_accuracy,10,644,held-out fold,85
binary,r0f2,M5,permutation,chroma_08_std,-9.746588693957393e-05,0.00029239766081872175,balanced_accuracy,10,644,held-out fold,85
binary,r0f2,M5,permutation,mfcc_03_delta_mean,-0.00010565004538485301,0.0012540066474352061,balanced_accuracy,10,644,held-out fold,92
binary,r0f2,M5,permutation,freq_band_power_50_100,-0.00010565004538488631,0.0010847097224144732,balanced_accuracy,10,644,held-out fold,93
binary,r0f2,M5,permutation,mfcc_02_std,-0.0001302025207207458,0.003715867823584401,balanced_accuracy,10,644,held-out fold,94
binary,r0f2,M5,permutation,mfcc_08_delta_mean,-0.00020311593232446022,0.0011142248530684707,balanced_accuracy,10,644,held-out fold,95
binary,r0f2,M5,permutation,mfcc_12_mean,-0.00027602934392806366,0.003365272556028436,balanced_accuracy,10,644,held-out fold,96
binary,r0f2,M5,permutation,time_iqr,-0.00029239766081864407,0.00828035491202766,balanced_accuracy,10,644,held-out fold,97
binary,r0f2,M5,permutation,dwt_cD5_entropy,-0.00030876597770931327,0.0037708750006601468,balanced_accuracy,10,644,held-out fold,98
binary,r0f2,M5,permutation,time_min,-0.0003898635477582957,0.0004774833806595025,balanced_accuracy,10,644,held-out fold,99
binary,r0f2,M5,permutation,mfcc_11_std,-0.0004062318646488983,0.0016674728924751625,balanced_accuracy,10,644,held-out fold,100
binary,r0f2,M5,permutation,mfcc_11_delta_mean,-0.0004791452762525128,0.00328739579840576,balanced_accuracy,10,644,held-out fold,101
binary,r0f2,M5,permutation,dwt_cA5_energy,-0.0005766111631920978,0.00397122837023528,balanced_accuracy,10,644,held-out fold,102
binary,r0f2,M5,permutation,freq_flux_mean,-0.0008526405071201948,0.0024693998352479586,balanced_accuracy,10,644,held-out fold,103
binary,r0f2,M5,permutation,env_std,-0.0008690088240108418,0.001084709722414443,balanced_accuracy,10,644,held-out fold,104
binary,r0f2,M5,permutation,dwt_cA5_entropy,-0.000877192982456132,0.0024703551613975863,balanced_accuracy,10,644,held-out fold,105
binary,r0f2,M5,permutation,chroma_03_std,-0.0008771929824561653,0.00029239766081872175,balanced_accuracy,10,644,held-out fold,106
binary,r0f2,M5,permutation,chroma_12_std,-0.0009501063940597687,0.002636518840876731,balanced_accuracy,10,644,held-out fold,107
binary,r0f2,M5,permutation,dwt_cD4_std,-0.0009746588693957392,0.0,balanced_accuracy,10,644,held-out fold,108
binary,r0f2,M5,permutation,mfcc_11_mean,-0.0010475722809993094,0.0036747379828267084,balanced_accuracy,10,644,held-out fold,109
binary,r0f2,M5,permutation,chroma_12_mean,-0.0010475722809993426,0.0018352010772775592,balanced_accuracy,10,644,held-out fold,110
binary,r0f2,M5,permutation,chroma_05_mean,-0.0010639405978899673,0.002610930897910188,balanced_accuracy,10,644,held-out fold,111
binary,r0f2,M5,permutation,dwt_cD5_energy,-0.0011115575197535254,0.005697723514179828,balanced_accuracy,10,644,held-out fold,112
binary,r0f2,M5,permutation,dwt_cD2_energy,-0.001120485692602935,0.0023669884868946366,balanced_accuracy,10,644,held-out fold,113
binary,r0f2,M5,permutation,freq_rolloff95_mean,-0.0012670565302144276,0.0004466448045765544,balanced_accuracy,10,644,held-out fold,114
binary,r0f2,M5,permutation,time_median,-0.0014210675118669913,0.0019716606315992374,balanced_accuracy,10,644,held-out fold,115
binary,r0f2,M5,permutation,mfcc_03_mean,-0.0014292516703122815,0.004814809700963333,balanced_accuracy,10,644,held-out fold,116
binary,r0f2,M5,permutation,chroma_09_mean,-0.0014619883040935533,0.0004873294346978141,balanced_accuracy,10,644,held-out fold,117
binary,r0f2,M5,permutation,time_sample_entropy,-0.0017134651726856908,0.002246216452329071,balanced_accuracy,10,644,held-out fold,118
binary,r0f2,M5,permutation,mfcc_09_mean,-0.0018191152180705994,0.0021612465890912956,balanced_accuracy,10,644,held-out fold,119
binary,r0f2,M5,permutation,time_peak_to_peak,-0.0020140469919497474,0.0018356904117831374,balanced_accuracy,10,644,held-out fold,120
binary,r0f2,M5,permutation,env_mean,-0.002192610448938237,0.005439197231003718,balanced_accuracy,10,644,held-out fold,121
binary,r0f2,M5,permutation,time_range,-0.002290076335877833,0.0019199718049414467,balanced_accuracy,10,644,held-out fold,122
binary,r0f2,M5,permutation,time_duration,-0.0023867982084132323,0.005358239462316524,balanced_accuracy,10,644,held-out fold,123
binary,r0f2,M5,permutation,chroma_01_mean,-0.002720860675862624,0.0026941891645886535,balanced_accuracy,10,644,held-out fold,124
binary,r0f2,M5,permutation,time_energy,-0.0028979361040428753,0.007398606016698531,balanced_accuracy,10,644,held-out fold,125
binary,r0f2,M5,permutation,time_max,-0.003240182729937602,0.0013016478309283708,balanced_accuracy,10,644,held-out fold,126
binary,r0f2,M5,permutation,mfcc_12_delta_mean,-0.0033622010922131017,0.0023202121102613997,balanced_accuracy,10,644,held-out fold,127
binary,r0f2,M5,permutation,time_autocorr_peak_lag,-0.003370385250658381,0.0028682020652341872,balanced_accuracy,10,644,held-out fold,128
binary,r0f2,M5,permutation,mfcc_13_mean,-0.0034351145038167496,0.002776374362744497,balanced_accuracy,10,644,held-out fold,129
binary,r0f2,M5,permutation,mfcc_05_delta_mean,-0.0035489487076469485,0.0018170135707380082,balanced_accuracy,10,644,held-out fold,130
binary,r0f2,M5,permutation,mfcc_07_mean,-0.004287755010936945,0.0028722657521232584,balanced_accuracy,10,644,held-out fold,131
binary,r0f2,M5,permutation,mfcc_06_mean,-0.0043123074862729035,0.0028431285572740844,balanced_accuracy,10,644,held-out fold,132
binary,r0f2,M5,permutation,mfcc_01_delta_mean,-0.004377036739431195,0.002745917280527449,balanced_accuracy,10,644,held-out fold,133
binary,r0f2,M5,permutation,dwt_cD2_entropy,-0.005221493088106077,0.0028179270293883047,balanced_accuracy,10,644,held-out fold,134
binary,r0f2,M5,permutation,mfcc_10_mean,-0.00621252027439243,0.0035201821076082454,balanced_accuracy,10,644,held-out fold,135
binary,r0f2,M5,permutation,chroma_08_mean,-0.006326354478222629,0.0018244017542946643,balanced_accuracy,10,644,held-out fold,136
binary,r0f2,M5,permutation,mfcc_02_delta_mean,-0.008071812270285462,0.0025758299819260014,balanced_accuracy,10,644,held-out fold,137
binary,r0f2,M5,permutation,dwt_cD4_energy,-0.00986563099861607,0.006878878913789742,balanced_accuracy,10,644,held-out fold,138
binary,r0f2,M8,impurity,mfcc_04_mean,0.08411601185798645,,mean decrease in impurity,0,0,train,1
binary,r0f2,M8,impurity,dwt_cD1_entropy,0.08382916450500488,,mean decrease in impurity,0,0,train,2
binary,r0f2,M8,impurity,dwt_cD1_std,0.04972117766737938,,mean decrease in impurity,0,0,train,3
binary,r0f2,M8,impurity,dwt_cD4_energy,0.038506876677274704,,mean decrease in impurity,0,0,train,4
binary,r0f2,M8,impurity,dwt_cD1_energy,0.0339592881500721,,mean decrease in impurity,0,0,train,5
binary,r0f2,M8,impurity,dwt_cD5_mean_abs,0.01838577724993229,,mean decrease in impurity,0,0,train,6
binary,r0f2,M8,impurity,dwt_cA5_mean_abs,0.016406657174229622,,mean decrease in impurity,0,0,train,7
binary,r0f2,M8,impurity,time_zcr_mean,0.015720747411251068,,mean decrease in impurity,0,0,train,8
binary,r0f2,M8,impurity,time_iqr,0.013667435385286808,,mean decrease in impurity,0,0,train,9
binary,r0f2,M8,impurity,chroma_12_mean,0.012790476903319359,,mean decrease in impurity,0,0,train,10
binary,r0f2,M8,impurity,time_hjorth_mobility,0.01235553715378046,,mean decrease in impurity,0,0,train,11
binary,r0f2,M8,impurity,dwt_cD3_mean_abs,0.011576121672987938,,mean decrease in impurity,0,0,train,12
binary,r0f2,M8,impurity,freq_rolloff95_mean,0.011513099074363708,,mean decrease in impurity,0,0,train,13
binary,r0f2,M8,impurity,freq_rolloff95_std,0.011023626662790775,,mean decrease in impurity,0,0,train,14
binary,r0f2,M8,impurity,dwt_cD5_energy,0.010691482573747635,,mean decrease in impurity,0,0,train,15
binary,r0f2,M8,impurity,dwt_cD2_mean_abs,0.010313714854419231,,mean decrease in impurity,0,0,train,16
binary,r0f2,M8,impurity,time_duration,0.010024008341133595,,mean decrease in impurity,0,0,train,17
binary,r0f2,M8,impurity,time_range,0.009930853731930256,,mean decrease in impurity,0,0,train,18
binary,r0f2,M8,impurity,freq_centroid_mean,0.009907576255500317,,mean decrease in impurity,0,0,train,19
binary,r0f2,M8,impurity,freq_band_power_20_50,0.009878023527562618,,mean decrease in impurity,0,0,train,20
binary,r0f2,M8,impurity,mfcc_01_std,0.009383464232087135,,mean decrease in impurity,0,0,train,21
binary,r0f2,M8,impurity,dwt_cD4_mean_abs,0.009177745319902897,,mean decrease in impurity,0,0,train,22
binary,r0f2,M8,impurity,mfcc_12_mean,0.009069273248314857,,mean decrease in impurity,0,0,train,23
binary,r0f2,M8,impurity,env_std,0.008896558545529842,,mean decrease in impurity,0,0,train,24
binary,r0f2,M8,impurity,time_energy,0.008825374767184258,,mean decrease in impurity,0,0,train,25
binary,r0f2,M8,impurity,chroma_07_std,0.0083562470972538,,mean decrease in impurity,0,0,train,26
binary,r0f2,M8,impurity,time_autocorr_peak_lag,0.00829530693590641,,mean decrease in impurity,0,0,train,27
binary,r0f2,M8,impurity,freq_centroid_std,0.008203553967177868,,mean decrease in impurity,0,0,train,28
binary,r0f2,M8,impurity,chroma_04_std,0.008065233938395977,,mean decrease in impurity,0,0,train,29
binary,r0f2,M8,impurity,chroma_05_std,0.007909208536148071,,mean decrease in impurity,0,0,train,30
binary,r0f2,M8,impurity,mfcc_05_mean,0.007840449921786785,,mean decrease in impurity,0,0,train,31
binary,r0f2,M8,impurity,freq_rolloff85_mean,0.007401313167065382,,mean decrease in impurity,0,0,train,32
binary,r0f2,M8,impurity,chroma_06_std,0.0073669529519975185,,mean decrease in impurity,0,0,train,33
binary,r0f2,M8,impurity,mfcc_02_mean,0.007352633401751518,,mean decrease in impurity,0,0,train,34
binary,r0f2,M8,impurity,dwt_cD4_std,0.0072672064416110516,,mean decrease in impurity,0,0,train,35
binary,r0f2,M8,impurity,mfcc_07_mean,0.007105058059096336,,mean decrease in impurity,0,0,train,36
binary,r0f2,M8,impurity,freq_bandwidth_mean,0.007093469146639109,,mean decrease in impurity,0,0,train,37
binary,r0f2,M8,impurity,mfcc_10_mean,0.006614975165575743,,mean decrease in impurity,0,0,train,38
binary,r0f2,M8,impurity,dwt_cD5_std,0.006611245684325695,,mean decrease in impurity,0,0,train,39
binary,r0f2,M8,impurity,freq_flux_mean,0.006608677562326193,,mean decrease in impurity,0,0,train,40
binary,r0f2,M8,impurity,freq_band_power_250_350,0.006490836851298809,,mean decrease in impurity,0,0,train,41
binary,r0f2,M8,impurity,time_hjorth_complexity,0.0063834525644779205,,mean decrease in impurity,0,0,train,42
binary,r0f2,M8,impurity,mfcc_05_std,0.006377204321324825,,mean decrease in impurity,0,0,train,43
binary,r0f2,M8,impurity,dwt_cD2_energy,0.006353307049721479,,mean decrease in impurity,0,0,train,44
binary,r0f2,M8,impurity,time_median,0.006349931936711073,,mean decrease in impurity,0,0,train,45
binary,r0f2,M8,impurity,dwt_cA5_energy,0.00616367207840085,,mean decrease in impurity,0,0,train,46
binary,r0f2,M8,impurity,env_mean,0.006003883667290211,,mean decrease in impurity,0,0,train,47
binary,r0f2,M8,impurity,mfcc_12_delta_mean,0.005971904378384352,,mean decrease in impurity,0,0,train,48
binary,r0f2,M8,impurity,dwt_cD5_entropy,0.00587843032553792,,mean decrease in impurity,0,0,train,49
binary,r0f2,M8,impurity,time_shannon_entropy,0.0056363618932664394,,mean decrease in impurity,0,0,train,50
binary,r0f2,M8,impurity,time_max,0.005631233565509319,,mean decrease in impurity,0,0,train,51
binary,r0f2,M8,impurity,freq_peak_power,0.005625259596854448,,mean decrease in impurity,0,0,train,52
binary,r0f2,M8,impurity,chroma_11_mean,0.005579512566328049,,mean decrease in impurity,0,0,train,53
binary,r0f2,M8,impurity,time_sample_entropy,0.0055747306905686855,,mean decrease in impurity,0,0,train,54
binary,r0f2,M8,impurity,mfcc_03_mean,0.005401289090514183,,mean decrease in impurity,0,0,train,55
binary,r0f2,M8,impurity,chroma_01_std,0.005398266017436981,,mean decrease in impurity,0,0,train,56
binary,r0f2,M8,impurity,time_autocorr_peak_value,0.005323342978954315,,mean decrease in impurity,0,0,train,57
binary,r0f2,M8,impurity,mfcc_13_mean,0.005315000656992197,,mean decrease in impurity,0,0,train,58
binary,r0f2,M8,impurity,mfcc_06_mean,0.005291641224175692,,mean decrease in impurity,0,0,train,59
binary,r0f2,M8,impurity,freq_band_power_350_400,0.005280178505927324,,mean decrease in impurity,0,0,train,60
binary,r0f2,M8,impurity,time_min,0.00522302370518446,,mean decrease in impurity,0,0,train,61
binary,r0f2,M8,impurity,mfcc_13_std,0.005043805576860905,,mean decrease in impurity,0,0,train,62
binary,r0f2,M8,impurity,mfcc_10_std,0.004984607920050621,,mean decrease in impurity,0,0,train,63
binary,r0f2,M8,impurity,freq_spectral_entropy,0.004972402937710285,,mean decrease in impurity,0,0,train,64
binary,r0f2,M8,impurity,env_skew,0.004934626631438732,,mean decrease in impurity,0,0,train,65
binary,r0f2,M8,impurity,chroma_01_mean,0.004732889123260975,,mean decrease in impurity,0,0,train,66
binary,r0f2,M8,impurity,freq_flatness_mean,0.004725264851003885,,mean decrease in impurity,0,0,train,67
binary,r0f2,M8,impurity,time_zcr_std,0.0047159381210803986,,mean decrease in impurity,0,0,train,68
binary,r0f2,M8,impurity,mfcc_04_std,0.004713763948529959,,mean decrease in impurity,0,0,train,69
binary,r0f2,M8,impurity,dwt_cD3_entropy,0.0047005657106637955,,mean decrease in impurity,0,0,train,70
binary,r0f2,M8,impurity,freq_bandwidth_std,0.004439758136868477,,mean decrease in impurity,0,0,train,71
binary,r0f2,M8,impurity,env_peak_rate,0.004404115490615368,,mean decrease in impurity,0,0,train,72
binary,r0f2,M8,impurity,mfcc_11_std,0.004366812761873007,,mean decrease in impurity,0,0,train,73
binary,r0f2,M8,impurity,mfcc_03_delta_mean,0.004166123922914267,,mean decrease in impurity,0,0,train,74
binary,r0f2,M8,impurity,chroma_11_std,0.004149466287344694,,mean decrease in impurity,0,0,train,75
binary,r0f2,M8,impurity,time_kurtosis,0.004124783910810947,,mean decrease in impurity,0,0,train,76
binary,r0f2,M8,impurity,time_crest_factor,0.004097973927855492,,mean decrease in impurity,0,0,train,77
binary,r0f2,M8,impurity,mfcc_12_std,0.004094031639397144,,mean decrease in impurity,0,0,train,78
binary,r0f2,M8,impurity,freq_band_power_100_150,0.0040153320878744125,,mean decrease in impurity,0,0,train,79
binary,r0f2,M8,impurity,chroma_05_mean,0.004001774359494448,,mean decrease in impurity,0,0,train,80
binary,r0f2,M8,impurity,mfcc_01_mean,0.003966719843447208,,mean decrease in impurity,0,0,train,81
binary,r0f2,M8,impurity,chroma_10_std,0.003960941452533007,,mean decrease in impurity,0,0,train,82
binary,r0f2,M8,impurity,chroma_02_std,0.003955825697630644,,mean decrease in impurity,0,0,train,83
binary,r0f2,M8,impurity,chroma_12_std,0.00391475111246109,,mean decrease in impurity,0,0,train,84
binary,r0f2,M8,impurity,time_mean,0.003855394432321191,,mean decrease in impurity,0,0,train,85
binary,r0f2,M8,impurity,mfcc_06_delta_mean,0.0038480726070702076,,mean decrease in impurity,0,0,train,86
binary,r0f2,M8,impurity,chroma_07_mean,0.003818042343482375,,mean decrease in impurity,0,0,train,87
binary,r0f2,M8,impurity,mfcc_08_mean,0.003817426972091198,,mean decrease in impurity,0,0,train,88
binary,r0f2,M8,impurity,chroma_09_std,0.003784357337281108,,mean decrease in impurity,0,0,train,89
binary,r0f2,M8,impurity,chroma_08_std,0.003701420035213232,,mean decrease in impurity,0,0,train,90
binary,r0f2,M8,impurity,mfcc_02_std,0.0036956232506781816,,mean decrease in impurity,0,0,train,91
binary,r0f2,M8,impurity,mfcc_08_std,0.0036228569224476814,,mean decrease in impurity,0,0,train,92
binary,r0f2,M8,impurity,chroma_03_std,0.0035308143123984337,,mean decrease in impurity,0,0,train,93
binary,r0f2,M8,impurity,chroma_10_mean,0.0035211455542594194,,mean decrease in impurity,0,0,train,94
binary,r0f2,M8,impurity,mfcc_06_std,0.003479323349893093,,mean decrease in impurity,0,0,train,95
binary,r0f2,M8,impurity,freq_total_power,0.003462935332208872,,mean decrease in impurity,0,0,train,96
binary,r0f2,M8,impurity,freq_flux_std,0.003410219680517912,,mean decrease in impurity,0,0,train,97
binary,r0f2,M8,impurity,mfcc_11_mean,0.003380242269486189,,mean decrease in impurity,0,0,train,98
binary,r0f2,M8,impurity,mfcc_02_delta_mean,0.003340907394886017,,mean decrease in impurity,0,0,train,99
binary,r0f2,M8,impurity,dwt_cD1_mean_abs,0.0033100119326263666,,mean decrease in impurity,0,0,train,100
binary,r0f2,M8,impurity,chroma_08_mean,0.0032652474474161863,,mean decrease in impurity,0,0,train,101
binary,r0f2,M8,impurity,mfcc_10_delta_mean,0.0032626420725136995,,mean decrease in impurity,0,0,train,102
binary,r0f2,M8,impurity,mfcc_09_mean,0.0032609417103230953,,mean decrease in impurity,0,0,train,103
binary,r0f2,M8,impurity,chroma_06_mean,0.003251332323998213,,mean decrease in impurity,0,0,train,104
binary,r0f2,M8,impurity,mfcc_04_delta_mean,0.0031291309278458357,,mean decrease in impurity,0,0,train,105
binary,r0f2,M8,impurity,mfcc_03_std,0.003127295058220625,,mean decrease in impurity,0,0,train,106
binary,r0f2,M8,impurity,dwt_cA5_entropy,0.0031230293679982424,,mean decrease in impurity,0,0,train,107
binary,r0f2,M8,impurity,chroma_09_mean,0.003111483296379447,,mean decrease in impurity,0,0,train,108
binary,r0f2,M8,impurity,chroma_04_mean,0.0030458264518529177,,mean decrease in impurity,0,0,train,109
binary,r0f2,M8,impurity,freq_flatness_std,0.0030105244368314743,,mean decrease in impurity,0,0,train,110
binary,r0f2,M8,impurity,time_std,0.0029955056961625814,,mean decrease in impurity,0,0,train,111
binary,r0f2,M8,impurity,dwt_cD2_entropy,0.002925059525296092,,mean decrease in impurity,0,0,train,112
binary,r0f2,M8,impurity,chroma_02_mean,0.00288878264836967,,mean decrease in impurity,0,0,train,113
binary,r0f2,M8,impurity,freq_band_power_150_250,0.0027179084718227386,,mean decrease in impurity,0,0,train,114
binary,r0f2,M8,impurity,dwt_cD3_energy,0.0027076026890426874,,mean decrease in impurity,0,0,train,115
binary,r0f2,M8,impurity,mfcc_09_std,0.0026843147352337837,,mean decrease in impurity,0,0,train,116
binary,r0f2,M8,impurity,freq_rolloff85_std,0.0026363315992057323,,mean decrease in impurity,0,0,train,117
binary,r0f2,M8,impurity,env_kurtosis,0.002589380368590355,,mean decrease in impurity,0,0,train,118
binary,r0f2,M8,impurity,time_skewness,0.0025807921774685383,,mean decrease in impurity,0,0,train,119
binary,r0f2,M8,impurity,freq_band_power_50_100,0.002551733748987317,,mean decrease in impurity,0,0,train,120
binary,r0f2,M8,impurity,mfcc_11_delta_mean,0.002466381061822176,,mean decrease in impurity,0,0,train,121
binary,r0f2,M8,impurity,mfcc_07_delta_mean,0.00237565697170794,,mean decrease in impurity,0,0,train,122
binary,r0f2,M8,impurity,mfcc_08_delta_mean,0.00232351990416646,,mean decrease in impurity,0,0,train,123
binary,r0f2,M8,impurity,mfcc_05_delta_mean,0.002316542435437441,,mean decrease in impurity,0,0,train,124
binary,r0f2,M8,impurity,chroma_03_mean,0.0022203235421329737,,mean decrease in impurity,0,0,train,125
binary,r0f2,M8,impurity,mfcc_01_delta_mean,0.0021535956766456366,,mean decrease in impurity,0,0,train,126
binary,r0f2,M8,impurity,mfcc_07_std,0.0021395094227045774,,mean decrease in impurity,0,0,train,127
binary,r0f2,M8,impurity,mfcc_09_delta_mean,0.0020415971521288157,,mean decrease in impurity,0,0,train,128
binary,r0f2,M8,impurity,mfcc_13_delta_mean,0.0018149558454751968,,mean decrease in impurity,0,0,train,129
binary,r0f2,M8,impurity,freq_dominant,0.0017879182705655694,,mean decrease in impurity,0,0,train,130
binary,r0f2,M8,impurity,time_peak_to_peak,0.0017007797723636031,,mean decrease in impurity,0,0,train,131
binary,r0f2,M8,impurity,dwt_cD3_std,0.0016762148588895798,,mean decrease in impurity,0,0,train,132
binary,r0f2,M8,impurity,dwt_cD4_entropy,0.0013485909439623356,,mean decrease in impurity,0,0,train,133
binary,r0f2,M8,impurity,dwt_cA5_std,0.0011402614181861281,,mean decrease in impurity,0,0,train,134
binary,r0f2,M8,impurity,dwt_cD2_std,0.0010520118521526456,,mean decrease in impurity,0,0,train,135
binary,r0f2,M8,impurity,time_var,0.0008020867244340479,,mean decrease in impurity,0,0,train,136
binary,r0f2,M8,impurity,time_rms,0.0,,mean decrease in impurity,0,0,train,137
binary,r0f2,M8,impurity,time_hjorth_activity,0.0,,mean decrease in impurity,0,0,train,137
binary,r0f2,M8,permutation,dwt_cD1_entropy,0.05506748210645355,0.011436245478316728,balanced_accuracy,10,644,held-out fold,1
binary,r0f2,M8,permutation,mfcc_04_mean,0.04534618990223645,0.00898491632936071,balanced_accuracy,10,644,held-out fold,2
binary,r0f2,M8,permutation,time_zcr_mean,0.01188042200496997,0.005065444150236881,balanced_accuracy,10,644,held-out fold,3
binary,r0f2,M8,permutation,mfcc_05_std,0.010906507149978373,0.0036086853109116466,balanced_accuracy,10,644,held-out fold,4
binary,r0f2,M8,permutation,mfcc_03_mean,0.010288975194559725,0.003071580274889217,balanced_accuracy,10,644,held-out fold,5
binary,r0f2,M8,permutation,dwt_cA5_energy,0.009720548189812906,0.004050231893314642,balanced_accuracy,10,644,held-out fold,6
binary,r0f2,M8,permutation,freq_flatness_mean,0.009355237117390535,0.0041157572234608525,balanced_accuracy,10,644,held-out fold,7
binary,r0f2,M8,permutation,time_autocorr_peak_lag,0.008486228293379694,0.004970513169559976,balanced_accuracy,10,644,held-out fold,8
binary,r0f2,M8,permutation,mfcc_02_mean,0.008461675818043768,0.006533397220572889,balanced_accuracy,10,644,held-out fold,9
binary,r0f2,M8,permutation,mfcc_03_std,0.008340401470172398,0.005141611114753289,balanced_accuracy,10,644,held-out fold,10
binary,r0f2,M8,permutation,dwt_cD1_energy,0.008274928202609933,0.0016508933584381841,balanced_accuracy,10,644,held-out fold,11
binary,r0f2,M8,permutation,freq_bandwidth_mean,0.00802345133401774,0.00047748338065950246,balanced_accuracy,10,644,held-out fold,12
binary,r0f2,M8,permutation,mfcc_11_mean,0.0072437242385011815,0.002224210373210703,balanced_accuracy,10,644,held-out fold,13
binary,r0f2,M8,permutation,env_peak_rate,0.007178994985342868,0.004291174848196321,balanced_accuracy,10,644,held-out fold,14
binary,r0f2,M8,permutation,mfcc_01_std,0.00677276312069397,0.005397982224478625,balanced_accuracy,10,644,held-out fold,15
binary,r0f2,M8,permutation,dwt_cA5_mean_abs,0.0065941996637054355,0.002393599797513903,balanced_accuracy,10,644,held-out fold,16
binary,r0f2,M8,permutation,freq_band_power_350_400,0.006106870229007555,0.0018698394983077454,balanced_accuracy,10,644,held-out fold,17
binary,r0f2,M8,permutation,chroma_01_mean,0.005725190839694605,0.0035189100982033826,balanced_accuracy,10,644,held-out fold,18
binary,r0f2,M8,permutation,mfcc_06_std,0.0053435114503816,0.002993231624689715,balanced_accuracy,10,644,held-out fold,19
binary,r0f2,M8,permutation,mfcc_03_delta_mean,0.005173132151838411,0.002638984690744947,balanced_accuracy,10,644,held-out fold,20
binary,r0f2,M8,permutation,freq_flatness_std,0.005156763834947775,0.002931213651920511,balanced_accuracy,10,644,held-out fold,21
binary,r0f2,M8,permutation,env_mean,0.004775084445634814,0.0014782605737299187,balanced_accuracy,10,644,held-out fold,22
binary,r0f2,M8,permutation,chroma_08_mean,0.004596520988646269,0.004134661223907456,balanced_accuracy,10,644,held-out fold,23
binary,r0f2,M8,permutation,chroma_11_std,0.004580152671755666,0.0033011478937025832,balanced_accuracy,10,644,held-out fold,24
binary,r0f2,M8,permutation,freq_flux_std,0.00442614169010308,0.002712277850673661,balanced_accuracy,10,644,held-out fold,25
binary,r0f2,M8,permutation,mfcc_02_delta_mean,0.00439340505632183,0.005788317543985289,balanced_accuracy,10,644,held-out fold,26
binary,r0f2,M8,permutation,env_std,0.004287755010936945,0.0016163960789687688,balanced_accuracy,10,644,held-out fold,27
binary,r0f2,M8,permutation,mfcc_09_mean,0.0042877550109369335,0.0036253372827112335,balanced_accuracy,10,644,held-out fold,28
binary,r0f2,M8,permutation,dwt_cA5_std,0.00427957085249161,0.00368265304969628,balanced_accuracy,10,644,held-out fold,29
binary,r0f2,M8,permutation,freq_centroid_mean,0.004223025757778642,0.001667472892475183,balanced_accuracy,10,644,held-out fold,30
binary,r0f2,M8,permutation,dwt_cD4_mean_abs,0.0041337440292843804,0.0021006603401916885,balanced_accuracy,10,644,held-out fold,31
binary,r0f2,M8,permutation,chroma_03_mean,0.004117375712393756,0.0011346363585997901,balanced_accuracy,10,644,held-out fold,32
binary,r0f2,M8,permutation,chroma_10_std,0.004109191553948443,0.0019639473287490724,balanced_accuracy,10,644,held-out fold,33
binary,r0f2,M8,permutation,mfcc_05_mean,0.004109191553948432,0.0039162971224235505,balanced_accuracy,10,644,held-out fold,34
binary,r0f2,M8,permutation,chroma_05_mean,0.004109191553948422,0.00233936645456154,balanced_accuracy,10,644,held-out fold,35
binary,r0f2,M8,permutation,time_median,0.004101007395503109,0.0023740491195871466,balanced_accuracy,10,644,held-out fold,36
binary,r0f2,M8,permutation,chroma_02_mean,0.00401990982545416,0.0031594693220183346,balanced_accuracy,10,644,held-out fold,37
binary,r0f2,M8,permutation,time_autocorr_peak_value,0.003978989033227587,0.002042228873243435,balanced_accuracy,10,644,held-out fold,38
binary,r0f2,M8,permutation,time_energy,0.003833162210020347,0.00396529357300305,balanced_accuracy,10,644,held-out fold,39
binary,r0f2,M8,permutation,dwt_cD1_mean_abs,0.003824978051575045,0.0013552522077054472,balanced_accuracy,10,644,held-out fold,40
binary,r0f2,M8,permutation,mfcc_13_mean,0.0038086097346844094,0.0043825384571609515,balanced_accuracy,10,644,held-out fold,41
binary,r0f2,M8,permutation,chroma_07_std,0.0037356963230807836,0.0017372264748910591,balanced_accuracy,10,644,held-out fold,42
binary,r0f2,M8,permutation,env_skew,0.0034432986622620508,0.00333928186459049,balanced_accuracy,10,644,held-out fold,43
binary,r0f2,M8,permutation,mfcc_04_std,0.0034105620284807904,0.002565450134266651,balanced_accuracy,10,644,held-out fold,44
binary,r0f2,M8,permutation,time_skewness,0.0032401827299375907,0.0038764210767720615,balanced_accuracy,10,644,held-out fold,45
binary,r0f2,M8,permutation,chroma_02_std,0.0032319985714922782,0.002460722785658507,balanced_accuracy,10,644,held-out fold,46
binary,r0f2,M8,permutation,time_sample_entropy,0.0030534351145037665,0.0034762120586698158,balanced_accuracy,10,644,held-out fold,47
binary,r0f2,M8,permutation,mfcc_13_std,0.0029559692275642037,0.001627127522822465,balanced_accuracy,10,644,held-out fold,48
binary,r0f2,M8,permutation,time_hjorth_complexity,0.002769221612130379,0.0020741189407789385,balanced_accuracy,10,644,held-out fold,49
binary,r0f2,M8,permutation,mfcc_06_delta_mean,0.0026799398836360954,0.004315906675101649,balanced_accuracy,10,644,held-out fold,50
binary,r0f2,M8,permutation,freq_total_power,0.002582473996696544,0.003873935825486186,balanced_accuracy,10,644,held-out fold,51
binary,r0f2,M8,permutation,chroma_07_mean,0.0024850081097569587,0.00256964308053542,balanced_accuracy,10,644,held-out fold,52
binary,r0f2,M8,permutation,freq_peak_power,0.0024768239513116574,0.0022213545292365518,balanced_accuracy,10,644,held-out fold,53
binary,r0f2,M8,permutation,mfcc_06_mean,0.002476823951311613,0.005560589097950533,balanced_accuracy,10,644,held-out fold,54
binary,r0f2,M8,permutation,mfcc_08_std,0.002468639792866334,0.002307300830435835,balanced_accuracy,10,644,held-out fold,55
binary,r0f2,M8,permutation,mfcc_13_delta_mean,0.002395726381262697,0.002425484675173663,balanced_accuracy,10,644,held-out fold,56
binary,r0f2,M8,permutation,freq_dominant,0.0023793580643720834,0.0016090807619572975,balanced_accuracy,10,644,held-out fold,57
binary,r0f2,M8,permutation,mfcc_01_delta_mean,0.0022007946073835495,0.0024143371735944673,balanced_accuracy,10,644,held-out fold,58
binary,r0f2,M8,permutation,mfcc_12_delta_mean,0.002192610448938226,0.0035220624239347027,balanced_accuracy,10,644,held-out fold,59
binary,r0f2,M8,permutation,dwt_cD5_std,0.0021844262904929246,0.0032878436795143085,balanced_accuracy,10,644,held-out fold,60
binary,r0f2,M8,permutation,dwt_cD3_entropy,0.002022231150394993,0.004322024180958777,balanced_accuracy,10,644,held-out fold,61
binary,r0f2,M8,permutation,freq_spectral_entropy,0.001908396946564861,0.001908396946564861,balanced_accuracy,10,644,held-out fold,62
binary,r0f2,M8,permutation,mfcc_10_std,0.0017863785842893165,0.003273092550941655,balanced_accuracy,10,644,held-out fold,63
binary,r0f2,M8,permutation,mfcc_02_std,0.0017380176480215948,0.004802021591920379,balanced_accuracy,10,644,held-out fold,64
binary,r0f2,M8,permutation,freq_band_power_250_350,0.0017216493311310143,0.0031629490084185688,balanced_accuracy,10,644,held-out fold,65
binary,r0f2,M8,permutation,mfcc_01_mean,0.001697096855795066,0.0023037489052290324,balanced_accuracy,10,644,held-out fold,66
binary,r0f2,M8,permutation,dwt_cD3_mean_abs,0.0016569200779726345,0.0006240861829856529,balanced_accuracy,10,644,held-out fold,67
binary,r0f2,M8,permutation,freq_rolloff85_std,0.0016323676026367417,0.0019643704953683228,balanced_accuracy,10,644,held-out fold,68
binary,r0f2,M8,permutation,freq_band_power_150_250,0.0016078151273008156,0.0018656269113273016,balanced_accuracy,10,644,held-out fold,69
binary,r0f2,M8,permutation,mfcc_07_mean,0.0015430858741424913,0.002069890862004979,balanced_accuracy,10,644,held-out fold,70
binary,r0f2,M8,permutation,mfcc_12_mean,0.001518533398806554,0.002743641159683532,balanced_accuracy,10,644,held-out fold,71
binary,r0f2,M8,permutation,mfcc_07_std,0.0014374358287575829,0.0022245677335714425,balanced_accuracy,10,644,held-out fold,72
binary,r0f2,M8,permutation,dwt_cD1_std,0.0012506882133237807,0.0018199920004392913,balanced_accuracy,10,644,held-out fold,73
binary,r0f2,M8,permutation,freq_band_power_50_100,0.001234319896433167,0.001960763680740443,balanced_accuracy,10,644,held-out fold,74
binary,r0f2,M8,permutation,dwt_cD2_mean_abs,0.0009746588693956282,0.0,balanced_accuracy,10,644,held-out fold,75
binary,r0f2,M8,permutation,chroma_06_mean,0.0009501063940597576,0.003947203694607452,balanced_accuracy,10,644,held-out fold,76
binary,r0f2,M8,permutation,mfcc_12_std,0.0008771929824560653,0.00029239766081868846,balanced_accuracy,10,644,held-out fold,77
binary,r0f2,M8,permutation,freq_rolloff95_std,0.0008526405071201615,0.004064075012900046,balanced_accuracy,10,644,held-out fold,78
binary,r0f2,M8,permutation,chroma_05_std,0.0007715429370712234,0.0021295689968626745,balanced_accuracy,10,644,held-out fold,79
binary,r0f2,M8,permutation,dwt_cD5_entropy,0.0007715429370712124,0.0026941891645886583,balanced_accuracy,10,644,held-out fold,80
binary,r0f2,M8,permutation,time_range,0.0007715429370711791,0.004242043716355421,balanced_accuracy,10,644,held-out fold,81
binary,r0f2,M8,permutation,freq_rolloff95_mean,0.0005847953216373769,0.0004774833806594481,balanced_accuracy,10,644,held-out fold,82
binary,r0f2,M8,permutation,time_peak_to_peak,0.0005847953216373658,0.000646515553675488,balanced_accuracy,10,644,held-out fold,83
binary,r0f2,M8,permutation,chroma_06_std,0.0005766111631920978,0.0011464305958425057,balanced_accuracy,10,644,held-out fold,84
binary,r0f2,M8,permutation,freq_rolloff85_mean,0.0005602428463014619,0.0014900996334179643,balanced_accuracy,10,644,held-out fold,85
binary,r0f2,M8,permutation,mfcc_08_delta_mean,0.0004873294346978141,0.0004873294346978141,balanced_accuracy,10,644,held-out fold,86
binary,r0f2,M8,permutation,freq_bandwidth_std,0.0004709611178071782,0.0024302887427852834,balanced_accuracy,10,644,held-out fold,87
binary,r0f2,M8,permutation,time_zcr_std,0.0004545928009165756,0.0035097856528879144,balanced_accuracy,10,644,held-out fold,88
binary,r0f2,M8,permutation,mfcc_09_delta_mean,0.0003816793893129611,0.0015604841475748753,balanced_accuracy,10,644,held-out fold,89
binary,r0f2,M8,permutation,freq_centroid_std,0.00038167938931295,0.003170467123251162,balanced_accuracy,10,644,held-out fold,90
binary,r0f2,M8,permutation,time_duration,0.00030058181926395644,0.0011346363585997812,balanced_accuracy,10,644,held-out fold,91
binary,r0f2,M8,permutation,chroma_04_mean,0.00029239766081868846,0.0004466448045765544,balanced_accuracy,10,644,held-out fold,92
binary,r0f2,M8,permutation,time_crest_factor,0.00029239766081867735,0.0006240861829856269,balanced_accuracy,10,644,held-out fold,93
binary,r0f2,M8,permutation,chroma_12_mean,0.00019493177387912563,0.00038986354775825125,balanced_accuracy,10,644,held-out fold,94
binary,r0f2,M8,permutation,time_kurtosis,9.746588693956281e-05,0.00029239766081868846,balanced_accuracy,10,644,held-out fold,95
binary,r0f2,M8,permutation,dwt_cD2_entropy,9.74658869395073e-05,0.003852713848318267,balanced_accuracy,10,644,held-out fold,96
binary,r0f2,M8,permutation,freq_flux_mean,8.109757004892693e-05,0.0018899677898956038,balanced_accuracy,10,644,held-out fold,97
binary,r0f2,M8,permutation,mfcc_04_delta_mean,8.18415844523468e-06,0.003943227840215363,balanced_accuracy,10,644,held-out fold,98
binary,r0f2,M8,permutation,time_var,0.0,0.0,balanced_accuracy,10,644,held-out fold,99
binary,r0f2,M8,permutation,time_rms,0.0,0.0,balanced_accuracy,10,644,held-out fold,99
binary,r0f2,M8,permutation,time_shannon_entropy,0.0,0.0,balanced_accuracy,10,644,held-out fold,99
binary,r0f2,M8,permutation,time_hjorth_activity,0.0,0.0,balanced_accuracy,10,644,held-out fold,99
binary,r0f2,M8,permutation,time_hjorth_mobility,0.0,0.0,balanced_accuracy,10,644,held-out fold,99
binary,r0f2,M8,permutation,mfcc_11_delta_mean,0.0,0.0,balanced_accuracy,10,644,held-out fold,99
binary,r0f2,M8,permutation,dwt_cD3_energy,0.0,0.0,balanced_accuracy,10,644,held-out fold,99
binary,r0f2,M8,permutation,dwt_cA5_entropy,-1.6368316890646993e-05,0.0017115106566899267,balanced_accuracy,10,644,held-out fold,106
binary,r0f2,M8,permutation,dwt_cD3_std,-8.928172849429484e-05,0.0013167415497081644,balanced_accuracy,10,644,held-out fold,107
binary,r0f2,M8,permutation,dwt_cD2_std,-9.746588693957393e-05,0.00029239766081872175,balanced_accuracy,10,644,held-out fold,108
binary,r0f2,M8,permutation,mfcc_07_delta_mean,-0.00011383420383026532,0.00401141636200526,balanced_accuracy,10,644,held-out fold,109
binary,r0f2,M8,permutation,dwt_cD5_mean_abs,-0.00018674761543390205,0.0038204954190793217,balanced_accuracy,10,644,held-out fold,110
binary,r0f2,M8,permutation,freq_band_power_100_150,-0.0002842135023734205,0.0012128521090805377,balanced_accuracy,10,644,held-out fold,111
binary,r0f2,M8,permutation,dwt_cD4_std,-0.00029239766081872175,0.00044664480457660527,balanced_accuracy,10,644,held-out fold,112
binary,r0f2,M8,permutation,chroma_03_std,-0.0002923976608187551,0.002674071090921857,balanced_accuracy,10,644,held-out fold,113
binary,r0f2,M8,permutation,time_iqr,-0.00030802196330526055,0.007524428628153577,balanced_accuracy,10,644,held-out fold,114
binary,r0f2,M8,permutation,mfcc_10_delta_mean,-0.0003734952308677597,0.0026700515731153326,balanced_accuracy,10,644,held-out fold,115
binary,r0f2,M8,permutation,time_std,-0.0003816793893129833,0.0011450381679389498,balanced_accuracy,10,644,held-out fold,116
binary,r0f2,M8,permutation,chroma_04_std,-0.0004791452762525794,0.0013046805441770046,balanced_accuracy,10,644,held-out fold,117
binary,r0f2,M8,permutation,dwt_cD4_entropy,-0.0005766111631921534,0.0019167325879814174,balanced_accuracy,10,644,held-out fold,118
binary,r0f2,M8,permutation,chroma_01_std,-0.0005847953216374435,0.0004774833806595025,balanced_accuracy,10,644,held-out fold,119
binary,r0f2,M8,permutation,mfcc_05_delta_mean,-0.0007797270955166025,0.0019518173875944739,balanced_accuracy,10,644,held-out fold,120
binary,r0f2,M8,permutation,time_min,-0.0008444563486749823,0.002719297328547794,balanced_accuracy,10,644,held-out fold,121
binary,r0f2,M8,permutation,mfcc_11_std,-0.0009582905525051145,0.001478260573729962,balanced_accuracy,10,644,held-out fold,122
binary,r0f2,M8,permutation,mfcc_10_mean,-0.0010475722809994204,0.0034179244339554104,balanced_accuracy,10,644,held-out fold,123
binary,r0f2,M8,permutation,mfcc_09_std,-0.0010639405978900228,0.002464334747866701,balanced_accuracy,10,644,held-out fold,124
binary,r0f2,M8,permutation,time_max,-0.0011614064848295858,0.003217554699816465,balanced_accuracy,10,644,held-out fold,125
binary,r0f2,M8,permutation,env_kurtosis,-0.0019976786750592113,0.002980370240303177,balanced_accuracy,10,644,held-out fold,126
binary,r0f2,M8,permutation,chroma_09_std,-0.002005862833504524,0.0015612223526546237,balanced_accuracy,10,644,held-out fold,127
binary,r0f2,M8,permutation,chroma_12_std,-0.002192610448938337,0.0018122335334709709,balanced_accuracy,10,644,held-out fold,128
binary,r0f2,M8,permutation,dwt_cD2_energy,-0.002395726381262808,0.0031746877538891462,balanced_accuracy,10,644,held-out fold,129
binary,r0f2,M8,permutation,chroma_08_std,-0.002485008109757059,0.0025324047028477434,balanced_accuracy,10,644,held-out fold,130
binary,r0f2,M8,permutation,time_mean,-0.003248366888383014,0.001667472892475183,balanced_accuracy,10,644,held-out fold,131
binary,r0f2,M8,permutation,freq_band_power_20_50,-0.0034351145038168497,0.0011450381679389498,balanced_accuracy,10,644,held-out fold,132
binary,r0f2,M8,permutation,mfcc_08_mean,-0.003443298662262129,0.0035551135255320527,balanced_accuracy,10,644,held-out fold,133
binary,r0f2,M8,permutation,chroma_11_mean,-0.0035489487076470483,0.0017092554962818052,balanced_accuracy,10,644,held-out fold,134
binary,r0f2,M8,permutation,chroma_10_mean,-0.003816793893129855,0.0006164283937949882,balanced_accuracy,10,644,held-out fold,135
binary,r0f2,M8,permutation,dwt_cD4_energy,-0.004644881924914112,0.0044594488680928445,balanced_accuracy,10,644,held-out fold,136
binary,r0f2,M8,permutation,chroma_09_mean,-0.004880734491019801,0.002936409105459827,balanced_accuracy,10,644,held-out fold,137
binary,r0f2,M8,permutation,dwt_cD5_energy,-0.00854202937368873,0.010220008615441681,balanced_accuracy,10,644,held-out fold,138
binary,r0f3,M1,permutation,time_zcr_mean,0.19805188400078913,0.025122656950784333,balanced_accuracy,10,655,held-out fold,1
binary,r0f3,M1,permutation,dwt_cD1_entropy,0.1351337260096384,0.013033732466345647,balanced_accuracy,10,655,held-out fold,2
binary,r0f3,M1,permutation,time_iqr,0.06840881548910746,0.013237300165686071,balanced_accuracy,10,655,held-out fold,3
binary,r0f3,M1,permutation,mfcc_04_mean,0.04388862272073948,0.009203166154807835,balanced_accuracy,10,655,held-out fold,4
binary,r0f3,M1,permutation,dwt_cA5_energy,0.03863822111997295,0.008330011733777176,balanced_accuracy,10,655,held-out fold,5
binary,r0f3,M1,permutation,chroma_01_mean,0.037017726798748686,0.007900491157028849,balanced_accuracy,10,655,held-out fold,6
binary,r0f3,M1,permutation,freq_centroid_mean,0.037008567483020026,0.014286406200588037,balanced_accuracy,10,655,held-out fold,7
binary,r0f3,M1,permutation,time_sample_entropy,0.03509427049573036,0.009698139750222485,balanced_accuracy,10,655,held-out fold,8
binary,r0f3,M1,permutation,dwt_cD4_std,0.029564157483865493,0.01631124831268509,balanced_accuracy,10,655,held-out fold,9
binary,r0f3,M1,permutation,dwt_cD2_energy,0.02878420652143283,0.0023319541168653557,balanced_accuracy,10,655,held-out fold,10
binary,r0f3,M1,permutation,dwt_cD2_mean_abs,0.02613364146210855,0.010047900152861586,balanced_accuracy,10,655,held-out fold,11
binary,r0f3,M1,permutation,freq_band_power_50_100,0.024924611785925654,0.009099922112073828,balanced_accuracy,10,655,held-out fold,12
binary,r0f3,M1,permutation,freq_band_power_150_250,0.02216061212411573,0.006684631335930539,balanced_accuracy,10,655,held-out fold,13
binary,r0f3,M1,permutation,freq_band_power_20_50,0.01832004058281428,0.007669448080145143,balanced_accuracy,10,655,held-out fold,14
binary,r0f3,M1,permutation,env_kurtosis,0.017621114336442777,0.007099428214957046,balanced_accuracy,10,655,held-out fold,15
binary,r0f3,M1,permutation,mfcc_01_std,0.015799115069188054,0.004307539226011353,balanced_accuracy,10,655,held-out fold,16
binary,r0f3,M1,permutation,freq_band_power_100_150,0.012388326804385175,0.009980996664156758,balanced_accuracy,10,655,held-out fold,17
binary,r0f3,M1,permutation,freq_band_power_350_400,0.010991178874390528,0.0031584723677020995,balanced_accuracy,10,655,held-out fold,18
binary,r0f3,M1,permutation,dwt_cD5_std,0.01055434997040835,0.012440886033060563,balanced_accuracy,10,655,held-out fold,19
binary,r0f3,M1,permutation,mfcc_05_std,0.009953357946058672,0.0061589473043511716,balanced_accuracy,10,655,held-out fold,20
binary,r0f3,M1,permutation,freq_rolloff85_mean,0.008029901643040316,0.00832808013719366,balanced_accuracy,10,655,held-out fold,21
binary,r0f3,M1,permutation,freq_band_power_250_350,0.007127356762393256,0.0029600226494439145,balanced_accuracy,10,655,held-out fold,22
binary,r0f3,M1,permutation,chroma_07_std,0.006919510751627523,0.008390950969089442,balanced_accuracy,10,655,held-out fold,23
binary,r0f3,M1,permutation,dwt_cD3_energy,0.006234675760223208,0.004198799654814184,balanced_accuracy,10,655,held-out fold,24
binary,r0f3,M1,permutation,mfcc_03_mean,0.005537863202096771,0.011021189311762757,balanced_accuracy,10,655,held-out fold,25
binary,r0f3,M1,permutation,dwt_cD1_mean_abs,0.0043887213595242835,0.006549144358004064,balanced_accuracy,10,655,held-out fold,26
binary,r0f3,M1,permutation,env_skew,0.0040364399853450635,0.006564085947227845,balanced_accuracy,10,655,held-out fold,27
binary,r0f3,M1,permutation,mfcc_03_delta_mean,0.003863822111997295,0.0027176898617449546,balanced_accuracy,10,655,held-out fold,28
binary,r0f3,M1,permutation,dwt_cD1_std,0.003846208043288313,0.008881599879257034,balanced_accuracy,10,655,held-out fold,29
binary,r0f3,M1,permutation,freq_bandwidth_mean,0.003649635036496346,0.004238006719262597,balanced_accuracy,10,655,held-out fold,30
binary,r0f3,M1,permutation,chroma_11_std,0.0035742468224220225,0.0016380047477470236,balanced_accuracy,10,655,held-out fold,31
binary,r0f3,M1,permutation,chroma_10_mean,0.003522813741791808,0.004503029138206566,balanced_accuracy,10,655,held-out fold,32
binary,r0f3,M1,permutation,freq_centroid_std,0.00310993997125385,0.005254765958038303,balanced_accuracy,10,655,held-out fold,33
binary,r0f3,M1,permutation,dwt_cD5_mean_abs,0.003049347574895012,0.0037105003639495812,balanced_accuracy,10,655,held-out fold,34
binary,r0f3,M1,permutation,freq_flux_std,0.002759772285319706,0.004627694549588256,balanced_accuracy,10,655,held-out fold,35
binary,r0f3,M1,permutation,env_mean,0.0027055209536960946,0.003773725162947859,balanced_accuracy,10,655,held-out fold,36
binary,r0f3,M1,permutation,dwt_cD1_energy,0.002368035397232482,0.003204020227225738,balanced_accuracy,10,655,held-out fold,37
binary,r0f3,M1,permutation,dwt_cD3_mean_abs,0.001991094326860743,0.0059733278570218516,balanced_accuracy,10,655,held-out fold,38
binary,r0f3,M1,permutation,dwt_cD4_energy,0.001963616379674771,0.002483917058685353,balanced_accuracy,10,655,held-out fold,39
binary,r0f3,M1,permutation,freq_flatness_mean,0.0018036806357974334,0.003126579261438264,balanced_accuracy,10,655,held-out fold,40
binary,r0f3,M1,permutation,freq_rolloff85_std,0.0017163148550009776,0.005759809905084413,balanced_accuracy,10,655,held-out fold,41
binary,r0f3,M1,permutation,mfcc_04_delta_mean,0.0016740410900995095,0.0017781137058165085,balanced_accuracy,10,655,held-out fold,42
binary,r0f3,M1,permutation,chroma_04_mean,0.0015894935602964733,0.0030550789703907865,balanced_accuracy,10,655,held-out fold,43
binary,r0f3,M1,permutation,mfcc_08_delta_mean,0.0015655384268522866,0.0020445672876927487,balanced_accuracy,10,655,held-out fold,44
binary,r0f3,M1,permutation,chroma_05_mean,0.0014809908970492946,0.002261850099735199,balanced_accuracy,10,655,held-out fold,45
binary,r0f3,M1,permutation,mfcc_13_std,0.0013633289180734476,0.0022889990236427426,balanced_accuracy,10,655,held-out fold,46
binary,r0f3,M1,permutation,mfcc_11_delta_mean,0.0012456669390975895,0.0036816337027931164,balanced_accuracy,10,655,held-out fold,47
binary,r0f3,M1,permutation,freq_flatness_std,0.0011914156074740224,0.003105254227526649,balanced_accuracy,10,655,held-out fold,48
binary,r0f3,M1,permutation,mfcc_08_std,0.0011491418425724985,0.0019319322544333287,balanced_accuracy,10,655,held-out fold,49
binary,r0f3,M1,permutation,mfcc_03_std,0.0010286616126032322,0.004753565346025181,balanced_accuracy,10,655,held-out fold,50
binary,r0f3,M1,permutation,time_shannon_entropy,0.000989206098695139,0.004447210113673474,balanced_accuracy,10,655,held-out fold,51
binary,r0f3,M1,permutation,freq_total_power,0.0009018403178987277,0.0021712150249902635,balanced_accuracy,10,655,held-out fold,52
binary,r0f3,M1,permutation,time_range,0.0008990220669052972,0.004048143369043346,balanced_accuracy,10,655,held-out fold,53
binary,r0f3,M1,permutation,time_peak_to_peak,0.0008990220669052972,0.004048143369043346,balanced_accuracy,10,655,held-out fold,53
binary,r0f3,M1,permutation,freq_bandwidth_std,0.0008990220669052862,0.005811605977551774,balanced_accuracy,10,655,held-out fold,55
binary,r0f3,M1,permutation,time_hjorth_mobility,0.0008475889862751274,0.00695236948151687,balanced_accuracy,10,655,held-out fold,56
binary,r0f3,M1,permutation,freq_dominant,0.0007933376546515158,0.0033559621713662806,balanced_accuracy,10,655,held-out fold,57
binary,r0f3,M1,permutation,mfcc_11_std,0.0007841783389228474,0.002877974625606914,balanced_accuracy,10,655,held-out fold,58
binary,r0f3,M1,permutation,mfcc_09_mean,0.0007510638897500254,0.0026448955248871034,balanced_accuracy,10,655,held-out fold,59
binary,r0f3,M1,permutation,chroma_03_std,0.0007207676915706118,0.004807452196537861,balanced_accuracy,10,655,held-out fold,60
binary,r0f3,M1,permutation,mfcc_09_delta_mean,0.0006876532423977566,0.0030310666115979028,balanced_accuracy,10,655,held-out fold,61
binary,r0f3,M1,permutation,mfcc_08_mean,0.0005368768142490765,0.001308423673839542,balanced_accuracy,10,655,held-out fold,62
binary,r0f3,M1,permutation,mfcc_06_delta_mean,0.0004072372685511194,0.0035037556238815626,balanced_accuracy,10,655,held-out fold,63
binary,r0f3,M1,permutation,time_min,0.00038610038610039645,0.0006402750560531747,balanced_accuracy,10,655,held-out fold,64
binary,r0f3,M1,permutation,dwt_cD5_entropy,0.00032268973874811647,0.002933521777546042,balanced_accuracy,10,655,held-out fold,65
binary,r0f3,M1,permutation,mfcc_10_std,0.00032268973874810536,0.0019830851960441105,balanced_accuracy,10,655,held-out fold,66
binary,r0f3,M1,permutation,dwt_cD3_std,0.0002804159738466039,0.0016442230371697748,balanced_accuracy,10,655,held-out fold,67
binary,r0f3,M1,permutation,chroma_04_std,0.0002592790913958809,0.004034237702837197,balanced_accuracy,10,655,held-out fold,68
binary,r0f3,M1,permutation,mfcc_10_delta_mean,0.0002592790913958254,0.003143030334743947,balanced_accuracy,10,655,held-out fold,69
binary,r0f3,M1,permutation,chroma_09_std,0.00021418707550097116,0.001067974903189652,balanced_accuracy,10,655,held-out fold,70
binary,r0f3,M1,permutation,chroma_06_mean,0.00019305019305020376,0.0009457489354375277,balanced_accuracy,10,655,held-out fold,71
binary,r0f3,M1,permutation,dwt_cD4_entropy,0.0001507764281487023,0.0028059191771606148,balanced_accuracy,10,655,held-out fold,72
binary,r0f3,M1,permutation,chroma_05_std,0.00013598061043317288,0.0042717599922586025,balanced_accuracy,10,655,held-out fold,73
binary,r0f3,M1,permutation,chroma_02_std,0.00012682129470449334,0.004690791258271933,balanced_accuracy,10,655,held-out fold,74
binary,r0f3,M1,permutation,time_mean,0.0,0.0,balanced_accuracy,10,655,held-out fold,75
binary,r0f3,M1,permutation,mfcc_07_std,0.0,0.0,balanced_accuracy,10,655,held-out fold,75
binary,r0f3,M1,permutation,mfcc_05_delta_mean,0.0,0.0,balanced_accuracy,10,655,held-out fold,75
binary,r0f3,M1,permutation,time_std,-2.113688245075629e-05,0.0014411468915058062,balanced_accuracy,10,655,held-out fold,78
binary,r0f3,M1,permutation,time_var,-2.113688245075629e-05,0.0014411468915058062,balanced_accuracy,10,655,held-out fold,78
binary,r0f3,M1,permutation,time_rms,-2.113688245075629e-05,0.0014411468915058062,balanced_accuracy,10,655,held-out fold,78
binary,r0f3,M1,permutation,time_hjorth_activity,-2.113688245075629e-05,0.0014411468915058062,balanced_accuracy,10,655,held-out fold,78
binary,r0f3,M1,permutation,mfcc_11_mean,-4.227376490150148e-05,0.00348162232505011,balanced_accuracy,10,655,held-out fold,82
binary,r0f3,M1,permutation,mfcc_02_mean,-9.652509652510188e-05,0.00028957528957530566,balanced_accuracy,10,655,held-out fold,83
binary,r0f3,M1,permutation,mfcc_13_mean,-9.652509652510188e-05,0.00028957528957530566,balanced_accuracy,10,655,held-out fold,83
binary,r0f3,M1,permutation,freq_spectral_entropy,-0.000162753994870779,0.0046788032383646115,balanced_accuracy,10,655,held-out fold,85
binary,r0f3,M1,permutation,mfcc_12_std,-0.00017191331059943638,0.003279206701088122,balanced_accuracy,10,655,held-out fold,86
binary,r0f3,M1,permutation,time_skewness,-0.00018107262632811595,0.0014666757689670237,balanced_accuracy,10,655,held-out fold,87
binary,r0f3,M1,permutation,time_energy,-0.00019305019305020376,0.0003861003861004075,balanced_accuracy,10,655,held-out fold,88
binary,r0f3,M1,permutation,time_duration,-0.00019305019305020376,0.0003861003861004075,balanced_accuracy,10,655,held-out fold,88
binary,r0f3,M1,permutation,chroma_03_mean,-0.00019305019305020376,0.0003861003861004075,balanced_accuracy,10,655,held-out fold,88
binary,r0f3,M1,permutation,time_median,-0.00031071217202605084,0.002735637512415883,balanced_accuracy,10,655,held-out fold,91
binary,r0f3,M1,permutation,freq_peak_power,-0.000325507989741558,0.007529778353221212,balanced_accuracy,10,655,held-out fold,92
binary,r0f3,M1,permutation,mfcc_13_delta_mean,-0.00039807795282246203,0.0035347980493908807,balanced_accuracy,10,655,held-out fold,93
binary,r0f3,M1,permutation,dwt_cA5_mean_abs,-0.0005671730124285123,0.001602124411402423,balanced_accuracy,10,655,held-out fold,94
binary,r0f3,M1,permutation,mfcc_12_delta_mean,-0.0006545387932249125,0.0022606704690721056,balanced_accuracy,10,655,held-out fold,95
binary,r0f3,M1,permutation,mfcc_12_mean,-0.0007722007722007929,0.0035885950336916744,balanced_accuracy,10,655,held-out fold,96
binary,r0f3,M1,permutation,dwt_cD3_entropy,-0.000786996589916289,0.009552074505501742,balanced_accuracy,10,655,held-out fold,97
binary,r0f3,M1,permutation,dwt_cD4_mean_abs,-0.0008504072372685467,0.003927008074004846,balanced_accuracy,10,655,held-out fold,98
binary,r0f3,M1,permutation,chroma_12_mean,-0.0009560916495222948,0.0027057283697525386,balanced_accuracy,10,655,held-out fold,99
binary,r0f3,M1,permutation,chroma_11_mean,-0.0010526167460474078,0.003785497300043244,balanced_accuracy,10,655,held-out fold,100
binary,r0f3,M1,permutation,time_crest_factor,-0.0014415353831412126,0.00336776748624286,balanced_accuracy,10,655,held-out fold,101
binary,r0f3,M1,permutation,mfcc_06_std,-0.0015021277795000288,0.00338905345445016,balanced_accuracy,10,655,held-out fold,102
binary,r0f3,M1,permutation,mfcc_06_mean,-0.0015084688442353112,0.002802827214081849,balanced_accuracy,10,655,held-out fold,103
binary,r0f3,M1,permutation,mfcc_07_mean,-0.0016226080094693175,0.003142490530118709,balanced_accuracy,10,655,held-out fold,104
binary,r0f3,M1,permutation,chroma_07_mean,-0.0019544570639461025,0.0054955227743155345,balanced_accuracy,10,655,held-out fold,105
binary,r0f3,M1,permutation,mfcc_09_std,-0.0019636163796747817,0.003994033234962723,balanced_accuracy,10,655,held-out fold,106
binary,r0f3,M1,permutation,freq_rolloff95_mean,-0.0020446410957359884,0.008221295605753628,balanced_accuracy,10,655,held-out fold,107
binary,r0f3,M1,permutation,dwt_cA5_std,-0.0021806217061691724,0.003168565636123634,balanced_accuracy,10,655,held-out fold,108
binary,r0f3,M1,permutation,mfcc_10_mean,-0.002491333878195212,0.0038636234828930823,balanced_accuracy,10,655,held-out fold,109
binary,r0f3,M1,permutation,freq_flux_mean,-0.0025448806470704578,0.009774449972213712,balanced_accuracy,10,655,held-out fold,110
binary,r0f3,M1,permutation,time_max,-0.002696361637967504,0.006141492908859157,balanced_accuracy,10,655,held-out fold,111
binary,r0f3,M1,permutation,time_kurtosis,-0.002811205365949887,0.0024564780030372417,balanced_accuracy,10,655,held-out fold,112
binary,r0f3,M1,permutation,chroma_01_std,-0.0028443198151227532,0.0036287554129352012,balanced_accuracy,10,655,held-out fold,113
binary,r0f3,M1,permutation,chroma_08_mean,-0.003004255559000091,0.004326745250498962,balanced_accuracy,10,655,held-out fold,114
binary,r0f3,M1,permutation,chroma_02_mean,-0.0031874418735732602,0.008607845374242128,balanced_accuracy,10,655,held-out fold,115
binary,r0f3,M1,permutation,dwt_cA5_entropy,-0.0035953837048727675,0.003981206046416094,balanced_accuracy,10,655,held-out fold,116
binary,r0f3,M1,permutation,mfcc_02_delta_mean,-0.003830707662824462,0.001836823732100653,balanced_accuracy,10,655,held-out fold,117
binary,r0f3,M1,permutation,dwt_cD5_energy,-0.004536679536679566,0.004877235003548775,balanced_accuracy,10,655,held-out fold,118
binary,r0f3,M1,permutation,mfcc_01_mean,-0.004584589803567918,0.004970264537647098,balanced_accuracy,10,655,held-out fold,119
binary,r0f3,M1,permutation,time_autocorr_peak_value,-0.004859369275427683,0.0027339051100419027,balanced_accuracy,10,655,held-out fold,120
binary,r0f3,M1,permutation,time_autocorr_peak_lag,-0.004946735056224105,0.0033813954103511677,balanced_accuracy,10,655,held-out fold,121
binary,r0f3,M1,permutation,time_zcr_std,-0.005203195896626567,0.0032602307965004266,balanced_accuracy,10,655,held-out fold,122
binary,r0f3,M1,permutation,mfcc_02_std,-0.005462474988022448,0.006239946009292831,balanced_accuracy,10,655,held-out fold,123
binary,r0f3,M1,permutation,chroma_10_std,-0.005468111490009297,0.00403870639561783,balanced_accuracy,10,655,held-out fold,124
binary,r0f3,M1,permutation,time_hjorth_complexity,-0.005766846095313238,0.005552313209182256,balanced_accuracy,10,655,held-out fold,125
binary,r0f3,M1,permutation,mfcc_04_std,-0.006195220246315125,0.0052016833235321485,balanced_accuracy,10,655,held-out fold,126
binary,r0f3,M1,permutation,chroma_09_mean,-0.006204379562043805,0.006420046126143678,balanced_accuracy,10,655,held-out fold,127
binary,r0f3,M1,permutation,chroma_06_std,-0.006726460558577363,0.003182556104151154,balanced_accuracy,10,655,held-out fold,128
binary,r0f3,M1,permutation,mfcc_01_delta_mean,-0.0067292788095707715,0.004340824129485888,balanced_accuracy,10,655,held-out fold,129
binary,r0f3,M1,permutation,mfcc_05_mean,-0.006811008088380388,0.004184445615522948,balanced_accuracy,10,655,held-out fold,130
binary,r0f3,M1,permutation,dwt_cD2_entropy,-0.006873009610235914,0.00747296481000897,balanced_accuracy,10,655,held-out fold,131
binary,r0f3,M1,permutation,mfcc_07_delta_mean,-0.006931488318349666,0.003346189170523773,balanced_accuracy,10,655,held-out fold,132
binary,r0f3,M1,permutation,env_peak_rate,-0.007537412281937805,0.0026324576373477696,balanced_accuracy,10,655,held-out fold,133
binary,r0f3,M1,permutation,chroma_08_std,-0.007875602401149862,0.004296304169497392,balanced_accuracy,10,655,held-out fold,134
binary,r0f3,M1,permutation,freq_rolloff95_std,-0.008318772369867255,0.004634430438088251,balanced_accuracy,10,655,held-out fold,135
binary,r0f3,M1,permutation,env_std,-0.009510187977341244,0.007785197624489801,balanced_accuracy,10,655,held-out fold,136
binary,r0f3,M1,permutation,chroma_12_std,-0.009637009272045782,0.005956331804098067,balanced_accuracy,10,655,held-out fold,137
binary,r0f3,M1,permutation,dwt_cD2_std,-0.012517261787334788,0.004972400569761628,balanced_accuracy,10,655,held-out fold,138
binary,r0f3,M3,permutation,dwt_cD1_entropy,0.016395879717047635,0.00552751497163567,balanced_accuracy,10,655,held-out fold,1
binary,r0f3,M3,permutation,mfcc_04_mean,0.010372572781331935,0.00819461409796063,balanced_accuracy,10,655,held-out fold,2
binary,r0f3,M3,permutation,mfcc_05_std,0.006442521770988974,0.0027555866130080484,balanced_accuracy,10,655,held-out fold,3
binary,r0f3,M3,permutation,mfcc_01_std,0.006077558267339333,0.00279173900696403,balanced_accuracy,10,655,held-out fold,4
binary,r0f3,M3,permutation,mfcc_12_std,0.005679480314516827,0.004166769380627217,balanced_accuracy,10,655,held-out fold,5
binary,r0f3,M3,permutation,freq_centroid_std,0.004530338471944307,0.0027884204586313445,balanced_accuracy,10,655,held-out fold,6
binary,r0f3,M3,permutation,mfcc_02_delta_mean,0.004485246456049352,0.003041693267009722,balanced_accuracy,10,655,held-out fold,7
binary,r0f3,M3,permutation,mfcc_08_delta_mean,0.004476087140320694,0.0023015446721877083,balanced_accuracy,10,655,held-out fold,8
binary,r0f3,M3,permutation,time_std,0.004454950257869949,0.0025450422505321523,balanced_accuracy,10,655,held-out fold,9
binary,r0f3,M3,permutation,time_var,0.004454950257869949,0.0025450422505321523,balanced_accuracy,10,655,held-out fold,9
binary,r0f3,M3,permutation,time_rms,0.004454950257869949,0.0025450422505321523,balanced_accuracy,10,655,held-out fold,9
binary,r0f3,M3,permutation,time_hjorth_activity,0.004454950257869949,0.0025450422505321523,balanced_accuracy,10,655,held-out fold,9
binary,r0f3,M3,permutation,time_hjorth_mobility,0.004198489417467521,0.0026776507507966537,balanced_accuracy,10,655,held-out fold,13
binary,r0f3,M3,permutation,time_zcr_mean,0.003920891694614315,0.006626501794937876,balanced_accuracy,10,655,held-out fold,14
binary,r0f3,M3,permutation,time_skewness,0.0036101795225883084,0.004097011723363205,balanced_accuracy,10,655,held-out fold,15
binary,r0f3,M3,permutation,mfcc_06_mean,0.003553109939971255,0.003139675883779968,balanced_accuracy,10,655,held-out fold,16
binary,r0f3,M3,permutation,dwt_cD2_std,0.0035228137417918524,0.002595928914235595,balanced_accuracy,10,655,held-out fold,17
binary,r0f3,M3,permutation,mfcc_07_mean,0.003465744159174833,0.0029543895507494027,balanced_accuracy,10,655,held-out fold,18
binary,r0f3,M3,permutation,time_max,0.003459403094439617,0.004592233843352604,balanced_accuracy,10,655,held-out fold,19
binary,r0f3,M3,permutation,freq_rolloff95_mean,0.003423470394273276,0.003272782243840256,balanced_accuracy,10,655,held-out fold,20
binary,r0f3,M3,permutation,dwt_cD1_energy,0.003124735788969368,0.0014300376302876852,balanced_accuracy,10,655,held-out fold,21
binary,r0f3,M3,permutation,dwt_cD3_std,0.003124735788969368,0.0018694753042315178,balanced_accuracy,10,655,held-out fold,21
binary,r0f3,M3,permutation,freq_total_power,0.0031007806555251815,0.0021881896234630474,balanced_accuracy,10,655,held-out fold,23
binary,r0f3,M3,permutation,time_kurtosis,0.003049347574895034,0.004630553192906499,balanced_accuracy,10,655,held-out fold,24
binary,r0f3,M3,permutation,chroma_07_std,0.0030493475748950226,0.003070273630965142,balanced_accuracy,10,655,held-out fold,25
binary,r0f3,M3,permutation,chroma_01_mean,0.002985936927542765,0.00432936099843916,balanced_accuracy,10,655,held-out fold,26
binary,r0f3,M3,permutation,time_energy,0.0027027027027026864,0.00210177149708673,balanced_accuracy,10,655,held-out fold,27
binary,r0f3,M3,permutation,time_duration,0.0027027027027026864,0.00210177149708673,balanced_accuracy,10,655,held-out fold,27
binary,r0f3,M3,permutation,chroma_02_std,0.0026843840712453713,0.0008633467094593517,balanced_accuracy,10,655,held-out fold,29
binary,r0f3,M3,permutation,time_min,0.00263013273962176,0.0026207045588066817,balanced_accuracy,10,655,held-out fold,30
binary,r0f3,M3,permutation,mfcc_10_std,0.0025850407237268612,0.0025879241934286907,balanced_accuracy,10,655,held-out fold,31
binary,r0f3,M3,permutation,dwt_cD2_energy,0.002491333878195201,0.0014520598953599642,balanced_accuracy,10,655,held-out fold,32
binary,r0f3,M3,permutation,env_skew,0.002491333878195201,0.004501584998432557,balanced_accuracy,10,655,held-out fold,32
binary,r0f3,M3,permutation,chroma_02_mean,0.0024159456641208443,0.0013136891278005894,balanced_accuracy,10,655,held-out fold,34
binary,r0f3,M3,permutation,dwt_cD1_std,0.002352535016768631,0.0013556250509521254,balanced_accuracy,10,655,held-out fold,35
binary,r0f3,M3,permutation,mfcc_07_std,0.002295465434151589,0.0015821436177702315,balanced_accuracy,10,655,held-out fold,36
binary,r0f3,M3,permutation,mfcc_11_delta_mean,0.0022863061184229204,0.0028370796257717688,balanced_accuracy,10,655,held-out fold,37
binary,r0f3,M3,permutation,dwt_cA5_std,0.002265169235972142,0.0025361014809115435,balanced_accuracy,10,655,held-out fold,38
binary,r0f3,M3,permutation,freq_band_power_250_350,0.002256009920243529,0.0014296333404950003,balanced_accuracy,10,655,held-out fold,39
binary,r0f3,M3,permutation,dwt_cD3_mean_abs,0.0022017585886198953,0.0029721046524105945,balanced_accuracy,10,655,held-out fold,40
binary,r0f3,M3,permutation,dwt_cA5_entropy,0.0021897810218977965,0.002279686346814203,balanced_accuracy,10,655,held-out fold,41
binary,r0f3,M3,permutation,freq_flux_mean,0.0021778034551756973,0.002718862731722773,balanced_accuracy,10,655,held-out fold,42
binary,r0f3,M3,permutation,dwt_cD5_entropy,0.0021686441394470624,0.003109095466709254,balanced_accuracy,10,655,held-out fold,43
binary,r0f3,M3,permutation,time_autocorr_peak_value,0.0020629597271933477,0.0024018208238655962,balanced_accuracy,10,655,held-out fold,44
binary,r0f3,M3,permutation,dwt_cD4_mean_abs,0.002039004593749105,0.002622929560136162,balanced_accuracy,10,655,held-out fold,45
binary,r0f3,M3,permutation,chroma_10_std,0.002039004593749083,0.0014498634599287626,balanced_accuracy,10,655,held-out fold,46
binary,r0f3,M3,permutation,dwt_cD5_energy,0.0020058901445762834,0.0020880939922077275,balanced_accuracy,10,655,held-out fold,47
binary,r0f3,M3,permutation,freq_bandwidth_mean,0.001782543753346677,0.0024644976503098233,balanced_accuracy,10,655,held-out fold,48
binary,r0f3,M3,permutation,time_mean,0.001782543753346666,0.00323708515844346,balanced_accuracy,10,655,held-out fold,49
binary,r0f3,M3,permutation,freq_rolloff85_std,0.0017282924217230766,0.002124020183084779,balanced_accuracy,10,655,held-out fold,50
binary,r0f3,M3,permutation,mfcc_01_mean,0.0017282924217230545,0.0018531635706072708,balanced_accuracy,10,655,held-out fold,51
binary,r0f3,M3,permutation,mfcc_02_mean,0.001697996223543685,0.0039904520854653555,balanced_accuracy,10,655,held-out fold,52
binary,r0f3,M3,permutation,mfcc_12_delta_mean,0.001674041090099465,0.002343880660943677,balanced_accuracy,10,655,held-out fold,53
binary,r0f3,M3,permutation,time_crest_factor,0.001664881774370841,0.0026560184995089568,balanced_accuracy,10,655,held-out fold,54
binary,r0f3,M3,permutation,chroma_03_mean,0.001664881774370841,0.001879260633318839,balanced_accuracy,10,655,held-out fold,54
binary,r0f3,M3,permutation,freq_band_power_20_50,0.0016648817743708188,0.002656018499508948,balanced_accuracy,10,655,held-out fold,56
binary,r0f3,M3,permutation,time_iqr,0.0016317673251979858,0.004764800293766407,balanced_accuracy,10,655,held-out fold,57
binary,r0f3,M3,permutation,chroma_09_std,0.0016317673251979637,0.0013872165993556698,balanced_accuracy,10,655,held-out fold,58
binary,r0f3,M3,permutation,dwt_cD4_entropy,0.0016317673251979637,0.0015628789961806583,balanced_accuracy,10,655,held-out fold,58
binary,r0f3,M3,permutation,chroma_03_std,0.0016226080094693175,0.0021903382764487185,balanced_accuracy,10,655,held-out fold,60
binary,r0f3,M3,permutation,mfcc_04_std,0.0016106304427472296,0.0036260377802643053,balanced_accuracy,10,655,held-out fold,61
binary,r0f3,M3,permutation,time_hjorth_complexity,0.0015775159935743632,0.0018391232339294756,balanced_accuracy,10,655,held-out fold,62
binary,r0f3,M3,permutation,freq_centroid_mean,0.001568356677845728,0.002320950325473436,balanced_accuracy,10,655,held-out fold,63
binary,r0f3,M3,permutation,mfcc_12_mean,0.001568356677845728,0.003507344498956841,balanced_accuracy,10,655,held-out fold,63
binary,r0f3,M3,permutation,mfcc_08_std,0.0015021277795000398,0.0024436462657447806,balanced_accuracy,10,655,held-out fold,65
binary,r0f3,M3,permutation,chroma_01_std,0.0014387171321478044,0.002603183065518189,balanced_accuracy,10,655,held-out fold,66
binary,r0f3,M3,permutation,mfcc_13_delta_mean,0.0014056026829749157,0.001713450395424635,balanced_accuracy,10,655,held-out fold,67
binary,r0f3,M3,permutation,chroma_12_mean,0.0013753064847955466,0.002331708449176959,balanced_accuracy,10,655,held-out fold,68
binary,r0f3,M3,permutation,env_kurtosis,0.0013421920356226913,0.002273765464767981,balanced_accuracy,10,655,held-out fold,69
binary,r0f3,M3,permutation,mfcc_06_delta_mean,0.0012245300566468664,0.0025337232389083565,balanced_accuracy,10,655,held-out fold,70
binary,r0f3,M3,permutation,dwt_cD5_mean_abs,0.0011702787250232438,0.0017481178662277824,balanced_accuracy,10,655,held-out fold,71
binary,r0f3,M3,permutation,mfcc_05_delta_mean,0.0011491418425725098,0.002306313703059149,balanced_accuracy,10,655,held-out fold,72
binary,r0f3,M3,permutation,chroma_11_mean,0.0010314798635966405,0.00336776748624288,balanced_accuracy,10,655,held-out fold,73
binary,r0f3,M3,permutation,dwt_cA5_mean_abs,0.0009983654144238075,0.0023687165931949882,balanced_accuracy,10,655,held-out fold,74
binary,r0f3,M3,permutation,time_shannon_entropy,0.0009560916495223171,0.0019027761572527428,balanced_accuracy,10,655,held-out fold,75
binary,r0f3,M3,permutation,freq_peak_power,0.000956091649522306,0.00205222826016863,balanced_accuracy,10,655,held-out fold,76
binary,r0f3,M3,permutation,dwt_cD3_energy,0.000956091649522306,0.0017613450092002888,balanced_accuracy,10,655,held-out fold,76
binary,r0f3,M3,permutation,mfcc_10_mean,0.0009229772003494618,0.002037870258430112,balanced_accuracy,10,655,held-out fold,78
binary,r0f3,M3,permutation,mfcc_10_delta_mean,0.0009018403178987055,0.0015870969897634995,balanced_accuracy,10,655,held-out fold,79
binary,r0f3,M3,permutation,env_mean,0.0008807034354479715,0.0017313674448580787,balanced_accuracy,10,655,held-out fold,80
binary,r0f3,M3,permutation,freq_band_power_50_100,0.0008687258687258281,0.0005198035528122026,balanced_accuracy,10,655,held-out fold,81
binary,r0f3,M3,permutation,freq_band_power_350_400,0.0008504072372685578,0.0017664950604584914,balanced_accuracy,10,655,held-out fold,82
binary,r0f3,M3,permutation,chroma_10_mean,0.00083842967054647,0.0021185769541329147,balanced_accuracy,10,655,held-out fold,83
binary,r0f3,M3,permutation,mfcc_11_mean,0.0008053152213736148,0.0017094935634647404,balanced_accuracy,10,655,held-out fold,84
binary,r0f3,M3,permutation,dwt_cD4_std,0.0007510638897500032,0.0013583567801580202,balanced_accuracy,10,655,held-out fold,85
binary,r0f3,M3,permutation,dwt_cD5_std,0.0006242425950455099,0.0031387463068076682,balanced_accuracy,10,655,held-out fold,86
binary,r0f3,M3,permutation,chroma_05_mean,0.0006122650283234221,0.0015316437390038287,balanced_accuracy,10,655,held-out fold,87
binary,r0f3,M3,permutation,freq_rolloff85_mean,0.00045232928444609576,0.002164927235532767,balanced_accuracy,10,655,held-out fold,88
binary,r0f3,M3,permutation,chroma_06_mean,0.00044035171772399684,0.0030000779052321578,balanced_accuracy,10,655,held-out fold,89
binary,r0f3,M3,permutation,mfcc_08_mean,0.00041921483527325166,0.0015953243964862715,balanced_accuracy,10,655,held-out fold,90
binary,r0f3,M3,permutation,mfcc_03_std,0.00039807795282248426,0.002153993055306964,balanced_accuracy,10,655,held-out fold,91
binary,r0f3,M3,permutation,time_range,0.0003889186370938269,0.0034489793770098656,balanced_accuracy,10,655,held-out fold,92
binary,r0f3,M3,permutation,time_peak_to_peak,0.0003889186370938269,0.0034489793770098656,balanced_accuracy,10,655,held-out fold,92
binary,r0f3,M3,permutation,chroma_09_mean,0.00034382662119889493,0.000919538336420683,balanced_accuracy,10,655,held-out fold,94
binary,r0f3,M3,permutation,chroma_08_mean,0.00032268973874813864,0.0020749242552768484,balanced_accuracy,10,655,held-out fold,95
binary,r0f3,M3,permutation,chroma_05_std,0.00026843840712453826,0.0008302634510515119,balanced_accuracy,10,655,held-out fold,96
binary,r0f3,M3,permutation,chroma_12_std,0.0002473015246737931,0.002081406316096491,balanced_accuracy,10,655,held-out fold,97
binary,r0f3,M3,permutation,mfcc_04_delta_mean,0.000226164642223059,0.0026674757749141492,balanced_accuracy,10,655,held-out fold,98
binary,r0f3,M3,permutation,chroma_04_std,0.0002050277597723027,0.0020229576863034925,balanced_accuracy,10,655,held-out fold,99
binary,r0f3,M3,permutation,dwt_cD4_energy,0.00019305019305018156,0.00038610038610036306,balanced_accuracy,10,655,held-out fold,100
binary,r0f3,M3,permutation,mfcc_13_mean,0.00019305019305017047,0.0012055980691888634,balanced_accuracy,10,655,held-out fold,101
binary,r0f3,M3,permutation,freq_dominant,0.00017191331059943638,0.0012942616327342924,balanced_accuracy,10,655,held-out fold,102
binary,r0f3,M3,permutation,mfcc_03_delta_mean,0.00012963954569795711,0.0018319910465041157,balanced_accuracy,10,655,held-out fold,103
binary,r0f3,M3,permutation,freq_band_power_150_250,0.000129639545697946,0.002182960533584591,balanced_accuracy,10,655,held-out fold,104
binary,r0f3,M3,permutation,time_autocorr_peak_lag,9.652509652509078e-05,0.0016576552802850353,balanced_accuracy,10,655,held-out fold,105
binary,r0f3,M3,permutation,time_median,1.1977566722110033e-05,0.002122954189593881,balanced_accuracy,10,655,held-out fold,106
binary,r0f3,M3,permutation,freq_spectral_entropy,-3.0296198179391442e-05,0.0020980029619750867,balanced_accuracy,10,655,held-out fold,107
binary,r0f3,M3,permutation,dwt_cD2_mean_abs,-0.00010568441225373703,0.0018359639885579078,balanced_accuracy,10,655,held-out fold,108
binary,r0f3,M3,permutation,time_sample_entropy,-0.0003861003861003631,0.0006402750560531279,balanced_accuracy,10,655,held-out fold,109
binary,r0f3,M3,permutation,mfcc_09_mean,-0.0004072372685511083,0.0011803762428245909,balanced_accuracy,10,655,held-out fold,110
binary,r0f3,M3,permutation,chroma_11_std,-0.00048262548262547613,0.001239887314542953,balanced_accuracy,10,655,held-out fold,111
binary,r0f3,M3,permutation,chroma_06_std,-0.0005460361299777117,0.001951575859128598,balanced_accuracy,10,655,held-out fold,112
binary,r0f3,M3,permutation,env_std,-0.0006002874616013121,0.0016274874869130667,balanced_accuracy,10,655,held-out fold,113
binary,r0f3,M3,permutation,dwt_cD2_entropy,-0.0006939943071330057,0.004326730392903046,balanced_accuracy,10,655,held-out fold,114
binary,r0f3,M3,permutation,mfcc_07_delta_mean,-0.000696812558126414,0.003228349952008448,balanced_accuracy,10,655,held-out fold,115
binary,r0f3,M3,permutation,freq_band_power_100_150,-0.0007179494405771703,0.0019153313803893257,balanced_accuracy,10,655,held-out fold,116
binary,r0f3,M3,permutation,chroma_07_mean,-0.0008264521038243711,0.0029806103004613236,balanced_accuracy,10,655,held-out fold,117
binary,r0f3,M3,permutation,dwt_cA5_energy,-0.0008567483020037736,0.005640095168429302,balanced_accuracy,10,655,held-out fold,118
binary,r0f3,M3,permutation,mfcc_09_delta_mean,-0.0008898627511765955,0.001592960282252554,balanced_accuracy,10,655,held-out fold,119
binary,r0f3,M3,permutation,chroma_04_mean,-0.0009109996336273629,0.003062315423166848,balanced_accuracy,10,655,held-out fold,120
binary,r0f3,M3,permutation,mfcc_06_std,-0.0012639855705549041,0.002789134603645516,balanced_accuracy,10,655,held-out fold,121
binary,r0f3,M3,permutation,dwt_cD1_mean_abs,-0.0012759631372769808,0.0015641815079492324,balanced_accuracy,10,655,held-out fold,122
binary,r0f3,M3,permutation,freq_bandwidth_std,-0.0015021277795000398,0.0021284321703303744,balanced_accuracy,10,655,held-out fold,123
binary,r0f3,M3,permutation,dwt_cD3_entropy,-0.001652904207648731,0.002722921639996479,balanced_accuracy,10,655,held-out fold,124
binary,r0f3,M3,permutation,freq_flatness_std,-0.0020390045937490942,0.0024849943116791212,balanced_accuracy,10,655,held-out fold,125
binary,r0f3,M3,permutation,freq_flatness_mean,-0.0026724065045232613,0.0023612357546712974,balanced_accuracy,10,655,held-out fold,126
binary,r0f3,M3,permutation,freq_flux_std,-0.0027477947185976072,0.0018354772393256176,balanced_accuracy,10,655,held-out fold,127
binary,r0f3,M3,permutation,mfcc_01_delta_mean,-0.00279006848349912,0.001972050869135042,balanced_accuracy,10,655,held-out fold,128
binary,r0f3,M3,permutation,mfcc_03_mean,-0.0028203646816785223,0.005924205630052983,balanced_accuracy,10,655,held-out fold,129
binary,r0f3,M3,permutation,chroma_08_std,-0.002823182932671986,0.0028344202091521624,balanced_accuracy,10,655,held-out fold,130
binary,r0f3,M3,permutation,freq_rolloff95_std,-0.0028865935800242216,0.002807132285168306,balanced_accuracy,10,655,held-out fold,131
binary,r0f3,M3,permutation,time_zcr_std,-0.0033149677310261192,0.006612226049588185,balanced_accuracy,10,655,held-out fold,132
binary,r0f3,M3,permutation,mfcc_09_std,-0.0033177859820195388,0.004906365194660899,balanced_accuracy,10,655,held-out fold,133
binary,r0f3,M3,permutation,mfcc_05_mean,-0.004678296649099545,0.005734561685302404,balanced_accuracy,10,655,held-out fold,134
binary,r0f3,M3,permutation,env_peak_rate,-0.005785164726770542,0.003239990536891826,balanced_accuracy,10,655,held-out fold,135
binary,r0f3,M3,permutation,mfcc_02_std,-0.005785164726770553,0.003853978133824396,balanced_accuracy,10,655,held-out fold,136
binary,r0f3,M3,permutation,mfcc_13_std,-0.006837781472817983,0.00542949169419023,balanced_accuracy,10,655,held-out fold,137
binary,r0f3,M3,permutation,mfcc_11_std,-0.007021672350139463,0.002055083330125689,balanced_accuracy,10,655,held-out fold,138
binary,r0f3,M4,impurity,time_zcr_mean,0.062056616000756494,,mean decrease in impurity,0,0,train,1
binary,r0f3,M4,impurity,mfcc_04_mean,0.060545150257110415,,mean decrease in impurity,0,0,train,2
binary,r0f3,M4,impurity,dwt_cD1_entropy,0.05635390806683125,,mean decrease in impurity,0,0,train,3
binary,r0f3,M4,impurity,dwt_cD2_entropy,0.037171745705639817,,mean decrease in impurity,0,0,train,4
binary,r0f3,M4,impurity,dwt_cA5_mean_abs,0.027220354212435932,,mean decrease in impurity,0,0,train,5
binary,r0f3,M4,impurity,mfcc_05_mean,0.022109195481695817,,mean decrease in impurity,0,0,train,6
binary,r0f3,M4,impurity,time_hjorth_complexity,0.02148921120432402,,mean decrease in impurity,0,0,train,7
binary,r0f3,M4,impurity,dwt_cA5_std,0.017482471066410474,,mean decrease in impurity,0,0,train,8
binary,r0f3,M4,impurity,dwt_cA5_energy,0.014910771046991829,,mean decrease in impurity,0,0,train,9
binary,r0f3,M4,impurity,dwt_cD4_mean_abs,0.01404962117580943,,mean decrease in impurity,0,0,train,10
binary,r0f3,M4,impurity,mfcc_06_mean,0.014014695533869477,,mean decrease in impurity,0,0,train,11
binary,r0f3,M4,impurity,time_zcr_std,0.01322218213721848,,mean decrease in impurity,0,0,train,12
binary,r0f3,M4,impurity,mfcc_01_std,0.012881126628624534,,mean decrease in impurity,0,0,train,13
binary,r0f3,M4,impurity,time_energy,0.01287281896734677,,mean decrease in impurity,0,0,train,14
binary,r0f3,M4,impurity,time_iqr,0.012586327254246613,,mean decrease in impurity,0,0,train,15
binary,r0f3,M4,impurity,dwt_cD1_energy,0.012416493185428614,,mean decrease in impurity,0,0,train,16
binary,r0f3,M4,impurity,mfcc_07_mean,0.012350045289344563,,mean decrease in impurity,0,0,train,17
binary,r0f3,M4,impurity,time_duration,0.011951566205341723,,mean decrease in impurity,0,0,train,18
binary,r0f3,M4,impurity,dwt_cD5_mean_abs,0.01181263790710109,,mean decrease in impurity,0,0,train,19
binary,r0f3,M4,impurity,mfcc_08_mean,0.011570994934285468,,mean decrease in impurity,0,0,train,20
binary,r0f3,M4,impurity,freq_band_power_250_350,0.011329859855167674,,mean decrease in impurity,0,0,train,21
binary,r0f3,M4,impurity,dwt_cD1_std,0.010660232656959354,,mean decrease in impurity,0,0,train,22
binary,r0f3,M4,impurity,freq_centroid_mean,0.010595834672492256,,mean decrease in impurity,0,0,train,23
binary,r0f3,M4,impurity,dwt_cD4_std,0.009769390877637589,,mean decrease in impurity,0,0,train,24
binary,r0f3,M4,impurity,dwt_cD3_mean_abs,0.009760132437420936,,mean decrease in impurity,0,0,train,25
binary,r0f3,M4,impurity,freq_band_power_350_400,0.009709962531379597,,mean decrease in impurity,0,0,train,26
binary,r0f3,M4,impurity,dwt_cD5_energy,0.009604884328599433,,mean decrease in impurity,0,0,train,27
binary,r0f3,M4,impurity,freq_band_power_50_100,0.009597829060182764,,mean decrease in impurity,0,0,train,28
binary,r0f3,M4,impurity,mfcc_03_mean,0.008949641878146467,,mean decrease in impurity,0,0,train,29
binary,r0f3,M4,impurity,dwt_cD3_entropy,0.008175359459192507,,mean decrease in impurity,0,0,train,30
binary,r0f3,M4,impurity,dwt_cD5_std,0.007997386438716354,,mean decrease in impurity,0,0,train,31
binary,r0f3,M4,impurity,freq_rolloff85_mean,0.007715894342700788,,mean decrease in impurity,0,0,train,32
binary,r0f3,M4,impurity,dwt_cD4_energy,0.007644531059898751,,mean decrease in impurity,0,0,train,33
binary,r0f3,M4,impurity,mfcc_02_mean,0.0072502530200013494,,mean decrease in impurity,0,0,train,34
binary,r0f3,M4,impurity,dwt_cD2_energy,0.007116952461581619,,mean decrease in impurity,0,0,train,35
binary,r0f3,M4,impurity,freq_band_power_20_50,0.006905637516056685,,mean decrease in impurity,0,0,train,36
binary,r0f3,M4,impurity,mfcc_05_std,0.00685240467476361,,mean decrease in impurity,0,0,train,37
binary,r0f3,M4,impurity,env_mean,0.006788498948214875,,mean decrease in impurity,0,0,train,38
binary,r0f3,M4,impurity,freq_flux_mean,0.006357580846648213,,mean decrease in impurity,0,0,train,39
binary,r0f3,M4,impurity,mfcc_10_mean,0.00632857310537684,,mean decrease in impurity,0,0,train,40
binary,r0f3,M4,impurity,time_max,0.006307747608420434,,mean decrease in impurity,0,0,train,41
binary,r0f3,M4,impurity,dwt_cD2_std,0.006223837159872689,,mean decrease in impurity,0,0,train,42
binary,r0f3,M4,impurity,chroma_12_mean,0.006147079059927897,,mean decrease in impurity,0,0,train,43
binary,r0f3,M4,impurity,env_std,0.006106778020794016,,mean decrease in impurity,0,0,train,44
binary,r0f3,M4,impurity,time_sample_entropy,0.006086088204107353,,mean decrease in impurity,0,0,train,45
binary,r0f3,M4,impurity,freq_band_power_100_150,0.005892827939635958,,mean decrease in impurity,0,0,train,46
binary,r0f3,M4,impurity,mfcc_11_mean,0.00580615686399482,,mean decrease in impurity,0,0,train,47
binary,r0f3,M4,impurity,time_range,0.005740866611935902,,mean decrease in impurity,0,0,train,48
binary,r0f3,M4,impurity,time_autocorr_peak_lag,0.00569089884917084,,mean decrease in impurity,0,0,train,49
binary,r0f3,M4,impurity,dwt_cD1_mean_abs,0.005679589618119613,,mean decrease in impurity,0,0,train,50
binary,r0f3,M4,impurity,time_hjorth_mobility,0.005671828663256174,,mean decrease in impurity,0,0,train,51
binary,r0f3,M4,impurity,freq_rolloff95_mean,0.005656955069295185,,mean decrease in impurity,0,0,train,52
binary,r0f3,M4,impurity,chroma_01_mean,0.005474054446844769,,mean decrease in impurity,0,0,train,53
binary,r0f3,M4,impurity,mfcc_13_mean,0.005140389547200815,,mean decrease in impurity,0,0,train,54
binary,r0f3,M4,impurity,time_median,0.005108552147805776,,mean decrease in impurity,0,0,train,55
binary,r0f3,M4,impurity,chroma_07_std,0.005009674507703103,,mean decrease in impurity,0,0,train,56
binary,r0f3,M4,impurity,time_peak_to_peak,0.004967292965733192,,mean decrease in impurity,0,0,train,57
binary,r0f3,M4,impurity,dwt_cD2_mean_abs,0.004941625401943156,,mean decrease in impurity,0,0,train,58
binary,r0f3,M4,impurity,chroma_07_mean,0.004787759099729804,,mean decrease in impurity,0,0,train,59
binary,r0f3,M4,impurity,freq_rolloff85_std,0.004685963723219045,,mean decrease in impurity,0,0,train,60
binary,r0f3,M4,impurity,freq_flux_std,0.004577828078141378,,mean decrease in impurity,0,0,train,61
binary,r0f3,M4,impurity,dwt_cD3_energy,0.00446173639247387,,mean decrease in impurity,0,0,train,62
binary,r0f3,M4,impurity,mfcc_06_std,0.004356197588379633,,mean decrease in impurity,0,0,train,63
binary,r0f3,M4,impurity,mfcc_02_delta_mean,0.004334702672961847,,mean decrease in impurity,0,0,train,64
binary,r0f3,M4,impurity,mfcc_12_mean,0.004313243403612282,,mean decrease in impurity,0,0,train,65
binary,r0f3,M4,impurity,freq_bandwidth_mean,0.004234037681119827,,mean decrease in impurity,0,0,train,66
binary,r0f3,M4,impurity,dwt_cD3_std,0.0042053453497633555,,mean decrease in impurity,0,0,train,67
binary,r0f3,M4,impurity,time_autocorr_peak_value,0.004179856517696313,,mean decrease in impurity,0,0,train,68
binary,r0f3,M4,impurity,chroma_08_std,0.0041718407330145636,,mean decrease in impurity,0,0,train,69
binary,r0f3,M4,impurity,chroma_06_mean,0.004163279694600708,,mean decrease in impurity,0,0,train,70
binary,r0f3,M4,impurity,time_skewness,0.004154844944082077,,mean decrease in impurity,0,0,train,71
binary,r0f3,M4,impurity,mfcc_01_mean,0.004081405329707331,,mean decrease in impurity,0,0,train,72
binary,r0f3,M4,impurity,env_peak_rate,0.004051110034586281,,mean decrease in impurity,0,0,train,73
binary,r0f3,M4,impurity,freq_spectral_entropy,0.003995409606826251,,mean decrease in impurity,0,0,train,74
binary,r0f3,M4,impurity,time_crest_factor,0.003968776014564236,,mean decrease in impurity,0,0,train,75
binary,r0f3,M4,impurity,freq_band_power_150_250,0.0039023056964959096,,mean decrease in impurity,0,0,train,76
binary,r0f3,M4,impurity,freq_rolloff95_std,0.00387136883522902,,mean decrease in impurity,0,0,train,77
binary,r0f3,M4,impurity,chroma_11_std,0.0038313716978840024,,mean decrease in impurity,0,0,train,78
binary,r0f3,M4,impurity,chroma_09_std,0.003825400205472746,,mean decrease in impurity,0,0,train,79
binary,r0f3,M4,impurity,chroma_09_mean,0.003776046832587834,,mean decrease in impurity,0,0,train,80
binary,r0f3,M4,impurity,chroma_11_mean,0.0037565810149392306,,mean decrease in impurity,0,0,train,81
binary,r0f3,M4,impurity,chroma_03_mean,0.0037441693050355098,,mean decrease in impurity,0,0,train,82
binary,r0f3,M4,impurity,chroma_02_mean,0.003724345982221957,,mean decrease in impurity,0,0,train,83
binary,r0f3,M4,impurity,mfcc_04_std,0.0037062888475534643,,mean decrease in impurity,0,0,train,84
binary,r0f3,M4,impurity,mfcc_02_std,0.0036701571564525513,,mean decrease in impurity,0,0,train,85
binary,r0f3,M4,impurity,mfcc_08_std,0.003670096756557949,,mean decrease in impurity,0,0,train,86
binary,r0f3,M4,impurity,dwt_cD5_entropy,0.003646911759274708,,mean decrease in impurity,0,0,train,87
binary,r0f3,M4,impurity,chroma_06_std,0.0036313604810804187,,mean decrease in impurity,0,0,train,88
binary,r0f3,M4,impurity,freq_peak_power,0.003627267701075996,,mean decrease in impurity,0,0,train,89
binary,r0f3,M4,impurity,chroma_08_mean,0.0036170261992103147,,mean decrease in impurity,0,0,train,90
binary,r0f3,M4,impurity,freq_centroid_std,0.003601944866377285,,mean decrease in impurity,0,0,train,91
binary,r0f3,M4,impurity,mfcc_13_std,0.0035235204594175704,,mean decrease in impurity,0,0,train,92
binary,r0f3,M4,impurity,chroma_05_std,0.0035118087006783074,,mean decrease in impurity,0,0,train,93
binary,r0f3,M4,impurity,dwt_cA5_entropy,0.003498078203687843,,mean decrease in impurity,0,0,train,94
binary,r0f3,M4,impurity,time_min,0.003482793662270919,,mean decrease in impurity,0,0,train,95
binary,r0f3,M4,impurity,freq_flatness_mean,0.0034347183515720955,,mean decrease in impurity,0,0,train,96
binary,r0f3,M4,impurity,mfcc_11_std,0.003429942017490455,,mean decrease in impurity,0,0,train,97
binary,r0f3,M4,impurity,mfcc_12_std,0.003424592319592275,,mean decrease in impurity,0,0,train,98
binary,r0f3,M4,impurity,mfcc_09_mean,0.0033424605489289125,,mean decrease in impurity,0,0,train,99
binary,r0f3,M4,impurity,mfcc_07_std,0.00330249088360515,,mean decrease in impurity,0,0,train,100
binary,r0f3,M4,impurity,mfcc_01_delta_mean,0.0032536083059227982,,mean decrease in impurity,0,0,train,101
binary,r0f3,M4,impurity,mfcc_07_delta_mean,0.0032416063978845736,,mean decrease in impurity,0,0,train,102
binary,r0f3,M4,impurity,mfcc_06_delta_mean,0.0031701955508913653,,mean decrease in impurity,0,0,train,103
binary,r0f3,M4,impurity,time_kurtosis,0.0031540602442317483,,mean decrease in impurity,0,0,train,104
binary,r0f3,M4,impurity,freq_bandwidth_std,0.0031351195837296497,,mean decrease in impurity,0,0,train,105
binary,r0f3,M4,impurity,env_kurtosis,0.0031051875967355877,,mean decrease in impurity,0,0,train,106
binary,r0f3,M4,impurity,mfcc_10_std,0.0030974354780893974,,mean decrease in impurity,0,0,train,107
binary,r0f3,M4,impurity,chroma_10_mean,0.0030804281034802405,,mean decrease in impurity,0,0,train,108
binary,r0f3,M4,impurity,env_skew,0.003074340881193698,,mean decrease in impurity,0,0,train,109
binary,r0f3,M4,impurity,mfcc_10_delta_mean,0.003063043376821183,,mean decrease in impurity,0,0,train,110
binary,r0f3,M4,impurity,freq_dominant,0.0030434067773705917,,mean decrease in impurity,0,0,train,111
binary,r0f3,M4,impurity,chroma_03_std,0.003037060858027734,,mean decrease in impurity,0,0,train,112
binary,r0f3,M4,impurity,chroma_04_std,0.003009771380376642,,mean decrease in impurity,0,0,train,113
binary,r0f3,M4,impurity,chroma_04_mean,0.0030064091861426627,,mean decrease in impurity,0,0,train,114
binary,r0f3,M4,impurity,freq_flatness_std,0.0029912959555107956,,mean decrease in impurity,0,0,train,115
binary,r0f3,M4,impurity,mfcc_05_delta_mean,0.0029653065227965864,,mean decrease in impurity,0,0,train,116
binary,r0f3,M4,impurity,mfcc_03_std,0.0029599773779905125,,mean decrease in impurity,0,0,train,117
binary,r0f3,M4,impurity,chroma_10_std,0.0029441757039247065,,mean decrease in impurity,0,0,train,118
binary,r0f3,M4,impurity,chroma_05_mean,0.0028647168973436965,,mean decrease in impurity,0,0,train,119
binary,r0f3,M4,impurity,chroma_01_std,0.0028559275126349144,,mean decrease in impurity,0,0,train,120
binary,r0f3,M4,impurity,chroma_12_std,0.002801983206509811,,mean decrease in impurity,0,0,train,121
binary,r0f3,M4,impurity,mfcc_08_delta_mean,0.0027840519826350463,,mean decrease in impurity,0,0,train,122
binary,r0f3,M4,impurity,dwt_cD4_entropy,0.0027776889499368275,,mean decrease in impurity,0,0,train,123
binary,r0f3,M4,impurity,mfcc_04_delta_mean,0.002745534860843526,,mean decrease in impurity,0,0,train,124
binary,r0f3,M4,impurity,mfcc_03_delta_mean,0.002745058956143404,,mean decrease in impurity,0,0,train,125
binary,r0f3,M4,impurity,mfcc_09_delta_mean,0.0027301894760464137,,mean decrease in impurity,0,0,train,126
binary,r0f3,M4,impurity,mfcc_09_std,0.002680588608736356,,mean decrease in impurity,0,0,train,127
binary,r0f3,M4,impurity,chroma_02_std,0.002645837486780198,,mean decrease in impurity,0,0,train,128
binary,r0f3,M4,impurity,mfcc_13_delta_mean,0.002644007257148993,,mean decrease in impurity,0,0,train,129
binary,r0f3,M4,impurity,freq_total_power,0.0025787771981572506,,mean decrease in impurity,0,0,train,130
binary,r0f3,M4,impurity,time_shannon_entropy,0.0025530951723991917,,mean decrease in impurity,0,0,train,131
binary,r0f3,M4,impurity,time_var,0.002416401737298337,,mean decrease in impurity,0,0,train,132
binary,r0f3,M4,impurity,mfcc_11_delta_mean,0.002413632691750738,,mean decrease in impurity,0,0,train,133
binary,r0f3,M4,impurity,time_rms,0.0023832521424175853,,mean decrease in impurity,0,0,train,134
binary,r0f3,M4,impurity,time_std,0.0022664955900677584,,mean decrease in impurity,0,0,train,135
binary,r0f3,M4,impurity,mfcc_12_delta_mean,0.002253804216889099,,mean decrease in impurity,0,0,train,136
binary,r0f3,M4,impurity,time_mean,0.0022376576760439826,,mean decrease in impurity,0,0,train,137
binary,r0f3,M4,impurity,time_hjorth_activity,0.00218146863221288,,mean decrease in impurity,0,0,train,138
binary,r0f3,M4,permutation,mfcc_04_mean,0.027486401938956673,0.008594008377249777,balanced_accuracy,10,655,held-out fold,1
binary,r0f3,M4,permutation,time_zcr_mean,0.027205985965110025,0.006119688781909691,balanced_accuracy,10,655,held-out fold,2
binary,r0f3,M4,permutation,dwt_cD1_entropy,0.02561931065580699,0.004723724959823886,balanced_accuracy,10,655,held-out fold,3
binary,r0f3,M4,permutation,dwt_cD2_entropy,0.010695262520079952,0.0038304038348175792,balanced_accuracy,10,655,held-out fold,4
binary,r0f3,M4,permutation,time_energy,0.007564890229123755,0.003117435075451947,balanced_accuracy,10,655,held-out fold,5
binary,r0f3,M4,permutation,dwt_cD1_energy,0.006873714172984202,0.0033656752314272682,balanced_accuracy,10,655,held-out fold,6
binary,r0f3,M4,permutation,dwt_cD1_std,0.006789166643181166,0.003521738696829045,balanced_accuracy,10,655,held-out fold,7
binary,r0f3,M4,permutation,time_iqr,0.005637206549615248,0.005774697421564545,balanced_accuracy,10,655,held-out fold,8
binary,r0f3,M4,permutation,dwt_cD5_mean_abs,0.005359608826762041,0.0058290763635013235,balanced_accuracy,10,655,held-out fold,9
binary,r0f3,M4,permutation,dwt_cA5_mean_abs,0.004928416424766735,0.0037617557912268704,balanced_accuracy,10,655,held-out fold,10
binary,r0f3,M4,permutation,freq_band_power_350_400,0.00470507003353714,0.003773886694794953,balanced_accuracy,10,655,held-out fold,11
binary,r0f3,M4,permutation,mfcc_05_mean,0.004669137333370854,0.004276989595025317,balanced_accuracy,10,655,held-out fold,12
binary,r0f3,M4,permutation,chroma_02_mean,0.004614886001747198,0.0,balanced_accuracy,10,655,held-out fold,13
binary,r0f3,M4,permutation,dwt_cA5_std,0.0045303384719442286,0.003813712965386042,balanced_accuracy,10,655,held-out fold,14
binary,r0f3,M4,permutation,dwt_cD2_energy,0.004219626299918222,0.0021837591355434007,balanced_accuracy,10,655,held-out fold,15
binary,r0f3,M4,permutation,mfcc_11_mean,0.0033720373136430946,0.004441818828195026,balanced_accuracy,10,655,held-out fold,16
binary,r0f3,M4,permutation,mfcc_13_mean,0.003360059746920996,0.002660534638772601,balanced_accuracy,10,655,held-out fold,17
binary,r0f3,M4,permutation,mfcc_06_mean,0.003028210692444222,0.004661462753098815,balanced_accuracy,10,655,held-out fold,18
binary,r0f3,M4,permutation,freq_rolloff95_std,0.0029739593608206437,0.0017452701924202411,balanced_accuracy,10,655,held-out fold,19
binary,r0f3,M4,permutation,freq_band_power_50_100,0.0028774342642954977,0.0043150027350090025,balanced_accuracy,10,655,held-out fold,20
binary,r0f3,M4,permutation,time_max,0.0027386354028689163,0.0031816887484007457,balanced_accuracy,10,655,held-out fold,21
binary,r0f3,M4,permutation,mfcc_10_mean,0.0023074430008736104,0.0024994511212458478,balanced_accuracy,10,655,held-out fold,22
binary,r0f3,M4,permutation,dwt_cD3_mean_abs,0.001857931967420967,0.002553407818897846,balanced_accuracy,10,655,held-out fold,23
binary,r0f3,M4,permutation,mfcc_07_mean,0.0017825437533466105,0.0048592400987657715,balanced_accuracy,10,655,held-out fold,24
binary,r0f3,M4,permutation,mfcc_02_std,0.0017282924217230434,0.0032457991505416414,balanced_accuracy,10,655,held-out fold,25
binary,r0f3,M4,permutation,chroma_01_mean,0.0016951779725501658,0.0014598540145985162,balanced_accuracy,10,655,held-out fold,26
binary,r0f3,M4,permutation,mfcc_03_std,0.0016740410900994318,0.0022629831599855856,balanced_accuracy,10,655,held-out fold,27
binary,r0f3,M4,permutation,env_mean,0.001610630442747185,0.002630696537005338,balanced_accuracy,10,655,held-out fold,28
binary,r0f3,M4,permutation,time_hjorth_complexity,0.0015923118112898594,0.004730349500729048,balanced_accuracy,10,655,held-out fold,29
binary,r0f3,M4,permutation,mfcc_03_mean,0.001492968463771316,0.005333353343868317,balanced_accuracy,10,655,held-out fold,30
binary,r0f3,M4,permutation,chroma_05_mean,0.0014175802496970036,0.001891455879673542,balanced_accuracy,10,655,held-out fold,31
binary,r0f3,M4,permutation,freq_bandwidth_std,0.0013844658005241594,0.0015953243964862713,balanced_accuracy,10,655,held-out fold,32
binary,r0f3,M4,permutation,dwt_cA5_entropy,0.0013633289180734142,0.001589338805049314,balanced_accuracy,10,655,held-out fold,33
binary,r0f3,M4,permutation,mfcc_05_std,0.0012365076233688765,0.003637255971032484,balanced_accuracy,10,655,held-out fold,34
binary,r0f3,M4,permutation,freq_band_power_250_350,0.0010674125637628706,0.004009757223663347,balanced_accuracy,10,655,held-out fold,35
binary,r0f3,M4,permutation,freq_rolloff95_mean,0.0010434574303186729,0.001224766171858072,balanced_accuracy,10,655,held-out fold,36
binary,r0f3,M4,permutation,chroma_05_std,0.0009983654144237852,0.0017585187550210005,balanced_accuracy,10,655,held-out fold,37
binary,r0f3,M4,permutation,freq_flux_mean,0.000913817884620749,0.0016094996941709476,balanced_accuracy,10,655,held-out fold,38
binary,r0f3,M4,permutation,mfcc_01_mean,0.0008384296705464145,0.0017843696686219985,balanced_accuracy,10,655,held-out fold,39
binary,r0f3,M4,permutation,chroma_03_mean,0.0007510638897499922,0.0013583567801579886,balanced_accuracy,10,655,held-out fold,40
binary,r0f3,M4,permutation,mfcc_06_delta_mean,0.0007299270072992581,0.0014598540145985162,balanced_accuracy,10,655,held-out fold,41
binary,r0f3,M4,permutation,mfcc_07_delta_mean,0.0007299270072992581,0.0014598540145985162,balanced_accuracy,10,655,held-out fold,41
binary,r0f3,M4,permutation,time_duration,0.0007087901248484906,0.0018408788739002078,balanced_accuracy,10,655,held-out fold,43
binary,r0f3,M4,permutation,mfcc_10_std,0.0006545387932249014,0.001373913437687934,balanced_accuracy,10,655,held-out fold,44
binary,r0f3,M4,permutation,dwt_cD5_entropy,0.0006545387932248903,0.0028199633533329744,balanced_accuracy,10,655,held-out fold,45
binary,r0f3,M4,permutation,time_peak_to_peak,0.0006545387932248792,0.0026236793851606623,balanced_accuracy,10,655,held-out fold,46
binary,r0f3,M4,permutation,dwt_cD2_std,0.0005819688301439529,0.002254872035089092,balanced_accuracy,10,655,held-out fold,47
binary,r0f3,M4,permutation,chroma_04_mean,0.0005791505791505446,0.0004728744677187321,balanced_accuracy,10,655,held-out fold,48
binary,r0f3,M4,permutation,chroma_08_mean,0.0005791505791505446,0.0004728744677187321,balanced_accuracy,10,655,held-out fold,48
binary,r0f3,M4,permutation,time_rms,0.0005580136966997995,0.002139036259095148,balanced_accuracy,10,655,held-out fold,50
binary,r0f3,M4,permutation,mfcc_11_std,0.0005368768142490543,0.0016006474788127607,balanced_accuracy,10,655,held-out fold,51
binary,r0f3,M4,permutation,freq_rolloff85_std,0.00045232928444600696,0.0028140095044843134,balanced_accuracy,10,655,held-out fold,52
binary,r0f3,M4,permutation,mfcc_01_std,0.0003980779528224065,0.0032668307563321662,balanced_accuracy,10,655,held-out fold,53
binary,r0f3,M4,permutation,time_hjorth_activity,0.00036496350364962905,0.001094890510948887,balanced_accuracy,10,655,held-out fold,54
binary,r0f3,M4,permutation,time_var,0.0002895752895752723,0.0004423335612891474,balanced_accuracy,10,655,held-out fold,55
binary,r0f3,M4,permutation,mfcc_08_delta_mean,0.0002895752895752723,0.0004423335612891474,balanced_accuracy,10,655,held-out fold,55
binary,r0f3,M4,permutation,mfcc_12_mean,0.00028957528957525015,0.0007538851038519856,balanced_accuracy,10,655,held-out fold,57
binary,r0f3,M4,permutation,chroma_11_std,0.00028957528957523904,0.002428225094520394,balanced_accuracy,10,655,held-out fold,58
binary,r0f3,M4,permutation,chroma_09_std,9.652509652507968e-05,0.0005198035528122026,balanced_accuracy,10,655,held-out fold,59
binary,r0f3,M4,permutation,freq_band_power_100_150,9.652509652505748e-05,0.0035385776570698254,balanced_accuracy,10,655,held-out fold,60
binary,r0f3,M4,permutation,freq_band_power_20_50,8.736578079637791e-05,0.001962578980173677,balanced_accuracy,10,655,held-out fold,61
binary,r0f3,M4,permutation,mfcc_02_mean,5.706958261698647e-05,0.003268248485330755,balanced_accuracy,10,655,held-out fold,62
binary,r0f3,M4,permutation,time_shannon_entropy,0.0,0.0,balanced_accuracy,10,655,held-out fold,63
binary,r0f3,M4,permutation,mfcc_13_std,0.0,0.0,balanced_accuracy,10,655,held-out fold,63
binary,r0f3,M4,permutation,chroma_04_std,0.0,0.0,balanced_accuracy,10,655,held-out fold,63
binary,r0f3,M4,permutation,mfcc_01_delta_mean,-1.1102230246251566e-17,0.0016321664069341513,balanced_accuracy,10,655,held-out fold,66
binary,r0f3,M4,permutation,mfcc_07_std,-2.2204460492503132e-17,0.0023082318687360406,balanced_accuracy,10,655,held-out fold,67
binary,r0f3,M4,permutation,time_crest_factor,-2.1136882450778495e-05,0.0013749772644350174,balanced_accuracy,10,655,held-out fold,68
binary,r0f3,M4,permutation,time_min,-9.652509652512409e-05,0.0006756756756756783,balanced_accuracy,10,655,held-out fold,69
binary,r0f3,M4,permutation,mfcc_11_delta_mean,-0.00012963954569797931,0.002850456086097272,balanced_accuracy,10,655,held-out fold,70
binary,r0f3,M4,permutation,time_skewness,-0.00013879886142664777,0.001319937901800399,balanced_accuracy,10,655,held-out fold,71
binary,r0f3,M4,permutation,time_hjorth_mobility,-0.00015993574387739294,0.0026448933665024596,balanced_accuracy,10,655,held-out fold,72
binary,r0f3,M4,permutation,freq_centroid_mean,-0.00019305019305020376,0.0003861003861004075,balanced_accuracy,10,655,held-out fold,73
binary,r0f3,M4,permutation,mfcc_09_std,-0.00019305019305020376,0.0003861003861004075,balanced_accuracy,10,655,held-out fold,73
binary,r0f3,M4,permutation,chroma_06_std,-0.00026843840712454937,0.0011632262695341884,balanced_accuracy,10,655,held-out fold,75
binary,r0f3,M4,permutation,chroma_02_std,-0.00028957528957530566,0.00044233356128919833,balanced_accuracy,10,655,held-out fold,76
binary,r0f3,M4,permutation,chroma_03_std,-0.00036496350364964016,0.0010948905109489206,balanced_accuracy,10,655,held-out fold,77
binary,r0f3,M4,permutation,dwt_cD3_std,-0.00036496350364964016,0.0010948905109489206,balanced_accuracy,10,655,held-out fold,77
binary,r0f3,M4,permutation,chroma_12_std,-0.000461488600174742,0.0011009917367822378,balanced_accuracy,10,655,held-out fold,79
binary,r0f3,M4,permutation,dwt_cD3_energy,-0.000461488600174742,0.001384465800524226,balanced_accuracy,10,655,held-out fold,79
binary,r0f3,M4,permutation,env_skew,-0.0005368768142490987,0.001600647478812783,balanced_accuracy,10,655,held-out fold,81
binary,r0f3,M4,permutation,chroma_07_std,-0.000558013696699855,0.001180376242824617,balanced_accuracy,10,655,held-out fold,82
binary,r0f3,M4,permutation,freq_flatness_mean,-0.0005791505791506113,0.0020352933757452085,balanced_accuracy,10,655,held-out fold,83
binary,r0f3,M4,permutation,freq_dominant,-0.0005791505791506113,0.0006402750560532016,balanced_accuracy,10,655,held-out fold,83
binary,r0f3,M4,permutation,chroma_06_mean,-0.0006545387932249458,0.0010876926890906493,balanced_accuracy,10,655,held-out fold,85
binary,r0f3,M4,permutation,dwt_cD5_energy,-0.0006996308091199221,0.0051466860077446315,balanced_accuracy,10,655,held-out fold,86
binary,r0f3,M4,permutation,env_kurtosis,-0.0007087901248485351,0.0015675221218388452,balanced_accuracy,10,655,held-out fold,87
binary,r0f3,M4,permutation,time_kurtosis,-0.0007299270072992803,0.0014598540145985607,balanced_accuracy,10,655,held-out fold,88
binary,r0f3,M4,permutation,mfcc_09_mean,-0.0007299270072992803,0.0014598540145985607,balanced_accuracy,10,655,held-out fold,88
binary,r0f3,M4,permutation,chroma_01_std,-0.0007299270072992803,0.0014598540145985607,balanced_accuracy,10,655,held-out fold,88
binary,r0f3,M4,permutation,chroma_10_mean,-0.000772200772200815,0.0005791505791506113,balanced_accuracy,10,655,held-out fold,91
binary,r0f3,M4,permutation,time_range,-0.0007722007722008262,0.003231254427954984,balanced_accuracy,10,655,held-out fold,92
binary,r0f3,M4,permutation,mfcc_13_delta_mean,-0.0008475889862751496,0.0014036865201348583,balanced_accuracy,10,655,held-out fold,93
binary,r0f3,M4,permutation,env_peak_rate,-0.0008475889862751496,0.0015876444128511498,balanced_accuracy,10,655,held-out fold,93
binary,r0f3,M4,permutation,dwt_cD3_entropy,-0.0008898627511766844,0.0026054194099909105,balanced_accuracy,10,655,held-out fold,95
binary,r0f3,M4,permutation,freq_band_power_150_250,-0.0009983654144238186,0.0015452590279310355,balanced_accuracy,10,655,held-out fold,96
binary,r0f3,M4,permutation,time_median,-0.0009983654144238296,0.0020870976536017257,balanced_accuracy,10,655,held-out fold,97
binary,r0f3,M4,permutation,chroma_10_std,-0.0010948905109489204,0.001672472881370768,balanced_accuracy,10,655,held-out fold,98
binary,r0f3,M4,permutation,dwt_cA5_energy,-0.0011068680776710528,0.0025145654972858855,balanced_accuracy,10,655,held-out fold,99
binary,r0f3,M4,permutation,dwt_cD4_std,-0.0011371642758504664,0.0021368731903068073,balanced_accuracy,10,655,held-out fold,100
binary,r0f3,M4,permutation,time_zcr_std,-0.0011583011583012226,0.0033938549905533923,balanced_accuracy,10,655,held-out fold,101
binary,r0f3,M4,permutation,mfcc_06_std,-0.0012879407039991353,0.002574616893125648,balanced_accuracy,10,655,held-out fold,102
binary,r0f3,M4,permutation,dwt_cD4_entropy,-0.0013633289180734697,0.0018874425987524066,balanced_accuracy,10,655,held-out fold,103
binary,r0f3,M4,permutation,chroma_08_std,-0.0014598540145985717,0.0018393212066120622,balanced_accuracy,10,655,held-out fold,104
binary,r0f3,M4,permutation,freq_total_power,-0.0015775159935744298,0.00128115955090352,balanced_accuracy,10,655,held-out fold,105
binary,r0f3,M4,permutation,chroma_09_mean,-0.0017494293041738773,0.0020352915464921396,balanced_accuracy,10,655,held-out fold,106
binary,r0f3,M4,permutation,freq_flux_std,-0.001845954400698968,0.002821636145802227,balanced_accuracy,10,655,held-out fold,107
binary,r0f3,M4,permutation,time_autocorr_peak_lag,-0.0019636163796748264,0.0019958188408026236,balanced_accuracy,10,655,held-out fold,108
binary,r0f3,M4,permutation,chroma_12_mean,-0.001975593946396881,0.001974413627091672,balanced_accuracy,10,655,held-out fold,109
binary,r0f3,M4,permutation,time_std,-0.001996730828847637,0.0016679879871778008,balanced_accuracy,10,655,held-out fold,110
binary,r0f3,M4,permutation,dwt_cD4_energy,-0.0019967308288476593,0.002450546216835033,balanced_accuracy,10,655,held-out fold,111
binary,r0f3,M4,permutation,freq_rolloff85_mean,-0.0020058901445763277,0.0014210213220284158,balanced_accuracy,10,655,held-out fold,112
binary,r0f3,M4,permutation,freq_spectral_entropy,-0.0021897810218978408,0.001787948717360009,balanced_accuracy,10,655,held-out fold,113
binary,r0f3,M4,permutation,mfcc_03_delta_mean,-0.0021897810218978408,0.001787948717360009,balanced_accuracy,10,655,held-out fold,113
binary,r0f3,M4,permutation,dwt_cD5_std,-0.002274328551700877,0.003368550973094455,balanced_accuracy,10,655,held-out fold,115
binary,r0f3,M4,permutation,time_autocorr_peak_value,-0.002349716765775245,0.0015358118520316375,balanced_accuracy,10,655,held-out fold,116
binary,r0f3,M4,permutation,mfcc_02_delta_mean,-0.002382831214948067,0.00206934001389573,balanced_accuracy,10,655,held-out fold,117
binary,r0f3,M4,permutation,mfcc_10_delta_mean,-0.002458219429022379,0.0016339065342747532,balanced_accuracy,10,655,held-out fold,118
binary,r0f3,M4,permutation,chroma_07_mean,-0.0024793563114731466,0.0017892605084315033,balanced_accuracy,10,655,held-out fold,119
binary,r0f3,M4,permutation,mfcc_04_delta_mean,-0.0025124707606459574,0.0012201521580460686,balanced_accuracy,10,655,held-out fold,120
binary,r0f3,M4,permutation,mfcc_09_delta_mean,-0.0025124707606459574,0.0012201521580460686,balanced_accuracy,10,655,held-out fold,120
binary,r0f3,M4,permutation,freq_centroid_std,-0.002768931601048441,0.0017843696686219812,balanced_accuracy,10,655,held-out fold,122
binary,r0f3,M4,permutation,mfcc_04_std,-0.002865456697573521,0.00301768271847876,balanced_accuracy,10,655,held-out fold,123
binary,r0f3,M4,permutation,mfcc_12_delta_mean,-0.002877434264295586,0.0003861003861004075,balanced_accuracy,10,655,held-out fold,124
binary,r0f3,M4,permutation,mfcc_12_std,-0.0029197080291971213,0.0014598540145985607,balanced_accuracy,10,655,held-out fold,125
binary,r0f3,M4,permutation,mfcc_05_delta_mean,-0.0029950962432714555,0.0016226538987085136,balanced_accuracy,10,655,held-out fold,126
binary,r0f3,M4,permutation,mfcc_08_mean,-0.0031550319871488488,0.0017467751781788188,balanced_accuracy,10,655,held-out fold,127
binary,r0f3,M4,permutation,freq_flatness_std,-0.003381196629371863,0.0011632262695342004,balanced_accuracy,10,655,held-out fold,128
binary,r0f3,M4,permutation,dwt_cD4_mean_abs,-0.0034114928275512657,0.003779034203589693,balanced_accuracy,10,655,held-out fold,129
binary,r0f3,M4,permutation,env_std,-0.003453766592452756,0.0036554475391268686,balanced_accuracy,10,655,held-out fold,130
binary,r0f3,M4,permutation,freq_bandwidth_mean,-0.00353831412225577,0.0021816516725305683,balanced_accuracy,10,655,held-out fold,131
binary,r0f3,M4,permutation,dwt_cD2_mean_abs,-0.003595383704872823,0.0016718252623732083,balanced_accuracy,10,655,held-out fold,132
binary,r0f3,M4,permutation,chroma_11_mean,-0.0036165205873235906,0.0018107264003554893,balanced_accuracy,10,655,held-out fold,133
binary,r0f3,M4,permutation,mfcc_08_std,-0.0036496350364964014,0.0,balanced_accuracy,10,655,held-out fold,134
binary,r0f3,M4,permutation,time_mean,-0.0037461601330215145,0.003277151593690797,balanced_accuracy,10,655,held-out fold,135
binary,r0f3,M4,permutation,time_sample_entropy,-0.003884958994448129,0.0022319235670263263,balanced_accuracy,10,655,held-out fold,136
binary,r0f3,M4,permutation,freq_peak_power,-0.003927232759349619,0.0019165303438535084,balanced_accuracy,10,655,held-out fold,137
binary,r0f3,M4,permutation,dwt_cD1_mean_abs,-0.005749232026604323,0.0021780722938918493,balanced_accuracy,10,655,held-out fold,138
binary,r0f3,M5,impurity,mfcc_04_mean,0.3054854068444318,,mean decrease in impurity,0,0,train,1
binary,r0f3,M5,impurity,time_zcr_mean,0.11256742441296112,,mean decrease in impurity,0,0,train,2
binary,r0f3,M5,impurity,dwt_cD1_entropy,0.10471592045153862,,mean decrease in impurity,0,0,train,3
binary,r0f3,M5,impurity,dwt_cD1_energy,0.036301920725862066,,mean decrease in impurity,0,0,train,4
binary,r0f3,M5,impurity,dwt_cD5_energy,0.03191397397369992,,mean decrease in impurity,0,0,train,5
binary,r0f3,M5,impurity,freq_band_power_250_350,0.026631069471729264,,mean decrease in impurity,0,0,train,6
binary,r0f3,M5,impurity,time_iqr,0.02331099761628788,,mean decrease in impurity,0,0,train,7
binary,r0f3,M5,impurity,dwt_cD4_energy,0.01943153679622213,,mean decrease in impurity,0,0,train,8
binary,r0f3,M5,impurity,dwt_cD3_mean_abs,0.01639187213779034,,mean decrease in impurity,0,0,train,9
binary,r0f3,M5,impurity,chroma_07_mean,0.015500209840745969,,mean decrease in impurity,0,0,train,10
binary,r0f3,M5,impurity,dwt_cA5_energy,0.01371419979215644,,mean decrease in impurity,0,0,train,11
binary,r0f3,M5,impurity,freq_band_power_350_400,0.013280815161951336,,mean decrease in impurity,0,0,train,12
binary,r0f3,M5,impurity,chroma_07_std,0.011234122936392714,,mean decrease in impurity,0,0,train,13
binary,r0f3,M5,impurity,mfcc_02_mean,0.010497145458546814,,mean decrease in impurity,0,0,train,14
binary,r0f3,M5,impurity,time_duration,0.009750908394676232,,mean decrease in impurity,0,0,train,15
binary,r0f3,M5,impurity,time_hjorth_complexity,0.008486576575359336,,mean decrease in impurity,0,0,train,16
binary,r0f3,M5,impurity,dwt_cD4_mean_abs,0.008397344426844398,,mean decrease in impurity,0,0,train,17
binary,r0f3,M5,impurity,freq_band_power_20_50,0.008320084016171781,,mean decrease in impurity,0,0,train,18
binary,r0f3,M5,impurity,dwt_cD5_mean_abs,0.007934441201935063,,mean decrease in impurity,0,0,train,19
binary,r0f3,M5,impurity,mfcc_05_std,0.00667763495944881,,mean decrease in impurity,0,0,train,20
binary,r0f3,M5,impurity,mfcc_03_mean,0.006475726704022421,,mean decrease in impurity,0,0,train,21
binary,r0f3,M5,impurity,mfcc_12_std,0.006389204945190818,,mean decrease in impurity,0,0,train,22
binary,r0f3,M5,impurity,mfcc_02_delta_mean,0.006207970715550403,,mean decrease in impurity,0,0,train,23
binary,r0f3,M5,impurity,time_median,0.005765313254468557,,mean decrease in impurity,0,0,train,24
binary,r0f3,M5,impurity,dwt_cA5_mean_abs,0.005666892160991809,,mean decrease in impurity,0,0,train,25
binary,r0f3,M5,impurity,chroma_06_mean,0.0056488289661354284,,mean decrease in impurity,0,0,train,26
binary,r0f3,M5,impurity,time_zcr_std,0.005579901438647402,,mean decrease in impurity,0,0,train,27
binary,r0f3,M5,impurity,time_max,0.00506216396662326,,mean decrease in impurity,0,0,train,28
binary,r0f3,M5,impurity,mfcc_05_mean,0.0049700972915271355,,mean decrease in impurity,0,0,train,29
binary,r0f3,M5,impurity,dwt_cA5_std,0.004697334602557845,,mean decrease in impurity,0,0,train,30
binary,r0f3,M5,impurity,dwt_cD5_std,0.00463449288248335,,mean decrease in impurity,0,0,train,31
binary,r0f3,M5,impurity,freq_flux_mean,0.004481748293581294,,mean decrease in impurity,0,0,train,32
binary,r0f3,M5,impurity,time_skewness,0.004448098211166344,,mean decrease in impurity,0,0,train,33
binary,r0f3,M5,impurity,dwt_cD2_entropy,0.004079898122457331,,mean decrease in impurity,0,0,train,34
binary,r0f3,M5,impurity,mfcc_07_delta_mean,0.003930164139186139,,mean decrease in impurity,0,0,train,35
binary,r0f3,M5,impurity,mfcc_01_delta_mean,0.0036763440661857004,,mean decrease in impurity,0,0,train,36
binary,r0f3,M5,impurity,mfcc_06_std,0.0035427530089574585,,mean decrease in impurity,0,0,train,37
binary,r0f3,M5,impurity,dwt_cD1_mean_abs,0.0034142928369572953,,mean decrease in impurity,0,0,train,38
binary,r0f3,M5,impurity,chroma_01_mean,0.003397390638237519,,mean decrease in impurity,0,0,train,39
binary,r0f3,M5,impurity,time_energy,0.003292493372121488,,mean decrease in impurity,0,0,train,40
binary,r0f3,M5,impurity,mfcc_01_mean,0.003259573193615049,,mean decrease in impurity,0,0,train,41
binary,r0f3,M5,impurity,chroma_04_std,0.003129423900915302,,mean decrease in impurity,0,0,train,42
binary,r0f3,M5,impurity,mfcc_05_delta_mean,0.0030217487095668453,,mean decrease in impurity,0,0,train,43
binary,r0f3,M5,impurity,env_peak_rate,0.0029870948720512828,,mean decrease in impurity,0,0,train,44
binary,r0f3,M5,impurity,chroma_05_std,0.002974670397415411,,mean decrease in impurity,0,0,train,45
binary,r0f3,M5,impurity,freq_rolloff85_std,0.0028804789085855654,,mean decrease in impurity,0,0,train,46
binary,r0f3,M5,impurity,freq_flatness_mean,0.0026611913780489284,,mean decrease in impurity,0,0,train,47
binary,r0f3,M5,impurity,chroma_08_mean,0.0025861930117043468,,mean decrease in impurity,0,0,train,48
binary,r0f3,M5,impurity,dwt_cD1_std,0.0025405981998857974,,mean decrease in impurity,0,0,train,49
binary,r0f3,M5,impurity,mfcc_13_mean,0.0024943714796411475,,mean decrease in impurity,0,0,train,50
binary,r0f3,M5,impurity,time_sample_entropy,0.0024392914703918775,,mean decrease in impurity,0,0,train,51
binary,r0f3,M5,impurity,chroma_11_mean,0.0023414848410684124,,mean decrease in impurity,0,0,train,52
binary,r0f3,M5,impurity,freq_centroid_mean,0.002310254443661414,,mean decrease in impurity,0,0,train,53
binary,r0f3,M5,impurity,chroma_09_std,0.0023006433334088806,,mean decrease in impurity,0,0,train,54
binary,r0f3,M5,impurity,freq_peak_power,0.002277968869746138,,mean decrease in impurity,0,0,train,55
binary,r0f3,M5,impurity,freq_rolloff95_std,0.0021721015758032524,,mean decrease in impurity,0,0,train,56
binary,r0f3,M5,impurity,chroma_06_std,0.0021436871338731765,,mean decrease in impurity,0,0,train,57
binary,r0f3,M5,impurity,dwt_cD5_entropy,0.002118581968163634,,mean decrease in impurity,0,0,train,58
binary,r0f3,M5,impurity,mfcc_11_delta_mean,0.0021167945204389376,,mean decrease in impurity,0,0,train,59
binary,r0f3,M5,impurity,mfcc_10_mean,0.002049003148012797,,mean decrease in impurity,0,0,train,60
binary,r0f3,M5,impurity,mfcc_11_std,0.001969615742067483,,mean decrease in impurity,0,0,train,61
binary,r0f3,M5,impurity,mfcc_06_mean,0.0018580502950914784,,mean decrease in impurity,0,0,train,62
binary,r0f3,M5,impurity,dwt_cD4_entropy,0.001838592068941798,,mean decrease in impurity,0,0,train,63
binary,r0f3,M5,impurity,mfcc_01_std,0.001782009658339653,,mean decrease in impurity,0,0,train,64
binary,r0f3,M5,impurity,mfcc_13_delta_mean,0.0016648665116043419,,mean decrease in impurity,0,0,train,65
binary,r0f3,M5,impurity,dwt_cA5_entropy,0.0016597315757450326,,mean decrease in impurity,0,0,train,66
binary,r0f3,M5,impurity,mfcc_12_mean,0.0015694019021205666,,mean decrease in impurity,0,0,train,67
binary,r0f3,M5,impurity,freq_bandwidth_mean,0.0015427172104873956,,mean decrease in impurity,0,0,train,68
binary,r0f3,M5,impurity,freq_rolloff95_mean,0.0015359756787624915,,mean decrease in impurity,0,0,train,69
binary,r0f3,M5,impurity,freq_total_power,0.0015185810328206182,,mean decrease in impurity,0,0,train,70
binary,r0f3,M5,impurity,mfcc_13_std,0.0015128710045091537,,mean decrease in impurity,0,0,train,71
binary,r0f3,M5,impurity,mfcc_08_delta_mean,0.0015022310990172685,,mean decrease in impurity,0,0,train,72
binary,r0f3,M5,impurity,env_std,0.0014659604776190416,,mean decrease in impurity,0,0,train,73
binary,r0f3,M5,impurity,mfcc_06_delta_mean,0.0013946476647733203,,mean decrease in impurity,0,0,train,74
binary,r0f3,M5,impurity,mfcc_12_delta_mean,0.0013367309925480988,,mean decrease in impurity,0,0,train,75
binary,r0f3,M5,impurity,mfcc_04_std,0.0013076995242470744,,mean decrease in impurity,0,0,train,76
binary,r0f3,M5,impurity,freq_rolloff85_mean,0.001227989048024573,,mean decrease in impurity,0,0,train,77
binary,r0f3,M5,impurity,dwt_cD3_entropy,0.0012124084086275804,,mean decrease in impurity,0,0,train,78
binary,r0f3,M5,impurity,time_kurtosis,0.001208810662703911,,mean decrease in impurity,0,0,train,79
binary,r0f3,M5,impurity,freq_flatness_std,0.0012046409601619396,,mean decrease in impurity,0,0,train,80
binary,r0f3,M5,impurity,time_crest_factor,0.0011824086003129316,,mean decrease in impurity,0,0,train,81
binary,r0f3,M5,impurity,mfcc_09_mean,0.0010914255925809685,,mean decrease in impurity,0,0,train,82
binary,r0f3,M5,impurity,time_autocorr_peak_value,0.0010599134234720077,,mean decrease in impurity,0,0,train,83
binary,r0f3,M5,impurity,freq_spectral_entropy,0.0010565424312861677,,mean decrease in impurity,0,0,train,84
binary,r0f3,M5,impurity,time_var,0.0010138999307995518,,mean decrease in impurity,0,0,train,85
binary,r0f3,M5,impurity,chroma_04_mean,0.0010062197572889614,,mean decrease in impurity,0,0,train,86
binary,r0f3,M5,impurity,chroma_12_mean,0.0010019899300824674,,mean decrease in impurity,0,0,train,87
binary,r0f3,M5,impurity,chroma_02_mean,0.0009925679279418306,,mean decrease in impurity,0,0,train,88
binary,r0f3,M5,impurity,mfcc_11_mean,0.0009856108415898515,,mean decrease in impurity,0,0,train,89
binary,r0f3,M5,impurity,freq_centroid_std,0.0009670936461622011,,mean decrease in impurity,0,0,train,90
binary,r0f3,M5,impurity,mfcc_09_std,0.0009622107990939833,,mean decrease in impurity,0,0,train,91
binary,r0f3,M5,impurity,mfcc_03_std,0.0009604671187227638,,mean decrease in impurity,0,0,train,92
binary,r0f3,M5,impurity,chroma_05_mean,0.000953168212441564,,mean decrease in impurity,0,0,train,93
binary,r0f3,M5,impurity,mfcc_10_std,0.0009190555061521544,,mean decrease in impurity,0,0,train,94
binary,r0f3,M5,impurity,dwt_cD2_std,0.0009071810829142408,,mean decrease in impurity,0,0,train,95
binary,r0f3,M5,impurity,mfcc_03_delta_mean,0.0008913559593099649,,mean decrease in impurity,0,0,train,96
binary,r0f3,M5,impurity,mfcc_02_std,0.0008856276177814726,,mean decrease in impurity,0,0,train,97
binary,r0f3,M5,impurity,env_kurtosis,0.0007916322229217468,,mean decrease in impurity,0,0,train,98
binary,r0f3,M5,impurity,freq_dominant,0.0007868035136891022,,mean decrease in impurity,0,0,train,99
binary,r0f3,M5,impurity,time_min,0.0007515643494597658,,mean decrease in impurity,0,0,train,100
binary,r0f3,M5,impurity,time_autocorr_peak_lag,0.0007509679696462429,,mean decrease in impurity,0,0,train,101
binary,r0f3,M5,impurity,env_skew,0.0007339068026537702,,mean decrease in impurity,0,0,train,102
binary,r0f3,M5,impurity,chroma_11_std,0.0007287153520301664,,mean decrease in impurity,0,0,train,103
binary,r0f3,M5,impurity,mfcc_10_delta_mean,0.0007267906897786193,,mean decrease in impurity,0,0,train,104
binary,r0f3,M5,impurity,mfcc_08_std,0.0007256247788720217,,mean decrease in impurity,0,0,train,105
binary,r0f3,M5,impurity,time_hjorth_mobility,0.0007223699467923398,,mean decrease in impurity,0,0,train,106
binary,r0f3,M5,impurity,mfcc_07_std,0.0006920320524927295,,mean decrease in impurity,0,0,train,107
binary,r0f3,M5,impurity,time_rms,0.0006846033243594665,,mean decrease in impurity,0,0,train,108
binary,r0f3,M5,impurity,dwt_cD3_energy,0.0006424597853548072,,mean decrease in impurity,0,0,train,109
binary,r0f3,M5,impurity,dwt_cD3_std,0.0005959305521599442,,mean decrease in impurity,0,0,train,110
binary,r0f3,M5,impurity,mfcc_04_delta_mean,0.0005899764653003924,,mean decrease in impurity,0,0,train,111
binary,r0f3,M5,impurity,freq_band_power_150_250,0.0005450871301738312,,mean decrease in impurity,0,0,train,112
binary,r0f3,M5,impurity,dwt_cD4_std,0.0005439318195913354,,mean decrease in impurity,0,0,train,113
binary,r0f3,M5,impurity,chroma_03_mean,0.0004972044769258483,,mean decrease in impurity,0,0,train,114
binary,r0f3,M5,impurity,time_mean,0.00043026345579037296,,mean decrease in impurity,0,0,train,115
binary,r0f3,M5,impurity,chroma_12_std,0.0004250807190041008,,mean decrease in impurity,0,0,train,116
binary,r0f3,M5,impurity,chroma_03_std,0.00039560308734056963,,mean decrease in impurity,0,0,train,117
binary,r0f3,M5,impurity,time_shannon_entropy,0.00038047707871757927,,mean decrease in impurity,0,0,train,118
binary,r0f3,M5,impurity,freq_band_power_100_150,0.000375153079576114,,mean decrease in impurity,0,0,train,119
binary,r0f3,M5,impurity,mfcc_07_mean,0.00032480785401501147,,mean decrease in impurity,0,0,train,120
binary,r0f3,M5,impurity,time_hjorth_activity,0.0003099768945804154,,mean decrease in impurity,0,0,train,121
binary,r0f3,M5,impurity,mfcc_09_delta_mean,0.00030004018321900215,,mean decrease in impurity,0,0,train,122
binary,r0f3,M5,impurity,time_std,0.00022414700241734528,,mean decrease in impurity,0,0,train,123
binary,r0f3,M5,impurity,chroma_02_std,0.0002206723934788497,,mean decrease in impurity,0,0,train,124
binary,r0f3,M5,impurity,env_mean,0.00021576074783194476,,mean decrease in impurity,0,0,train,125
binary,r0f3,M5,impurity,time_peak_to_peak,0.00016457125389398827,,mean decrease in impurity,0,0,train,126
binary,r0f3,M5,impurity,chroma_08_std,0.00015598744612678749,,mean decrease in impurity,0,0,train,127
binary,r0f3,M5,impurity,chroma_09_mean,0.00014936610671470788,,mean decrease in impurity,0,0,train,128
binary,r0f3,M5,impurity,freq_bandwidth_std,0.0001433881333518684,,mean decrease in impurity,0,0,train,129
binary,r0f3,M5,impurity,mfcc_08_mean,0.00012774230482773396,,mean decrease in impurity,0,0,train,130
binary,r0f3,M5,impurity,chroma_10_std,0.00012350422694346579,,mean decrease in impurity,0,0,train,131
binary,r0f3,M5,impurity,chroma_01_std,9.4992994971528e-05,,mean decrease in impurity,0,0,train,132
binary,r0f3,M5,impurity,dwt_cD2_mean_abs,3.447931020913186e-05,,mean decrease in impurity,0,0,train,133
binary,r0f3,M5,impurity,chroma_10_mean,1.796418685199193e-05,,mean decrease in impurity,0,0,train,134
binary,r0f3,M5,impurity,freq_band_power_50_100,1.3420253469930832e-05,,mean decrease in impurity,0,0,train,135
binary,r0f3,M5,impurity,time_range,2.8599905203822275e-06,,mean decrease in impurity,0,0,train,136
binary,r0f3,M5,impurity,freq_flux_std,0.0,,mean decrease in impurity,0,0,train,137
binary,r0f3,M5,impurity,dwt_cD2_energy,0.0,,mean decrease in impurity,0,0,train,137
binary,r0f3,M5,permutation,dwt_cD1_entropy,0.034478482653665224,0.0073098663231719605,balanced_accuracy,10,655,held-out fold,1
binary,r0f3,M5,permutation,mfcc_04_mean,0.02851224530056653,0.009289316526750973,balanced_accuracy,10,655,held-out fold,2
binary,r0f3,M5,permutation,dwt_cD1_energy,0.023185750922977266,0.008291749789532874,balanced_accuracy,10,655,held-out fold,3
binary,r0f3,M5,permutation,freq_band_power_350_400,0.016209170588732724,0.003421544448858306,balanced_accuracy,10,655,held-out fold,4
binary,r0f3,M5,permutation,time_zcr_mean,0.015192486542851592,0.009086693102132306,balanced_accuracy,10,655,held-out fold,5
binary,r0f3,M5,permutation,mfcc_02_mean,0.013280303243806978,0.006463868045113799,balanced_accuracy,10,655,held-out fold,6
binary,r0f3,M5,permutation,dwt_cD5_energy,0.011637262914635228,0.006556068284796957,balanced_accuracy,10,655,held-out fold,7
binary,r0f3,M5,permutation,mfcc_01_mean,0.010982019558661982,0.0022476193279393434,balanced_accuracy,10,655,held-out fold,8
binary,r0f3,M5,permutation,chroma_01_mean,0.008306794803145246,0.0025385426133416214,balanced_accuracy,10,655,held-out fold,9
binary,r0f3,M5,permutation,time_iqr,0.008303976552151792,0.010360643582813434,balanced_accuracy,10,655,held-out fold,10
binary,r0f3,M5,permutation,time_kurtosis,0.006505932418341298,0.003539218910939322,balanced_accuracy,10,655,held-out fold,11
binary,r0f3,M5,permutation,time_duration,0.006032466251444424,0.004754661512167892,balanced_accuracy,10,655,held-out fold,12
binary,r0f3,M5,permutation,time_energy,0.005420201223121024,0.0034687636261933807,balanced_accuracy,10,655,held-out fold,13
binary,r0f3,M5,permutation,freq_flux_mean,0.005121466617817083,0.003660792306480252,balanced_accuracy,10,655,held-out fold,14
binary,r0f3,M5,permutation,mfcc_05_delta_mean,0.004560634670123798,0.003830620320410238,balanced_accuracy,10,655,held-out fold,15
binary,r0f3,M5,permutation,mfcc_11_delta_mean,0.004014598540146075,0.0030316145485102843,balanced_accuracy,10,655,held-out fold,16
binary,r0f3,M5,permutation,chroma_05_std,0.003842685229546694,0.0003861003861003631,balanced_accuracy,10,655,held-out fold,17
binary,r0f3,M5,permutation,mfcc_13_mean,0.003583406138150713,0.0037424357070388213,balanced_accuracy,10,655,held-out fold,18
binary,r0f3,M5,permutation,dwt_cD5_std,0.0034262886452668616,0.00293612533113477,balanced_accuracy,10,655,held-out fold,19
binary,r0f3,M5,permutation,dwt_cD2_entropy,0.003070484457345879,0.0034834351817029053,balanced_accuracy,10,655,held-out fold,20
binary,r0f3,M5,permutation,freq_flatness_mean,0.002877434264295697,0.0021435601123260205,balanced_accuracy,10,655,held-out fold,21
binary,r0f3,M5,permutation,mfcc_13_delta_mean,0.0028112053659499537,0.0025597861321955736,balanced_accuracy,10,655,held-out fold,22
binary,r0f3,M5,permutation,dwt_cA5_energy,0.002714680269424874,0.0032678362345175634,balanced_accuracy,10,655,held-out fold,23
binary,r0f3,M5,permutation,freq_bandwidth_mean,0.002587858974720392,0.0005198035528122397,balanced_accuracy,10,655,held-out fold,24
binary,r0f3,M5,permutation,time_autocorr_peak_value,0.002575881407998304,0.0025508970396840897,balanced_accuracy,10,655,held-out fold,25
binary,r0f3,M5,permutation,time_zcr_std,0.0023433757010400515,0.003183403185808028,balanced_accuracy,10,655,held-out fold,26
binary,r0f3,M5,permutation,freq_rolloff85_std,0.002039004593749183,0.002142072843737805,balanced_accuracy,10,655,held-out fold,27
binary,r0f3,M5,permutation,chroma_06_std,0.0018790688498718678,0.0017094935634648124,balanced_accuracy,10,655,held-out fold,28
binary,r0f3,M5,permutation,dwt_cA5_entropy,0.001845954400698968,0.0025597861321955966,balanced_accuracy,10,655,held-out fold,29
binary,r0f3,M5,permutation,mfcc_07_delta_mean,0.0017797255023533243,0.003887283075246107,balanced_accuracy,10,655,held-out fold,30
binary,r0f3,M5,permutation,dwt_cD5_mean_abs,0.0015352422286729617,0.007159323076704712,balanced_accuracy,10,655,held-out fold,31
binary,r0f3,M5,permutation,chroma_11_std,0.0014175802496971146,0.0016950051906685583,balanced_accuracy,10,655,held-out fold,32
binary,r0f3,M5,permutation,dwt_cD3_energy,0.0012668038215484124,0.0016391158321515315,balanced_accuracy,10,655,held-out fold,33
binary,r0f3,M5,permutation,time_median,0.0012456669390976671,0.0017422251214900782,balanced_accuracy,10,655,held-out fold,34
binary,r0f3,M5,permutation,freq_band_power_250_350,0.001224530056646922,0.003351039681659759,balanced_accuracy,10,655,held-out fold,35
binary,r0f3,M5,permutation,time_min,0.001073753628498242,0.0022181873333580885,balanced_accuracy,10,655,held-out fold,36
binary,r0f3,M5,permutation,mfcc_02_std,0.0009018403178987833,0.0027882139419363114,balanced_accuracy,10,655,held-out fold,37
binary,r0f3,M5,permutation,chroma_12_mean,0.0006968125581265028,0.0018728556782585974,balanced_accuracy,10,655,held-out fold,38
binary,r0f3,M5,permutation,freq_spectral_entropy,0.0005911281458727436,0.002152919306238602,balanced_accuracy,10,655,held-out fold,39
binary,r0f3,M5,permutation,mfcc_04_std,0.0005791505791506335,0.000884667122578358,balanced_accuracy,10,655,held-out fold,40
binary,r0f3,M5,permutation,freq_total_power,0.0005580136966998994,0.0030329602254586955,balanced_accuracy,10,655,held-out fold,41
binary,r0f3,M5,permutation,dwt_cD3_std,0.00046430685116828353,0.0026407430068797226,balanced_accuracy,10,655,held-out fold,42
binary,r0f3,M5,permutation,mfcc_07_std,0.0003649635036496512,0.0010948905109489538,balanced_accuracy,10,655,held-out fold,43
binary,r0f3,M5,permutation,mfcc_11_mean,0.00028957528957536117,0.0029257895155979812,balanced_accuracy,10,655,held-out fold,44
binary,r0f3,M5,permutation,freq_rolloff85_mean,0.0002804159738467371,0.0027426136463846542,balanced_accuracy,10,655,held-out fold,45
binary,r0f3,M5,permutation,chroma_09_mean,0.00023532395795173856,0.0014091262012793356,balanced_accuracy,10,655,held-out fold,46
binary,r0f3,M5,permutation,mfcc_08_mean,0.00019305019305020376,0.0003861003861004075,balanced_accuracy,10,655,held-out fold,47
binary,r0f3,M5,permutation,env_skew,0.00019305019305020376,0.0003861003861004075,balanced_accuracy,10,655,held-out fold,47
binary,r0f3,M5,permutation,chroma_07_std,0.00018389087732162412,0.004500208841803196,balanced_accuracy,10,655,held-out fold,49
binary,r0f3,M5,permutation,chroma_11_mean,0.00010850266324726742,0.0024849943116791503,balanced_accuracy,10,655,held-out fold,50
binary,r0f3,M5,permutation,chroma_02_mean,9.652509652510188e-05,0.00028957528957530566,balanced_accuracy,10,655,held-out fold,51
binary,r0f3,M5,permutation,chroma_12_std,1.1102230246251566e-17,0.00043167335472968826,balanced_accuracy,10,655,held-out fold,52
binary,r0f3,M5,permutation,time_mean,0.0,0.0,balanced_accuracy,10,655,held-out fold,53
binary,r0f3,M5,permutation,time_range,0.0,0.0,balanced_accuracy,10,655,held-out fold,53
binary,r0f3,M5,permutation,freq_flux_std,0.0,0.0,balanced_accuracy,10,655,held-out fold,53
binary,r0f3,M5,permutation,freq_band_power_50_100,0.0,0.0,balanced_accuracy,10,655,held-out fold,53
binary,r0f3,M5,permutation,mfcc_07_mean,0.0,0.0,balanced_accuracy,10,655,held-out fold,53
binary,r0f3,M5,permutation,mfcc_09_mean,0.0,0.0,balanced_accuracy,10,655,held-out fold,53
binary,r0f3,M5,permutation,mfcc_12_std,0.0,0.0,balanced_accuracy,10,655,held-out fold,53
binary,r0f3,M5,permutation,chroma_05_mean,0.0,0.0,balanced_accuracy,10,655,held-out fold,53
binary,r0f3,M5,permutation,chroma_10_mean,0.0,0.0,balanced_accuracy,10,655,held-out fold,53
binary,r0f3,M5,permutation,chroma_01_std,0.0,0.0,balanced_accuracy,10,655,held-out fold,53
binary,r0f3,M5,permutation,chroma_02_std,0.0,0.0,balanced_accuracy,10,655,held-out fold,53
binary,r0f3,M5,permutation,chroma_08_std,0.0,0.0,balanced_accuracy,10,655,held-out fold,53
binary,r0f3,M5,permutation,chroma_10_std,0.0,0.0,balanced_accuracy,10,655,held-out fold,53
binary,r0f3,M5,permutation,dwt_cD2_energy,0.0,0.0,balanced_accuracy,10,655,held-out fold,53
binary,r0f3,M5,permutation,dwt_cD4_std,0.0,0.0,balanced_accuracy,10,655,held-out fold,53
binary,r0f3,M5,permutation,dwt_cD3_entropy,0.0,0.0,balanced_accuracy,10,655,held-out fold,53
binary,r0f3,M5,permutation,dwt_cD2_mean_abs,0.0,0.0,balanced_accuracy,10,655,held-out fold,53
binary,r0f3,M5,permutation,mfcc_09_delta_mean,-2.1136882450689675e-05,0.002090020998089277,balanced_accuracy,10,655,held-out fold,70
binary,r0f3,M5,permutation,chroma_04_std,-7.538821407432339e-05,0.0012672067845920882,balanced_accuracy,10,655,held-out fold,71
binary,r0f3,M5,permutation,time_std,-7.538821407433449e-05,0.0009493420282268559,balanced_accuracy,10,655,held-out fold,72
binary,r0f3,M5,permutation,freq_rolloff95_mean,-9.652509652509078e-05,0.0002895752895752724,balanced_accuracy,10,655,held-out fold,73
binary,r0f3,M5,permutation,mfcc_08_delta_mean,-0.00017191331059938087,0.002682934240659244,balanced_accuracy,10,655,held-out fold,74
binary,r0f3,M5,permutation,mfcc_09_std,-0.00017191331059942527,0.0009851651768154033,balanced_accuracy,10,655,held-out fold,75
binary,r0f3,M5,permutation,dwt_cD5_entropy,-0.0002895752895752168,0.00482679525219611,balanced_accuracy,10,655,held-out fold,76
binary,r0f3,M5,permutation,freq_dominant,-0.0002895752895752723,0.0004423335612891474,balanced_accuracy,10,655,held-out fold,77
binary,r0f3,M5,permutation,mfcc_12_delta_mean,-0.0002895752895752723,0.0004423335612891474,balanced_accuracy,10,655,held-out fold,77
binary,r0f3,M5,permutation,mfcc_08_std,-0.0003107121720259953,0.0013886838829033628,balanced_accuracy,10,655,held-out fold,79
binary,r0f3,M5,permutation,dwt_cD2_std,-0.0003107121720259953,0.0012473007481230622,balanced_accuracy,10,655,held-out fold,79
binary,r0f3,M5,permutation,mfcc_01_std,-0.00046148860017466433,0.002115651302155854,balanced_accuracy,10,655,held-out fold,81
binary,r0f3,M5,permutation,freq_centroid_std,-0.0004826254826254539,0.0004826254826254539,balanced_accuracy,10,655,held-out fold,82
binary,r0f3,M5,permutation,time_var,-0.0005368768142490321,0.002814616276324881,balanced_accuracy,10,655,held-out fold,83
binary,r0f3,M5,permutation,mfcc_04_delta_mean,-0.0005791505791505336,0.0006402750560531547,balanced_accuracy,10,655,held-out fold,84
binary,r0f3,M5,permutation,freq_bandwidth_std,-0.0005791505791505446,0.0004728744677187321,balanced_accuracy,10,655,held-out fold,85
binary,r0f3,M5,permutation,env_mean,-0.0005791505791505446,0.0006402750560531279,balanced_accuracy,10,655,held-out fold,85
binary,r0f3,M5,permutation,time_rms,-0.000633401910774134,0.0019958621183635518,balanced_accuracy,10,655,held-out fold,87
binary,r0f3,M5,permutation,time_peak_to_peak,-0.0006756756756756355,0.0006180621850803541,balanced_accuracy,10,655,held-out fold,88
binary,r0f3,M5,permutation,mfcc_10_std,-0.0006968125581263696,0.0008053152213736148,balanced_accuracy,10,655,held-out fold,89
binary,r0f3,M5,permutation,chroma_03_std,-0.0008053152213736037,0.00148922983288984,balanced_accuracy,10,655,held-out fold,90
binary,r0f3,M5,permutation,mfcc_12_mean,-0.0008687258687258392,0.0013954471327027906,balanced_accuracy,10,655,held-out fold,91
binary,r0f3,M5,permutation,dwt_cD1_std,-0.0009652509652509078,0.0,balanced_accuracy,10,655,held-out fold,92
binary,r0f3,M5,permutation,env_kurtosis,-0.0010948905109488872,0.001672472881370717,balanced_accuracy,10,655,held-out fold,93
binary,r0f3,M5,permutation,env_peak_rate,-0.0011068680776709194,0.0036793362944293273,balanced_accuracy,10,655,held-out fold,94
binary,r0f3,M5,permutation,time_autocorr_peak_lag,-0.0011583011583010893,0.0035329901209169194,balanced_accuracy,10,655,held-out fold,95
binary,r0f3,M5,permutation,freq_band_power_150_250,-0.0013844658005241484,0.002177236266428493,balanced_accuracy,10,655,held-out fold,96
binary,r0f3,M5,permutation,mfcc_05_std,-0.0014598540145984607,0.006771246690124468,balanced_accuracy,10,655,held-out fold,97
binary,r0f3,M5,permutation,dwt_cD3_mean_abs,-0.001462672265591891,0.004064766788243842,balanced_accuracy,10,655,held-out fold,98
binary,r0f3,M5,permutation,mfcc_06_delta_mean,-0.0015444015444014748,0.000772200772200765,balanced_accuracy,10,655,held-out fold,99
binary,r0f3,M5,permutation,dwt_cA5_mean_abs,-0.0015775159935743298,0.0025335795270468183,balanced_accuracy,10,655,held-out fold,100
binary,r0f3,M5,permutation,time_shannon_entropy,-0.0015894935602964288,0.0029150958250349895,balanced_accuracy,10,655,held-out fold,101
binary,r0f3,M5,permutation,freq_band_power_20_50,-0.0015986528760250861,0.002322195317417378,balanced_accuracy,10,655,held-out fold,102
binary,r0f3,M5,permutation,mfcc_06_std,-0.0015986528760250861,0.004006052896796627,balanced_accuracy,10,655,held-out fold,102
binary,r0f3,M5,permutation,mfcc_03_std,-0.0016860186568215195,0.0027455718272828,balanced_accuracy,10,655,held-out fold,104
binary,r0f3,M5,permutation,chroma_06_mean,-0.0019002057323224686,0.004117374580527081,balanced_accuracy,10,655,held-out fold,105
binary,r0f3,M5,permutation,time_hjorth_activity,-0.00195445706394608,0.002467952065873132,balanced_accuracy,10,655,held-out fold,106
binary,r0f3,M5,permutation,dwt_cD1_mean_abs,-0.0020721190429219384,0.0014695545781106864,balanced_accuracy,10,655,held-out fold,107
binary,r0f3,M5,permutation,chroma_09_std,-0.002189781021897763,0.0033475596480249895,balanced_accuracy,10,655,held-out fold,108
binary,r0f3,M5,permutation,dwt_cD4_entropy,-0.002210917904348486,0.0029801851615250965,balanced_accuracy,10,655,held-out fold,109
binary,r0f3,M5,permutation,freq_peak_power,-0.0022440323535213524,0.003963012644737997,balanced_accuracy,10,655,held-out fold,110
binary,r0f3,M5,permutation,mfcc_03_delta_mean,-0.002286306118422865,0.0017973760278789312,balanced_accuracy,10,655,held-out fold,111
binary,r0f3,M5,permutation,chroma_03_mean,-0.002286306118422865,0.001887442598752353,balanced_accuracy,10,655,held-out fold,111
binary,r0f3,M5,permutation,time_sample_entropy,-0.0023405574500464654,0.0017620374825837392,balanced_accuracy,10,655,held-out fold,113
binary,r0f3,M5,permutation,mfcc_01_delta_mean,-0.0024913338781951235,0.002153057070198353,balanced_accuracy,10,655,held-out fold,114
binary,r0f3,M5,permutation,time_hjorth_complexity,-0.002518811825381073,0.004263268669906376,balanced_accuracy,10,655,held-out fold,115
binary,r0f3,M5,permutation,mfcc_02_delta_mean,-0.002533607643096636,0.003821190333472225,balanced_accuracy,10,655,held-out fold,116
binary,r0f3,M5,permutation,freq_band_power_100_150,-0.0025427669588252598,0.001985295928855438,balanced_accuracy,10,655,held-out fold,117
binary,r0f3,M5,permutation,time_hjorth_mobility,-0.0029077304624749003,0.0024685329959944014,balanced_accuracy,10,655,held-out fold,118
binary,r0f3,M5,permutation,chroma_04_mean,-0.002916889778203602,0.002410263749228554,balanced_accuracy,10,655,held-out fold,119
binary,r0f3,M5,permutation,freq_rolloff95_std,-0.003037370008172857,0.0018391232339294392,balanced_accuracy,10,655,held-out fold,120
binary,r0f3,M5,permutation,chroma_08_mean,-0.003079643773074381,0.002537150805139493,balanced_accuracy,10,655,held-out fold,121
binary,r0f3,M5,permutation,dwt_cD4_energy,-0.003474198912155069,0.0031917617128639922,balanced_accuracy,10,655,held-out fold,122
binary,r0f3,M5,permutation,time_crest_factor,-0.003531973057520443,0.004771147914603789,balanced_accuracy,10,655,held-out fold,123
binary,r0f3,M5,permutation,freq_centroid_mean,-0.003722204999577217,0.0015642246683158026,balanced_accuracy,10,655,held-out fold,124
binary,r0f3,M5,permutation,time_skewness,-0.003746160133021392,0.002366036790365859,balanced_accuracy,10,655,held-out fold,125
binary,r0f3,M5,permutation,mfcc_10_mean,-0.003875799678719338,0.003584425088022365,balanced_accuracy,10,655,held-out fold,126
binary,r0f3,M5,permutation,dwt_cA5_std,-0.003927232759349464,0.00259031648823128,balanced_accuracy,10,655,held-out fold,127
binary,r0f3,M5,permutation,mfcc_13_std,-0.004035735422596665,0.0006402750560531547,balanced_accuracy,10,655,held-out fold,128
binary,r0f3,M5,permutation,chroma_07_mean,-0.004068849871769531,0.003926771935129605,balanced_accuracy,10,655,held-out fold,129
binary,r0f3,M5,permutation,mfcc_06_mean,-0.004476087140320639,0.0019239647855860285,balanced_accuracy,10,655,held-out fold,130
binary,r0f3,M5,permutation,freq_flatness_std,-0.004711411098272322,0.0006756756756756783,balanced_accuracy,10,655,held-out fold,131
binary,r0f3,M5,permutation,mfcc_05_mean,-0.0054082236563987585,0.0052799785695387775,balanced_accuracy,10,655,held-out fold,132
binary,r0f3,M5,permutation,env_std,-0.00592396358819709,0.004390321292885037,balanced_accuracy,10,655,held-out fold,133
binary,r0f3,M5,permutation,mfcc_03_mean,-0.006135332412704619,0.0042402197129947855,balanced_accuracy,10,655,held-out fold,134
binary,r0f3,M5,permutation,dwt_cD4_mean_abs,-0.006717301242848639,0.0026463271781502493,balanced_accuracy,10,655,held-out fold,135
binary,r0f3,M5,permutation,time_max,-0.0068166445903671494,0.005894506235877017,balanced_accuracy,10,655,held-out fold,136
binary,r0f3,M5,permutation,mfcc_10_delta_mean,-0.007727644223994523,0.002874489603676734,balanced_accuracy,10,655,held-out fold,137
binary,r0f3,M5,permutation,mfcc_11_std,-0.007784713806611598,0.0011632262695341886,balanced_accuracy,10,655,held-out fold,138
binary,r0f3,M8,impurity,mfcc_04_mean,0.09299707412719727,,mean decrease in impurity,0,0,train,1
binary,r0f3,M8,impurity,dwt_cD1_entropy,0.06211842969059944,,mean decrease in impurity,0,0,train,2
binary,r0f3,M8,impurity,dwt_cD1_std,0.05774443969130516,,mean decrease in impurity,0,0,train,3
binary,r0f3,M8,impurity,time_zcr_mean,0.050587259232997894,,mean decrease in impurity,0,0,train,4
binary,r0f3,M8,impurity,dwt_cD1_energy,0.03980959206819534,,mean decrease in impurity,0,0,train,5
binary,r0f3,M8,impurity,dwt_cD4_energy,0.02131812460720539,,mean decrease in impurity,0,0,train,6
binary,r0f3,M8,impurity,dwt_cD3_mean_abs,0.019998379051685333,,mean decrease in impurity,0,0,train,7
binary,r0f3,M8,impurity,freq_band_power_350_400,0.019429517909884453,,mean decrease in impurity,0,0,train,8
binary,r0f3,M8,impurity,time_iqr,0.01733226329088211,,mean decrease in impurity,0,0,train,9
binary,r0f3,M8,impurity,time_duration,0.01440352387726307,,mean decrease in impurity,0,0,train,10
binary,r0f3,M8,impurity,freq_dominant,0.013507761061191559,,mean decrease in impurity,0,0,train,11
binary,r0f3,M8,impurity,time_hjorth_mobility,0.011906401254236698,,mean decrease in impurity,0,0,train,12
binary,r0f3,M8,impurity,dwt_cD4_std,0.010597612708806992,,mean decrease in impurity,0,0,train,13
binary,r0f3,M8,impurity,dwt_cD5_std,0.010312139056622982,,mean decrease in impurity,0,0,train,14
binary,r0f3,M8,impurity,dwt_cA5_std,0.00934439618140459,,mean decrease in impurity,0,0,train,15
binary,r0f3,M8,impurity,dwt_cA5_energy,0.009299492463469505,,mean decrease in impurity,0,0,train,16
binary,r0f3,M8,impurity,freq_band_power_20_50,0.009241837076842785,,mean decrease in impurity,0,0,train,17
binary,r0f3,M8,impurity,chroma_05_std,0.009180101566016674,,mean decrease in impurity,0,0,train,18
binary,r0f3,M8,impurity,dwt_cD2_mean_abs,0.009123411029577255,,mean decrease in impurity,0,0,train,19
binary,r0f3,M8,impurity,dwt_cA5_mean_abs,0.009072631597518921,,mean decrease in impurity,0,0,train,20
binary,r0f3,M8,impurity,time_max,0.008786777965724468,,mean decrease in impurity,0,0,train,21
binary,r0f3,M8,impurity,mfcc_02_mean,0.008463388308882713,,mean decrease in impurity,0,0,train,22
binary,r0f3,M8,impurity,time_energy,0.008361037820577621,,mean decrease in impurity,0,0,train,23
binary,r0f3,M8,impurity,dwt_cD4_mean_abs,0.00828341580927372,,mean decrease in impurity,0,0,train,24
binary,r0f3,M8,impurity,chroma_06_mean,0.00820041075348854,,mean decrease in impurity,0,0,train,25
binary,r0f3,M8,impurity,chroma_07_std,0.007917823269963264,,mean decrease in impurity,0,0,train,26
binary,r0f3,M8,impurity,mfcc_12_std,0.007773035671561956,,mean decrease in impurity,0,0,train,27
binary,r0f3,M8,impurity,chroma_07_mean,0.007596575189381838,,mean decrease in impurity,0,0,train,28
binary,r0f3,M8,impurity,mfcc_05_mean,0.007562718354165554,,mean decrease in impurity,0,0,train,29
binary,r0f3,M8,impurity,freq_centroid_std,0.007518376223742962,,mean decrease in impurity,0,0,train,30
binary,r0f3,M8,impurity,dwt_cD5_energy,0.007484287954866886,,mean decrease in impurity,0,0,train,31
binary,r0f3,M8,impurity,time_autocorr_peak_value,0.0073777902871370316,,mean decrease in impurity,0,0,train,32
binary,r0f3,M8,impurity,freq_rolloff85_mean,0.007362376898527145,,mean decrease in impurity,0,0,train,33
binary,r0f3,M8,impurity,freq_rolloff95_mean,0.007284476887434721,,mean decrease in impurity,0,0,train,34
binary,r0f3,M8,impurity,dwt_cD1_mean_abs,0.0072287991642951965,,mean decrease in impurity,0,0,train,35
binary,r0f3,M8,impurity,freq_rolloff95_std,0.00712290033698082,,mean decrease in impurity,0,0,train,36
binary,r0f3,M8,impurity,dwt_cD5_mean_abs,0.007120538502931595,,mean decrease in impurity,0,0,train,37
binary,r0f3,M8,impurity,chroma_06_std,0.006825599819421768,,mean decrease in impurity,0,0,train,38
binary,r0f3,M8,impurity,time_skewness,0.006706892978399992,,mean decrease in impurity,0,0,train,39
binary,r0f3,M8,impurity,freq_bandwidth_mean,0.006322622764855623,,mean decrease in impurity,0,0,train,40
binary,r0f3,M8,impurity,mfcc_01_mean,0.0061958590522408485,,mean decrease in impurity,0,0,train,41
binary,r0f3,M8,impurity,time_sample_entropy,0.005809315945953131,,mean decrease in impurity,0,0,train,42
binary,r0f3,M8,impurity,time_autocorr_peak_lag,0.005754673387855291,,mean decrease in impurity,0,0,train,43
binary,r0f3,M8,impurity,dwt_cD2_entropy,0.00572415255010128,,mean decrease in impurity,0,0,train,44
binary,r0f3,M8,impurity,mfcc_05_std,0.0056757330894470215,,mean decrease in impurity,0,0,train,45
binary,r0f3,M8,impurity,env_std,0.005651622544974089,,mean decrease in impurity,0,0,train,46
binary,r0f3,M8,impurity,chroma_11_std,0.005615954753011465,,mean decrease in impurity,0,0,train,47
binary,r0f3,M8,impurity,mfcc_04_std,0.0056057278998196125,,mean decrease in impurity,0,0,train,48
binary,r0f3,M8,impurity,mfcc_07_mean,0.005447064526379108,,mean decrease in impurity,0,0,train,49
binary,r0f3,M8,impurity,freq_flux_mean,0.0053469459526240826,,mean decrease in impurity,0,0,train,50
binary,r0f3,M8,impurity,chroma_01_std,0.0052154697477817535,,mean decrease in impurity,0,0,train,51
binary,r0f3,M8,impurity,mfcc_07_std,0.005142972804605961,,mean decrease in impurity,0,0,train,52
binary,r0f3,M8,impurity,freq_band_power_250_350,0.005099390167742968,,mean decrease in impurity,0,0,train,53
binary,r0f3,M8,impurity,mfcc_13_std,0.005098736844956875,,mean decrease in impurity,0,0,train,54
binary,r0f3,M8,impurity,chroma_04_std,0.00505426898598671,,mean decrease in impurity,0,0,train,55
binary,r0f3,M8,impurity,mfcc_03_mean,0.004877367988228798,,mean decrease in impurity,0,0,train,56
binary,r0f3,M8,impurity,chroma_10_mean,0.0048612928949296474,,mean decrease in impurity,0,0,train,57
binary,r0f3,M8,impurity,mfcc_02_std,0.004775164183229208,,mean decrease in impurity,0,0,train,58
binary,r0f3,M8,impurity,freq_peak_power,0.0047562001273036,,mean decrease in impurity,0,0,train,59
binary,r0f3,M8,impurity,mfcc_05_delta_mean,0.0047103120014071465,,mean decrease in impurity,0,0,train,60
binary,r0f3,M8,impurity,mfcc_06_mean,0.004631502088159323,,mean decrease in impurity,0,0,train,61
binary,r0f3,M8,impurity,time_median,0.004558716434985399,,mean decrease in impurity,0,0,train,62
binary,r0f3,M8,impurity,chroma_10_std,0.004505831748247147,,mean decrease in impurity,0,0,train,63
binary,r0f3,M8,impurity,mfcc_10_std,0.004449871368706226,,mean decrease in impurity,0,0,train,64
binary,r0f3,M8,impurity,chroma_09_mean,0.004428973887115717,,mean decrease in impurity,0,0,train,65
binary,r0f3,M8,impurity,freq_centroid_mean,0.004349153023213148,,mean decrease in impurity,0,0,train,66
binary,r0f3,M8,impurity,chroma_08_mean,0.004307197872549295,,mean decrease in impurity,0,0,train,67
binary,r0f3,M8,impurity,mfcc_01_std,0.004201749339699745,,mean decrease in impurity,0,0,train,68
binary,r0f3,M8,impurity,mfcc_11_std,0.004196812864392996,,mean decrease in impurity,0,0,train,69
binary,r0f3,M8,impurity,dwt_cD2_energy,0.004167249426245689,,mean decrease in impurity,0,0,train,70
binary,r0f3,M8,impurity,mfcc_10_mean,0.004158124327659607,,mean decrease in impurity,0,0,train,71
binary,r0f3,M8,impurity,dwt_cD3_entropy,0.004127002786844969,,mean decrease in impurity,0,0,train,72
binary,r0f3,M8,impurity,mfcc_12_mean,0.004095172975212336,,mean decrease in impurity,0,0,train,73
binary,r0f3,M8,impurity,env_skew,0.004036923870444298,,mean decrease in impurity,0,0,train,74
binary,r0f3,M8,impurity,time_mean,0.004019758198410273,,mean decrease in impurity,0,0,train,75
binary,r0f3,M8,impurity,chroma_12_mean,0.004018447361886501,,mean decrease in impurity,0,0,train,76
binary,r0f3,M8,impurity,time_hjorth_complexity,0.003991341218352318,,mean decrease in impurity,0,0,train,77
binary,r0f3,M8,impurity,mfcc_02_delta_mean,0.0039764163084328175,,mean decrease in impurity,0,0,train,78
binary,r0f3,M8,impurity,mfcc_08_mean,0.003948815166950226,,mean decrease in impurity,0,0,train,79
binary,r0f3,M8,impurity,chroma_04_mean,0.003920731600373983,,mean decrease in impurity,0,0,train,80
binary,r0f3,M8,impurity,time_min,0.0038834577426314354,,mean decrease in impurity,0,0,train,81
binary,r0f3,M8,impurity,mfcc_09_std,0.003848356893286109,,mean decrease in impurity,0,0,train,82
binary,r0f3,M8,impurity,env_peak_rate,0.0038136127404868603,,mean decrease in impurity,0,0,train,83
binary,r0f3,M8,impurity,mfcc_09_delta_mean,0.003764787223190069,,mean decrease in impurity,0,0,train,84
binary,r0f3,M8,impurity,mfcc_06_std,0.003734159516170621,,mean decrease in impurity,0,0,train,85
binary,r0f3,M8,impurity,chroma_03_mean,0.003676362568512559,,mean decrease in impurity,0,0,train,86
binary,r0f3,M8,impurity,freq_flatness_std,0.003640265902504325,,mean decrease in impurity,0,0,train,87
binary,r0f3,M8,impurity,chroma_02_std,0.003603530116379261,,mean decrease in impurity,0,0,train,88
binary,r0f3,M8,impurity,freq_rolloff85_std,0.003562656929716468,,mean decrease in impurity,0,0,train,89
binary,r0f3,M8,impurity,dwt_cD5_entropy,0.00353650888428092,,mean decrease in impurity,0,0,train,90
binary,r0f3,M8,impurity,env_mean,0.0035211145877838135,,mean decrease in impurity,0,0,train,91
binary,r0f3,M8,impurity,chroma_05_mean,0.00341842626221478,,mean decrease in impurity,0,0,train,92
binary,r0f3,M8,impurity,dwt_cD3_energy,0.0033429169561713934,,mean decrease in impurity,0,0,train,93
binary,r0f3,M8,impurity,mfcc_09_mean,0.003288921667262912,,mean decrease in impurity,0,0,train,94
binary,r0f3,M8,impurity,chroma_03_std,0.0032475548796355724,,mean decrease in impurity,0,0,train,95
binary,r0f3,M8,impurity,freq_band_power_100_150,0.003220908110961318,,mean decrease in impurity,0,0,train,96
binary,r0f3,M8,impurity,freq_band_power_50_100,0.0032102440018206835,,mean decrease in impurity,0,0,train,97
binary,r0f3,M8,impurity,mfcc_07_delta_mean,0.0031547534745186567,,mean decrease in impurity,0,0,train,98
binary,r0f3,M8,impurity,chroma_02_mean,0.0031514386646449566,,mean decrease in impurity,0,0,train,99
binary,r0f3,M8,impurity,time_crest_factor,0.0031481340993195772,,mean decrease in impurity,0,0,train,100
binary,r0f3,M8,impurity,freq_flux_std,0.00313986511901021,,mean decrease in impurity,0,0,train,101
binary,r0f3,M8,impurity,mfcc_04_delta_mean,0.0031251388136297464,,mean decrease in impurity,0,0,train,102
binary,r0f3,M8,impurity,chroma_11_mean,0.003101412672549486,,mean decrease in impurity,0,0,train,103
binary,r0f3,M8,impurity,time_zcr_std,0.002991920802742243,,mean decrease in impurity,0,0,train,104
binary,r0f3,M8,impurity,freq_total_power,0.0029363471549004316,,mean decrease in impurity,0,0,train,105
binary,r0f3,M8,impurity,mfcc_13_mean,0.0029341394547373056,,mean decrease in impurity,0,0,train,106
binary,r0f3,M8,impurity,mfcc_13_delta_mean,0.002929198555648327,,mean decrease in impurity,0,0,train,107
binary,r0f3,M8,impurity,time_var,0.0029170834459364414,,mean decrease in impurity,0,0,train,108
binary,r0f3,M8,impurity,mfcc_06_delta_mean,0.0029105839785188437,,mean decrease in impurity,0,0,train,109
binary,r0f3,M8,impurity,env_kurtosis,0.0028911768458783627,,mean decrease in impurity,0,0,train,110
binary,r0f3,M8,impurity,mfcc_08_delta_mean,0.0027492777444422245,,mean decrease in impurity,0,0,train,111
binary,r0f3,M8,impurity,time_std,0.0027447394095361233,,mean decrease in impurity,0,0,train,112
binary,r0f3,M8,impurity,time_range,0.0027411424089223146,,mean decrease in impurity,0,0,train,113
binary,r0f3,M8,impurity,chroma_09_std,0.002739803632721305,,mean decrease in impurity,0,0,train,114
binary,r0f3,M8,impurity,chroma_12_std,0.002695447765290737,,mean decrease in impurity,0,0,train,115
binary,r0f3,M8,impurity,mfcc_01_delta_mean,0.0026828867848962545,,mean decrease in impurity,0,0,train,116
binary,r0f3,M8,impurity,mfcc_11_mean,0.0026737505104392767,,mean decrease in impurity,0,0,train,117
binary,r0f3,M8,impurity,freq_band_power_150_250,0.0026607809122651815,,mean decrease in impurity,0,0,train,118
binary,r0f3,M8,impurity,mfcc_11_delta_mean,0.0026466427370905876,,mean decrease in impurity,0,0,train,119
binary,r0f3,M8,impurity,freq_flatness_mean,0.0026305760256946087,,mean decrease in impurity,0,0,train,120
binary,r0f3,M8,impurity,time_shannon_entropy,0.0025565815158188343,,mean decrease in impurity,0,0,train,121
binary,r0f3,M8,impurity,freq_bandwidth_std,0.002491782419383526,,mean decrease in impurity,0,0,train,122
binary,r0f3,M8,impurity,dwt_cA5_entropy,0.0024646755773574114,,mean decrease in impurity,0,0,train,123
binary,r0f3,M8,impurity,time_peak_to_peak,0.0023899530060589314,,mean decrease in impurity,0,0,train,124
binary,r0f3,M8,impurity,dwt_cD2_std,0.002377276076003909,,mean decrease in impurity,0,0,train,125
binary,r0f3,M8,impurity,mfcc_03_std,0.0023485918063670397,,mean decrease in impurity,0,0,train,126
binary,r0f3,M8,impurity,chroma_01_mean,0.0023085554130375385,,mean decrease in impurity,0,0,train,127
binary,r0f3,M8,impurity,mfcc_12_delta_mean,0.0022950193379074335,,mean decrease in impurity,0,0,train,128
binary,r0f3,M8,impurity,chroma_08_std,0.002164266537874937,,mean decrease in impurity,0,0,train,129
binary,r0f3,M8,impurity,time_kurtosis,0.002156670205295086,,mean decrease in impurity,0,0,train,130
binary,r0f3,M8,impurity,mfcc_03_delta_mean,0.0021537344437092543,,mean decrease in impurity,0,0,train,131
binary,r0f3,M8,impurity,mfcc_10_delta_mean,0.002127940533682704,,mean decrease in impurity,0,0,train,132
binary,r0f3,M8,impurity,mfcc_08_std,0.002076315926387906,,mean decrease in impurity,0,0,train,133
binary,r0f3,M8,impurity,dwt_cD4_entropy,0.0017488879384472966,,mean decrease in impurity,0,0,train,134
binary,r0f3,M8,impurity,freq_spectral_entropy,0.001334771397523582,,mean decrease in impurity,0,0,train,135
binary,r0f3,M8,impurity,dwt_cD3_std,0.001262728008441627,,mean decrease in impurity,0,0,train,136
binary,r0f3,M8,impurity,time_rms,0.0,,mean decrease in impurity,0,0,train,137
binary,r0f3,M8,impurity,time_hjorth_activity,0.0,,mean decrease in impurity,0,0,train,137
binary,r0f3,M8,permutation,dwt_cD1_entropy,0.06379604317560524,0.014122639657551039,balanced_accuracy,10,655,held-out fold,1
binary,r0f3,M8,permutation,mfcc_04_mean,0.03997407209086044,0.007849233908487388,balanced_accuracy,10,655,held-out fold,2
binary,r0f3,M8,permutation,dwt_cD1_energy,0.01851379533861286,0.0062187504086211095,balanced_accuracy,10,655,held-out fold,3
binary,r0f3,M8,permutation,dwt_cD5_energy,0.018327086210297862,0.005143140895548791,balanced_accuracy,10,655,held-out fold,4
binary,r0f3,M8,permutation,mfcc_05_std,0.013944001352760471,0.005501153073123349,balanced_accuracy,10,655,held-out fold,5
binary,r0f3,M8,permutation,time_zcr_mean,0.013063297917312556,0.005443859095368247,balanced_accuracy,10,655,held-out fold,6
binary,r0f3,M8,permutation,dwt_cD5_mean_abs,0.011926133641462111,0.006571128599440954,balanced_accuracy,10,655,held-out fold,7
binary,r0f3,M8,permutation,time_iqr,0.011268776597243712,0.007615119526849226,balanced_accuracy,10,655,held-out fold,8
binary,r0f3,M8,permutation,env_std,0.011141955302539242,0.0037948147298236586,balanced_accuracy,10,655,held-out fold,9
binary,r0f3,M8,permutation,mfcc_01_std,0.010626215370740922,0.004206900216169689,balanced_accuracy,10,655,held-out fold,10
binary,r0f3,M8,permutation,time_energy,0.009069836259617247,0.004618291440615245,balanced_accuracy,10,655,held-out fold,11
binary,r0f3,M8,permutation,freq_rolloff95_std,0.008427275033114435,0.0061627700852221485,balanced_accuracy,10,655,held-out fold,12
binary,r0f3,M8,permutation,mfcc_02_delta_mean,0.0058697122565735445,0.005297008875347734,balanced_accuracy,10,655,held-out fold,13
binary,r0f3,M8,permutation,mfcc_10_mean,0.004400698926246371,0.004968743347712817,balanced_accuracy,10,655,held-out fold,14
binary,r0f3,M8,permutation,time_autocorr_peak_lag,0.00376447876447874,0.0038581962247560045,balanced_accuracy,10,655,held-out fold,15
binary,r0f3,M8,permutation,freq_centroid_std,0.003498858608347655,0.005265571465506669,balanced_accuracy,10,655,held-out fold,16
binary,r0f3,M8,permutation,time_sample_entropy,0.003496040357354224,0.002829966068980672,balanced_accuracy,10,655,held-out fold,17
binary,r0f3,M8,permutation,time_max,0.003435447960995408,0.0031724093934317374,balanced_accuracy,10,655,held-out fold,18
binary,r0f3,M8,permutation,dwt_cD5_std,0.0034206521432798677,0.0030189625857053506,balanced_accuracy,10,655,held-out fold,19
binary,r0f3,M8,permutation,freq_flatness_mean,0.003402333511822575,0.00290472081291849,balanced_accuracy,10,655,held-out fold,20
binary,r0f3,M8,permutation,mfcc_10_delta_mean,0.0033600597469210626,0.005130020459560698,balanced_accuracy,10,655,held-out fold,21
binary,r0f3,M8,permutation,mfcc_07_std,0.003004255559000091,0.002587164005673445,balanced_accuracy,10,655,held-out fold,22
binary,r0f3,M8,permutation,time_range,0.0028654566975734987,0.0032188896645602475,balanced_accuracy,10,655,held-out fold,23
binary,r0f3,M8,permutation,mfcc_12_std,0.002575881407998204,0.003617990015205295,balanced_accuracy,10,655,held-out fold,24
binary,r0f3,M8,permutation,mfcc_01_mean,0.00255474452554747,0.001727283249529213,balanced_accuracy,10,655,held-out fold,25
binary,r0f3,M8,permutation,chroma_01_mean,0.0024251049798494793,0.002322080628603617,balanced_accuracy,10,655,held-out fold,26
binary,r0f3,M8,permutation,dwt_cD1_mean_abs,0.0024131274131273805,0.0004826254826254539,balanced_accuracy,10,655,held-out fold,27
binary,r0f3,M8,permutation,mfcc_02_std,0.002391990530676691,0.005139149703074259,balanced_accuracy,10,655,held-out fold,28
binary,r0f3,M8,permutation,freq_flatness_std,0.002337739199053057,0.0030937891815023878,balanced_accuracy,10,655,held-out fold,29
binary,r0f3,M8,permutation,dwt_cD4_mean_abs,0.002283487867429446,0.0019933534550612055,balanced_accuracy,10,655,held-out fold,30
binary,r0f3,M8,permutation,mfcc_07_delta_mean,0.0021446890060028757,0.0016095032410453668,balanced_accuracy,10,655,held-out fold,31
binary,r0f3,M8,permutation,dwt_cD3_mean_abs,0.002102415241101374,0.001364351515978031,balanced_accuracy,10,655,held-out fold,32
binary,r0f3,M8,permutation,mfcc_02_mean,0.0019755939463968696,0.006454892445758363,balanced_accuracy,10,655,held-out fold,33
binary,r0f3,M8,permutation,freq_band_power_350_400,0.00186709128314968,0.0014925825502468035,balanced_accuracy,10,655,held-out fold,34
binary,r0f3,M8,permutation,dwt_cA5_mean_abs,0.0017374517374517452,0.0005791505791505446,balanced_accuracy,10,655,held-out fold,35
binary,r0f3,M8,permutation,chroma_01_std,0.001716314855001,0.0014892336662083424,balanced_accuracy,10,655,held-out fold,36
binary,r0f3,M8,permutation,mfcc_12_mean,0.0016078121917537879,0.0025029412891041177,balanced_accuracy,10,655,held-out fold,37
binary,r0f3,M8,permutation,time_min,0.0015444015444015635,0.0006402750560531279,balanced_accuracy,10,655,held-out fold,38
binary,r0f3,M8,permutation,freq_total_power,0.001372488233802105,0.0013288987339115865,balanced_accuracy,10,655,held-out fold,39
binary,r0f3,M8,permutation,chroma_08_mean,0.0013633289180734365,0.0030502233502117423,balanced_accuracy,10,655,held-out fold,40
binary,r0f3,M8,permutation,mfcc_08_std,0.0013302144689006257,0.001026278781890352,balanced_accuracy,10,655,held-out fold,41
binary,r0f3,M8,permutation,freq_centroid_mean,0.0013090775864498584,0.0028132702654924675,balanced_accuracy,10,655,held-out fold,42
binary,r0f3,M8,permutation,chroma_06_std,0.0012336893723755126,0.0014486072258789499,balanced_accuracy,10,655,held-out fold,43
binary,r0f3,M8,permutation,time_zcr_std,0.0011371642758504108,0.0022548720350890924,balanced_accuracy,10,655,held-out fold,44
binary,r0f3,M8,permutation,dwt_cA5_std,0.0010617760617760985,0.0005198035528122026,balanced_accuracy,10,655,held-out fold,45
binary,r0f3,M8,permutation,chroma_03_mean,0.0010617760617760875,0.0006756756756756704,balanced_accuracy,10,655,held-out fold,46
binary,r0f3,M8,permutation,freq_bandwidth_mean,0.00104063917932532,0.0012832060735876527,balanced_accuracy,10,655,held-out fold,47
binary,r0f3,M8,permutation,dwt_cA5_energy,0.00102866161260321,0.004281802364738694,balanced_accuracy,10,655,held-out fold,48
binary,r0f3,M8,permutation,mfcc_11_mean,0.0009983654144238186,0.0033632478988461787,balanced_accuracy,10,655,held-out fold,49
binary,r0f3,M8,permutation,chroma_11_mean,0.0009441140828002181,0.001441146891505777,balanced_accuracy,10,655,held-out fold,50
binary,r0f3,M8,permutation,chroma_07_std,0.0008687258687259059,0.0006756756756756958,balanced_accuracy,10,655,held-out fold,51
binary,r0f3,M8,permutation,time_duration,0.0008687258687258947,0.0022121408962827247,balanced_accuracy,10,655,held-out fold,52
binary,r0f3,M8,permutation,time_mean,0.0008687258687258726,0.0010963143524711132,balanced_accuracy,10,655,held-out fold,53
binary,r0f3,M8,permutation,mfcc_06_std,0.0008687258687258614,0.00265481833323066,balanced_accuracy,10,655,held-out fold,54
binary,r0f3,M8,permutation,mfcc_04_delta_mean,0.0008144745371022943,0.001470992038673299,balanced_accuracy,10,655,held-out fold,55
binary,r0f3,M8,permutation,dwt_cA5_entropy,0.0007933376546515492,0.0015426198243010173,balanced_accuracy,10,655,held-out fold,56
binary,r0f3,M8,permutation,dwt_cD2_mean_abs,0.000772200772200815,0.00038610038610040757,balanced_accuracy,10,655,held-out fold,57
binary,r0f3,M8,permutation,mfcc_10_std,0.0006756756756757132,0.0004423335612891983,balanced_accuracy,10,655,held-out fold,58
binary,r0f3,M8,permutation,chroma_02_std,0.000579150579150578,0.0009843667014657758,balanced_accuracy,10,655,held-out fold,59
binary,r0f3,M8,permutation,mfcc_13_mean,0.0005580136966998328,0.0019301233837653933,balanced_accuracy,10,655,held-out fold,60
binary,r0f3,M8,permutation,dwt_cD5_entropy,0.0005037623650762546,0.003676012842624175,balanced_accuracy,10,655,held-out fold,61
binary,r0f3,M8,permutation,time_crest_factor,0.0004826254826254872,0.001079183386824253,balanced_accuracy,10,655,held-out fold,62
binary,r0f3,M8,permutation,freq_band_power_250_350,0.0004283741510018979,0.0017131129915440083,balanced_accuracy,10,655,held-out fold,63
binary,r0f3,M8,permutation,freq_band_power_50_100,0.0004072372685511749,0.0010986110273619085,balanced_accuracy,10,655,held-out fold,64
binary,r0f3,M8,permutation,freq_dominant,0.00028957528957530566,0.00044233356128919833,balanced_accuracy,10,655,held-out fold,65
binary,r0f3,M8,permutation,freq_flux_std,0.0002564608404024615,0.0018799925854055028,balanced_accuracy,10,655,held-out fold,66
binary,r0f3,M8,permutation,env_mean,0.00019305019305020376,0.0003861003861004075,balanced_accuracy,10,655,held-out fold,67
binary,r0f3,M8,permutation,chroma_11_std,0.00018107262632810484,0.0035158867866521134,balanced_accuracy,10,655,held-out fold,68
binary,r0f3,M8,permutation,mfcc_04_std,0.00012682129470450442,0.0018358423133487199,balanced_accuracy,10,655,held-out fold,69
binary,r0f3,M8,permutation,mfcc_06_delta_mean,0.00010568441225374813,0.0037409322922640916,balanced_accuracy,10,655,held-out fold,70
binary,r0f3,M8,permutation,time_var,9.652509652510188e-05,0.00028957528957530566,balanced_accuracy,10,655,held-out fold,71
binary,r0f3,M8,permutation,chroma_05_mean,6.341064735226887e-05,0.002161797837996756,balanced_accuracy,10,655,held-out fold,72
binary,r0f3,M8,permutation,freq_flux_mean,4.227376490151258e-05,0.002080987831457978,balanced_accuracy,10,655,held-out fold,73
binary,r0f3,M8,permutation,dwt_cD1_std,4.227376490150148e-05,0.0024343331194757456,balanced_accuracy,10,655,held-out fold,74
binary,r0f3,M8,permutation,freq_band_power_100_150,2.113688245075629e-05,0.0015044089364532678,balanced_accuracy,10,655,held-out fold,75
binary,r0f3,M8,permutation,time_rms,0.0,0.0,balanced_accuracy,10,655,held-out fold,76
binary,r0f3,M8,permutation,time_peak_to_peak,0.0,0.0,balanced_accuracy,10,655,held-out fold,76
binary,r0f3,M8,permutation,time_hjorth_activity,0.0,0.0,balanced_accuracy,10,655,held-out fold,76
binary,r0f3,M8,permutation,dwt_cD2_energy,0.0,0.0,balanced_accuracy,10,655,held-out fold,76
binary,r0f3,M8,permutation,chroma_09_mean,-3.311444917284412e-05,0.0020060153632708282,balanced_accuracy,10,655,held-out fold,80
binary,r0f3,M8,permutation,dwt_cD3_entropy,-6.622889834567713e-05,0.004236501532564785,balanced_accuracy,10,655,held-out fold,81
binary,r0f3,M8,permutation,mfcc_03_delta_mean,-8.736578079643342e-05,0.0020553345284373132,balanced_accuracy,10,655,held-out fold,82
binary,r0f3,M8,permutation,mfcc_11_std,-0.00010850266324717861,0.0035945797120587705,balanced_accuracy,10,655,held-out fold,83
binary,r0f3,M8,permutation,chroma_10_std,-0.0002050277597722916,0.0020330180995137316,balanced_accuracy,10,655,held-out fold,84
binary,r0f3,M8,permutation,chroma_04_mean,-0.00026843840712453826,0.0011632262695342004,balanced_accuracy,10,655,held-out fold,85
binary,r0f3,M8,permutation,chroma_10_mean,-0.00034382662119889493,0.0015015579405617608,balanced_accuracy,10,655,held-out fold,86
binary,r0f3,M8,permutation,mfcc_13_std,-0.0004192148352732183,0.0018026709845068284,balanced_accuracy,10,655,held-out fold,87
binary,r0f3,M8,permutation,env_skew,-0.0004192148352732183,0.001988513371024001,balanced_accuracy,10,655,held-out fold,87
binary,r0f3,M8,permutation,freq_rolloff95_mean,-0.0004826254826255094,0.0006475100320945696,balanced_accuracy,10,655,held-out fold,89
binary,r0f3,M8,permutation,mfcc_09_std,-0.0005580136966998439,0.002764811953766477,balanced_accuracy,10,655,held-out fold,90
binary,r0f3,M8,permutation,time_std,-0.0006122650283233999,0.0021214206515165032,balanced_accuracy,10,655,held-out fold,91
binary,r0f3,M8,permutation,mfcc_01_delta_mean,-0.0006996308091198666,0.0020603227895166745,balanced_accuracy,10,655,held-out fold,92
binary,r0f3,M8,permutation,mfcc_07_mean,-0.0007207676915705786,0.0016044211880257178,balanced_accuracy,10,655,held-out fold,93
binary,r0f3,M8,permutation,mfcc_11_delta_mean,-0.0007510638897500477,0.001151916784766396,balanced_accuracy,10,655,held-out fold,94
binary,r0f3,M8,permutation,mfcc_03_mean,-0.0008264521038243711,0.001968147958457521,balanced_accuracy,10,655,held-out fold,95
binary,r0f3,M8,permutation,freq_band_power_20_50,-0.0008475889862751384,0.001125065819607842,balanced_accuracy,10,655,held-out fold,96
binary,r0f3,M8,permutation,chroma_12_std,-0.0009349547670715275,0.0017086919171369456,balanced_accuracy,10,655,held-out fold,97
binary,r0f3,M8,permutation,chroma_08_std,-0.0009349547670715497,0.0028733793951094067,balanced_accuracy,10,655,held-out fold,98
binary,r0f3,M8,permutation,freq_band_power_150_250,-0.0010526167460473967,0.0022526650583148795,balanced_accuracy,10,655,held-out fold,99
binary,r0f3,M8,permutation,time_autocorr_peak_value,-0.0010829129442268214,0.002741654639723042,balanced_accuracy,10,655,held-out fold,100
binary,r0f3,M8,permutation,mfcc_03_std,-0.0010857311952202186,0.0031222107342527825,balanced_accuracy,10,655,held-out fold,101
binary,r0f3,M8,permutation,env_kurtosis,-0.0011160273933996546,0.001994413426699344,balanced_accuracy,10,655,held-out fold,102
binary,r0f3,M8,permutation,time_hjorth_mobility,-0.0011280049601217312,0.0019722307163312592,balanced_accuracy,10,655,held-out fold,103
binary,r0f3,M8,permutation,dwt_cD4_entropy,-0.001203393174196088,0.001803481916137875,balanced_accuracy,10,655,held-out fold,104
binary,r0f3,M8,permutation,time_hjorth_complexity,-0.0012125524899247674,0.0013195256484102563,balanced_accuracy,10,655,held-out fold,105
binary,r0f3,M8,permutation,freq_peak_power,-0.0012879407039991131,0.0018975636792418918,balanced_accuracy,10,655,held-out fold,106
binary,r0f3,M8,permutation,dwt_cD3_energy,-0.0014598540145985607,0.001787948717360009,balanced_accuracy,10,655,held-out fold,107
binary,r0f3,M8,permutation,mfcc_05_mean,-0.0014690133303271846,0.005763984955485413,balanced_accuracy,10,655,held-out fold,108
binary,r0f3,M8,permutation,mfcc_06_mean,-0.001471831581320604,0.0024394735058122187,balanced_accuracy,10,655,held-out fold,109
binary,r0f3,M8,permutation,dwt_cD2_entropy,-0.0015141053462221278,0.0016818945854795277,balanced_accuracy,10,655,held-out fold,110
binary,r0f3,M8,permutation,time_kurtosis,-0.0016106304427472406,0.003201294957625538,balanced_accuracy,10,655,held-out fold,111
binary,r0f3,M8,permutation,dwt_cD2_std,-0.001631767325197997,0.001865216470829165,balanced_accuracy,10,655,held-out fold,112
binary,r0f3,M8,permutation,freq_bandwidth_std,-0.0016529042076487421,0.0025540942864388082,balanced_accuracy,10,655,held-out fold,113
binary,r0f3,M8,permutation,freq_spectral_entropy,-0.001782543753346677,0.001742727092258361,balanced_accuracy,10,655,held-out fold,114
binary,r0f3,M8,permutation,mfcc_13_delta_mean,-0.001900205732322524,0.0019037307624891584,balanced_accuracy,10,655,held-out fold,115
binary,r0f3,M8,permutation,freq_rolloff85_mean,-0.0020390045937491164,0.0034939510353301597,balanced_accuracy,10,655,held-out fold,116
binary,r0f3,M8,permutation,mfcc_12_delta_mean,-0.0020509821604712043,0.001355625050952153,balanced_accuracy,10,655,held-out fold,117
binary,r0f3,M8,permutation,time_shannon_entropy,-0.0020721190429219714,0.0022724840014097464,balanced_accuracy,10,655,held-out fold,118
binary,r0f3,M8,permutation,freq_rolloff85_std,-0.0020721190429219714,0.0014695545781107018,balanced_accuracy,10,655,held-out fold,118
binary,r0f3,M8,permutation,chroma_02_mean,-0.002093255925372717,0.0025617197151652617,balanced_accuracy,10,655,held-out fold,120
binary,r0f3,M8,permutation,mfcc_08_mean,-0.002105233492094782,0.003870998544333651,balanced_accuracy,10,655,held-out fold,121
binary,r0f3,M8,permutation,time_median,-0.002114392807823473,0.002061694230213228,balanced_accuracy,10,655,held-out fold,122
binary,r0f3,M8,permutation,chroma_07_mean,-0.0021686441394470736,0.0013726712343076074,balanced_accuracy,10,655,held-out fold,123
binary,r0f3,M8,permutation,dwt_cD3_std,-0.0021686441394470736,0.0019040038845032734,balanced_accuracy,10,655,held-out fold,123
binary,r0f3,M8,permutation,mfcc_09_delta_mean,-0.002458219429022379,0.0016339065342747532,balanced_accuracy,10,655,held-out fold,125
binary,r0f3,M8,permutation,chroma_12_mean,-0.00249133387819519,0.0025315444483385153,balanced_accuracy,10,655,held-out fold,126
binary,r0f3,M8,permutation,time_skewness,-0.0025758814079982263,0.0017715941348926873,balanced_accuracy,10,655,held-out fold,127
binary,r0f3,M8,permutation,dwt_cD4_energy,-0.002590677225713711,0.003706144783586508,balanced_accuracy,10,655,held-out fold,128
binary,r0f3,M8,permutation,dwt_cD4_std,-0.0027055209536961276,0.002781495587042469,balanced_accuracy,10,655,held-out fold,129
binary,r0f3,M8,permutation,mfcc_08_delta_mean,-0.002823182932671975,0.0032596076815966917,balanced_accuracy,10,655,held-out fold,130
binary,r0f3,M8,permutation,chroma_05_std,-0.0032846715328466946,0.003811478433795627,balanced_accuracy,10,655,held-out fold,131
binary,r0f3,M8,permutation,chroma_09_std,-0.0035108361750697424,0.002821537711603365,balanced_accuracy,10,655,held-out fold,132
binary,r0f3,M8,permutation,chroma_03_std,-0.003767297015472204,0.002109018999807481,balanced_accuracy,10,655,held-out fold,133
binary,r0f3,M8,permutation,chroma_04_std,-0.0037884338979229494,0.002943745540354683,balanced_accuracy,10,655,held-out fold,134
binary,r0f3,M8,permutation,mfcc_05_delta_mean,-0.0042196262999182775,0.00168566236304246,balanced_accuracy,10,655,held-out fold,135
binary,r0f3,M8,permutation,mfcc_09_mean,-0.004400698926246371,0.0028067116436157457,balanced_accuracy,10,655,held-out fold,136
binary,r0f3,M8,permutation,chroma_06_mean,-0.006548206183242677,0.005631744356557848,balanced_accuracy,10,655,held-out fold,137
binary,r0f3,M8,permutation,env_peak_rate,-0.009727193303835636,0.007315615988467921,balanced_accuracy,10,655,held-out fold,138
binary,r0f4,M1,permutation,time_zcr_mean,0.19999478172709914,0.015167339582750308,balanced_accuracy,10,643,held-out fold,1
binary,r0f4,M1,permutation,dwt_cD1_entropy,0.13087726622137397,0.010461892973321514,balanced_accuracy,10,643,held-out fold,2
binary,r0f4,M1,permutation,time_iqr,0.09819745944656481,0.011661664350956048,balanced_accuracy,10,643,held-out fold,3
binary,r0f4,M1,permutation,mfcc_04_mean,0.057700679866412155,0.011503712651338127,balanced_accuracy,10,643,held-out fold,4
binary,r0f4,M1,permutation,freq_rolloff95_mean,0.045387792223282396,0.008698553124883879,balanced_accuracy,10,643,held-out fold,5
binary,r0f4,M1,permutation,freq_centroid_mean,0.028354604007633545,0.006998286642407886,balanced_accuracy,10,643,held-out fold,6
binary,r0f4,M1,permutation,freq_bandwidth_mean,0.020786617366412175,0.014426557430526588,balanced_accuracy,10,643,held-out fold,7
binary,r0f4,M1,permutation,chroma_01_mean,0.020669578959923628,0.017535070064231502,balanced_accuracy,10,643,held-out fold,8
binary,r0f4,M1,permutation,dwt_cD2_mean_abs,0.01879249165076332,0.008658784870238832,balanced_accuracy,10,643,held-out fold,9
binary,r0f4,M1,permutation,time_sample_entropy,0.018079079198473246,0.008109456222871715,balanced_accuracy,10,643,held-out fold,10
binary,r0f4,M1,permutation,dwt_cD5_mean_abs,0.016819239026717493,0.008639781043778738,balanced_accuracy,10,643,held-out fold,11
binary,r0f4,M1,permutation,dwt_cD2_energy,0.015586981154580126,0.004589597958273244,balanced_accuracy,10,643,held-out fold,12
binary,r0f4,M1,permutation,freq_rolloff85_mean,0.013164957061068638,0.008663795599220135,balanced_accuracy,10,643,held-out fold,13
binary,r0f4,M1,permutation,freq_band_power_150_250,0.012746004293893099,0.005632339466130543,balanced_accuracy,10,643,held-out fold,14
binary,r0f4,M1,permutation,mfcc_03_mean,0.012666239265267143,0.00956763827395336,balanced_accuracy,10,643,held-out fold,15
binary,r0f4,M1,permutation,freq_band_power_50_100,0.012659530057251855,0.008127341401449724,balanced_accuracy,10,643,held-out fold,16
binary,r0f4,M1,permutation,dwt_cD1_mean_abs,0.012214485925572472,0.005923572880987988,balanced_accuracy,10,643,held-out fold,17
binary,r0f4,M1,permutation,mfcc_02_mean,0.010588621183206049,0.012563648607791088,balanced_accuracy,10,643,held-out fold,18
binary,r0f4,M1,permutation,dwt_cA5_energy,0.009524093511450348,0.006188139798122255,balanced_accuracy,10,643,held-out fold,19
binary,r0f4,M1,permutation,env_kurtosis,0.008467765982824383,0.005382381542307222,balanced_accuracy,10,643,held-out fold,20
binary,r0f4,M1,permutation,freq_band_power_100_150,0.007385347089694616,0.009924702217653783,balanced_accuracy,10,643,held-out fold,21
binary,r0f4,M1,permutation,freq_band_power_250_350,0.006834446564885433,0.0032556332410776613,balanced_accuracy,10,643,held-out fold,22
binary,r0f4,M1,permutation,freq_bandwidth_std,0.005742336593511421,0.007942019108209209,balanced_accuracy,10,643,held-out fold,23
binary,r0f4,M1,permutation,freq_band_power_350_400,0.005591752146946516,0.004086793550538867,balanced_accuracy,10,643,held-out fold,24
binary,r0f4,M1,permutation,mfcc_01_mean,0.005032651479007588,0.004664124812901043,balanced_accuracy,10,643,held-out fold,25
binary,r0f4,M1,permutation,dwt_cD3_mean_abs,0.004171636450381622,0.005192543233296569,balanced_accuracy,10,643,held-out fold,26
binary,r0f4,M1,permutation,env_mean,0.0036304270038167497,0.0027998038644878017,balanced_accuracy,10,643,held-out fold,27
binary,r0f4,M1,permutation,mfcc_01_std,0.00337174976145036,0.005575324948435912,balanced_accuracy,10,643,held-out fold,28
binary,r0f4,M1,permutation,time_autocorr_peak_value,0.003212965171755655,0.003670853626720777,balanced_accuracy,10,643,held-out fold,29
binary,r0f4,M1,permutation,dwt_cD4_std,0.0030720718034350615,0.0051079733490092755,balanced_accuracy,10,643,held-out fold,30
binary,r0f4,M1,permutation,freq_flux_mean,0.0023258587786259112,0.004605223203240361,balanced_accuracy,10,643,held-out fold,31
binary,r0f4,M1,permutation,mfcc_05_std,0.0016944477576335327,0.006546869125309939,balanced_accuracy,10,643,held-out fold,32
binary,r0f4,M1,permutation,dwt_cD5_std,0.0011718749999999223,0.004938109895113702,balanced_accuracy,10,643,held-out fold,33
binary,r0f4,M1,permutation,time_kurtosis,0.0010652731393129722,0.001317203203631768,balanced_accuracy,10,643,held-out fold,34
binary,r0f4,M1,permutation,time_median,0.0006217199427480558,0.002384403823129434,balanced_accuracy,10,643,held-out fold,35
binary,r0f4,M1,permutation,time_skewness,0.0005859375,0.00078125,balanced_accuracy,10,643,held-out fold,36
binary,r0f4,M1,permutation,chroma_09_mean,0.00046218988549614484,0.007351047984502175,balanced_accuracy,10,643,held-out fold,37
binary,r0f4,M1,permutation,mfcc_01_delta_mean,0.00043535305343506137,0.004737362981039521,balanced_accuracy,10,643,held-out fold,38
binary,r0f4,M1,permutation,freq_flux_std,0.000390625,0.0004784159653873395,balanced_accuracy,10,643,held-out fold,39
binary,r0f4,M1,permutation,mfcc_09_delta_mean,0.000390625,0.00047841596538733945,balanced_accuracy,10,643,held-out fold,39
binary,r0f4,M1,permutation,dwt_cD4_entropy,0.0003019143606869945,0.002737951738238335,balanced_accuracy,10,643,held-out fold,41
binary,r0f4,M1,permutation,mfcc_06_mean,0.00022960400763355482,0.009771971248594682,balanced_accuracy,10,643,held-out fold,42
binary,r0f4,M1,permutation,time_crest_factor,0.00021320372137401122,0.00315349553697131,balanced_accuracy,10,643,held-out fold,43
binary,r0f4,M1,permutation,mfcc_04_delta_mean,0.0001953125,0.0003906250000000001,balanced_accuracy,10,643,held-out fold,44
binary,r0f4,M1,permutation,mfcc_02_delta_mean,0.00014238430343508358,0.0020292893506432,balanced_accuracy,10,643,held-out fold,45
binary,r0f4,M1,permutation,freq_rolloff85_std,0.0001416388358778109,0.008721145269288225,balanced_accuracy,10,643,held-out fold,46
binary,r0f4,M1,permutation,time_std,9.765625e-05,0.00029296875000000004,balanced_accuracy,10,643,held-out fold,47
binary,r0f4,M1,permutation,time_var,9.765625e-05,0.00029296875000000004,balanced_accuracy,10,643,held-out fold,47
binary,r0f4,M1,permutation,time_rms,9.765625e-05,0.00029296875000000004,balanced_accuracy,10,643,held-out fold,47
binary,r0f4,M1,permutation,time_hjorth_activity,9.765625e-05,0.00029296875000000004,balanced_accuracy,10,643,held-out fold,47
binary,r0f4,M1,permutation,mfcc_07_delta_mean,4.472805343508357e-05,0.0029238108118261616,balanced_accuracy,10,643,held-out fold,51
binary,r0f4,M1,permutation,freq_flatness_std,0.0,0.0,balanced_accuracy,10,643,held-out fold,52
binary,r0f4,M1,permutation,mfcc_05_delta_mean,0.0,0.0,balanced_accuracy,10,643,held-out fold,52
binary,r0f4,M1,permutation,mfcc_13_delta_mean,-0.0001863668893129833,0.0014781740080099233,balanced_accuracy,10,643,held-out fold,54
binary,r0f4,M1,permutation,time_autocorr_peak_lag,-0.0001953125000000333,0.003310056943400251,balanced_accuracy,10,643,held-out fold,55
binary,r0f4,M1,permutation,chroma_07_std,-0.00031980558206111674,0.006797950863541881,balanced_accuracy,10,643,held-out fold,56
binary,r0f4,M1,permutation,freq_peak_power,-0.0003816793893130277,0.004747527916120157,balanced_accuracy,10,643,held-out fold,57
binary,r0f4,M1,permutation,chroma_03_mean,-0.0006403566316794285,0.009077047249010928,balanced_accuracy,10,643,held-out fold,58
binary,r0f4,M1,permutation,time_mean,-0.0006567569179389499,0.0017651294412903043,balanced_accuracy,10,643,held-out fold,59
binary,r0f4,M1,permutation,time_hjorth_complexity,-0.0007536677003817327,0.006170870797132082,balanced_accuracy,10,643,held-out fold,60
binary,r0f4,M1,permutation,mfcc_12_mean,-0.0007633587786259666,0.001526717557251933,balanced_accuracy,10,643,held-out fold,61
binary,r0f4,M1,permutation,dwt_cD1_energy,-0.0008334327290076993,0.006601241118517117,balanced_accuracy,10,643,held-out fold,62
binary,r0f4,M1,permutation,freq_flatness_mean,-0.0009318344465649164,0.002005853591920606,balanced_accuracy,10,643,held-out fold,63
binary,r0f4,M1,permutation,mfcc_08_std,-0.00104738191793895,0.0018354109175890581,balanced_accuracy,10,643,held-out fold,64
binary,r0f4,M1,permutation,dwt_cA5_std,-0.0011271469465649164,0.002406121234715708,balanced_accuracy,10,643,held-out fold,65
binary,r0f4,M1,permutation,freq_centroid_std,-0.00135824188931305,0.005448436490361272,balanced_accuracy,10,643,held-out fold,66
binary,r0f4,M1,permutation,mfcc_02_std,-0.0014216066316794286,0.007663703110731521,balanced_accuracy,10,643,held-out fold,67
binary,r0f4,M1,permutation,freq_total_power,-0.001722030057251933,0.002768616729061687,balanced_accuracy,10,643,held-out fold,68
binary,r0f4,M1,permutation,chroma_10_mean,-0.0017496123568702892,0.005202365990635431,balanced_accuracy,10,643,held-out fold,69
binary,r0f4,M1,permutation,chroma_02_std,-0.0018457776717557995,0.0028275107838586734,balanced_accuracy,10,643,held-out fold,70
binary,r0f4,M1,permutation,time_hjorth_mobility,-0.0018480140744275397,0.009620123768964109,balanced_accuracy,10,643,held-out fold,71
binary,r0f4,M1,permutation,chroma_12_std,-0.0019434339217557883,0.003640514381147744,balanced_accuracy,10,643,held-out fold,72
binary,r0f4,M1,permutation,mfcc_04_std,-0.001952379532442805,0.004824366832137802,balanced_accuracy,10,643,held-out fold,73
binary,r0f4,M1,permutation,freq_dominant,-0.0019971075858778997,0.002433885817136034,balanced_accuracy,10,643,held-out fold,74
binary,r0f4,M1,permutation,time_zcr_std,-0.0021126550572519885,0.008626834659781164,balanced_accuracy,10,643,held-out fold,75
binary,r0f4,M1,permutation,dwt_cD3_entropy,-0.0023608957538168497,0.002422154873762642,balanced_accuracy,10,643,held-out fold,76
binary,r0f4,M1,permutation,chroma_10_std,-0.0024585520038168497,0.003098444768246391,balanced_accuracy,10,643,held-out fold,77
binary,r0f4,M1,permutation,mfcc_12_delta_mean,-0.0026628101145038663,0.0016669521380356161,balanced_accuracy,10,643,held-out fold,78
binary,r0f4,M1,permutation,chroma_11_std,-0.0027955033396947493,0.0020950052367288943,balanced_accuracy,10,643,held-out fold,79
binary,r0f4,M1,permutation,time_energy,-0.0028312857824428052,0.005968390176594658,balanced_accuracy,10,643,held-out fold,80
binary,r0f4,M1,permutation,time_duration,-0.0028312857824428052,0.005968390176594658,balanced_accuracy,10,643,held-out fold,80
binary,r0f4,M1,permutation,mfcc_06_std,-0.003062380725190883,0.0023042661454804204,balanced_accuracy,10,643,held-out fold,82
binary,r0f4,M1,permutation,chroma_01_std,-0.0031153089217557995,0.003204505604432997,balanced_accuracy,10,643,held-out fold,83
binary,r0f4,M1,permutation,mfcc_10_std,-0.003160036975190894,0.0027645339466789683,balanced_accuracy,10,643,held-out fold,84
binary,r0f4,M1,permutation,dwt_cA5_mean_abs,-0.0031950739503817326,0.004814832008293432,balanced_accuracy,10,643,held-out fold,85
binary,r0f4,M1,permutation,env_std,-0.003195073950381744,0.007265714910797894,balanced_accuracy,10,643,held-out fold,86
binary,r0f4,M1,permutation,dwt_cD4_mean_abs,-0.003221910782442816,0.002012817071458669,balanced_accuracy,10,643,held-out fold,87
binary,r0f4,M1,permutation,chroma_05_mean,-0.0032308563931298328,0.0004784159653873395,balanced_accuracy,10,643,held-out fold,88
binary,r0f4,M1,permutation,time_max,-0.0032487476145038664,0.0032560582450820775,balanced_accuracy,10,643,held-out fold,89
binary,r0f4,M1,permutation,chroma_02_mean,-0.003327767175572538,0.01001321513248307,balanced_accuracy,10,643,held-out fold,90
binary,r0f4,M1,permutation,mfcc_12_std,-0.003549916507633677,0.004086906888234483,balanced_accuracy,10,643,held-out fold,91
binary,r0f4,M1,permutation,chroma_07_mean,-0.003816793893129833,0.0009765625,balanced_accuracy,10,643,held-out fold,92
binary,r0f4,M1,permutation,mfcc_09_mean,-0.003833939646946638,0.007137630591586636,balanced_accuracy,10,643,held-out fold,93
binary,r0f4,M1,permutation,mfcc_03_std,-0.00395917819656495,0.0055658790965127936,balanced_accuracy,10,643,held-out fold,94
binary,r0f4,M1,permutation,mfcc_07_std,-0.004109762643129833,0.00087890625,balanced_accuracy,10,643,held-out fold,95
binary,r0f4,M1,permutation,dwt_cD1_std,-0.004268547232824505,0.005520062377862878,balanced_accuracy,10,643,held-out fold,96
binary,r0f4,M1,permutation,mfcc_10_delta_mean,-0.004322966364503878,0.0034309741621902094,balanced_accuracy,10,643,held-out fold,97
binary,r0f4,M1,permutation,chroma_04_mean,-0.004401985925572593,0.006010524438552477,balanced_accuracy,10,643,held-out fold,98
binary,r0f4,M1,permutation,mfcc_03_delta_mean,-0.004509333253816838,0.005050717868465965,balanced_accuracy,10,643,held-out fold,99
binary,r0f4,M1,permutation,mfcc_10_mean,-0.00460698950381685,0.0037059890762299267,balanced_accuracy,10,643,held-out fold,100
binary,r0f4,M1,permutation,dwt_cD3_energy,-0.004686009064885577,0.005009141723661106,balanced_accuracy,10,643,held-out fold,101
binary,r0f4,M1,permutation,freq_band_power_20_50,-0.004803047471374089,0.009955856988327426,balanced_accuracy,10,643,held-out fold,102
binary,r0f4,M1,permutation,mfcc_08_mean,-0.004847775524809195,0.006259973918065749,balanced_accuracy,10,643,held-out fold,103
binary,r0f4,M1,permutation,chroma_09_std,-0.004864175811068771,0.005737528477775038,balanced_accuracy,10,643,held-out fold,104
binary,r0f4,M1,permutation,mfcc_06_delta_mean,-0.004970777671755799,0.0035315085503898184,balanced_accuracy,10,643,held-out fold,105
binary,r0f4,M1,permutation,chroma_04_std,-0.0051660901717558,0.0014957913814099394,balanced_accuracy,10,643,held-out fold,106
binary,r0f4,M1,permutation,mfcc_13_mean,-0.005183981393129844,0.0035368679775358023,balanced_accuracy,10,643,held-out fold,107
binary,r0f4,M1,permutation,dwt_cD4_energy,-0.005307729007633688,0.002906205056825119,balanced_accuracy,10,643,held-out fold,108
binary,r0f4,M1,permutation,mfcc_07_mean,-0.005414330868320705,0.0035420113383300977,balanced_accuracy,10,643,held-out fold,109
binary,r0f4,M1,permutation,env_peak_rate,-0.005432222089694727,0.0035067970552090247,balanced_accuracy,10,643,held-out fold,110
binary,r0f4,M1,permutation,chroma_12_mean,-0.005494841364503877,0.0030635060691841937,balanced_accuracy,10,643,held-out fold,111
binary,r0f4,M1,permutation,dwt_cD2_std,-0.005697608540076426,0.0059938596114337776,balanced_accuracy,10,643,held-out fold,112
binary,r0f4,M1,permutation,chroma_08_std,-0.006195580868320704,0.002436407524282401,balanced_accuracy,10,643,held-out fold,113
binary,r0f4,M1,permutation,mfcc_11_std,-0.006674916507633677,0.0038121525739922787,balanced_accuracy,10,643,held-out fold,114
binary,r0f4,M1,permutation,mfcc_05_mean,-0.006763627146946649,0.004574701897443577,balanced_accuracy,10,643,held-out fold,115
binary,r0f4,M1,permutation,chroma_05_std,-0.006781518368320661,0.006166343478942089,balanced_accuracy,10,643,held-out fold,116
binary,r0f4,M1,permutation,time_shannon_entropy,-0.0067994095896947385,0.003571244710081696,balanced_accuracy,10,643,held-out fold,117
binary,r0f4,M1,permutation,mfcc_09_std,-0.006825500954198527,0.005146866089969415,balanced_accuracy,10,643,held-out fold,118
binary,r0f4,M1,permutation,chroma_11_mean,-0.006862028864503866,0.004151633582185123,balanced_accuracy,10,643,held-out fold,119
binary,r0f4,M1,permutation,dwt_cD3_std,-0.007056595896946627,0.006891376603890945,balanced_accuracy,10,643,held-out fold,120
binary,r0f4,M1,permutation,chroma_03_std,-0.007278745229007688,0.006065139988670811,balanced_accuracy,10,643,held-out fold,121
binary,r0f4,M1,permutation,dwt_cD5_entropy,-0.007385347089694716,0.00494512639786694,balanced_accuracy,10,643,held-out fold,122
binary,r0f4,M1,permutation,env_skew,-0.007447220896946616,0.0071769782122692175,balanced_accuracy,10,643,held-out fold,123
binary,r0f4,M1,permutation,chroma_06_mean,-0.007491948950381755,0.0033627991104668827,balanced_accuracy,10,643,held-out fold,124
binary,r0f4,M1,permutation,time_range,-0.00754487714694666,0.00317713069277713,balanced_accuracy,10,643,held-out fold,125
binary,r0f4,M1,permutation,time_peak_to_peak,-0.00754487714694666,0.00317713069277713,balanced_accuracy,10,643,held-out fold,125
binary,r0f4,M1,permutation,mfcc_11_delta_mean,-0.007811009064885588,0.0031003435569737265,balanced_accuracy,10,643,held-out fold,127
binary,r0f4,M1,permutation,mfcc_13_std,-0.008326127146946638,0.0038391672562743335,balanced_accuracy,10,643,held-out fold,128
binary,r0f4,M1,permutation,time_min,-0.00861909589694666,0.004157883375713373,balanced_accuracy,10,643,held-out fold,129
binary,r0f4,M1,permutation,freq_rolloff95_std,-0.008885227814885554,0.0081167837592135,balanced_accuracy,10,643,held-out fold,130
binary,r0f4,M1,permutation,mfcc_08_delta_mean,-0.008991829675572615,0.0033460829277386604,balanced_accuracy,10,643,held-out fold,131
binary,r0f4,M1,permutation,dwt_cA5_entropy,-0.009346672232824515,0.003468861364123869,balanced_accuracy,10,643,held-out fold,132
binary,r0f4,M1,permutation,chroma_08_mean,-0.009418237118320693,0.0039007393270407247,balanced_accuracy,10,643,held-out fold,133
binary,r0f4,M1,permutation,chroma_06_std,-0.009559875954198572,0.0020907546365477626,balanced_accuracy,10,643,held-out fold,134
binary,r0f4,M1,permutation,dwt_cD2_entropy,-0.011342288883587815,0.010481442591192559,balanced_accuracy,10,643,held-out fold,135
binary,r0f4,M1,permutation,mfcc_11_mean,-0.011388507872137466,0.00518531076846142,balanced_accuracy,10,643,held-out fold,136
binary,r0f4,M1,permutation,dwt_cD5_energy,-0.012356870229007689,0.010397748886318265,balanced_accuracy,10,643,held-out fold,137
binary,r0f4,M1,permutation,freq_spectral_entropy,-0.018233390982824484,0.01063674920939885,balanced_accuracy,10,643,held-out fold,138
binary,r0f4,M3,permutation,mfcc_04_mean,0.018400375715648877,0.005671171132066397,balanced_accuracy,10,643,held-out fold,1
binary,r0f4,M3,permutation,time_zcr_mean,0.015115845658396954,0.005936907604151177,balanced_accuracy,10,643,held-out fold,2
binary,r0f4,M3,permutation,time_iqr,0.009480110925572516,0.004652258766275851,balanced_accuracy,10,643,held-out fold,3
binary,r0f4,M3,permutation,dwt_cD5_mean_abs,0.00849460281488552,0.005959495606210819,balanced_accuracy,10,643,held-out fold,4
binary,r0f4,M3,permutation,mfcc_01_std,0.008449874761450394,0.004598282042575539,balanced_accuracy,10,643,held-out fold,5
binary,r0f4,M3,permutation,dwt_cD1_entropy,0.0074554210400763375,0.008780943618090615,balanced_accuracy,10,643,held-out fold,6
binary,r0f4,M3,permutation,dwt_cA5_entropy,0.0070126133110687385,0.003021603659924533,balanced_accuracy,10,643,held-out fold,7
binary,r0f4,M3,permutation,chroma_02_mean,0.006648079675572527,0.004804369010602753,balanced_accuracy,10,643,held-out fold,8
binary,r0f4,M3,permutation,mfcc_13_std,0.006479604007633599,0.0036759666653733637,balanced_accuracy,10,643,held-out fold,9
binary,r0f4,M3,permutation,chroma_03_std,0.006000268368320627,0.0035815607673706368,balanced_accuracy,10,643,held-out fold,10
binary,r0f4,M3,permutation,chroma_01_mean,0.005796010257633599,0.005286855968587459,balanced_accuracy,10,643,held-out fold,11
binary,r0f4,M3,permutation,mfcc_12_std,0.005450113311068738,0.005700409085379392,balanced_accuracy,10,643,held-out fold,12
binary,r0f4,M3,permutation,time_zcr_std,0.0052637464217557325,0.006097272481602846,balanced_accuracy,10,643,held-out fold,13
binary,r0f4,M3,permutation,mfcc_06_mean,0.0052369095896946825,0.00504771628488344,balanced_accuracy,10,643,held-out fold,14
binary,r0f4,M3,permutation,chroma_10_mean,0.005227963979007666,0.00409448630953343,balanced_accuracy,10,643,held-out fold,15
binary,r0f4,M3,permutation,chroma_03_mean,0.004943940839694683,0.003881453928765217,balanced_accuracy,10,643,held-out fold,16
binary,r0f4,M3,permutation,chroma_11_mean,0.00462413525763361,0.004709907506224802,balanced_accuracy,10,643,held-out fold,17
binary,r0f4,M3,permutation,time_autocorr_peak_value,0.004189527671755777,0.0018808487732730383,balanced_accuracy,10,643,held-out fold,18
binary,r0f4,M3,permutation,time_hjorth_complexity,0.004021052003816838,0.0018465976243752604,balanced_accuracy,10,643,held-out fold,19
binary,r0f4,M3,permutation,chroma_09_mean,0.004012106393129799,0.003013979450408695,balanced_accuracy,10,643,held-out fold,20
binary,r0f4,M3,permutation,dwt_cD5_std,0.003896558921755755,0.0031501346505360688,balanced_accuracy,10,643,held-out fold,21
binary,r0f4,M3,permutation,mfcc_02_mean,0.0037280832538168275,0.003461817537597024,balanced_accuracy,10,643,held-out fold,22
binary,r0f4,M3,permutation,mfcc_11_std,0.0031332001431298106,0.002844394058467634,balanced_accuracy,10,643,held-out fold,23
binary,r0f4,M3,permutation,freq_flatness_std,0.0029378876431297883,0.004473470561716681,balanced_accuracy,10,643,held-out fold,24
binary,r0f4,M3,permutation,mfcc_05_mean,0.0028939050572519332,0.002254333335512654,balanced_accuracy,10,643,held-out fold,25
binary,r0f4,M3,permutation,mfcc_02_std,0.0027783575858778774,0.005573570388046971,balanced_accuracy,10,643,held-out fold,26
binary,r0f4,M3,permutation,chroma_08_std,0.0027515207538168496,0.0013877172417099692,balanced_accuracy,10,643,held-out fold,27
binary,r0f4,M3,permutation,env_peak_rate,0.0027515207538168496,0.0010035081555617943,balanced_accuracy,10,643,held-out fold,27
binary,r0f4,M3,permutation,dwt_cD2_entropy,0.002724683921755744,0.00458031337397872,balanced_accuracy,10,643,held-out fold,29
binary,r0f4,M3,permutation,dwt_cA5_mean_abs,0.00270753816793895,0.002918721692786451,balanced_accuracy,10,643,held-out fold,30
binary,r0f4,M3,permutation,mfcc_06_delta_mean,0.0026807013358778773,0.0036461872167872283,balanced_accuracy,10,643,held-out fold,31
binary,r0f4,M3,permutation,chroma_08_mean,0.0026098819179389498,0.0015395500600038638,balanced_accuracy,10,643,held-out fold,32
binary,r0f4,M3,permutation,freq_flatness_mean,0.0025562082538168273,0.0032839676937604077,balanced_accuracy,10,643,held-out fold,33
binary,r0f4,M3,permutation,mfcc_09_std,0.0023616412213740222,0.002763921476621963,balanced_accuracy,10,643,held-out fold,34
binary,r0f4,M3,permutation,mfcc_10_mean,0.0022282025286259554,0.0024956633908644944,balanced_accuracy,10,643,held-out fold,35
binary,r0f4,M3,permutation,dwt_cD4_mean_abs,0.002210311307251933,0.0024523010489339147,balanced_accuracy,10,643,held-out fold,36
binary,r0f4,M3,permutation,mfcc_07_delta_mean,0.0022013656965649163,0.0026535002257776726,balanced_accuracy,10,643,held-out fold,37
binary,r0f4,M3,permutation,freq_rolloff95_mean,0.0020418356393129833,0.0018393887421391056,balanced_accuracy,10,643,held-out fold,38
binary,r0f4,M3,permutation,freq_band_power_100_150,0.0019702707538168385,0.0018803317890916148,balanced_accuracy,10,643,held-out fold,39
binary,r0f4,M3,permutation,env_mean,0.0018465231393129833,0.0030426695553731602,balanced_accuracy,10,643,held-out fold,40
binary,r0f4,M3,permutation,time_skewness,0.0018107406965649163,0.00207154006382741,balanced_accuracy,10,643,held-out fold,41
binary,r0f4,M3,permutation,mfcc_02_delta_mean,0.0018017950858778998,0.002407874172975224,balanced_accuracy,10,643,held-out fold,42
binary,r0f4,M3,permutation,freq_bandwidth_mean,0.0017309756679389499,0.0019184337828138194,balanced_accuracy,10,643,held-out fold,43
binary,r0f4,M3,permutation,chroma_02_std,0.0017130844465649165,0.0019479647831219373,balanced_accuracy,10,643,held-out fold,44
binary,r0f4,M3,permutation,chroma_12_mean,0.0016683563931297885,0.004119997339912546,balanced_accuracy,10,643,held-out fold,45
binary,r0f4,M3,permutation,chroma_07_mean,0.0016243738072519332,0.0019145268714672718,balanced_accuracy,10,643,held-out fold,46
binary,r0f4,M3,permutation,mfcc_09_delta_mean,0.0016154281965649053,0.0025264797363137854,balanced_accuracy,10,643,held-out fold,47
binary,r0f4,M3,permutation,time_shannon_entropy,0.0014558981393129832,0.0012371754515599987,balanced_accuracy,10,643,held-out fold,48
binary,r0f4,M3,permutation,mfcc_07_mean,0.0014290613072519332,0.002022009945564963,balanced_accuracy,10,643,held-out fold,49
binary,r0f4,M3,permutation,mfcc_04_delta_mean,0.0013492962786259665,0.0020315680135402003,balanced_accuracy,10,643,held-out fold,50
binary,r0f4,M3,permutation,chroma_04_std,0.0013135138358778887,0.0021342328665741334,balanced_accuracy,10,643,held-out fold,51
binary,r0f4,M3,permutation,mfcc_01_mean,0.0012426944179389499,0.002016398244827012,balanced_accuracy,10,643,held-out fold,52
binary,r0f4,M3,permutation,dwt_cD4_std,0.00107421875,0.00029296875,balanced_accuracy,10,643,held-out fold,53
binary,r0f4,M3,permutation,time_range,0.0009765625,0.0033601093237299777,balanced_accuracy,10,643,held-out fold,54
binary,r0f4,M3,permutation,time_peak_to_peak,0.0009765625,0.0033601093237299777,balanced_accuracy,10,643,held-out fold,54
binary,r0f4,M3,permutation,freq_spectral_entropy,0.0009497256679389498,0.002191697945752704,balanced_accuracy,10,643,held-out fold,56
binary,r0f4,M3,permutation,mfcc_03_std,0.0009407800572519221,0.002956529970993367,balanced_accuracy,10,643,held-out fold,57
binary,r0f4,M3,permutation,freq_flux_mean,0.00087890625,0.002793362431634903,balanced_accuracy,10,643,held-out fold,58
binary,r0f4,M3,permutation,mfcc_13_delta_mean,0.0008610150286259665,0.0016275974327855114,balanced_accuracy,10,643,held-out fold,59
binary,r0f4,M3,permutation,chroma_07_std,0.0008520694179389388,0.0031237190875266193,balanced_accuracy,10,643,held-out fold,60
binary,r0f4,M3,permutation,env_std,0.0007723043893129832,0.002174303321398398,balanced_accuracy,10,643,held-out fold,61
binary,r0f4,M3,permutation,chroma_05_mean,0.0007544131679389499,0.002045166297735412,balanced_accuracy,10,643,held-out fold,62
binary,r0f4,M3,permutation,freq_centroid_std,0.0007454675572519332,0.0018531010012457303,balanced_accuracy,10,643,held-out fold,63
binary,r0f4,M3,permutation,dwt_cD4_energy,0.0006925393606870278,0.003438840225588063,balanced_accuracy,10,643,held-out fold,64
binary,r0f4,M3,permutation,dwt_cD3_std,0.0006299200858778775,0.0037428681850861572,balanced_accuracy,10,643,held-out fold,65
binary,r0f4,M3,permutation,mfcc_01_delta_mean,0.0005769918893129833,0.003082308139174415,balanced_accuracy,10,643,held-out fold,66
binary,r0f4,M3,permutation,freq_rolloff85_std,0.0005330093034351058,0.004342348520992381,balanced_accuracy,10,643,held-out fold,67
binary,r0f4,M3,permutation,chroma_10_std,0.0004085162213740334,0.002648187433844022,balanced_accuracy,10,643,held-out fold,68
binary,r0f4,M3,permutation,chroma_06_std,0.0003906249999999889,0.0036069587768448796,balanced_accuracy,10,643,held-out fold,69
binary,r0f4,M3,permutation,mfcc_07_std,0.0003816793893129833,0.0022717609801862506,balanced_accuracy,10,643,held-out fold,70
binary,r0f4,M3,permutation,mfcc_11_mean,0.00038167938931297216,0.0037193225485557878,balanced_accuracy,10,643,held-out fold,71
binary,r0f4,M3,permutation,chroma_05_std,0.0003727337786259666,0.0027528371757631984,balanced_accuracy,10,643,held-out fold,72
binary,r0f4,M3,permutation,dwt_cD3_energy,0.0003727337786259666,0.0015526283599459419,balanced_accuracy,10,643,held-out fold,72
binary,r0f4,M3,permutation,freq_centroid_mean,0.0003458969465648831,0.004228953022942908,balanced_accuracy,10,643,held-out fold,74
binary,r0f4,M3,permutation,time_sample_entropy,0.0002840231393129833,0.0013612345781683776,balanced_accuracy,10,643,held-out fold,75
binary,r0f4,M3,permutation,time_autocorr_peak_lag,0.0001863668893129833,0.0009313035224138531,balanced_accuracy,10,643,held-out fold,76
binary,r0f4,M3,permutation,freq_rolloff85_mean,0.00016847566793894985,0.0016988229199492214,balanced_accuracy,10,643,held-out fold,77
binary,r0f4,M3,permutation,env_kurtosis,0.00010660186068701671,0.0013864576314350575,balanced_accuracy,10,643,held-out fold,78
binary,r0f4,M3,permutation,time_kurtosis,0.0,0.0,balanced_accuracy,10,643,held-out fold,79
binary,r0f4,M3,permutation,mfcc_04_std,-8.945610687005611e-06,0.0028581926106004624,balanced_accuracy,10,643,held-out fold,80
binary,r0f4,M3,permutation,freq_total_power,-8.945610687016714e-06,0.0013622236089380975,balanced_accuracy,10,643,held-out fold,81
binary,r0f4,M3,permutation,dwt_cD1_mean_abs,-8.945610687016714e-06,0.0011328938921649214,balanced_accuracy,10,643,held-out fold,81
binary,r0f4,M3,permutation,chroma_06_mean,-1.789122137403343e-05,0.0014782649854966944,balanced_accuracy,10,643,held-out fold,83
binary,r0f4,M3,permutation,dwt_cD2_energy,-1.789122137403343e-05,0.0017119389371696241,balanced_accuracy,10,643,held-out fold,83
binary,r0f4,M3,permutation,dwt_cA5_std,-0.00015058444656491644,0.002730131403076023,balanced_accuracy,10,643,held-out fold,85
binary,r0f4,M3,permutation,dwt_cD1_std,-0.0001602755248091281,0.002544219177707158,balanced_accuracy,10,643,held-out fold,86
binary,r0f4,M3,permutation,chroma_01_std,-0.00016847566793894985,0.0029662981243887463,balanced_accuracy,10,643,held-out fold,87
binary,r0f4,M3,permutation,time_max,-0.00018636688931297218,0.0032471954121939396,balanced_accuracy,10,643,held-out fold,88
binary,r0f4,M3,permutation,mfcc_08_mean,-0.00022214933206105014,0.00226635820244705,balanced_accuracy,10,643,held-out fold,89
binary,r0f4,M3,permutation,dwt_cD5_entropy,-0.00026613191793894986,0.0015384147711470027,balanced_accuracy,10,643,held-out fold,90
binary,r0f4,M3,permutation,time_min,-0.00027507752862596655,0.0019715367675543216,balanced_accuracy,10,643,held-out fold,91
binary,r0f4,M3,permutation,mfcc_08_std,-0.00027507752862596655,0.0025200760939506637,balanced_accuracy,10,643,held-out fold,91
binary,r0f4,M3,permutation,time_median,-0.0003727337786259666,0.0023074310279258756,balanced_accuracy,10,643,held-out fold,93
binary,r0f4,M3,permutation,freq_bandwidth_std,-0.0003727337786259666,0.00215975215979456,balanced_accuracy,10,643,held-out fold,93
binary,r0f4,M3,permutation,time_std,-0.000390625,0.0006477782793662891,balanced_accuracy,10,643,held-out fold,95
binary,r0f4,M3,permutation,time_var,-0.000390625,0.0006477782793662891,balanced_accuracy,10,643,held-out fold,95
binary,r0f4,M3,permutation,time_rms,-0.000390625,0.0006477782793662891,balanced_accuracy,10,643,held-out fold,95
binary,r0f4,M3,permutation,time_hjorth_activity,-0.000390625,0.0006477782793662891,balanced_accuracy,10,643,held-out fold,95
binary,r0f4,M3,permutation,mfcc_12_delta_mean,-0.000390625,0.00078125,balanced_accuracy,10,643,held-out fold,95
binary,r0f4,M3,permutation,dwt_cD1_energy,-0.0004085162213740334,0.0014269456387316084,balanced_accuracy,10,643,held-out fold,100
binary,r0f4,M3,permutation,mfcc_03_mean,-0.0004085162213740445,0.005128207598032069,balanced_accuracy,10,643,held-out fold,101
binary,r0f4,M3,permutation,freq_band_power_150_250,-0.0004972268606870167,0.0009789782980735256,balanced_accuracy,10,643,held-out fold,102
binary,r0f4,M3,permutation,dwt_cD2_mean_abs,-0.0004972268606870167,0.0009789782980735254,balanced_accuracy,10,643,held-out fold,102
binary,r0f4,M3,permutation,time_crest_factor,-0.0005680462786259666,0.002648187433844022,balanced_accuracy,10,643,held-out fold,104
binary,r0f4,M3,permutation,chroma_09_std,-0.0006657025286259666,0.002962165875700419,balanced_accuracy,10,643,held-out fold,105
binary,r0f4,M3,permutation,mfcc_09_mean,-0.0007454675572519332,0.002765459581437985,balanced_accuracy,10,643,held-out fold,106
binary,r0f4,M3,permutation,dwt_cD5_energy,-0.0008341781965649053,0.003815482474847957,balanced_accuracy,10,643,held-out fold,107
binary,r0f4,M3,permutation,mfcc_06_std,-0.0008520694179389498,0.003109681168660903,balanced_accuracy,10,643,held-out fold,108
binary,r0f4,M3,permutation,mfcc_10_std,-0.0009228888358778775,0.004234569124953018,balanced_accuracy,10,643,held-out fold,109
binary,r0f4,M3,permutation,freq_flux_std,-0.0009407800572519331,0.002839698754553252,balanced_accuracy,10,643,held-out fold,110
binary,r0f4,M3,permutation,freq_band_power_20_50,-0.0009586712786259554,0.0030716577977407357,balanced_accuracy,10,643,held-out fold,111
binary,r0f4,M3,permutation,chroma_12_std,-0.0010473819179389388,0.003597319719956912,balanced_accuracy,10,643,held-out fold,112
binary,r0f4,M3,permutation,dwt_cD4_entropy,-0.0010563275286259665,0.002319247814013114,balanced_accuracy,10,643,held-out fold,113
binary,r0f4,M3,permutation,time_hjorth_mobility,-0.0010921099713740445,0.002017850691511306,balanced_accuracy,10,643,held-out fold,114
binary,r0f4,M3,permutation,freq_dominant,-0.0011360925572519221,0.00294947929600314,balanced_accuracy,10,643,held-out fold,115
binary,r0f4,M3,permutation,freq_band_power_250_350,-0.0011808206106870168,0.0011143640424357377,balanced_accuracy,10,643,held-out fold,116
binary,r0f4,M3,permutation,chroma_04_mean,-0.00134035066793895,0.002644962175277583,balanced_accuracy,10,643,held-out fold,117
binary,r0f4,M3,permutation,time_mean,-0.001358241889312961,0.004270582917966331,balanced_accuracy,10,643,held-out fold,118
binary,r0f4,M3,permutation,env_skew,-0.0014111700858778665,0.004424383614387038,balanced_accuracy,10,643,held-out fold,119
binary,r0f4,M3,permutation,mfcc_05_delta_mean,-0.00153566316793895,0.0017717366071851892,balanced_accuracy,10,643,held-out fold,120
binary,r0f4,M3,permutation,freq_peak_power,-0.0017041388358778886,0.0027326754236113816,balanced_accuracy,10,643,held-out fold,121
binary,r0f4,M3,permutation,mfcc_03_delta_mean,-0.00182863191793895,0.003095861426222129,balanced_accuracy,10,643,held-out fold,122
binary,r0f4,M3,permutation,dwt_cD3_mean_abs,-0.0020328900286259665,0.00243590704189944,balanced_accuracy,10,643,held-out fold,123
binary,r0f4,M3,permutation,mfcc_10_delta_mean,-0.0021216006679389498,0.001802774845629431,balanced_accuracy,10,643,held-out fold,124
binary,r0f4,M3,permutation,dwt_cD2_std,-0.0021573831106870165,0.0009369148245087694,balanced_accuracy,10,643,held-out fold,125
binary,r0f4,M3,permutation,mfcc_05_std,-0.002565153864503833,0.005194773382562213,balanced_accuracy,10,643,held-out fold,126
binary,r0f4,M3,permutation,mfcc_12_mean,-0.0026449188931297997,0.003283780443504718,balanced_accuracy,10,643,held-out fold,127
binary,r0f4,M3,permutation,mfcc_08_delta_mean,-0.002671755725190883,0.0024439405486385312,balanced_accuracy,10,643,held-out fold,128
binary,r0f4,M3,permutation,chroma_11_std,-0.0027425751431297994,0.002746607308427389,balanced_accuracy,10,643,held-out fold,129
binary,r0f4,M3,permutation,dwt_cA5_energy,-0.0032666388358778666,0.005731729166430854,balanced_accuracy,10,643,held-out fold,130
binary,r0f4,M3,permutation,freq_band_power_50_100,-0.003940541507633577,0.007702738611576037,balanced_accuracy,10,643,held-out fold,131
binary,r0f4,M3,permutation,freq_band_power_350_400,-0.004029997614503867,0.0018075035048802756,balanced_accuracy,10,643,held-out fold,132
binary,r0f4,M3,permutation,mfcc_11_delta_mean,-0.00430507514312981,0.002138843078313799,balanced_accuracy,10,643,held-out fold,133
binary,r0f4,M3,permutation,freq_rolloff95_std,-0.004864175811068738,0.0022743902420187703,balanced_accuracy,10,643,held-out fold,134
binary,r0f4,M3,permutation,dwt_cD3_entropy,-0.005059488311068727,0.0035075196036456176,balanced_accuracy,10,643,held-out fold,135
binary,r0f4,M3,permutation,mfcc_13_mean,-0.005529878339694661,0.00432942861651261,balanced_accuracy,10,643,held-out fold,136
binary,r0f4,M3,permutation,time_energy,-0.005591752146946571,0.005638070687999842,balanced_accuracy,10,643,held-out fold,137
binary,r0f4,M3,permutation,time_duration,-0.005591752146946571,0.005638070687999842,balanced_accuracy,10,643,held-out fold,137
binary,r0f4,M4,impurity,time_zcr_mean,0.0622760716895253,,mean decrease in impurity,0,0,train,1
binary,r0f4,M4,impurity,dwt_cD1_entropy,0.061795244978153606,,mean decrease in impurity,0,0,train,2
binary,r0f4,M4,impurity,mfcc_04_mean,0.058527342584322684,,mean decrease in impurity,0,0,train,3
binary,r0f4,M4,impurity,dwt_cD2_entropy,0.037833637030993364,,mean decrease in impurity,0,0,train,4
binary,r0f4,M4,impurity,dwt_cA5_mean_abs,0.020892639701076045,,mean decrease in impurity,0,0,train,5
binary,r0f4,M4,impurity,mfcc_05_mean,0.019003695517481982,,mean decrease in impurity,0,0,train,6
binary,r0f4,M4,impurity,mfcc_06_mean,0.01833679896936963,,mean decrease in impurity,0,0,train,7
binary,r0f4,M4,impurity,time_hjorth_complexity,0.01804016232446865,,mean decrease in impurity,0,0,train,8
binary,r0f4,M4,impurity,mfcc_01_std,0.015230950152614062,,mean decrease in impurity,0,0,train,9
binary,r0f4,M4,impurity,mfcc_08_mean,0.015000725237973776,,mean decrease in impurity,0,0,train,10
binary,r0f4,M4,impurity,mfcc_07_mean,0.013756853221410606,,mean decrease in impurity,0,0,train,11
binary,r0f4,M4,impurity,dwt_cA5_energy,0.012698713709707873,,mean decrease in impurity,0,0,train,12
binary,r0f4,M4,impurity,time_iqr,0.012637451531850278,,mean decrease in impurity,0,0,train,13
binary,r0f4,M4,impurity,time_duration,0.012362425871455847,,mean decrease in impurity,0,0,train,14
binary,r0f4,M4,impurity,freq_centroid_mean,0.012147280233264836,,mean decrease in impurity,0,0,train,15
binary,r0f4,M4,impurity,time_zcr_std,0.01186359180030195,,mean decrease in impurity,0,0,train,16
binary,r0f4,M4,impurity,dwt_cD1_energy,0.01177632908264432,,mean decrease in impurity,0,0,train,17
binary,r0f4,M4,impurity,freq_band_power_250_350,0.011620214517706966,,mean decrease in impurity,0,0,train,18
binary,r0f4,M4,impurity,time_energy,0.011411481609911208,,mean decrease in impurity,0,0,train,19
binary,r0f4,M4,impurity,dwt_cD5_energy,0.011399318529361178,,mean decrease in impurity,0,0,train,20
binary,r0f4,M4,impurity,dwt_cA5_std,0.0112725818487875,,mean decrease in impurity,0,0,train,21
binary,r0f4,M4,impurity,dwt_cD5_mean_abs,0.011262884636765582,,mean decrease in impurity,0,0,train,22
binary,r0f4,M4,impurity,freq_band_power_350_400,0.010803334150875771,,mean decrease in impurity,0,0,train,23
binary,r0f4,M4,impurity,dwt_cD1_std,0.010532175798147329,,mean decrease in impurity,0,0,train,24
binary,r0f4,M4,impurity,dwt_cD3_entropy,0.010111163434252677,,mean decrease in impurity,0,0,train,25
binary,r0f4,M4,impurity,mfcc_03_mean,0.009451625623981441,,mean decrease in impurity,0,0,train,26
binary,r0f4,M4,impurity,dwt_cD4_mean_abs,0.009314978523957157,,mean decrease in impurity,0,0,train,27
binary,r0f4,M4,impurity,dwt_cD3_mean_abs,0.008820151946263144,,mean decrease in impurity,0,0,train,28
binary,r0f4,M4,impurity,mfcc_05_std,0.00851516408213539,,mean decrease in impurity,0,0,train,29
binary,r0f4,M4,impurity,freq_flux_std,0.008445624535100553,,mean decrease in impurity,0,0,train,30
binary,r0f4,M4,impurity,dwt_cD2_energy,0.008148838756435876,,mean decrease in impurity,0,0,train,31
binary,r0f4,M4,impurity,freq_rolloff85_mean,0.0075775846637488545,,mean decrease in impurity,0,0,train,32
binary,r0f4,M4,impurity,time_sample_entropy,0.007327851528909966,,mean decrease in impurity,0,0,train,33
binary,r0f4,M4,impurity,env_mean,0.007327160256701078,,mean decrease in impurity,0,0,train,34
binary,r0f4,M4,impurity,dwt_cD4_energy,0.007181178342936048,,mean decrease in impurity,0,0,train,35
binary,r0f4,M4,impurity,freq_flux_mean,0.007157519453858582,,mean decrease in impurity,0,0,train,36
binary,r0f4,M4,impurity,mfcc_02_mean,0.007045275499604907,,mean decrease in impurity,0,0,train,37
binary,r0f4,M4,impurity,dwt_cD5_std,0.0069459637690657446,,mean decrease in impurity,0,0,train,38
binary,r0f4,M4,impurity,chroma_12_mean,0.0069295671068922825,,mean decrease in impurity,0,0,train,39
binary,r0f4,M4,impurity,dwt_cD4_std,0.006873343304223563,,mean decrease in impurity,0,0,train,40
binary,r0f4,M4,impurity,freq_band_power_50_100,0.006659325172339221,,mean decrease in impurity,0,0,train,41
binary,r0f4,M4,impurity,env_std,0.006454942099057784,,mean decrease in impurity,0,0,train,42
binary,r0f4,M4,impurity,time_max,0.006337214854733818,,mean decrease in impurity,0,0,train,43
binary,r0f4,M4,impurity,mfcc_12_mean,0.006062621838397923,,mean decrease in impurity,0,0,train,44
binary,r0f4,M4,impurity,freq_band_power_100_150,0.0058526479806930605,,mean decrease in impurity,0,0,train,45
binary,r0f4,M4,impurity,dwt_cD2_std,0.005849627157826684,,mean decrease in impurity,0,0,train,46
binary,r0f4,M4,impurity,mfcc_11_mean,0.005818489662977587,,mean decrease in impurity,0,0,train,47
binary,r0f4,M4,impurity,time_peak_to_peak,0.005645110037021942,,mean decrease in impurity,0,0,train,48
binary,r0f4,M4,impurity,time_range,0.0056344082351949785,,mean decrease in impurity,0,0,train,49
binary,r0f4,M4,impurity,chroma_01_mean,0.005617031590419917,,mean decrease in impurity,0,0,train,50
binary,r0f4,M4,impurity,time_hjorth_mobility,0.005477667398918845,,mean decrease in impurity,0,0,train,51
binary,r0f4,M4,impurity,freq_rolloff95_mean,0.005458255570295507,,mean decrease in impurity,0,0,train,52
binary,r0f4,M4,impurity,freq_bandwidth_mean,0.005342611591132968,,mean decrease in impurity,0,0,train,53
binary,r0f4,M4,impurity,chroma_07_std,0.005315012522082405,,mean decrease in impurity,0,0,train,54
binary,r0f4,M4,impurity,dwt_cD2_mean_abs,0.005111723186606073,,mean decrease in impurity,0,0,train,55
binary,r0f4,M4,impurity,mfcc_13_mean,0.004882953497348126,,mean decrease in impurity,0,0,train,56
binary,r0f4,M4,impurity,time_autocorr_peak_lag,0.00482922521350467,,mean decrease in impurity,0,0,train,57
binary,r0f4,M4,impurity,dwt_cD1_mean_abs,0.0048252733242757865,,mean decrease in impurity,0,0,train,58
binary,r0f4,M4,impurity,chroma_07_mean,0.004780259860556325,,mean decrease in impurity,0,0,train,59
binary,r0f4,M4,impurity,time_crest_factor,0.004764253330946433,,mean decrease in impurity,0,0,train,60
binary,r0f4,M4,impurity,mfcc_06_std,0.004718808071752503,,mean decrease in impurity,0,0,train,61
binary,r0f4,M4,impurity,mfcc_11_std,0.004575541826238233,,mean decrease in impurity,0,0,train,62
binary,r0f4,M4,impurity,dwt_cD3_energy,0.004567934238016852,,mean decrease in impurity,0,0,train,63
binary,r0f4,M4,impurity,time_median,0.004539286187440863,,mean decrease in impurity,0,0,train,64
binary,r0f4,M4,impurity,freq_rolloff95_std,0.0045016726251877245,,mean decrease in impurity,0,0,train,65
binary,r0f4,M4,impurity,freq_rolloff85_std,0.00437707523230817,,mean decrease in impurity,0,0,train,66
binary,r0f4,M4,impurity,freq_centroid_std,0.004255884118972392,,mean decrease in impurity,0,0,train,67
binary,r0f4,M4,impurity,freq_band_power_150_250,0.004237007485920653,,mean decrease in impurity,0,0,train,68
binary,r0f4,M4,impurity,chroma_05_std,0.004220336372205385,,mean decrease in impurity,0,0,train,69
binary,r0f4,M4,impurity,env_peak_rate,0.004211911912272524,,mean decrease in impurity,0,0,train,70
binary,r0f4,M4,impurity,mfcc_09_mean,0.004186668740186357,,mean decrease in impurity,0,0,train,71
binary,r0f4,M4,impurity,mfcc_08_std,0.004155951985629136,,mean decrease in impurity,0,0,train,72
binary,r0f4,M4,impurity,freq_spectral_entropy,0.004123351701393435,,mean decrease in impurity,0,0,train,73
binary,r0f4,M4,impurity,chroma_08_std,0.004035277730038356,,mean decrease in impurity,0,0,train,74
binary,r0f4,M4,impurity,mfcc_07_delta_mean,0.004029332798943829,,mean decrease in impurity,0,0,train,75
binary,r0f4,M4,impurity,chroma_03_mean,0.0040192732205451285,,mean decrease in impurity,0,0,train,76
binary,r0f4,M4,impurity,mfcc_10_mean,0.003998248303357705,,mean decrease in impurity,0,0,train,77
binary,r0f4,M4,impurity,time_autocorr_peak_value,0.00399093652419038,,mean decrease in impurity,0,0,train,78
binary,r0f4,M4,impurity,mfcc_01_mean,0.003961738930017495,,mean decrease in impurity,0,0,train,79
binary,r0f4,M4,impurity,mfcc_12_std,0.003952792995512027,,mean decrease in impurity,0,0,train,80
binary,r0f4,M4,impurity,chroma_02_mean,0.003941852688126141,,mean decrease in impurity,0,0,train,81
binary,r0f4,M4,impurity,dwt_cA5_entropy,0.0039155398369656175,,mean decrease in impurity,0,0,train,82
binary,r0f4,M4,impurity,freq_band_power_20_50,0.003823892724577626,,mean decrease in impurity,0,0,train,83
binary,r0f4,M4,impurity,time_skewness,0.0037896874379159573,,mean decrease in impurity,0,0,train,84
binary,r0f4,M4,impurity,mfcc_13_std,0.003756468041372738,,mean decrease in impurity,0,0,train,85
binary,r0f4,M4,impurity,chroma_06_std,0.0037091373458379194,,mean decrease in impurity,0,0,train,86
binary,r0f4,M4,impurity,chroma_11_mean,0.003700780462759936,,mean decrease in impurity,0,0,train,87
binary,r0f4,M4,impurity,chroma_06_mean,0.0036909139433278755,,mean decrease in impurity,0,0,train,88
binary,r0f4,M4,impurity,chroma_03_std,0.0036352515388527505,,mean decrease in impurity,0,0,train,89
binary,r0f4,M4,impurity,freq_peak_power,0.0036248689562710327,,mean decrease in impurity,0,0,train,90
binary,r0f4,M4,impurity,mfcc_13_delta_mean,0.003611067294336437,,mean decrease in impurity,0,0,train,91
binary,r0f4,M4,impurity,chroma_09_mean,0.003605690930068112,,mean decrease in impurity,0,0,train,92
binary,r0f4,M4,impurity,mfcc_07_std,0.003596779042015728,,mean decrease in impurity,0,0,train,93
binary,r0f4,M4,impurity,chroma_04_std,0.003595550100957768,,mean decrease in impurity,0,0,train,94
binary,r0f4,M4,impurity,mfcc_04_std,0.003581294391203283,,mean decrease in impurity,0,0,train,95
binary,r0f4,M4,impurity,chroma_11_std,0.003575232874691148,,mean decrease in impurity,0,0,train,96
binary,r0f4,M4,impurity,mfcc_02_delta_mean,0.0035201922028312567,,mean decrease in impurity,0,0,train,97
binary,r0f4,M4,impurity,dwt_cD3_std,0.003470158935481263,,mean decrease in impurity,0,0,train,98
binary,r0f4,M4,impurity,mfcc_06_delta_mean,0.0034698098300141663,,mean decrease in impurity,0,0,train,99
binary,r0f4,M4,impurity,time_min,0.003447065540160051,,mean decrease in impurity,0,0,train,100
binary,r0f4,M4,impurity,env_kurtosis,0.0034195207873494705,,mean decrease in impurity,0,0,train,101
binary,r0f4,M4,impurity,mfcc_12_delta_mean,0.0033992094152219244,,mean decrease in impurity,0,0,train,102
binary,r0f4,M4,impurity,mfcc_02_std,0.003382798512264459,,mean decrease in impurity,0,0,train,103
binary,r0f4,M4,impurity,mfcc_10_std,0.003356614317519039,,mean decrease in impurity,0,0,train,104
binary,r0f4,M4,impurity,dwt_cD5_entropy,0.003355358104019146,,mean decrease in impurity,0,0,train,105
binary,r0f4,M4,impurity,chroma_10_std,0.0032498760040731976,,mean decrease in impurity,0,0,train,106
binary,r0f4,M4,impurity,chroma_04_mean,0.003228706368860792,,mean decrease in impurity,0,0,train,107
binary,r0f4,M4,impurity,mfcc_05_delta_mean,0.003193078959381851,,mean decrease in impurity,0,0,train,108
binary,r0f4,M4,impurity,mfcc_09_std,0.003186187634270018,,mean decrease in impurity,0,0,train,109
binary,r0f4,M4,impurity,chroma_05_mean,0.0031755654235799784,,mean decrease in impurity,0,0,train,110
binary,r0f4,M4,impurity,freq_bandwidth_std,0.003148472338072366,,mean decrease in impurity,0,0,train,111
binary,r0f4,M4,impurity,mfcc_01_delta_mean,0.0031441410765655205,,mean decrease in impurity,0,0,train,112
binary,r0f4,M4,impurity,mfcc_10_delta_mean,0.0031428442170482783,,mean decrease in impurity,0,0,train,113
binary,r0f4,M4,impurity,mfcc_03_std,0.003142116005010066,,mean decrease in impurity,0,0,train,114
binary,r0f4,M4,impurity,chroma_08_mean,0.0030912497806213864,,mean decrease in impurity,0,0,train,115
binary,r0f4,M4,impurity,mfcc_04_delta_mean,0.0030883172282558367,,mean decrease in impurity,0,0,train,116
binary,r0f4,M4,impurity,chroma_02_std,0.003024399633127252,,mean decrease in impurity,0,0,train,117
binary,r0f4,M4,impurity,chroma_01_std,0.0030199868979788142,,mean decrease in impurity,0,0,train,118
binary,r0f4,M4,impurity,env_skew,0.0029586637222074365,,mean decrease in impurity,0,0,train,119
binary,r0f4,M4,impurity,dwt_cD4_entropy,0.0029573698044183627,,mean decrease in impurity,0,0,train,120
binary,r0f4,M4,impurity,mfcc_08_delta_mean,0.0029140721615288083,,mean decrease in impurity,0,0,train,121
binary,r0f4,M4,impurity,mfcc_03_delta_mean,0.0028812175982229527,,mean decrease in impurity,0,0,train,122
binary,r0f4,M4,impurity,chroma_10_mean,0.002865530518663974,,mean decrease in impurity,0,0,train,123
binary,r0f4,M4,impurity,mfcc_09_delta_mean,0.002827618311124781,,mean decrease in impurity,0,0,train,124
binary,r0f4,M4,impurity,time_kurtosis,0.0028162798747350453,,mean decrease in impurity,0,0,train,125
binary,r0f4,M4,impurity,mfcc_11_delta_mean,0.002772174725063676,,mean decrease in impurity,0,0,train,126
binary,r0f4,M4,impurity,chroma_09_std,0.0027636595218264257,,mean decrease in impurity,0,0,train,127
binary,r0f4,M4,impurity,chroma_12_std,0.00275566087081548,,mean decrease in impurity,0,0,train,128
binary,r0f4,M4,impurity,freq_dominant,0.0027093109266023052,,mean decrease in impurity,0,0,train,129
binary,r0f4,M4,impurity,freq_flatness_mean,0.002689241307974546,,mean decrease in impurity,0,0,train,130
binary,r0f4,M4,impurity,time_shannon_entropy,0.0026487084300463796,,mean decrease in impurity,0,0,train,131
binary,r0f4,M4,impurity,time_mean,0.002646786417371266,,mean decrease in impurity,0,0,train,132
binary,r0f4,M4,impurity,freq_flatness_std,0.0026091573235212727,,mean decrease in impurity,0,0,train,133
binary,r0f4,M4,impurity,time_var,0.0025718667795229656,,mean decrease in impurity,0,0,train,134
binary,r0f4,M4,impurity,freq_total_power,0.0025715741880769755,,mean decrease in impurity,0,0,train,135
binary,r0f4,M4,impurity,time_hjorth_activity,0.002469158660764991,,mean decrease in impurity,0,0,train,136
binary,r0f4,M4,impurity,time_rms,0.002448692511317623,,mean decrease in impurity,0,0,train,137
binary,r0f4,M4,impurity,time_std,0.00228099884451171,,mean decrease in impurity,0,0,train,138
binary,r0f4,M4,permutation,time_zcr_mean,0.028065362595419852,0.005859140542917171,balanced_accuracy,10,643,held-out fold,1
binary,r0f4,M4,permutation,mfcc_04_mean,0.022961891698473257,0.0037684366427984187,balanced_accuracy,10,643,held-out fold,2
binary,r0f4,M4,permutation,dwt_cD1_entropy,0.017502832776717547,0.007470844709679561,balanced_accuracy,10,643,held-out fold,3
binary,r0f4,M4,permutation,dwt_cD1_energy,0.0070387046755725265,0.002433893466078893,balanced_accuracy,10,643,held-out fold,4
binary,r0f4,M4,permutation,freq_band_power_350_400,0.006275345896946583,0.001504920835938941,balanced_accuracy,10,643,held-out fold,5
binary,r0f4,M4,permutation,dwt_cD5_mean_abs,0.005014760257633599,0.002406773035862769,balanced_accuracy,10,643,held-out fold,6
binary,r0f4,M4,permutation,time_sample_entropy,0.0039942151717557665,0.002547614626977093,balanced_accuracy,10,643,held-out fold,7
binary,r0f4,M4,permutation,dwt_cD2_energy,0.0038876133110687496,0.001985179545091243,balanced_accuracy,10,643,held-out fold,8
binary,r0f4,M4,permutation,time_kurtosis,0.0037191376431298328,0.00029296875,balanced_accuracy,10,643,held-out fold,9
binary,r0f4,M4,permutation,mfcc_04_std,0.003710192032442794,0.0021990561357752947,balanced_accuracy,10,643,held-out fold,10
binary,r0f4,M4,permutation,time_zcr_std,0.0035856989503817104,0.0025194377240456475,balanced_accuracy,10,643,held-out fold,11
binary,r0f4,M4,permutation,dwt_cA5_mean_abs,0.003399332061068727,0.0029329539757049824,balanced_accuracy,10,643,held-out fold,12
binary,r0f4,M4,permutation,dwt_cD5_entropy,0.0033374582538168497,0.0011499549290247672,balanced_accuracy,10,643,held-out fold,13
binary,r0f4,M4,permutation,dwt_cD2_entropy,0.003159291507633599,0.005340485875845695,balanced_accuracy,10,643,held-out fold,14
binary,r0f4,M4,permutation,dwt_cD1_std,0.0031153089217557327,0.004908289338886101,balanced_accuracy,10,643,held-out fold,15
binary,r0f4,M4,permutation,chroma_09_mean,0.0030444895038168273,0.00279543217148596,balanced_accuracy,10,643,held-out fold,16
binary,r0f4,M4,permutation,mfcc_13_mean,0.0029378876431297996,0.003154919546655766,balanced_accuracy,10,643,held-out fold,17
binary,r0f4,M4,permutation,env_std,0.0027515207538168496,0.0014548175164674007,balanced_accuracy,10,643,held-out fold,18
binary,r0f4,M4,permutation,dwt_cA5_entropy,0.002671755725190883,0.001749074692731265,balanced_accuracy,10,643,held-out fold,19
binary,r0f4,M4,permutation,time_autocorr_peak_value,0.0026538645038168386,0.0018484889896068083,balanced_accuracy,10,643,held-out fold,20
binary,r0f4,M4,permutation,chroma_12_mean,0.0026538645038168386,0.002296049757712323,balanced_accuracy,10,643,held-out fold,20
binary,r0f4,M4,permutation,mfcc_07_std,0.002476443225190883,0.0016626995029249323,balanced_accuracy,10,643,held-out fold,22
binary,r0f4,M4,permutation,time_hjorth_complexity,0.0024496063931297996,0.00343194383274503,balanced_accuracy,10,643,held-out fold,23
binary,r0f4,M4,permutation,time_iqr,0.0024406607824427828,0.002990968199571806,balanced_accuracy,10,643,held-out fold,24
binary,r0f4,M4,permutation,freq_rolloff95_mean,0.0023698413645038665,0.0017802116457598589,balanced_accuracy,10,643,held-out fold,25
binary,r0f4,M4,permutation,freq_peak_power,0.0023698413645038665,0.001978540133773117,balanced_accuracy,10,643,held-out fold,25
binary,r0f4,M4,permutation,chroma_01_std,0.0023698413645038665,0.0012954606860862987,balanced_accuracy,10,643,held-out fold,25
binary,r0f4,M4,permutation,dwt_cD4_entropy,0.0023698413645038665,0.0017258095608779591,balanced_accuracy,10,643,held-out fold,25
binary,r0f4,M4,permutation,mfcc_06_mean,0.002334058921755777,0.0020304747770177115,balanced_accuracy,10,643,held-out fold,29
binary,r0f4,M4,permutation,env_peak_rate,0.002281130725190883,0.0015471208899074968,balanced_accuracy,10,643,held-out fold,30
binary,r0f4,M4,permutation,mfcc_08_mean,0.002236402671755744,0.003228530398851651,balanced_accuracy,10,643,held-out fold,31
binary,r0f4,M4,permutation,mfcc_03_std,0.002183474475190883,0.0019158326227727961,balanced_accuracy,10,643,held-out fold,32
binary,r0f4,M4,permutation,mfcc_02_mean,0.0020679270038168164,0.004000057212714299,balanced_accuracy,10,643,held-out fold,33
binary,r0f4,M4,permutation,mfcc_02_std,0.0019971075858778997,0.0018834749386245873,balanced_accuracy,10,643,held-out fold,34
binary,r0f4,M4,permutation,freq_band_power_20_50,0.001979216364503866,0.0015679089705492276,balanced_accuracy,10,643,held-out fold,35
binary,r0f4,M4,permutation,mfcc_07_mean,0.0019792163645038553,0.0029876406215116774,balanced_accuracy,10,643,held-out fold,36
binary,r0f4,M4,permutation,chroma_04_std,0.0018994513358778996,0.0020058336442163476,balanced_accuracy,10,643,held-out fold,37
binary,r0f4,M4,permutation,chroma_02_mean,0.001890505725190883,0.0019621074305476677,balanced_accuracy,10,643,held-out fold,38
binary,r0f4,M4,permutation,freq_centroid_std,0.001890505725190872,0.0023373592882383982,balanced_accuracy,10,643,held-out fold,39
binary,r0f4,M4,permutation,freq_band_power_150_250,0.0018726145038168497,0.001424400269642106,balanced_accuracy,10,643,held-out fold,40
binary,r0f4,M4,permutation,chroma_08_mean,0.0018017950858778998,0.0015602942278015825,balanced_accuracy,10,643,held-out fold,41
binary,r0f4,M4,permutation,freq_rolloff85_mean,0.001792849475190883,0.0019365440772075413,balanced_accuracy,10,643,held-out fold,42
binary,r0f4,M4,permutation,mfcc_09_std,0.0017130844465649165,0.0019479647831219373,balanced_accuracy,10,643,held-out fold,43
binary,r0f4,M4,permutation,chroma_10_std,0.0017041388358778997,0.0019020329717830727,balanced_accuracy,10,643,held-out fold,44
binary,r0f4,M4,permutation,chroma_06_mean,0.001597536975190883,0.001764139327075729,balanced_accuracy,10,643,held-out fold,45
binary,r0f4,M4,permutation,mfcc_01_mean,0.001526717557251933,0.0018698394983077996,balanced_accuracy,10,643,held-out fold,46
binary,r0f4,M4,permutation,env_kurtosis,0.0015088263358778997,0.0018707736711335717,balanced_accuracy,10,643,held-out fold,47
binary,r0f4,M4,permutation,time_crest_factor,0.001499880725190883,0.0017190999099261411,balanced_accuracy,10,643,held-out fold,48
binary,r0f4,M4,permutation,mfcc_11_std,0.001429061307251922,0.0026065111903338903,balanced_accuracy,10,643,held-out fold,49
binary,r0f4,M4,permutation,chroma_09_std,0.0014201156965649164,0.001972088596563653,balanced_accuracy,10,643,held-out fold,50
binary,r0f4,M4,permutation,time_skewness,0.0013314050572519331,0.0020604032823354026,balanced_accuracy,10,643,held-out fold,51
binary,r0f4,M4,permutation,mfcc_03_delta_mean,0.0013314050572519331,0.0020604032823354026,balanced_accuracy,10,643,held-out fold,51
binary,r0f4,M4,permutation,time_min,0.0013224594465649163,0.0023563808519381766,balanced_accuracy,10,643,held-out fold,53
binary,r0f4,M4,permutation,freq_band_power_250_350,0.0013224594465648942,0.003940202182591914,balanced_accuracy,10,643,held-out fold,54
binary,r0f4,M4,permutation,time_rms,0.0012248031965649165,0.0018626638809719934,balanced_accuracy,10,643,held-out fold,55
binary,r0f4,M4,permutation,dwt_cD1_mean_abs,0.0012248031965649165,0.002053042690917451,balanced_accuracy,10,643,held-out fold,55
binary,r0f4,M4,permutation,dwt_cA5_std,0.0012069119751908718,0.0022986512375270064,balanced_accuracy,10,643,held-out fold,57
binary,r0f4,M4,permutation,chroma_03_std,0.0011450381679389498,0.001749074692731265,balanced_accuracy,10,643,held-out fold,58
binary,r0f4,M4,permutation,chroma_01_mean,0.0011182013358778998,0.0016396694067908957,balanced_accuracy,10,643,held-out fold,59
binary,r0f4,M4,permutation,env_mean,0.001109255725190872,0.002247358560943229,balanced_accuracy,10,643,held-out fold,60
binary,r0f4,M4,permutation,mfcc_05_mean,0.0011003101145038551,0.0027729152628700963,balanced_accuracy,10,643,held-out fold,61
binary,r0f4,M4,permutation,chroma_05_mean,0.001038436307251933,0.0017289449879280736,balanced_accuracy,10,643,held-out fold,62
binary,r0f4,M4,permutation,freq_bandwidth_mean,0.001038436307251922,0.002719148581874837,balanced_accuracy,10,643,held-out fold,63
binary,r0f4,M4,permutation,chroma_03_mean,0.0009228888358778886,0.002374184382387807,balanced_accuracy,10,643,held-out fold,64
binary,r0f4,M4,permutation,freq_rolloff85_std,0.0008520694179389498,0.0017846532244313149,balanced_accuracy,10,643,held-out fold,65
binary,r0f4,M4,permutation,mfcc_10_std,0.0008520694179389498,0.00198253743690378,balanced_accuracy,10,643,held-out fold,65
binary,r0f4,M4,permutation,dwt_cD2_std,0.0008520694179389498,0.0017846532244313149,balanced_accuracy,10,643,held-out fold,65
binary,r0f4,M4,permutation,mfcc_13_delta_mean,0.0008431238072519331,0.001982157302281883,balanced_accuracy,10,643,held-out fold,68
binary,r0f4,M4,permutation,mfcc_02_delta_mean,0.0007544131679389499,0.00190472373099673,balanced_accuracy,10,643,held-out fold,69
binary,r0f4,M4,permutation,time_hjorth_mobility,0.0007365219465649165,0.0021750331530384697,balanced_accuracy,10,643,held-out fold,70
binary,r0f4,M4,permutation,dwt_cD5_energy,0.0007283218034350835,0.0027436306306957187,balanced_accuracy,10,643,held-out fold,71
binary,r0f4,M4,permutation,mfcc_01_std,0.0007275763358778997,0.0018512143480614817,balanced_accuracy,10,643,held-out fold,72
binary,r0f4,M4,permutation,freq_bandwidth_std,0.0006478113072519332,0.0017087848268048083,balanced_accuracy,10,643,held-out fold,73
binary,r0f4,M4,permutation,chroma_12_std,0.0006478113072519332,0.0019145268714672718,balanced_accuracy,10,643,held-out fold,73
binary,r0f4,M4,permutation,mfcc_04_delta_mean,0.0005591006679389499,0.001771736607185189,balanced_accuracy,10,643,held-out fold,75
binary,r0f4,M4,permutation,mfcc_09_delta_mean,0.0005591006679389499,0.001970918101416699,balanced_accuracy,10,643,held-out fold,75
binary,r0f4,M4,permutation,freq_spectral_entropy,0.0005412094465649164,0.0021485642412661806,balanced_accuracy,10,643,held-out fold,77
binary,r0f4,M4,permutation,dwt_cD4_mean_abs,0.0005322638358778997,0.0018238780554627027,balanced_accuracy,10,643,held-out fold,78
binary,r0f4,M4,permutation,time_max,0.000523318225190883,0.0014270858333148627,balanced_accuracy,10,643,held-out fold,79
binary,r0f4,M4,permutation,freq_total_power,0.00047039002862596656,0.0017258095608779593,balanced_accuracy,10,643,held-out fold,80
binary,r0f4,M4,permutation,chroma_11_mean,0.00047039002862596656,0.0017258095608779593,balanced_accuracy,10,643,held-out fold,80
binary,r0f4,M4,permutation,freq_flux_mean,0.00043460758587789974,0.00224159020351553,balanced_accuracy,10,643,held-out fold,82
binary,r0f4,M4,permutation,chroma_05_std,0.0003816793893129833,0.0011450381679389498,balanced_accuracy,10,643,held-out fold,83
binary,r0f4,M4,permutation,mfcc_13_std,0.0003727337786259666,0.0017765478832163083,balanced_accuracy,10,643,held-out fold,84
binary,r0f4,M4,permutation,mfcc_01_delta_mean,0.0003727337786259666,0.0017765478832163083,balanced_accuracy,10,643,held-out fold,84
binary,r0f4,M4,permutation,mfcc_06_delta_mean,0.0003727337786259666,0.0017765478832163083,balanced_accuracy,10,643,held-out fold,84
binary,r0f4,M4,permutation,dwt_cD4_energy,0.0003727337786259666,0.0021151346360116217,balanced_accuracy,10,643,held-out fold,84
binary,r0f4,M4,permutation,mfcc_12_mean,0.00035484255725193314,0.002398680615720947,balanced_accuracy,10,643,held-out fold,88
binary,r0f4,M4,permutation,time_range,0.00034589694656491645,0.002196482428339013,balanced_accuracy,10,643,held-out fold,89
binary,r0f4,M4,permutation,freq_centroid_mean,0.000328005725190883,0.0020230484229613326,balanced_accuracy,10,643,held-out fold,90
binary,r0f4,M4,permutation,time_mean,0.00027507752862596655,0.0013504878827560623,balanced_accuracy,10,643,held-out fold,91
binary,r0f4,M4,permutation,dwt_cD4_std,0.00023929508587789973,0.0018640488937495736,balanced_accuracy,10,643,held-out fold,92
binary,r0f4,M4,permutation,dwt_cD2_mean_abs,0.00016847566793894985,0.001749074692731265,balanced_accuracy,10,643,held-out fold,93
binary,r0f4,M4,permutation,time_std,-8.945610687016714e-06,0.0010453294732395784,balanced_accuracy,10,643,held-out fold,94
binary,r0f4,M4,permutation,freq_flatness_mean,-8.945610687016714e-06,0.0011328938921649212,balanced_accuracy,10,643,held-out fold,94
binary,r0f4,M4,permutation,mfcc_12_delta_mean,-8.945610687016714e-06,0.0010453294732395784,balanced_accuracy,10,643,held-out fold,94
binary,r0f4,M4,permutation,time_hjorth_activity,-9.765625e-05,0.00029296875000000004,balanced_accuracy,10,643,held-out fold,97
binary,r0f4,M4,permutation,mfcc_08_std,-9.765625e-05,0.00029296875000000004,balanced_accuracy,10,643,held-out fold,97
binary,r0f4,M4,permutation,mfcc_06_std,-0.00010660186068701671,0.0011694152683259438,balanced_accuracy,10,643,held-out fold,99
binary,r0f4,M4,permutation,mfcc_10_delta_mean,-0.00010660186068701671,0.0010848028422310613,balanced_accuracy,10,643,held-out fold,99
binary,r0f4,M4,permutation,mfcc_09_mean,-0.00011554747137403343,0.0015058564595098326,balanced_accuracy,10,643,held-out fold,101
binary,r0f4,M4,permutation,time_duration,-0.00016847566793894985,0.002290163693691079,balanced_accuracy,10,643,held-out fold,102
binary,r0f4,M4,permutation,time_shannon_entropy,-0.0001953125,0.0003906250000000001,balanced_accuracy,10,643,held-out fold,103
binary,r0f4,M4,permutation,mfcc_08_delta_mean,-0.0001953125,0.0003906250000000001,balanced_accuracy,10,643,held-out fold,103
binary,r0f4,M4,permutation,freq_flatness_std,-0.00021320372137403342,0.0015879550884400225,balanced_accuracy,10,643,held-out fold,105
binary,r0f4,M4,permutation,chroma_07_mean,-0.00021320372137403342,0.0019101148255319575,balanced_accuracy,10,643,held-out fold,105
binary,r0f4,M4,permutation,dwt_cD3_energy,-0.00030191436068701674,0.0014912901011674066,balanced_accuracy,10,643,held-out fold,107
binary,r0f4,M4,permutation,dwt_cD3_std,-0.00030191436068701674,0.0014912901011674064,balanced_accuracy,10,643,held-out fold,107
binary,r0f4,M4,permutation,freq_flux_std,-0.00033769680343508356,0.0021879645519462423,balanced_accuracy,10,643,held-out fold,109
binary,r0f4,M4,permutation,chroma_02_std,-0.00048828125,0.00048828125,balanced_accuracy,10,643,held-out fold,110
binary,r0f4,M4,permutation,mfcc_12_std,-0.0004972268606870167,0.0012300939809907238,balanced_accuracy,10,643,held-out fold,111
binary,r0f4,M4,permutation,mfcc_05_delta_mean,-0.0005859375,0.0006477782793662891,balanced_accuracy,10,643,held-out fold,112
binary,r0f4,M4,permutation,chroma_10_mean,-0.0005859375,0.0004784159653873395,balanced_accuracy,10,643,held-out fold,112
binary,r0f4,M4,permutation,env_skew,-0.0005859375,0.0004784159653873395,balanced_accuracy,10,643,held-out fold,112
binary,r0f4,M4,permutation,time_var,-0.00068359375,0.0004475171577105312,balanced_accuracy,10,643,held-out fold,115
binary,r0f4,M4,permutation,freq_dominant,-0.00068359375,0.0006253051013118017,balanced_accuracy,10,643,held-out fold,115
binary,r0f4,M4,permutation,chroma_06_std,-0.0006925393606870168,0.0011393975964651543,balanced_accuracy,10,643,held-out fold,117
binary,r0f4,M4,permutation,dwt_cA5_energy,-0.0006925393606870168,0.002143193816228413,balanced_accuracy,10,643,held-out fold,117
binary,r0f4,M4,permutation,time_peak_to_peak,-0.0007014849713740334,0.0014193492821543967,balanced_accuracy,10,643,held-out fold,119
binary,r0f4,M4,permutation,time_median,-0.00078125,0.000390625,balanced_accuracy,10,643,held-out fold,120
binary,r0f4,M4,permutation,freq_rolloff95_std,-0.00087890625,0.0008111937366130933,balanced_accuracy,10,643,held-out fold,121
binary,r0f4,M4,permutation,dwt_cD3_mean_abs,-0.0009944537213740334,0.0016605637468008543,balanced_accuracy,10,643,held-out fold,122
binary,r0f4,M4,permutation,dwt_cD3_entropy,-0.00107421875,0.000525895000696729,balanced_accuracy,10,643,held-out fold,123
binary,r0f4,M4,permutation,mfcc_11_delta_mean,-0.0011629293893129834,0.0009313035224138531,balanced_accuracy,10,643,held-out fold,124
binary,r0f4,M4,permutation,chroma_07_std,-0.0016333194179389498,0.0020129292995639445,balanced_accuracy,10,643,held-out fold,125
binary,r0f4,M4,permutation,time_autocorr_peak_lag,-0.00166015625,0.0025556516470092894,balanced_accuracy,10,643,held-out fold,126
binary,r0f4,M4,permutation,mfcc_03_mean,-0.0017048843034350835,0.002692446881064971,balanced_accuracy,10,643,held-out fold,127
binary,r0f4,M4,permutation,freq_band_power_100_150,-0.00185546875,0.0009212872199274027,balanced_accuracy,10,643,held-out fold,128
binary,r0f4,M4,permutation,chroma_04_mean,-0.00185546875,0.0008111937366130932,balanced_accuracy,10,643,held-out fold,128
binary,r0f4,M4,permutation,dwt_cD5_std,-0.0019441793893129832,0.0020988659925268095,balanced_accuracy,10,643,held-out fold,130
binary,r0f4,M4,permutation,time_energy,-0.001979216364503866,0.0015734708245791588,balanced_accuracy,10,643,held-out fold,131
binary,r0f4,M4,permutation,freq_band_power_50_100,-0.0021394918893129834,0.002258003880085851,balanced_accuracy,10,643,held-out fold,132
binary,r0f4,M4,permutation,mfcc_07_delta_mean,-0.0022990219465649163,0.002744068407196576,balanced_accuracy,10,643,held-out fold,133
binary,r0f4,M4,permutation,mfcc_10_mean,-0.0025032800572519333,0.0016054809948335962,balanced_accuracy,10,643,held-out fold,134
binary,r0f4,M4,permutation,chroma_11_std,-0.0025032800572519333,0.0019201652566154857,balanced_accuracy,10,643,held-out fold,134
binary,r0f4,M4,permutation,chroma_08_std,-0.0026896469465649163,0.0019479647831219373,balanced_accuracy,10,643,held-out fold,136
binary,r0f4,M4,permutation,mfcc_05_std,-0.002920741889312983,0.003608814219292156,balanced_accuracy,10,643,held-out fold,137
binary,r0f4,M4,permutation,mfcc_11_mean,-0.003089217557251922,0.0038203247860732277,balanced_accuracy,10,643,held-out fold,138
binary,r0f4,M5,impurity,mfcc_04_mean,0.2054627303049075,,mean decrease in impurity,0,0,train,1
binary,r0f4,M5,impurity,dwt_cD1_entropy,0.1871753228880933,,mean decrease in impurity,0,0,train,2
binary,r0f4,M5,impurity,time_zcr_mean,0.10375849917845452,,mean decrease in impurity,0,0,train,3
binary,r0f4,M5,impurity,dwt_cD5_energy,0.04149238888730367,,mean decrease in impurity,0,0,train,4
binary,r0f4,M5,impurity,freq_band_power_350_400,0.04128435922125124,,mean decrease in impurity,0,0,train,5
binary,r0f4,M5,impurity,time_iqr,0.03839334522940555,,mean decrease in impurity,0,0,train,6
binary,r0f4,M5,impurity,dwt_cD1_energy,0.029092497788747958,,mean decrease in impurity,0,0,train,7
binary,r0f4,M5,impurity,mfcc_05_std,0.01655133615264261,,mean decrease in impurity,0,0,train,8
binary,r0f4,M5,impurity,dwt_cD4_energy,0.01335177115958927,,mean decrease in impurity,0,0,train,9
binary,r0f4,M5,impurity,mfcc_05_mean,0.012789890798861787,,mean decrease in impurity,0,0,train,10
binary,r0f4,M5,impurity,mfcc_02_mean,0.012197159807340267,,mean decrease in impurity,0,0,train,11
binary,r0f4,M5,impurity,dwt_cD5_mean_abs,0.011452871143835844,,mean decrease in impurity,0,0,train,12
binary,r0f4,M5,impurity,chroma_07_std,0.011376823674041926,,mean decrease in impurity,0,0,train,13
binary,r0f4,M5,impurity,time_duration,0.011313991037716211,,mean decrease in impurity,0,0,train,14
binary,r0f4,M5,impurity,time_energy,0.008943295327640896,,mean decrease in impurity,0,0,train,15
binary,r0f4,M5,impurity,dwt_cA5_std,0.00851874751248937,,mean decrease in impurity,0,0,train,16
binary,r0f4,M5,impurity,freq_peak_power,0.008396604542949946,,mean decrease in impurity,0,0,train,17
binary,r0f4,M5,impurity,dwt_cA5_mean_abs,0.007225092536973469,,mean decrease in impurity,0,0,train,18
binary,r0f4,M5,impurity,freq_band_power_150_250,0.006275670848355419,,mean decrease in impurity,0,0,train,19
binary,r0f4,M5,impurity,dwt_cA5_energy,0.0060178171035452045,,mean decrease in impurity,0,0,train,20
binary,r0f4,M5,impurity,freq_rolloff95_mean,0.00579877008521647,,mean decrease in impurity,0,0,train,21
binary,r0f4,M5,impurity,time_hjorth_complexity,0.005613376585437451,,mean decrease in impurity,0,0,train,22
binary,r0f4,M5,impurity,mfcc_13_delta_mean,0.005583514872850137,,mean decrease in impurity,0,0,train,23
binary,r0f4,M5,impurity,chroma_05_std,0.0054661962777298075,,mean decrease in impurity,0,0,train,24
binary,r0f4,M5,impurity,chroma_06_mean,0.005399541131401394,,mean decrease in impurity,0,0,train,25
binary,r0f4,M5,impurity,time_median,0.005369429972059936,,mean decrease in impurity,0,0,train,26
binary,r0f4,M5,impurity,mfcc_07_delta_mean,0.005319089011489299,,mean decrease in impurity,0,0,train,27
binary,r0f4,M5,impurity,dwt_cD2_entropy,0.005258714099969445,,mean decrease in impurity,0,0,train,28
binary,r0f4,M5,impurity,mfcc_05_delta_mean,0.00511101617995277,,mean decrease in impurity,0,0,train,29
binary,r0f4,M5,impurity,freq_rolloff95_std,0.0050929871886196,,mean decrease in impurity,0,0,train,30
binary,r0f4,M5,impurity,mfcc_02_delta_mean,0.005047805553980709,,mean decrease in impurity,0,0,train,31
binary,r0f4,M5,impurity,mfcc_03_mean,0.0048180358845766845,,mean decrease in impurity,0,0,train,32
binary,r0f4,M5,impurity,mfcc_01_delta_mean,0.004710448507756398,,mean decrease in impurity,0,0,train,33
binary,r0f4,M5,impurity,mfcc_01_mean,0.004421389486923895,,mean decrease in impurity,0,0,train,34
binary,r0f4,M5,impurity,freq_band_power_20_50,0.004330683932847507,,mean decrease in impurity,0,0,train,35
binary,r0f4,M5,impurity,env_kurtosis,0.004205487263097354,,mean decrease in impurity,0,0,train,36
binary,r0f4,M5,impurity,mfcc_06_delta_mean,0.0041844477296296345,,mean decrease in impurity,0,0,train,37
binary,r0f4,M5,impurity,mfcc_08_delta_mean,0.004019689487878223,,mean decrease in impurity,0,0,train,38
binary,r0f4,M5,impurity,mfcc_12_mean,0.003964114726309426,,mean decrease in impurity,0,0,train,39
binary,r0f4,M5,impurity,time_hjorth_mobility,0.0039170432440269,,mean decrease in impurity,0,0,train,40
binary,r0f4,M5,impurity,freq_rolloff85_std,0.0037297096145551254,,mean decrease in impurity,0,0,train,41
binary,r0f4,M5,impurity,dwt_cD3_mean_abs,0.0036588007387961213,,mean decrease in impurity,0,0,train,42
binary,r0f4,M5,impurity,mfcc_12_std,0.0036162233021192506,,mean decrease in impurity,0,0,train,43
binary,r0f4,M5,impurity,mfcc_03_std,0.003565089585997362,,mean decrease in impurity,0,0,train,44
binary,r0f4,M5,impurity,mfcc_11_mean,0.0035361494203737013,,mean decrease in impurity,0,0,train,45
binary,r0f4,M5,impurity,chroma_01_mean,0.003523838903722022,,mean decrease in impurity,0,0,train,46
binary,r0f4,M5,impurity,mfcc_06_mean,0.003402479333079713,,mean decrease in impurity,0,0,train,47
binary,r0f4,M5,impurity,mfcc_01_std,0.003250308679869012,,mean decrease in impurity,0,0,train,48
binary,r0f4,M5,impurity,mfcc_08_std,0.0029950056488811214,,mean decrease in impurity,0,0,train,49
binary,r0f4,M5,impurity,time_autocorr_peak_value,0.002992671267288978,,mean decrease in impurity,0,0,train,50
binary,r0f4,M5,impurity,mfcc_06_std,0.002966223894816637,,mean decrease in impurity,0,0,train,51
binary,r0f4,M5,impurity,mfcc_13_mean,0.002802436230297609,,mean decrease in impurity,0,0,train,52
binary,r0f4,M5,impurity,freq_band_power_100_150,0.0026930030981949134,,mean decrease in impurity,0,0,train,53
binary,r0f4,M5,impurity,freq_centroid_std,0.002659793419491545,,mean decrease in impurity,0,0,train,54
binary,r0f4,M5,impurity,mfcc_07_mean,0.0025616273977746226,,mean decrease in impurity,0,0,train,55
binary,r0f4,M5,impurity,chroma_07_mean,0.0022507902488141857,,mean decrease in impurity,0,0,train,56
binary,r0f4,M5,impurity,env_peak_rate,0.002183927663352319,,mean decrease in impurity,0,0,train,57
binary,r0f4,M5,impurity,time_zcr_std,0.0021479817924243867,,mean decrease in impurity,0,0,train,58
binary,r0f4,M5,impurity,freq_centroid_mean,0.0021264877038323603,,mean decrease in impurity,0,0,train,59
binary,r0f4,M5,impurity,dwt_cD3_entropy,0.002091142089639356,,mean decrease in impurity,0,0,train,60
binary,r0f4,M5,impurity,time_skewness,0.0019686955350888048,,mean decrease in impurity,0,0,train,61
binary,r0f4,M5,impurity,time_mean,0.00195019877736232,,mean decrease in impurity,0,0,train,62
binary,r0f4,M5,impurity,env_mean,0.00193399770502863,,mean decrease in impurity,0,0,train,63
binary,r0f4,M5,impurity,mfcc_09_std,0.001811260857129896,,mean decrease in impurity,0,0,train,64
binary,r0f4,M5,impurity,env_std,0.0017731002898327224,,mean decrease in impurity,0,0,train,65
binary,r0f4,M5,impurity,mfcc_04_delta_mean,0.0017384394140715434,,mean decrease in impurity,0,0,train,66
binary,r0f4,M5,impurity,chroma_10_std,0.0016793235228140938,,mean decrease in impurity,0,0,train,67
binary,r0f4,M5,impurity,time_sample_entropy,0.001660232453713723,,mean decrease in impurity,0,0,train,68
binary,r0f4,M5,impurity,time_crest_factor,0.0016518130318133918,,mean decrease in impurity,0,0,train,69
binary,r0f4,M5,impurity,freq_band_power_250_350,0.0016002614970518924,,mean decrease in impurity,0,0,train,70
binary,r0f4,M5,impurity,mfcc_03_delta_mean,0.0015922421376033994,,mean decrease in impurity,0,0,train,71
binary,r0f4,M5,impurity,mfcc_12_delta_mean,0.0015724335977287645,,mean decrease in impurity,0,0,train,72
binary,r0f4,M5,impurity,dwt_cD3_energy,0.0014723491305220614,,mean decrease in impurity,0,0,train,73
binary,r0f4,M5,impurity,chroma_11_std,0.001414648249788964,,mean decrease in impurity,0,0,train,74
binary,r0f4,M5,impurity,time_max,0.0014047929316288725,,mean decrease in impurity,0,0,train,75
binary,r0f4,M5,impurity,freq_total_power,0.0013083416618085678,,mean decrease in impurity,0,0,train,76
binary,r0f4,M5,impurity,chroma_02_mean,0.0012273612902691643,,mean decrease in impurity,0,0,train,77
binary,r0f4,M5,impurity,dwt_cD2_energy,0.0011912024619102216,,mean decrease in impurity,0,0,train,78
binary,r0f4,M5,impurity,mfcc_09_mean,0.0011894979035770286,,mean decrease in impurity,0,0,train,79
binary,r0f4,M5,impurity,freq_rolloff85_mean,0.0011589984636090646,,mean decrease in impurity,0,0,train,80
binary,r0f4,M5,impurity,dwt_cD1_mean_abs,0.0011120683917377847,,mean decrease in impurity,0,0,train,81
binary,r0f4,M5,impurity,mfcc_10_mean,0.0011078648993965577,,mean decrease in impurity,0,0,train,82
binary,r0f4,M5,impurity,freq_band_power_50_100,0.0010987048634089006,,mean decrease in impurity,0,0,train,83
binary,r0f4,M5,impurity,time_var,0.0010723259948339804,,mean decrease in impurity,0,0,train,84
binary,r0f4,M5,impurity,time_kurtosis,0.001070290684739467,,mean decrease in impurity,0,0,train,85
binary,r0f4,M5,impurity,mfcc_13_std,0.001044499899888219,,mean decrease in impurity,0,0,train,86
binary,r0f4,M5,impurity,chroma_09_mean,0.001043874816874834,,mean decrease in impurity,0,0,train,87
binary,r0f4,M5,impurity,mfcc_10_delta_mean,0.0010206132282665878,,mean decrease in impurity,0,0,train,88
binary,r0f4,M5,impurity,chroma_09_std,0.0009822316599353256,,mean decrease in impurity,0,0,train,89
binary,r0f4,M5,impurity,chroma_08_std,0.0009654507237921526,,mean decrease in impurity,0,0,train,90
binary,r0f4,M5,impurity,chroma_05_mean,0.0009463668190101031,,mean decrease in impurity,0,0,train,91
binary,r0f4,M5,impurity,chroma_02_std,0.00091133258740391,,mean decrease in impurity,0,0,train,92
binary,r0f4,M5,impurity,freq_spectral_entropy,0.0008871779739537211,,mean decrease in impurity,0,0,train,93
binary,r0f4,M5,impurity,mfcc_10_std,0.0008858992254135055,,mean decrease in impurity,0,0,train,94
binary,r0f4,M5,impurity,mfcc_11_delta_mean,0.0008409642938359776,,mean decrease in impurity,0,0,train,95
binary,r0f4,M5,impurity,dwt_cD5_entropy,0.0008385269339402215,,mean decrease in impurity,0,0,train,96
binary,r0f4,M5,impurity,freq_bandwidth_mean,0.0007828042707580553,,mean decrease in impurity,0,0,train,97
binary,r0f4,M5,impurity,chroma_08_mean,0.0007642683913349175,,mean decrease in impurity,0,0,train,98
binary,r0f4,M5,impurity,chroma_12_mean,0.0007583600402243326,,mean decrease in impurity,0,0,train,99
binary,r0f4,M5,impurity,chroma_12_std,0.0007453357543315631,,mean decrease in impurity,0,0,train,100
binary,r0f4,M5,impurity,chroma_10_mean,0.0006777672936274992,,mean decrease in impurity,0,0,train,101
binary,r0f4,M5,impurity,mfcc_08_mean,0.0006607685060214619,,mean decrease in impurity,0,0,train,102
binary,r0f4,M5,impurity,chroma_03_std,0.0006383423331370067,,mean decrease in impurity,0,0,train,103
binary,r0f4,M5,impurity,mfcc_02_std,0.0006321796832662617,,mean decrease in impurity,0,0,train,104
binary,r0f4,M5,impurity,freq_flux_mean,0.0006312299940137283,,mean decrease in impurity,0,0,train,105
binary,r0f4,M5,impurity,freq_flatness_mean,0.0006309222926573916,,mean decrease in impurity,0,0,train,106
binary,r0f4,M5,impurity,chroma_01_std,0.0005994796564230357,,mean decrease in impurity,0,0,train,107
binary,r0f4,M5,impurity,dwt_cA5_entropy,0.0005819698079630298,,mean decrease in impurity,0,0,train,108
binary,r0f4,M5,impurity,time_autocorr_peak_lag,0.0005806096339288683,,mean decrease in impurity,0,0,train,109
binary,r0f4,M5,impurity,dwt_cD5_std,0.0005141558998268857,,mean decrease in impurity,0,0,train,110
binary,r0f4,M5,impurity,dwt_cD2_mean_abs,0.0004996222424923384,,mean decrease in impurity,0,0,train,111
binary,r0f4,M5,impurity,time_range,0.0004606484959450969,,mean decrease in impurity,0,0,train,112
binary,r0f4,M5,impurity,time_std,0.00043844816188467437,,mean decrease in impurity,0,0,train,113
binary,r0f4,M5,impurity,dwt_cD4_std,0.00038989354369047636,,mean decrease in impurity,0,0,train,114
binary,r0f4,M5,impurity,freq_flatness_std,0.00035705326929059554,,mean decrease in impurity,0,0,train,115
binary,r0f4,M5,impurity,freq_bandwidth_std,0.0003472200372155947,,mean decrease in impurity,0,0,train,116
binary,r0f4,M5,impurity,mfcc_04_std,0.00032489862990962474,,mean decrease in impurity,0,0,train,117
binary,r0f4,M5,impurity,chroma_03_mean,0.00029972277622040673,,mean decrease in impurity,0,0,train,118
binary,r0f4,M5,impurity,chroma_04_mean,0.00029727312005897104,,mean decrease in impurity,0,0,train,119
binary,r0f4,M5,impurity,time_peak_to_peak,0.00028653424444464965,,mean decrease in impurity,0,0,train,120
binary,r0f4,M5,impurity,dwt_cD2_std,0.0002793232833692282,,mean decrease in impurity,0,0,train,121
binary,r0f4,M5,impurity,mfcc_07_std,0.00026777746323788107,,mean decrease in impurity,0,0,train,122
binary,r0f4,M5,impurity,chroma_04_std,0.0002563532773022863,,mean decrease in impurity,0,0,train,123
binary,r0f4,M5,impurity,time_rms,0.00025087241980153345,,mean decrease in impurity,0,0,train,124
binary,r0f4,M5,impurity,time_min,0.00023106346635851397,,mean decrease in impurity,0,0,train,125
binary,r0f4,M5,impurity,dwt_cD4_entropy,0.00022775923087471134,,mean decrease in impurity,0,0,train,126
binary,r0f4,M5,impurity,time_hjorth_activity,0.00019474621167773207,,mean decrease in impurity,0,0,train,127
binary,r0f4,M5,impurity,mfcc_11_std,0.00017770283596080206,,mean decrease in impurity,0,0,train,128
binary,r0f4,M5,impurity,dwt_cD1_std,0.00014800222581467186,,mean decrease in impurity,0,0,train,129
binary,r0f4,M5,impurity,mfcc_09_delta_mean,0.00014417687369519948,,mean decrease in impurity,0,0,train,130
binary,r0f4,M5,impurity,env_skew,0.00013114380008393223,,mean decrease in impurity,0,0,train,131
binary,r0f4,M5,impurity,dwt_cD4_mean_abs,0.00011517637425180363,,mean decrease in impurity,0,0,train,132
binary,r0f4,M5,impurity,freq_dominant,7.91965757218856e-05,,mean decrease in impurity,0,0,train,133
binary,r0f4,M5,impurity,chroma_11_mean,6.82251778793461e-06,,mean decrease in impurity,0,0,train,134
binary,r0f4,M5,impurity,dwt_cD3_std,4.297136355085239e-06,,mean decrease in impurity,0,0,train,135
binary,r0f4,M5,impurity,freq_flux_std,2.9871607142454883e-06,,mean decrease in impurity,0,0,train,136
binary,r0f4,M5,impurity,time_shannon_entropy,2.0760322389482933e-08,,mean decrease in impurity,0,0,train,137
binary,r0f4,M5,impurity,chroma_06_std,0.0,,mean decrease in impurity,0,0,train,138
binary,r0f4,M5,permutation,time_zcr_mean,0.023146767652671697,0.006814431441004475,balanced_accuracy,10,643,held-out fold,1
binary,r0f4,M5,permutation,dwt_cD1_entropy,0.023068493559160252,0.008531503613671344,balanced_accuracy,10,643,held-out fold,2
binary,r0f4,M5,permutation,mfcc_04_mean,0.01826693702290071,0.004122102881263551,balanced_accuracy,10,643,held-out fold,3
binary,r0f4,M5,permutation,time_iqr,0.008148705868320527,0.0028919230901627746,balanced_accuracy,10,643,held-out fold,4
binary,r0f4,M5,permutation,dwt_cD5_energy,0.007359255725190805,0.004480073710339777,balanced_accuracy,10,643,held-out fold,5
binary,r0f4,M5,permutation,mfcc_02_mean,0.005920503339694594,0.007056877036410536,balanced_accuracy,10,643,held-out fold,6
binary,r0f4,M5,permutation,time_duration,0.00538823950381675,0.0036791173570962423,balanced_accuracy,10,643,held-out fold,7
binary,r0f4,M5,permutation,chroma_11_std,0.005086325143129722,0.0028474636882177967,balanced_accuracy,10,643,held-out fold,8
binary,r0f4,M5,permutation,chroma_07_std,0.004598043893129722,0.0007307924583542854,balanced_accuracy,10,643,held-out fold,9
binary,r0f4,M5,permutation,dwt_cD3_mean_abs,0.0045361700858778334,0.002441561029197162,balanced_accuracy,10,643,held-out fold,10
binary,r0f4,M5,permutation,mfcc_01_delta_mean,0.0038883587786259443,0.0020611664347385834,balanced_accuracy,10,643,held-out fold,11
binary,r0f4,M5,permutation,dwt_cD1_energy,0.0033911319179389166,0.00129898208489742,balanced_accuracy,10,643,held-out fold,12
binary,r0f4,M5,permutation,dwt_cD4_energy,0.00322265625,0.0004475171577105313,balanced_accuracy,10,643,held-out fold,13
binary,r0f4,M5,permutation,mfcc_10_delta_mean,0.0031779281965648607,0.002098980503485108,balanced_accuracy,10,643,held-out fold,14
binary,r0f4,M5,permutation,freq_centroid_std,0.002982615696564861,0.00275432951680274,balanced_accuracy,10,643,held-out fold,15
binary,r0f4,M5,permutation,time_energy,0.002716483778625922,0.003316863548899771,balanced_accuracy,10,643,held-out fold,16
binary,r0f4,M5,permutation,dwt_cD2_mean_abs,0.002237148139312972,0.00161737411563502,balanced_accuracy,10,643,held-out fold,17
binary,r0f4,M5,permutation,mfcc_06_delta_mean,0.002041835639312972,0.0018009528839019336,balanced_accuracy,10,643,held-out fold,18
binary,r0f4,M5,permutation,mfcc_05_delta_mean,0.001953125,0.00043673202685542766,balanced_accuracy,10,643,held-out fold,19
binary,r0f4,M5,permutation,chroma_06_mean,0.0019441793893129721,0.0009588799404592435,balanced_accuracy,10,643,held-out fold,20
binary,r0f4,M5,permutation,mfcc_10_std,0.00185546875,0.00029296875,balanced_accuracy,10,643,held-out fold,21
binary,r0f4,M5,permutation,mfcc_09_std,0.0017578125,0.000390625,balanced_accuracy,10,643,held-out fold,22
binary,r0f4,M5,permutation,time_skewness,0.001713084446564861,0.001947964783121883,balanced_accuracy,10,643,held-out fold,23
binary,r0f4,M5,permutation,mfcc_08_std,0.00146484375,0.00048828125,balanced_accuracy,10,643,held-out fold,24
binary,r0f4,M5,permutation,dwt_cA5_energy,0.00146484375,0.0007873298582322803,balanced_accuracy,10,643,held-out fold,24
binary,r0f4,M5,permutation,time_max,0.0009765625,0.0008734640537108553,balanced_accuracy,10,643,held-out fold,26
binary,r0f4,M5,permutation,mfcc_08_delta_mean,0.0009765625,0.0,balanced_accuracy,10,643,held-out fold,26
binary,r0f4,M5,permutation,chroma_03_std,0.0009765625,0.0,balanced_accuracy,10,643,held-out fold,26
binary,r0f4,M5,permutation,dwt_cA5_mean_abs,0.0009765625,0.0007564420598061361,balanced_accuracy,10,643,held-out fold,26
binary,r0f4,M5,permutation,mfcc_04_std,0.00087890625,0.00029296875000000004,balanced_accuracy,10,643,held-out fold,30
binary,r0f4,M5,permutation,dwt_cD1_mean_abs,0.00087890625,0.0006835937500000001,balanced_accuracy,10,643,held-out fold,30
binary,r0f4,M5,permutation,env_peak_rate,0.00078125,0.0011388577919619728,balanced_accuracy,10,643,held-out fold,32
binary,r0f4,M5,permutation,freq_flatness_mean,0.0007723043893129722,0.0011221760623657735,balanced_accuracy,10,643,held-out fold,33
binary,r0f4,M5,permutation,freq_band_power_20_50,0.0007096851145037775,0.0019091999024571007,balanced_accuracy,10,643,held-out fold,34
binary,r0f4,M5,permutation,time_crest_factor,0.00068359375,0.00087890625,balanced_accuracy,10,643,held-out fold,35
binary,r0f4,M5,permutation,freq_rolloff95_mean,0.00068359375,0.0006253051013118017,balanced_accuracy,10,643,held-out fold,35
binary,r0f4,M5,permutation,mfcc_13_delta_mean,0.00068359375,0.0004475171577105312,balanced_accuracy,10,643,held-out fold,35
binary,r0f4,M5,permutation,chroma_02_std,0.0006746481393129722,0.0009701638060092511,balanced_accuracy,10,643,held-out fold,38
binary,r0f4,M5,permutation,mfcc_11_mean,0.0006209744751908053,0.003288123880794984,balanced_accuracy,10,643,held-out fold,39
binary,r0f4,M5,permutation,dwt_cD5_mean_abs,0.0006120288645037775,0.002667129259098218,balanced_accuracy,10,643,held-out fold,40
binary,r0f4,M5,permutation,time_sample_entropy,0.0005680462786259444,0.0014330546925250746,balanced_accuracy,10,643,held-out fold,41
binary,r0f4,M5,permutation,mfcc_01_mean,0.0004964813931297218,0.00078125,balanced_accuracy,10,643,held-out fold,42
binary,r0f4,M5,permutation,chroma_01_std,0.00048828125,0.0007873298582322803,balanced_accuracy,10,643,held-out fold,43
binary,r0f4,M5,permutation,dwt_cD3_energy,0.00038167938931297216,0.0011450381679389164,balanced_accuracy,10,643,held-out fold,44
binary,r0f4,M5,permutation,dwt_cD5_std,0.00038167938931297216,0.0017891308345049308,balanced_accuracy,10,643,held-out fold,44
binary,r0f4,M5,permutation,mfcc_03_delta_mean,0.00037273377862594436,0.0012971735283798759,balanced_accuracy,10,643,held-out fold,46
binary,r0f4,M5,permutation,freq_bandwidth_std,0.0001953125,0.0003906250000000001,balanced_accuracy,10,643,held-out fold,47
binary,r0f4,M5,permutation,mfcc_07_delta_mean,0.00018636688931297218,0.0012699581914820228,balanced_accuracy,10,643,held-out fold,48
binary,r0f4,M5,permutation,dwt_cA5_std,0.00018636688931297218,0.0012699581914820228,balanced_accuracy,10,643,held-out fold,48
binary,r0f4,M5,permutation,mfcc_12_std,9.765625e-05,0.0005258950006967289,balanced_accuracy,10,643,held-out fold,50
binary,r0f4,M5,permutation,chroma_09_mean,9.765625e-05,0.00029296875000000004,balanced_accuracy,10,643,held-out fold,50
binary,r0f4,M5,permutation,chroma_04_std,9.765625e-05,0.0005258950006967289,balanced_accuracy,10,643,held-out fold,50
binary,r0f4,M5,permutation,dwt_cA5_entropy,9.765625e-05,0.00029296875000000004,balanced_accuracy,10,643,held-out fold,50
binary,r0f4,M5,permutation,mfcc_03_mean,6.112833969460497e-05,0.00604009336796211,balanced_accuracy,10,643,held-out fold,54
binary,r0f4,M5,permutation,time_std,0.0,0.0,balanced_accuracy,10,643,held-out fold,55
binary,r0f4,M5,permutation,time_kurtosis,0.0,0.0,balanced_accuracy,10,643,held-out fold,55
binary,r0f4,M5,permutation,time_rms,0.0,0.0,balanced_accuracy,10,643,held-out fold,55
binary,r0f4,M5,permutation,time_shannon_entropy,0.0,0.0,balanced_accuracy,10,643,held-out fold,55
binary,r0f4,M5,permutation,time_hjorth_activity,0.0,0.0,balanced_accuracy,10,643,held-out fold,55
binary,r0f4,M5,permutation,time_hjorth_mobility,0.0,0.0,balanced_accuracy,10,643,held-out fold,55
binary,r0f4,M5,permutation,freq_flatness_std,0.0,0.0,balanced_accuracy,10,643,held-out fold,55
binary,r0f4,M5,permutation,freq_flux_std,0.0,0.0,balanced_accuracy,10,643,held-out fold,55
binary,r0f4,M5,permutation,freq_dominant,0.0,0.0,balanced_accuracy,10,643,held-out fold,55
binary,r0f4,M5,permutation,mfcc_09_mean,0.0,0.0,balanced_accuracy,10,643,held-out fold,55
binary,r0f4,M5,permutation,mfcc_07_std,0.0,0.0,balanced_accuracy,10,643,held-out fold,55
binary,r0f4,M5,permutation,mfcc_11_std,0.0,0.0,balanced_accuracy,10,643,held-out fold,55
binary,r0f4,M5,permutation,mfcc_13_std,0.0,0.00043673202685542766,balanced_accuracy,10,643,held-out fold,55
binary,r0f4,M5,permutation,mfcc_09_delta_mean,0.0,0.0007564420598061361,balanced_accuracy,10,643,held-out fold,55
binary,r0f4,M5,permutation,chroma_04_mean,0.0,0.0,balanced_accuracy,10,643,held-out fold,55
binary,r0f4,M5,permutation,chroma_08_mean,0.0,0.0,balanced_accuracy,10,643,held-out fold,55
binary,r0f4,M5,permutation,chroma_10_mean,0.0,0.0,balanced_accuracy,10,643,held-out fold,55
binary,r0f4,M5,permutation,chroma_11_mean,0.0,0.0,balanced_accuracy,10,643,held-out fold,55
binary,r0f4,M5,permutation,chroma_12_mean,0.0,0.0,balanced_accuracy,10,643,held-out fold,55
binary,r0f4,M5,permutation,chroma_05_std,0.0,0.00043673202685542766,balanced_accuracy,10,643,held-out fold,55
binary,r0f4,M5,permutation,chroma_06_std,0.0,0.0,balanced_accuracy,10,643,held-out fold,55
binary,r0f4,M5,permutation,dwt_cD4_std,0.0,0.0,balanced_accuracy,10,643,held-out fold,55
binary,r0f4,M5,permutation,dwt_cD3_std,0.0,0.0,balanced_accuracy,10,643,held-out fold,55
binary,r0f4,M5,permutation,dwt_cD4_entropy,0.0,0.0,balanced_accuracy,10,643,held-out fold,55
binary,r0f4,M5,permutation,env_skew,0.0,0.0,balanced_accuracy,10,643,held-out fold,55
binary,r0f4,M5,permutation,freq_band_power_250_350,-9.765625e-05,0.0009212872199274027,balanced_accuracy,10,643,held-out fold,80
binary,r0f4,M5,permutation,chroma_07_mean,-9.765625e-05,0.0006835937500000001,balanced_accuracy,10,643,held-out fold,80
binary,r0f4,M5,permutation,chroma_09_std,-9.765625e-05,0.00029296875000000004,balanced_accuracy,10,643,held-out fold,80
binary,r0f4,M5,permutation,chroma_12_std,-9.765625e-05,0.0005258950006967289,balanced_accuracy,10,643,held-out fold,80
binary,r0f4,M5,permutation,dwt_cD5_entropy,-9.765625e-05,0.0005258950006967289,balanced_accuracy,10,643,held-out fold,80
binary,r0f4,M5,permutation,mfcc_02_std,-0.0001953125,0.0005859375000000001,balanced_accuracy,10,643,held-out fold,85
binary,r0f4,M5,permutation,chroma_03_mean,-0.0001953125,0.0003906250000000001,balanced_accuracy,10,643,held-out fold,85
binary,r0f4,M5,permutation,freq_spectral_entropy,-0.0002840231393129833,0.0012130498135850569,balanced_accuracy,10,643,held-out fold,87
binary,r0f4,M5,permutation,time_min,-0.00029296875,0.0004475171577105312,balanced_accuracy,10,643,held-out fold,88
binary,r0f4,M5,permutation,time_zcr_std,-0.00029296875,0.0010742187499999999,balanced_accuracy,10,643,held-out fold,88
binary,r0f4,M5,permutation,freq_rolloff85_std,-0.00029296875,0.0004475171577105312,balanced_accuracy,10,643,held-out fold,88
binary,r0f4,M5,permutation,env_std,-0.00029296875,0.0004475171577105313,balanced_accuracy,10,643,held-out fold,88
binary,r0f4,M5,permutation,mfcc_04_delta_mean,-0.0003816793893129833,0.001225498783890966,balanced_accuracy,10,643,held-out fold,92
binary,r0f4,M5,permutation,time_peak_to_peak,-0.000390625,0.00047841596538733945,balanced_accuracy,10,643,held-out fold,93
binary,r0f4,M5,permutation,mfcc_13_mean,-0.000390625,0.001586726250905461,balanced_accuracy,10,643,held-out fold,93
binary,r0f4,M5,permutation,mfcc_11_delta_mean,-0.000390625,0.0006477782793662891,balanced_accuracy,10,643,held-out fold,93
binary,r0f4,M5,permutation,freq_band_power_350_400,-0.00042715291030541723,0.0028853755877810113,balanced_accuracy,10,643,held-out fold,96
binary,r0f4,M5,permutation,chroma_05_mean,-0.00048828125,0.00048828125,balanced_accuracy,10,643,held-out fold,97
binary,r0f4,M5,permutation,dwt_cD2_std,-0.00048828125,0.00048828125,balanced_accuracy,10,643,held-out fold,97
binary,r0f4,M5,permutation,dwt_cD1_std,-0.00048828125,0.0006550980402831415,balanced_accuracy,10,643,held-out fold,97
binary,r0f4,M5,permutation,freq_bandwidth_mean,-0.0005509005248091947,0.0012162021615381617,balanced_accuracy,10,643,held-out fold,100
binary,r0f4,M5,permutation,mfcc_10_mean,-0.0005859375,0.0004784159653873395,balanced_accuracy,10,643,held-out fold,101
binary,r0f4,M5,permutation,chroma_10_std,-0.0005859375,0.0006477782793662891,balanced_accuracy,10,643,held-out fold,101
binary,r0f4,M5,permutation,time_var,-0.00068359375,0.0004475171577105312,balanced_accuracy,10,643,held-out fold,103
binary,r0f4,M5,permutation,time_range,-0.00068359375,0.0006253051013118017,balanced_accuracy,10,643,held-out fold,103
binary,r0f4,M5,permutation,freq_flux_mean,-0.00068359375,0.0004475171577105312,balanced_accuracy,10,643,held-out fold,103
binary,r0f4,M5,permutation,freq_band_power_50_100,-0.00068359375,0.0004475171577105313,balanced_accuracy,10,643,held-out fold,103
binary,r0f4,M5,permutation,mfcc_12_mean,-0.0006925393606870278,0.0010523744673590595,balanced_accuracy,10,643,held-out fold,107
binary,r0f4,M5,permutation,dwt_cD2_energy,-0.0007014849713740557,0.001876954819682399,balanced_accuracy,10,643,held-out fold,108
binary,r0f4,M5,permutation,mfcc_06_std,-0.00078125,0.0012197261715621872,balanced_accuracy,10,643,held-out fold,109
binary,r0f4,M5,permutation,chroma_02_mean,-0.00078125,0.0005859375000000001,balanced_accuracy,10,643,held-out fold,109
binary,r0f4,M5,permutation,time_autocorr_peak_value,-0.0009765625,0.0006176323555016366,balanced_accuracy,10,643,held-out fold,111
binary,r0f4,M5,permutation,dwt_cD4_mean_abs,-0.0009765625,0.0,balanced_accuracy,10,643,held-out fold,111
binary,r0f4,M5,permutation,time_hjorth_complexity,-0.00104738191793895,0.001312252662548709,balanced_accuracy,10,643,held-out fold,113
binary,r0f4,M5,permutation,freq_total_power,-0.0012605856393129832,0.0012892729398851087,balanced_accuracy,10,643,held-out fold,114
binary,r0f4,M5,permutation,chroma_01_mean,-0.0012605856393129832,0.0015572938600806824,balanced_accuracy,10,643,held-out fold,114
binary,r0f4,M5,permutation,freq_band_power_100_150,-0.0014290613072519332,0.001969852141864789,balanced_accuracy,10,643,held-out fold,116
binary,r0f4,M5,permutation,mfcc_08_mean,-0.00146484375,0.00048828125,balanced_accuracy,10,643,held-out fold,117
binary,r0f4,M5,permutation,mfcc_03_std,-0.0014737893606870279,0.0008860787440689091,balanced_accuracy,10,643,held-out fold,118
binary,r0f4,M5,permutation,freq_rolloff85_mean,-0.0015535543893129833,0.0012269236522672682,balanced_accuracy,10,643,held-out fold,119
binary,r0f4,M5,permutation,freq_centroid_mean,-0.0015625,0.0006477782793662891,balanced_accuracy,10,643,held-out fold,120
binary,r0f4,M5,permutation,mfcc_12_delta_mean,-0.00166015625,0.0006253051013118017,balanced_accuracy,10,643,held-out fold,121
binary,r0f4,M5,permutation,time_autocorr_peak_lag,-0.0017578125,0.0013671875000000001,balanced_accuracy,10,643,held-out fold,122
binary,r0f4,M5,permutation,env_mean,-0.0017578125,0.0011388577919619726,balanced_accuracy,10,643,held-out fold,122
binary,r0f4,M5,permutation,chroma_08_std,-0.00185546875,0.00029296875,balanced_accuracy,10,643,held-out fold,124
binary,r0f4,M5,permutation,freq_peak_power,-0.001953125,0.0,balanced_accuracy,10,643,held-out fold,125
binary,r0f4,M5,permutation,mfcc_02_delta_mean,-0.001953125,0.0008734640537108553,balanced_accuracy,10,643,held-out fold,125
binary,r0f4,M5,permutation,env_kurtosis,-0.0020060531965649165,0.002674378654054212,balanced_accuracy,10,643,held-out fold,127
binary,r0f4,M5,permutation,time_mean,-0.002085818225190883,0.0013950994637075206,balanced_accuracy,10,643,held-out fold,128
binary,r0f4,M5,permutation,time_median,-0.0022990219465649163,0.001767878158794852,balanced_accuracy,10,643,held-out fold,129
binary,r0f4,M5,permutation,mfcc_01_std,-0.0031071087786259666,0.002148532168672765,balanced_accuracy,10,643,held-out fold,130
binary,r0f4,M5,permutation,mfcc_05_mean,-0.003160036975190883,0.0021463031144304066,balanced_accuracy,10,643,held-out fold,131
binary,r0f4,M5,permutation,mfcc_07_mean,-0.003355349475190883,0.0021162442729068336,balanced_accuracy,10,643,held-out fold,132
binary,r0f4,M5,permutation,dwt_cD2_entropy,-0.0033642950858778996,0.002589671140952435,balanced_accuracy,10,643,held-out fold,133
binary,r0f4,M5,permutation,mfcc_06_mean,-0.003444060114503866,0.0015582447561219338,balanced_accuracy,10,643,held-out fold,134
binary,r0f4,M5,permutation,freq_band_power_150_250,-0.003480588024809195,0.003161087384047198,balanced_accuracy,10,643,held-out fold,135
binary,r0f4,M5,permutation,dwt_cD3_entropy,-0.0038346851145038665,0.0014782649854966942,balanced_accuracy,10,643,held-out fold,136
binary,r0f4,M5,permutation,freq_rolloff95_std,-0.0043229663645038665,0.0022912365883774846,balanced_accuracy,10,643,held-out fold,137
binary,r0f4,M5,permutation,mfcc_05_std,-0.012561128339694727,0.007570314620963833,balanced_accuracy,10,643,held-out fold,138
binary,r0f4,M8,impurity,dwt_cD1_entropy,0.11608806997537613,,mean decrease in impurity,0,0,train,1
binary,r0f4,M8,impurity,mfcc_04_mean,0.048884883522987366,,mean decrease in impurity,0,0,train,2
binary,r0f4,M8,impurity,dwt_cD1_energy,0.043709490448236465,,mean decrease in impurity,0,0,train,3
binary,r0f4,M8,impurity,time_iqr,0.026673732325434685,,mean decrease in impurity,0,0,train,4
binary,r0f4,M8,impurity,freq_band_power_350_400,0.026294076815247536,,mean decrease in impurity,0,0,train,5
binary,r0f4,M8,impurity,time_zcr_mean,0.024242961779236794,,mean decrease in impurity,0,0,train,6
binary,r0f4,M8,impurity,time_hjorth_mobility,0.02204306609928608,,mean decrease in impurity,0,0,train,7
binary,r0f4,M8,impurity,time_duration,0.021880365908145905,,mean decrease in impurity,0,0,train,8
binary,r0f4,M8,impurity,dwt_cD5_energy,0.021660102531313896,,mean decrease in impurity,0,0,train,9
binary,r0f4,M8,impurity,dwt_cD3_mean_abs,0.018436549231410027,,mean decrease in impurity,0,0,train,10
binary,r0f4,M8,impurity,dwt_cD2_mean_abs,0.014622662216424942,,mean decrease in impurity,0,0,train,11
binary,r0f4,M8,impurity,mfcc_05_mean,0.013137574307620525,,mean decrease in impurity,0,0,train,12
binary,r0f4,M8,impurity,dwt_cD4_mean_abs,0.012779687531292439,,mean decrease in impurity,0,0,train,13
binary,r0f4,M8,impurity,time_energy,0.011931189335882664,,mean decrease in impurity,0,0,train,14
binary,r0f4,M8,impurity,freq_band_power_50_100,0.011883975006639957,,mean decrease in impurity,0,0,train,15
binary,r0f4,M8,impurity,dwt_cD4_std,0.011411108076572418,,mean decrease in impurity,0,0,train,16
binary,r0f4,M8,impurity,mfcc_01_mean,0.011136768385767937,,mean decrease in impurity,0,0,train,17
binary,r0f4,M8,impurity,mfcc_02_mean,0.010022115893661976,,mean decrease in impurity,0,0,train,18
binary,r0f4,M8,impurity,chroma_12_mean,0.009902901947498322,,mean decrease in impurity,0,0,train,19
binary,r0f4,M8,impurity,mfcc_13_std,0.009230148047208786,,mean decrease in impurity,0,0,train,20
binary,r0f4,M8,impurity,freq_spectral_entropy,0.008610610850155354,,mean decrease in impurity,0,0,train,21
binary,r0f4,M8,impurity,env_std,0.008428994566202164,,mean decrease in impurity,0,0,train,22
binary,r0f4,M8,impurity,mfcc_05_std,0.008165644481778145,,mean decrease in impurity,0,0,train,23
binary,r0f4,M8,impurity,time_autocorr_peak_value,0.007979403249919415,,mean decrease in impurity,0,0,train,24
binary,r0f4,M8,impurity,mfcc_08_mean,0.007851708680391312,,mean decrease in impurity,0,0,train,25
binary,r0f4,M8,impurity,freq_rolloff95_std,0.0077211810275912285,,mean decrease in impurity,0,0,train,26
binary,r0f4,M8,impurity,chroma_07_std,0.007354093715548515,,mean decrease in impurity,0,0,train,27
binary,r0f4,M8,impurity,env_kurtosis,0.007276547607034445,,mean decrease in impurity,0,0,train,28
binary,r0f4,M8,impurity,dwt_cD5_mean_abs,0.0071691605262458324,,mean decrease in impurity,0,0,train,29
binary,r0f4,M8,impurity,dwt_cD4_energy,0.0071618398651480675,,mean decrease in impurity,0,0,train,30
binary,r0f4,M8,impurity,time_hjorth_complexity,0.007109265774488449,,mean decrease in impurity,0,0,train,31
binary,r0f4,M8,impurity,time_max,0.0067361630499362946,,mean decrease in impurity,0,0,train,32
binary,r0f4,M8,impurity,time_min,0.006705212872475386,,mean decrease in impurity,0,0,train,33
binary,r0f4,M8,impurity,mfcc_06_mean,0.006643254775553942,,mean decrease in impurity,0,0,train,34
binary,r0f4,M8,impurity,mfcc_03_mean,0.006630065850913525,,mean decrease in impurity,0,0,train,35
binary,r0f4,M8,impurity,dwt_cD3_std,0.006448294501751661,,mean decrease in impurity,0,0,train,36
binary,r0f4,M8,impurity,chroma_06_std,0.0064353481866419315,,mean decrease in impurity,0,0,train,37
binary,r0f4,M8,impurity,freq_peak_power,0.006431968417018652,,mean decrease in impurity,0,0,train,38
binary,r0f4,M8,impurity,dwt_cD2_entropy,0.00630586314946413,,mean decrease in impurity,0,0,train,39
binary,r0f4,M8,impurity,mfcc_06_std,0.006287029478698969,,mean decrease in impurity,0,0,train,40
binary,r0f4,M8,impurity,freq_flux_std,0.006256152410060167,,mean decrease in impurity,0,0,train,41
binary,r0f4,M8,impurity,freq_centroid_std,0.006228845100849867,,mean decrease in impurity,0,0,train,42
binary,r0f4,M8,impurity,chroma_09_mean,0.006224766839295626,,mean decrease in impurity,0,0,train,43
binary,r0f4,M8,impurity,mfcc_12_mean,0.00617340300232172,,mean decrease in impurity,0,0,train,44
binary,r0f4,M8,impurity,mfcc_07_std,0.006112496834248304,,mean decrease in impurity,0,0,train,45
binary,r0f4,M8,impurity,chroma_11_mean,0.005981663707643747,,mean decrease in impurity,0,0,train,46
binary,r0f4,M8,impurity,freq_rolloff95_mean,0.005908800754696131,,mean decrease in impurity,0,0,train,47
binary,r0f4,M8,impurity,mfcc_01_std,0.005775819532573223,,mean decrease in impurity,0,0,train,48
binary,r0f4,M8,impurity,chroma_01_std,0.005725141614675522,,mean decrease in impurity,0,0,train,49
binary,r0f4,M8,impurity,dwt_cD3_energy,0.005698051303625107,,mean decrease in impurity,0,0,train,50
binary,r0f4,M8,impurity,freq_band_power_150_250,0.005654408596456051,,mean decrease in impurity,0,0,train,51
binary,r0f4,M8,impurity,freq_rolloff85_mean,0.0056399512104690075,,mean decrease in impurity,0,0,train,52
binary,r0f4,M8,impurity,env_mean,0.005568735301494598,,mean decrease in impurity,0,0,train,53
binary,r0f4,M8,impurity,dwt_cA5_energy,0.0055608442053198814,,mean decrease in impurity,0,0,train,54
binary,r0f4,M8,impurity,mfcc_09_mean,0.005451609380543232,,mean decrease in impurity,0,0,train,55
binary,r0f4,M8,impurity,time_autocorr_peak_lag,0.005397231783717871,,mean decrease in impurity,0,0,train,56
binary,r0f4,M8,impurity,time_skewness,0.00536600686609745,,mean decrease in impurity,0,0,train,57
binary,r0f4,M8,impurity,mfcc_07_mean,0.005289472173899412,,mean decrease in impurity,0,0,train,58
binary,r0f4,M8,impurity,chroma_07_mean,0.005247879307717085,,mean decrease in impurity,0,0,train,59
binary,r0f4,M8,impurity,freq_band_power_20_50,0.0052130999974906445,,mean decrease in impurity,0,0,train,60
binary,r0f4,M8,impurity,chroma_09_std,0.005104437470436096,,mean decrease in impurity,0,0,train,61
binary,r0f4,M8,impurity,dwt_cD5_std,0.0050393748097121716,,mean decrease in impurity,0,0,train,62
binary,r0f4,M8,impurity,dwt_cA5_mean_abs,0.004970477428287268,,mean decrease in impurity,0,0,train,63
binary,r0f4,M8,impurity,time_sample_entropy,0.004903277847915888,,mean decrease in impurity,0,0,train,64
binary,r0f4,M8,impurity,dwt_cA5_entropy,0.004898105747997761,,mean decrease in impurity,0,0,train,65
binary,r0f4,M8,impurity,dwt_cD1_std,0.004892194643616676,,mean decrease in impurity,0,0,train,66
binary,r0f4,M8,impurity,mfcc_11_mean,0.004823144059628248,,mean decrease in impurity,0,0,train,67
binary,r0f4,M8,impurity,mfcc_08_std,0.004794682376086712,,mean decrease in impurity,0,0,train,68
binary,r0f4,M8,impurity,mfcc_03_delta_mean,0.004773213993757963,,mean decrease in impurity,0,0,train,69
binary,r0f4,M8,impurity,mfcc_09_std,0.004763063509017229,,mean decrease in impurity,0,0,train,70
binary,r0f4,M8,impurity,freq_flux_mean,0.004727112594991922,,mean decrease in impurity,0,0,train,71
binary,r0f4,M8,impurity,mfcc_13_mean,0.004711451940238476,,mean decrease in impurity,0,0,train,72
binary,r0f4,M8,impurity,chroma_06_mean,0.004702748730778694,,mean decrease in impurity,0,0,train,73
binary,r0f4,M8,impurity,chroma_11_std,0.004586109425872564,,mean decrease in impurity,0,0,train,74
binary,r0f4,M8,impurity,chroma_05_std,0.00457847211509943,,mean decrease in impurity,0,0,train,75
binary,r0f4,M8,impurity,freq_band_power_250_350,0.004420541692525148,,mean decrease in impurity,0,0,train,76
binary,r0f4,M8,impurity,freq_band_power_100_150,0.004383042920380831,,mean decrease in impurity,0,0,train,77
binary,r0f4,M8,impurity,time_median,0.004357645288109779,,mean decrease in impurity,0,0,train,78
binary,r0f4,M8,impurity,chroma_01_mean,0.004319042898714542,,mean decrease in impurity,0,0,train,79
binary,r0f4,M8,impurity,dwt_cA5_std,0.00425857724621892,,mean decrease in impurity,0,0,train,80
binary,r0f4,M8,impurity,freq_flatness_std,0.004184399265795946,,mean decrease in impurity,0,0,train,81
binary,r0f4,M8,impurity,env_peak_rate,0.004145886283367872,,mean decrease in impurity,0,0,train,82
binary,r0f4,M8,impurity,freq_bandwidth_mean,0.0040423995815217495,,mean decrease in impurity,0,0,train,83
binary,r0f4,M8,impurity,freq_bandwidth_std,0.004005627240985632,,mean decrease in impurity,0,0,train,84
binary,r0f4,M8,impurity,mfcc_02_delta_mean,0.003999826032668352,,mean decrease in impurity,0,0,train,85
binary,r0f4,M8,impurity,mfcc_04_std,0.003935562912374735,,mean decrease in impurity,0,0,train,86
binary,r0f4,M8,impurity,dwt_cD3_entropy,0.0038512086030095816,,mean decrease in impurity,0,0,train,87
binary,r0f4,M8,impurity,chroma_08_std,0.003781843464821577,,mean decrease in impurity,0,0,train,88
binary,r0f4,M8,impurity,mfcc_08_delta_mean,0.003740105079486966,,mean decrease in impurity,0,0,train,89
binary,r0f4,M8,impurity,time_mean,0.0036993040703237057,,mean decrease in impurity,0,0,train,90
binary,r0f4,M8,impurity,time_crest_factor,0.003669606288895011,,mean decrease in impurity,0,0,train,91
binary,r0f4,M8,impurity,chroma_08_mean,0.0036099967546761036,,mean decrease in impurity,0,0,train,92
binary,r0f4,M8,impurity,chroma_02_std,0.003606397658586502,,mean decrease in impurity,0,0,train,93
binary,r0f4,M8,impurity,env_skew,0.0035839348565787077,,mean decrease in impurity,0,0,train,94
binary,r0f4,M8,impurity,mfcc_03_std,0.0035662753507494926,,mean decrease in impurity,0,0,train,95
binary,r0f4,M8,impurity,mfcc_02_std,0.003500646213069558,,mean decrease in impurity,0,0,train,96
binary,r0f4,M8,impurity,chroma_02_mean,0.003441663458943367,,mean decrease in impurity,0,0,train,97
binary,r0f4,M8,impurity,chroma_03_mean,0.0033405644353479147,,mean decrease in impurity,0,0,train,98
binary,r0f4,M8,impurity,freq_dominant,0.0033046682365238667,,mean decrease in impurity,0,0,train,99
binary,r0f4,M8,impurity,dwt_cD2_energy,0.0031729363836348057,,mean decrease in impurity,0,0,train,100
binary,r0f4,M8,impurity,time_std,0.0031651961617171764,,mean decrease in impurity,0,0,train,101
binary,r0f4,M8,impurity,mfcc_04_delta_mean,0.0031414288096129894,,mean decrease in impurity,0,0,train,102
binary,r0f4,M8,impurity,time_kurtosis,0.0031291544437408447,,mean decrease in impurity,0,0,train,103
binary,r0f4,M8,impurity,freq_total_power,0.0030792653560638428,,mean decrease in impurity,0,0,train,104
binary,r0f4,M8,impurity,mfcc_06_delta_mean,0.003063095500692725,,mean decrease in impurity,0,0,train,105
binary,r0f4,M8,impurity,time_zcr_std,0.003029958112165332,,mean decrease in impurity,0,0,train,106
binary,r0f4,M8,impurity,chroma_04_mean,0.0029478929936885834,,mean decrease in impurity,0,0,train,107
binary,r0f4,M8,impurity,mfcc_09_delta_mean,0.0028991317376494408,,mean decrease in impurity,0,0,train,108
binary,r0f4,M8,impurity,mfcc_12_std,0.00287306378595531,,mean decrease in impurity,0,0,train,109
binary,r0f4,M8,impurity,mfcc_12_delta_mean,0.0028600585646927357,,mean decrease in impurity,0,0,train,110
binary,r0f4,M8,impurity,time_shannon_entropy,0.0028580210637301207,,mean decrease in impurity,0,0,train,111
binary,r0f4,M8,impurity,chroma_05_mean,0.0028574198950082064,,mean decrease in impurity,0,0,train,112
binary,r0f4,M8,impurity,dwt_cD5_entropy,0.002780692186206579,,mean decrease in impurity,0,0,train,113
binary,r0f4,M8,impurity,mfcc_10_mean,0.002760535106062889,,mean decrease in impurity,0,0,train,114
binary,r0f4,M8,impurity,dwt_cD1_mean_abs,0.0027603236958384514,,mean decrease in impurity,0,0,train,115
binary,r0f4,M8,impurity,chroma_10_mean,0.0027533965185284615,,mean decrease in impurity,0,0,train,116
binary,r0f4,M8,impurity,chroma_03_std,0.00272141071036458,,mean decrease in impurity,0,0,train,117
binary,r0f4,M8,impurity,mfcc_07_delta_mean,0.002696761628612876,,mean decrease in impurity,0,0,train,118
binary,r0f4,M8,impurity,mfcc_11_delta_mean,0.002696380252018571,,mean decrease in impurity,0,0,train,119
binary,r0f4,M8,impurity,mfcc_11_std,0.0026427486445754766,,mean decrease in impurity,0,0,train,120
binary,r0f4,M8,impurity,chroma_10_std,0.002570532262325287,,mean decrease in impurity,0,0,train,121
binary,r0f4,M8,impurity,mfcc_13_delta_mean,0.00253680651076138,,mean decrease in impurity,0,0,train,122
binary,r0f4,M8,impurity,chroma_12_std,0.0024427783209830523,,mean decrease in impurity,0,0,train,123
binary,r0f4,M8,impurity,freq_rolloff85_std,0.002415813971310854,,mean decrease in impurity,0,0,train,124
binary,r0f4,M8,impurity,mfcc_10_delta_mean,0.0024041521828621626,,mean decrease in impurity,0,0,train,125
binary,r0f4,M8,impurity,mfcc_10_std,0.0022165344562381506,,mean decrease in impurity,0,0,train,126
binary,r0f4,M8,impurity,mfcc_01_delta_mean,0.0020690327510237694,,mean decrease in impurity,0,0,train,127
binary,r0f4,M8,impurity,mfcc_05_delta_mean,0.001999183790758252,,mean decrease in impurity,0,0,train,128
binary,r0f4,M8,impurity,time_peak_to_peak,0.001998762134462595,,mean decrease in impurity,0,0,train,129
binary,r0f4,M8,impurity,freq_centroid_mean,0.0019222296541556716,,mean decrease in impurity,0,0,train,130
binary,r0f4,M8,impurity,dwt_cD2_std,0.0018105355557054281,,mean decrease in impurity,0,0,train,131
binary,r0f4,M8,impurity,time_range,0.0017397314077243209,,mean decrease in impurity,0,0,train,132
binary,r0f4,M8,impurity,freq_flatness_mean,0.0015252570156008005,,mean decrease in impurity,0,0,train,133
binary,r0f4,M8,impurity,chroma_04_std,0.0014384982641786337,,mean decrease in impurity,0,0,train,134
binary,r0f4,M8,impurity,dwt_cD4_entropy,0.0009582014754414558,,mean decrease in impurity,0,0,train,135
binary,r0f4,M8,impurity,time_var,0.00014897961227688938,,mean decrease in impurity,0,0,train,136
binary,r0f4,M8,impurity,time_rms,0.0,,mean decrease in impurity,0,0,train,137
binary,r0f4,M8,impurity,time_hjorth_activity,0.0,,mean decrease in impurity,0,0,train,137
binary,r0f4,M8,permutation,mfcc_04_mean,0.05491710400763368,0.009263633998963433,balanced_accuracy,10,643,held-out fold,1
binary,r0f4,M8,permutation,dwt_cD1_entropy,0.05239518726145046,0.014592823713089549,balanced_accuracy,10,643,held-out fold,2
binary,r0f4,M8,permutation,time_energy,0.026434279580152754,0.005797230442808165,balanced_accuracy,10,643,held-out fold,3
binary,r0f4,M8,permutation,time_iqr,0.019794400047710027,0.006241828881336825,balanced_accuracy,10,643,held-out fold,4
binary,r0f4,M8,permutation,dwt_cD5_energy,0.018660543893129822,0.00518799554428143,balanced_accuracy,10,643,held-out fold,5
binary,r0f4,M8,permutation,dwt_cD5_mean_abs,0.010509601622137477,0.003985712968281895,balanced_accuracy,10,643,held-out fold,6
binary,r0f4,M8,permutation,freq_bandwidth_mean,0.010385108540076415,0.002997472024679029,balanced_accuracy,10,643,held-out fold,7
binary,r0f4,M8,permutation,mfcc_01_mean,0.008281399093511554,0.0018640488937495213,balanced_accuracy,10,643,held-out fold,8
binary,r0f4,M8,permutation,time_autocorr_peak_value,0.007242962786259632,0.003321561517398816,balanced_accuracy,10,643,held-out fold,9
binary,r0f4,M8,permutation,mfcc_05_std,0.00552093272900771,0.004653553625552324,balanced_accuracy,10,643,held-out fold,10
binary,r0f4,M8,permutation,mfcc_03_std,0.004748628339694727,0.004773461088982489,balanced_accuracy,10,643,held-out fold,11
binary,r0f4,M8,permutation,mfcc_01_std,0.004073980200381755,0.0063713078120318754,balanced_accuracy,10,643,held-out fold,12
binary,r0f4,M8,permutation,freq_band_power_20_50,0.0037191376431298328,0.00029296875,balanced_accuracy,10,643,held-out fold,13
binary,r0f4,M8,permutation,mfcc_07_mean,0.003444060114503866,0.001676185087197713,balanced_accuracy,10,643,held-out fold,14
binary,r0f4,M8,permutation,freq_band_power_100_150,0.0034351145038168497,0.0011450381679389498,balanced_accuracy,10,643,held-out fold,15
binary,r0f4,M8,permutation,dwt_cD1_energy,0.003319567032442816,0.0016824991379389403,balanced_accuracy,10,643,held-out fold,16
binary,r0f4,M8,permutation,mfcc_12_mean,0.0030005069179389497,0.0030465814425044515,balanced_accuracy,10,643,held-out fold,17
binary,r0f4,M8,permutation,time_zcr_mean,0.0029818702290077105,0.004898860911121317,balanced_accuracy,10,643,held-out fold,18
binary,r0f4,M8,permutation,dwt_cD5_std,0.002476443225190883,0.0019282748645960894,balanced_accuracy,10,643,held-out fold,19
binary,r0f4,M8,permutation,chroma_05_mean,0.0023966781965649164,0.002108047942212669,balanced_accuracy,10,643,held-out fold,20
binary,r0f4,M8,permutation,dwt_cA5_energy,0.001971016221374078,0.0035113313555366643,balanced_accuracy,10,643,held-out fold,21
binary,r0f4,M8,permutation,dwt_cD4_energy,0.001766758110687028,0.0014121839592187663,balanced_accuracy,10,643,held-out fold,22
binary,r0f4,M8,permutation,chroma_06_mean,0.0011629293893129834,0.0011174954037592058,balanced_accuracy,10,643,held-out fold,23
binary,r0f4,M8,permutation,mfcc_05_mean,0.001153983778626,0.003692584282550172,balanced_accuracy,10,643,held-out fold,24
binary,r0f4,M8,permutation,mfcc_10_std,0.0010921099713740556,0.001794791908008727,balanced_accuracy,10,643,held-out fold,25
binary,r0f4,M8,permutation,mfcc_02_delta_mean,0.0010742187500000556,0.005201134626191461,balanced_accuracy,10,643,held-out fold,26
binary,r0f4,M8,permutation,mfcc_02_mean,0.0010123449427481336,0.0052984914106125195,balanced_accuracy,10,643,held-out fold,27
binary,r0f4,M8,permutation,freq_band_power_50_100,0.0009765625,0.00043673202685542766,balanced_accuracy,10,643,held-out fold,28
binary,r0f4,M8,permutation,mfcc_06_std,0.0007544131679389499,0.0024252519578491106,balanced_accuracy,10,643,held-out fold,29
binary,r0f4,M8,permutation,freq_centroid_mean,0.0005859375,0.0006477782793662891,balanced_accuracy,10,643,held-out fold,30
binary,r0f4,M8,permutation,env_mean,0.0005680462786259999,0.004016853966092278,balanced_accuracy,10,643,held-out fold,31
binary,r0f4,M8,permutation,time_hjorth_complexity,0.0005061724713740556,0.0014943062213501378,balanced_accuracy,10,643,held-out fold,32
binary,r0f4,M8,permutation,freq_rolloff85_std,0.00048828125,0.00048828125,balanced_accuracy,10,643,held-out fold,33
binary,r0f4,M8,permutation,time_autocorr_peak_lag,0.00040851622137407786,0.0038402358738278903,balanced_accuracy,10,643,held-out fold,34
binary,r0f4,M8,permutation,chroma_09_std,0.000390625,0.0006477782793662891,balanced_accuracy,10,643,held-out fold,35
binary,r0f4,M8,permutation,dwt_cA5_std,0.000390625,0.0004784159653873395,balanced_accuracy,10,643,held-out fold,35
binary,r0f4,M8,permutation,time_std,0.00031980558206108346,0.002059761934866273,balanced_accuracy,10,643,held-out fold,37
binary,r0f4,M8,permutation,freq_spectral_entropy,0.0003019143606870278,0.0011347879737231327,balanced_accuracy,10,643,held-out fold,38
binary,r0f4,M8,permutation,time_skewness,0.0002929687500000111,0.002105119207567008,balanced_accuracy,10,643,held-out fold,39
binary,r0f4,M8,permutation,chroma_11_std,0.00021320372137406673,0.002939852610500064,balanced_accuracy,10,643,held-out fold,40
binary,r0f4,M8,permutation,freq_flatness_std,0.0001953125,0.0003906250000000001,balanced_accuracy,10,643,held-out fold,41
binary,r0f4,M8,permutation,mfcc_13_mean,0.00017742127862597769,0.002634406407263582,balanced_accuracy,10,643,held-out fold,42
binary,r0f4,M8,permutation,dwt_cA5_mean_abs,0.00010660186068702781,0.001453616052142268,balanced_accuracy,10,643,held-out fold,43
binary,r0f4,M8,permutation,dwt_cD2_std,9.765625e-05,0.00029296875000000004,balanced_accuracy,10,643,held-out fold,44
binary,r0f4,M8,permutation,freq_rolloff85_mean,1.789122137405563e-05,0.0018199463319449323,balanced_accuracy,10,643,held-out fold,45
binary,r0f4,M8,permutation,time_rms,0.0,0.0,balanced_accuracy,10,643,held-out fold,46
binary,r0f4,M8,permutation,time_peak_to_peak,0.0,0.0,balanced_accuracy,10,643,held-out fold,46
binary,r0f4,M8,permutation,time_hjorth_activity,0.0,0.0,balanced_accuracy,10,643,held-out fold,46
binary,r0f4,M8,permutation,chroma_10_mean,0.0,0.0006176323555016366,balanced_accuracy,10,643,held-out fold,46
binary,r0f4,M8,permutation,dwt_cD4_std,0.0,0.0,balanced_accuracy,10,643,held-out fold,46
binary,r0f4,M8,permutation,dwt_cD3_std,0.0,0.0,balanced_accuracy,10,643,held-out fold,46
binary,r0f4,M8,permutation,dwt_cD2_mean_abs,0.0,0.0,balanced_accuracy,10,643,held-out fold,46
binary,r0f4,M8,permutation,mfcc_08_mean,-3.578244274804465e-05,0.00392198806476615,balanced_accuracy,10,643,held-out fold,53
binary,r0f4,M8,permutation,dwt_cD3_entropy,-4.4728053435061364e-05,0.003692169189223674,balanced_accuracy,10,643,held-out fold,54
binary,r0f4,M8,permutation,mfcc_13_delta_mean,-9.765625e-05,0.0005258950006967289,balanced_accuracy,10,643,held-out fold,55
binary,r0f4,M8,permutation,mfcc_06_mean,-0.00016847566793891654,0.0018549210245493717,balanced_accuracy,10,643,held-out fold,56
binary,r0f4,M8,permutation,freq_flux_mean,-0.00017742127862594437,0.0014012045852612514,balanced_accuracy,10,643,held-out fold,57
binary,r0f4,M8,permutation,dwt_cD1_std,-0.00017742127862594437,0.0017028143499190696,balanced_accuracy,10,643,held-out fold,57
binary,r0f4,M8,permutation,freq_band_power_250_350,-0.0001953125,0.0008513474499102878,balanced_accuracy,10,643,held-out fold,59
binary,r0f4,M8,permutation,chroma_06_std,-0.0001953125,0.0005859375000000001,balanced_accuracy,10,643,held-out fold,59
binary,r0f4,M8,permutation,chroma_11_mean,-0.0002661319179389166,0.0017641393270756804,balanced_accuracy,10,643,held-out fold,61
binary,r0f4,M8,permutation,mfcc_08_delta_mean,-0.00029296875,0.0004475171577105312,balanced_accuracy,10,643,held-out fold,62
binary,r0f4,M8,permutation,time_var,-0.00038167938931297216,0.0011450381679389164,balanced_accuracy,10,643,held-out fold,63
binary,r0f4,M8,permutation,freq_dominant,-0.0004703900286259444,0.0017258095608779162,balanced_accuracy,10,643,held-out fold,64
binary,r0f4,M8,permutation,chroma_12_std,-0.000532263835877822,0.0034986488109248585,balanced_accuracy,10,643,held-out fold,65
binary,r0f4,M8,permutation,time_duration,-0.0005680462786259444,0.0014922830559837784,balanced_accuracy,10,643,held-out fold,66
binary,r0f4,M8,permutation,time_mean,-0.0005769918893129722,0.0013023350228624087,balanced_accuracy,10,643,held-out fold,67
binary,r0f4,M8,permutation,mfcc_10_mean,-0.0006388656965648609,0.001913178401707143,balanced_accuracy,10,643,held-out fold,68
binary,r0f4,M8,permutation,mfcc_07_delta_mean,-0.0006657025286259443,0.0017167586976947623,balanced_accuracy,10,643,held-out fold,69
binary,r0f4,M8,permutation,freq_band_power_150_250,-0.00068359375,0.0007627196949127593,balanced_accuracy,10,643,held-out fold,70
binary,r0f4,M8,permutation,chroma_01_std,-0.00068359375,0.0004475171577105312,balanced_accuracy,10,643,held-out fold,70
binary,r0f4,M8,permutation,env_peak_rate,-0.0007014849713740334,0.0014254908911056855,balanced_accuracy,10,643,held-out fold,72
binary,r0f4,M8,permutation,dwt_cD4_mean_abs,-0.0007544131679389166,0.0018539788639951296,balanced_accuracy,10,643,held-out fold,73
binary,r0f4,M8,permutation,env_std,-0.0007544131679389166,0.0019541513131544268,balanced_accuracy,10,643,held-out fold,73
binary,r0f4,M8,permutation,mfcc_12_std,-0.0007633587786259443,0.0015267175572518886,balanced_accuracy,10,643,held-out fold,75
binary,r0f4,M8,permutation,mfcc_13_std,-0.0007633587786259443,0.0015267175572518886,balanced_accuracy,10,643,held-out fold,75
binary,r0f4,M8,permutation,freq_peak_power,-0.0007723043893129722,0.0011968885003854374,balanced_accuracy,10,643,held-out fold,77
binary,r0f4,M8,permutation,chroma_07_std,-0.0008520694179389166,0.0020300713169753575,balanced_accuracy,10,643,held-out fold,78
binary,r0f4,M8,permutation,mfcc_01_delta_mean,-0.0009586712786259444,0.0014782649854966513,balanced_accuracy,10,643,held-out fold,79
binary,r0f4,M8,permutation,dwt_cD5_entropy,-0.0009586712786259444,0.0016021039585207679,balanced_accuracy,10,643,held-out fold,79
binary,r0f4,M8,permutation,dwt_cD3_mean_abs,-0.0010205450858778331,0.0026844978163904436,balanced_accuracy,10,643,held-out fold,81
binary,r0f4,M8,permutation,mfcc_07_std,-0.0010563275286259444,0.0017378319804424408,balanced_accuracy,10,643,held-out fold,82
binary,r0f4,M8,permutation,mfcc_09_delta_mean,-0.0010563275286259444,0.001844323648064785,balanced_accuracy,10,643,held-out fold,82
binary,r0f4,M8,permutation,mfcc_10_delta_mean,-0.001224803196564861,0.0020530426909173972,balanced_accuracy,10,643,held-out fold,84
binary,r0f4,M8,permutation,chroma_12_mean,-0.0012516400286259443,0.001661330774410679,balanced_accuracy,10,643,held-out fold,85
binary,r0f4,M8,permutation,env_skew,-0.0012516400286259443,0.0016613307744106792,balanced_accuracy,10,643,held-out fold,85
binary,r0f4,M8,permutation,time_min,-0.0013314050572518887,0.0016596163928313322,balanced_accuracy,10,643,held-out fold,87
binary,r0f4,M8,permutation,time_range,-0.0013314050572518887,0.0021061805594819096,balanced_accuracy,10,643,held-out fold,87
binary,r0f4,M8,permutation,chroma_08_std,-0.0013314050572518887,0.0018707736711335182,balanced_accuracy,10,643,held-out fold,87
binary,r0f4,M8,permutation,dwt_cD4_entropy,-0.0013403506679389166,0.0016626995029248829,balanced_accuracy,10,643,held-out fold,90
binary,r0f4,M8,permutation,chroma_05_std,-0.00135824188931295,0.0032433147405907547,balanced_accuracy,10,643,held-out fold,91
binary,r0f4,M8,permutation,mfcc_05_delta_mean,-0.0014290613072518888,0.0020176848921698185,balanced_accuracy,10,643,held-out fold,92
binary,r0f4,M8,permutation,chroma_03_mean,-0.00145589813931295,0.003399129421906685,balanced_accuracy,10,643,held-out fold,93
binary,r0f4,M8,permutation,time_sample_entropy,-0.001464843749999989,0.002518348405560699,balanced_accuracy,10,643,held-out fold,94
binary,r0f4,M8,permutation,time_hjorth_mobility,-0.0015267175572518886,0.0018698394983077456,balanced_accuracy,10,643,held-out fold,95
binary,r0f4,M8,permutation,dwt_cD3_energy,-0.0015267175572518886,0.0018698394983077456,balanced_accuracy,10,643,held-out fold,95
binary,r0f4,M8,permutation,freq_rolloff95_mean,-0.001606482585877833,0.0015954512264888907,balanced_accuracy,10,643,held-out fold,97
binary,r0f4,M8,permutation,mfcc_09_mean,-0.00166015625,0.0007627196949127592,balanced_accuracy,10,643,held-out fold,98
binary,r0f4,M8,permutation,chroma_02_std,-0.0016683563931297219,0.0021632276552539234,balanced_accuracy,10,643,held-out fold,99
binary,r0f4,M8,permutation,chroma_03_std,-0.0017220300572518888,0.001997177011380912,balanced_accuracy,10,643,held-out fold,100
binary,r0f4,M8,permutation,time_shannon_entropy,-0.0018107406965648608,0.0020249798450257712,balanced_accuracy,10,643,held-out fold,101
binary,r0f4,M8,permutation,freq_centroid_std,-0.0018375775286259444,0.001505856459509789,balanced_accuracy,10,643,held-out fold,102
binary,r0f4,M8,permutation,chroma_07_mean,-0.0018905057251908052,0.002341093833699795,balanced_accuracy,10,643,held-out fold,103
binary,r0f4,M8,permutation,mfcc_08_std,-0.0019083969465648499,0.002597363450398486,balanced_accuracy,10,643,held-out fold,104
binary,r0f4,M8,permutation,freq_total_power,-0.001908396946564861,0.0020102041011035884,balanced_accuracy,10,643,held-out fold,105
binary,r0f4,M8,permutation,chroma_02_mean,-0.0020239444179389167,0.0016196498631349384,balanced_accuracy,10,643,held-out fold,106
binary,r0f4,M8,permutation,dwt_cD1_mean_abs,-0.002094763835877833,0.0023812572294007713,balanced_accuracy,10,643,held-out fold,107
binary,r0f4,M8,permutation,dwt_cD2_energy,-0.002299021946564861,0.00196745031489885,balanced_accuracy,10,643,held-out fold,108
binary,r0f4,M8,permutation,chroma_09_mean,-0.0023698413645037776,0.001295460686086258,balanced_accuracy,10,643,held-out fold,109
binary,r0f4,M8,permutation,freq_band_power_350_400,-0.0023877325858778333,0.0019742819850979204,balanced_accuracy,10,643,held-out fold,110
binary,r0f4,M8,permutation,mfcc_03_delta_mean,-0.0024235150286259443,0.001780211645759817,balanced_accuracy,10,643,held-out fold,111
binary,r0f4,M8,permutation,time_kurtosis,-0.0024674976145037776,0.0023886623192065602,balanced_accuracy,10,643,held-out fold,112
binary,r0f4,M8,permutation,mfcc_04_delta_mean,-0.002494334446564861,0.0017728127594917595,balanced_accuracy,10,643,held-out fold,113
binary,r0f4,M8,permutation,time_median,-0.002583045085877811,0.004182684540495492,balanced_accuracy,10,643,held-out fold,114
binary,r0f4,M8,permutation,dwt_cD2_entropy,-0.002583045085877833,0.0021018728451481557,balanced_accuracy,10,643,held-out fold,115
binary,r0f4,M8,permutation,chroma_04_std,-0.0026449188931297217,0.003227881065103608,balanced_accuracy,10,643,held-out fold,116
binary,r0f4,M8,permutation,freq_flatness_mean,-0.0027604663645037775,0.0022777566945402805,balanced_accuracy,10,643,held-out fold,117
binary,r0f4,M8,permutation,chroma_10_std,-0.0030444895038167497,0.002038477457221472,balanced_accuracy,10,643,held-out fold,118
binary,r0f4,M8,permutation,mfcc_09_std,-0.0030623807251908054,0.001640661473579718,balanced_accuracy,10,643,held-out fold,119
binary,r0f4,M8,permutation,mfcc_12_delta_mean,-0.0033464038645037776,0.003369743340865537,balanced_accuracy,10,643,held-out fold,120
binary,r0f4,M8,permutation,dwt_cA5_entropy,-0.003355349475190805,0.0028495734081641164,balanced_accuracy,10,643,held-out fold,121
binary,r0f4,M8,permutation,mfcc_11_std,-0.0034530057251908053,0.0019237390825056814,balanced_accuracy,10,643,held-out fold,122
binary,r0f4,M8,permutation,mfcc_11_delta_mean,-0.0035059339217556663,0.003526113633583285,balanced_accuracy,10,643,held-out fold,123
binary,r0f4,M8,permutation,chroma_04_mean,-0.0038346851145037776,0.0028641173997725022,balanced_accuracy,10,643,held-out fold,124
binary,r0f4,M8,permutation,chroma_08_mean,-0.0038346851145037776,0.003187684476402915,balanced_accuracy,10,643,held-out fold,124
binary,r0f4,M8,permutation,mfcc_06_delta_mean,-0.003985269561068638,0.002800937387080539,balanced_accuracy,10,643,held-out fold,126
binary,r0f4,M8,permutation,mfcc_04_std,-0.00421636450381675,0.0012340233159733578,balanced_accuracy,10,643,held-out fold,127
binary,r0f4,M8,permutation,mfcc_02_std,-0.005113161975190794,0.0033072194958044623,balanced_accuracy,10,643,held-out fold,128
binary,r0f4,M8,permutation,freq_bandwidth_std,-0.005166090171755666,0.001930887612266427,balanced_accuracy,10,643,held-out fold,129
binary,r0f4,M8,permutation,chroma_01_mean,-0.005272692032442694,0.0024961634688419687,balanced_accuracy,10,643,held-out fold,130
binary,r0f4,M8,permutation,env_kurtosis,-0.005272692032442694,0.003494573567271043,balanced_accuracy,10,643,held-out fold,130
binary,r0f4,M8,permutation,freq_flux_std,-0.005654371421755666,0.0029966910313920275,balanced_accuracy,10,643,held-out fold,132
binary,r0f4,M8,permutation,mfcc_03_mean,-0.006088979007633511,0.0062775068317507225,balanced_accuracy,10,643,held-out fold,133
binary,r0f4,M8,permutation,time_crest_factor,-0.0063290195610686386,0.002539995148066622,balanced_accuracy,10,643,held-out fold,134
binary,r0f4,M8,permutation,mfcc_11_mean,-0.0077491352576334995,0.0043031603824473874,balanced_accuracy,10,643,held-out fold,135
binary,r0f4,M8,permutation,freq_rolloff95_std,-0.008512494036259444,0.0025088775705665667,balanced_accuracy,10,643,held-out fold,136
binary,r0f4,M8,permutation,time_zcr_std,-0.009187142175572437,0.0063126183944742405,balanced_accuracy,10,643,held-out fold,137
binary,r0f4,M8,permutation,time_max,-0.009817062261450293,0.005153884130313325,balanced_accuracy,10,643,held-out fold,138
