task,model_id,kind,feature,importance_mean,importance_sd,importance_min,importance_max,rank_mean,rank_sd,rank_best,rank_worst,n_folds,n_folds_positive,rank
binary,M1,permutation,time_zcr_mean,0.18822103696304043,0.03319952717156813,0.13210135333921744,0.22011591744416173,1.0,0.0,1,1,5,5,1
binary,M1,permutation,dwt_cD1_entropy,0.12280085800967941,0.016365857356420557,0.10079802883200939,0.13717413897629835,2.0,0.0,2,2,5,5,2
binary,M1,permutation,time_iqr,0.09420503946521523,0.015575100275468268,0.06840881548910746,0.11009555703109206,3.0,0.0,3,3,5,5,3
binary,M1,permutation,mfcc_04_mean,0.06035367499766516,0.013458178082750303,0.04388862272073948,0.07432927101468684,4.2,0.44721359549995787,4,5,5,5,4
binary,M1,permutation,time_sample_entropy,0.039449032395576664,0.014185221098737169,0.018079079198473246,0.05611738214151675,7.4,1.6733200530681511,6,10,5,5,5
binary,M1,permutation,freq_rolloff95_mean,0.03219051822555279,0.020799987410945582,-0.0020446410957359884,0.049255663430420725,27.6,44.47246339028231,5,107,5,4,6
binary,M1,permutation,time_hjorth_mobility,0.032037881229757224,0.037001144102306795,-0.0018480140744275397,0.07744449897514356,29.8,31.411781229341326,4,71,5,4,7
binary,M1,permutation,chroma_01_mean,0.027634148922893564,0.017005736810424443,0.009794057075610475,0.052418790827790405,12.6,9.370165420097983,6,28,5,5,8
binary,M1,permutation,freq_centroid_mean,0.026840427926271827,0.006307146437274495,0.02068806452092913,0.037008567483020026,11.2,5.215361924162119,6,19,5,5,9
binary,M1,permutation,dwt_cD2_mean_abs,0.02411155379495292,0.010321830050215176,0.009876151159098068,0.0372044402779638,12.6,6.024948132556827,8,23,5,5,10
binary,M1,permutation,freq_band_power_20_50,0.022496514703485175,0.023676159174514662,-0.004803047471374089,0.04805421634573739,33.8,40.13975585376672,7,102,5,4,11
binary,M1,permutation,dwt_cA5_energy,0.019600787577063045,0.018535913384284477,0.0023555496034403543,0.04075247553335829,30.0,31.28897569432403,5,82,5,5,12
binary,M1,permutation,mfcc_01_std,0.019153489503462413,0.014391185487144765,0.00337174976145036,0.03977575405859855,17.2,7.854934754662192,9,28,5,5,13
binary,M1,permutation,env_skew,0.017013877271804118,0.018486402438187728,-0.007447220896946616,0.03873524062472929,37.2,48.463388243085106,10,123,5,4,14
binary,M1,permutation,dwt_cD5_std,0.015583612394638905,0.018506704356269287,0.0011718749999999223,0.0475915875169606,27.8,20.06738647656939,8,60,5,5,15
binary,M1,permutation,dwt_cD2_energy,0.013182398753144295,0.01115698255706288,-0.00218395450215082,0.02878420652143283,29.6,25.065913109240604,10,69,5,4,16
binary,M1,permutation,mfcc_03_mean,0.01224897533216136,0.014310705277398353,-0.004698440717858188,0.03427823162656429,40.6,51.29619868957153,13,132,5,4,17
binary,M1,permutation,freq_band_power_150_250,0.01178150826969714,0.008535528481130088,-0.0016448223101129256,0.02216061212411573,30.2,22.709029041330677,13,67,5,4,18
binary,M1,permutation,freq_bandwidth_mean,0.011466052279785225,0.011072111627742874,-0.004117387466902012,0.020786617366412175,41.0,50.53711507397311,7,130,5,4,19
binary,M1,permutation,freq_rolloff85_mean,0.011367884802015223,0.011239380455331143,-0.0005766111631921201,0.029453515739923507,38.0,46.09772228646444,7,119,5,4,20
binary,M1,permutation,dwt_cD1_mean_abs,0.010639917252396198,0.010363911997858475,-0.0037335084731083936,0.02030340907399969,31.6,28.640879874752454,12,82,5,4,21
binary,M1,permutation,freq_band_power_50_100,0.008874225768071065,0.010690150322381563,-0.002921562400762201,0.024924611785925654,43.4,33.13306505592261,12,84,5,4,22
binary,M1,permutation,chroma_07_std,0.008841111725757602,0.011320851906166645,-0.0007051300557175844,0.02693778551552759,35.8,20.656718035544756,15,60,5,3,23
binary,M1,permutation,dwt_cD5_mean_abs,0.008113348214051097,0.011124157666844246,-0.00220432480141215,0.022958052467895774,47.6,43.72413521157394,11,119,5,3,24
binary,M1,permutation,freq_centroid_std,0.00804979970961769,0.009915920271417765,-0.00135824188931305,0.022804785500647295,34.4,19.65451602049768,18,66,5,4,25
binary,M1,permutation,dwt_cA5_std,0.007631971895973738,0.020002731528317705,-0.0037878787878787624,0.04321012454801125,69.2,48.33942490348846,9,126,5,2,26
binary,M1,permutation,freq_band_power_250_350,0.007467913047138622,0.009309925931194576,-0.007061404774964697,0.01794939688143573,40.4,38.61087929586686,14,108,5,4,27
binary,M1,permutation,env_kurtosis,0.007082855729133686,0.008217283418416845,-0.002225347082719542,0.017621114336442777,49.0,48.595267259271246,15,131,5,3,28
binary,M1,permutation,mfcc_02_std,0.0069050188544236375,0.009640258156566354,-0.005462474988022448,0.015916700147314868,51.4,44.52302774969375,19,123,5,3,29
binary,M1,permutation,chroma_10_mean,0.00676143740760986,0.009735321205593173,-0.0017496123568702892,0.020033331845304547,51.4,41.944010299445615,17,117,5,3,30
binary,M1,permutation,mfcc_05_std,0.006146249701426492,0.007151128156559779,-0.002557088830509047,0.015860155052601833,37.2,19.81665965797465,20,71,5,4,31
binary,M1,permutation,mfcc_06_mean,0.006077394989880502,0.014087625508945704,-0.0023793762871432535,0.031004568248441288,62.6,46.18224767158914,14,120,5,3,32
binary,M1,permutation,dwt_cD4_std,0.00585916237668892,0.014884027956713976,-0.010051531510724975,0.029564157483865493,63.8,51.04115986142948,9,120,5,3,33
binary,M1,permutation,time_shannon_entropy,0.0052734157504739755,0.008222803720354764,-0.0067994095896947385,0.013610999508950483,50.4,38.61735361207445,26,117,5,4,34
binary,M1,permutation,dwt_cD1_energy,0.004973964190342793,0.01108292069092666,-0.0028552515445718907,0.024444268021594086,64.0,42.80770958600799,12,122,5,3,35
binary,M1,permutation,mfcc_02_mean,0.004606555113145448,0.006937613673230941,-0.005231685789938201,0.010588621183206049,60.8,47.72525536862008,18,133,5,3,36
binary,M1,permutation,chroma_09_mean,0.004049807221638291,0.011696761807867297,-0.0065107249054534464,0.01941133580346115,62.2,49.32747712989181,21,127,5,3,37
binary,M1,permutation,dwt_cD3_std,0.003997457751292992,0.008026118828552972,-0.007056595896946627,0.013878100680029159,58.4,38.15494725458286,25,120,5,4,38
binary,M1,permutation,env_std,0.003915700101976838,0.011935040410571812,-0.009510187977341244,0.020498340847878816,71.8,50.805511512039715,20,136,5,3,39
binary,M1,permutation,mfcc_12_mean,0.003610914680205866,0.0057719034187113695,-0.0007722007722007929,0.012765799145871481,54.4,25.608592308051605,33,96,5,3,40
binary,M1,permutation,chroma_03_mean,0.0034978152625211624,0.0066144182159467504,-0.0006403566316794285,0.01507224379863994,57.4,21.477895613863105,29,88,5,3,41
binary,M1,permutation,time_zcr_std,0.0030135553913419066,0.008251906656025838,-0.005203195896626567,0.015160781512730093,71.0,43.087121045621046,27,122,5,2,42
binary,M1,permutation,freq_flux_mean,0.0029046585457145977,0.007599960350724005,-0.0045642195213488335,0.01485583995292734,62.6,39.30394382247155,16,110,5,3,43
binary,M1,permutation,freq_band_power_350_400,0.002739514437129784,0.005629655006901308,-0.0032614971563844517,0.010991178874390528,66.4,44.92549387597203,18,123,5,3,44
binary,M1,permutation,freq_band_power_100_150,0.002492521794190854,0.00991107619889912,-0.01390484713761948,0.012388326804385175,58.4,45.10321496301566,17,126,5,4,45
binary,M1,permutation,mfcc_08_mean,0.0022307957866553505,0.007935145022900596,-0.004847775524809195,0.015514121800529556,66.0,32.39598740585013,15,103,5,3,46
binary,M1,permutation,mfcc_03_delta_mean,0.0022282981494631928,0.003937789284174067,-0.004509333253816838,0.005186819652839103,57.2,32.82834141408914,28,99,5,4,47
binary,M1,permutation,chroma_03_std,0.0021789144436800646,0.006234818662908162,-0.007278745229007688,0.0096312664613187,60.0,35.34119409414458,35,121,5,4,48
binary,M1,permutation,dwt_cD4_energy,0.002008796567828719,0.011586948228948332,-0.012507578163341948,0.017037185839917847,65.4,47.30010570812713,25,125,5,3,49
binary,M1,permutation,freq_flatness_std,0.001613904711745533,0.002027943571967544,0.0,0.005030891438658436,56.6,25.274493071078595,40,101,5,4,50
binary,M1,permutation,time_skewness,0.001586136684131727,0.002502588131377355,-0.0008711279193972965,0.004986384536404609,60.6,18.21537811850196,36,87,5,3,51
binary,M1,permutation,chroma_12_mean,0.0014799043686742654,0.005415809331701682,-0.005494841364503877,0.006992840439966475,76.8,42.640356471305445,28,113,5,2,52
binary,M1,permutation,dwt_cD3_energy,0.001437799532780535,0.004321059827148104,-0.004686009064885577,0.006234675760223208,67.2,35.64687924629588,24,105,5,3,53
binary,M1,permutation,mfcc_04_delta_mean,0.0014112140733133671,0.0018494037244603616,-0.0009259793873957368,0.003849530526911016,59.2,15.449919093639293,42,75,5,4,54
binary,M1,permutation,mfcc_12_delta_mean,0.0010355730349493532,0.0033498660339301533,-0.0026628101145038663,0.006326354478222685,72.2,20.0922870773837,47,95,5,3,55
binary,M1,permutation,dwt_cD5_energy,0.0009346803061208765,0.010300112333308579,-0.012356870229007689,0.01505239758653536,80.0,51.4052526498995,16,137,5,3,56
binary,M1,permutation,chroma_06_mean,0.0008188707624309365,0.005484602769054513,-0.007491948950381755,0.0068382363882564575,68.8,32.30634612580011,46,124,5,3,57
binary,M1,permutation,time_mean,0.0005622595658098728,0.0020310905489882534,-0.0009746588693957392,0.004069579288025904,70.8,31.72853605195172,48,124,5,2,58
binary,M1,permutation,time_std,0.0005263408314042439,0.0010287860383760507,-2.113688245075629e-05,0.002360253015592828,69.2,22.44326179502436,47,102,5,3,59
binary,M1,permutation,time_var,0.0005263408314042439,0.0010287860383760507,-2.113688245075629e-05,0.002360253015592828,69.2,22.44326179502436,47,102,5,3,59
binary,M1,permutation,time_rms,0.0005263408314042439,0.0010287860383760507,-2.113688245075629e-05,0.002360253015592828,69.2,22.44326179502436,47,102,5,3,59
binary,M1,permutation,time_hjorth_activity,0.0005263408314042439,0.0010287860383760507,-2.113688245075629e-05,0.002360253015592828,69.2,22.44326179502436,47,102,5,3,59
binary,M1,permutation,time_kurtosis,0.0005104625127516504,0.0022229791699848816,-0.002811205365949887,0.0033311268020006168,71.8,36.00277767061869,34,112,5,3,63
binary,M1,permutation,time_autocorr_peak_lag,0.00046084370748693986,0.007055507860090926,-0.004946735056224105,0.012684701575822544,80.8,38.33666652175173,34,121,5,1,64
binary,M1,permutation,freq_rolloff95_std,0.00045668187673405353,0.010036310642396445,-0.008885227814885554,0.014471824174516024,87.8,52.94053267582411,30,135,5,2,65
binary,M1,permutation,env_mean,0.00041403051711120365,0.004142427120545033,-0.006745287104131237,0.0036304270038167497,68.2,34.62224718298915,27,104,5,4,66
binary,M1,permutation,freq_flux_std,0.0004117042230427703,0.002938882542236057,-0.0044638990732989384,0.002759772285319706,64.2,27.188232748746287,35,95,5,4,67
binary,M1,permutation,freq_flatness_mean,0.0003292988925856921,0.0012887232302915854,-0.0011194029850746467,0.0018036806357974334,70.6,22.60088493842664,40,94,5,3,68
binary,M1,permutation,mfcc_05_delta_mean,0.00024470217418607996,0.0006031341939594811,-9.746588693957393e-05,0.0013209767578699738,76.2,26.892378102354577,50,114,5,1,69
binary,M1,permutation,dwt_cD1_std,0.00023429310123362687,0.0052678194969981865,-0.005672256546042953,0.006770547648604142,77.2,46.93293086948651,29,136,5,3,70
binary,M1,permutation,mfcc_13_delta_mean,0.0002048228939405461,0.0017796930294180192,-0.0012161147839141128,0.003312003530450158,78.0,26.89795531262553,54,118,5,1,71
binary,M1,permutation,time_crest_factor,0.00013323524025025125,0.0027034108368982003,-0.003483068217904739,0.003240182729937602,74.2,20.632498636859278,43,101,5,3,72
binary,M1,permutation,mfcc_13_mean,0.00010947516548660344,0.005609924901260712,-0.005183981393129844,0.008729521003526631,80.8,23.763417262675,42,107,5,2,73
binary,M1,permutation,mfcc_12_std,-5.818660921583351e-05,0.0027846612422090847,-0.003549916507633677,0.00424757823311459,81.6,18.063775906493085,59,104,5,1,74
binary,M1,permutation,freq_peak_power,-0.00011012748821747739,0.0015773926593233745,-0.0016241834441914627,0.0025544277728743793,81.6,30.270447634615515,57,130,5,1,75
binary,M1,permutation,chroma_05_mean,-0.0001235339580250329,0.006477547151552933,-0.008222668090880292,0.009363047955280989,76.8,37.94996706190929,29,111,5,2,76
binary,M1,permutation,dwt_cD2_std,-0.00016724738227172215,0.010274084447093627,-0.012517261787334788,0.011054735991223686,86.6,52.87059674336956,21,138,5,2,77
binary,M1,permutation,mfcc_04_std,-0.0002465690607724702,0.004866767620697851,-0.006195220246315125,0.005127978817299206,75.8,30.946728421595715,41,126,5,2,78
binary,M1,permutation,dwt_cD5_entropy,-0.000471854887337979,0.005049400125403083,-0.007385347089694716,0.004832373554752012,76.8,26.938819573247823,54,122,5,3,79
binary,M1,permutation,mfcc_08_std,-0.0005039434782412332,0.010087658644875177,-0.016362337249920655,0.011548249485142681,71.0,41.176449579826574,24,133,5,3,80
binary,M1,permutation,freq_total_power,-0.0005215630401999881,0.002394764417850424,-0.003855480816420842,0.002360253015592828,77.4,23.712865706194183,52,115,5,2,81
binary,M1,permutation,chroma_04_std,-0.0005306659873509956,0.0032423017750398435,-0.0051660901717558,0.0037878787878787845,80.0,25.41653005427767,52,108,5,2,82
binary,M1,permutation,mfcc_10_mean,-0.0005879482799770109,0.002970411709350638,-0.00460698950381685,0.002380102078776247,85.0,20.062402647738878,58,109,5,2,83
binary,M1,permutation,mfcc_10_std,-0.0006079926965499394,0.00571642515564769,-0.008595802419238519,0.006780947279139316,80.0,22.62741699796952,54,114,5,3,84
binary,M1,permutation,mfcc_10_delta_mean,-0.0006443344122007199,0.004051450184501698,-0.005348018129853693,0.003875404530744364,79.0,19.235384061671343,51,97,5,3,85
binary,M1,permutation,chroma_05_std,-0.0006604301883469344,0.007369262264315502,-0.009300932474956058,0.008186390488519856,79.8,35.7169427583045,45,118,5,3,86
binary,M1,permutation,mfcc_03_std,-0.0006648400931691479,0.006638316934111999,-0.01039290972603143,0.006367275270449235,74.8,31.932741817764413,50,122,5,3,87
binary,M1,permutation,time_range,-0.0006729572015668481,0.006381010965047897,-0.00754487714694666,0.006870229007633577,78.4,34.59479729670345,51,125,5,3,88
binary,M1,permutation,time_peak_to_peak,-0.0006729572015668481,0.006381010965047897,-0.00754487714694666,0.006870229007633577,78.4,34.59479729670345,51,125,5,3,88
binary,M1,permutation,time_median,-0.0006865837423916621,0.0018477445609540284,-0.00393847974826067,0.0006217199427480558,83.0,28.080242164197944,35,106,5,3,90
binary,M1,permutation,dwt_cD2_entropy,-0.000767639996250582,0.010478237712051574,-0.011342288883587815,0.01229707007127655,87.4,50.0029999100054,31,135,5,2,91
binary,M1,permutation,mfcc_09_delta_mean,-0.0008126150271885591,0.0018103152996264413,-0.0037039175495829136,0.0006876532423977566,82.0,34.52535300326414,39,128,5,2,92
binary,M1,permutation,mfcc_06_delta_mean,-0.0009385051925472853,0.004833489931179752,-0.006439995380929042,0.00556299569959674,84.8,22.004544985070698,59,105,5,3,93
binary,M1,permutation,time_max,-0.0009782150911662258,0.0028637617301731375,-0.0032487476145038664,0.002761037453685078,87.4,14.570518178843194,74,111,5,2,94
binary,M1,permutation,chroma_02_mean,-0.0009920194611370702,0.01045352730213631,-0.01615664424492631,0.010060311856428361,82.4,44.25268353444794,27,132,5,2,95
binary,M1,permutation,freq_bandwidth_std,-0.0009965524727999502,0.0054529728217850215,-0.009204220676116582,0.005742336593511421,85.8,45.449972497241404,23,132,5,2,96
binary,M1,permutation,chroma_11_mean,-0.0010847046448452136,0.004431479676252111,-0.006862028864503866,0.004699911738746709,86.2,27.56265589525073,45,119,5,2,97
binary,M1,permutation,time_min,-0.0012228919197955078,0.006617244731038826,-0.00861909589694666,0.007633587786259543,86.8,31.86220331364421,49,129,5,3,98
binary,M1,permutation,chroma_04_mean,-0.0012358983121014643,0.0034513184959818507,-0.005500303126533735,0.001718887908208322,83.0,23.600847442411894,43,98,5,3,99
binary,M1,permutation,dwt_cD4_entropy,-0.0012412257525997682,0.004373878586699345,-0.00854095095124,0.0031082671373933723,82.6,35.409038394172754,41,126,5,3,100
binary,M1,permutation,freq_dominant,-0.001351985758473779,0.008721400209587327,-0.015811657380409426,0.0068851132686084445,73.8,35.84271195096711,34,131,5,3,101
binary,M1,permutation,dwt_cA5_mean_abs,-0.0014260031283109486,0.006925554527054867,-0.01066933225555019,0.008700504441765955,91.4,30.875556675143528,43,123,5,1,102
binary,M1,permutation,dwt_cD4_mean_abs,-0.0014537178104616012,0.002261106796498528,-0.004215945866431314,0.0014095383815929674,94.6,34.37004509743914,41,131,5,1,103
binary,M1,permutation,chroma_08_mean,-0.0014792999700255648,0.005314168683241376,-0.009418237118320693,0.003938068241001136,90.0,31.40859754907882,64,133,5,2,104
binary,M1,permutation,dwt_cD3_entropy,-0.001519104537756606,0.004624489432932537,-0.008624671612921898,0.004060830617680744,91.2,18.212632978237934,70,115,5,2,105
binary,M1,permutation,mfcc_01_mean,-0.0015355180386498702,0.010446112472565267,-0.014372528075290936,0.012500186003601022,88.8,54.16825638692831,25,137,5,2,106
binary,M1,permutation,chroma_09_std,-0.00154350610962384,0.008419885430201298,-0.014179826207454083,0.0076745085784860724,80.6,33.901327407639954,47,127,5,3,107
binary,M1,permutation,mfcc_09_std,-0.0016854306909187208,0.0045939325285914885,-0.006825500954198527,0.004972050603118583,91.8,28.46401236649535,44,118,5,2,108
binary,M1,permutation,dwt_cD3_mean_abs,-0.0017521191935502365,0.008918922763277593,-0.017509887698836612,0.004171636450381622,74.4,44.56792568652932,26,135,5,4,109
binary,M1,permutation,mfcc_13_std,-0.0017829232674109053,0.004359342085430237,-0.008326127146946638,0.002459655301827368,91.2,46.02933847015401,36,128,5,2,110
binary,M1,permutation,mfcc_02_delta_mean,-0.0018507714778015806,0.002245998709633007,-0.004450186206299356,0.0004873294346978696,91.8,29.063723092542702,45,117,5,2,111
binary,M1,permutation,mfcc_11_delta_mean,-0.0019026992590723602,0.004107579723937359,-0.007811009064885588,0.001612238893792295,91.4,30.64800156617067,47,127,5,2,112
binary,M1,permutation,chroma_06_std,-0.0019248910315379365,0.005785869624087116,-0.009559875954198572,0.003037066797613186,91.2,39.65728180296779,39,134,5,3,113
binary,M1,permutation,time_autocorr_peak_value,-0.001929603079040423,0.008026233998270446,-0.014773809867490429,0.004149368331770875,82.6,41.48855263804704,29,129,5,3,114
binary,M1,permutation,mfcc_06_std,-0.002016695359540268,0.005873690150612499,-0.011180316983746696,0.004515423418597386,92.8,22.083930809527544,65,124,5,2,115
binary,M1,permutation,time_energy,-0.002130269256937032,0.002627446325669215,-0.005438364224771996,0.0011728109933889063,96.0,39.03203812254748,43,135,5,1,116
binary,M1,permutation,time_duration,-0.002130269256937032,0.002627446325669215,-0.005438364224771996,0.0011728109933889063,96.0,39.03203812254748,43,135,5,1,116
binary,M1,permutation,mfcc_07_std,-0.002260032436106527,0.002584377280841541,-0.005859724587892345,0.0,98.8,15.943650773897426,75,117,5,0,118
binary,M1,permutation,mfcc_09_mean,-0.0022923446405436975,0.005171743466852206,-0.01030991079419159,0.003183637635224601,91.8,25.400787389370432,59,121,5,2,119
binary,M1,permutation,mfcc_05_mean,-0.0023224229018168523,0.005392666481965269,-0.006811008088380388,0.006150581714252678,104.2,40.7332787779231,32,130,5,1,120
binary,M1,permutation,chroma_11_std,-0.0024132441234151944,0.009859802107546287,-0.018491440284072923,0.007268276713837185,82.2,43.70011441632619,31,136,5,2,121
binary,M1,permutation,freq_rolloff85_std,-0.0024816791363592963,0.0032002495744151488,-0.005205868785619705,0.0017163148550009776,89.4,44.947747440778386,41,137,5,2,122
binary,M1,permutation,mfcc_07_delta_mean,-0.002503665472832286,0.0032643373065650485,-0.006931488318349666,4.472805343508357e-05,98.2,29.878085614710994,51,132,5,1,123
binary,M1,permutation,chroma_07_mean,-0.0025514193149769816,0.001749066115191493,-0.0048926065994977066,-0.0006796116504854011,104.8,14.411800720243116,92,127,5,0,124
binary,M1,permutation,chroma_01_std,-0.00258458319175763,0.0035183455177435537,-0.007780969427523976,0.0018652544866137432,101.8,20.315019074566482,78,125,5,1,125
binary,M1,permutation,mfcc_08_delta_mean,-0.0027777107352044326,0.005495034812289465,-0.008991829675572615,0.0015655384268522866,93.8,32.660373543485385,44,131,5,3,126
binary,M1,permutation,mfcc_11_std,-0.0030026615255261888,0.003639172198369043,-0.0071039868356477355,0.0007841783389228474,103.2,26.771253239249,58,129,5,1,127
binary,M1,permutation,chroma_08_std,-0.0030419462675004864,0.005005513835706988,-0.007875602401149862,0.0031369520447190546,98.6,27.3367883995176,61,134,5,2,128
binary,M1,permutation,env_peak_rate,-0.0033521898384476835,0.006260966120290423,-0.009964923929674708,0.005124771215570723,103.2,27.698375403622503,61,133,5,2,129
binary,M1,permutation,mfcc_07_mean,-0.0033874135326142987,0.0014550841915122801,-0.005414330868320705,-0.0016226080094693175,110.6,18.420097719610503,85,134,5,0,130
binary,M1,permutation,chroma_10_std,-0.003666322769087924,0.004256553328322489,-0.009107508877277149,0.002509560585092896,104.8,24.853571171966415,77,128,5,1,131
binary,M1,permutation,chroma_12_std,-0.0037169949105096767,0.004152500877531764,-0.009637009272045782,6.840247131508769e-05,106.2,24.72245942457991,72,137,5,1,132
binary,M1,permutation,mfcc_11_mean,-0.003757906910674911,0.004643498890696507,-0.011388507872137466,8.184158445290191e-06,106.2,25.723530084341068,79,136,5,1,133
binary,M1,permutation,dwt_cA5_entropy,-0.004198518151559958,0.0038245257008608165,-0.009346672232824515,0.0007575757575757792,115.0,17.81852968120546,95,133,5,1,134
binary,M1,permutation,mfcc_01_delta_mean,-0.004613156748629947,0.007531174912765582,-0.016888478304801023,0.0011941431186107577,100.4,38.79819583434261,38,134,5,2,135
binary,M1,permutation,chroma_02_std,-0.005077422621369791,0.008427632243616374,-0.019403706804469022,0.0013305383936452087,101.6,33.53058305487693,70,138,5,2,136
binary,M1,permutation,freq_spectral_entropy,-0.005168477727425325,0.011029826124131063,-0.018233390982824484,0.00573337499813995,95.6,36.48698398059231,58,138,5,2,137
binary,M1,permutation,time_hjorth_complexity,-0.005415338131051281,0.009489210407981013,-0.019612286728831717,0.00615746320848769,103.6,41.524691449786836,57,138,5,1,138
binary,M3,permutation,dwt_cD1_entropy,0.019712306816080178,0.009937469888760712,0.0074554210400763375,0.0306163577522801,2.0,2.23606797749979,1,6,5,5,1
binary,M3,permutation,mfcc_04_mean,0.018398237008451265,0.006929807576917871,0.010372572781331935,0.027301412180052952,2.0,0.7071067811865476,1,3,5,5,2
binary,M3,permutation,mfcc_01_std,0.01305835481083149,0.005684194769481853,0.006077558267339333,0.018546291752071453,3.4,1.140175425099138,2,5,5,5,3
binary,M3,permutation,time_zcr_mean,0.01138770162846466,0.006931785036331401,0.0037840572593486168,0.017509887698836657,8.6,7.469939758793239,2,19,5,5,4
binary,M3,permutation,dwt_cA5_energy,0.006553336240741577,0.008224002447438195,-0.0032666388358778666,0.014731227806807412,52.6,65.32074708697077,4,130,5,3,5
binary,M3,permutation,dwt_cD2_entropy,0.0060552700005347074,0.004882222032848502,-0.0006939943071330057,0.010984848484848476,33.6,45.878099350343625,5,114,5,4,6
binary,M3,permutation,chroma_03_std,0.0053636388250856305,0.006668563443540093,-0.0032565510468282157,0.014422624301265074,42.8,50.95782569929765,5,125,5,4,7
binary,M3,permutation,freq_rolloff85_std,0.005145433890520394,0.004094498400151352,0.0005330093034351058,0.010254337596350981,30.0,26.851443164195103,7,67,5,5,8
binary,M3,permutation,mfcc_06_mean,0.0050545027819641365,0.0010346857407526314,0.003553109939971255,0.00621914604925089,21.0,10.41633332799983,14,39,5,5,9
binary,M3,permutation,dwt_cD3_std,0.005020018731443103,0.0038708217240696016,0.0006299200858778775,0.010420335460030673,27.0,22.282279955157193,6,65,5,5,10
binary,M3,permutation,chroma_01_mean,0.004871166784887962,0.0035364056381470693,-0.0002194842492149962,0.008731244483671663,33.6,38.14839446162839,11,101,5,4,11
binary,M3,permutation,chroma_02_mean,0.004568988835883407,0.0035759209322667783,-0.0004955135931431154,0.008430420711974095,37.4,40.21566858825052,8,107,5,4,12
binary,M3,permutation,dwt_cD5_mean_abs,0.004247456184164084,0.004528850273294074,-0.00030058181926395644,0.009687779670313867,57.0,47.22287581247038,4,102,5,4,13
binary,M3,permutation,mfcc_12_std,0.00420017683732193,0.00453242721049097,-0.0038086097346843872,0.007254339511621089,36.8,50.296123111031136,5,126,5,4,14
binary,M3,permutation,time_iqr,0.004092604693759987,0.00382210525258445,0.0005391321920379278,0.009480110925572516,46.0,35.36240942017385,3,98,5,5,15
binary,M3,permutation,dwt_cD1_std,0.0040552646251737785,0.003999011982166821,-0.0001602755248091281,0.010411885848779057,40.2,31.515075757484702,10,86,5,4,16
binary,M3,permutation,dwt_cD5_std,0.004001171888339852,0.004489658811196185,-0.0012425040548784683,0.009715205404313098,50.0,46.027165891460236,8,112,5,4,17
binary,M3,permutation,mfcc_05_mean,0.003961751402626201,0.005298163231414395,-0.004678296649099545,0.009010797078437638,43.0,52.196743193421554,7,134,5,4,18
binary,M3,permutation,mfcc_02_mean,0.003873314932273682,0.00487185069057101,-0.00023456219867772353,0.012218299499852902,47.8,38.771123274932336,8,109,5,4,19
binary,M3,permutation,time_hjorth_mobility,0.003687407212487737,0.002989580177780915,-0.0010921099713740445,0.006439393939393934,42.0,40.82278775390039,13,114,5,4,20
binary,M3,permutation,freq_centroid_mean,0.003669516801286077,0.00306691205107212,0.0003458969465648831,0.007338549034325537,43.8,23.763417262675,17,74,5,5,21
binary,M3,permutation,freq_centroid_std,0.003619874614656806,0.0025727601547142973,0.0007454675572519332,0.007519753582429433,44.0,38.96793553679743,6,97,5,5,22
binary,M3,permutation,freq_band_power_100_150,0.0035751469899709524,0.0039638011818241906,-0.0007179494405771703,0.009701492537313472,51.6,39.2530253611107,9,116,5,4,23
binary,M3,permutation,time_zcr_std,0.0035372133384042256,0.004649658557906351,-0.0033149677310261192,0.0074293909973522036,50.0,51.50242712727236,13,132,5,4,24
binary,M3,permutation,freq_rolloff95_mean,0.0035277451403079294,0.002282767998427598,0.0020418356393129833,0.007488231832892001,35.8,16.946976131451887,18,58,5,5,25
binary,M3,permutation,dwt_cD2_std,0.003343099981874584,0.0034160200151082346,-0.0021573831106870165,0.006818181818181812,45.0,46.834816109385976,10,125,5,4,26
binary,M3,permutation,mfcc_03_mean,0.0033290676061091262,0.007003848628496841,-0.0028203646816785223,0.013362753751103273,73.4,57.886095048811164,7,129,5,2,27
binary,M3,permutation,mfcc_05_std,0.0033288929826556313,0.003850299158794066,-0.002565153864503833,0.006442521770988974,56.0,60.037488288568504,3,126,5,4,28
binary,M3,permutation,time_autocorr_peak_value,0.0032338951975321704,0.002458034412370133,0.0004424203931984616,0.006924830832597817,44.6,32.05152102475014,18,99,5,5,29
binary,M3,permutation,chroma_07_std,0.003165518121033919,0.002101197868456689,0.0008520694179389388,0.006439393939393934,41.8,22.219360926903367,22,71,5,5,30
binary,M3,permutation,freq_bandwidth_mean,0.0031577794443396214,0.0025470494367705685,0.0013683997805942095,0.007488231832892012,42.8,24.283739415501888,17,80,5,5,31
binary,M3,permutation,chroma_03_mean,0.0031096411643922093,0.0018098544213326778,0.0013236016249275173,0.005127978817299173,48.0,19.300259065618782,16,63,5,5,32
binary,M3,permutation,dwt_cD3_mean_abs,0.0031049921794498573,0.003987062847871738,-0.0020328900286259665,0.008734374548918922,55.4,40.82033806817381,13,123,5,4,33
binary,M3,permutation,dwt_cA5_entropy,0.0030531986983739602,0.003993270344978941,-0.002349230635988264,0.0070126133110687385,52.2,47.59936974372665,7,130,5,4,34
binary,M3,permutation,dwt_cD4_mean_abs,0.003004959558993605,0.0017132600446203774,0.002039004593749105,0.006060606060606055,44.4,13.315404612703288,34,67,5,5,35
binary,M3,permutation,mfcc_01_mean,0.002987398915834481,0.0019305047291936553,0.0012426944179389499,0.006060606060606055,45.2,18.102486017119308,21,68,5,5,36
binary,M3,permutation,chroma_02_std,0.002910897490797062,0.0013139073000173992,0.0017130844465649165,0.00496117093449584,44.8,17.79606698121807,29,72,5,5,37
binary,M3,permutation,mfcc_03_delta_mean,0.0028969884094857215,0.003917728820020749,-0.00182863191793895,0.008031038540747293,60.4,50.292146504200836,13,122,5,4,38
binary,M3,permutation,time_skewness,0.002896793517369347,0.004372577776321907,-0.0016996737781113213,0.009926448955575162,52.2,46.018474550988756,11,122,5,4,39
binary,M3,permutation,freq_rolloff85_mean,0.0027829935107869666,0.002647629551859898,0.00016847566793894985,0.006536481318034704,53.2,30.111459612579395,17,88,5,5,40
binary,M3,permutation,time_max,0.0027153067864978354,0.001806814140890253,-0.00018636688931297218,0.004198473282442794,51.0,32.01562118716424,16,88,5,4,41
binary,M3,permutation,freq_band_power_250_350,0.0025810616713078873,0.003096467391976142,-0.0011808206106870168,0.006818181818181812,57.8,37.35237609577201,26,116,5,4,42
binary,M3,permutation,chroma_05_std,0.0025690923162042223,0.0021430321047483714,0.00026843840712453826,0.0050578827333353175,57.4,30.377623343507306,25,96,5,5,43
binary,M3,permutation,chroma_10_mean,0.0024550411515744863,0.0031415826790787515,-0.001364522417153935,0.006136147117411039,69.2,47.944759880512485,15,114,5,4,44
binary,M3,permutation,chroma_04_std,0.0024331047597722553,0.003115193487915317,-0.00019493177387912563,0.007400706090026454,62.6,34.60202306224305,21,99,5,4,45
binary,M3,permutation,chroma_01_std,0.0022993494588999996,0.002991747232796197,-0.0005254193250381678,0.006391083731381086,65.6,38.86257840133616,8,112,5,3,46
binary,M3,permutation,chroma_05_mean,0.002288637582822812,0.0020713940551039503,0.0006122650283234221,0.005681818181818177,59.8,17.19592975096142,40,87,5,5,47
binary,M3,permutation,env_skew,0.0021356412281523895,0.0024367094211925843,-0.0014111700858778665,0.004560610872138393,61.2,36.0374804890686,30,119,5,4,48
binary,M3,permutation,dwt_cD4_std,0.0020948578439885734,0.0016479733406655082,0.0007510638897500032,0.004545454545454542,60.6,25.005999280172748,27,86,5,5,49
binary,M3,permutation,chroma_10_std,0.002057784248713712,0.0012952616325306691,0.0004085162213740334,0.003914259780069406,60.4,29.30528962491243,18,94,5,5,50
binary,M3,permutation,dwt_cD2_mean_abs,0.0019556568571550037,0.002117451987353835,-0.0004972268606870167,0.004146337942781309,69.2,36.36894279464279,30,108,5,3,51
binary,M3,permutation,chroma_12_mean,0.0019195550769588233,0.0011200755431729032,0.0007388063032901293,0.0037176304165825068,65.2,26.071056748816304,36,102,5,5,52
binary,M3,permutation,chroma_11_mean,0.0018549748659232091,0.0021152696521386316,-0.000219484249214974,0.00462413525763361,71.2,43.52240802161572,17,125,5,4,53
binary,M3,permutation,dwt_cA5_mean_abs,0.0018445366116598548,0.002387653326905999,-0.0016996737781113324,0.004739629302736081,63.0,37.4299345444258,30,123,5,4,54
binary,M3,permutation,chroma_06_mean,0.0018377199516913744,0.0017453767429249317,-1.789122137403343e-05,0.00438090014145911,69.0,28.71410803072246,31,96,5,4,55
binary,M3,permutation,freq_spectral_entropy,0.0018140817744811335,0.0015794224434913854,-3.0296198179391442e-05,0.003516212073865832,67.8,30.82531427252608,24,107,5,4,56
binary,M3,permutation,time_hjorth_complexity,0.0016969173544238124,0.0017509618797196965,-0.0006495245747957012,0.004021052003816838,73.8,40.97194161862481,19,119,5,4,57
binary,M3,permutation,time_std,0.001680306595356318,0.0020119287668509196,-0.000390625,0.004454950257869949,70.4,34.98285294254887,9,95,5,4,58
binary,M3,permutation,time_var,0.001680306595356318,0.0020119287668509196,-0.000390625,0.004454950257869949,70.4,34.98285294254887,9,95,5,4,58
binary,M3,permutation,time_rms,0.001680306595356318,0.0020119287668509196,-0.000390625,0.004454950257869949,70.4,34.98285294254887,9,95,5,4,58
binary,M3,permutation,time_hjorth_activity,0.001680306595356318,0.0020119287668509196,-0.000390625,0.004454950257869949,70.4,34.98285294254887,9,95,5,4,58
binary,M3,permutation,chroma_11_std,0.0016785846389729378,0.003224118325845581,-0.0027425751431297994,0.00515676383494792,75.0,49.36091571273774,12,129,5,3,62
binary,M3,permutation,dwt_cD1_energy,0.0016762669344087898,0.0019950578196416486,-0.000584795321637388,0.003413782153064526,71.6,37.25989801381641,21,108,5,3,63
binary,M3,permutation,chroma_07_mean,0.001617322206625844,0.0015196322009047322,-0.0008264521038243711,0.003012500360864978,71.0,39.943710393502506,31,117,5,4,64
binary,M3,permutation,dwt_cD1_mean_abs,0.0015572991772871436,0.002152838057521732,-0.0012759631372769808,0.0035973096439148146,74.2,42.76914775863555,20,122,5,3,65
binary,M3,permutation,freq_band_power_350_400,0.0015471278630935492,0.004535049474619521,-0.004029997614503867,0.006219146049250912,76.2,48.58188962977871,20,132,5,3,66
binary,M3,permutation,dwt_cD5_energy,0.0015352547659926552,0.004397893799597429,-0.004149368331770831,0.0076140041188584974,69.8,47.049973432511095,16,130,5,3,67
binary,M3,permutation,mfcc_04_std,0.0015254312645523326,0.0009775975407692818,-8.945610687005611e-06,0.0025700799676665943,72.6,17.952715672009067,60,101,5,4,68
binary,M3,permutation,dwt_cD3_energy,0.0014803186798901535,0.0013190911642132846,0.0003727337786259666,0.003662057218741932,74.2,24.45812748351762,39,108,5,5,69
binary,M3,permutation,freq_flux_mean,0.0014685083323184834,0.0015600745014643063,-0.0004567519858782121,0.0037031958197408345,66.6,37.145659234963105,38,130,5,4,70
binary,M3,permutation,env_kurtosis,0.0014597286113288055,0.0018631877466860952,9.746588693957393e-05,0.004632980288320099,75.4,16.44080290010193,51,94,5,5,71
binary,M3,permutation,freq_band_power_150_250,0.001425142484988764,0.0020511236520730793,-0.0004972268606870167,0.004353474407459845,78.4,43.592430535587255,31,123,5,4,72
binary,M3,permutation,chroma_08_std,0.0014138263944267026,0.0030762653825103753,-0.002823182932671986,0.005516328331862308,72.8,40.34476422040411,27,130,5,4,73
binary,M3,permutation,mfcc_09_delta_mean,0.0014098738936195222,0.0017402410383772007,-0.0008898627511765955,0.0035253015592821347,76.4,27.07027890510181,47,119,5,4,74
binary,M3,permutation,mfcc_06_std,0.0013885230995412834,0.00289820694314272,-0.0012639855705549041,0.005622977346278324,79.8,41.79354017070102,29,121,5,3,75
binary,M3,permutation,mfcc_06_delta_mean,0.001364684558438618,0.0017685016467971634,-0.0005634010002942058,0.003579058286902115,73.6,41.08892794902296,31,131,5,3,76
binary,M3,permutation,mfcc_03_std,0.0013411023933692224,0.002434147065288491,-0.001039388122553997,0.005444729928693182,80.8,38.277930978567795,27,118,5,4,77
binary,M3,permutation,chroma_09_mean,0.001332516787190838,0.002329035408703257,-0.001976096307630082,0.004012106393129799,76.6,39.715236370944595,20,127,5,4,78
binary,M3,permutation,mfcc_07_delta_mean,0.0012924656257938527,0.003212805312027552,-0.0032483668883829253,0.004311614076618897,74.4,42.869569626951005,33,124,5,3,79
binary,M3,permutation,dwt_cD4_entropy,0.001284503626301865,0.002054417123664634,-0.0010563275286259665,0.004457928802588984,79.4,24.541801074900757,53,113,5,4,80
binary,M3,permutation,time_range,0.0012807783318824794,0.0015612840880828186,-0.0006632697248765585,0.003127390408943809,73.8,31.003225638633154,35,114,5,4,81
binary,M3,permutation,time_peak_to_peak,0.0012807783318824794,0.0015612840880828186,-0.0006632697248765585,0.003127390408943809,73.8,31.003225638633154,35,114,5,4,81
binary,M3,permutation,freq_flatness_std,0.0012234364809058438,0.0022380881788218623,-0.0020390045937490942,0.003525301559282157,76.4,36.623762777737625,24,125,5,4,83
binary,M3,permutation,time_sample_entropy,0.0011964884654618424,0.001972838694527149,-0.00038986354775826236,0.004069579288025893,83.0,22.594247055390007,60,109,5,3,84
binary,M3,permutation,chroma_06_std,0.0011671160144570859,0.0019824710958231727,-0.0005460361299777117,0.003894527802294767,82.2,24.76287543884999,60,112,5,3,85
binary,M3,permutation,dwt_cA5_std,0.0011503026636410564,0.0020316374734003005,-0.001782672709951172,0.0029427772874374815,73.2,35.96804137008297,38,124,5,3,86
binary,M3,permutation,time_kurtosis,0.0011381845164672333,0.001607252724767965,-9.746588693956281e-05,0.003049347574895034,78.6,32.10607419165414,24,106,5,2,87
binary,M3,permutation,freq_flatness_mean,0.0011133286961995136,0.0021786412036433446,-0.0026724065045232613,0.0025735510444248157,77.0,35.531676008879735,33,126,5,4,88
binary,M3,permutation,mfcc_08_delta_mean,0.001103995027088811,0.0030348160636487274,-0.002671755725190883,0.004476087140320694,74.4,55.45087916345421,8,136,5,3,89
binary,M3,permutation,time_min,0.0011034100208361596,0.0012506914594562458,-0.00027507752862596655,0.00263013273962176,78.8,32.22111109195336,30,105,5,4,90
binary,M3,permutation,mfcc_07_mean,0.0010925469081602079,0.0021758109087940797,-0.0014210675118669803,0.003465744159174833,76.6,43.27585932133526,18,118,5,3,91
binary,M3,permutation,dwt_cD2_energy,0.0010562887502073705,0.0014892114196022503,-0.00038986354775825125,0.002819076763186057,78.8,37.13084970748717,32,123,5,3,92
binary,M3,permutation,mfcc_09_std,0.0009775647108968056,0.004051537382943344,-0.0033177859820195388,0.006700500147102106,78.2,48.761665270989255,28,133,5,3,93
binary,M3,permutation,mfcc_10_delta_mean,0.0009427226873647942,0.0023067035140403166,-0.0021216006679389498,0.004370403059723438,85.4,25.569513096654774,54,124,5,4,94
binary,M3,permutation,mfcc_12_mean,0.000938412544539784,0.0020185729623366905,-0.0026449188931297997,0.0022388059701493046,83.8,32.51461209979292,51,127,5,4,95
binary,M3,permutation,chroma_04_mean,0.0008705105262688327,0.002551199418517334,-0.00134035066793895,0.005021329802883212,90.8,30.474579570520742,46,120,5,3,96
binary,M3,permutation,freq_band_power_20_50,0.0008618447157919618,0.0013799056408764067,-0.0009586712786259554,0.002671755725190861,84.6,38.875442119672414,33,126,5,4,97
binary,M3,permutation,freq_total_power,0.0008548805975810581,0.002017046580702449,-0.0019002127881195263,0.0031007806555251815,81.6,41.60288451537946,23,121,5,3,98
binary,M3,permutation,env_mean,0.0008452686807901788,0.0023972599340705146,-0.0032889228903836276,0.0026117975875257883,78.0,39.38908478246226,40,136,5,4,99
binary,M3,permutation,mfcc_07_std,0.0008418053074029342,0.0010381157022189152,-0.0003816793893129611,0.002295465434151589,81.6,32.8831263720468,36,122,5,4,100
binary,M3,permutation,mfcc_08_std,0.0008307777275526274,0.0018288413500984135,-0.001810098443950392,0.0023984995586937784,83.4,31.855925665407998,41,125,5,3,101
binary,M3,permutation,chroma_08_mean,0.0007817622617935548,0.001749548440498958,-0.0018656716417910003,0.0026098819179389498,85.8,35.54855833926321,32,126,5,4,102
binary,M3,permutation,time_shannon_entropy,0.0007803906854619469,0.002518221407959684,-0.0029020756950257852,0.004107825831126799,80.2,33.84819049816401,48,135,5,4,103
binary,M3,permutation,env_peak_rate,0.0007757705176089869,0.003871566053796485,-0.005785164726770542,0.0042049132097675915,72.8,42.78083683145994,27,135,5,4,104
binary,M3,permutation,chroma_12_std,0.0007540803354582249,0.0017300358222794021,-0.0010473819179389388,0.0035937040305972336,89.8,19.7914122790669,67,112,5,4,105
binary,M3,permutation,mfcc_05_delta_mean,0.0007374554321083492,0.001576151375867098,-0.00153566316793895,0.0026393660325067735,91.6,26.931394319641157,57,120,5,4,106
binary,M3,permutation,time_crest_factor,0.000727632537625511,0.001199597530968589,-0.0005680462786259666,0.001991026772580162,88.0,26.823497162003317,54,111,5,3,107
binary,M3,permutation,env_std,0.000639900563663447,0.0015659786233116618,-0.0012435405179132887,0.0024764636657840567,87.6,30.146309890266835,52,119,5,3,108
binary,M3,permutation,freq_bandwidth_std,0.0006302472852078411,0.002080431588176528,-0.0015021277795000398,0.004001176816710794,89.6,25.451915448547286,61,123,5,3,109
binary,M3,permutation,dwt_cD5_entropy,0.000594632782864859,0.0021081596878441736,-0.002722364964346491,0.0021852015298617243,84.8,35.758914972353395,43,134,5,3,110
binary,M3,permutation,chroma_09_std,0.0005723237913450574,0.0014870674320189184,-0.0006657025286259666,0.002651515151515149,93.0,21.295539439046856,58,113,5,2,111
binary,M3,permutation,mfcc_11_mean,0.0005442269362082253,0.0008880668276878242,-0.0007599815237159912,0.001709326272433065,91.6,20.181674856165927,71,116,5,4,112
binary,M3,permutation,mfcc_08_mean,0.0005118363481039711,0.001340437954578339,-0.0007599815237160134,0.0027486025301559523,93.0,13.765899897936203,82,117,5,3,113
binary,M3,permutation,freq_peak_power,0.00046356329871880317,0.0019622359293919958,-0.0017041388358778886,0.002845689908796678,91.6,28.474550040343043,57,121,5,3,114
binary,M3,permutation,time_mean,0.00029824799605701727,0.001652248350102011,-0.001358241889312961,0.0022900763358778995,90.2,41.91896945298155,42,134,5,2,115
binary,M3,permutation,mfcc_10_std,0.0002960800165403766,0.002778330980148576,-0.0038897073047333363,0.0027964107090321377,89.2,36.2243012354966,31,127,5,3,116
binary,M3,permutation,dwt_cD4_energy,0.00022589441054772456,0.001441001567530555,-0.0018027469011799636,0.0021852015298617134,98.2,20.78942038634074,64,120,5,3,117
binary,M3,permutation,mfcc_09_mean,0.00018129390468381025,0.0008359435220486408,-0.0007454675572519332,0.0014085025007354978,102.2,13.9534941860453,79,115,5,3,118
binary,M3,permutation,time_autocorr_peak_lag,0.00017424127279554112,0.00035613954305515304,-0.00037313432835820446,0.0005634010002941947,98.4,19.03417978269618,76,120,5,4,119
binary,M3,permutation,mfcc_01_delta_mean,0.0001413015362706549,0.0020492969691818484,-0.00279006848349912,0.0027079303675049404,89.2,37.67890656587582,53,132,5,3,120
binary,M3,permutation,mfcc_12_delta_mean,0.00013423151623512367,0.00384321485449074,-0.006301802002886725,0.003243601059135037,84.6,33.05752561823102,53,137,5,3,121
binary,M3,permutation,mfcc_10_mean,0.0001248137171208263,0.0037241041601338873,-0.0063992678898262875,0.0027390408943806952,84.6,36.630588310863914,35,138,5,4,122
binary,M3,permutation,mfcc_13_std,0.00011370482599268421,0.006094960429319973,-0.006837781472817983,0.006479604007633599,86.2,64.33661476950742,9,137,5,2,123
binary,M3,permutation,mfcc_11_delta_mean,-0.0002281518154304417,0.00396530731765776,-0.00430507514312981,0.004768314210061797,89.2,46.2190436941311,37,137,5,3,124
binary,M3,permutation,mfcc_04_delta_mean,-0.00024837210055611797,0.0013965903948172584,-0.0024185167008284993,0.0013492962786259665,103.2,32.706268512320385,50,131,5,3,125
binary,M3,permutation,freq_dominant,-0.00028421226984470804,0.0009913460272014923,-0.0014456199872028952,0.0009613121506325429,111.0,7.3824115301167,102,117,5,3,126
binary,M3,permutation,mfcc_11_std,-0.0002882495204710068,0.005465449924307722,-0.007021672350139463,0.005817152103559886,81.4,53.19586450091774,23,138,5,3,127
binary,M3,permutation,mfcc_02_delta_mean,-0.0003649732796514549,0.004278964227794087,-0.00522967724655139,0.004485246456049352,78.8,57.486520159077294,7,138,5,3,128
binary,M3,permutation,mfcc_02_std,-0.0005186315340456484,0.004288835889288083,-0.005785164726770553,0.0038165636952045,90.6,46.20930642197522,26,136,5,3,129
binary,M3,permutation,time_median,-0.0005226756245355025,0.003201825199333371,-0.00439340505632182,0.004282877316857903,103.2,30.96288100290411,56,132,5,2,130
binary,M3,permutation,mfcc_13_mean,-0.0006599918396240079,0.003297181142808513,-0.005529878339694661,0.003468633621063033,104.8,36.84698088039236,43,136,5,3,131
binary,M3,permutation,mfcc_13_delta_mean,-0.0007901583009153046,0.0030994249606885846,-0.006025772658958628,0.0014056026829749157,96.8,36.772272162595556,59,136,5,3,132
binary,M3,permutation,time_energy,-0.0008337086040807251,0.004652826144718493,-0.005591752146946571,0.005341276846131194,93.4,53.705679401716914,27,137,5,2,133
binary,M3,permutation,time_duration,-0.0008337086040807251,0.004652826144718493,-0.005591752146946571,0.005341276846131194,93.4,53.705679401716914,27,137,5,2,133
binary,M3,permutation,dwt_cD3_entropy,-0.0012328682621988497,0.0024880522097216412,-0.005059488311068727,0.0014180641365107438,114.4,20.81585933849477,80,135,5,2,135
binary,M3,permutation,freq_rolloff95_std,-0.0013530463566405282,0.0028155978932570738,-0.004864175811068738,0.0020197116799058447,112.8,27.68934813244978,68,134,5,2,136
binary,M3,permutation,freq_flux_std,-0.0017307605793553196,0.0018088143395752748,-0.003787878787878796,0.0009259793873957368,117.8,16.93221781102523,93,137,5,1,137
binary,M3,permutation,freq_band_power_50_100,-0.0019907055452351497,0.0021083060421607275,-0.004146337942781198,0.0008687258687258281,120.4,23.104112188093268,81,138,5,1,138
binary,M4,impurity,time_zcr_mean,0.061350076794958554,0.003717830445922304,0.05638478489820334,0.06646062669788995,1.6,0.8944271909999159,1,3,5,5,1
binary,M4,impurity,mfcc_04_mean,0.060513550193119436,0.001178495745425289,0.058527342584322684,0.0616299758579192,1.8,0.8366600265340756,1,3,5,5,2
binary,M4,impurity,dwt_cD1_entropy,0.058709793716375094,0.0021430544843912495,0.05635390806683125,0.061795244978153606,2.6,0.5477225575051662,2,3,5,5,3
binary,M4,impurity,dwt_cD2_entropy,0.038419891220412096,0.001872009004860246,0.03658346949791025,0.041256850719450934,4.0,0.0,4,4,5,5,4
binary,M4,impurity,dwt_cA5_mean_abs,0.02262142413479662,0.0025955860004056508,0.020892639701076045,0.027220354212435932,5.6,0.5477225575051661,5,6,5,5,5
binary,M4,impurity,mfcc_05_mean,0.019811891326281854,0.0014215147725976205,0.018801286286576017,0.022109195481695817,6.6,0.5477225575051661,6,7,5,5,6
binary,M4,impurity,time_hjorth_complexity,0.018379718973952772,0.002009315859921827,0.015916016123478212,0.02148921120432402,8.0,0.7071067811865477,7,9,5,5,7
binary,M4,impurity,dwt_cA5_energy,0.01741402194288685,0.00502156136953918,0.012698713709707873,0.022894530874546477,8.8,3.7682887362833544,5,13,5,5,8
binary,M4,impurity,mfcc_01_std,0.017047872194180254,0.003922960750411066,0.012881126628624534,0.02337935978106277,9.2,2.8635642126552705,5,13,5,5,9
binary,M4,impurity,mfcc_06_mean,0.01636959326493195,0.001717476216654279,0.014014695533869477,0.01833679896936963,9.0,1.5811388300841898,7,11,5,5,10
binary,M4,impurity,time_duration,0.013690703722059657,0.0016223747953806635,0.011951566205341723,0.016030357583344625,13.4,2.8809720581775866,11,18,5,5,11
binary,M4,impurity,time_iqr,0.01327690575666628,0.0010990948541910797,0.012586327254246613,0.015178084449206994,13.6,1.6733200530681511,11,15,5,5,12
binary,M4,impurity,time_energy,0.013075481533447874,0.001534606795525684,0.011411481609911208,0.01534060515118454,15.6,3.2093613071762426,12,19,5,5,13
binary,M4,impurity,mfcc_08_mean,0.013063817249027965,0.0018863657450512794,0.010591720552235133,0.015000725237973776,15.4,4.878524367060187,10,21,5,5,14
binary,M4,impurity,dwt_cA5_std,0.012753026521973253,0.0027140635875359037,0.010947916567104551,0.017482471066410474,17.4,5.727128425310542,8,22,5,5,15
binary,M4,impurity,dwt_cD5_mean_abs,0.01274110533226325,0.0017518798608963024,0.011262884636765582,0.01475461646265561,17.8,5.06951674225463,12,23,5,5,16
binary,M4,impurity,dwt_cD1_energy,0.01239912031219566,0.0006635720085340521,0.01177632908264432,0.013440156294615346,17.2,2.2803508501982765,15,21,5,5,17
binary,M4,impurity,mfcc_07_mean,0.01239652849033753,0.0008139320238194286,0.011640214126152288,0.013756853221410606,16.4,3.130495168499705,11,19,5,5,18
binary,M4,impurity,freq_centroid_mean,0.012221117248583352,0.0013710008060352262,0.010595834672492256,0.014339672711819084,17.0,4.847679857416329,10,23,5,5,19
binary,M4,impurity,time_zcr_std,0.011550714375199486,0.001233259828114998,0.009998398341513094,0.01322218213721848,18.8,5.805170109479997,12,27,5,5,20
binary,M4,impurity,freq_band_power_250_350,0.011514365388940828,0.0007748906195257783,0.010464419210431574,0.01263423696668298,19.4,2.8809720581775866,15,22,5,5,21
binary,M4,impurity,dwt_cD5_energy,0.011407751569304158,0.001083078982137605,0.009604884328599433,0.01225503430203849,20.2,4.147288270665544,16,27,5,5,22
binary,M4,impurity,dwt_cD1_std,0.01053852060966241,0.0012211809162873844,0.009003650808472543,0.012385584111794972,22.6,4.33589667773576,16,28,5,5,23
binary,M4,impurity,freq_band_power_350_400,0.01018353883344853,0.0012278798995131622,0.00908177437141968,0.012030967893426623,24.2,2.7748873851023212,20,27,5,5,24
binary,M4,impurity,dwt_cD4_mean_abs,0.010153517984750098,0.002286180997328469,0.00850324944440731,0.01404962117580943,23.6,7.829431652425353,10,29,5,5,25
binary,M4,impurity,dwt_cD3_entropy,0.008949803960992011,0.000816860092598176,0.008175359459192507,0.010111163434252677,27.6,3.7815340802378077,24,33,5,5,26
binary,M4,impurity,mfcc_03_mean,0.008788743945428518,0.0007570533320738837,0.007579212360640841,0.009451625623981441,28.6,2.302172886644268,26,32,5,5,27
binary,M4,impurity,dwt_cD2_energy,0.00857435961973516,0.0011757199578993863,0.007116952461581619,0.010155185558874432,29.4,4.03732584763727,25,35,5,5,28
binary,M4,impurity,dwt_cD3_mean_abs,0.008469082278109235,0.0010537315455480655,0.006897958519753207,0.009760132437420936,29.8,3.420526275297414,25,34,5,5,29
binary,M4,impurity,dwt_cD4_energy,0.008145817169055205,0.0013709972652598066,0.006719669986632323,0.00983759885288326,31.2,6.496152707564686,24,39,5,5,30
binary,M4,impurity,env_mean,0.007917685718727141,0.000891886158301566,0.006788498948214875,0.009074943063676958,32.4,3.646916505762094,29,38,5,5,31
binary,M4,impurity,dwt_cD4_std,0.007858798511740017,0.0012115189498285665,0.006873343304223563,0.009769390877637589,32.8,6.099180272790763,24,40,5,5,32
binary,M4,impurity,freq_band_power_50_100,0.007542636458930255,0.0012535585622816593,0.006659325172339221,0.009597829060182764,35.0,4.949747468305833,28,41,5,5,33
binary,M4,impurity,dwt_cD5_std,0.007494966946064422,0.0016191894600692761,0.0057906993004915,0.010028101843362523,35.0,6.284902544988268,26,41,5,5,34
binary,M4,impurity,chroma_12_mean,0.007147366419178587,0.0014247582692529057,0.006147079059927897,0.009646934087735292,37.0,7.968688725254613,23,43,5,5,35
binary,M4,impurity,time_sample_entropy,0.0070591114000889575,0.0009531086830806501,0.006086088204107353,0.008566765226442381,37.0,5.1478150704935,32,45,5,5,36
binary,M4,impurity,freq_flux_mean,0.006961855710388071,0.0006390090606866794,0.006357580846648213,0.00797477510006363,36.4,2.7018512172212588,32,39,5,5,37
binary,M4,impurity,mfcc_05_std,0.0069331740443283095,0.0011378439916087044,0.005316692540558057,0.00851516408213539,36.6,5.727128425310542,29,45,5,5,38
binary,M4,impurity,freq_rolloff85_mean,0.0066324005175410925,0.0010171310222362026,0.005274888846467795,0.007715894342700788,39.2,6.723094525588644,32,46,5,5,39
binary,M4,impurity,mfcc_12_mean,0.006377153479888893,0.001846091126623047,0.004313243403612282,0.009386877778527678,44.6,13.371611720357423,28,65,5,5,40
binary,M4,impurity,mfcc_02_mean,0.006354974942296891,0.0008646028000946868,0.005124471532997623,0.0072502530200013494,41.2,6.016643582596529,34,49,5,5,41
binary,M4,impurity,mfcc_11_mean,0.006295843617465252,0.000655222837470829,0.00580615686399482,0.00724894875342491,42.2,6.1400325732035,35,47,5,5,42
binary,M4,impurity,dwt_cD2_std,0.006293197115358573,0.0009057218066639985,0.005244190226911632,0.0076904138896072005,42.4,6.5038450166036395,34,51,5,5,43
binary,M4,impurity,chroma_01_mean,0.00618816334168847,0.0007328271720192115,0.005474054446844769,0.0073284697527125735,44.4,7.7330459716724835,33,53,5,5,44
binary,M4,impurity,env_std,0.006154314302269598,0.00032801318350073185,0.0056372379506518565,0.006454942099057784,43.0,1.5811388300841898,41,45,5,5,45
binary,M4,impurity,time_max,0.0057218463024499445,0.0006449701084677167,0.005005225249961086,0.006337214854733818,47.6,6.066300355241241,41,56,5,5,46
binary,M4,impurity,time_peak_to_peak,0.005672703714206251,0.0007399563347908778,0.004967292965733192,0.00685774117306837,47.4,8.590692637965812,36,57,5,5,47
binary,M4,impurity,freq_flux_std,0.005625474098823563,0.0016148623857126197,0.004577828078141378,0.008445624535100553,50.6,12.340988615179905,30,61,5,5,48
binary,M4,impurity,time_range,0.005587142814557229,0.0005694284600146397,0.004702652052541642,0.006286118284761218,48.2,6.180614856144977,42,58,5,5,49
binary,M4,impurity,freq_band_power_100_150,0.005400881814634802,0.0006985457305105992,0.0042063994590892636,0.005892827939635958,50.4,6.8774995456197585,45,62,5,5,50
binary,M4,impurity,mfcc_13_mean,0.00537436314895072,0.0005477369864756601,0.004882953497348126,0.0061542801432336825,50.6,4.979959839195493,44,56,5,5,51
binary,M4,impurity,mfcc_10_mean,0.005323469597812629,0.0008457001522667193,0.003998248303357705,0.00632857310537684,52.6,14.188023118109161,40,77,5,5,52
binary,M4,impurity,time_autocorr_peak_lag,0.005171617398547552,0.0003254391737843457,0.00482922521350467,0.00569089884917084,52.8,4.2661458015403095,48,57,5,5,53
binary,M4,impurity,dwt_cD2_mean_abs,0.005029676744930639,0.0005436360409247781,0.004179540425000302,0.005655807024030892,54.8,6.058052492344384,48,63,5,5,54
binary,M4,impurity,dwt_cD1_mean_abs,0.0049661121801636105,0.00044133853834860094,0.004559967894115972,0.005679589618119613,56.0,4.47213595499958,50,62,5,5,55
binary,M4,impurity,time_hjorth_mobility,0.004956908865165243,0.0006406169192292636,0.004064630273315188,0.005671828663256174,57.6,7.797435475847172,51,70,5,5,56
binary,M4,impurity,freq_rolloff95_mean,0.004783251870849506,0.0007915331222773015,0.003740473404811906,0.005656955069295185,62.4,12.012493496356198,52,81,5,5,57
binary,M4,impurity,freq_band_power_20_50,0.004780581563649999,0.001271302998380424,0.003823892724577626,0.006905637516056685,63.2,18.294808006644946,36,83,5,5,58
binary,M4,impurity,chroma_07_std,0.004638103360809953,0.0005344741733057657,0.00406786951480245,0.005315012522082405,62.0,7.648529270389178,54,71,5,5,59
binary,M4,impurity,time_autocorr_peak_value,0.004597944632574033,0.0005016191802961517,0.00399093652419038,0.005115871306483012,62.2,10.497618777608567,54,78,5,5,60
binary,M4,impurity,mfcc_06_std,0.00458060661636823,0.00046505226131505405,0.004234995443163992,0.005336402352891936,61.2,6.099180272790763,52,69,5,5,61
binary,M4,impurity,time_crest_factor,0.004517788801294649,0.0004361530931172995,0.003968776014564236,0.005075716558217927,62.8,9.47100839404126,52,75,5,5,62
binary,M4,impurity,dwt_cD3_energy,0.004414316897409015,0.00016079233809060417,0.004237766934318992,0.004567934238016852,63.4,3.361547262794322,60,69,5,5,63
binary,M4,impurity,time_median,0.004404001193717958,0.0006360549743617751,0.0033677663829634165,0.005108552147805776,68.4,15.978110025907318,55,96,5,5,64
binary,M4,impurity,freq_bandwidth_mean,0.004370333396041948,0.0005530673663232689,0.0040003088866163205,0.005342611591132968,67.8,8.983317872590282,53,75,5,5,65
binary,M4,impurity,chroma_02_mean,0.004281036809579841,0.0007410497978401526,0.0035794796626049522,0.005122129650703981,71.2,18.253766734567417,50,89,5,5,66
binary,M4,impurity,freq_band_power_150_250,0.004278096119568806,0.00045836630985372377,0.003767177530218218,0.004796994657036939,68.6,9.370165420097983,59,80,5,5,67
binary,M4,impurity,mfcc_01_mean,0.004236132621713243,0.0002672162706804093,0.003961738930017495,0.004548397252317102,69.0,6.670832032063166,62,79,5,5,68
binary,M4,impurity,chroma_07_mean,0.0042134705201008595,0.0005722156502253452,0.0034582731410487534,0.004787759099729804,71.8,15.801898620102586,59,96,5,5,69
binary,M4,impurity,dwt_cA5_entropy,0.004211763708615005,0.0005257910509247257,0.003498078203687843,0.004864869801487585,72.2,16.00624877977348,53,94,5,5,70
binary,M4,impurity,freq_rolloff85_std,0.004199918869001266,0.00032967499753892306,0.00386497821905095,0.004685963723219045,70.8,8.318653737234168,60,82,5,5,71
binary,M4,impurity,chroma_05_std,0.00401442958532894,0.0004037985228528103,0.0035118087006783074,0.004527920641280371,76.8,11.497825881443848,64,93,5,5,72
binary,M4,impurity,freq_centroid_std,0.0040136927077004765,0.00025940976992240393,0.003601944866377285,0.004255884118972392,75.0,11.022703842524301,64,91,5,5,73
binary,M4,impurity,dwt_cD3_std,0.003974611884630527,0.0004019489892925915,0.003470158935481263,0.004487009340664417,78.0,14.933184523068078,63,98,5,5,74
binary,M4,impurity,chroma_08_std,0.00395597007862194,0.0004089248767052655,0.003327923379511729,0.004410627310663433,76.8,12.833549781724463,65,98,5,5,75
binary,M4,impurity,chroma_03_mean,0.003914870268006344,0.00044945652476003695,0.0032293117844463125,0.00437846648857122,78.2,16.739175606940744,59,104,5,5,76
binary,M4,impurity,env_peak_rate,0.0039034146513808503,0.0003287476300319618,0.003531001963612045,0.004211911912272524,79.2,10.52140675005011,70,93,5,5,77
binary,M4,impurity,mfcc_09_mean,0.003891550269375976,0.00043681380562546075,0.0033424605489289125,0.004384050502265037,80.8,13.935566009315876,67,99,5,5,78
binary,M4,impurity,freq_rolloff95_std,0.0038889366568856483,0.00039176546511340203,0.003439437086679781,0.0045016726251877245,80.4,10.5023806824929,65,92,5,5,79
binary,M4,impurity,chroma_11_mean,0.0038823612392071215,0.00019610789363481016,0.003700780462759936,0.004146862377617881,78.8,6.648308055437866,71,87,5,5,80
binary,M4,impurity,time_skewness,0.003845544539950713,0.00028069035995753193,0.003443178662773383,0.004154844944082077,81.0,7.713624310270755,71,91,5,5,81
binary,M4,impurity,mfcc_11_std,0.0038060726418861685,0.00046760095628299407,0.003429942017490455,0.004575541826238233,83.4,14.53616180427282,62,97,5,5,82
binary,M4,impurity,mfcc_08_std,0.003785416664542422,0.0002963875971402134,0.003358262363980437,0.004155951985629136,82.8,9.679876032264051,72,97,5,5,83
binary,M4,impurity,mfcc_04_std,0.003783001820263117,0.00019910704878775218,0.003581294391203283,0.004114155063776942,83.0,10.977249200050073,65,95,5,5,84
binary,M4,impurity,freq_spectral_entropy,0.003745806487616461,0.00030485334467118065,0.003425479374523426,0.004123351701393435,84.6,10.597169433391162,73,97,5,5,85
binary,M4,impurity,freq_peak_power,0.0036893476493912968,0.00023180228185128496,0.0033836625454542173,0.00400561206838191,86.6,6.9498201415576215,78,95,5,5,86
binary,M4,impurity,mfcc_07_std,0.0036724711478111002,0.00037503414483636344,0.00330249088360515,0.004270207818317832,87.6,12.340988615179903,68,100,5,5,87
binary,M4,impurity,mfcc_02_delta_mean,0.003666551076327621,0.00046025458649671274,0.003073126154323018,0.004334702672961847,87.8,16.407315441594946,64,108,5,5,88
binary,M4,impurity,chroma_06_std,0.003654917717251327,0.00029531855473126313,0.0031943047602864256,0.004012659318159083,87.4,10.188228501560022,77,104,5,5,89
binary,M4,impurity,mfcc_12_std,0.003653840613454899,0.00038322837187741726,0.0031717910350318374,0.00411313628854288,89.4,13.957077057894322,73,108,5,5,90
binary,M4,impurity,chroma_11_std,0.0036520233333907554,0.0006245008186810046,0.0026420321902068883,0.00431804024679736,89.4,23.954122818421048,67,128,5,5,91
binary,M4,impurity,mfcc_07_delta_mean,0.0036480521173438184,0.000558589755732997,0.0030552082030883866,0.004401514432062284,87.6,20.863844324572593,58,109,5,5,92
binary,M4,impurity,chroma_06_mean,0.0036466938222145346,0.0004409694327544725,0.002997502863606311,0.004163279694600708,88.0,15.636495771111889,70,110,5,5,93
binary,M4,impurity,chroma_09_mean,0.003535768286158948,0.00030094114924838903,0.003218715753096237,0.0038547043108129674,91.8,12.275992831539128,79,105,5,5,94
binary,M4,impurity,dwt_cD5_entropy,0.0034875410158223983,0.00018335083455290425,0.0032344312474447585,0.003646911759274708,95.0,7.968688725254613,87,105,5,5,95
binary,M4,impurity,mfcc_02_std,0.0034759445971397455,0.0003533631040760992,0.0029190514501749817,0.0038435867191577923,94.8,14.184498581197714,80,115,5,5,96
binary,M4,impurity,env_kurtosis,0.00342671454684974,0.0003099474234054109,0.0031051875967355877,0.003940232015288443,96.4,11.844830095868831,76,106,5,5,97
binary,M4,impurity,mfcc_10_std,0.0033920663211253047,0.00024606957332499053,0.0030974354780893974,0.0037115923736463392,97.0,9.460443964212251,87,107,5,5,98
binary,M4,impurity,mfcc_06_delta_mean,0.003390584708643861,0.00031556642527851215,0.0029654423525863204,0.0037082573658099366,97.4,12.218837915284743,84,114,5,5,99
binary,M4,impurity,mfcc_13_std,0.003370127497015609,0.0002682775091162022,0.00308335474849715,0.003756468041372738,98.0,9.669539802906858,85,110,5,5,100
binary,M4,impurity,mfcc_03_std,0.003316543336083594,0.00029633338585851275,0.0029599773779905125,0.0037455482628772564,102.8,12.988456413292536,85,117,5,5,101
binary,M4,impurity,mfcc_01_delta_mean,0.003268129353366429,0.00031466626095876134,0.0029848034207621797,0.0038040311302455906,102.0,13.564659966250536,79,112,5,5,102
binary,M4,impurity,chroma_04_std,0.0032494404504822003,0.00023100310293241243,0.003009771380376642,0.003595550100957768,104.2,8.10555365166378,94,113,5,5,103
binary,M4,impurity,freq_flatness_mean,0.003230566186310911,0.0003270944729723918,0.002689241307974546,0.0035094929363387343,105.4,14.41526968183391,95,130,5,5,104
binary,M4,impurity,time_min,0.003222489674896194,0.0002240844894209494,0.003007450442518446,0.003482793662270919,104.8,7.224956747275378,95,113,5,5,105
binary,M4,impurity,mfcc_10_delta_mean,0.0031445252155280004,5.664806856084697e-05,0.003063043376821183,0.003212222568308106,108.0,3.3911649915626336,105,113,5,5,106
binary,M4,impurity,freq_bandwidth_std,0.003139696811264161,0.00027115195321301944,0.002771673237609386,0.003536516172567061,107.8,9.654014708917735,93,119,5,5,107
binary,M4,impurity,chroma_10_std,0.0031384652961008058,0.00039117807112771537,0.0027834294426335006,0.0037697242692649523,109.2,14.131525041551603,86,121,5,5,108
binary,M4,impurity,chroma_04_mean,0.003124527688520106,0.0002755202478187744,0.002727518681708561,0.003465620737975866,107.2,12.029131306956458,90,122,5,5,109
binary,M4,impurity,chroma_08_mean,0.0030639618231711185,0.00033522451235376506,0.0027381531786173897,0.0036170261992103147,110.8,12.070625501605125,90,121,5,5,110
binary,M4,impurity,chroma_03_std,0.0030463183062108554,0.0004459392608830053,0.0025331462370685866,0.0036352515388527505,111.8,16.60421633200435,89,130,5,5,111
binary,M4,impurity,freq_flatness_std,0.003027811266645467,0.0002908386299908582,0.0026091573235212727,0.0033983706746883945,113.4,12.60158720161869,99,133,5,5,112
binary,M4,impurity,mfcc_04_delta_mean,0.0030178949050841185,0.00016000191767220822,0.002745534860843526,0.003141089470100136,113.4,7.127411872482185,105,124,5,5,113
binary,M4,impurity,mfcc_12_delta_mean,0.003005776817606962,0.0005328373105441974,0.002253804216889099,0.003622604664181848,112.8,16.769019053003667,92,136,5,5,114
binary,M4,impurity,env_skew,0.0029920325634885617,0.00035539379238351586,0.0026314422280350244,0.0035470711772405445,114.2,13.330416347586445,94,129,5,5,115
binary,M4,impurity,chroma_01_std,0.0029817519931766194,0.00010595858815353078,0.0028559275126349144,0.0031399338442293675,115.2,4.207136793592524,109,120,5,5,116
binary,M4,impurity,chroma_10_mean,0.0029782847918377276,0.00030609548116836935,0.0026068308914810384,0.0034345211185860553,113.6,12.93445012360402,94,126,5,5,117
binary,M4,impurity,mfcc_09_std,0.002975902551244011,0.000275853527067094,0.002680588608736356,0.0033282923602443695,113.8,10.473776778220929,99,127,5,5,118
binary,M4,impurity,chroma_12_std,0.002971032736910098,0.00021196155468348248,0.00275566087081548,0.003268318762872992,114.0,11.247221879201993,99,128,5,5,119
binary,M4,impurity,mfcc_13_delta_mean,0.002954420664264202,0.0004874649538962099,0.0024923678166775716,0.003611067294336437,114.6,18.689569283426515,91,131,5,5,120
binary,M4,impurity,chroma_09_std,0.002953562684179131,0.0005554515292579057,0.002331689465659021,0.003825400205472746,114.8,22.16303228351211,79,137,5,5,121
binary,M4,impurity,chroma_05_mean,0.0028734278792531933,0.00017365067242011584,0.0027643828689848243,0.0031755654235799784,117.2,4.2661458015403095,110,121,5,5,122
binary,M4,impurity,mfcc_05_delta_mean,0.0028432552795371667,0.0002367252785480082,0.0026007771251562346,0.003193078959381851,120.2,9.093954035511727,108,131,5,5,123
binary,M4,impurity,dwt_cD4_entropy,0.002840848926540597,0.00026727621433192774,0.002493720476777513,0.003216350454313674,120.0,9.669539802906858,104,130,5,5,124
binary,M4,impurity,chroma_02_std,0.0028328437065934203,0.0001663509214199863,0.002645837486780198,0.003024399633127252,121.2,6.058052492344385,113,128,5,5,125
binary,M4,impurity,time_kurtosis,0.002824507096815719,0.00020660018450163674,0.0026236329614825506,0.0031540602442317483,119.8,9.73139250056229,104,128,5,5,126
binary,M4,impurity,mfcc_08_delta_mean,0.002774332108061508,8.580738919576669e-05,0.0026947021880597685,0.0029140721615288083,122.8,1.9235384061671335,121,126,5,5,127
binary,M4,impurity,mfcc_03_delta_mean,0.0026794595716780386,0.0002566887234132714,0.0022302221695629978,0.0028812175982229527,124.4,5.9413803110051795,118,134,5,5,128
binary,M4,impurity,mfcc_09_delta_mean,0.00264344571415781,0.0001509580501099505,0.002425901192320726,0.002827618311124781,128.0,3.8078865529319543,124,134,5,5,129
binary,M4,impurity,time_shannon_entropy,0.0026300163619638133,9.692874931722218e-05,0.0025197291053284453,0.002764035495248399,127.8,3.70135110466435,122,131,5,5,130
binary,M4,impurity,mfcc_11_delta_mean,0.0026211612780033975,0.0001536981868869739,0.002413632691750738,0.002772174725063676,127.8,3.2710854467592245,125,133,5,5,131
binary,M4,impurity,freq_dominant,0.0025671286368962724,0.00040124120097087177,0.0021387332442789737,0.0030434067773705917,126.6,11.058933040759403,111,137,5,5,132
binary,M4,impurity,freq_total_power,0.002484347144208973,8.836297890696628e-05,0.0023909728239781746,0.0025787771981572506,132.8,2.2803508501982743,130,135,5,5,133
binary,M4,impurity,time_mean,0.0024290965635752467,0.0001546271327340804,0.0022376576760439826,0.002646786417371266,133.6,2.0736441353327715,132,137,5,5,134
binary,M4,impurity,time_std,0.002404542626315036,0.00013903986614251617,0.0022664955900677584,0.002597981755775808,134.0,2.549509756796392,132,138,5,5,135
binary,M4,impurity,time_rms,0.002321261403295776,0.00013397886019299922,0.002098766175639337,0.002448692511317623,135.8,1.3038404810405282,134,137,5,5,136
binary,M4,impurity,time_var,0.0023171813648477407,0.00018078085625883712,0.002124989588499099,0.0025718667795229656,135.0,2.2360679774997916,132,138,5,5,137
binary,M4,impurity,time_hjorth_activity,0.0022606434259803227,0.0002733390479858425,0.0020105034746034063,0.0026204120450917636,136.0,3.4641016151377526,130,138,5,5,138
binary,M4,permutation,time_zcr_mean,0.030145512114478835,0.003566615827092087,0.027205985965110025,0.03471609296852011,1.2,0.4472135954999579,1,2,5,5,1
binary,M4,permutation,mfcc_04_mean,0.02456421031272211,0.0045158915376406145,0.017454398352456556,0.028715235926967553,2.0,0.7071067811865476,1,3,5,5,2
binary,M4,permutation,dwt_cD1_entropy,0.020005821531552906,0.007391443503412825,0.013270079435127946,0.029843905778015867,3.2,1.0954451150103321,2,5,5,5,3
binary,M4,permutation,dwt_cD2_entropy,0.006101584627992833,0.005178388012908174,-0.001513680494263081,0.010695262520079952,27.2,44.22329702769797,4,106,5,4,4
binary,M4,permutation,dwt_cD1_energy,0.004076361874535646,0.0032873708906479534,-0.0009945437223938924,0.0070387046755725265,27.0,35.30580688781946,4,87,5,4,5
binary,M4,permutation,freq_flux_mean,0.002958745431329064,0.0039929259293073095,0.00043460758587789974,0.010012945850631626,32.2,30.244007670942022,5,82,5,5,6
binary,M4,permutation,dwt_cD2_energy,0.002505905028671318,0.0027604009348979196,-0.0013539651837524147,0.005173132151838433,36.4,38.44866707702622,8,99,5,4,7
binary,M4,permutation,dwt_cD1_std,0.0024986238333014454,0.004023996239451307,-0.003620196887900973,0.006789166643181166,43.6,53.068823239261675,4,128,5,4,8
binary,M4,permutation,mfcc_05_std,0.0024821550136262483,0.006660012053070601,-0.002920741889312983,0.013951758106036927,58.4,58.13174692025004,4,137,5,3,9
binary,M4,permutation,freq_band_power_350_400,0.002243190589763502,0.0041172079030149696,-0.004090043015098632,0.006275345896946583,44.0,51.894122981316485,5,131,5,4,10
binary,M4,permutation,time_duration,0.0021828952954252067,0.007057612279188917,-0.003953368637834687,0.014384075752764203,74.4,51.36925150320958,3,133,5,2,11
binary,M4,permutation,chroma_02_mean,0.002179475893121217,0.002444676675559035,-0.001506250180432478,0.004614886001747198,38.4,36.370317568038914,13,101,5,4,12
binary,M4,permutation,mfcc_01_std,0.001936616780171698,0.0016863658379384437,0.0003980779528224065,0.00467761855869524,34.4,26.651453994106966,13,72,5,5,13
binary,M4,permutation,mfcc_13_mean,0.0019076271953966596,0.0018516355885663343,-0.0003883495145631244,0.0034351145038167496,34.2,26.527344382730814,17,80,5,4,14
binary,M4,permutation,time_energy,0.0018856444737887612,0.008023720786363545,-0.007600851152478316,0.012463552642974662,75.2,65.28169728185688,5,136,5,2,15
binary,M4,permutation,mfcc_02_mean,0.0017835396793729342,0.0026478183319570843,-0.0011605415860734935,0.005806288409743588,43.2,34.73758771129625,10,94,5,4,16
binary,M4,permutation,freq_band_power_250_350,0.001680283320923721,0.003658969769789849,-0.003910332284419349,0.005327143133491063,47.2,50.14678454297942,6,130,5,4,17
binary,M4,permutation,dwt_cD5_mean_abs,0.001464753612678864,0.003485213188565762,-0.0019068102427899358,0.005359608826762041,62.6,51.39357936551997,6,112,5,3,18
binary,M4,permutation,chroma_09_mean,0.0014521600212850827,0.0027163532093566257,-0.0017494293041738773,0.0037878787878786735,50.0,47.41835087811469,8,106,5,3,19
binary,M4,permutation,freq_rolloff95_mean,0.001433053534945641,0.0017901536768838873,-0.001533675914431698,0.0028170050014709735,43.2,34.92420364160076,11,102,5,4,20
binary,M4,permutation,dwt_cA5_entropy,0.001355371064711779,0.0016418978650802223,-0.001050116920234423,0.0030534351145037773,43.2,26.985181118532445,19,89,5,4,21
binary,M4,permutation,mfcc_12_mean,0.0013060946619325553,0.0020178699217332334,8.752574286551296e-05,0.004872550332574388,49.0,30.748983723043597,13,88,5,5,22
binary,M4,permutation,freq_rolloff95_std,0.001226078238505106,0.0018679935177448302,-0.00087890625,0.003337648616877187,50.6,40.74677901380672,19,121,5,3,23
binary,M4,permutation,time_hjorth_complexity,0.0012041802636617426,0.004178986457101502,-0.003068549573403967,0.007341190125440799,59.8,55.54457669295896,7,121,5,3,24
binary,M4,permutation,mfcc_11_std,0.0011883394242424793,0.001503884433083494,-9.671179883945502e-05,0.0036907914092379037,45.2,23.413671220037237,10,75,5,4,25
binary,M4,permutation,dwt_cD4_entropy,0.0011286206301775125,0.0021959166616186765,-0.0013633289180734697,0.003816793893129722,50.6,38.76596445337069,17,103,5,3,26
binary,M4,permutation,freq_band_power_150_250,0.0011182650154782658,0.0017031982080328732,-0.0009983654144238186,0.0028503191821793615,49.2,29.944949490690412,16,96,5,3,27
binary,M4,permutation,chroma_07_std,0.0011098604165099603,0.0033458113529526556,-0.0016333194179389498,0.00687022900763351,61.0,46.74398357008097,8,125,5,2,28
binary,M4,permutation,time_kurtosis,0.0010891327851728304,0.0016929743910005033,-0.0007299270072992803,0.0037191376431298328,45.2,29.609120216581918,9,88,5,3,29
binary,M4,permutation,dwt_cD5_entropy,0.0010784129302811873,0.0014742066611675847,-0.0002901353965183651,0.0033374582538168497,44.6,27.682124195949992,13,85,5,3,30
binary,M4,permutation,mfcc_07_std,0.00102178964660818,0.002000300509681476,-0.0007736943907156624,0.0037878787878786735,54.2,37.84441834669942,8,98,5,2,31
binary,M4,permutation,mfcc_13_std,0.0009448500477401889,0.0012478717630800176,-0.00017971073067930555,0.0026228302441894226,51.2,25.965361541869584,13,84,5,3,32
binary,M4,permutation,chroma_05_std,0.0009258359622878398,0.0008033049835106817,0.00037878787878786735,0.002290076335877833,49.2,21.15892246783848,28,83,5,5,33
binary,M4,permutation,time_hjorth_mobility,0.0009069345380052352,0.0022627376344926623,-0.002196945639308301,0.0034351145038167496,59.0,42.649736224272246,12,118,5,3,34
binary,M4,permutation,mfcc_10_mean,0.000881248059031663,0.0022443428558210346,-0.0025032800572519333,0.0031836376352246233,51.0,46.9041575982343,22,134,5,3,35
binary,M4,permutation,mfcc_06_mean,0.0008583644550800541,0.0022573630906264175,-0.002445220704985762,0.003028210692444222,59.6,41.824633889611036,18,120,5,3,36
binary,M4,permutation,mfcc_01_mean,0.0008369370649074237,0.0015488446847159096,-0.0018375241779497453,0.001846131215063218,53.2,33.23702754459249,23,110,5,4,37
binary,M4,permutation,chroma_06_mean,0.000781737561322895,0.0008577824360543859,-0.0006545387932249458,0.001597536975190883,50.6,24.915858403835898,21,85,5,4,38
binary,M4,permutation,mfcc_01_delta_mean,0.000727399324932314,0.000751722066747144,-1.1102230246251566e-17,0.0018375241779496454,56.0,26.645825188948457,12,84,5,4,39
binary,M4,permutation,freq_spectral_entropy,0.0007246179382119999,0.0025093842060687635,-0.0021897810218978408,0.004198473282442694,62.4,42.694261909535335,15,113,5,3,40
binary,M4,permutation,freq_bandwidth_mean,0.0007240508006850321,0.003580039694668246,-0.00353831412225577,0.004876434245366212,68.8,54.68272121977837,5,131,5,3,41
binary,M4,permutation,chroma_01_std,0.0007061848259266613,0.0017743682487946603,-0.0008704061895551174,0.0028585033406246406,61.0,28.88771365130858,25,88,5,2,42
binary,M4,permutation,time_max,0.0006490542738065508,0.0015297867791671566,-0.0014128833534216678,0.0027386354028689163,59.2,40.855844135202986,18,115,5,4,43
binary,M4,permutation,chroma_08_mean,0.0006246832801965518,0.0007556947550992825,-0.00029013539651837614,0.0018017950858778998,53.4,13.202272531651511,41,75,5,4,44
binary,M4,permutation,freq_bandwidth_std,0.0005863909074549057,0.0007169239605128239,-0.0005825242718446866,0.0013844658005241594,57.8,27.417147918775214,26,89,5,4,45
binary,M4,permutation,dwt_cA5_mean_abs,0.000554176290105437,0.003938060826756713,-0.005156763834947864,0.004928416424766735,58.2,52.251315772906615,10,134,5,3,46
binary,M4,permutation,dwt_cA5_std,0.0005396109885564403,0.0029226185306200883,-0.003496059355062253,0.0045303384719442286,70.4,41.2831684830513,14,126,5,3,47
binary,M4,permutation,freq_centroid_mean,0.0005362382599114611,0.0023433790511974925,-0.0027964107090320822,0.0034351145038167496,63.0,45.16082373030855,11,118,5,3,48
binary,M4,permutation,mfcc_09_std,0.0005312044620154,0.0008140153726550765,-0.00019305019305020376,0.0017130844465649165,54.0,23.47338918861101,34,85,5,3,49
binary,M4,permutation,mfcc_08_mean,0.0004994340163249156,0.003877769764108421,-0.0031550319871488488,0.006285433685996144,67.0,51.86520991955976,9,127,5,2,50
binary,M4,permutation,dwt_cD2_std,0.0004937380527114254,0.0016263929406936837,-0.0021413724414677928,0.0023315681082671236,61.4,36.28084894265844,14,114,5,4,51
binary,M4,permutation,mfcc_03_delta_mean,0.0004927861847806559,0.0017894104545633136,-0.0021897810218978408,0.0026717557251908055,57.4,31.87946047222255,35,113,5,4,52
binary,M4,permutation,chroma_10_std,0.000474183298544013,0.0027839568768084277,-0.003409090909091006,0.003816793893129722,60.4,49.932955049746454,16,127,5,3,53
binary,M4,permutation,time_rms,0.00039194925560047665,0.0006544989038891868,-0.0004835589941972862,0.0012248031965649165,59.6,15.67801007781281,45,85,5,3,54
binary,M4,permutation,chroma_04_std,0.0003584492934132144,0.0023698977608355228,-0.0033444960882243356,0.0028585033406246406,62.6,36.26706494879342,35,124,5,3,55
binary,M4,permutation,chroma_09_std,0.00032267051838589026,0.0006153896206361668,0.0,0.0014201156965649164,59.0,18.587630295441105,35,85,5,3,56
binary,M4,permutation,mfcc_13_delta_mean,0.00032046680390592115,0.0014779618803540137,-0.0008475889862751496,0.0026717557251908055,69.6,20.057417580536136,38,93,5,2,57
binary,M4,permutation,freq_band_power_50_100,0.00027431477716368226,0.0027833878580542835,-0.0021394918893129834,0.00371114384774488,76.8,52.14115457102959,20,132,5,2,58
binary,M4,permutation,mfcc_03_mean,0.0002487326349044828,0.002971425888668126,-0.0030494263018535084,0.004602471202979264,75.8,53.85350499271148,8,127,5,2,59
binary,M4,permutation,env_skew,0.00023199018027188377,0.0015809157608975657,-0.0005859375,0.0030534351145037773,73.0,29.206163733020468,32,112,5,1,60
binary,M4,permutation,chroma_11_std,0.00017074511775227782,0.001656327264915293,-0.0025032800572519333,0.0017134651726857131,65.0,43.034869582700026,16,134,5,3,61
binary,M4,permutation,mfcc_06_std,0.0001703234669852005,0.0013181194659173969,-0.0012879407039991353,0.0018748161223888782,70.6,32.84509095740184,22,102,5,2,62
binary,M4,permutation,chroma_02_std,0.00015776485650914612,0.00209566981898245,-0.0014925373134328623,0.003816793893129722,79.2,36.91476669301866,17,110,5,1,63
binary,M4,permutation,time_crest_factor,0.0001239104390500256,0.0008783642754035251,-0.000657708733241047,0.001499880725190883,69.0,21.714050750608465,48,105,5,2,64
binary,M4,permutation,dwt_cD1_mean_abs,5.263682464031528e-05,0.003481444901620074,-0.005749232026604323,0.003037066797613219,60.6,46.02499321021134,19,138,5,3,65
binary,M4,permutation,time_skewness,4.4244177003764956e-05,0.0013399456763648749,-0.002019711679905911,0.0013314050572519331,67.2,25.704085278414404,46,110,5,2,66
binary,M4,permutation,freq_rolloff85_std,4.358322027161912e-05,0.001219824734018445,-0.0016441005802708241,0.0013209767578699072,72.2,33.58124476549373,31,107,5,3,67
binary,M4,permutation,chroma_06_std,1.7774747440997248e-05,0.0004908361992597675,-0.0006925393606870168,0.0004835589941972751,71.6,31.333687941255814,30,117,5,3,68
binary,M4,permutation,mfcc_06_delta_mean,-8.729184601985452e-06,0.0006019018934395593,-0.0008546631362165491,0.0007299270072992581,71.4,28.147824072208493,41,96,5,2,69
binary,M4,permutation,mfcc_07_delta_mean,-2.950481544490291e-05,0.0014468772494635053,-0.0022990219465649163,0.0015267175572518886,68.8,36.64287106655263,41,133,5,3,70
binary,M4,permutation,chroma_05_mean,-5.308112542786962e-05,0.002956194100651259,-0.00519573313317363,0.002192610448938259,66.6,40.630038149132965,31,136,5,4,71
binary,M4,permutation,freq_rolloff85_mean,-7.033360872895187e-05,0.002061533857328026,-0.0020058901445763277,0.002387542222817407,74.8,34.23010371003863,42,112,5,2,72
binary,M4,permutation,mfcc_09_delta_mean,-8.659000188028458e-05,0.0015743191931600526,-0.0025124707606459574,0.001810931059625287,73.8,28.58671019897183,50,120,5,2,73
binary,M4,permutation,time_min,-0.00011884229481414544,0.0008784700727308351,-0.001050116920234423,0.0013224594465649163,77.8,17.541379649275026,53,98,5,1,74
binary,M4,permutation,mfcc_02_std,-0.00012191459127249837,0.0021538711265725475,-0.0028053638961864193,0.0019971075858778997,71.0,46.17899955607527,25,123,5,3,75
binary,M4,permutation,mfcc_03_std,-0.00012840878815317363,0.002715582590602678,-0.004580152671755711,0.002183474475190883,59.4,43.07319351986801,27,130,5,3,76
binary,M4,permutation,time_hjorth_activity,-0.00016926640328237763,0.0011433402344794934,-0.002155807038309443,0.0006604883789349536,77.2,29.158189244190044,45,115,5,3,77
binary,M4,permutation,env_kurtosis,-0.0002036445857164204,0.0010442219580244847,-0.0012435405179133108,0.0015088263358778997,81.2,19.664689166117018,47,96,5,1,78
binary,M4,permutation,freq_band_power_20_50,-0.00021157419612458217,0.0022394303194306245,-0.003592771153901697,0.001979216364503866,75.0,37.59654239421492,35,127,5,3,79
binary,M4,permutation,mfcc_07_mean,-0.00022227420298418285,0.0022207849932976706,-0.003359811709326299,0.0019792163645038553,75.6,43.60389890823984,24,126,5,2,80
binary,M4,permutation,time_zcr_std,-0.00027238364729419655,0.0027733628386948945,-0.0031465136804943116,0.0035856989503817104,81.0,48.22343828471794,11,125,5,2,81
binary,M4,permutation,dwt_cD4_mean_abs,-0.0002786787824994685,0.001972253925156498,-0.0034114928275512657,0.0017777287437481081,76.0,37.19542982679459,24,129,5,3,82
binary,M4,permutation,mfcc_11_delta_mean,-0.0002816322813789829,0.00058429143561402,-0.0011629293893129834,0.00038167938931297216,79.8,25.06391828904651,64,124,5,1,83
binary,M4,permutation,dwt_cD3_mean_abs,-0.0002834520854803202,0.002246541263883265,-0.002500793902826326,0.0023315681082671236,80.0,56.236109396009965,14,122,5,2,84
binary,M4,permutation,time_var,-0.00029272625374179514,0.0007763830296318463,-0.0010638297872340385,0.0007575757575757347,81.0,33.704599092705436,37,115,5,2,85
binary,M4,permutation,freq_flatness_mean,-0.0003063943858896101,0.0023387549806176506,-0.002748602530156008,0.0034351145038167496,84.2,36.43761792433748,23,117,5,1,86
binary,M4,permutation,dwt_cD3_entropy,-0.00033708438103882574,0.0009123593190566186,-0.00107421875,0.0007384524860252428,84.0,29.614185789921695,43,123,5,2,87
binary,M4,permutation,dwt_cA5_energy,-0.00036492517953413907,0.0009113223543720234,-0.0011068680776710528,0.0012153930540719448,85.4,38.3575285960918,20,117,5,1,88
binary,M4,permutation,chroma_07_mean,-0.00036606982089187445,0.00134593880933457,-0.0024793563114731466,0.0011450381679389166,80.4,35.34543817807328,32,119,5,2,89
binary,M4,permutation,chroma_03_mean,-0.0003848067483732942,0.0012764122620086732,-0.0021947631656369926,0.0009228888358778886,79.6,29.12559012277691,40,111,5,2,90
binary,M4,permutation,chroma_10_mean,-0.00040387556214769747,0.0004722026054936083,-0.0008546631362165824,0.00019342359767891005,83.6,30.013330371686514,33,112,5,1,91
binary,M4,permutation,dwt_cD3_std,-0.0004769514663153429,0.002881809210400166,-0.00519573313317363,0.0024768239513116687,79.2,43.06042266397301,35,136,5,2,92
binary,M4,permutation,dwt_cD4_std,-0.000497005778873647,0.0018929568226768313,-0.003482346488062604,0.0013317857833727632,84.6,31.43723906452346,49,125,5,3,93
binary,M4,permutation,mfcc_12_std,-0.0005466395576376271,0.0016061863251928374,-0.0029197080291971213,0.0015267175572518886,86.6,30.615355624261497,52,125,5,1,94
binary,M4,permutation,mfcc_10_delta_mean,-0.0005550195440827999,0.001223909632671988,-0.002458219429022379,0.0007480141218004887,81.4,38.416142440385656,38,118,5,1,95
binary,M4,permutation,freq_band_power_100_150,-0.0005648551519828504,0.0007851584932423996,-0.00185546875,9.652509652505748e-05,84.4,26.23547217032695,60,128,5,1,96
binary,M4,permutation,mfcc_09_mean,-0.0005780010206616471,0.0007604102742537428,-0.0016303877132711753,0.00038167938931297216,92.8,11.84060809249255,75,105,5,1,97
binary,M4,permutation,freq_peak_power,-0.0005951142966944166,0.0037330748426050134,-0.00464288807413612,0.003816793893129722,80.6,57.382924289373754,17,137,5,2,98
binary,M4,permutation,freq_total_power,-0.0006063283089306504,0.0011922831398528816,-0.001908396946564872,0.0007575757575757347,83.0,31.216982557575932,37,118,5,2,99
binary,M4,permutation,time_median,-0.0006247992291378313,0.00032606973693842815,-0.0009983654144238296,-0.0001941747572815622,91.4,25.065913109240604,57,120,5,0,100
binary,M4,permutation,chroma_12_std,-0.0006320984155119191,0.002053457358884995,-0.004198473282442705,0.0007736943907156402,74.0,36.823905279043935,25,128,5,3,101
binary,M4,permutation,env_peak_rate,-0.0006432291862182148,0.0027257535916703126,-0.005016022402494336,0.002281130725190883,79.4,43.40852450844189,30,135,5,2,102
binary,M4,permutation,time_peak_to_peak,-0.0006549391241820612,0.0015750824169586735,-0.0031178287731686294,0.0007879112539618926,87.6,32.807011445726054,46,122,5,2,103
binary,M4,permutation,time_mean,-0.0006565653625522971,0.001741915960719903,-0.0037461601330215145,0.00038167938931297216,83.4,32.439173848912986,50,135,5,2,104
binary,M4,permutation,mfcc_04_std,-0.000666571030125771,0.0026672847692864998,-0.002865456697573521,0.003710192032442794,81.0,52.19674319342156,10,123,5,1,105
binary,M4,permutation,dwt_cD5_energy,-0.0006731291876916876,0.01076328270507843,-0.016119816079639325,0.014231069026242072,80.8,49.696076303869305,4,138,5,2,106
binary,M4,permutation,time_range,-0.0006994851175998873,0.0022753987095757537,-0.0031369520447190767,0.0025426542336672185,87.6,46.42520866942873,10,124,5,2,107
binary,M4,permutation,freq_flux_std,-0.0007436130892216464,0.002219755451460106,-0.003700353045013294,0.002290076335877833,87.2,39.04100408544842,44,129,5,1,108
binary,M4,permutation,dwt_cD3_energy,-0.0007469971611897108,0.0005462414179550727,-0.0013496616651956894,-0.0002901353965183651,91.6,24.825390228554316,54,114,5,0,109
binary,M4,permutation,freq_dominant,-0.0007479464702787153,0.0005100460612272413,-0.0013128265827535568,-1.912327155049187e-05,96.0,17.944358444926362,73,115,5,0,110
binary,M4,permutation,mfcc_11_mean,-0.0007524985125396145,0.0027139345172055357,-0.0033294644584318856,0.0033720373136430946,83.8,50.835027294179746,16,138,5,1,111
binary,M4,permutation,mfcc_05_delta_mean,-0.0007527262711461469,0.00143600794381326,-0.0029950962432714555,0.0005802707930367302,89.8,38.10774199555781,28,126,5,2,112
binary,M4,permutation,freq_flatness_std,-0.0007603863402525745,0.0017170384680476206,-0.003381196629371863,0.001320976757869885,91.2,35.70294105532484,32,128,5,1,113
binary,M4,permutation,dwt_cD2_mean_abs,-0.0008449730746686156,0.0032712623077375286,-0.004919310603654847,0.002663571566745515,85.6,49.58124645468285,29,134,5,3,114
binary,M4,permutation,dwt_cD5_std,-0.0008777350725913124,0.0013166929360057494,-0.002274328551700877,0.0005947053898784138,87.6,44.897661409031095,27,130,5,2,115
binary,M4,permutation,chroma_04_mean,-0.0008992368291713748,0.001092938841061199,-0.0019760963076301485,0.0005791505791505446,96.6,30.104816890325043,48,128,5,1,116
binary,M4,permutation,chroma_12_mean,-0.000915023921706366,0.0024927227050576192,-0.004185789938217177,0.0026538645038168386,86.4,44.76382468020355,20,135,5,1,117
binary,M4,permutation,mfcc_08_std,-0.0009223789133574001,0.0015551091379022728,-0.0036496350364964014,0.0,91.2,34.3030610878971,38,134,5,0,118
binary,M4,permutation,freq_centroid_std,-0.0009342695255811839,0.0021936951587822186,-0.003409090909091006,0.001890505725190872,86.8,37.15777173082368,39,127,5,2,119
binary,M4,permutation,mfcc_10_std,-0.0009350908432542582,0.002407492187770664,-0.003700353045013316,0.0009534051213949457,77.6,48.90092023673992,22,130,5,3,120
binary,M4,permutation,time_shannon_entropy,-0.000984636219117856,0.0020191816596812472,-0.0037587690175813647,0.0013209767578699183,89.2,41.76362053270765,30,129,5,1,121
binary,M4,permutation,time_std,-0.0009902463054868905,0.0009988221236754313,-0.002005862833504435,-2.2204460492503132e-17,96.0,18.881207588499205,72,119,5,0,122
binary,M4,permutation,mfcc_08_delta_mean,-0.0010268691561334496,0.0013732850121675503,-0.0030534351145037773,0.0002895752895752723,94.2,27.44448942866309,55,125,5,1,123
binary,M4,permutation,time_autocorr_peak_value,-0.0010364631582458548,0.002515787678607506,-0.0038356869667549587,0.0026538645038168386,92.2,44.059051283476364,20,132,5,2,124
binary,M4,permutation,chroma_01_mean,-0.0010967992402167016,0.0027048170243192397,-0.004580152671755733,0.0016951779725501658,81.0,45.03887209955418,26,131,5,2,125
binary,M4,permutation,mfcc_04_delta_mean,-0.0011153817173491576,0.0019499493580825266,-0.0037099146807885288,0.0007633587786259443,93.0,30.008332176247315,69,131,5,2,126
binary,M4,permutation,mfcc_05_mean,-0.001130762053057961,0.005030523085975771,-0.009022506619594028,0.004669137333370854,81.0,49.10193478876367,12,138,5,2,127
binary,M4,permutation,chroma_11_mean,-0.001183274458225565,0.0017108044135499898,-0.0036165205873235906,0.00047039002862596656,93.2,35.13829819442029,41,133,5,1,128
binary,M4,permutation,chroma_03_std,-0.0012811860864230386,0.0032483387326070487,-0.0064399953809290535,0.0015267175572518886,87.4,36.712395726784166,52,138,5,2,129
binary,M4,permutation,env_std,-0.0012946520608582948,0.0027455441154338755,-0.0041984732824427275,0.0027515207538168496,91.0,45.60701700396552,18,130,5,1,130
binary,M4,permutation,mfcc_12_delta_mean,-0.0013115907286897909,0.0010831215457933006,-0.002877434264295586,-8.945610687016714e-06,106.0,13.2664991614216,92,124,5,0,131
binary,M4,permutation,chroma_08_std,-0.001356856452906694,0.002178414075757725,-0.004166666666666719,0.0011450381679389166,92.6,46.68832830590532,31,136,5,2,132
binary,M4,permutation,env_mean,-0.0014543776155108,0.002704107067961186,-0.004677618558695274,0.001610630442747185,91.6,45.263671967704965,28,132,5,2,133
binary,M4,permutation,time_autocorr_peak_lag,-0.0014885244978314737,0.0009679369274575517,-0.002290076335877844,0.00018461312150630516,104.8,25.87856255668,61,126,5,1,134
binary,M4,permutation,mfcc_02_delta_mean,-0.0015878502944434649,0.0026777653664087154,-0.004961832061068672,0.0015062501804324446,90.4,49.07952730008715,14,133,5,2,135
binary,M4,permutation,dwt_cD4_energy,-0.0015998754123175152,0.004753472999825694,-0.008583694180319323,0.0044906030774559905,90.8,49.428736581061834,9,137,5,2,136
binary,M4,permutation,time_sample_entropy,-0.0016763731176493632,0.0037875090295388827,-0.004526331273904105,0.0039942151717557665,96.8,56.88321369261761,7,136,5,2,137
binary,M4,permutation,time_iqr,-0.00170548922043972,0.0062375458154462745,-0.00892541924095327,0.005637206549615248,73.0,60.64239441183041,8,137,5,2,138
binary,M5,impurity,mfcc_04_mean,0.2623979121088013,0.04274569542252923,0.2054627303049075,0.3054854068444318,1.0,0.0,1,1,5,5,1
binary,M5,impurity,dwt_cD1_entropy,0.15313628684852282,0.03587453261608506,0.10471592045153862,0.1871753228880933,2.4,0.5477225575051661,2,3,5,5,2
binary,M5,impurity,time_zcr_mean,0.09316913976602254,0.047632266002705335,0.03562373155406348,0.15642384366153847,3.0,1.224744871391589,2,5,5,5,3
binary,M5,impurity,dwt_cD5_energy,0.0410950961445409,0.008961341840826854,0.03191397397369992,0.05574798272015237,4.2,0.8366600265340756,3,5,5,5,4
binary,M5,impurity,dwt_cD1_energy,0.03576279290838095,0.013639959182819805,0.019358600643261958,0.05642173754200588,5.6,2.3021728866442674,4,9,5,5,5
binary,M5,impurity,time_iqr,0.030068499304458363,0.005627917877590849,0.02331099761628788,0.03839334522940555,6.4,0.5477225575051663,6,7,5,5,6
binary,M5,impurity,dwt_cD4_energy,0.015033323604764903,0.010717639364148657,0.00553720506428599,0.031153772923935757,14.2,9.257429448826494,6,27,5,5,7
binary,M5,impurity,dwt_cD5_mean_abs,0.014438974966929915,0.011103665850188836,0.0075322987469144025,0.034035036822099074,13.6,6.107372593840988,5,20,5,5,8
binary,M5,impurity,freq_band_power_350_400,0.013342462595849336,0.016292149434819162,0.00040834881041633577,0.04128435922125124,37.0,46.11398920067532,5,118,5,5,9
binary,M5,impurity,freq_band_power_250_350,0.011870989735528538,0.011519212213648598,0.0005594487892347456,0.026631069471729264,42.0,47.74410958432464,6,113,5,5,10
binary,M5,impurity,dwt_cA5_energy,0.01049779114602761,0.006151171778024241,0.0054400972731706455,0.019797344883642064,17.2,8.07465169527454,7,27,5,5,11
binary,M5,impurity,time_duration,0.010473650113391176,0.0025393530430459672,0.008086809882535828,0.014462477463725736,14.2,2.588435821108957,10,17,5,5,12
binary,M5,impurity,time_energy,0.010458426896248204,0.005967433163435028,0.003292493372121488,0.017010502292973788,19.4,13.069047402163633,8,40,5,5,13
binary,M5,impurity,mfcc_05_mean,0.009162607993360194,0.003539559233285214,0.0049700972915271355,0.012920908318201987,17.0,7.648529270389177,10,29,5,5,14
binary,M5,impurity,mfcc_05_std,0.009106054277994298,0.004955922450447591,0.004985746381731282,0.01655133615264261,18.4,8.17312669668102,8,26,5,5,15
binary,M5,impurity,mfcc_02_mean,0.008723948177498695,0.0034886561039270676,0.0029740149517516754,0.012197159807340267,19.0,12.389511693363866,11,41,5,5,16
binary,M5,impurity,chroma_05_std,0.00827560397711084,0.006728223411603436,0.0020034206729511225,0.01654262241522168,30.2,22.264321233758732,10,61,5,5,17
binary,M5,impurity,dwt_cA5_std,0.00786462624146336,0.009378176398733095,0.00025635972069803695,0.02370109750179635,47.0,47.885279575251516,7,126,5,5,18
binary,M5,impurity,chroma_07_std,0.007845675496176546,0.0041784867551971205,0.002857474629111845,0.011376823674041926,23.8,14.060583202698243,13,42,5,5,19
binary,M5,impurity,dwt_cD3_mean_abs,0.007641535553113215,0.005955949820475847,0.0010560569081211166,0.01639187213779034,34.4,31.98906063015918,9,87,5,5,20
binary,M5,impurity,time_hjorth_complexity,0.007276197237469172,0.0012143158156737465,0.005613376585437451,0.008486576575359336,18.2,2.489979919597747,16,22,5,5,21
binary,M5,impurity,dwt_cD1_std,0.006999196464863954,0.007257633717543158,0.00014800222581467186,0.0150858850402498,50.0,48.394214530251446,9,129,5,5,22
binary,M5,impurity,dwt_cD4_mean_abs,0.006910568229171242,0.006649244504309723,0.00011517637425180363,0.015098028328298782,60.8,65.51488380513241,9,133,5,5,23
binary,M5,impurity,mfcc_01_std,0.006874602553498624,0.004307006618764791,0.001782009658339653,0.012297231374143352,31.2,23.44568190520378,11,64,5,5,24
binary,M5,impurity,mfcc_01_mean,0.00539183196716539,0.0028105883276834053,0.003259573193615049,0.010163857769385179,30.2,10.66302021005306,13,41,5,5,25
binary,M5,impurity,chroma_07_mean,0.004970392629811448,0.006132127779203312,0.0003348388334224785,0.015500209840745969,56.0,43.14510400960925,10,121,5,5,26
binary,M5,impurity,dwt_cA5_mean_abs,0.00468389328026519,0.002061525015431835,0.0016160866705056183,0.007225092536973469,35.2,20.26573462769115,18,70,5,5,27
binary,M5,impurity,time_autocorr_peak_value,0.004574420688433776,0.0032592027285753347,0.0010599134234720077,0.009828671028852152,41.6,26.4253666010521,14,83,5,5,28
binary,M5,impurity,dwt_cD5_std,0.0045625783650769785,0.006119642090345716,0.0005141558998268857,0.015117825382842828,62.0,42.36153915995027,8,110,5,5,29
binary,M5,impurity,mfcc_01_delta_mean,0.004171724767787117,0.001354137927150275,0.0020284783314320084,0.005242052532074546,36.8,14.788509052639485,24,62,5,5,30
binary,M5,impurity,mfcc_03_mean,0.004059245241392206,0.0018587674956774697,0.0020795950983668516,0.006475726704022421,38.4,15.931101656822104,21,59,5,5,31
binary,M5,impurity,chroma_06_mean,0.004058536565106489,0.0016192247751818573,0.0019314022531447396,0.0056488289661354284,37.8,15.22169504358828,25,60,5,5,32
binary,M5,impurity,freq_band_power_20_50,0.004005635849584593,0.003026179298193511,0.0005086230536031867,0.008320084016171781,52.8,38.71304689636299,18,114,5,5,33
binary,M5,impurity,mfcc_13_delta_mean,0.003988434251076798,0.001749203161340935,0.0016648665116043419,0.005608670533858905,37.4,19.256167843057455,19,65,5,5,34
binary,M5,impurity,time_median,0.003879212991151995,0.002107759255931166,0.0005119497511695733,0.005765313254468557,45.8,36.25189650211421,24,110,5,5,35
binary,M5,impurity,chroma_01_mean,0.0038629143158040204,0.0015256807842721543,0.0018286888663927626,0.005919345985242258,40.2,15.287249589118376,25,63,5,5,36
binary,M5,impurity,mfcc_02_delta_mean,0.0038461128736473433,0.0017528873402045467,0.001898868714352767,0.006207970715550403,40.6,16.37986568931504,23,65,5,5,37
binary,M5,impurity,freq_rolloff95_mean,0.0037037284687918407,0.0028635406158594324,0.0008667063607424435,0.0075491117456969094,50.0,34.19064199455752,18,99,5,5,38
binary,M5,impurity,mfcc_12_mean,0.003628436713324957,0.00239161665084886,0.0015694019021205666,0.007622122921712226,45.4,18.256505689753446,18,67,5,5,39
binary,M5,impurity,dwt_cD2_entropy,0.0034910076772593306,0.0018910399774265587,0.0011974937898662056,0.005258714099969445,47.4,24.151604501564695,28,81,5,5,40
binary,M5,impurity,mfcc_12_std,0.003364983420357321,0.0018587480595541402,0.0015109069166200297,0.006389204945190818,46.6,18.22909761891685,22,73,5,5,41
binary,M5,impurity,mfcc_06_delta_mean,0.003316948651820821,0.002762456517073795,0.0011942052636673749,0.007779954393852604,54.0,26.627053911388696,17,81,5,5,42
binary,M5,impurity,freq_flux_mean,0.0032851772109243364,0.0019841208965332333,0.0006312299940137283,0.005854651482337591,50.8,31.633842637276935,26,105,5,5,43
binary,M5,impurity,time_zcr_std,0.003089244162744407,0.0014478336414641265,0.0020560579165479153,0.005579901438647402,46.8,12.988456413292536,27,59,5,5,44
binary,M5,impurity,time_sample_entropy,0.003085230112100141,0.0025291015310485434,0.0007410670758549384,0.007279726149296797,56.2,30.16123339653072,22,101,5,5,45
binary,M5,impurity,mfcc_10_std,0.0030348548514656597,0.002354262542919947,0.0008858992254135055,0.006418622997958638,58.6,33.16323265304515,25,94,5,5,46
binary,M5,impurity,time_skewness,0.002924754147861985,0.0011782326921364998,0.0019686955350888048,0.004448098211166344,47.8,13.663820841916802,33,61,5,5,47
binary,M5,impurity,mfcc_08_delta_mean,0.0028797899860697153,0.001210097336971881,0.0015022310990172685,0.00403715595467821,49.8,18.308467986153293,32,72,5,5,48
binary,M5,impurity,mfcc_05_delta_mean,0.002866409596489948,0.0014991363149138438,0.000910245017139763,0.00511101617995277,52.4,24.99599967994879,29,95,5,5,49
binary,M5,impurity,mfcc_07_delta_mean,0.0028279446745294637,0.0017680155019103344,0.0009106141066036735,0.005319089011489299,55.8,26.451843035977664,27,94,5,5,50
binary,M5,impurity,env_peak_rate,0.0028120451501599947,0.0008322782621241826,0.0017442544906818597,0.0037288271270519415,48.6,13.011533345459329,37,67,5,5,51
binary,M5,impurity,freq_peak_power,0.002727787036595311,0.0032223663463318286,0.0007408765440540331,0.008396604542949946,67.4,32.4468796650772,17,99,5,5,52
binary,M5,impurity,mfcc_06_std,0.002662534374104187,0.0008650842773339503,0.001217693651875945,0.0035427530089574585,51.2,16.84339633209407,37,80,5,5,53
binary,M5,impurity,env_kurtosis,0.002583598116971722,0.0015855336073350916,0.0007916322229217468,0.004205487263097354,59.6,30.835044997534865,34,98,5,5,54
binary,M5,impurity,freq_centroid_std,0.0025508384390738443,0.0016075735956304945,0.0009670936461622011,0.005216598268645815,59.0,22.135943621178654,28,90,5,5,55
binary,M5,impurity,mfcc_07_mean,0.0024056545611099234,0.0019519278343299955,0.00032480785401501147,0.00555890259051661,64.6,36.57594838141589,20,120,5,5,56
binary,M5,impurity,mfcc_03_std,0.00234267273944159,0.0014000563386139795,0.0009604671187227638,0.004027186067043695,62.2,25.341665296503308,32,92,5,5,57
binary,M5,impurity,mfcc_13_mean,0.0023089625758300177,0.0005334079464298208,0.0014351813668451844,0.002802436230297609,56.0,10.931605554537724,48,75,5,5,58
binary,M5,impurity,mfcc_10_mean,0.002283452682335703,0.002118410417813557,0.0006728980075686043,0.005956825563494974,68.8,30.809089567853185,24,108,5,5,59
binary,M5,impurity,mfcc_11_mean,0.0022752535182670674,0.0012158179568856596,0.0009856108415898515,0.0035361494203737013,62.2,21.253235047869772,40,89,5,5,60
binary,M5,impurity,freq_rolloff85_std,0.0021090658920881415,0.0015994951273071885,6.182109646524523e-05,0.0037297096145551254,73.6,44.25268353444794,40,136,5,5,61
binary,M5,impurity,dwt_cD2_energy,0.002105840893761915,0.0014670586249198583,0.0,0.0035575013717246196,68.0,41.81506905411015,36,137,5,4,62
binary,M5,impurity,dwt_cA5_entropy,0.002046621517318771,0.0010005661329378773,0.0005819698079630298,0.0032715273860185064,63.4,26.829088691194862,38,108,5,5,63
binary,M5,impurity,freq_centroid_mean,0.0020402758375598256,0.00042378391636426464,0.0013893398024213725,0.0024799627498106377,59.8,10.059821071967434,49,75,5,5,64
binary,M5,impurity,time_hjorth_mobility,0.0020249043939663458,0.00185484393846788,0.000466284265686166,0.004180670209223236,78.8,38.76467464070865,35,119,5,5,65
binary,M5,impurity,mfcc_06_mean,0.0020238454997510576,0.0010433894766030362,0.000686112421019798,0.003402479333079713,67.8,24.221890925359236,47,107,5,5,66
binary,M5,impurity,mfcc_12_delta_mean,0.0020216410523629176,0.0023555398687934263,0.00043711538885353685,0.006148375803820493,78.6,37.058062550543575,22,113,5,5,67
binary,M5,impurity,time_max,0.001980261370651745,0.0018440038939397327,0.0004289165597448991,0.00506216396662326,72.8,33.588688572196446,28,113,5,5,68
binary,M5,impurity,env_std,0.0019068393661579232,0.0009597540776990818,0.000744648583166412,0.0033290088050546935,67.2,25.351528553521188,38,106,5,5,69
binary,M5,impurity,freq_band_power_150_250,0.0018764287445710264,0.0024920602650155346,0.0002384337494191137,0.006275670848355419,84.6,41.74086726458855,19,128,5,5,70
binary,M5,impurity,mfcc_09_mean,0.001871272326871639,0.0012776357414991302,0.0008900468779520031,0.003961569011439745,68.8,25.09382394136055,33,96,5,5,71
binary,M5,impurity,freq_flatness_mean,0.0018433400970140758,0.0008581256594031813,0.0006309222926573916,0.0026822551002002475,68.2,24.1805707128678,47,106,5,5,72
binary,M5,impurity,freq_rolloff95_std,0.0018381501512609063,0.0019919584917618793,8.189349402196495e-05,0.0050929871886196,81.0,41.430664971733194,30,133,5,5,73
binary,M5,impurity,mfcc_09_std,0.0017546023416003692,0.0006696286389702306,0.0009622107990939833,0.0026637460502723018,67.8,16.783920876839236,49,91,5,5,74
binary,M5,impurity,mfcc_11_delta_mean,0.0017526876757945748,0.0011199127444512288,0.0008409642938359776,0.0035582196806663523,72.2,22.81885185542866,39,95,5,5,75
binary,M5,impurity,dwt_cD2_mean_abs,0.001716631059010015,0.0030027272699767685,3.447931020913186e-05,0.00704964242776915,98.8,46.43490066749362,21,134,5,5,76
binary,M5,impurity,chroma_06_std,0.0017086199321598634,0.002212200987823471,0.0,0.005370382534747981,89.6,49.3386258422344,22,138,5,4,77
binary,M5,impurity,env_mean,0.0016694738109826804,0.001306007540707945,0.00021576074783194476,0.0037317135353132774,76.2,33.056013068729264,34,125,5,5,78
binary,M5,impurity,time_range,0.001661038868105542,0.0025340595104421534,2.8599905203822275e-06,0.006013113332492568,94.4,47.95101667326773,23,136,5,5,79
binary,M5,impurity,dwt_cD4_std,0.0016476912235946245,0.0020301013031287793,0.00038989354369047636,0.0052422468726514414,84.8,37.00945825056076,23,114,5,5,80
binary,M5,impurity,dwt_cD2_std,0.0015538173383505226,0.0013285487360604918,0.0002793232833692282,0.0032457563012192343,81.4,37.1860188780676,39,121,5,5,81
binary,M5,impurity,mfcc_13_std,0.001534134688363619,0.0010324650512521891,0.0006206910583525674,0.003289135418924267,77.8,24.68197723035981,42,110,5,5,82
binary,M5,impurity,chroma_04_std,0.001521696189151076,0.0011359863455675818,0.0002563532773022863,0.003129423900915302,80.0,32.73377460666582,42,123,5,5,83
binary,M5,impurity,mfcc_08_std,0.001455614083369428,0.0010142674318774259,0.0005860352385309553,0.0029950056488811214,82.2,25.839891640639674,49,108,5,5,84
binary,M5,impurity,chroma_11_std,0.0014481465951045416,0.0012051729108002536,0.00013775704326858554,0.0033298943407276817,82.2,34.78074179772479,35,127,5,5,85
binary,M5,impurity,chroma_05_mean,0.0013760392209400496,0.0004886373400032747,0.0009463668190101031,0.0021375580774487314,78.2,14.618481453283716,57,93,5,5,86
binary,M5,impurity,chroma_08_mean,0.0013302025672212088,0.0009206432455368445,0.00024017875332954294,0.0025861930117043468,84.0,30.306764921383476,48,127,5,5,87
binary,M5,impurity,mfcc_04_delta_mean,0.0013052145651867135,0.0005032521085311948,0.0005899764653003924,0.0018254828788201447,80.8,18.793615937333612,65,111,5,5,88
binary,M5,impurity,dwt_cD3_entropy,0.0013002294744239701,0.000513105367288353,0.0007097190239168783,0.002091142089639356,79.8,14.906374475371265,60,100,5,5,89
binary,M5,impurity,chroma_11_mean,0.0012974110978264308,0.0009014282142979324,6.82251778793461e-06,0.0023414848410684124,84.2,32.252131712493046,52,134,5,5,90
binary,M5,impurity,chroma_02_mean,0.001285851044630468,0.0007412286412882323,0.00023987036020812287,0.002121311978954781,82.2,27.887273082895717,57,127,5,5,91
binary,M5,impurity,dwt_cD1_mean_abs,0.0012753270484483488,0.001241396679889573,0.00020049723830729607,0.0034142928369572953,88.8,33.29714702493293,38,129,5,5,92
binary,M5,impurity,mfcc_03_delta_mean,0.001274150141683547,0.0003570855003159495,0.0008913559593099649,0.001661123600588839,81.2,11.945710527214361,71,96,5,5,93
binary,M5,impurity,mfcc_11_std,0.0012703923275325377,0.0009340710931753988,0.00017770283596080206,0.002244860944175394,86.8,35.08845964131228,53,128,5,5,94
binary,M5,impurity,time_autocorr_peak_lag,0.0012678650982970927,0.0014244414272265933,0.00029820592639628684,0.003781947055945806,91.8,31.917080066948483,37,118,5,5,95
binary,M5,impurity,freq_total_power,0.0012140164085534398,0.0006142724447890387,0.0005281963530386265,0.002026866315828391,83.0,21.6794833886788,58,109,5,5,96
binary,M5,impurity,chroma_12_mean,0.0012108249506018495,0.0007183586982497015,0.0003876207431933417,0.002087759760051424,86.8,25.351528553521188,58,122,5,5,97
binary,M5,impurity,freq_rolloff85_mean,0.0011483114763856635,0.0004794480958105665,0.0005602574612907703,0.0018679875209495543,84.8,17.991664736760743,64,112,5,5,98
binary,M5,impurity,freq_band_power_100_150,0.0010976413946410125,0.0009218961158547983,0.000375153079576114,0.0026930030981949134,94.2,25.27251471460646,53,119,5,5,99
binary,M5,impurity,dwt_cD4_entropy,0.0010951221203127088,0.0008445224473362488,0.00022775923087471134,0.0020860170171330327,90.6,31.97342646636422,55,126,5,5,100
binary,M5,impurity,dwt_cD5_entropy,0.001064543024280862,0.0006296362086939647,0.00047927765195249217,0.002118581968163634,90.6,21.72095762161512,58,117,5,5,101
binary,M5,impurity,env_skew,0.0010542515801165698,0.0013400445496695678,0.00013114380008393223,0.00341285416793352,99.6,34.464474462843626,41,131,5,5,102
binary,M5,impurity,chroma_04_mean,0.001023503768098416,0.0005343043993713614,0.00029727312005897104,0.0017958507878022877,89.2,19.841874911408954,64,119,5,5,103
binary,M5,impurity,mfcc_10_delta_mean,0.0010067061864062017,0.00018938036516772628,0.0007267906897786193,0.001254859724340193,89.8,9.338094023943,78,104,5,5,104
binary,M5,impurity,chroma_09_std,0.0009640905384348843,0.0008596600414819929,1.3250114067077751e-06,0.0023006433334088806,96.8,31.059620087824644,54,136,5,5,105
binary,M5,impurity,mfcc_02_std,0.0009604165214003197,0.0007618836586563719,0.00013106328210484862,0.0021935858589628514,94.8,26.451843035977664,55,128,5,5,106
binary,M5,impurity,time_peak_to_peak,0.0009511541260596222,0.001332461457681087,0.00010388192938805697,0.003258411078414542,102.2,36.547229717175554,43,131,5,5,107
binary,M5,impurity,mfcc_07_std,0.0009396886411069634,0.00044990339754738453,0.00026777746323788107,0.0013234528943955398,93.4,20.107212636265622,77,122,5,5,108
binary,M5,impurity,freq_bandwidth_std,0.0009221918453187498,0.000998877639784951,0.0001433881333518684,0.0026477699607735114,98.4,32.06711711395336,45,129,5,5,109
binary,M5,impurity,chroma_09_mean,0.0009079204800589666,0.0006148896654100838,0.00014936610671470788,0.0018248838818107392,96.8,22.928148638736623,66,128,5,5,110
binary,M5,impurity,freq_spectral_entropy,0.0008727213001211286,0.0003533927635426569,0.0002608091310761459,0.001132280218134459,95.0,17.190113437671087,84,125,5,5,111
binary,M5,impurity,time_kurtosis,0.0007516676257360612,0.000380082309605495,0.00030427019362546894,0.001208810662703911,100.8,18.579558659989747,79,122,5,5,112
binary,M5,impurity,time_mean,0.0007464396546031096,0.0007062274393529183,0.0002476926113936143,0.00195019877736232,103.8,25.312052465179505,62,126,5,5,113
binary,M5,impurity,time_min,0.0007321982637367795,0.0008537891381527858,0.00019525587279822017,0.002205171776891594,104.6,31.14963884220811,52,125,5,5,114
binary,M5,impurity,dwt_cD3_energy,0.0007309493332857322,0.000508434537209851,0.0001578909259375732,0.0014723491305220614,102.4,21.232051243344344,73,126,5,5,115
binary,M5,impurity,freq_bandwidth_mean,0.00073014168025539,0.0005709775012191069,0.00010394422557814505,0.0015427172104873956,102.4,25.46173599737457,68,130,5,5,116
binary,M5,impurity,chroma_02_std,0.0007261638785795162,0.00037111779739173393,0.0002206723934788497,0.0011360606602798808,101.2,16.709278859364336,82,124,5,5,117
binary,M5,impurity,chroma_10_std,0.000719784028665782,0.0006886076747580445,2.271518261552654e-05,0.0016793235228140938,103.8,29.277978072264485,67,135,5,5,118
binary,M5,impurity,mfcc_04_std,0.0007135271526121183,0.000535216017436047,8.65778362093402e-05,0.0013076995242470744,101.8,23.920702330826327,76,132,5,5,119
binary,M5,impurity,chroma_03_std,0.0006802648723541515,0.0005612583581689996,0.00017583117044042609,0.00163313089329071,104.4,21.326040420106118,69,124,5,5,120
binary,M5,impurity,freq_band_power_50_100,0.0006780996107061438,0.0007039209221745728,1.3420253469930832e-05,0.001684661222280477,106.8,29.192464781172557,69,135,5,5,121
binary,M5,impurity,chroma_12_std,0.000672489138377569,0.00030627529322777215,0.0003946032029397949,0.0011528051114040416,104.6,14.62190138114739,83,120,5,5,122
binary,M5,impurity,time_var,0.0006561976746763771,0.00038557895264718165,0.00020913092877732168,0.0010723259948339804,104.4,19.957454747537323,84,128,5,5,123
binary,M5,impurity,time_crest_factor,0.000650662905049865,0.0007243866366736958,3.9126469172732455e-06,0.0016518130318133918,107.6,30.672463220289302,69,137,5,5,124
binary,M5,impurity,mfcc_09_delta_mean,0.0006393577685967493,0.0004820729875121606,0.00014417687369519948,0.0013778721568396672,107.8,20.78942038634074,76,130,5,5,125
binary,M5,impurity,dwt_cD3_std,0.0005487801418907719,0.0005719443802795833,4.297136355085239e-06,0.0014943644620543798,111.2,23.220680437919988,73,135,5,5,126
binary,M5,impurity,time_std,0.00044999689780228535,0.00031047800019223446,8.807360509586833e-05,0.0008588891551493431,112.8,15.238110119040353,92,131,5,5,127
binary,M5,impurity,chroma_10_mean,0.0004495840666134831,0.0004043328120811138,0.0,0.0007868861614594095,114.8,19.562719647329203,97,138,5,4,128
binary,M5,impurity,mfcc_08_mean,0.0004407288373499867,0.0003410579013042426,8.096505596452131e-05,0.0008756512957865125,115.4,16.516658257650064,98,135,5,5,129
binary,M5,impurity,chroma_03_mean,0.00043028714293885385,0.0002863995212586219,4.880846149800131e-05,0.000828888809043929,114.8,12.637246535539298,98,133,5,5,130
binary,M5,impurity,chroma_01_std,0.00040751400736773884,0.0003617142443667427,9.450089197597283e-05,0.0009380342515393102,116.4,17.242389625571047,93,134,5,5,131
binary,M5,impurity,chroma_08_std,0.0003992610407228316,0.0003250569897915188,0.00015598744612678749,0.0009654507237921526,116.6,15.142654985173504,90,127,5,5,132
binary,M5,impurity,time_rms,0.0003902044936676427,0.00019657757208935804,0.00017426676942093077,0.0006846033243594665,118.2,8.31865373723417,108,129,5,5,133
binary,M5,impurity,freq_flatness_std,0.0003591970236048661,0.0004902279710629042,0.0,0.0012046409601619396,118.8,23.188359148503803,80,137,5,4,134
binary,M5,impurity,time_shannon_entropy,0.0002554530827669215,0.00026148366073514126,2.0760322389482933e-08,0.0006394341522255513,123.4,12.561846997953765,106,137,5,5,135
binary,M5,impurity,time_hjorth_activity,0.00021186938593157736,0.00022224956848796207,8.92975059006505e-06,0.0005365136375467981,125.8,10.756393447619885,110,136,5,5,136
binary,M5,impurity,freq_flux_std,0.00019054870773982157,0.00019676959604144492,0.0,0.00042800823894847457,127.2,9.5236547606473,114,137,5,4,137
binary,M5,impurity,freq_dominant,0.0001779986922376922,0.0003418661567255519,0.0,0.0007868035136891022,128.8,16.76901905300367,99,138,5,3,138
binary,M5,permutation,mfcc_04_mean,0.03797185886015552,0.02538408233225461,0.013125183877611002,0.06841807657396252,1.8,0.8366600265340756,1,3,5,5,1
binary,M5,permutation,dwt_cD1_entropy,0.027158400686757688,0.01176884314931856,0.011340835539864647,0.0422354656786156,2.0,0.7071067811865476,1,3,5,5,2
binary,M5,permutation,time_zcr_mean,0.01916900711234894,0.009302157953644086,0.008956667340281166,0.0331644420635984,3.0,2.0,1,5,5,5,3
binary,M5,permutation,dwt_cD5_energy,0.009255791659822623,0.008447492348186373,-0.0011115575197535254,0.021938422009873237,26.4,47.87274798880883,3,112,5,4,4
binary,M5,permutation,dwt_cD1_energy,0.005399388636947404,0.011183588782593458,-0.006369520447190346,0.023185750922977266,54.0,63.95701681598353,3,134,5,3,5
binary,M5,permutation,mfcc_02_mean,0.004696739414143105,0.005792435459834336,-0.001008978319235554,0.013280303243806978,47.2,54.06200144278789,6,121,5,3,6
binary,M5,permutation,mfcc_05_std,0.0036402172232216203,0.011507616886743564,-0.012561128339694727,0.015892491122722906,50.2,63.14427923414757,4,138,5,3,7
binary,M5,permutation,time_iqr,0.0029434196703661208,0.00807946964396125,-0.009885260370697257,0.008442073962874186,51.0,62.44997998398398,4,138,5,3,8
binary,M5,permutation,chroma_07_std,0.00270694562904473,0.002988958575907374,0.0,0.006915269196822593,31.6,25.025986494042545,4,62,5,4,9
binary,M5,permutation,mfcc_01_mean,0.002567279249309047,0.004792882561472618,-0.0006700500147102329,0.010982019558661982,51.0,36.24913792078372,8,98,5,4,10
binary,M5,permutation,freq_centroid_std,0.002379451716075469,0.0026600321259613708,-0.0004826254826254539,0.00626906536910562,34.2,29.192464781172554,12,82,5,4,11
binary,M5,permutation,dwt_cD1_std,0.0022871346899640344,0.004671791651699808,-0.0009652509652509078,0.00970417987292238,62.2,48.32908027264744,6,103,5,2,12
binary,M5,permutation,freq_rolloff85_mean,0.002037625495331421,0.005235432836009301,-0.0015535543893129833,0.011198160796393098,63.6,47.95623004365543,5,119,5,3,13
binary,M5,permutation,time_duration,0.0019407757697254204,0.006757483514821984,-0.007731685789938237,0.008401657091717396,57.2,66.67233309252046,7,137,5,3,14
binary,M5,permutation,freq_band_power_350_400,0.001791770577586231,0.00850441237026324,-0.006506325389820533,0.016209170588732724,80.8,50.26629089161045,4,135,5,1,15
binary,M5,permutation,chroma_11_std,0.001776094774627568,0.002142167754488846,-0.0009122665203960989,0.005086325143129722,42.6,43.33358974283114,8,118,5,4,16
binary,M5,permutation,freq_band_power_250_350,0.0016536770295261527,0.00419814411801982,-0.002233009708737921,0.008794250256685033,60.4,42.10463157421045,7,117,5,3,17
binary,M5,permutation,chroma_05_std,0.0016475283637562566,0.001831844754181043,0.0,0.003842685229546694,37.2,24.045789652244736,7,62,5,3,18
binary,M5,permutation,time_kurtosis,0.0016312131406826015,0.002756286285867493,0.0,0.006505932418341298,41.8,17.683325479106017,11,55,5,3,19
binary,M5,permutation,freq_flatness_mean,0.0014205204298348706,0.0012080576868546032,0.00016219514009796487,0.002877434264295697,33.8,14.411800720243116,21,58,5,5,20
binary,M5,permutation,mfcc_13_delta_mean,0.0013826205222736965,0.0013222057446719254,-0.00022157106152026484,0.0028112053659499537,42.6,35.302974378938664,22,105,5,4,21
binary,M5,permutation,freq_bandwidth_mean,0.0013512553210233082,0.0026485107086801954,-0.000970873786407811,0.005400056545094789,63.0,41.89868733027325,15,105,5,3,22
binary,M5,permutation,env_peak_rate,0.0013066594571723323,0.0027103707801465994,-0.0011068680776709194,0.00559701492537309,53.0,41.53311931459037,10,101,5,3,23
binary,M5,permutation,mfcc_11_delta_mean,0.0012815307460369496,0.00197095542764615,-0.0004791452762525128,0.004014598540146075,55.8,42.186490728668105,10,101,5,3,24
binary,M5,permutation,mfcc_03_std,0.0012651950194222604,0.003113982770752334,-0.0016860186568215195,0.005952859247355058,58.0,49.05609034564414,13,118,5,3,25
binary,M5,permutation,dwt_cD5_mean_abs,0.001198172265819424,0.004113890270943705,-0.004545454545454552,0.007048792464622167,50.2,47.39936708438204,9,132,5,4,26
binary,M5,permutation,mfcc_04_std,0.0011830874101061628,0.0018120564804414636,0.0,0.004360668422540725,42.6,22.93032926061028,17,78,5,4,27
binary,M5,permutation,time_zcr_std,0.0011493461036104049,0.003995038813149407,-0.0043593704030597145,0.006618008124637376,58.0,49.26966612430005,10,129,5,3,28
binary,M5,permutation,chroma_01_mean,0.0011204648033406595,0.004307181414151266,-0.002720860675862624,0.008306794803145246,75.2,54.64155927496945,9,124,5,2,29
binary,M5,permutation,dwt_cA5_energy,0.0010639864883570205,0.0016646558989763434,-0.0007881289875574016,0.002714680269424874,55.4,49.932955049746454,11,117,5,3,30
binary,M5,permutation,dwt_cD2_mean_abs,0.0010412216857715827,0.0011226395132565025,0.0,0.002237148139312972,39.6,17.84096409950987,17,56,5,3,31
binary,M5,permutation,mfcc_10_std,0.0009373103405303752,0.001245285341830104,-0.0006968125581263696,0.0019060885129478012,50.4,30.426961728046393,21,89,5,3,32
binary,M5,permutation,mfcc_12_mean,0.0008085134889986167,0.0031247977879419638,-0.0008687258687258392,0.0063844221830883785,79.0,40.168395536789866,8,107,5,1,33
binary,M5,permutation,dwt_cA5_mean_abs,0.0008014014528160484,0.0015320325967458966,-0.0015775159935743298,0.002169519905309025,43.8,31.783643592262987,26,100,5,4,34
binary,M5,permutation,mfcc_05_delta_mean,0.0007945325084616807,0.0029927096139092347,-0.0035489487076469485,0.004560634670123798,58.2,49.0581287861655,15,130,5,3,35
binary,M5,permutation,chroma_06_std,0.0007446759641445233,0.0007846930955208914,0.0,0.0018790688498718678,44.0,10.222524150130436,28,55,5,3,36
binary,M5,permutation,mfcc_06_std,0.0007285035393539086,0.0017801466072911599,-0.0015986528760250861,0.002192610448938326,57.6,44.25833254879809,17,109,5,3,37
binary,M5,permutation,dwt_cD2_std,0.0006858032486003852,0.0011513863394357429,-0.00048828125,0.002045382372470317,55.0,30.894983411550815,29,97,5,3,38
binary,M5,permutation,dwt_cD5_std,0.0005894568023639479,0.0030556847672048716,-0.004159329079938823,0.0034262886452668616,52.8,47.562590341569916,19,135,5,4,39
binary,M5,permutation,time_hjorth_complexity,0.0005777529436444296,0.004013840751834437,-0.002971462194763186,0.006358347097599882,76.0,56.32051136131489,11,123,5,2,40
binary,M5,permutation,mfcc_12_std,0.0005604295995408281,0.000641676395194373,0.0,0.0013496616651956783,48.2,18.97893569197177,26,76,5,4,41
binary,M5,permutation,chroma_02_std,0.0005411191829883166,0.000882588399003117,0.0,0.0020309477756286108,46.2,12.537942414925984,30,62,5,2,42
binary,M5,permutation,freq_band_power_20_50,0.0005203544570616092,0.0020130669122278085,-0.0015986528760250861,0.003735696323080839,63.4,37.25318778306093,18,102,5,3,43
binary,M5,permutation,mfcc_09_std,0.0005083109722211975,0.0007932101148030266,-0.00017191331059942527,0.0017578125,57.0,28.801041647829337,22,85,5,3,44
binary,M5,permutation,dwt_cD5_entropy,0.0005060269753675373,0.001116095997572541,-0.00030876597770931327,0.002272727272727271,63.2,33.086250920888574,13,98,5,2,45
binary,M5,permutation,env_kurtosis,0.0004898268973785536,0.002264107562759505,-0.0020060531965649165,0.0035097722220618134,62.4,48.9979591411724,15,127,5,2,46
binary,M5,permutation,mfcc_07_std,0.00039967117106627593,0.0004097859089956582,0.0,0.0008566933225554796,48.8,12.517987058628878,30,62,5,3,47
binary,M5,permutation,chroma_04_std,0.00036615996067748793,0.001443548295960645,-0.0009396922543953523,0.002845689908796689,66.8,40.91698913654327,9,119,5,2,48
binary,M5,permutation,freq_flux_std,0.00036545987530318903,0.0008171931242265272,0.0,0.001827299376515945,54.0,18.76166303929372,31,83,5,1,49
binary,M5,permutation,mfcc_01_std,0.00036520324592176367,0.0024210142800262353,-0.0031071087786259666,0.003491659598529884,61.0,44.83859944289072,19,130,5,3,50
binary,M5,permutation,dwt_cD3_energy,0.00034903900194016796,0.0005363494957054135,0.0,0.0012668038215484124,53.0,17.406895185529212,33,78,5,3,51
binary,M5,permutation,mfcc_08_std,0.0003471087505804138,0.0008570081425714456,-0.0006796116504854455,0.00146484375,61.6,28.597202660400196,24,99,5,3,52
binary,M5,permutation,chroma_01_std,0.0003460096352990516,0.0003414560190643219,0.0,0.0008704061895551063,49.2,5.761944116355173,43,55,5,4,53
binary,M5,permutation,mfcc_02_std,0.00030853842519399375,0.0006665201494162516,-0.0001953125,0.0011605415860734935,67.6,25.841826560829638,37,94,5,2,54
binary,M5,permutation,time_peak_to_peak,0.000307022934502279,0.0025247122606732566,-0.0020140469919497474,0.004615462340136778,72.2,42.357998064120075,12,120,5,1,55
binary,M5,permutation,time_range,0.0002793323937418068,0.001973104508518071,-0.002290076335877833,0.002777216432345042,64.0,46.647615158762406,21,122,5,2,56
binary,M5,permutation,time_autocorr_peak_value,0.00024431639906332683,0.004190300034324475,-0.00609356505672799,0.005034745472672408,64.6,55.832786066969646,16,138,5,3,57
binary,M5,permutation,chroma_06_mean,0.00024351075555760997,0.0016199127707430473,-0.0019002057323224686,0.0019441793893129721,62.0,46.84549071148684,20,120,5,3,58
binary,M5,permutation,mfcc_03_delta_mean,0.0002410633662377371,0.0018948590319015424,-0.002286306118422865,0.003039926094864154,62.4,37.84573952243502,19,111,5,3,59
binary,M5,permutation,time_energy,0.00022416082678154963,0.005364236861767264,-0.007614004118858509,0.005420201223121024,61.2,63.39321730279983,13,136,5,3,60
binary,M5,permutation,chroma_02_mean,0.0002170383501908857,0.0007269068953426195,-0.00078125,0.0011368540094936375,66.0,35.45419580247167,34,109,5,3,61
binary,M5,permutation,freq_spectral_entropy,0.00016080025759107166,0.0004071426536801708,-0.0002840231393129833,0.000593983660036379,64.4,17.501428513124292,39,87,5,2,62
binary,M5,permutation,chroma_11_mean,0.00015430173463073737,0.000842904146556304,-0.0011363636363636465,0.0010393881225540635,62.4,26.931394319641157,40,109,5,3,63
binary,M5,permutation,mfcc_11_mean,0.00010945173125193274,0.0016811668635009671,-0.0018446601941748074,0.002528941366667614,66.6,42.01547334018742,26,115,5,3,64
binary,M5,permutation,time_std,9.875916145401398e-05,0.0003799134718052581,-0.0001941747572815622,0.0007633587786259666,67.2,15.562776101968442,47,83,5,1,65
binary,M5,permutation,mfcc_10_delta_mean,7.994675068067041e-05,0.004501997247961874,-0.007727644223994523,0.0031779281965648607,48.6,50.40138886975239,14,137,5,4,66
binary,M5,permutation,chroma_04_mean,7.541564279774476e-05,0.003431567362900101,-0.002916889778203602,0.005721152458211786,73.0,47.07971962533337,9,120,5,1,67
binary,M5,permutation,mfcc_06_delta_mean,6.830275718489701e-05,0.001937335754231251,-0.0019623834406304885,0.00212788119577999,71.2,46.964880495962085,18,125,5,2,68
binary,M5,permutation,freq_band_power_50_100,5.975867426391444e-05,0.002223201785678739,-0.0025152284996679875,0.003603265666372446,77.2,48.64360184032428,6,131,5,1,69
binary,M5,permutation,freq_flux_mean,4.0471599231559636e-05,0.003120597686312965,-0.0033965872315387057,0.005121466617817083,85.4,42.71182506051456,14,125,5,2,70
binary,M5,permutation,dwt_cD3_std,-9.178286134021713e-06,0.00043311847088986776,-0.00070513005571754,0.00046430685116828353,62.6,29.202739597510366,42,114,5,2,71
binary,M5,permutation,freq_centroid_mean,-1.0387723933591529e-05,0.002649928508953374,-0.003722204999577217,0.0024874963224477574,68.8,52.45664876829247,12,124,5,3,72
binary,M5,permutation,chroma_10_std,-2.339486405100289e-05,0.00046140073727157945,-0.0005859375,0.0006822612085770174,74.0,22.22611077089287,49,101,5,1,73
binary,M5,permutation,freq_dominant,-5.791505791505446e-05,0.00012950200641889903,-0.0002895752895752723,0.0,65.0,14.713938969562161,48,83,5,0,74
binary,M5,permutation,mfcc_08_delta_mean,-5.800924875567274e-05,0.001655866387196833,-0.002632391879964735,0.0017408123791102126,70.6,40.1098491645132,26,122,5,2,75
binary,M5,permutation,time_min,-6.284174499551872e-05,0.0006834168018065916,-0.00070513005571754,0.001073753628498242,77.0,33.52610922848042,36,114,5,1,76
binary,M5,permutation,freq_bandwidth_std,-8.492785504575104e-05,0.0008668562902541627,-0.0007736943907157068,0.0013154174664821827,75.6,33.77573093213528,35,116,5,2,77
binary,M5,permutation,mfcc_04_delta_mean,-8.961726522815683e-05,0.00048074504444841113,-0.0005791505791505336,0.0006076965270359946,75.4,16.318700928689143,55,92,5,2,78
binary,M5,permutation,mfcc_09_delta_mean,-0.00011776489527784984,0.00014938097285824604,-0.00037313432835820446,0.0,78.0,19.862024066041204,55,108,5,0,79
binary,M5,permutation,freq_rolloff85_std,-0.00012559432284386268,0.0014342062833451546,-0.0019760963076301485,0.002039004593749183,79.0,36.91882988394946,27,126,5,1,80
binary,M5,permutation,dwt_cD4_std,-0.00012579005500736208,0.0004975838256544397,-0.0009746588693957392,0.00034570859435892885,66.6,24.419254697881343,48,108,5,1,81
binary,M5,permutation,time_rms,-0.00012660468049506822,0.00029153893957938477,-0.000633401910774134,9.746588693957393e-05,71.2,14.149204924659195,55,87,5,1,82
binary,M5,permutation,dwt_cD3_mean_abs,-0.00014421917896759276,0.003296529743509592,-0.0044776119402985095,0.0045361700858778334,72.8,49.047935736379365,10,136,5,2,83
binary,M5,permutation,freq_total_power,-0.0001647660719586974,0.0006989123282414594,-0.0012605856393129832,0.0005580136966998994,76.2,28.542950092798744,41,114,5,3,84
binary,M5,permutation,dwt_cD1_mean_abs,-0.00018884319948049512,0.0011124122615466807,-0.0020721190429219384,0.00087890625,64.4,29.091235793620047,30,107,5,2,85
binary,M5,permutation,dwt_cA5_entropy,-0.00022496694276320507,0.001347294822931829,-0.0017762577228596864,0.001845954400698968,81.6,39.27212752067298,29,114,5,2,86
binary,M5,permutation,chroma_12_std,-0.00022897000454010774,0.00040605681480341285,-0.0009501063940597687,1.1102230246251566e-17,78.8,19.86705816169067,52,107,5,1,87
binary,M5,permutation,time_skewness,-0.0002460524895086703,0.002909211087420694,-0.003746160133021392,0.0033458327753225657,78.2,52.49476164342495,20,125,5,2,88
binary,M5,permutation,chroma_10_mean,-0.00025685482187006283,0.0007478763424524806,-0.0015755362452726574,0.0002912621359223433,66.8,32.94996206371109,40,124,5,1,89
binary,M5,permutation,dwt_cA5_std,-0.0002765408939137148,0.0021458272741828916,-0.003927232759349464,0.0017093262724330537,63.4,39.30394382247155,20,127,5,3,90
binary,M5,permutation,time_shannon_entropy,-0.0002793648101435275,0.0007466499246502604,-0.0015894935602964288,0.0002901353965183651,72.0,21.656407827707714,48,101,5,1,91
binary,M5,permutation,time_var,-0.0002829290643061188,0.00031344723955433314,-0.00068359375,0.0,82.0,14.594519519326424,62,103,5,0,92
binary,M5,permutation,chroma_03_mean,-0.00028680926748469337,0.0012197799539401385,-0.002286306118422865,0.001047572280999398,73.2,29.448259710889538,39,111,5,1,93
binary,M5,permutation,time_median,-0.000307697212590432,0.0018001218184608096,-0.0022990219465649163,0.0019068102427898914,83.0,46.438130884005226,32,129,5,2,94
binary,M5,permutation,time_max,-0.0003278460296806363,0.004723832592393734,-0.0068166445903671494,0.005168307399174299,62.4,62.98650649147006,11,136,5,3,95
binary,M5,permutation,mfcc_07_delta_mean,-0.00032831564143169566,0.002281267645294973,-0.00418578993821711,0.0017797255023533243,71.0,42.49705872175156,30,128,5,3,96
binary,M5,permutation,freq_rolloff95_mean,-0.0003302169911232599,0.001533008320242586,-0.002408061194469002,0.001436964115592221,75.8,40.083662507310876,35,119,5,2,97
binary,M5,permutation,dwt_cD4_entropy,-0.00034927112791572674,0.0012473284136839272,-0.002210917904348486,0.0007599815237160246,74.6,28.83227358360766,50,109,5,2,98
binary,M5,permutation,time_crest_factor,-0.00037481978928469937,0.0018040633448866146,-0.003531973057520443,0.0008771929824561653,65.6,37.159117319979494,35,123,5,3,99
binary,M5,permutation,time_hjorth_activity,-0.000390891412789216,0.0008740597708176176,-0.00195445706394608,0.0,70.8,23.636835659622463,48,106,5,0,100
binary,M5,permutation,chroma_08_std,-0.0004060560036699479,0.0008630461023226039,-0.00185546875,0.00037878787878787846,82.0,37.013511046643494,37,124,5,1,101
binary,M5,permutation,chroma_09_mean,-0.0004230194137509158,0.0009075122583892827,-0.0014619883040935533,0.0003731343283581712,78.2,33.36465195382682,46,117,5,3,102
binary,M5,permutation,env_skew,-0.00043548260907682045,0.0008925707833185036,-0.0016409238011180216,0.000389863547758329,77.6,35.84410690755176,47,122,5,2,103
binary,M5,permutation,chroma_09_std,-0.00043799427699163783,0.0009817054462461557,-0.002189781021897763,9.746588693957393e-05,75.6,23.244354153213205,48,108,5,1,104
binary,M5,permutation,time_hjorth_mobility,-0.00044607445815947783,0.0013969721260315069,-0.0029077304624749003,0.0005802707930367302,68.8,28.331960751066983,46,118,5,2,105
binary,M5,permutation,mfcc_08_mean,-0.0004504457958265684,0.0007296886546899434,-0.00146484375,0.00019305019305020376,83.4,29.652993103563762,47,117,5,1,106
binary,M5,permutation,mfcc_01_delta_mean,-0.00046580524726391303,0.0031871037492156203,-0.004377036739431195,0.0038883587786259443,79.0,55.37598757584374,11,133,5,2,107
binary,M5,permutation,mfcc_07_mean,-0.0005013258687342882,0.003268754151673941,-0.004287755010936945,0.0033300614913825298,70.4,57.58298359758723,17,132,5,2,108
binary,M5,permutation,chroma_07_mean,-0.0005459394444014244,0.0020879610483449306,-0.004068849871769531,0.0015342747867019835,80.4,36.943199644860215,25,129,5,1,109
binary,M5,permutation,dwt_cD3_entropy,-0.0007066698414279427,0.001758955212045441,-0.0038346851145038665,0.0003980477062036192,77.8,38.88701582790842,48,136,5,1,110
binary,M5,permutation,freq_peak_power,-0.0008206900386184968,0.0013080124319457855,-0.0022440323535213524,0.0008704061895551063,89.8,31.435648553831367,52,125,5,1,111
binary,M5,permutation,mfcc_13_std,-0.0008444209059463392,0.0017846094989758653,-0.004035735422596665,0.0,84.4,27.02406335102107,55,128,5,0,112
binary,M5,permutation,mfcc_09_mean,-0.0008721510585692971,0.0009813684537430174,-0.0020179566384710855,0.0,89.6,34.71022903986662,53,127,5,0,113
binary,M5,permutation,freq_flatness_std,-0.0009422822196544644,0.002107007097136771,-0.004711411098272322,0.0,75.8,33.521634805003174,48,131,5,0,114
binary,M5,permutation,chroma_05_mean,-0.000981255914377892,0.0013912061166895839,-0.003344496088224247,0.0,93.0,31.71750305430741,53,133,5,0,115
binary,M5,permutation,time_mean,-0.001031079406319826,0.0013037597388200015,-0.0027779381621871103,0.0,95.4,33.82750360283774,53,132,5,0,116
binary,M5,permutation,dwt_cD2_energy,-0.00104599131112602,0.0008130162402085828,-0.0022330097087378984,0.0,102.6,28.254203227130645,53,123,5,0,117
binary,M5,permutation,mfcc_13_mean,-0.0010628039649094845,0.0028898397166614914,-0.0034351145038167496,0.003583406138150713,97.4,47.18368362050593,18,134,5,1,118
binary,M5,permutation,freq_band_power_100_150,-0.0010839699447202423,0.001423538284981674,-0.0025427669588252598,0.0007633587786259888,91.2,40.678003884163246,46,129,5,1,119
binary,M5,permutation,env_mean,-0.001105866758465015,0.0021530053110868207,-0.003321565166225349,0.0023218049019890553,95.8,41.73367944478416,27,124,5,1,120
binary,M5,permutation,mfcc_12_delta_mean,-0.0011399813133100365,0.0013911118428798302,-0.0033622010922131017,-9.671179883946612e-05,102.2,21.62637278879655,77,127,5,0,121
binary,M5,permutation,mfcc_11_std,-0.0011789622923671806,0.003806989546523626,-0.007784713806611598,0.0020197116799058556,76.4,46.01412826513179,16,138,5,2,122
binary,M5,permutation,chroma_12_mean,-0.0011810669195672129,0.002522977512988065,-0.005554574874963225,0.0006968125581265028,83.8,38.8419875907503,38,133,5,1,123
binary,M5,permutation,time_sample_entropy,-0.0012095993990405528,0.0012580918799951126,-0.0023405574500464654,0.0005680462786259444,98.0,34.777866524558405,41,128,5,1,124
binary,M5,permutation,chroma_03_std,-0.0012219074063047964,0.0024548515810264445,-0.005403591327694213,0.0009765625,81.4,44.59596394293995,26,137,5,1,125
binary,M5,permutation,freq_rolloff95_std,-0.001259301317088537,0.0022976177627752597,-0.0043229663645038665,0.0010638297872340385,82.2,43.21110968258047,44,137,5,1,126
binary,M5,permutation,time_autocorr_peak_lag,-0.0012904993545278342,0.0013685462603521931,-0.003370385250658381,0.0,99.2,31.633842637276935,48,128,5,0,127
binary,M5,permutation,dwt_cD2_entropy,-0.0013033824900240785,0.0038531578039571637,-0.005221493088106077,0.003070484457345879,87.6,59.96082054141688,20,134,5,2,128
binary,M5,permutation,dwt_cD4_energy,-0.0014336857343777232,0.005344188879054194,-0.00986563099861607,0.00322265625,67.4,58.78605276764209,13,138,5,3,129
binary,M5,permutation,env_std,-0.001557282394595456,0.0024553725698030914,-0.00592396358819709,-0.00017505148573109252,103.0,21.400934559032695,78,133,5,0,130
binary,M5,permutation,mfcc_06_mean,-0.0015626880980919953,0.00371930501972758,-0.004476087140320639,0.004118190478939887,89.8,58.47392581313487,14,134,5,2,131
binary,M5,permutation,dwt_cD4_mean_abs,-0.001620567769633503,0.0029037731794390436,-0.006717301242848639,0.000386847195357809,95.4,30.729464687820386,62,135,5,1,132
binary,M5,permutation,mfcc_10_mean,-0.0017327929395998941,0.0033960237445801443,-0.00621252027439243,0.0026119402985074537,96.2,44.08741316974721,23,135,5,1,133
binary,M5,permutation,mfcc_03_mean,-0.0019056567060346994,0.0026108523913485108,-0.006135332412704619,0.0003449868645168608,98.4,34.42092386906546,54,134,5,2,134
binary,M5,permutation,freq_band_power_150_250,-0.002090754984082883,0.0014939774843825762,-0.003480588024809195,8.928172849426153e-05,109.6,31.13358315388706,61,135,5,1,135
binary,M5,permutation,chroma_08_mean,-0.0022018102178230792,0.0026535673426860713,-0.006326354478222629,9.671179883945502e-05,100.4,33.12551886386083,55,136,5,1,136
binary,M5,permutation,mfcc_05_mean,-0.0022664690249844166,0.0029839120391290646,-0.0054082236563987585,0.001021969456393057,97.8,45.92058361998462,47,132,5,2,137
binary,M5,permutation,mfcc_02_delta_mean,-0.003232207913348404,0.0033190189587478597,-0.008071812270285462,0.0008841190565547441,111.6,35.27463678055381,50,137,5,1,138
binary,M8,impurity,dwt_cD1_entropy,0.08389249816536903,0.022497722044610653,0.06211842969059944,0.11608806997537613,1.6,0.5477225575051662,1,2,5,5,1
binary,M8,impurity,mfcc_04_mean,0.07314707413315773,0.017875615010969667,0.048884883522987366,0.09299707412719727,1.8,0.8366600265340756,1,3,5,5,2
binary,M8,impurity,dwt_cD1_energy,0.04336451664566994,0.007909253144189343,0.0339592881500721,0.055564429610967636,4.0,1.0,3,5,5,5,3
binary,M8,impurity,time_zcr_mean,0.035618468187749386,0.026438594072126773,0.012837746180593967,0.0747036263346672,6.4,4.505552130427524,1,13,5,5,4
binary,M8,impurity,dwt_cD1_std,0.03218854069709778,0.021435438604237245,0.004892194643616676,0.05774443969130516,16.6,27.64597619907823,3,66,5,5,5
binary,M8,impurity,time_iqr,0.01921056993305683,0.005517413578067444,0.013667435385286808,0.026673732325434685,7.6,2.5099800796022267,4,10,5,5,6
binary,M8,impurity,dwt_cD3_mean_abs,0.018979131802916528,0.007442527588620102,0.011576121672987938,0.03085182048380375,8.8,3.271085446759225,4,12,5,5,7
binary,M8,impurity,dwt_cD4_energy,0.018723671324551105,0.012149215531364926,0.0071618398651480675,0.038506876677274704,12.8,10.2810505299799,4,30,5,5,8
binary,M8,impurity,dwt_cD5_energy,0.015772480331361294,0.006271210456870924,0.007484287954866886,0.021660102531313896,14.2,9.833615815151617,8,31,5,5,9
binary,M8,impurity,freq_band_power_350_400,0.015526007395237684,0.00795767021392719,0.005280178505927324,0.026294076815247536,19.4,22.93032926061028,5,60,5,5,10
binary,M8,impurity,time_duration,0.013754041492938995,0.005097684695276264,0.008902687579393387,0.021880365908145905,14.4,6.8044103344816,8,25,5,5,11
binary,M8,impurity,time_hjorth_mobility,0.012164186779409647,0.006289195132840442,0.0047701396979391575,0.02204306609928608,21.6,21.349473061413015,7,59,5,5,12
binary,M8,impurity,dwt_cD5_mean_abs,0.010713571775704622,0.0046110159058382165,0.007120538502931595,0.01838577724993229,21.2,12.00833044182246,6,37,5,5,13
binary,M8,impurity,freq_band_power_250_350,0.010228455532342196,0.011683714788300352,0.00406842352822423,0.031063085421919823,50.6,29.888124732073774,5,78,5,5,14
binary,M8,impurity,dwt_cD4_std,0.01016645603813231,0.005940565901019859,0.0027074830140918493,0.01884886994957924,38.8,47.0233984309939,9,121,5,5,15
binary,M8,impurity,dwt_cD4_mean_abs,0.010044623725116253,0.0017862329361655186,0.00828341580927372,0.012779687531292439,19.8,4.381780460041329,13,24,5,5,16
binary,M8,impurity,dwt_cD2_mean_abs,0.010040487628430128,0.0038443431695636718,0.0042340937070548534,0.014622662216424942,25.8,24.32488437793693,11,69,5,5,17
binary,M8,impurity,mfcc_05_mean,0.009648388810455799,0.0026001433713971197,0.007562718354165554,0.013137574307620525,23.2,8.955445270895243,12,31,5,5,18
binary,M8,impurity,dwt_cA5_mean_abs,0.009640958439558745,0.004160846060007136,0.004970477428287268,0.016406657174229622,27.4,21.05469068877527,7,63,5,5,19
binary,M8,impurity,time_energy,0.009640209935605526,0.0017484780738656104,0.008015211671590805,0.011931189335882664,21.2,6.496152707564686,14,29,5,5,20
binary,M8,impurity,dwt_cA5_energy,0.009602554142475128,0.006321731265616028,0.0055608442053198814,0.020611660555005074,32.2,19.979989989987484,7,54,5,5,21
binary,M8,impurity,mfcc_02_mean,0.009150679036974908,0.0014387785984362263,0.007352633401751518,0.011078624054789543,22.8,7.014271166700073,16,34,5,5,22
binary,M8,impurity,chroma_05_std,0.008410984883084893,0.005311991307957324,0.0034488581586629152,0.016938284039497375,44.4,35.962480448378415,9,90,5,5,23
binary,M8,impurity,freq_rolloff95_mean,0.008314061537384987,0.0021148243768458297,0.005908800754696131,0.011513099074363708,29.4,12.660963628413123,13,47,5,5,24
binary,M8,impurity,dwt_cD5_std,0.0082528967410326,0.0032959215189768717,0.0050393748097121716,0.012988642789423466,33.0,20.639767440550294,12,62,5,5,25
binary,M8,impurity,chroma_07_std,0.00788236754015088,0.0017943825280203128,0.0054044523276388645,0.01037922129034996,30.2,12.497999839974394,20,52,5,5,26
binary,M8,impurity,dwt_cA5_std,0.007821488729678094,0.007479107465899842,0.0011402614181861281,0.020121432840824127,60.8,51.89123240008855,7,134,5,5,27
binary,M8,impurity,freq_centroid_std,0.007492355443537236,0.002280354964154696,0.004709302913397551,0.010801699012517929,36.2,16.589153082662175,19,62,5,5,28
binary,M8,impurity,mfcc_05_std,0.007410587556660175,0.0012991928307146997,0.0056757330894470215,0.00861396174877882,32.8,10.353743284435827,23,45,5,5,29
binary,M8,impurity,freq_band_power_20_50,0.007267340924590826,0.0021297582150604155,0.0052130999974906445,0.009878023527562618,36.8,18.074844397670482,17,60,5,5,30
binary,M8,impurity,chroma_12_mean,0.007249228190630674,0.004205852698162564,0.0025033033452928066,0.012790476903319359,52.2,46.51021393199562,10,122,5,5,31
binary,M8,impurity,time_autocorr_peak_value,0.007136970572173595,0.0023109757642071453,0.0045833587646484375,0.010420957580208778,38.6,20.923670806051216,16,64,5,5,32
binary,M8,impurity,mfcc_01_std,0.006976385693997144,0.0020463174678271457,0.004201749339699745,0.009383464232087135,39.8,18.633303518163384,21,68,5,5,33
binary,M8,impurity,freq_band_power_50_100,0.006778485234826803,0.003918247370420724,0.002551733748987317,0.011883975006639957,57.2,47.86648096528509,15,120,5,5,34
binary,M8,impurity,time_sample_entropy,0.006777731887996197,0.002153050713778524,0.004903277847915888,0.010293877683579922,42.8,16.93221781102523,21,64,5,5,35
binary,M8,impurity,freq_flux_mean,0.006764513906091452,0.00196698129358826,0.004727112594991922,0.009747268632054329,41.8,20.179197209007103,18,71,5,5,36
binary,M8,impurity,freq_rolloff95_std,0.006699691712856293,0.003123794125232967,0.0027029821649193764,0.011023626662790775,49.6,40.1845741547674,14,116,5,5,37
binary,M8,impurity,mfcc_03_mean,0.006627797149121761,0.0016362492943128614,0.004877367988228798,0.009041573852300644,41.0,13.982131454109563,24,56,5,5,38
binary,M8,impurity,chroma_06_std,0.006524894665926695,0.001186647184761754,0.0045370557345449924,0.007459516637027264,41.0,13.656500283747665,32,65,5,5,39
binary,M8,impurity,env_std,0.006259701959788799,0.0022825749878946874,0.004153748508542776,0.008896558545529842,47.4,24.835458522040618,22,75,5,5,40
binary,M8,impurity,freq_rolloff85_mean,0.006214866740629077,0.001917905008765205,0.0030868619214743376,0.007583830505609512,51.0,32.48845948948642,31,107,5,5,41
binary,M8,impurity,freq_spectral_entropy,0.006158975395374,0.0031648058167868596,0.001334771397523582,0.009171190671622753,55.4,47.83617877715569,21,135,5,5,42
binary,M8,impurity,time_max,0.006143291294574737,0.0016822976001098769,0.004718403797596693,0.008786777965724468,44.6,17.357995275952806,21,61,5,5,43
binary,M8,impurity,time_autocorr_peak_lag,0.00588012496009469,0.0013952837811964799,0.004785775672644377,0.00829530693590641,47.8,13.103434664239755,27,59,5,5,44
binary,M8,impurity,dwt_cD2_energy,0.005825628340244293,0.0023219538962365406,0.0031729363836348057,0.009190995246171951,54.8,30.906310035330975,20,100,5,5,45
binary,M8,impurity,mfcc_12_mean,0.005825052969157696,0.001966301836140526,0.004095172975212336,0.009069273248314857,51.6,19.204166214652485,23,73,5,5,46
binary,M8,impurity,time_min,0.005702307913452387,0.0012065703086197872,0.0038834577426314354,0.006819332018494606,51.4,19.969977466186585,33,81,5,5,47
binary,M8,impurity,mfcc_06_mean,0.005627462267875671,0.0007586713923371339,0.004631502088159323,0.006643254775553942,49.6,11.260550608207398,34,61,5,5,48
binary,M8,impurity,mfcc_01_mean,0.005472405208274722,0.0034206305675745768,0.00296146422624588,0.011136768385767937,70.2,40.189550880794876,17,113,5,5,49
binary,M8,impurity,freq_flux_std,0.005435716826468706,0.00223439422856268,0.00313986511901021,0.008563704788684845,62.8,33.92933833719721,27,101,5,5,50
binary,M8,impurity,chroma_06_mean,0.005339657515287399,0.0020495695637159955,0.003251332323998213,0.00820041075348854,64.4,33.11042132018256,25,104,5,5,51
binary,M8,impurity,chroma_01_std,0.005318493396043777,0.0008095553220768594,0.0040392098017036915,0.006214379798620939,55.0,14.611639196202457,40,79,5,5,52
binary,M8,impurity,freq_band_power_150_250,0.005301763629540801,0.0025687554164232824,0.0026607809122651815,0.008349999785423279,68.4,44.42184147466199,26,118,5,5,53
binary,M8,impurity,freq_bandwidth_mean,0.00529347094707191,0.0016557835258480748,0.0031157301273196936,0.007093469146639109,60.4,28.094483444263574,37,98,5,5,54
binary,M8,impurity,chroma_11_mean,0.005209121573716402,0.0012314612961423696,0.003101412672549486,0.006152022164314985,58.8,25.143587651725436,41,103,5,5,55
binary,M8,impurity,mfcc_07_mean,0.005185576109215617,0.001385297090300816,0.003236203221604228,0.007105058059096336,60.8,25.704085278414404,36,104,5,5,56
binary,M8,impurity,chroma_07_mean,0.005183688411489129,0.0014592939672085521,0.003818042343482375,0.007596575189381838,59.2,21.358838919754042,28,87,5,5,57
binary,M8,impurity,dwt_cD2_entropy,0.004968482768163085,0.0015133227158764216,0.002925059525296092,0.00630586314946413,64.4,32.60828115678592,39,112,5,5,58
binary,M8,impurity,chroma_11_std,0.004922836320474744,0.0016232530686388575,0.002979469718411565,0.007283181417733431,66.2,27.526351011349107,32,103,5,5,59
binary,M8,impurity,env_mean,0.004905325686559081,0.0013589120016915322,0.0033467330504208803,0.0060861618258059025,65.0,25.019992006393608,41,93,5,5,60
binary,M8,impurity,mfcc_13_std,0.00483423457480967,0.002799179143065369,0.0022487530950456858,0.009230148047208786,76.8,45.90424816942327,20,126,5,5,61
binary,M8,impurity,mfcc_10_mean,0.004791570361703634,0.0014690541595076525,0.002760535106062889,0.006614975165575743,66.6,29.168476134347507,38,114,5,5,62
binary,M8,impurity,freq_centroid_mean,0.004766303836368025,0.0030213147104062358,0.0019222296541556716,0.009907576255500317,76.4,40.2777854406123,19,130,5,5,63
binary,M8,impurity,dwt_cD3_energy,0.004646481387317181,0.0015436724015645358,0.0027076026890426874,0.006274555344134569,70.2,32.29086558146127,39,115,5,5,64
binary,M8,impurity,time_median,0.004621028527617454,0.0013539491711270577,0.00263765687122941,0.006349931936711073,71.0,28.486839066488233,45,117,5,5,65
binary,M8,impurity,mfcc_12_std,0.004595882585272193,0.0018595297130473832,0.00287306378595531,0.007773035671561956,73.0,29.47032405658275,27,109,5,5,66
binary,M8,impurity,freq_peak_power,0.004581703525036574,0.0015496201808502265,0.002626198111101985,0.006431968417018652,73.6,34.29723020886672,38,119,5,5,67
binary,M8,impurity,mfcc_09_mean,0.004538297886028886,0.0013433136839499681,0.0032609417103230953,0.006317038554698229,71.8,27.215804232100144,37,103,5,5,68
binary,M8,impurity,freq_dominant,0.00451828078366816,0.005105785677445023,0.001044439966790378,0.013507761061191559,96.0,49.83472684785178,11,134,5,5,69
binary,M8,impurity,env_kurtosis,0.004483588505536318,0.0020575262812357097,0.002589380368590355,0.007276547607034445,78.4,40.23431371354556,28,118,5,5,70
binary,M8,impurity,time_hjorth_complexity,0.004471608065068721,0.0022813714224717463,0.001516056014224887,0.007109265774488449,77.2,42.46998940428406,31,134,5,5,71
binary,M8,impurity,chroma_02_std,0.004437301121652126,0.001004807211437525,0.003603530116379261,0.005753457546234131,72.6,21.384573879317774,49,93,5,5,72
binary,M8,impurity,mfcc_08_mean,0.0044239508919417855,0.0019494994474388212,0.003019649302586913,0.007851708680391312,78.0,31.756889016400834,25,110,5,5,73
binary,M8,impurity,time_skewness,0.004417957691475749,0.0016218392398492543,0.0025807921774685383,0.006706892978399992,78.4,31.524593573906706,39,119,5,5,74
binary,M8,impurity,freq_rolloff85_std,0.004417541669681668,0.00235944505513027,0.002415813971310854,0.00807861052453518,81.4,41.95592925916431,28,124,5,5,75
binary,M8,impurity,mfcc_07_std,0.004396685445681214,0.002128193955169289,0.0021147695370018482,0.006473678629845381,78.2,46.23526792395606,37,130,5,5,76
binary,M8,impurity,dwt_cD1_mean_abs,0.004362769518047571,0.0019527084917191607,0.0027603236958384514,0.0072287991642951965,80.2,36.45133742402328,35,115,5,5,77
binary,M8,impurity,mfcc_06_std,0.004299957258626819,0.0011891586872880343,0.003479323349893093,0.006287029478698969,74.6,22.074872593063816,40,95,5,5,78
binary,M8,impurity,time_zcr_std,0.0042983118910342455,0.0012510406040259882,0.002991920802742243,0.005848060827702284,75.8,27.878306978724517,45,106,5,5,79
binary,M8,impurity,chroma_09_mean,0.004296587826684117,0.001187398414737613,0.003111483296379447,0.006224766839295626,76.4,25.36335939894398,43,108,5,5,80
binary,M8,impurity,chroma_04_std,0.004290462564677,0.0024692821353815507,0.0014384982641786337,0.008065233938395977,81.6,40.65464303127012,29,134,5,5,81
binary,M8,impurity,time_range,0.004272677400149405,0.0032484314557471115,0.0017397314077243209,0.009930853731930256,89.4,43.34512660034574,18,132,5,5,82
binary,M8,impurity,mfcc_08_std,0.004258818039670586,0.001422270251780396,0.002076315926387906,0.005525355692952871,78.8,34.7951145996101,48,133,5,5,83
binary,M8,impurity,dwt_cA5_entropy,0.004251187294721603,0.0014391405740584707,0.0024646755773574114,0.006029379088431597,79.8,33.66303610787357,43,123,5,5,84
binary,M8,impurity,mfcc_03_delta_mean,0.004215526720508933,0.0014958832678577541,0.0021537344437092543,0.006253139581531286,80.6,33.679370540436175,39,131,5,5,85
binary,M8,impurity,mfcc_04_std,0.004198635695502162,0.001002547022212471,0.0029631408397108316,0.0056057278998196125,79.4,23.490423580684958,48,112,5,5,86
binary,M8,impurity,mfcc_13_mean,0.004171237396076321,0.0008988161012410733,0.0029341394547373056,0.005315000656992197,78.8,17.51285242329187,58,106,5,5,87
binary,M8,impurity,chroma_01_mean,0.004115274921059608,0.0010319285464325406,0.0023085554130375385,0.004816338885575533,79.6,27.537247502246842,58,127,5,5,88
binary,M8,impurity,mfcc_10_std,0.004062079265713692,0.00146228935999904,0.0022165344562381506,0.005744338035583496,81.6,34.07785204498664,46,126,5,5,89
binary,M8,impurity,mfcc_09_std,0.003944151196628809,0.0008318017822956537,0.0026843147352337837,0.004763063509017229,83.4,20.415680248279752,63,116,5,5,90
binary,M8,impurity,mfcc_02_delta_mean,0.003926234506070614,0.00036455371439272016,0.003340907394886017,0.004350065719336271,82.2,10.61602562167217,71,99,5,5,91
binary,M8,impurity,env_peak_rate,0.003921205084770918,0.00039463389838221495,0.0033494667150080204,0.004404115490615368,82.4,7.092249290598857,72,92,5,5,92
binary,M8,impurity,time_std,0.0039147647563368086,0.0013716444001054004,0.0027447394095361233,0.005934291519224644,86.4,30.418744221285664,46,112,5,5,93
binary,M8,impurity,env_skew,0.003866057191044092,0.0006990656929000436,0.0030367455910891294,0.004934626631438732,84.6,14.774978849392646,65,101,5,5,94
binary,M8,impurity,mfcc_11_mean,0.0037419197615236044,0.0007978438716622571,0.0026737505104392767,0.004823144059628248,88.6,19.856988694160048,67,117,5,5,95
binary,M8,impurity,mfcc_11_std,0.003741901274770498,0.0008745965177224736,0.0026427486445754766,0.0045433659106493,88.0,26.74883175019051,64,120,5,5,96
binary,M8,impurity,dwt_cD5_entropy,0.003732324857264757,0.0012466996740390392,0.002780692186206579,0.00587843032553792,91.4,25.26459973955653,49,113,5,5,97
binary,M8,impurity,freq_flatness_std,0.003689354099333286,0.0004641869313888608,0.0030105244368314743,0.004184399265795946,90.0,13.820274961085254,75,110,5,5,98
binary,M8,impurity,chroma_09_std,0.003683606907725334,0.0009761601819774522,0.002739803632721305,0.005104437470436096,91.6,22.81008548866049,61,114,5,5,99
binary,M8,impurity,mfcc_02_std,0.003680399991571903,0.0007018266541434154,0.0028237965889275074,0.004775164183229208,90.2,19.53714411064217,58,111,5,5,100
binary,M8,impurity,chroma_10_mean,0.0035410386975854636,0.0011601050192307327,0.002082995604723692,0.0048612928949296474,93.0,31.40859754907882,57,131,5,5,101
binary,M8,impurity,chroma_04_mean,0.0035406059585511686,0.0010512043902596185,0.0025848376099020243,0.0052037411369383335,93.8,27.761484110184025,52,121,5,5,102
binary,M8,impurity,mfcc_12_delta_mean,0.0035134467761963606,0.001454912681214479,0.0022950193379074335,0.005971904378384352,98.4,30.794480024835618,48,128,5,5,103
binary,M8,impurity,chroma_03_mean,0.0035059583839029073,0.0007971447877799479,0.0022203235421329737,0.004225358832627535,91.2,21.463923220138483,73,125,5,5,104
binary,M8,impurity,freq_band_power_100_150,0.0034908777102828025,0.0006789265358814935,0.002771835308521986,0.004383042920380831,95.0,16.95582495781317,77,115,5,5,105
binary,M8,impurity,chroma_08_std,0.0034538620617240666,0.0008205281503240824,0.002164266537874937,0.004361441824585199,95.2,23.101947969814148,66,129,5,5,106
binary,M8,impurity,time_mean,0.003438382362946868,0.0005858705109657086,0.0028028280939906836,0.004019758198410273,96.2,18.5930094390338,75,119,5,5,107
binary,M8,impurity,chroma_10_std,0.00341908591799438,0.000790433912565914,0.002570532262325287,0.004505831748247147,95.4,22.984777571253545,63,121,5,5,108
binary,M8,impurity,freq_bandwidth_std,0.003391230246052146,0.000810777748535704,0.002491782419383526,0.004439758136868477,98.2,21.58008341040414,71,122,5,5,109
binary,M8,impurity,chroma_08_mean,0.0033885557670146225,0.0005975200956723182,0.002841045381501317,0.004307197872549295,97.2,19.382982226685346,67,118,5,5,110
binary,M8,impurity,freq_total_power,0.0033835699781775475,0.0004545158954579485,0.0029363471549004316,0.004107935354113579,95.2,11.256109452204166,77,105,5,5,111
binary,M8,impurity,mfcc_03_std,0.0033743527252227067,0.0007099878489083411,0.0023485918063670397,0.004290370736271143,97.0,20.285462775100793,73,126,5,5,112
binary,M8,impurity,mfcc_04_delta_mean,0.0033507146406918766,0.0009323454530403626,0.0024303726386278868,0.004927502013742924,98.0,24.68805379125702,57,124,5,5,113
binary,M8,impurity,time_crest_factor,0.003330984152853489,0.0005430952705284011,0.0027755480259656906,0.004097973927855492,98.6,16.00937225502612,77,120,5,5,114
binary,M8,impurity,chroma_03_std,0.003302257740870118,0.0007188093466086672,0.0026137589011341333,0.004397749900817871,98.8,20.717142660125695,69,120,5,5,115
binary,M8,impurity,chroma_12_std,0.003292118804529309,0.0006881907624319483,0.0024427783209830523,0.003916391171514988,98.0,19.42935922772545,82,123,5,5,116
binary,M8,impurity,dwt_cD3_entropy,0.003247268102131784,0.0013970118650254153,0.0014302757335826755,0.0047005657106637955,98.0,30.405591591021544,70,132,5,5,117
binary,M8,impurity,freq_flatness_mean,0.003220362588763237,0.0012562030921327773,0.0015252570156008005,0.004725264851003885,99.2,28.065993657805883,67,133,5,5,118
binary,M8,impurity,chroma_02_mean,0.003119778330437839,0.0009743438618224682,0.0017109309555962682,0.0044060759246349335,100.8,23.98332754227403,65,130,5,5,119
binary,M8,impurity,chroma_05_mean,0.0031125121982768177,0.0007902955497405786,0.0018985123606398702,0.004001774359494448,103.6,20.206434618705007,80,133,5,5,120
binary,M8,impurity,time_shannon_entropy,0.003112308867275715,0.0016648880762561715,0.0010565181728452444,0.0056363618932664394,100.8,32.66802718255267,50,133,5,5,121
binary,M8,impurity,time_kurtosis,0.0030937226489186286,0.0008418495755293868,0.002156670205295086,0.004124783910810947,103.8,24.21156748333325,76,130,5,5,122
binary,M8,impurity,dwt_cD3_std,0.002995561552233994,0.0020492924050650365,0.001262728008441627,0.006448294501751661,107.4,40.89987775042855,36,136,5,5,123
binary,M8,impurity,mfcc_07_delta_mean,0.002931568305939436,0.0003846742891153465,0.00237565697170794,0.00330716953612864,107.6,11.970797801316337,95,122,5,5,124
binary,M8,impurity,mfcc_06_delta_mean,0.002900301618501544,0.0006381074328160386,0.002145330188795924,0.0038480726070702076,110.4,16.742162345408076,86,128,5,5,125
binary,M8,impurity,mfcc_08_delta_mean,0.002879997086711228,0.0009268000026402266,0.0017085658619180322,0.0038785168435424566,106.8,21.79908254950194,80,131,5,5,126
binary,M8,impurity,mfcc_09_delta_mean,0.002712976187467575,0.0007418791830600968,0.0019557003397494555,0.003764787223190069,113.6,19.099738218101315,84,132,5,5,127
binary,M8,impurity,mfcc_10_delta_mean,0.002639303542673588,0.00043810236984279593,0.002127940533682704,0.0032626420725136995,118.4,12.136721138759018,102,132,5,5,128
binary,M8,impurity,time_peak_to_peak,0.002617769339121878,0.0012263153140652384,0.0017007797723636031,0.004761408548802137,114.2,30.40888028191765,60,131,5,5,129
binary,M8,impurity,mfcc_11_delta_mean,0.0025986944325268268,0.0003089139413630167,0.0021723471581935883,0.0030117209535092115,119.4,5.727128425310541,111,127,5,5,130
binary,M8,impurity,mfcc_13_delta_mean,0.002562693413347006,0.0004999971582969417,0.0018149558454751968,0.003100175177678466,117.4,10.310189135025603,106,129,5,5,131
binary,M8,impurity,mfcc_01_delta_mean,0.0025501395110040905,0.0006989512395283731,0.0020690327510237694,0.0037195724435150623,116.2,19.227584351654784,83,129,5,5,132
binary,M8,impurity,mfcc_05_delta_mean,0.0025451378896832466,0.0013104686214073509,0.0011925231665372849,0.0047103120014071465,114.4,30.713189349203056,60,135,5,5,133
binary,M8,impurity,dwt_cD4_entropy,0.0020803400548174977,0.001231402499776688,0.0009582014754414558,0.004114562179893255,120.2,27.635122579789655,71,135,5,5,134
binary,M8,impurity,dwt_cD2_std,0.0016811862122267484,0.0007455998762457284,0.0007745724869892001,0.0023915350902825594,130.4,5.272570530585627,125,136,5,5,135
binary,M8,impurity,time_var,0.0010241570620564745,0.0011215677070420581,0.00014897961227688938,0.0029170834459364414,130.2,12.417729261020307,108,136,5,5,136
binary,M8,impurity,time_rms,0.0,0.0,0.0,0.0,137.0,0.0,137,137,5,0,137
binary,M8,impurity,time_hjorth_activity,0.0,0.0,0.0,0.0,137.0,0.0,137,137,5,0,137
binary,M8,permutation,dwt_cD1_entropy,0.05355803834730567,0.013309317380081388,0.03177199110828834,0.06475948808473078,1.4,0.5477225575051662,1,2,5,5,1
binary,M8,permutation,mfcc_04_mean,0.052228744922696156,0.009586537576532552,0.03997407209086044,0.06416466988077021,1.6,0.5477225575051662,1,2,5,5,2
binary,M8,permutation,time_energy,0.014758166792734544,0.011923108020495446,0.003833162210020347,0.028811455296053577,18.4,17.314733610425545,3,39,5,5,3
binary,M8,permutation,time_iqr,0.01281110874674803,0.008329946394835128,-0.00030802196330526055,0.02017284495439834,27.2,48.551004109081,4,114,5,4,4
binary,M8,permutation,time_zcr_mean,0.01280721443636108,0.00727988581577187,0.0029818702290077105,0.023506913798175922,7.4,6.18869937870632,3,18,5,5,5
binary,M8,permutation,dwt_cD5_energy,0.012344892382397504,0.015633197088673223,-0.00854202937368873,0.031281214815670186,44.2,59.93079342041118,3,138,5,4,6
binary,M8,permutation,mfcc_05_std,0.011560960395359936,0.0036405324052720908,0.00552093272900771,0.014468518144288189,6.2,2.3874672772626644,4,10,5,5,7
binary,M8,permutation,dwt_cD1_energy,0.009652679034995193,0.005974898799021037,0.003319567032442816,0.01851379533861286,11.4,5.941380311005179,3,18,5,5,8
binary,M8,permutation,dwt_cD5_mean_abs,0.00857451749144732,0.005154637838572564,-0.00018674761543390205,0.012374227714033547,28.4,45.65413453346805,6,110,5,4,9
binary,M8,permutation,mfcc_01_std,0.007415360404469239,0.003039168319740127,0.004073980200381755,0.010626215370740922,14.2,5.263078946776306,10,23,5,5,10
binary,M8,permutation,freq_bandwidth_mean,0.006694196228067409,0.003525597052024583,0.00104063917932532,0.010385108540076415,20.4,15.582040944625964,7,47,5,5,11
binary,M8,permutation,mfcc_02_mean,0.006559008444795493,0.005350816862180951,0.0010123449427481336,0.014228449543983501,17.6,11.781341180018513,6,33,5,5,12
binary,M8,permutation,env_std,0.005495997999293827,0.004302554539010242,-0.0007544131679389166,0.011141955302539242,30.4,25.2744930710786,9,73,5,4,13
binary,M8,permutation,mfcc_03_std,0.00549118828236316,0.004896091105361956,-0.0010857311952202186,0.01184760223595177,34.0,39.32556420447138,10,101,5,4,14
binary,M8,permutation,dwt_cA5_energy,0.005070022106973951,0.0035648144941313256,0.00102866161260321,0.009720548189812906,23.6,15.852444606432158,6,48,5,5,15
binary,M8,permutation,mfcc_01_mean,0.004487772453834134,0.003017494378262276,0.001697096855795066,0.008281399093511554,34.6,23.394443784796422,8,66,5,5,16
binary,M8,permutation,chroma_11_std,0.004303680322593982,0.00407027958116258,0.00018107262632810484,0.008968215017754522,32.2,22.895414388038493,9,68,5,5,17
binary,M8,permutation,freq_band_power_350_400,0.004183103609989229,0.004610670201860889,-0.0023877325858778333,0.009732274198293612,38.6,40.74064309752609,12,110,5,4,18
binary,M8,permutation,time_autocorr_peak_value,0.004077980565117633,0.0031227770888209052,-0.0010829129442268214,0.007242962786259632,42.0,34.46012188022556,9,100,5,4,19
binary,M8,permutation,time_autocorr_peak_lag,0.003886579170910849,0.003971602377962472,-0.0004424203931984172,0.008486228293379694,38.6,43.22961947554015,8,114,5,4,20
binary,M8,permutation,mfcc_06_std,0.0036507085821615307,0.0026061134376092216,0.0007544131679389499,0.005983862120730943,31.6,15.662056059151366,16,54,5,5,21
binary,M8,permutation,freq_band_power_250_350,0.0034368380481476744,0.0066344458594445365,-0.0001953125,0.01522947925860546,57.4,32.60061349115995,5,95,5,3,22
binary,M8,permutation,mfcc_02_delta_mean,0.0032547965795281116,0.0020721988745024413,0.0010742187500000556,0.0058697122565735445,37.2,27.508180601413827,13,84,5,5,23
binary,M8,permutation,env_skew,0.0031085381779396236,0.0041730216203294136,-0.0012516400286259443,0.009071785819358635,51.4,33.117970952339455,15,87,5,3,24
binary,M8,permutation,chroma_07_std,0.002885903696850809,0.0038264260625822622,-0.0008520694179389166,0.009064926816593988,51.4,29.099828178186893,8,78,5,4,25
binary,M8,permutation,mfcc_03_mean,0.002821847155460797,0.0064223645409766045,-0.006088979007633511,0.010288975194559725,58.0,53.73081052803875,5,133,5,3,26
binary,M8,permutation,mfcc_05_mean,0.0027600424774610645,0.0034839527048437487,-0.0014690133303271846,0.00784953376252201,49.0,38.80721582386451,12,108,5,4,27
binary,M8,permutation,mfcc_12_mean,0.0026914556456408166,0.002489366952023862,0.00048355899419729733,0.006846866725507494,47.2,29.414282245195107,17,85,5,5,28
binary,M8,permutation,env_mean,0.0021678422440682657,0.002635612207517647,0.0,0.005303030303030309,50.8,29.90317708873089,22,95,5,4,29
binary,M8,permutation,mfcc_13_mean,0.002156297859361498,0.0021385130098089873,0.00017742127862597769,0.00502132980288319,51.2,13.627178724886528,41,71,5,5,30
binary,M8,permutation,dwt_cD1_std,0.0021296807490718073,0.0030469372621395974,-0.00017742127862594437,0.0072940570756104715,56.2,21.440615662802223,21,74,5,4,31
binary,M8,permutation,dwt_cA5_mean_abs,0.0021052734826130302,0.0026792214460104858,0.0,0.0065941996637054355,51.6,30.835044997534865,16,95,5,4,32
binary,M8,permutation,freq_flux_mean,0.0019770986306438232,0.004194972088758103,-0.00017742127862594437,0.009469696969696961,65.2,32.774990465292284,13,97,5,4,33
binary,M8,permutation,dwt_cD3_entropy,0.001960949038444362,0.0025739546662495293,-6.622889834567713e-05,0.00623565754633717,57.6,18.392933425639317,30,81,5,3,34
binary,M8,permutation,freq_total_power,0.0019359670770648884,0.002524431485309695,-0.001908396946564861,0.005021329802883223,58.0,27.03701166919155,39,105,5,4,35
binary,M8,permutation,chroma_05_mean,0.001852535146726324,0.0015169562558686159,6.341064735226887e-05,0.004109191553948422,56.0,26.73013280924732,20,80,5,5,36
binary,M8,permutation,time_sample_entropy,0.0018422367045535615,0.0028061354905894627,-0.001464843749999989,0.004914680788467196,64.2,41.300121065197864,17,119,5,3,37
binary,M8,permutation,chroma_10_std,0.0018383702909056377,0.0033727859650680902,-0.0030444895038167497,0.0050297352694938955,63.4,38.44216435113923,24,118,5,3,38
binary,M8,permutation,mfcc_02_std,0.0018319539934134933,0.004822850155176935,-0.005113161975190794,0.008498823183289183,59.8,43.614217865278746,16,128,5,4,39
binary,M8,permutation,freq_band_power_100_150,0.0018290236403269388,0.0027763414250983704,-0.0002842135023734205,0.005973080317740509,65.8,40.73327877792309,15,111,5,3,40
binary,M8,permutation,time_range,0.0018189333250554207,0.0020825014282045526,-0.0013314050572518887,0.003758769017581287,57.2,28.18155425096352,23,87,5,4,41
binary,M8,permutation,mfcc_07_std,0.00176638602229108,0.0017023036199741476,-0.0010563275286259444,0.003004255559000091,57.2,23.689660191737662,22,82,5,4,42
binary,M8,permutation,dwt_cD5_std,0.0017301535006262303,0.004018466133123451,-0.005044169866335602,0.005613415710503078,54.4,49.661856590345074,19,138,5,4,43
binary,M8,permutation,mfcc_10_std,0.0017253709144105158,0.0010929352014174669,0.0006756756756757132,0.0035253015592821347,52.8,16.05303709582707,25,64,5,5,44
binary,M8,permutation,dwt_cD2_entropy,0.0017191172726519308,0.004714593318987253,-0.002583045085877833,0.009071785819358646,75.0,45.31004303683677,14,115,5,3,45
binary,M8,permutation,freq_flatness_mean,0.0016797156475833394,0.004878749542852286,-0.0027604663645037775,0.009355237117390535,73.0,55.80770556114989,7,127,5,3,46
binary,M8,permutation,mfcc_10_mean,0.0015417204052306532,0.0023350269034859627,-0.0010475722809994204,0.004400698926246371,64.6,39.64593295660981,14,123,5,3,47
binary,M8,permutation,chroma_05_std,0.0015178343080191412,0.004422908594854019,-0.0032846715328466946,0.00806119446896143,72.2,43.894190959624716,18,131,5,3,48
binary,M8,permutation,freq_rolloff95_std,0.0015170514344232423,0.006718104850311124,-0.008512494036259444,0.008427275033114435,72.6,53.71033420115723,12,136,5,3,49
binary,M8,permutation,mfcc_04_std,0.001508024481135828,0.0036113285835562108,-0.00421636450381675,0.004518750541297379,64.2,38.1143017776792,28,127,5,4,50
binary,M8,permutation,dwt_cD5_entropy,0.001488213974272321,0.0026719319375986244,-0.0009586712786259444,0.006060606060606055,65.2,20.571825392998065,31,80,5,4,51
binary,M8,permutation,freq_centroid_mean,0.0014871456484866186,0.001879497471510476,-0.0008292675885562262,0.004223025757778642,58.0,37.97367509209505,30,120,5,4,52
binary,M8,permutation,dwt_cA5_std,0.0014449018455401056,0.0016869828017235956,0.0,0.00427957085249161,55.2,29.516097302997224,29,102,5,4,53
binary,M8,permutation,dwt_cD3_mean_abs,0.0014426731072117649,0.0014060828817567211,-0.0010205450858778331,0.002457340394233609,60.6,17.896927110540513,32,81,5,4,54
binary,M8,permutation,freq_band_power_50_100,0.0014372376824315159,0.002796131917080835,-0.0014925373134328178,0.006060606060606055,64.6,39.77184934095974,28,126,5,4,55
binary,M8,permutation,dwt_cD4_mean_abs,0.001398070496801913,0.001871071300757759,-0.0007544131679389166,0.0041337440292843804,61.2,29.226700121635353,30,95,5,4,56
binary,M8,permutation,dwt_cD2_energy,0.0013799413164177453,0.004489352164678576,-0.002395726381262808,0.008236245954692556,74.8,45.6366081123477,17,129,5,2,57
binary,M8,permutation,dwt_cD1_mean_abs,0.0013510563854664047,0.002373664986605031,-0.002094763835877833,0.003824978051575045,66.0,36.462309307009065,27,107,5,3,58
binary,M8,permutation,freq_peak_power,0.0012720529368375488,0.0021962945237411855,-0.0012879407039991131,0.0037878787878787845,69.0,23.18404623873926,50,106,5,3,59
binary,M8,permutation,time_std,0.0012503190887915138,0.0026228467216016203,-0.0006122650283233999,0.005778905560458947,70.0,35.16390194503448,34,116,5,3,60
binary,M8,permutation,chroma_04_mean,0.0011933337196459528,0.0037611007742701886,-0.0038346851145037776,0.005610727792372728,73.6,40.75904807524337,19,124,5,3,61
binary,M8,permutation,time_duration,0.0011596424280975826,0.0014736005116382878,-0.0005680462786259444,0.0032059239585438435,65.2,17.991664736760743,45,91,5,4,62
binary,M8,permutation,env_peak_rate,0.0011512703078921317,0.007255138688973907,-0.009727193303835636,0.008374231357718165,65.6,54.413233684463194,10,138,5,3,63
binary,M8,permutation,mfcc_09_mean,0.0011341917996825226,0.004120316998407656,-0.004400698926246371,0.005472155662692313,71.2,48.23587876259745,21,136,5,3,64
binary,M8,permutation,time_skewness,0.0011262090760964737,0.002446565178957638,-0.0025758814079982263,0.003371921822223467,67.4,37.746523018683455,39,127,5,4,65
binary,M8,permutation,freq_dominant,0.0011004042201707676,0.0011710916983852032,-0.0004703900286259444,0.0023793580643720834,65.8,6.534523701081818,57,75,5,4,66
binary,M8,permutation,mfcc_11_mean,0.0010580497021986112,0.0055734650070180455,-0.0077491352576334995,0.0072437242385011815,64.0,48.744230427815765,13,135,5,4,67
binary,M8,permutation,dwt_cA5_entropy,0.001009847282706209,0.0030517589612280615,-0.003355349475190805,0.004642541924095312,75.0,35.78407467016578,45,121,5,3,68
binary,M8,permutation,mfcc_06_mean,0.0009197838721566697,0.002699111918723992,-0.001471831581320604,0.004878172002655922,73.2,40.77621855935148,25,122,5,2,69
binary,M8,permutation,mfcc_10_delta_mean,0.0008873141654376783,0.0017812560708963517,-0.001224803196564861,0.0033600597469210626,74.6,33.96027090586882,21,115,5,3,70
binary,M8,permutation,freq_spectral_entropy,0.0008624716281246924,0.0020945575759894336,-0.001782543753346677,0.0037878787878787845,71.0,31.064449134018133,38,114,5,4,71
binary,M8,permutation,freq_centroid_std,0.0008537427746480853,0.002660344049631551,-0.0018375775286259444,0.003731343283582056,74.0,46.238512086787566,16,126,5,3,72
binary,M8,permutation,chroma_03_mean,0.0008432748529658852,0.002054151217166734,-0.00145589813931295,0.004117375712393756,71.2,30.40888028191765,32,101,5,4,73
binary,M8,permutation,time_hjorth_complexity,0.0008127915738137626,0.0014328508108431214,-0.0012125524899247674,0.002769221612130379,69.4,29.787581304966672,32,105,5,4,74
binary,M8,permutation,time_median,0.000799975314272574,0.003041593526961169,-0.002583045085877811,0.004101007395503109,80.2,36.663333181804404,36,122,5,3,75
binary,M8,permutation,mfcc_01_delta_mean,0.0007550182105156323,0.001948220169880291,-0.0009586712786259444,0.003426773290221985,76.8,28.52542725359254,41,114,5,2,76
binary,M8,permutation,freq_rolloff85_mean,0.0007393943580780959,0.0021909943450821373,-0.0020390045937491164,0.004021478680100443,72.6,34.31180554852804,31,116,5,4,77
binary,M8,permutation,freq_band_power_20_50,0.0006622926207961788,0.00310009191995345,-0.0034351145038168497,0.003778317152103583,76.8,45.559850746024175,13,132,5,3,78
binary,M8,permutation,freq_flatness_std,0.0005988963516013036,0.0038338435690861597,-0.005303030303030298,0.005156763834947775,61.4,47.757721888716596,21,137,5,4,79
binary,M8,permutation,freq_flux_std,0.0005586991389819928,0.0037901402298393646,-0.005654371421755666,0.00442614169010308,70.8,38.47986486462758,25,132,5,4,80
binary,M8,permutation,freq_band_power_150_250,0.000537805357580352,0.0013323624335160778,-0.0010526167460473967,0.0018656716417910224,77.6,15.773395322504282,61,99,5,3,81
binary,M8,permutation,chroma_07_mean,0.0005374231331479495,0.002496196765698494,-0.0021686441394470736,0.0033215651662253263,82.0,30.553232234904378,52,123,5,3,82
binary,M8,permutation,mfcc_07_mean,0.0005140209181172349,0.0019818084406067796,-0.0014925373134328291,0.003444060114503866,83.8,44.68444919656054,14,127,5,2,83
binary,M8,permutation,mfcc_06_delta_mean,0.0005094798992731731,0.00273728774660125,-0.003985269561068638,0.0026799398836360954,77.4,31.12555220393688,50,126,5,4,84
binary,M8,permutation,chroma_08_mean,0.0004559951686686593,0.0031187573922840527,-0.0038346851145037776,0.004596520988646269,79.0,46.51343891823093,23,124,5,3,85
binary,M8,permutation,chroma_09_std,0.0004141791376790848,0.004106114199407244,-0.0035108361750697424,0.00719696969696969,82.4,50.94899410194474,23,132,5,2,86
binary,M8,permutation,chroma_06_std,0.0004003670461850906,0.000556955736097501,-0.0001953125,0.0012336893723755126,75.0,23.632604596192948,43,102,5,3,87
binary,M8,permutation,freq_rolloff95_mean,0.0003519180351317376,0.0021956023950803856,-0.001606482585877833,0.00402147868010041,83.6,31.848076865016512,32,118,5,2,88
binary,M8,permutation,freq_rolloff85_std,0.000346061498115351,0.0022112308331917775,-0.0020721190429219714,0.003243601059134993,81.2,40.41905491225642,33,128,5,3,89
binary,M8,permutation,mfcc_12_std,0.0003353923282339455,0.0014738848468863843,-0.0011194029850746135,0.002575881407998204,80.0,37.1012129181783,24,124,5,3,90
binary,M8,permutation,chroma_02_std,0.0002955977428811795,0.0028960866669246322,-0.003510493951903926,0.0032319985714922782,80.4,36.80081520836189,46,136,5,3,91
binary,M8,permutation,mfcc_08_std,0.00029058786256614956,0.0016959182230011525,-0.0019083969465648499,0.002468639792866334,82.8,32.66802718255267,41,115,5,3,92
binary,M8,permutation,mfcc_08_delta_mean,0.0002846659900829885,0.0021024779523617053,-0.002823182932671975,0.0029157885620254677,82.4,31.189741903388686,48,130,5,3,93
binary,M8,permutation,mfcc_13_delta_mean,0.00023108803130318596,0.0015545687584988055,-0.001900205732322524,0.002395726381262697,82.4,26.187783411354236,55,115,5,2,94
binary,M8,permutation,env_kurtosis,0.00022691179434570097,0.004422138914742115,-0.005272692032442694,0.005002206531332753,86.0,47.14339826529267,29,130,5,2,95
binary,M8,permutation,dwt_cD2_mean_abs,0.00020011819697600685,0.0006897344395620269,-0.0007462686567164089,0.0009746588693956282,79.6,30.154601638887552,46,118,5,2,96
binary,M8,permutation,time_peak_to_peak,0.00011695906432747315,0.0002615284184210007,0.0,0.0005847953216373658,80.4,21.732464195300082,46,102,5,1,97
binary,M8,permutation,time_crest_factor,0.00011239190967064598,0.00399735601100319,-0.0063290195610686386,0.004623418652544886,80.0,34.60491294599655,46,134,5,4,98
binary,M8,permutation,mfcc_03_delta_mean,0.00010516214430718717,0.0031247765285575425,-0.0025152284996679763,0.005173132151838411,88.6,42.91619740843776,20,134,5,2,99
binary,M8,permutation,mfcc_07_delta_mean,0.0001043229042193117,0.0024630544213979306,-0.0034966166519564633,0.002653078899506356,79.0,42.005951959216446,31,134,5,2,100
binary,M8,permutation,chroma_02_mean,9.494784830327953e-05,0.0034141453560236523,-0.0030207413945277928,0.00401990982545416,86.8,45.49395564248068,37,132,5,2,101
binary,M8,permutation,chroma_01_std,8.958515667271128e-05,0.0009637031653036162,-0.00068359375,0.001716314855001,84.4,32.28467128530195,36,119,5,1,102
binary,M8,permutation,dwt_cD3_energy,8.450386744809132e-05,0.002003012515683473,-0.0015267175572518886,0.003409090909090906,90.2,20.27806696901852,55,107,5,1,103
binary,M8,permutation,time_rms,0.0,0.0,0.0,0.0,83.6,23.330237889914454,46,102,5,0,104
binary,M8,permutation,time_hjorth_activity,0.0,0.0,0.0,0.0,83.6,23.330237889914454,46,102,5,0,104
binary,M8,permutation,time_var,-5.703085855757405e-05,0.0001862348358567977,-0.00038167938931297216,9.652509652510188e-05,86.0,17.74823934929885,63,102,5,1,106
binary,M8,permutation,dwt_cD3_std,-8.136182225981339e-05,0.0023606324310933694,-0.0021686441394470736,0.003745056150581694,87.8,44.042025384852586,35,128,5,1,107
binary,M8,permutation,mfcc_13_std,-0.00013693918803423514,0.002029186743382743,-0.002651515151515149,0.0029559692275642037,86.0,29.656365252673833,48,130,5,2,108
binary,M8,permutation,chroma_06_mean,-0.00015144599721450764,0.004062697392200402,-0.006548206183242677,0.004507208002353635,80.8,48.16845440742312,23,137,5,3,109
binary,M8,permutation,dwt_cD4_energy,-0.0001738713796093582,0.003913275420833595,-0.004644881924914112,0.0054158607350096475,85.4,58.18762755088061,22,136,5,2,110
binary,M8,permutation,chroma_08_std,-0.00024529670599513496,0.00320390456855269,-0.002485008109757059,0.005390556045895845,96.6,37.944696599129635,38,130,5,1,111
binary,M8,permutation,chroma_01_mean,-0.00028272159824612277,0.0044090317524480465,-0.005272692032442694,0.005725190839694605,86.0,58.706899083497845,18,135,5,2,112
binary,M8,permutation,dwt_cD2_std,-0.0003263153924275142,0.0007330232378972021,-0.001631767325197997,9.765625e-05,92.2,27.698375403622503,44,112,5,1,113
binary,M8,permutation,dwt_cD4_entropy,-0.0003339743770887283,0.002082987927637579,-0.0018519587747913846,0.003302441894674901,99.6,27.969626382917596,57,129,5,1,114
binary,M8,permutation,freq_bandwidth_std,-0.00042760910405206684,0.00306698390571271,-0.005166090171755666,0.002238084240307181,92.2,28.78714991102801,58,129,5,3,115
binary,M8,permutation,chroma_10_mean,-0.00045333622407787153,0.0020763893021112398,-0.003816793893129855,0.0018939393939393923,87.4,32.377461296401854,46,135,5,1,116
binary,M8,permutation,chroma_04_std,-0.00046729217242170285,0.003028826699350863,-0.0037884338979229494,0.003982053545160324,99.2,34.27389677290868,49,134,5,2,117
binary,M8,permutation,mfcc_08_mean,-0.0005306704848501154,0.0022772792130043985,-0.003443298662262129,0.002350691379817582,90.6,34.93994848307593,53,133,5,2,118
binary,M8,permutation,time_hjorth_mobility,-0.0005309445034747239,0.0007405658918742977,-0.0015267175572518886,0.0,98.8,3.7682887362833535,95,103,5,0,119
binary,M8,permutation,dwt_cD4_std,-0.0005995837229029698,0.001184043582294391,-0.0027055209536961276,0.0,96.8,31.140006422606916,46,129,5,0,120
binary,M8,permutation,time_max,-0.0006362733545895449,0.005429086498492352,-0.009817062261450293,0.003435447960995408,82.4,50.26231192454243,18,138,5,3,121
binary,M8,permutation,time_min,-0.0006743254990619873,0.001722226951652564,-0.0030303030303030277,0.0015444015444015635,93.6,36.943199644860215,38,133,5,2,122
binary,M8,permutation,mfcc_04_delta_mean,-0.0007275365111477039,0.0012546545938579665,-0.002494334446564861,0.0008144745371022943,101.4,27.627884464793897,55,124,5,2,123
binary,M8,permutation,time_mean,-0.0007549937952936614,0.0016891255285122022,-0.003248366888383014,0.0008687258687258726,93.8,34.42673379802388,53,131,5,2,124
binary,M8,permutation,chroma_11_mean,-0.0007831792701876551,0.0017776740986887975,-0.0035489487076470483,0.0009441140828002181,91.6,37.393849761692096,50,134,5,2,125
binary,M8,permutation,mfcc_11_delta_mean,-0.0008249601924194083,0.0015698295038305055,-0.0035059339217556663,0.0005109847281965507,103.0,16.32482771731451,83,123,5,1,126
binary,M8,permutation,time_shannon_entropy,-0.0008523295236549423,0.0010103973687222495,-0.0020721190429219714,0.0,105.8,10.473776778220929,95,118,5,0,127
binary,M8,permutation,mfcc_09_std,-0.000855624281398697,0.0013514152268057926,-0.0030623807251908054,0.00037878787878787846,104.4,15.852444606432158,90,124,5,2,128
binary,M8,permutation,chroma_03_std,-0.0009533616285245673,0.0021914080019343626,-0.003767297015472204,0.002238805970149227,105.0,29.991665508937647,56,133,5,1,129
binary,M8,permutation,mfcc_12_delta_mean,-0.0009952464087350156,0.0020515430031153464,-0.0033464038645037776,0.002192610448938226,107.4,27.09797040370367,59,121,5,1,130
binary,M8,permutation,mfcc_05_delta_mean,-0.001031321286525011,0.002185827775543172,-0.0042196262999182775,0.0018939393939393923,107.4,23.797058641773358,75,135,5,1,131
binary,M8,permutation,mfcc_09_delta_mean,-0.0010317767046752757,0.0014060668245094484,-0.002458219429022379,0.0003816793893129611,105.0,22.638462845343543,82,133,5,2,132
binary,M8,permutation,time_kurtosis,-0.0012103813057579636,0.001477693030125599,-0.002651515151515149,0.0005802707930367857,106.0,18.261982367749674,82,130,5,2,133
binary,M8,permutation,chroma_12_std,-0.001416045412367588,0.0018612556754727878,-0.004166666666666663,0.0007462686567164089,100.6,30.51720826025867,65,135,5,1,134
binary,M8,permutation,mfcc_11_std,-0.0014384247939143416,0.0023631894035915655,-0.004187476543780122,0.0015151515151515138,109.0,25.406692031825003,81,137,5,1,135
binary,M8,permutation,chroma_12_mean,-0.0015574873022893222,0.001083641813288513,-0.00249133387819519,0.00019493177387912563,113.2,21.970434679359442,85,132,5,1,136
binary,M8,permutation,chroma_09_mean,-0.0026271315162837384,0.0026046354871209682,-0.005672256546042964,-3.311444917284412e-05,115.4,23.860008382228205,80,138,5,0,137
binary,M8,permutation,time_zcr_std,-0.0028010080530325053,0.004207245682743154,-0.009187142175572437,0.0011371642758504108,107.0,40.620192023179804,44,137,5,2,138
