record_uid,subset,sqi_good,dataset_source,snr_proxy_db,is_noisy,is_low_quality,quality_group,quality_reasons,pp08_poor,sqi_poor
D1_training-a_a0001,training-a,True,D1,26.516948,False,False,clean,,False,False
D1_training-a_a0002,training-a,True,D1,24.019443,False,False,clean,,False,False
D1_training-a_a0003,training-a,True,D1,17.9989,False,False,clean,,False,False
D1_training-a_a0004,training-a,True,D1,32.418254,False,False,clean,,False,False
D1_training-a_a0005,training-a,True,D1,39.591728,False,False,clean,,False,False
D1_training-a_a0006,training-a,False,D1,31.709834,False,False,clean,,False,True
D1_training-a_a0007,training-a,True,D1,38.624182,False,False,clean,,False,False
D1_training-a_a0008,training-a,False,D1,20.649258,False,False,clean,,False,True
D1_training-a_a0009,training-a,True,D1,15.49167,False,False,clean,,False,False
D1_training-a_a0010,training-a,True,D1,11.26999,False,False,clean,,False,False
D1_training-a_a0011,training-a,True,D1,33.44968,False,False,clean,,False,False
D1_training-a_a0012,training-a,True,D1,36.392754,False,False,clean,,False,False
D1_training-a_a0013,training-a,True,D1,20.693031,False,False,clean,,False,False
D1_training-a_a0014,training-a,True,D1,32.116544,False,False,clean,,False,False
D1_training-a_a0015,training-a,True,D1,23.779507,False,False,clean,,False,False
D1_training-a_a0016,training-a,True,D1,33.204873,False,False,clean,,False,False
D1_training-a_a0017,training-a,True,D1,33.219674,False,False,clean,,False,False
D1_training-a_a0018,training-a,True,D1,44.33553,False,False,clean,,False,False
D1_training-a_a0019,training-a,True,D1,38.218242,False,False,clean,,False,False
D1_training-a_a0020,training-a,True,D1,28.170186,False,False,clean,,False,False
D1_training-a_a0021,training-a,True,D1,40.74166,False,False,clean,,False,False
D1_training-a_a0022,training-a,True,D1,27.172254,False,False,clean,,False,False
D1_training-a_a0023,training-a,True,D1,19.484132,False,False,clean,,False,False
D1_training-a_a0024,training-a,True,D1,21.654521,False,False,clean,,False,False
D1_training-a_a0025,training-a,True,D1,39.811883,False,False,clean,,False,False
D1_training-a_a0026,training-a,True,D1,17.935423,False,False,clean,,False,False
D1_training-a_a0027,training-a,True,D1,35.686927,False,False,clean,,False,False
D1_training-a_a0028,training-a,True,D1,21.448636,False,False,clean,,False,False
D1_training-a_a0029,training-a,True,D1,21.97753,False,False,clean,,False,False
D1_training-a_a0030,training-a,True,D1,21.242386,False,False,clean,,False,False
D1_training-a_a0031,training-a,True,D1,24.911524,False,False,clean,,False,False
D1_training-a_a0032,training-a,True,D1,35.617825,False,False,clean,,False,False
D1_training-a_a0033,training-a,True,D1,22.799954,False,False,clean,,False,False
D1_training-a_a0034,training-a,True,D1,30.229468,False,False,clean,,False,False
D1_training-a_a0035,training-a,True,D1,24.461721,False,False,clean,,False,False
D1_training-a_a0036,training-a,True,D1,19.481989,False,False,clean,,False,False
D1_training-a_a0037,training-a,True,D1,31.281058,False,False,clean,,False,False
D1_training-a_a0038,training-a,True,D1,29.21039,False,False,clean,,False,False
D1_training-a_a0039,training-a,True,D1,5.519638,False,False,clean,,False,False
D1_training-a_a0040,training-a,True,D1,25.777615,False,False,clean,,False,False
D1_training-a_a0041,training-a,True,D1,22.025412,False,False,clean,,False,False
D1_training-a_a0042,training-a,True,D1,31.106364,False,False,clean,,False,False
D1_training-a_a0043,training-a,True,D1,39.104138,False,False,clean,,False,False
D1_training-a_a0044,training-a,True,D1,18.600616,False,False,clean,,False,False
D1_training-a_a0045,training-a,True,D1,34.456416,False,False,clean,,False,False
D1_training-a_a0046,training-a,True,D1,32.984023,False,False,clean,,False,False
D1_training-a_a0047,training-a,True,D1,-1.467238,True,True,noisy,low_snr,True,False
D1_training-a_a0048,training-a,True,D1,32.197764,False,False,clean,,False,False
D1_training-a_a0049,training-a,True,D1,30.114194,False,False,clean,,False,False
D1_training-a_a0050,training-a,True,D1,41.552905,False,False,clean,,False,False
D1_training-a_a0051,training-a,False,D1,22.980438,False,False,clean,,False,True
D1_training-a_a0052,training-a,True,D1,29.082934,False,False,clean,,False,False
D1_training-a_a0053,training-a,True,D1,33.803315,False,False,clean,,False,False
D1_training-a_a0054,training-a,True,D1,26.678292,False,False,clean,,False,False
D1_training-a_a0055,training-a,True,D1,48.165546,False,False,clean,,False,False
D1_training-a_a0056,training-a,True,D1,19.113738,False,False,clean,,False,False
D1_training-a_a0057,training-a,True,D1,39.198577,False,False,clean,,False,False
D1_training-a_a0058,training-a,True,D1,28.359986,False,False,clean,,False,False
D1_training-a_a0059,training-a,True,D1,37.433128,False,False,clean,,False,False
D1_training-a_a0060,training-a,True,D1,31.024824,False,False,clean,,False,False
D1_training-a_a0061,training-a,True,D1,30.074197,False,False,clean,,False,False
D1_training-a_a0062,training-a,True,D1,34.720651,False,False,clean,,False,False
D1_training-a_a0063,training-a,True,D1,24.321526,False,False,clean,,False,False
D1_training-a_a0064,training-a,True,D1,32.331168,False,False,clean,,False,False
D1_training-a_a0065,training-a,True,D1,32.460062,False,False,clean,,False,False
D1_training-a_a0066,training-a,True,D1,24.546516,False,False,clean,,False,False
D1_training-a_a0067,training-a,True,D1,19.787823,False,False,clean,,False,False
D1_training-a_a0068,training-a,True,D1,10.760031,False,False,clean,,False,False
D1_training-a_a0069,training-a,True,D1,24.288887,False,False,clean,,False,False
D1_training-a_a0070,training-a,True,D1,41.596742,False,False,clean,,False,False
D1_training-a_a0071,training-a,True,D1,23.359577,False,False,clean,,False,False
D1_training-a_a0072,training-a,True,D1,40.565024,False,False,clean,,False,False
D1_training-a_a0073,training-a,True,D1,19.15016,False,False,clean,,False,False
D1_training-a_a0074,training-a,False,D1,32.62794,False,False,clean,,False,True
D1_training-a_a0075,training-a,True,D1,25.92643,False,False,clean,,False,False
D1_training-a_a0076,training-a,True,D1,35.097289,False,False,clean,,False,False
D1_training-a_a0077,training-a,True,D1,25.704812,False,False,clean,,False,False
D1_training-a_a0078,training-a,True,D1,19.600975,False,False,clean,,False,False
D1_training-a_a0079,training-a,True,D1,23.323365,False,False,clean,,False,False
D1_training-a_a0080,training-a,True,D1,40.063013,False,False,clean,,False,False
D1_training-a_a0081,training-a,True,D1,33.008951,False,False,clean,,False,False
D1_training-a_a0082,training-a,True,D1,16.230589,False,False,clean,,False,False
D1_training-a_a0083,training-a,True,D1,34.27101,False,False,clean,,False,False
D1_training-a_a0084,training-a,True,D1,20.097435,False,False,clean,,False,False
D1_training-a_a0085,training-a,True,D1,40.956257,False,False,clean,,False,False
D1_training-a_a0086,training-a,True,D1,26.042027,False,False,clean,,False,False
D1_training-a_a0087,training-a,True,D1,38.718435,False,False,clean,,False,False
D1_training-a_a0088,training-a,True,D1,26.505696,False,False,clean,,False,False
D1_training-a_a0089,training-a,False,D1,19.816815,False,False,clean,,False,True
D1_training-a_a0090,training-a,True,D1,35.888937,False,False,clean,,False,False
D1_training-a_a0091,training-a,True,D1,32.380977,False,False,clean,,False,False
D1_training-a_a0092,training-a,True,D1,22.837018,False,False,clean,,False,False
D1_training-a_a0093,training-a,True,D1,30.644773,False,False,clean,,False,False
D1_training-a_a0094,training-a,True,D1,30.702253,False,False,clean,,False,False
D1_training-a_a0095,training-a,True,D1,28.300228,False,False,clean,,False,False
D1_training-a_a0096,training-a,True,D1,17.349771,False,False,clean,,False,False
D1_training-a_a0097,training-a,True,D1,32.267533,False,False,clean,,False,False
D1_training-a_a0098,training-a,True,D1,21.20818,False,False,clean,,False,False
D1_training-a_a0099,training-a,True,D1,34.216438,False,False,clean,,False,False
D1_training-a_a0100,training-a,True,D1,19.670965,False,False,clean,,False,False
D1_training-a_a0101,training-a,True,D1,34.83096,False,False,clean,,False,False
D1_training-a_a0102,training-a,True,D1,35.458277,False,False,clean,,False,False
D1_training-a_a0103,training-a,True,D1,24.534658,False,False,clean,,False,False
D1_training-a_a0104,training-a,True,D1,37.248916,False,False,clean,,False,False
D1_training-a_a0105,training-a,True,D1,-0.232263,True,True,noisy,low_snr,True,False
D1_training-a_a0106,training-a,True,D1,27.157356,False,False,clean,,False,False
D1_training-a_a0107,training-a,True,D1,25.626863,False,False,clean,,False,False
D1_training-a_a0108,training-a,True,D1,31.738291,False,False,clean,,False,False
D1_training-a_a0109,training-a,True,D1,34.945033,False,False,clean,,False,False
D1_training-a_a0110,training-a,True,D1,29.825876,False,False,clean,,False,False
D1_training-a_a0111,training-a,False,D1,21.019634,False,False,clean,,False,True
D1_training-a_a0112,training-a,True,D1,26.122883,False,False,clean,,False,False
D1_training-a_a0113,training-a,True,D1,21.997481,False,False,clean,,False,False
D1_training-a_a0114,training-a,True,D1,26.310648,False,False,clean,,False,False
D1_training-a_a0115,training-a,True,D1,31.510989,False,False,clean,,False,False
D1_training-a_a0116,training-a,True,D1,37.464618,False,False,clean,,False,False
D1_training-a_a0117,training-a,True,D1,24.26928,False,False,clean,,False,False
D1_training-a_a0118,training-a,True,D1,40.44128,False,False,clean,,False,False
D1_training-a_a0119,training-a,True,D1,29.168437,False,False,clean,,False,False
D1_training-a_a0120,training-a,True,D1,33.182445,False,False,clean,,False,False
D1_training-a_a0121,training-a,True,D1,15.22222,False,False,clean,,False,False
D1_training-a_a0122,training-a,True,D1,31.231215,False,False,clean,,False,False
D1_training-a_a0123,training-a,True,D1,36.747408,False,False,clean,,False,False
D1_training-a_a0124,training-a,True,D1,27.198616,False,False,clean,,False,False
D1_training-a_a0125,training-a,True,D1,29.19214,False,False,clean,,False,False
D1_training-a_a0126,training-a,True,D1,31.869558,False,False,clean,,False,False
D1_training-a_a0127,training-a,True,D1,31.838571,False,False,clean,,False,False
D1_training-a_a0128,training-a,True,D1,20.492087,False,False,clean,,False,False
D1_training-a_a0129,training-a,True,D1,31.825741,False,False,clean,,False,False
D1_training-a_a0130,training-a,True,D1,22.400158,False,False,clean,,False,False
D1_training-a_a0131,training-a,True,D1,24.713392,False,False,clean,,False,False
D1_training-a_a0132,training-a,True,D1,41.686772,False,False,clean,,False,False
D1_training-a_a0133,training-a,True,D1,24.424648,False,False,clean,,False,False
D1_training-a_a0134,training-a,True,D1,29.8049,False,False,clean,,False,False
D1_training-a_a0135,training-a,True,D1,31.484219,False,False,clean,,False,False
D1_training-a_a0136,training-a,True,D1,37.16184,False,False,clean,,False,False
D1_training-a_a0137,training-a,True,D1,26.64744,False,False,clean,,False,False
D1_training-a_a0138,training-a,False,D1,13.630188,False,False,clean,,False,True
D1_training-a_a0139,training-a,True,D1,28.953439,False,False,clean,,False,False
D1_training-a_a0140,training-a,True,D1,34.626408,False,False,clean,,False,False
D1_training-a_a0141,training-a,True,D1,32.673451,False,False,clean,,False,False
D1_training-a_a0142,training-a,True,D1,20.076524,False,False,clean,,False,False
D1_training-a_a0143,training-a,True,D1,35.525113,False,False,clean,,False,False
D1_training-a_a0144,training-a,True,D1,20.65427,False,False,clean,,False,False
D1_training-a_a0145,training-a,True,D1,32.76895,False,False,clean,,False,False
D1_training-a_a0146,training-a,True,D1,36.095892,False,False,clean,,False,False
D1_training-a_a0147,training-a,False,D1,12.785883,False,False,clean,,False,True
D1_training-a_a0148,training-a,True,D1,27.497746,False,False,clean,,False,False
D1_training-a_a0149,training-a,True,D1,38.927336,False,False,clean,,False,False
D1_training-a_a0150,training-a,True,D1,32.532479,False,False,clean,,False,False
D1_training-a_a0151,training-a,True,D1,29.093279,False,False,clean,,False,False
D1_training-a_a0152,training-a,True,D1,28.694774,False,False,clean,,False,False
D1_training-a_a0153,training-a,True,D1,33.106567,False,False,clean,,False,False
D1_training-a_a0154,training-a,True,D1,31.111112,False,False,clean,,False,False
D1_training-a_a0155,training-a,True,D1,24.949934,False,False,clean,,False,False
D1_training-a_a0156,training-a,True,D1,23.450199,False,False,clean,,False,False
D1_training-a_a0157,training-a,True,D1,13.586782,False,False,clean,,False,False
D1_training-a_a0158,training-a,True,D1,21.907645,False,False,clean,,False,False
D1_training-a_a0159,training-a,True,D1,16.280492,False,False,clean,,False,False
D1_training-a_a0160,training-a,True,D1,37.765481,False,False,clean,,False,False
D1_training-a_a0161,training-a,True,D1,37.721193,False,False,clean,,False,False
D1_training-a_a0162,training-a,True,D1,25.056664,False,False,clean,,False,False
D1_training-a_a0163,training-a,True,D1,37.452597,False,False,clean,,False,False
D1_training-a_a0164,training-a,False,D1,27.982878,False,False,clean,,False,True
D1_training-a_a0165,training-a,True,D1,33.912334,False,False,clean,,False,False
D1_training-a_a0166,training-a,True,D1,16.18427,False,False,clean,,False,False
D1_training-a_a0167,training-a,True,D1,42.432062,False,False,clean,,False,False
D1_training-a_a0168,training-a,True,D1,29.473412,False,False,clean,,False,False
D1_training-a_a0169,training-a,True,D1,22.280379,False,False,clean,,False,False
D1_training-a_a0170,training-a,True,D1,27.481792,False,False,clean,,False,False
D1_training-a_a0171,training-a,True,D1,38.503627,False,False,clean,,False,False
D1_training-a_a0172,training-a,True,D1,32.245311,False,False,clean,,False,False
D1_training-a_a0173,training-a,True,D1,37.541568,False,False,clean,,False,False
D1_training-a_a0174,training-a,True,D1,34.510246,False,False,clean,,False,False
D1_training-a_a0175,training-a,True,D1,30.036173,False,False,clean,,False,False
D1_training-a_a0176,training-a,True,D1,26.950425,False,False,clean,,False,False
D1_training-a_a0177,training-a,True,D1,41.420677,False,False,clean,,False,False
D1_training-a_a0178,training-a,True,D1,23.594019,False,False,clean,,False,False
D1_training-a_a0179,training-a,True,D1,40.032124,False,False,clean,,False,False
D1_training-a_a0180,training-a,True,D1,25.992686,False,False,clean,,False,False
D1_training-a_a0181,training-a,True,D1,24.217546,False,False,clean,,False,False
D1_training-a_a0182,training-a,True,D1,32.168303,False,False,clean,,False,False
D1_training-a_a0183,training-a,True,D1,25.874947,False,False,clean,,False,False
D1_training-a_a0184,training-a,True,D1,1.561952,True,True,noisy,low_snr,True,False
D1_training-a_a0185,training-a,True,D1,17.608245,False,False,clean,,False,False
D1_training-a_a0186,training-a,True,D1,-3.051455,True,True,noisy,low_snr,True,False
D1_training-a_a0187,training-a,True,D1,31.82938,False,False,clean,,False,False
D1_training-a_a0188,training-a,True,D1,31.514637,False,False,clean,,False,False
D1_training-a_a0189,training-a,True,D1,31.482069,False,False,clean,,False,False
D1_training-a_a0190,training-a,True,D1,39.310305,False,False,clean,,False,False
D1_training-a_a0191,training-a,True,D1,28.82529,False,False,clean,,False,False
D1_training-a_a0192,training-a,True,D1,20.772887,False,False,clean,,False,False
D1_training-a_a0193,training-a,True,D1,30.490897,False,False,clean,,False,False
D1_training-a_a0194,training-a,True,D1,15.141362,False,False,clean,,False,False
D1_training-a_a0195,training-a,True,D1,36.400176,False,False,clean,,False,False
D1_training-a_a0196,training-a,True,D1,33.074337,False,False,clean,,False,False
D1_training-a_a0197,training-a,True,D1,17.805751,False,False,clean,,False,False
D1_training-a_a0198,training-a,True,D1,27.444784,False,False,clean,,False,False
D1_training-a_a0199,training-a,True,D1,20.796717,False,False,clean,,False,False
D1_training-a_a0200,training-a,True,D1,26.29509,False,False,clean,,False,False
D1_training-a_a0201,training-a,True,D1,13.293919,False,False,clean,,False,False
D1_training-a_a0202,training-a,True,D1,31.937646,False,False,clean,,False,False
D1_training-a_a0203,training-a,True,D1,24.876038,False,False,clean,,False,False
D1_training-a_a0204,training-a,True,D1,32.641888,False,False,clean,,False,False
D1_training-a_a0205,training-a,True,D1,45.329164,False,False,clean,,False,False
D1_training-a_a0206,training-a,True,D1,30.493213,False,False,clean,,False,False
D1_training-a_a0207,training-a,True,D1,35.941348,False,False,clean,,False,False
D1_training-a_a0208,training-a,True,D1,26.226224,False,False,clean,,False,False
D1_training-a_a0209,training-a,True,D1,25.744756,False,False,clean,,False,False
D1_training-a_a0210,training-a,True,D1,29.904364,False,False,clean,,False,False
D1_training-a_a0211,training-a,True,D1,25.55374,False,False,clean,,False,False
D1_training-a_a0212,training-a,True,D1,27.826822,False,False,clean,,False,False
D1_training-a_a0213,training-a,True,D1,32.518031,False,False,clean,,False,False
D1_training-a_a0214,training-a,True,D1,35.556849,False,False,clean,,False,False
D1_training-a_a0215,training-a,True,D1,27.731773,False,False,clean,,False,False
D1_training-a_a0216,training-a,True,D1,21.139822,False,False,clean,,False,False
D1_training-a_a0217,training-a,True,D1,29.829813,False,False,clean,,False,False
D1_training-a_a0218,training-a,True,D1,29.043182,False,False,clean,,False,False
D1_training-a_a0219,training-a,True,D1,23.356586,False,False,clean,,False,False
D1_training-a_a0220,training-a,True,D1,20.32529,False,False,clean,,False,False
D1_training-a_a0221,training-a,True,D1,31.955483,False,False,clean,,False,False
D1_training-a_a0222,training-a,True,D1,28.151193,False,False,clean,,False,False
D1_training-a_a0223,training-a,True,D1,15.776496,False,False,clean,,False,False
D1_training-a_a0224,training-a,True,D1,15.020088,False,False,clean,,False,False
D1_training-a_a0225,training-a,True,D1,30.546728,False,False,clean,,False,False
D1_training-a_a0226,training-a,True,D1,14.306679,False,False,clean,,False,False
D1_training-a_a0227,training-a,True,D1,39.269586,False,False,clean,,False,False
D1_training-a_a0228,training-a,True,D1,13.879873,False,False,clean,,False,False
D1_training-a_a0229,training-a,True,D1,27.972703,False,False,clean,,False,False
D1_training-a_a0230,training-a,True,D1,18.09307,False,False,clean,,False,False
D1_training-a_a0231,training-a,True,D1,32.084198,False,False,clean,,False,False
D1_training-a_a0232,training-a,True,D1,26.392086,False,False,clean,,False,False
D1_training-a_a0233,training-a,True,D1,30.529804,False,False,clean,,False,False
D1_training-a_a0234,training-a,True,D1,16.610772,False,False,clean,,False,False
D1_training-a_a0235,training-a,True,D1,41.416488,False,False,clean,,False,False
D1_training-a_a0236,training-a,True,D1,34.443904,False,False,clean,,False,False
D1_training-a_a0237,training-a,True,D1,23.890216,False,False,clean,,False,False
D1_training-a_a0238,training-a,True,D1,41.114405,False,False,clean,,False,False
D1_training-a_a0239,training-a,True,D1,20.554326,False,False,clean,,False,False
D1_training-a_a0240,training-a,True,D1,35.644417,False,False,clean,,False,False
D1_training-a_a0241,training-a,True,D1,17.609273,False,False,clean,,False,False
D1_training-a_a0242,training-a,True,D1,23.641358,False,False,clean,,False,False
D1_training-a_a0243,training-a,True,D1,24.940063,False,False,clean,,False,False
D1_training-a_a0244,training-a,True,D1,43.432943,False,False,clean,,False,False
D1_training-a_a0245,training-a,True,D1,21.828264,False,False,clean,,False,False
D1_training-a_a0246,training-a,True,D1,28.877762,False,False,clean,,False,False
D1_training-a_a0247,training-a,True,D1,25.65624,False,False,clean,,False,False
D1_training-a_a0248,training-a,True,D1,34.872908,False,False,clean,,False,False
D1_training-a_a0249,training-a,True,D1,38.424244,False,False,clean,,False,False
D1_training-a_a0250,training-a,True,D1,39.326654,False,False,clean,,False,False
D1_training-a_a0251,training-a,False,D1,25.375428,False,False,clean,,False,True
D1_training-a_a0252,training-a,True,D1,34.412243,False,False,clean,,False,False
D1_training-a_a0253,training-a,True,D1,15.654306,False,False,clean,,False,False
D1_training-a_a0254,training-a,True,D1,19.114492,False,False,clean,,False,False
D1_training-a_a0255,training-a,True,D1,25.193393,False,False,clean,,False,False
D1_training-a_a0256,training-a,True,D1,28.702179,False,False,clean,,False,False
D1_training-a_a0257,training-a,True,D1,32.475452,False,False,clean,,False,False
D1_training-a_a0258,training-a,True,D1,31.058838,False,False,clean,,False,False
D1_training-a_a0259,training-a,True,D1,26.348532,False,False,clean,,False,False
D1_training-a_a0260,training-a,True,D1,13.097517,False,False,clean,,False,False
D1_training-a_a0261,training-a,True,D1,-1.498926,True,True,noisy,low_snr,True,False
D1_training-a_a0262,training-a,True,D1,9.454895,False,False,clean,,False,False
D1_training-a_a0263,training-a,True,D1,38.382186,False,False,clean,,False,False
D1_training-a_a0264,training-a,True,D1,45.321749,False,False,clean,,False,False
D1_training-a_a0265,training-a,True,D1,8.531861,False,False,clean,,False,False
D1_training-a_a0266,training-a,True,D1,34.499303,False,False,clean,,False,False
D1_training-a_a0267,training-a,True,D1,30.257561,False,False,clean,,False,False
D1_training-a_a0268,training-a,True,D1,37.572135,False,False,clean,,False,False
D1_training-a_a0269,training-a,True,D1,21.894664,False,False,clean,,False,False
D1_training-a_a0270,training-a,True,D1,39.421367,False,False,clean,,False,False
D1_training-a_a0271,training-a,True,D1,28.521458,False,False,clean,,False,False
D1_training-a_a0272,training-a,True,D1,29.546625,False,False,clean,,False,False
D1_training-a_a0273,training-a,True,D1,13.849339,False,False,clean,,False,False
D1_training-a_a0274,training-a,True,D1,35.820491,False,False,clean,,False,False
D1_training-a_a0275,training-a,True,D1,30.807141,False,False,clean,,False,False
D1_training-a_a0276,training-a,True,D1,25.336156,False,False,clean,,False,False
D1_training-a_a0277,training-a,True,D1,25.761259,False,False,clean,,False,False
D1_training-a_a0278,training-a,True,D1,32.914883,False,False,clean,,False,False
D1_training-a_a0279,training-a,True,D1,13.363984,False,False,clean,,False,False
D1_training-a_a0280,training-a,True,D1,39.758014,False,False,clean,,False,False
D1_training-a_a0281,training-a,True,D1,35.884098,False,False,clean,,False,False
D1_training-a_a0282,training-a,True,D1,27.211447,False,False,clean,,False,False
D1_training-a_a0283,training-a,True,D1,13.71932,False,False,clean,,False,False
D1_training-a_a0284,training-a,True,D1,35.171814,False,False,clean,,False,False
D1_training-a_a0285,training-a,True,D1,24.374817,False,False,clean,,False,False
D1_training-a_a0286,training-a,True,D1,12.642332,False,False,clean,,False,False
D1_training-a_a0287,training-a,True,D1,35.075614,False,False,clean,,False,False
D1_training-a_a0288,training-a,True,D1,19.630383,False,False,clean,,False,False
D1_training-a_a0289,training-a,True,D1,41.478181,False,False,clean,,False,False
D1_training-a_a0290,training-a,True,D1,18.027553,False,False,clean,,False,False
D1_training-a_a0291,training-a,True,D1,31.006939,False,False,clean,,False,False
D1_training-a_a0292,training-a,True,D1,16.485057,False,False,clean,,False,False
D1_training-a_a0293,training-a,True,D1,41.100645,False,False,clean,,False,False
D1_training-a_a0294,training-a,True,D1,36.431414,False,False,clean,,False,False
D1_training-a_a0295,training-a,True,D1,27.502686,False,False,clean,,False,False
D1_training-a_a0296,training-a,True,D1,14.197938,False,False,clean,,False,False
D1_training-a_a0297,training-a,True,D1,37.052473,False,False,clean,,False,False
D1_training-a_a0298,training-a,True,D1,32.86193,False,False,clean,,False,False
D1_training-a_a0299,training-a,True,D1,23.933274,False,False,clean,,False,False
D1_training-a_a0300,training-a,True,D1,9.129022,False,False,clean,,False,False
D1_training-a_a0301,training-a,True,D1,30.030022,False,False,clean,,False,False
D1_training-a_a0302,training-a,True,D1,16.12761,False,False,clean,,False,False
D1_training-a_a0303,training-a,True,D1,26.104341,False,False,clean,,False,False
D1_training-a_a0304,training-a,True,D1,11.346399,False,False,clean,,False,False
D1_training-a_a0305,training-a,True,D1,31.504688,False,False,clean,,False,False
D1_training-a_a0306,training-a,True,D1,38.060315,False,False,clean,,False,False
D1_training-a_a0307,training-a,True,D1,13.688373,False,False,clean,,False,False
D1_training-a_a0308,training-a,True,D1,26.174695,False,False,clean,,False,False
D1_training-a_a0309,training-a,True,D1,12.795124,False,False,clean,,False,False
D1_training-a_a0310,training-a,True,D1,28.648202,False,False,clean,,False,False
D1_training-a_a0311,training-a,True,D1,37.538142,False,False,clean,,False,False
D1_training-a_a0312,training-a,True,D1,33.05038,False,False,clean,,False,False
D1_training-a_a0313,training-a,True,D1,30.40239,False,False,clean,,False,False
D1_training-a_a0314,training-a,False,D1,20.96181,False,True,low_quality_other,clipped,True,True
D1_training-a_a0315,training-a,False,D1,22.200975,False,True,low_quality_other,clipped,True,True
D1_training-a_a0316,training-a,True,D1,33.887126,False,False,clean,,False,False
D1_training-a_a0317,training-a,True,D1,16.6579,False,False,clean,,False,False
D1_training-a_a0318,training-a,False,D1,30.584692,False,False,clean,,False,True
D1_training-a_a0319,training-a,True,D1,26.876636,False,False,clean,,False,False
D1_training-a_a0320,training-a,True,D1,31.810908,False,True,low_quality_other,clipped,True,False
D1_training-a_a0321,training-a,True,D1,34.369048,False,False,clean,,False,False
D1_training-a_a0322,training-a,True,D1,24.356597,False,False,clean,,False,False
D1_training-a_a0323,training-a,True,D1,31.273685,False,False,clean,,False,False
D1_training-a_a0324,training-a,True,D1,37.590059,False,False,clean,,False,False
D1_training-a_a0325,training-a,True,D1,38.640175,False,False,clean,,False,False
D1_training-a_a0326,training-a,True,D1,3.76556,True,True,noisy,low_snr,True,False
D1_training-a_a0327,training-a,True,D1,26.884705,False,False,clean,,False,False
D1_training-a_a0328,training-a,True,D1,23.615241,False,False,clean,,False,False
D1_training-a_a0329,training-a,True,D1,29.400898,False,False,clean,,False,False
D1_training-a_a0330,training-a,False,D1,19.14852,False,False,clean,,False,True
D1_training-a_a0331,training-a,True,D1,30.633359,False,False,clean,,False,False
D1_training-a_a0332,training-a,True,D1,34.812215,False,False,clean,,False,False
D1_training-a_a0333,training-a,True,D1,26.353337,False,False,clean,,False,False
D1_training-a_a0334,training-a,True,D1,23.468852,False,False,clean,,False,False
D1_training-a_a0335,training-a,True,D1,33.840349,False,False,clean,,False,False
D1_training-a_a0336,training-a,True,D1,35.04367,False,False,clean,,False,False
D1_training-a_a0337,training-a,True,D1,32.228186,False,False,clean,,False,False
D1_training-a_a0338,training-a,True,D1,24.368199,False,False,clean,,False,False
D1_training-a_a0339,training-a,True,D1,36.028566,False,False,clean,,False,False
D1_training-a_a0340,training-a,True,D1,32.465836,False,False,clean,,False,False
D1_training-a_a0341,training-a,True,D1,30.174252,False,False,clean,,False,False
D1_training-a_a0342,training-a,True,D1,24.573222,False,False,clean,,False,False
D1_training-a_a0343,training-a,True,D1,24.982025,False,False,clean,,False,False
D1_training-a_a0344,training-a,True,D1,33.428022,False,False,clean,,False,False
D1_training-a_a0345,training-a,True,D1,35.147616,False,False,clean,,False,False
D1_training-a_a0346,training-a,True,D1,34.565649,False,False,clean,,False,False
D1_training-a_a0347,training-a,True,D1,15.892135,False,True,low_quality_other,clipped,True,False
D1_training-a_a0348,training-a,True,D1,18.749525,False,False,clean,,False,False
D1_training-a_a0349,training-a,True,D1,42.968584,False,False,clean,,False,False
D1_training-a_a0350,training-a,True,D1,22.097569,False,False,clean,,False,False
D1_training-a_a0351,training-a,True,D1,29.278494,False,False,clean,,False,False
D1_training-a_a0352,training-a,True,D1,20.539876,False,False,clean,,False,False
D1_training-a_a0353,training-a,True,D1,17.687901,False,False,clean,,False,False
D1_training-a_a0354,training-a,True,D1,17.961021,False,False,clean,,False,False
D1_training-a_a0355,training-a,True,D1,35.744977,False,False,clean,,False,False
D1_training-a_a0356,training-a,True,D1,26.618797,False,False,clean,,False,False
D1_training-a_a0357,training-a,True,D1,33.968668,False,False,clean,,False,False
D1_training-a_a0358,training-a,True,D1,40.155717,False,False,clean,,False,False
D1_training-a_a0359,training-a,True,D1,39.471262,False,False,clean,,False,False
D1_training-a_a0360,training-a,True,D1,34.115001,False,False,clean,,False,False
D1_training-a_a0361,training-a,True,D1,36.164117,False,False,clean,,False,False
D1_training-a_a0362,training-a,True,D1,27.907302,False,False,clean,,False,False
D1_training-a_a0363,training-a,True,D1,30.075612,False,False,clean,,False,False
D1_training-a_a0364,training-a,True,D1,26.796444,False,False,clean,,False,False
D1_training-a_a0365,training-a,True,D1,26.524662,False,False,clean,,False,False
D1_training-a_a0366,training-a,True,D1,31.900028,False,False,clean,,False,False
D1_training-a_a0367,training-a,True,D1,17.06448,False,False,clean,,False,False
D1_training-a_a0368,training-a,True,D1,28.16588,False,False,clean,,False,False
D1_training-a_a0369,training-a,True,D1,44.113298,False,False,clean,,False,False
D1_training-a_a0370,training-a,True,D1,18.492234,False,False,clean,,False,False
D1_training-a_a0371,training-a,True,D1,38.925044,False,False,clean,,False,False
D1_training-a_a0372,training-a,True,D1,29.40979,False,False,clean,,False,False
D1_training-a_a0373,training-a,True,D1,32.030161,False,False,clean,,False,False
D1_training-a_a0374,training-a,True,D1,27.228656,False,False,clean,,False,False
D1_training-a_a0375,training-a,True,D1,35.304564,False,False,clean,,False,False
D1_training-a_a0376,training-a,True,D1,31.220009,False,False,clean,,False,False
D1_training-a_a0377,training-a,True,D1,35.401386,False,False,clean,,False,False
D1_training-a_a0378,training-a,True,D1,32.176724,False,False,clean,,False,False
D1_training-a_a0379,training-a,False,D1,27.188483,False,False,clean,,False,True
D1_training-a_a0380,training-a,True,D1,22.714306,False,False,clean,,False,False
D1_training-a_a0381,training-a,True,D1,44.016782,False,False,clean,,False,False
D1_training-a_a0382,training-a,True,D1,30.187619,False,False,clean,,False,False
D1_training-a_a0383,training-a,True,D1,27.202562,False,False,clean,,False,False
D1_training-a_a0384,training-a,True,D1,34.780613,False,False,clean,,False,False
D1_training-a_a0385,training-a,True,D1,41.330869,False,False,clean,,False,False
D1_training-a_a0386,training-a,True,D1,31.716508,False,False,clean,,False,False
D1_training-a_a0387,training-a,True,D1,27.726667,False,False,clean,,False,False
D1_training-a_a0388,training-a,True,D1,24.58929,False,False,clean,,False,False
D1_training-a_a0389,training-a,True,D1,29.628431,False,False,clean,,False,False
D1_training-a_a0390,training-a,True,D1,39.889017,False,False,clean,,False,False
D1_training-a_a0391,training-a,True,D1,34.689843,False,False,clean,,False,False
D1_training-a_a0392,training-a,True,D1,23.753875,False,False,clean,,False,False
D1_training-a_a0393,training-a,True,D1,37.722433,False,False,clean,,False,False
D1_training-a_a0394,training-a,True,D1,41.991733,False,False,clean,,False,False
D1_training-a_a0395,training-a,False,D1,6.195371,False,False,clean,,False,True
D1_training-a_a0396,training-a,True,D1,31.976004,False,False,clean,,False,False
D1_training-a_a0397,training-a,True,D1,43.856123,False,False,clean,,False,False
D1_training-a_a0398,training-a,True,D1,35.984844,False,False,clean,,False,False
D1_training-a_a0399,training-a,True,D1,25.709087,False,False,clean,,False,False
D1_training-a_a0400,training-a,True,D1,17.803732,False,False,clean,,False,False
D1_training-a_a0401,training-a,True,D1,33.516308,False,False,clean,,False,False
D1_training-a_a0402,training-a,True,D1,24.512567,False,False,clean,,False,False
D1_training-a_a0403,training-a,False,D1,16.130618,False,False,clean,,False,True
D1_training-a_a0404,training-a,True,D1,29.674489,False,False,clean,,False,False
D1_training-a_a0405,training-a,True,D1,34.415544,False,False,clean,,False,False
D1_training-a_a0406,training-a,True,D1,28.948898,False,False,clean,,False,False
D1_training-a_a0407,training-a,True,D1,34.869579,False,False,clean,,False,False
D1_training-a_a0408,training-a,True,D1,34.808697,False,False,clean,,False,False
D1_training-a_a0409,training-a,True,D1,31.45524,False,False,clean,,False,False
D1_training-b_b0001,training-b,True,D1,34.011329,True,True,noisy,baseline_drift,True,False
D1_training-b_b0002,training-b,True,D1,46.703708,False,False,clean,,False,False
D1_training-b_b0003,training-b,True,D1,33.519159,True,True,noisy,baseline_drift,True,False
D1_training-b_b0004,training-b,True,D1,21.051628,True,True,noisy,baseline_drift,True,False
D1_training-b_b0005,training-b,True,D1,24.665883,False,False,clean,,False,False
D1_training-b_b0006,training-b,True,D1,47.090655,False,False,clean,,False,False
D1_training-b_b0007,training-b,False,D1,22.088686,True,True,noisy,baseline_drift,True,True
D1_training-b_b0008,training-b,True,D1,44.107908,True,True,noisy,baseline_drift,True,False
D1_training-b_b0009,training-b,True,D1,31.273455,True,True,noisy,baseline_drift,True,False
D1_training-b_b0010,training-b,True,D1,38.933913,True,True,noisy,baseline_drift,True,False
D1_training-b_b0011,training-b,True,D1,44.398394,True,True,noisy,baseline_drift,True,False
D1_training-b_b0012,training-b,True,D1,19.763132,False,False,clean,,False,False
D1_training-b_b0013,training-b,True,D1,23.360422,True,True,noisy,baseline_drift,True,False
D1_training-b_b0014,training-b,True,D1,30.919786,True,True,noisy,baseline_drift,True,False
D1_training-b_b0015,training-b,True,D1,38.317397,True,True,noisy,baseline_drift,True,False
D1_training-b_b0016,training-b,True,D1,34.742777,True,True,noisy,baseline_drift,True,False
D1_training-b_b0017,training-b,True,D1,22.702581,True,True,noisy,baseline_drift,True,False
D1_training-b_b0018,training-b,True,D1,38.834465,True,True,noisy,baseline_drift,True,False
D1_training-b_b0019,training-b,True,D1,42.579299,True,True,noisy,baseline_drift,True,False
D1_training-b_b0020,training-b,True,D1,35.831778,True,True,noisy,baseline_drift,True,False
D1_training-b_b0021,training-b,True,D1,38.615548,False,False,clean,,False,False
D1_training-b_b0022,training-b,False,D1,12.551758,True,True,noisy,baseline_drift,True,True
D1_training-b_b0023,training-b,True,D1,36.69229,True,True,noisy,baseline_drift,True,False
D1_training-b_b0024,training-b,True,D1,17.031455,True,True,noisy,baseline_drift,True,False
D1_training-b_b0025,training-b,True,D1,28.576902,False,False,clean,,False,False
D1_training-b_b0026,training-b,True,D1,39.886107,False,False,clean,,False,False
D1_training-b_b0027,training-b,True,D1,34.780176,True,True,noisy,baseline_drift,True,False
D1_training-b_b0028,training-b,True,D1,43.096775,True,True,noisy,baseline_drift,True,False
D1_training-b_b0029,training-b,True,D1,16.821931,True,True,noisy,baseline_drift,True,False
D1_training-b_b0030,training-b,True,D1,45.299517,False,False,clean,,False,False
D1_training-b_b0031,training-b,True,D1,35.710793,True,True,noisy,baseline_drift,True,False
D1_training-b_b0032,training-b,False,D1,41.494477,True,True,noisy,baseline_drift,True,True
D1_training-b_b0033,training-b,True,D1,30.211251,True,True,noisy,baseline_drift,True,False
D1_training-b_b0034,training-b,False,D1,33.335311,True,True,noisy,baseline_drift,True,True
D1_training-b_b0035,training-b,True,D1,28.994966,True,True,noisy,baseline_drift,True,False
D1_training-b_b0036,training-b,True,D1,40.681864,False,False,clean,,False,False
D1_training-b_b0037,training-b,True,D1,27.205964,False,False,clean,,False,False
D1_training-b_b0038,training-b,True,D1,25.323613,False,False,clean,,False,False
D1_training-b_b0039,training-b,True,D1,28.365669,False,False,clean,,False,False
D1_training-b_b0040,training-b,True,D1,17.328379,False,False,clean,,False,False
D1_training-b_b0041,training-b,True,D1,18.320955,False,False,clean,,False,False
D1_training-b_b0042,training-b,True,D1,20.833822,True,True,noisy,baseline_drift,True,False
D1_training-b_b0043,training-b,True,D1,41.638764,True,True,noisy,baseline_drift,True,False
D1_training-b_b0044,training-b,True,D1,30.962297,False,False,clean,,False,False
D1_training-b_b0045,training-b,False,D1,37.270916,True,True,noisy,baseline_drift,True,True
D1_training-b_b0046,training-b,True,D1,44.978073,False,False,clean,,False,False
D1_training-b_b0047,training-b,True,D1,51.319829,False,False,clean,,False,False
D1_training-b_b0048,training-b,True,D1,42.741397,False,False,clean,,False,False
D1_training-b_b0049,training-b,True,D1,34.860201,True,True,noisy,baseline_drift,True,False
D1_training-b_b0050,training-b,False,D1,37.66314,True,True,noisy,baseline_drift,True,True
D1_training-b_b0051,training-b,True,D1,47.356786,False,False,clean,,False,False
D1_training-b_b0052,training-b,True,D1,46.776742,True,True,noisy,baseline_drift,True,False
D1_training-b_b0053,training-b,True,D1,47.206841,True,True,noisy,baseline_drift,True,False
D1_training-b_b0054,training-b,True,D1,30.289165,True,True,noisy,baseline_drift,True,False
D1_training-b_b0055,training-b,True,D1,29.036402,True,True,noisy,baseline_drift,True,False
D1_training-b_b0056,training-b,True,D1,31.637531,True,True,noisy,baseline_drift,True,False
D1_training-b_b0057,training-b,False,D1,34.064828,True,True,noisy,baseline_drift,True,True
D1_training-b_b0058,training-b,True,D1,22.012132,True,True,noisy,baseline_drift,True,False
D1_training-b_b0059,training-b,True,D1,24.827252,True,True,noisy,baseline_drift,True,False
D1_training-b_b0060,training-b,True,D1,32.484576,False,False,clean,,False,False
D1_training-b_b0061,training-b,True,D1,24.174404,True,True,noisy,baseline_drift,True,False
D1_training-b_b0062,training-b,False,D1,29.950496,True,True,noisy,baseline_drift,True,True
D1_training-b_b0063,training-b,True,D1,17.019578,False,False,clean,,False,False
D1_training-b_b0064,training-b,True,D1,47.54897,False,False,clean,,False,False
D1_training-b_b0065,training-b,True,D1,42.291262,True,True,noisy,baseline_drift,True,False
D1_training-b_b0066,training-b,True,D1,32.014506,False,False,clean,,False,False
D1_training-b_b0067,training-b,True,D1,32.600208,True,True,noisy,baseline_drift,True,False
D1_training-b_b0068,training-b,False,D1,28.914719,True,True,noisy,baseline_drift,True,True
D1_training-b_b0069,training-b,False,D1,32.044357,True,True,noisy,baseline_drift,True,True
D1_training-b_b0070,training-b,True,D1,30.654939,True,True,noisy,baseline_drift,True,False
D1_training-b_b0071,training-b,True,D1,29.890273,True,True,noisy,baseline_drift,True,False
D1_training-b_b0072,training-b,True,D1,40.577904,False,False,clean,,False,False
D1_training-b_b0073,training-b,True,D1,37.847941,True,True,noisy,baseline_drift,True,False
D1_training-b_b0074,training-b,True,D1,15.689486,True,True,noisy,baseline_drift,True,False
D1_training-b_b0075,training-b,True,D1,33.18262,False,False,clean,,False,False
D1_training-b_b0076,training-b,False,D1,36.670502,True,True,noisy,baseline_drift,True,True
D1_training-b_b0077,training-b,False,D1,42.696621,True,True,noisy,baseline_drift,True,True
D1_training-b_b0078,training-b,True,D1,31.415053,True,True,noisy,baseline_drift,True,False
D1_training-b_b0079,training-b,True,D1,12.742861,False,False,clean,,False,False
D1_training-b_b0080,training-b,True,D1,38.242777,False,False,clean,,False,False
D1_training-b_b0081,training-b,True,D1,39.536043,True,True,noisy,baseline_drift,True,False
D1_training-b_b0082,training-b,True,D1,18.851952,True,True,noisy,baseline_drift,True,False
D1_training-b_b0083,training-b,True,D1,46.766649,False,False,clean,,False,False
D1_training-b_b0084,training-b,True,D1,43.32629,False,False,clean,,False,False
D1_training-b_b0085,training-b,True,D1,22.711822,False,False,clean,,False,False
D1_training-b_b0086,training-b,True,D1,36.622252,False,False,clean,,False,False
D1_training-b_b0087,training-b,True,D1,30.772097,True,True,noisy,baseline_drift,True,False
D1_training-b_b0088,training-b,False,D1,45.721751,False,False,clean,,False,True
D1_training-b_b0089,training-b,True,D1,28.017671,False,False,clean,,False,False
D1_training-b_b0090,training-b,True,D1,53.627202,False,False,clean,,False,False
D1_training-b_b0091,training-b,True,D1,36.181571,False,False,clean,,False,False
D1_training-b_b0092,training-b,True,D1,45.358964,False,False,clean,,False,False
D1_training-b_b0093,training-b,True,D1,39.714761,True,True,noisy,baseline_drift,True,False
D1_training-b_b0094,training-b,True,D1,43.241698,True,True,noisy,baseline_drift,True,False
D1_training-b_b0095,training-b,True,D1,26.383991,True,True,noisy,baseline_drift,True,False
D1_training-b_b0096,training-b,True,D1,23.346532,True,True,noisy,baseline_drift,True,False
D1_training-b_b0097,training-b,True,D1,42.661284,False,False,clean,,False,False
D1_training-b_b0098,training-b,False,D1,24.825856,True,True,noisy,baseline_drift,True,True
D1_training-b_b0099,training-b,True,D1,23.79242,False,False,clean,,False,False
D1_training-b_b0100,training-b,True,D1,32.900248,False,False,clean,,False,False
D1_training-b_b0101,training-b,True,D1,30.861505,True,True,noisy,baseline_drift,True,False
D1_training-b_b0102,training-b,False,D1,29.003465,True,True,noisy,baseline_drift,True,True
D1_training-b_b0103,training-b,False,D1,30.33326,True,True,noisy,baseline_drift,True,True
D1_training-b_b0104,training-b,True,D1,41.849174,False,False,clean,,False,False
D1_training-b_b0105,training-b,True,D1,45.121312,True,True,noisy,baseline_drift,True,False
D1_training-b_b0106,training-b,True,D1,29.630326,False,False,clean,,False,False
D1_training-b_b0107,training-b,True,D1,41.320352,True,True,noisy,baseline_drift,True,False
D1_training-b_b0108,training-b,True,D1,27.517752,False,False,clean,,False,False
D1_training-b_b0109,training-b,True,D1,35.348303,False,False,clean,,False,False
D1_training-b_b0110,training-b,True,D1,30.622232,True,True,noisy,baseline_drift,True,False
D1_training-b_b0111,training-b,False,D1,38.599423,True,True,noisy,baseline_drift,True,True
D1_training-b_b0112,training-b,True,D1,46.231885,True,True,noisy,baseline_drift,True,False
D1_training-b_b0113,training-b,False,D1,40.900276,True,True,noisy,baseline_drift,True,True
D1_training-b_b0114,training-b,True,D1,41.630642,False,False,clean,,False,False
D1_training-b_b0115,training-b,True,D1,39.260695,True,True,noisy,baseline_drift,True,False
D1_training-b_b0116,training-b,True,D1,23.732444,True,True,noisy,baseline_drift,True,False
D1_training-b_b0117,training-b,True,D1,25.851281,True,True,noisy,baseline_drift,True,False
D1_training-b_b0118,training-b,True,D1,43.075885,True,True,noisy,baseline_drift,True,False
D1_training-b_b0119,training-b,True,D1,32.345449,False,False,clean,,False,False
D1_training-b_b0120,training-b,False,D1,29.552302,True,True,noisy,baseline_drift,True,True
D1_training-b_b0121,training-b,False,D1,30.709756,True,True,noisy,baseline_drift,True,True
D1_training-b_b0122,training-b,True,D1,13.047828,False,False,clean,,False,False
D1_training-b_b0123,training-b,True,D1,36.698898,True,True,noisy,baseline_drift,True,False
D1_training-b_b0124,training-b,True,D1,55.311415,False,False,clean,,False,False
D1_training-b_b0125,training-b,True,D1,31.79186,True,True,noisy,baseline_drift,True,False
D1_training-b_b0126,training-b,False,D1,40.542997,False,False,clean,,False,True
D1_training-b_b0127,training-b,True,D1,50.674998,False,False,clean,,False,False
D1_training-b_b0128,training-b,True,D1,34.549957,False,False,clean,,False,False
D1_training-b_b0129,training-b,True,D1,25.850239,True,True,noisy,baseline_drift,True,False
D1_training-b_b0130,training-b,False,D1,22.532407,True,True,noisy,baseline_drift,True,True
D1_training-b_b0131,training-b,False,D1,18.41819,True,True,noisy,baseline_drift,True,True
D1_training-b_b0132,training-b,True,D1,14.19825,True,True,noisy,baseline_drift,True,False
D1_training-b_b0133,training-b,True,D1,30.052884,True,True,noisy,baseline_drift,True,False
D1_training-b_b0134,training-b,True,D1,41.610564,True,True,noisy,baseline_drift,True,False
D1_training-b_b0135,training-b,True,D1,37.947382,True,True,noisy,baseline_drift,True,False
D1_training-b_b0136,training-b,True,D1,33.985868,True,True,noisy,baseline_drift,True,False
D1_training-b_b0137,training-b,True,D1,27.539239,False,False,clean,,False,False
D1_training-b_b0138,training-b,True,D1,33.971914,True,True,noisy,baseline_drift,True,False
D1_training-b_b0139,training-b,True,D1,31.575693,True,True,noisy,baseline_drift,True,False
D1_training-b_b0140,training-b,True,D1,47.879356,False,False,clean,,False,False
D1_training-b_b0141,training-b,False,D1,19.254876,False,False,clean,,False,True
D1_training-b_b0142,training-b,True,D1,33.617625,True,True,noisy,baseline_drift,True,False
D1_training-b_b0143,training-b,True,D1,44.054357,False,False,clean,,False,False
D1_training-b_b0144,training-b,True,D1,39.284751,False,False,clean,,False,False
D1_training-b_b0145,training-b,True,D1,32.082261,True,True,noisy,baseline_drift,True,False
D1_training-b_b0146,training-b,True,D1,38.984651,False,False,clean,,False,False
D1_training-b_b0147,training-b,True,D1,32.813729,True,True,noisy,baseline_drift,True,False
D1_training-b_b0148,training-b,False,D1,35.645699,True,True,noisy,baseline_drift,True,True
D1_training-b_b0149,training-b,True,D1,37.199141,True,True,noisy,baseline_drift,True,False
D1_training-b_b0150,training-b,False,D1,45.489284,True,True,noisy,baseline_drift,True,True
D1_training-b_b0151,training-b,True,D1,43.457516,False,False,clean,,False,False
D1_training-b_b0152,training-b,True,D1,29.928601,True,True,noisy,baseline_drift,True,False
D1_training-b_b0153,training-b,True,D1,29.980355,False,False,clean,,False,False
D1_training-b_b0154,training-b,False,D1,35.443098,True,True,noisy,baseline_drift,True,True
D1_training-b_b0155,training-b,False,D1,39.849169,True,True,noisy,baseline_drift,True,True
D1_training-b_b0156,training-b,True,D1,35.268452,False,False,clean,,False,False
D1_training-b_b0157,training-b,True,D1,36.678889,True,True,noisy,baseline_drift,True,False
D1_training-b_b0158,training-b,True,D1,31.323024,True,True,noisy,baseline_drift,True,False
D1_training-b_b0159,training-b,False,D1,30.43332,True,True,noisy,baseline_drift,True,True
D1_training-b_b0160,training-b,True,D1,31.856065,False,False,clean,,False,False
D1_training-b_b0161,training-b,True,D1,37.10833,True,True,noisy,baseline_drift,True,False
D1_training-b_b0162,training-b,True,D1,33.40777,True,True,noisy,baseline_drift,True,False
D1_training-b_b0163,training-b,True,D1,36.301231,False,False,clean,,False,False
D1_training-b_b0164,training-b,True,D1,27.86871,True,True,noisy,baseline_drift,True,False
D1_training-b_b0165,training-b,False,D1,40.341054,True,True,noisy,baseline_drift,True,True
D1_training-b_b0166,training-b,True,D1,21.538679,True,True,noisy,baseline_drift,True,False
D1_training-b_b0167,training-b,True,D1,27.569924,True,True,noisy,baseline_drift,True,False
D1_training-b_b0168,training-b,True,D1,24.230702,False,False,clean,,False,False
D1_training-b_b0169,training-b,True,D1,39.895091,True,True,noisy,baseline_drift,True,False
D1_training-b_b0170,training-b,False,D1,21.931515,True,True,noisy,baseline_drift,True,True
D1_training-b_b0171,training-b,True,D1,38.178994,False,False,clean,,False,False
D1_training-b_b0172,training-b,True,D1,34.771375,True,True,noisy,baseline_drift,True,False
D1_training-b_b0173,training-b,True,D1,25.338103,True,True,noisy,baseline_drift,True,False
D1_training-b_b0174,training-b,True,D1,23.23813,False,False,clean,,False,False
D1_training-b_b0175,training-b,True,D1,36.185302,False,False,clean,,False,False
D1_training-b_b0176,training-b,False,D1,34.503926,True,True,noisy,baseline_drift,True,True
D1_training-b_b0177,training-b,True,D1,31.455421,False,False,clean,,False,False
D1_training-b_b0178,training-b,False,D1,36.396523,True,True,noisy,baseline_drift,True,True
D1_training-b_b0179,training-b,False,D1,37.117828,True,True,noisy,baseline_drift,True,True
D1_training-b_b0180,training-b,True,D1,26.718816,True,True,noisy,baseline_drift,True,False
D1_training-b_b0181,training-b,True,D1,54.187865,False,False,clean,,False,False
D1_training-b_b0182,training-b,False,D1,27.908672,True,True,noisy,baseline_drift,True,True
D1_training-b_b0183,training-b,True,D1,22.767467,True,True,noisy,baseline_drift,True,False
D1_training-b_b0184,training-b,False,D1,20.63051,True,True,noisy,baseline_drift,True,True
D1_training-b_b0185,training-b,True,D1,31.481236,True,True,noisy,baseline_drift,True,False
D1_training-b_b0186,training-b,True,D1,24.356164,True,True,noisy,baseline_drift,True,False
D1_training-b_b0187,training-b,True,D1,42.798167,False,False,clean,,False,False
D1_training-b_b0188,training-b,True,D1,22.677665,True,True,noisy,baseline_drift,True,False
D1_training-b_b0189,training-b,True,D1,34.62923,False,False,clean,,False,False
D1_training-b_b0190,training-b,True,D1,48.706195,True,True,noisy,baseline_drift,True,False
D1_training-b_b0191,training-b,True,D1,38.913377,False,False,clean,,False,False
D1_training-b_b0192,training-b,True,D1,29.073215,False,False,clean,,False,False
D1_training-b_b0193,training-b,True,D1,27.854963,False,False,clean,,False,False
D1_training-b_b0194,training-b,False,D1,14.190147,True,True,noisy,baseline_drift,True,True
D1_training-b_b0195,training-b,True,D1,21.298976,True,True,noisy,baseline_drift,True,False
D1_training-b_b0196,training-b,True,D1,45.782291,True,True,noisy,baseline_drift,True,False
D1_training-b_b0197,training-b,True,D1,43.00359,True,True,noisy,baseline_drift,True,False
D1_training-b_b0198,training-b,True,D1,29.478912,False,False,clean,,False,False
D1_training-b_b0199,training-b,True,D1,46.107283,False,False,clean,,False,False
D1_training-b_b0200,training-b,True,D1,36.919945,True,True,noisy,baseline_drift,True,False
D1_training-b_b0201,training-b,True,D1,18.811604,False,False,clean,,False,False
D1_training-b_b0202,training-b,True,D1,25.695093,True,True,noisy,baseline_drift,True,False
D1_training-b_b0203,training-b,False,D1,20.385134,True,True,noisy,baseline_drift,True,True
D1_training-b_b0204,training-b,True,D1,25.063382,True,True,noisy,baseline_drift,True,False
D1_training-b_b0205,training-b,True,D1,40.769993,True,True,noisy,baseline_drift,True,False
D1_training-b_b0206,training-b,False,D1,30.363058,True,True,noisy,baseline_drift,True,True
D1_training-b_b0207,training-b,True,D1,20.307441,True,True,noisy,baseline_drift,True,False
D1_training-b_b0208,training-b,True,D1,50.944452,True,True,noisy,baseline_drift,True,False
D1_training-b_b0209,training-b,False,D1,46.31903,True,True,noisy,baseline_drift,True,True
D1_training-b_b0210,training-b,True,D1,25.89898,True,True,noisy,baseline_drift,True,False
D1_training-b_b0211,training-b,True,D1,37.746895,True,True,noisy,baseline_drift,True,False
D1_training-b_b0212,training-b,False,D1,26.810117,False,False,clean,,False,True
D1_training-b_b0213,training-b,False,D1,41.533803,True,True,noisy,baseline_drift,True,True
D1_training-b_b0214,training-b,True,D1,31.029113,True,True,noisy,baseline_drift,True,False
D1_training-b_b0215,training-b,True,D1,24.567326,False,False,clean,,False,False
D1_training-b_b0216,training-b,True,D1,19.850456,True,True,noisy,baseline_drift,True,False
D1_training-b_b0217,training-b,True,D1,31.962296,True,True,noisy,baseline_drift,True,False
D1_training-b_b0218,training-b,True,D1,23.64104,False,False,clean,,False,False
D1_training-b_b0219,training-b,False,D1,34.286637,True,True,noisy,baseline_drift,True,True
D1_training-b_b0220,training-b,True,D1,45.787706,True,True,noisy,baseline_drift,True,False
D1_training-b_b0221,training-b,True,D1,17.706196,False,False,clean,,False,False
D1_training-b_b0222,training-b,True,D1,23.183843,False,False,clean,,False,False
D1_training-b_b0223,training-b,True,D1,31.292334,True,True,noisy,baseline_drift,True,False
D1_training-b_b0224,training-b,False,D1,32.610899,True,True,noisy,baseline_drift,True,True
D1_training-b_b0225,training-b,True,D1,12.711711,False,False,clean,,False,False
D1_training-b_b0226,training-b,False,D1,29.278867,True,True,noisy,baseline_drift,True,True
D1_training-b_b0227,training-b,True,D1,37.86774,False,False,clean,,False,False
D1_training-b_b0228,training-b,False,D1,31.714011,True,True,noisy,baseline_drift,True,True
D1_training-b_b0229,training-b,False,D1,37.41372,True,True,noisy,baseline_drift,True,True
D1_training-b_b0230,training-b,True,D1,18.916824,False,False,clean,,False,False
D1_training-b_b0231,training-b,False,D1,33.585613,True,True,noisy,baseline_drift,True,True
D1_training-b_b0232,training-b,False,D1,38.760847,True,True,noisy,baseline_drift,True,True
D1_training-b_b0233,training-b,True,D1,35.41097,False,False,clean,,False,False
D1_training-b_b0234,training-b,False,D1,23.423664,True,True,noisy,baseline_drift,True,True
D1_training-b_b0235,training-b,True,D1,20.31722,True,True,noisy,baseline_drift,True,False
D1_training-b_b0236,training-b,False,D1,42.098039,True,True,noisy,baseline_drift,True,True
D1_training-b_b0237,training-b,True,D1,32.964324,False,False,clean,,False,False
D1_training-b_b0238,training-b,True,D1,33.157183,True,True,noisy,baseline_drift,True,False
D1_training-b_b0239,training-b,True,D1,36.862315,True,True,noisy,baseline_drift,True,False
D1_training-b_b0240,training-b,True,D1,40.101666,False,False,clean,,False,False
D1_training-b_b0241,training-b,False,D1,38.244996,True,True,noisy,baseline_drift,True,True
D1_training-b_b0242,training-b,True,D1,24.836458,False,False,clean,,False,False
D1_training-b_b0243,training-b,True,D1,33.909733,False,False,clean,,False,False
D1_training-b_b0244,training-b,True,D1,28.370538,True,True,noisy,baseline_drift,True,False
D1_training-b_b0245,training-b,True,D1,57.242962,False,False,clean,,False,False
D1_training-b_b0246,training-b,True,D1,33.906259,True,True,noisy,baseline_drift,True,False
D1_training-b_b0247,training-b,True,D1,30.867265,True,True,noisy,baseline_drift,True,False
D1_training-b_b0248,training-b,True,D1,36.730157,False,False,clean,,False,False
D1_training-b_b0249,training-b,True,D1,40.651738,True,True,noisy,baseline_drift,True,False
D1_training-b_b0250,training-b,True,D1,23.437938,False,False,clean,,False,False
D1_training-b_b0251,training-b,True,D1,32.544775,True,True,noisy,baseline_drift,True,False
D1_training-b_b0252,training-b,False,D1,26.677266,True,True,noisy,baseline_drift,True,True
D1_training-b_b0253,training-b,False,D1,35.711594,True,True,noisy,baseline_drift,True,True
D1_training-b_b0254,training-b,False,D1,46.099067,True,True,noisy,baseline_drift,True,True
D1_training-b_b0255,training-b,False,D1,20.606366,True,True,noisy,baseline_drift,True,True
D1_training-b_b0256,training-b,True,D1,30.487653,False,False,clean,,False,False
D1_training-b_b0257,training-b,True,D1,50.335039,False,False,clean,,False,False
D1_training-b_b0258,training-b,True,D1,42.428358,True,True,noisy,baseline_drift,True,False
D1_training-b_b0259,training-b,True,D1,34.407055,False,False,clean,,False,False
D1_training-b_b0260,training-b,True,D1,39.279588,True,True,noisy,baseline_drift,True,False
D1_training-b_b0261,training-b,True,D1,40.852895,True,True,noisy,baseline_drift,True,False
D1_training-b_b0262,training-b,True,D1,38.332824,True,True,noisy,baseline_drift,True,False
D1_training-b_b0263,training-b,True,D1,26.238852,True,True,noisy,baseline_drift,True,False
D1_training-b_b0264,training-b,True,D1,31.946615,False,False,clean,,False,False
D1_training-b_b0265,training-b,True,D1,41.198153,True,True,noisy,baseline_drift,True,False
D1_training-b_b0266,training-b,True,D1,37.120196,False,False,clean,,False,False
D1_training-b_b0267,training-b,True,D1,41.03003,True,True,noisy,baseline_drift,True,False
D1_training-b_b0268,training-b,True,D1,40.584525,True,True,noisy,baseline_drift,True,False
D1_training-b_b0269,training-b,True,D1,41.956283,False,False,clean,,False,False
D1_training-b_b0270,training-b,True,D1,36.749204,True,True,noisy,baseline_drift,True,False
D1_training-b_b0271,training-b,True,D1,20.077233,False,False,clean,,False,False
D1_training-b_b0272,training-b,True,D1,20.04153,True,True,noisy,baseline_drift,True,False
D1_training-b_b0273,training-b,True,D1,24.531298,False,False,clean,,False,False
D1_training-b_b0274,training-b,True,D1,49.768914,False,False,clean,,False,False
D1_training-b_b0275,training-b,True,D1,9.394325,False,False,clean,,False,False
D1_training-b_b0276,training-b,False,D1,17.065475,True,True,noisy,baseline_drift,True,True
D1_training-b_b0277,training-b,True,D1,17.644728,False,False,clean,,False,False
D1_training-b_b0278,training-b,False,D1,34.92669,True,True,noisy,baseline_drift,True,True
D1_training-b_b0279,training-b,True,D1,48.531555,False,False,clean,,False,False
D1_training-b_b0280,training-b,True,D1,28.730382,False,False,clean,,False,False
D1_training-b_b0281,training-b,True,D1,33.416806,True,True,noisy,baseline_drift,True,False
D1_training-b_b0282,training-b,True,D1,26.521784,True,True,noisy,baseline_drift,True,False
D1_training-b_b0283,training-b,True,D1,22.793405,True,True,noisy,baseline_drift,True,False
D1_training-b_b0284,training-b,False,D1,21.952846,True,True,noisy,baseline_drift,True,True
D1_training-b_b0285,training-b,False,D1,24.348367,True,True,noisy,baseline_drift,True,True
D1_training-b_b0286,training-b,False,D1,46.18614,False,False,clean,,False,True
D1_training-b_b0287,training-b,False,D1,19.756109,True,True,noisy,baseline_drift,True,True
D1_training-b_b0288,training-b,True,D1,44.344742,True,True,noisy,baseline_drift,True,False
D1_training-b_b0289,training-b,True,D1,46.42947,False,False,clean,,False,False
D1_training-b_b0290,training-b,True,D1,36.457884,True,True,noisy,baseline_drift,True,False
D1_training-b_b0291,training-b,True,D1,36.333527,True,True,noisy,baseline_drift,True,False
D1_training-b_b0292,training-b,True,D1,37.979542,False,False,clean,,False,False
D1_training-b_b0293,training-b,True,D1,13.893722,True,True,noisy,baseline_drift,True,False
D1_training-b_b0294,training-b,True,D1,31.381082,True,True,noisy,baseline_drift,True,False
D1_training-b_b0295,training-b,True,D1,45.471128,True,True,noisy,baseline_drift,True,False
D1_training-b_b0296,training-b,True,D1,32.957957,True,True,noisy,baseline_drift,True,False
D1_training-b_b0297,training-b,False,D1,42.447871,True,True,noisy,baseline_drift,True,True
D1_training-b_b0298,training-b,True,D1,34.376405,True,True,noisy,baseline_drift,True,False
D1_training-b_b0299,training-b,False,D1,31.882837,True,True,noisy,baseline_drift,True,True
D1_training-b_b0300,training-b,True,D1,45.57906,False,False,clean,,False,False
D1_training-b_b0301,training-b,False,D1,36.732168,True,True,noisy,baseline_drift,True,True
D1_training-b_b0302,training-b,True,D1,44.77565,False,False,clean,,False,False
D1_training-b_b0303,training-b,True,D1,46.989183,True,True,noisy,baseline_drift,True,False
D1_training-b_b0304,training-b,True,D1,35.250441,True,True,noisy,baseline_drift,True,False
D1_training-b_b0305,training-b,False,D1,31.535876,True,True,noisy,baseline_drift,True,True
D1_training-b_b0306,training-b,True,D1,33.478423,True,True,noisy,baseline_drift,True,False
D1_training-b_b0307,training-b,True,D1,26.121868,True,True,noisy,baseline_drift,True,False
D1_training-b_b0308,training-b,True,D1,56.866619,True,True,noisy,baseline_drift,True,False
D1_training-b_b0309,training-b,True,D1,21.555776,True,True,noisy,baseline_drift,True,False
D1_training-b_b0310,training-b,False,D1,43.969818,True,True,noisy,baseline_drift,True,True
D1_training-b_b0311,training-b,True,D1,36.102027,False,False,clean,,False,False
D1_training-b_b0312,training-b,True,D1,51.507765,False,False,clean,,False,False
D1_training-b_b0313,training-b,False,D1,28.435678,True,True,noisy,baseline_drift,True,True
D1_training-b_b0314,training-b,True,D1,36.429886,True,True,noisy,baseline_drift,True,False
D1_training-b_b0315,training-b,False,D1,32.745627,True,True,noisy,baseline_drift,True,True
D1_training-b_b0316,training-b,True,D1,51.261301,False,False,clean,,False,False
D1_training-b_b0317,training-b,True,D1,34.672202,False,False,clean,,False,False
D1_training-b_b0318,training-b,True,D1,31.134181,True,True,noisy,baseline_drift,True,False
D1_training-b_b0319,training-b,True,D1,32.629435,True,True,noisy,baseline_drift,True,False
D1_training-b_b0320,training-b,True,D1,42.005934,False,False,clean,,False,False
D1_training-b_b0321,training-b,False,D1,44.346244,True,True,noisy,baseline_drift,True,True
D1_training-b_b0322,training-b,True,D1,34.186424,True,True,noisy,baseline_drift,True,False
D1_training-b_b0323,training-b,False,D1,49.982965,True,True,noisy,baseline_drift,True,True
D1_training-b_b0324,training-b,True,D1,21.77642,True,True,noisy,baseline_drift,True,False
D1_training-b_b0325,training-b,True,D1,23.830171,True,True,noisy,baseline_drift,True,False
D1_training-b_b0326,training-b,True,D1,32.42484,True,True,noisy,baseline_drift,True,False
D1_training-b_b0327,training-b,True,D1,45.345839,False,False,clean,,False,False
D1_training-b_b0328,training-b,True,D1,23.837401,True,True,noisy,baseline_drift,True,False
D1_training-b_b0329,training-b,True,D1,48.458864,True,True,noisy,baseline_drift,True,False
D1_training-b_b0330,training-b,True,D1,35.317043,True,True,noisy,baseline_drift,True,False
D1_training-b_b0331,training-b,True,D1,25.731468,True,True,noisy,baseline_drift,True,False
D1_training-b_b0332,training-b,True,D1,29.748184,False,False,clean,,False,False
D1_training-b_b0333,training-b,True,D1,39.289045,False,False,clean,,False,False
D1_training-b_b0334,training-b,True,D1,45.481524,True,True,noisy,baseline_drift,True,False
D1_training-b_b0335,training-b,True,D1,30.750463,False,False,clean,,False,False
D1_training-b_b0336,training-b,True,D1,28.034501,True,True,noisy,baseline_drift,True,False
D1_training-b_b0337,training-b,True,D1,37.791346,False,False,clean,,False,False
D1_training-b_b0338,training-b,True,D1,20.476353,True,True,noisy,baseline_drift,True,False
D1_training-b_b0339,training-b,True,D1,33.002755,True,True,noisy,baseline_drift,True,False
D1_training-b_b0340,training-b,True,D1,49.433782,False,False,clean,,False,False
D1_training-b_b0341,training-b,True,D1,13.1264,True,True,noisy,baseline_drift,True,False
D1_training-b_b0342,training-b,False,D1,43.024486,True,True,noisy,baseline_drift,True,True
D1_training-b_b0343,training-b,False,D1,41.78065,True,True,noisy,baseline_drift,True,True
D1_training-b_b0344,training-b,True,D1,51.935851,False,False,clean,,False,False
D1_training-b_b0345,training-b,True,D1,26.985588,True,True,noisy,baseline_drift,True,False
D1_training-b_b0346,training-b,False,D1,26.178057,True,True,noisy,baseline_drift,True,True
D1_training-b_b0347,training-b,True,D1,35.475759,True,True,noisy,baseline_drift,True,False
D1_training-b_b0348,training-b,True,D1,32.229507,True,True,noisy,baseline_drift,True,False
D1_training-b_b0349,training-b,False,D1,32.646813,False,False,clean,,False,True
D1_training-b_b0350,training-b,True,D1,32.300871,True,True,noisy,baseline_drift,True,False
D1_training-b_b0351,training-b,True,D1,38.808448,False,False,clean,,False,False
D1_training-b_b0352,training-b,True,D1,28.469347,False,False,clean,,False,False
D1_training-b_b0353,training-b,False,D1,27.109502,True,True,noisy,baseline_drift,True,True
D1_training-b_b0354,training-b,True,D1,32.80114,True,True,noisy,baseline_drift,True,False
D1_training-b_b0355,training-b,True,D1,34.765265,True,True,noisy,baseline_drift,True,False
D1_training-b_b0356,training-b,True,D1,13.316492,True,True,noisy,baseline_drift,True,False
D1_training-b_b0357,training-b,True,D1,44.839047,True,True,noisy,baseline_drift,True,False
D1_training-b_b0358,training-b,False,D1,34.206393,True,True,noisy,baseline_drift,True,True
D1_training-b_b0359,training-b,True,D1,33.617367,False,False,clean,,False,False
D1_training-b_b0360,training-b,True,D1,37.452579,True,True,noisy,baseline_drift,True,False
D1_training-b_b0361,training-b,False,D1,23.521792,True,True,noisy,baseline_drift,True,True
D1_training-b_b0362,training-b,False,D1,20.859533,True,True,noisy,baseline_drift,True,True
D1_training-b_b0363,training-b,False,D1,33.96517,True,True,noisy,baseline_drift,True,True
D1_training-b_b0364,training-b,True,D1,40.670637,False,False,clean,,False,False
D1_training-b_b0365,training-b,False,D1,24.248178,True,True,noisy,baseline_drift,True,True
D1_training-b_b0366,training-b,False,D1,36.991727,True,True,noisy,baseline_drift,True,True
D1_training-b_b0367,training-b,False,D1,39.856996,True,True,noisy,baseline_drift,True,True
D1_training-b_b0368,training-b,True,D1,42.627356,True,True,noisy,baseline_drift,True,False
D1_training-b_b0369,training-b,True,D1,30.550799,False,False,clean,,False,False
D1_training-b_b0370,training-b,True,D1,36.858937,False,False,clean,,False,False
D1_training-b_b0371,training-b,True,D1,22.207986,False,False,clean,,False,False
D1_training-b_b0372,training-b,True,D1,25.649149,True,True,noisy,baseline_drift,True,False
D1_training-b_b0373,training-b,True,D1,36.007796,True,True,noisy,baseline_drift,True,False
D1_training-b_b0374,training-b,True,D1,28.811397,False,False,clean,,False,False
D1_training-b_b0375,training-b,True,D1,31.152478,False,False,clean,,False,False
D1_training-b_b0376,training-b,True,D1,31.644604,True,True,noisy,baseline_drift,True,False
D1_training-b_b0377,training-b,True,D1,41.91111,False,False,clean,,False,False
D1_training-b_b0378,training-b,False,D1,30.578656,True,True,noisy,baseline_drift,True,True
D1_training-b_b0379,training-b,False,D1,20.632441,True,True,noisy,baseline_drift,True,True
D1_training-b_b0380,training-b,True,D1,41.511773,True,True,noisy,baseline_drift,True,False
D1_training-b_b0381,training-b,True,D1,23.95142,False,False,clean,,False,False
D1_training-b_b0382,training-b,False,D1,26.761061,True,True,noisy,baseline_drift,True,True
D1_training-b_b0383,training-b,True,D1,49.131219,True,True,noisy,baseline_drift,True,False
D1_training-b_b0384,training-b,False,D1,40.796319,True,True,noisy,baseline_drift,True,True
D1_training-b_b0385,training-b,True,D1,37.625212,True,True,noisy,baseline_drift,True,False
D1_training-b_b0386,training-b,True,D1,24.912938,False,False,clean,,False,False
D1_training-b_b0387,training-b,True,D1,37.020143,True,True,noisy,baseline_drift,True,False
D1_training-b_b0388,training-b,True,D1,44.377507,True,True,noisy,baseline_drift,True,False
D1_training-b_b0389,training-b,True,D1,41.939196,False,False,clean,,False,False
D1_training-b_b0390,training-b,True,D1,19.47845,False,False,clean,,False,False
D1_training-b_b0391,training-b,True,D1,18.912949,True,True,noisy,baseline_drift,True,False
D1_training-b_b0392,training-b,True,D1,34.911763,True,True,noisy,baseline_drift,True,False
D1_training-b_b0393,training-b,False,D1,10.918358,False,False,clean,,False,True
D1_training-b_b0394,training-b,False,D1,18.067324,True,True,noisy,baseline_drift,True,True
D1_training-b_b0395,training-b,True,D1,25.212102,False,False,clean,,False,False
D1_training-b_b0396,training-b,True,D1,17.835547,True,True,noisy,baseline_drift,True,False
D1_training-b_b0397,training-b,True,D1,16.519533,False,False,clean,,False,False
D1_training-b_b0398,training-b,False,D1,31.820723,False,False,clean,,False,True
D1_training-b_b0399,training-b,True,D1,46.047035,True,True,noisy,baseline_drift,True,False
D1_training-b_b0400,training-b,False,D1,31.060609,True,True,noisy,baseline_drift,True,True
D1_training-b_b0401,training-b,True,D1,24.587943,False,False,clean,,False,False
D1_training-b_b0402,training-b,False,D1,21.95296,True,True,noisy,baseline_drift,True,True
D1_training-b_b0403,training-b,True,D1,22.881561,True,True,noisy,baseline_drift,True,False
D1_training-b_b0404,training-b,False,D1,30.902363,True,True,noisy,baseline_drift,True,True
D1_training-b_b0405,training-b,True,D1,15.650452,False,False,clean,,False,False
D1_training-b_b0406,training-b,True,D1,35.061022,True,True,noisy,baseline_drift,True,False
D1_training-b_b0407,training-b,True,D1,23.382034,True,True,noisy,baseline_drift,True,False
D1_training-b_b0408,training-b,True,D1,20.222719,False,False,clean,,False,False
D1_training-b_b0409,training-b,False,D1,18.783939,True,True,noisy,baseline_drift,True,True
D1_training-b_b0410,training-b,False,D1,49.185398,True,True,noisy,baseline_drift,True,True
D1_training-b_b0411,training-b,False,D1,36.762784,True,True,noisy,baseline_drift,True,True
D1_training-b_b0412,training-b,True,D1,38.206398,False,False,clean,,False,False
D1_training-b_b0413,training-b,False,D1,35.604291,True,True,noisy,baseline_drift,True,True
D1_training-b_b0414,training-b,True,D1,37.70832,True,True,noisy,baseline_drift,True,False
D1_training-b_b0415,training-b,False,D1,19.292115,True,True,noisy,baseline_drift,True,True
D1_training-b_b0416,training-b,True,D1,22.982988,False,False,clean,,False,False
D1_training-b_b0417,training-b,True,D1,35.032568,False,False,clean,,False,False
D1_training-b_b0418,training-b,False,D1,29.307104,True,True,noisy,baseline_drift,True,True
D1_training-b_b0419,training-b,True,D1,38.039833,True,True,noisy,baseline_drift,True,False
D1_training-b_b0420,training-b,False,D1,38.61734,True,True,noisy,baseline_drift,True,True
D1_training-b_b0421,training-b,True,D1,43.286539,True,True,noisy,baseline_drift,True,False
D1_training-b_b0422,training-b,True,D1,28.761035,True,True,noisy,baseline_drift,True,False
D1_training-b_b0423,training-b,True,D1,23.513077,True,True,noisy,baseline_drift,True,False
D1_training-b_b0424,training-b,True,D1,27.822811,False,False,clean,,False,False
D1_training-b_b0425,training-b,False,D1,31.776458,True,True,noisy,baseline_drift,True,True
D1_training-b_b0426,training-b,False,D1,19.536116,True,True,noisy,baseline_drift,True,True
D1_training-b_b0427,training-b,False,D1,35.983412,True,True,noisy,baseline_drift,True,True
D1_training-b_b0428,training-b,True,D1,44.664224,True,True,noisy,baseline_drift,True,False
D1_training-b_b0429,training-b,True,D1,56.446078,False,False,clean,,False,False
D1_training-b_b0430,training-b,True,D1,24.290106,False,False,clean,,False,False
D1_training-b_b0431,training-b,False,D1,25.138137,True,True,noisy,baseline_drift,True,True
D1_training-b_b0432,training-b,False,D1,40.706459,True,True,noisy,baseline_drift,True,True
D1_training-b_b0433,training-b,True,D1,23.611336,False,False,clean,,False,False
D1_training-b_b0434,training-b,True,D1,26.321552,True,True,noisy,baseline_drift,True,False
D1_training-b_b0435,training-b,True,D1,41.451455,True,True,noisy,baseline_drift,True,False
D1_training-b_b0436,training-b,True,D1,37.539055,True,True,noisy,baseline_drift,True,False
D1_training-b_b0437,training-b,True,D1,42.422911,False,False,clean,,False,False
D1_training-b_b0438,training-b,False,D1,32.395751,True,True,noisy,baseline_drift,True,True
D1_training-b_b0439,training-b,False,D1,21.455324,True,True,noisy,baseline_drift,True,True
D1_training-b_b0440,training-b,True,D1,27.828511,True,True,noisy,baseline_drift,True,False
D1_training-b_b0441,training-b,True,D1,30.995444,True,True,noisy,baseline_drift,True,False
D1_training-b_b0442,training-b,True,D1,25.058866,False,False,clean,,False,False
D1_training-b_b0443,training-b,True,D1,19.775737,True,True,noisy,baseline_drift,True,False
D1_training-b_b0444,training-b,False,D1,50.733462,True,True,noisy,baseline_drift,True,True
D1_training-b_b0445,training-b,True,D1,49.102634,True,True,noisy,baseline_drift,True,False
D1_training-b_b0446,training-b,True,D1,36.729372,True,True,noisy,baseline_drift,True,False
D1_training-b_b0447,training-b,False,D1,42.750709,True,True,noisy,baseline_drift,True,True
D1_training-b_b0448,training-b,False,D1,28.641146,True,True,noisy,baseline_drift,True,True
D1_training-b_b0449,training-b,True,D1,45.45927,False,False,clean,,False,False
D1_training-b_b0450,training-b,True,D1,20.567598,False,False,clean,,False,False
D1_training-b_b0451,training-b,False,D1,43.555739,True,True,noisy,baseline_drift,True,True
D1_training-b_b0452,training-b,True,D1,22.902466,True,True,noisy,baseline_drift,True,False
D1_training-b_b0453,training-b,True,D1,35.378052,True,True,noisy,baseline_drift,True,False
D1_training-b_b0454,training-b,True,D1,40.288433,False,False,clean,,False,False
D1_training-b_b0455,training-b,False,D1,36.808366,True,True,noisy,baseline_drift,True,True
D1_training-b_b0456,training-b,True,D1,47.035082,False,False,clean,,False,False
D1_training-b_b0457,training-b,True,D1,35.62699,True,True,noisy,baseline_drift,True,False
D1_training-b_b0458,training-b,True,D1,47.578742,False,False,clean,,False,False
D1_training-b_b0459,training-b,False,D1,31.53252,True,True,noisy,baseline_drift,True,True
D1_training-b_b0460,training-b,True,D1,23.954717,False,False,clean,,False,False
D1_training-b_b0461,training-b,True,D1,45.374622,True,True,noisy,baseline_drift,True,False
D1_training-b_b0462,training-b,False,D1,50.493053,True,True,noisy,baseline_drift,True,True
D1_training-b_b0463,training-b,True,D1,35.854975,True,True,noisy,baseline_drift,True,False
D1_training-b_b0464,training-b,True,D1,47.570763,False,False,clean,,False,False
D1_training-b_b0465,training-b,False,D1,31.153738,True,True,noisy,baseline_drift,True,True
D1_training-b_b0466,training-b,False,D1,18.787846,True,True,noisy,baseline_drift,True,True
D1_training-b_b0467,training-b,True,D1,29.589198,True,True,noisy,baseline_drift,True,False
D1_training-b_b0468,training-b,True,D1,44.386391,True,True,noisy,baseline_drift,True,False
D1_training-b_b0469,training-b,True,D1,51.830007,False,False,clean,,False,False
D1_training-b_b0470,training-b,True,D1,43.074856,False,False,clean,,False,False
D1_training-b_b0471,training-b,True,D1,32.98052,True,True,noisy,baseline_drift,True,False
D1_training-b_b0472,training-b,True,D1,32.858625,False,False,clean,,False,False
D1_training-b_b0473,training-b,True,D1,40.937675,False,False,clean,,False,False
D1_training-b_b0474,training-b,True,D1,25.913968,False,False,clean,,False,False
D1_training-b_b0475,training-b,True,D1,39.935307,False,False,clean,,False,False
D1_training-b_b0476,training-b,False,D1,32.617436,True,True,noisy,baseline_drift,True,True
D1_training-b_b0477,training-b,True,D1,32.409623,True,True,noisy,baseline_drift,True,False
D1_training-b_b0478,training-b,True,D1,25.130241,False,False,clean,,False,False
D1_training-b_b0479,training-b,False,D1,31.144442,True,True,noisy,baseline_drift,True,True
D1_training-b_b0480,training-b,False,D1,34.810299,True,True,noisy,baseline_drift,True,True
D1_training-b_b0481,training-b,True,D1,35.113353,True,True,noisy,baseline_drift,True,False
D1_training-b_b0482,training-b,True,D1,28.536381,False,False,clean,,False,False
D1_training-b_b0483,training-b,False,D1,47.65647,True,True,noisy,baseline_drift,True,True
D1_training-b_b0484,training-b,True,D1,45.113286,False,False,clean,,False,False
D1_training-b_b0485,training-b,False,D1,42.271259,True,True,noisy,baseline_drift,True,True
D1_training-b_b0486,training-b,True,D1,27.632052,False,False,clean,,False,False
D1_training-b_b0487,training-b,False,D1,39.758417,True,True,noisy,baseline_drift,True,True
D1_training-b_b0488,training-b,True,D1,21.148033,True,True,noisy,baseline_drift,True,False
D1_training-b_b0489,training-b,True,D1,26.743743,False,False,clean,,False,False
D1_training-b_b0490,training-b,True,D1,24.585294,False,False,clean,,False,False
D1_training-c_c0001,training-c,True,D1,43.568712,False,False,clean,,False,False
D1_training-c_c0002,training-c,True,D1,38.928469,False,False,clean,,False,False
D1_training-c_c0003,training-c,True,D1,26.831229,False,False,clean,,False,False
D1_training-c_c0004,training-c,True,D1,39.160581,False,False,clean,,False,False
D1_training-c_c0005,training-c,False,D1,37.243671,False,False,clean,,False,True
D1_training-c_c0006,training-c,True,D1,37.851586,False,False,clean,,False,False
D1_training-c_c0007,training-c,True,D1,26.948159,False,False,clean,,False,False
D1_training-c_c0008,training-c,False,D1,36.290238,False,False,clean,,False,True
D1_training-c_c0009,training-c,True,D1,39.742645,False,False,clean,,False,False
D1_training-c_c0010,training-c,True,D1,19.623711,False,False,clean,,False,False
D1_training-c_c0011,training-c,True,D1,33.942835,False,False,clean,,False,False
D1_training-c_c0012,training-c,True,D1,36.121813,False,False,clean,,False,False
D1_training-c_c0013,training-c,True,D1,38.549955,False,False,clean,,False,False
D1_training-c_c0014,training-c,True,D1,46.471567,False,False,clean,,False,False
D1_training-c_c0015,training-c,True,D1,29.314704,False,False,clean,,False,False
D1_training-c_c0016,training-c,True,D1,34.355189,False,False,clean,,False,False
D1_training-c_c0017,training-c,False,D1,35.858406,True,True,noisy,baseline_drift,True,True
D1_training-c_c0018,training-c,True,D1,42.535024,False,False,clean,,False,False
D1_training-c_c0019,training-c,True,D1,22.459993,False,False,clean,,False,False
D1_training-c_c0020,training-c,True,D1,42.174985,False,False,clean,,False,False
D1_training-c_c0021,training-c,True,D1,28.07598,False,False,clean,,False,False
D1_training-c_c0022,training-c,True,D1,36.027819,False,False,clean,,False,False
D1_training-c_c0023,training-c,True,D1,45.015073,False,False,clean,,False,False
D1_training-c_c0024,training-c,True,D1,44.391088,False,False,clean,,False,False
D1_training-c_c0025,training-c,True,D1,18.048005,False,False,clean,,False,False
D1_training-c_c0026,training-c,True,D1,37.689073,False,False,clean,,False,False
D1_training-c_c0027,training-c,True,D1,43.891999,False,False,clean,,False,False
D1_training-c_c0028,training-c,True,D1,31.980712,False,False,clean,,False,False
D1_training-c_c0029,training-c,False,D1,33.770789,False,False,clean,,False,True
D1_training-c_c0030,training-c,True,D1,29.629597,False,False,clean,,False,False
D1_training-c_c0031,training-c,True,D1,42.812828,False,False,clean,,False,False
D1_training-d_d0001,training-d,True,D1,40.215812,False,False,clean,,False,False
D1_training-d_d0002,training-d,True,D1,31.051416,False,False,clean,,False,False
D1_training-d_d0003,training-d,True,D1,36.995846,False,False,clean,,False,False
D1_training-d_d0004,training-d,True,D1,30.608504,False,False,clean,,False,False
D1_training-d_d0005,training-d,True,D1,43.681141,False,False,clean,,False,False
D1_training-d_d0006,training-d,True,D1,31.520688,True,True,noisy,baseline_drift,True,False
D1_training-d_d0007,training-d,True,D1,23.463132,False,False,clean,,False,False
D1_training-d_d0008,training-d,True,D1,26.093582,False,False,clean,,False,False
D1_training-d_d0009,training-d,False,D1,22.230371,False,False,clean,,False,True
D1_training-d_d0010,training-d,True,D1,37.489396,False,False,clean,,False,False
D1_training-d_d0011,training-d,True,D1,31.707099,False,False,clean,,False,False
D1_training-d_d0012,training-d,True,D1,34.367488,False,False,clean,,False,False
D1_training-d_d0013,training-d,True,D1,34.808087,False,False,clean,,False,False
D1_training-d_d0014,training-d,True,D1,30.722225,False,False,clean,,False,False
D1_training-d_d0015,training-d,True,D1,38.225519,True,True,noisy,baseline_drift,True,False
D1_training-d_d0016,training-d,True,D1,37.871725,False,False,clean,,False,False
D1_training-d_d0017,training-d,True,D1,29.623063,False,False,clean,,False,False
D1_training-d_d0018,training-d,True,D1,35.151178,False,False,clean,,False,False
D1_training-d_d0019,training-d,True,D1,34.906258,False,False,clean,,False,False
D1_training-d_d0020,training-d,True,D1,35.785439,False,False,clean,,False,False
D1_training-d_d0021,training-d,True,D1,31.993295,False,False,clean,,False,False
D1_training-d_d0022,training-d,True,D1,36.181641,False,False,clean,,False,False
D1_training-d_d0023,training-d,True,D1,36.772595,False,False,clean,,False,False
D1_training-d_d0024,training-d,True,D1,39.236584,False,False,clean,,False,False
D1_training-d_d0025,training-d,True,D1,34.404003,False,False,clean,,False,False
D1_training-d_d0026,training-d,False,D1,28.212991,False,False,clean,,False,True
D1_training-d_d0027,training-d,True,D1,32.603036,False,False,clean,,False,False
D1_training-d_d0028,training-d,True,D1,15.193064,False,False,clean,,False,False
D1_training-d_d0029,training-d,True,D1,35.806223,False,False,clean,,False,False
D1_training-d_d0030,training-d,True,D1,44.196811,False,False,clean,,False,False
D1_training-d_d0031,training-d,True,D1,19.920175,False,False,clean,,False,False
D1_training-d_d0032,training-d,True,D1,34.046619,False,False,clean,,False,False
D1_training-d_d0033,training-d,True,D1,27.341537,False,False,clean,,False,False
D1_training-d_d0034,training-d,True,D1,37.141521,False,False,clean,,False,False
D1_training-d_d0035,training-d,True,D1,24.868466,False,False,clean,,False,False
D1_training-d_d0036,training-d,True,D1,35.909856,False,False,clean,,False,False
D1_training-d_d0037,training-d,True,D1,37.06333,False,False,clean,,False,False
D1_training-d_d0038,training-d,True,D1,30.58828,False,False,clean,,False,False
D1_training-d_d0039,training-d,True,D1,22.421014,False,False,clean,,False,False
D1_training-d_d0040,training-d,True,D1,30.030408,False,False,clean,,False,False
D1_training-d_d0041,training-d,True,D1,36.731278,False,False,clean,,False,False
D1_training-d_d0042,training-d,True,D1,37.14471,False,False,clean,,False,False
D1_training-d_d0043,training-d,True,D1,38.520272,False,False,clean,,False,False
D1_training-d_d0044,training-d,False,D1,32.026889,True,True,noisy,baseline_drift,True,True
D1_training-d_d0045,training-d,True,D1,22.840469,False,False,clean,,False,False
D1_training-d_d0046,training-d,True,D1,39.157084,False,False,clean,,False,False
D1_training-d_d0047,training-d,True,D1,25.519399,False,False,clean,,False,False
D1_training-d_d0048,training-d,True,D1,29.680922,False,False,clean,,False,False
D1_training-d_d0049,training-d,True,D1,30.662804,False,False,clean,,False,False
D1_training-d_d0050,training-d,True,D1,33.497485,False,False,clean,,False,False
D1_training-d_d0051,training-d,True,D1,34.772246,False,False,clean,,False,False
D1_training-d_d0052,training-d,True,D1,38.706231,False,False,clean,,False,False
D1_training-d_d0053,training-d,True,D1,34.102789,False,False,clean,,False,False
D1_training-d_d0054,training-d,True,D1,40.888348,False,False,clean,,False,False
D1_training-d_d0055,training-d,True,D1,26.631395,False,False,clean,,False,False
D1_training-e_e00001,training-e,False,D1,38.806772,True,True,noisy,baseline_drift,True,True
D1_training-e_e00002,training-e,True,D1,36.139781,False,False,clean,,False,False
D1_training-e_e00003,training-e,True,D1,35.679481,False,False,clean,,False,False
D1_training-e_e00004,training-e,True,D1,37.015466,False,False,clean,,False,False
D1_training-e_e00005,training-e,True,D1,22.645983,False,False,clean,,False,False
D1_training-e_e00006,training-e,True,D1,36.714388,False,False,clean,,False,False
D1_training-e_e00007,training-e,True,D1,29.440613,False,False,clean,,False,False
D1_training-e_e00008,training-e,True,D1,27.356246,False,False,clean,,False,False
D1_training-e_e00009,training-e,True,D1,19.009499,False,False,clean,,False,False
D1_training-e_e00010,training-e,True,D1,33.203325,False,False,clean,,False,False
D1_training-e_e00011,training-e,True,D1,32.312562,False,False,clean,,False,False
D1_training-e_e00012,training-e,True,D1,22.87968,False,False,clean,,False,False
D1_training-e_e00013,training-e,True,D1,17.350444,False,False,clean,,False,False
D1_training-e_e00014,training-e,True,D1,31.332137,False,False,clean,,False,False
D1_training-e_e00015,training-e,True,D1,25.445908,False,False,clean,,False,False
D1_training-e_e00016,training-e,True,D1,18.91066,False,False,clean,,False,False
D1_training-e_e00017,training-e,True,D1,15.799917,False,False,clean,,False,False
D1_training-e_e00018,training-e,True,D1,21.293304,False,False,clean,,False,False
D1_training-e_e00019,training-e,True,D1,32.296943,False,False,clean,,False,False
D1_training-e_e00020,training-e,False,D1,27.43067,False,False,clean,,False,True
D1_training-e_e00021,training-e,True,D1,29.403333,False,False,clean,,False,False
D1_training-e_e00022,training-e,True,D1,35.104199,False,False,clean,,False,False
D1_training-e_e00023,training-e,True,D1,33.603002,False,False,clean,,False,False
D1_training-e_e00024,training-e,True,D1,27.212876,False,False,clean,,False,False
D1_training-e_e00025,training-e,True,D1,26.627695,False,False,clean,,False,False
D1_training-e_e00026,training-e,True,D1,27.644345,False,False,clean,,False,False
D1_training-e_e00027,training-e,True,D1,39.739331,False,False,clean,,False,False
D1_training-e_e00028,training-e,True,D1,23.34431,False,False,clean,,False,False
D1_training-e_e00029,training-e,True,D1,35.184315,False,False,clean,,False,False
D1_training-e_e00030,training-e,True,D1,17.948573,False,False,clean,,False,False
D1_training-e_e00031,training-e,True,D1,18.060125,False,False,clean,,False,False
D1_training-e_e00032,training-e,True,D1,28.223172,True,True,noisy,baseline_drift,True,False
D1_training-e_e00033,training-e,True,D1,34.132724,False,False,clean,,False,False
D1_training-e_e00034,training-e,True,D1,24.183923,False,False,clean,,False,False
D1_training-e_e00035,training-e,True,D1,31.428209,False,False,clean,,False,False
D1_training-e_e00036,training-e,True,D1,42.529124,False,False,clean,,False,False
D1_training-e_e00037,training-e,True,D1,32.977607,False,False,clean,,False,False
D1_training-e_e00038,training-e,True,D1,24.759789,False,False,clean,,False,False
D1_training-e_e00039,training-e,False,D1,33.642754,True,True,noisy,baseline_drift,True,True
D1_training-e_e00040,training-e,True,D1,35.461206,False,False,clean,,False,False
D1_training-e_e00041,training-e,True,D1,31.287973,False,False,clean,,False,False
D1_training-e_e00042,training-e,True,D1,32.284119,False,False,clean,,False,False
D1_training-e_e00043,training-e,True,D1,39.466642,False,False,clean,,False,False
D1_training-e_e00044,training-e,False,D1,43.304369,True,True,noisy,baseline_drift,True,True
D1_training-e_e00045,training-e,True,D1,27.404058,False,False,clean,,False,False
D1_training-e_e00046,training-e,True,D1,35.147616,False,False,clean,,False,False
D1_training-e_e00047,training-e,True,D1,43.587444,False,False,clean,,False,False
D1_training-e_e00048,training-e,False,D1,16.971899,False,False,clean,,False,True
D1_training-e_e00049,training-e,True,D1,32.448854,False,False,clean,,False,False
D1_training-e_e00050,training-e,True,D1,18.832904,False,False,clean,,False,False
D1_training-e_e00051,training-e,True,D1,33.674703,False,False,clean,,False,False
D1_training-e_e00052,training-e,True,D1,24.144155,False,False,clean,,False,False
D1_training-e_e00053,training-e,True,D1,29.846064,False,False,clean,,False,False
D1_training-e_e00054,training-e,True,D1,33.151667,False,False,clean,,False,False
D1_training-e_e00055,training-e,True,D1,41.262512,False,False,clean,,False,False
D1_training-e_e00056,training-e,True,D1,20.65068,False,False,clean,,False,False
D1_training-e_e00057,training-e,True,D1,32.221546,False,False,clean,,False,False
D1_training-e_e00058,training-e,True,D1,32.83395,False,False,clean,,False,False
D1_training-e_e00059,training-e,True,D1,29.105581,False,False,clean,,False,False
D1_training-e_e00060,training-e,True,D1,24.073372,False,False,clean,,False,False
D1_training-e_e00061,training-e,True,D1,35.094564,False,False,clean,,False,False
D1_training-e_e00062,training-e,True,D1,34.400652,False,False,clean,,False,False
D1_training-e_e00063,training-e,False,D1,34.167881,True,True,noisy,baseline_drift,True,True
D1_training-e_e00064,training-e,True,D1,35.006269,False,False,clean,,False,False
D1_training-e_e00065,training-e,True,D1,35.692505,False,False,clean,,False,False
D1_training-e_e00066,training-e,False,D1,41.86032,False,True,low_quality_other,clipped,True,True
D1_training-e_e00067,training-e,True,D1,29.644647,False,False,clean,,False,False
D1_training-e_e00068,training-e,True,D1,39.394191,False,False,clean,,False,False
D1_training-e_e00069,training-e,False,D1,28.814795,False,False,clean,,False,True
D1_training-e_e00070,training-e,True,D1,33.294092,False,False,clean,,False,False
D1_training-e_e00071,training-e,False,D1,26.953434,False,False,clean,,False,True
D1_training-e_e00072,training-e,True,D1,29.453249,False,False,clean,,False,False
D1_training-e_e00073,training-e,True,D1,41.535182,False,False,clean,,False,False
D1_training-e_e00074,training-e,True,D1,20.527972,False,False,clean,,False,False
D1_training-e_e00075,training-e,True,D1,27.100788,False,False,clean,,False,False
D1_training-e_e00076,training-e,True,D1,25.629848,False,False,clean,,False,False
D1_training-e_e00077,training-e,True,D1,37.124736,False,False,clean,,False,False
D1_training-e_e00078,training-e,True,D1,27.966459,False,False,clean,,False,False
D1_training-e_e00079,training-e,True,D1,35.244208,False,False,clean,,False,False
D1_training-e_e00080,training-e,True,D1,28.740505,False,False,clean,,False,False
D1_training-e_e00081,training-e,True,D1,36.336353,False,False,clean,,False,False
D1_training-e_e00082,training-e,True,D1,36.124496,False,False,clean,,False,False
D1_training-e_e00083,training-e,True,D1,24.082624,False,False,clean,,False,False
D1_training-e_e00084,training-e,True,D1,35.917238,False,False,clean,,False,False
D1_training-e_e00085,training-e,True,D1,27.361954,False,False,clean,,False,False
D1_training-e_e00086,training-e,True,D1,26.385003,False,False,clean,,False,False
D1_training-e_e00087,training-e,True,D1,25.839995,False,False,clean,,False,False
D1_training-e_e00088,training-e,True,D1,35.401832,False,False,clean,,False,False
D1_training-e_e00089,training-e,True,D1,36.564925,False,False,clean,,False,False
D1_training-e_e00090,training-e,True,D1,30.588485,False,False,clean,,False,False
D1_training-e_e00091,training-e,False,D1,30.791289,False,False,clean,,False,True
D1_training-e_e00092,training-e,True,D1,37.677355,False,False,clean,,False,False
D1_training-e_e00093,training-e,True,D1,35.539508,False,False,clean,,False,False
D1_training-e_e00094,training-e,True,D1,30.666628,False,False,clean,,False,False
D1_training-e_e00095,training-e,True,D1,35.557349,False,False,clean,,False,False
D1_training-e_e00096,training-e,False,D1,34.461837,True,True,noisy,baseline_drift,True,True
D1_training-e_e00097,training-e,True,D1,32.293273,False,False,clean,,False,False
D1_training-e_e00098,training-e,True,D1,16.713633,False,False,clean,,False,False
D1_training-e_e00099,training-e,False,D1,41.92441,True,True,noisy,baseline_drift,True,True
D1_training-e_e00100,training-e,True,D1,22.928986,False,False,clean,,False,False
D1_training-e_e00101,training-e,True,D1,31.841508,False,False,clean,,False,False
D1_training-e_e00102,training-e,True,D1,37.082602,False,False,clean,,False,False
D1_training-e_e00103,training-e,True,D1,25.481041,False,False,clean,,False,False
D1_training-e_e00104,training-e,False,D1,1.536204,True,True,noisy,low_snr;baseline_drift,True,True
D1_training-e_e00105,training-e,True,D1,25.448716,False,False,clean,,False,False
D1_training-e_e00106,training-e,True,D1,26.240365,False,False,clean,,False,False
D1_training-e_e00107,training-e,True,D1,32.047991,False,False,clean,,False,False
D1_training-e_e00108,training-e,True,D1,23.470971,False,False,clean,,False,False
D1_training-e_e00109,training-e,True,D1,37.206763,False,False,clean,,False,False
D1_training-e_e00110,training-e,True,D1,30.397304,False,False,clean,,False,False
D1_training-e_e00111,training-e,True,D1,47.074564,False,False,clean,,False,False
D1_training-e_e00112,training-e,True,D1,27.043221,False,False,clean,,False,False
D1_training-e_e00113,training-e,True,D1,32.101235,False,False,clean,,False,False
D1_training-e_e00114,training-e,True,D1,24.189658,False,False,clean,,False,False
D1_training-e_e00115,training-e,True,D1,23.355232,False,False,clean,,False,False
D1_training-e_e00116,training-e,False,D1,0.81383,True,True,noisy,low_snr,True,True
D1_training-e_e00117,training-e,True,D1,30.952034,False,False,clean,,False,False
D1_training-e_e00118,training-e,True,D1,34.396408,False,False,clean,,False,False
D1_training-e_e00119,training-e,True,D1,22.720543,False,False,clean,,False,False
D1_training-e_e00120,training-e,False,D1,20.436273,False,False,clean,,False,True
D1_training-e_e00121,training-e,True,D1,28.729485,False,False,clean,,False,False
D1_training-e_e00122,training-e,True,D1,29.89078,False,False,clean,,False,False
D1_training-e_e00123,training-e,True,D1,18.767528,False,False,clean,,False,False
D1_training-e_e00124,training-e,True,D1,28.488243,False,False,clean,,False,False
D1_training-e_e00125,training-e,True,D1,34.265109,False,False,clean,,False,False
D1_training-e_e00126,training-e,True,D1,25.197624,False,False,clean,,False,False
D1_training-e_e00127,training-e,False,D1,4.097167,True,True,noisy,low_snr;baseline_drift,True,True
D1_training-e_e00128,training-e,True,D1,28.928182,False,False,clean,,False,False
D1_training-e_e00129,training-e,True,D1,36.694555,False,False,clean,,False,False
D1_training-e_e00130,training-e,True,D1,20.444881,False,False,clean,,False,False
D1_training-e_e00131,training-e,True,D1,23.152463,False,False,clean,,False,False
D1_training-e_e00132,training-e,True,D1,32.317847,False,False,clean,,False,False
D1_training-e_e00133,training-e,True,D1,30.846665,False,False,clean,,False,False
D1_training-e_e00134,training-e,True,D1,22.310758,True,True,noisy,baseline_drift,True,False
D1_training-e_e00135,training-e,True,D1,26.719022,False,False,clean,,False,False
D1_training-e_e00136,training-e,True,D1,34.202794,False,False,clean,,False,False
D1_training-e_e00137,training-e,True,D1,46.18502,False,False,clean,,False,False
D1_training-e_e00138,training-e,True,D1,36.14915,False,False,clean,,False,False
D1_training-e_e00139,training-e,True,D1,31.611405,False,False,clean,,False,False
D1_training-e_e00140,training-e,True,D1,26.982771,False,False,clean,,False,False
D1_training-e_e00141,training-e,True,D1,20.037554,False,False,clean,,False,False
D1_training-e_e00142,training-e,False,D1,26.019085,False,False,clean,,False,True
D1_training-e_e00143,training-e,True,D1,27.855459,False,False,clean,,False,False
D1_training-e_e00144,training-e,True,D1,35.8177,False,False,clean,,False,False
D1_training-e_e00145,training-e,True,D1,32.67967,False,False,clean,,False,False
D1_training-e_e00146,training-e,True,D1,33.716022,False,False,clean,,False,False
D1_training-e_e00147,training-e,True,D1,20.026889,False,False,clean,,False,False
D1_training-e_e00148,training-e,True,D1,18.726455,False,False,clean,,False,False
D1_training-e_e00149,training-e,True,D1,39.619435,False,False,clean,,False,False
D1_training-e_e00150,training-e,True,D1,37.057355,False,False,clean,,False,False
D1_training-e_e00151,training-e,False,D1,43.577426,True,True,noisy,baseline_drift,True,True
D1_training-e_e00152,training-e,True,D1,33.426456,False,False,clean,,False,False
D1_training-e_e00153,training-e,False,D1,27.989261,False,False,clean,,False,True
D1_training-e_e00154,training-e,True,D1,25.478578,False,False,clean,,False,False
D1_training-e_e00155,training-e,True,D1,19.585413,False,False,clean,,False,False
D1_training-e_e00156,training-e,True,D1,30.344956,False,False,clean,,False,False
D1_training-e_e00157,training-e,True,D1,22.601789,False,False,clean,,False,False
D1_training-e_e00158,training-e,False,D1,13.426046,True,True,noisy,baseline_drift,True,True
D1_training-e_e00159,training-e,True,D1,25.302878,False,False,clean,,False,False
D1_training-e_e00160,training-e,True,D1,45.607732,False,False,clean,,False,False
D1_training-e_e00161,training-e,True,D1,31.578003,False,False,clean,,False,False
D1_training-e_e00162,training-e,True,D1,31.276452,False,False,clean,,False,False
D1_training-e_e00163,training-e,True,D1,30.736354,False,False,clean,,False,False
D1_training-e_e00164,training-e,True,D1,41.338004,False,False,clean,,False,False
D1_training-e_e00165,training-e,True,D1,33.948829,False,False,clean,,False,False
D1_training-e_e00166,training-e,True,D1,36.248676,False,False,clean,,False,False
D1_training-e_e00167,training-e,True,D1,35.082473,False,False,clean,,False,False
D1_training-e_e00168,training-e,True,D1,22.477621,False,False,clean,,False,False
D1_training-e_e00169,training-e,True,D1,22.007822,False,False,clean,,False,False
D1_training-e_e00170,training-e,True,D1,33.543711,False,False,clean,,False,False
D1_training-e_e00171,training-e,False,D1,18.536463,False,False,clean,,False,True
D1_training-e_e00172,training-e,False,D1,41.16326,False,False,clean,,False,True
D1_training-e_e00173,training-e,True,D1,25.870821,False,False,clean,,False,False
D1_training-e_e00174,training-e,False,D1,41.014715,False,False,clean,,False,True
D1_training-e_e00175,training-e,True,D1,29.88378,False,False,clean,,False,False
D1_training-e_e00176,training-e,True,D1,28.250919,False,False,clean,,False,False
D1_training-e_e00177,training-e,True,D1,23.994681,False,False,clean,,False,False
D1_training-e_e00178,training-e,True,D1,34.395568,False,False,clean,,False,False
D1_training-e_e00179,training-e,True,D1,31.066127,False,False,clean,,False,False
D1_training-e_e00180,training-e,True,D1,24.479581,False,False,clean,,False,False
D1_training-e_e00181,training-e,False,D1,0.648965,True,True,noisy,low_snr,True,True
D1_training-e_e00182,training-e,True,D1,27.050238,False,False,clean,,False,False
D1_training-e_e00183,training-e,True,D1,27.832664,False,False,clean,,False,False
D1_training-e_e00184,training-e,True,D1,22.035674,False,False,clean,,False,False
D1_training-e_e00185,training-e,True,D1,37.969097,False,False,clean,,False,False
D1_training-e_e00186,training-e,True,D1,35.854251,False,False,clean,,False,False
D1_training-e_e00187,training-e,True,D1,36.119599,False,False,clean,,False,False
D1_training-e_e00188,training-e,True,D1,23.766972,False,False,clean,,False,False
D1_training-e_e00189,training-e,True,D1,30.731239,False,False,clean,,False,False
D1_training-e_e00190,training-e,True,D1,34.966642,False,False,clean,,False,False
D1_training-e_e00191,training-e,False,D1,22.786036,False,False,clean,,False,True
D1_training-e_e00192,training-e,True,D1,34.987718,False,False,clean,,False,False
D1_training-e_e00193,training-e,True,D1,34.1717,False,False,clean,,False,False
D1_training-e_e00194,training-e,True,D1,29.532436,False,False,clean,,False,False
D1_training-e_e00195,training-e,True,D1,21.708281,False,False,clean,,False,False
D1_training-e_e00196,training-e,True,D1,32.427966,False,False,clean,,False,False
D1_training-e_e00197,training-e,True,D1,44.841547,False,False,clean,,False,False
D1_training-e_e00198,training-e,True,D1,19.350063,False,False,clean,,False,False
D1_training-e_e00199,training-e,True,D1,37.188746,False,False,clean,,False,False
D1_training-e_e00200,training-e,True,D1,32.930377,False,False,clean,,False,False
D1_training-e_e00201,training-e,True,D1,42.011868,False,False,clean,,False,False
D1_training-e_e00202,training-e,True,D1,30.307867,False,False,clean,,False,False
D1_training-e_e00203,training-e,True,D1,18.470907,False,False,clean,,False,False
D1_training-e_e00204,training-e,True,D1,33.625087,False,False,clean,,False,False
D1_training-e_e00205,training-e,True,D1,32.713612,False,False,clean,,False,False
D1_training-e_e00206,training-e,True,D1,31.813037,False,False,clean,,False,False
D1_training-e_e00207,training-e,True,D1,30.546568,False,False,clean,,False,False
D1_training-e_e00208,training-e,True,D1,27.039675,False,False,clean,,False,False
D1_training-e_e00209,training-e,False,D1,29.72098,False,False,clean,,False,True
D1_training-e_e00210,training-e,False,D1,42.724768,True,True,noisy,baseline_drift,True,True
D1_training-e_e00211,training-e,False,D1,39.70917,True,True,noisy,baseline_drift,True,True
D1_training-e_e00212,training-e,True,D1,21.928422,False,False,clean,,False,False
D1_training-e_e00213,training-e,False,D1,43.988709,True,True,noisy,baseline_drift,True,True
D1_training-e_e00214,training-e,True,D1,30.213918,False,False,clean,,False,False
D1_training-e_e00215,training-e,True,D1,43.499823,False,False,clean,,False,False
D1_training-e_e00216,training-e,True,D1,26.733561,False,False,clean,,False,False
D1_training-e_e00217,training-e,True,D1,39.801301,False,False,clean,,False,False
D1_training-e_e00218,training-e,True,D1,28.106503,False,False,clean,,False,False
D1_training-e_e00219,training-e,True,D1,32.445058,False,False,clean,,False,False
D1_training-e_e00220,training-e,True,D1,33.152767,False,False,clean,,False,False
D1_training-e_e00221,training-e,True,D1,29.28678,False,False,clean,,False,False
D1_training-e_e00222,training-e,True,D1,29.209185,False,False,clean,,False,False
D1_training-e_e00223,training-e,True,D1,23.505636,False,False,clean,,False,False
D1_training-e_e00224,training-e,True,D1,38.794756,False,False,clean,,False,False
D1_training-e_e00225,training-e,True,D1,22.567845,False,False,clean,,False,False
D1_training-e_e00226,training-e,False,D1,44.564154,True,True,noisy,baseline_drift,True,True
D1_training-e_e00227,training-e,True,D1,36.458848,False,False,clean,,False,False
D1_training-e_e00228,training-e,True,D1,28.488575,False,False,clean,,False,False
D1_training-e_e00229,training-e,True,D1,29.166313,False,False,clean,,False,False
D1_training-e_e00230,training-e,True,D1,29.193139,False,False,clean,,False,False
D1_training-e_e00231,training-e,True,D1,29.76798,False,False,clean,,False,False
D1_training-e_e00232,training-e,True,D1,28.547127,False,False,clean,,False,False
D1_training-e_e00233,training-e,True,D1,29.751887,False,False,clean,,False,False
D1_training-e_e00234,training-e,True,D1,30.542161,False,False,clean,,False,False
D1_training-e_e00235,training-e,True,D1,30.208018,False,False,clean,,False,False
D1_training-e_e00236,training-e,True,D1,35.822696,False,False,clean,,False,False
D1_training-e_e00237,training-e,True,D1,34.841969,False,False,clean,,False,False
D1_training-e_e00238,training-e,True,D1,34.018224,False,False,clean,,False,False
D1_training-e_e00239,training-e,True,D1,25.782475,False,False,clean,,False,False
D1_training-e_e00240,training-e,True,D1,25.161646,False,False,clean,,False,False
D1_training-e_e00241,training-e,True,D1,30.227408,False,False,clean,,False,False
D1_training-e_e00242,training-e,True,D1,34.06874,False,False,clean,,False,False
D1_training-e_e00243,training-e,True,D1,25.890754,False,False,clean,,False,False
D1_training-e_e00244,training-e,True,D1,25.25255,False,False,clean,,False,False
D1_training-e_e00245,training-e,True,D1,17.800004,False,False,clean,,False,False
D1_training-e_e00246,training-e,True,D1,26.337843,False,False,clean,,False,False
D1_training-e_e00247,training-e,True,D1,36.976879,False,False,clean,,False,False
D1_training-e_e00248,training-e,True,D1,19.887221,False,False,clean,,False,False
D1_training-e_e00249,training-e,True,D1,35.90685,False,False,clean,,False,False
D1_training-e_e00250,training-e,True,D1,36.35446,False,False,clean,,False,False
D1_training-e_e00251,training-e,True,D1,34.384644,False,False,clean,,False,False
D1_training-e_e00252,training-e,True,D1,34.229745,False,False,clean,,False,False
D1_training-e_e00253,training-e,True,D1,26.400366,False,False,clean,,False,False
D1_training-e_e00254,training-e,True,D1,27.792645,False,False,clean,,False,False
D1_training-e_e00255,training-e,True,D1,26.095198,False,False,clean,,False,False
D1_training-e_e00256,training-e,True,D1,27.973713,False,False,clean,,False,False
D1_training-e_e00257,training-e,True,D1,28.395038,False,False,clean,,False,False
D1_training-e_e00258,training-e,True,D1,20.562549,False,False,clean,,False,False
D1_training-e_e00259,training-e,True,D1,34.460553,False,False,clean,,False,False
D1_training-e_e00260,training-e,True,D1,32.32225,False,False,clean,,False,False
D1_training-e_e00261,training-e,True,D1,28.42801,False,False,clean,,False,False
D1_training-e_e00262,training-e,True,D1,30.118106,False,False,clean,,False,False
D1_training-e_e00263,training-e,True,D1,39.066947,False,False,clean,,False,False
D1_training-e_e00264,training-e,True,D1,17.446903,False,False,clean,,False,False
D1_training-e_e00265,training-e,True,D1,33.571216,False,False,clean,,False,False
D1_training-e_e00266,training-e,True,D1,22.397374,False,False,clean,,False,False
D1_training-e_e00267,training-e,True,D1,31.490285,False,False,clean,,False,False
D1_training-e_e00268,training-e,True,D1,40.211716,False,False,clean,,False,False
D1_training-e_e00269,training-e,True,D1,32.328118,False,False,clean,,False,False
D1_training-e_e00270,training-e,True,D1,30.214015,False,False,clean,,False,False
D1_training-e_e00271,training-e,True,D1,43.627723,False,False,clean,,False,False
D1_training-e_e00272,training-e,True,D1,17.873054,False,False,clean,,False,False
D1_training-e_e00273,training-e,True,D1,26.967698,False,False,clean,,False,False
D1_training-e_e00274,training-e,True,D1,31.145857,False,False,clean,,False,False
D1_training-e_e00275,training-e,True,D1,27.194968,False,False,clean,,False,False
D1_training-e_e00276,training-e,False,D1,0.20635,True,True,noisy,low_snr,True,True
D1_training-e_e00277,training-e,True,D1,23.090245,False,False,clean,,False,False
D1_training-e_e00278,training-e,True,D1,39.806037,False,False,clean,,False,False
D1_training-e_e00279,training-e,True,D1,21.734223,False,False,clean,,False,False
D1_training-e_e00280,training-e,True,D1,35.294005,False,False,clean,,False,False
D1_training-e_e00281,training-e,True,D1,35.6328,False,False,clean,,False,False
D1_training-e_e00282,training-e,True,D1,24.915523,False,False,clean,,False,False
D1_training-e_e00283,training-e,True,D1,30.397958,False,False,clean,,False,False
D1_training-e_e00284,training-e,True,D1,40.175298,False,False,clean,,False,False
D1_training-e_e00285,training-e,True,D1,34.380107,False,False,clean,,False,False
D1_training-e_e00286,training-e,True,D1,26.10048,False,False,clean,,False,False
D1_training-e_e00287,training-e,True,D1,29.311355,False,False,clean,,False,False
D1_training-e_e00288,training-e,True,D1,29.176902,False,False,clean,,False,False
D1_training-e_e00289,training-e,True,D1,28.674891,False,False,clean,,False,False
D1_training-e_e00290,training-e,True,D1,23.261917,False,False,clean,,False,False
D1_training-e_e00291,training-e,False,D1,35.12785,False,False,clean,,False,True
D1_training-e_e00292,training-e,True,D1,35.330395,False,False,clean,,False,False
D1_training-e_e00293,training-e,True,D1,30.880784,False,False,clean,,False,False
D1_training-e_e00294,training-e,True,D1,20.286653,False,False,clean,,False,False
D1_training-e_e00295,training-e,True,D1,28.027714,False,False,clean,,False,False
D1_training-e_e00296,training-e,True,D1,28.132482,False,False,clean,,False,False
D1_training-e_e00297,training-e,False,D1,39.414614,True,True,noisy,baseline_drift,True,True
D1_training-e_e00298,training-e,True,D1,32.384318,False,False,clean,,False,False
D1_training-e_e00299,training-e,True,D1,24.221791,False,False,clean,,False,False
D1_training-e_e00300,training-e,True,D1,41.325119,False,False,clean,,False,False
D1_training-e_e00301,training-e,True,D1,28.250415,False,False,clean,,False,False
D1_training-e_e00302,training-e,True,D1,34.742073,False,False,clean,,False,False
D1_training-e_e00303,training-e,True,D1,29.487659,False,False,clean,,False,False
D1_training-e_e00304,training-e,True,D1,27.929274,False,False,clean,,False,False
D1_training-e_e00305,training-e,False,D1,33.495175,False,False,clean,,False,True
D1_training-e_e00306,training-e,False,D1,43.029553,True,True,noisy,baseline_drift,True,True
D1_training-e_e00307,training-e,True,D1,39.03175,False,False,clean,,False,False
D1_training-e_e00308,training-e,True,D1,34.267185,False,False,clean,,False,False
D1_training-e_e00309,training-e,True,D1,37.466886,False,False,clean,,False,False
D1_training-e_e00310,training-e,True,D1,30.260948,False,False,clean,,False,False
D1_training-e_e00311,training-e,True,D1,36.390219,False,False,clean,,False,False
D1_training-e_e00312,training-e,True,D1,38.330644,False,False,clean,,False,False
D1_training-e_e00313,training-e,True,D1,26.876128,False,False,clean,,False,False
D1_training-e_e00314,training-e,False,D1,42.636355,True,True,noisy,baseline_drift,True,True
D1_training-e_e00315,training-e,False,D1,0.473602,True,True,noisy,low_snr,True,True
D1_training-e_e00316,training-e,True,D1,32.391252,False,False,clean,,False,False
D1_training-e_e00317,training-e,False,D1,19.81474,False,False,clean,,False,True
D1_training-e_e00318,training-e,False,D1,44.424281,True,True,noisy,baseline_drift,True,True
D1_training-e_e00319,training-e,True,D1,34.237877,False,False,clean,,False,False
D1_training-e_e00320,training-e,True,D1,40.246134,False,False,clean,,False,False
D1_training-e_e00321,training-e,True,D1,32.402984,False,False,clean,,False,False
D1_training-e_e00322,training-e,True,D1,30.306484,False,False,clean,,False,False
D1_training-e_e00323,training-e,True,D1,24.762586,False,False,clean,,False,False
D1_training-e_e00324,training-e,True,D1,34.790068,False,False,clean,,False,False
D1_training-e_e00325,training-e,True,D1,33.012826,False,False,clean,,False,False
D1_training-e_e00326,training-e,True,D1,20.17642,False,False,clean,,False,False
D1_training-e_e00327,training-e,True,D1,30.419907,False,False,clean,,False,False
D1_training-e_e00328,training-e,True,D1,23.878998,False,False,clean,,False,False
D1_training-e_e00329,training-e,True,D1,28.218928,False,False,clean,,False,False
D1_training-e_e00330,training-e,True,D1,24.563205,False,False,clean,,False,False
D1_training-e_e00331,training-e,False,D1,43.095245,True,True,noisy,baseline_drift,True,True
D1_training-e_e00332,training-e,True,D1,24.243796,False,False,clean,,False,False
D1_training-e_e00333,training-e,True,D1,24.925647,False,False,clean,,False,False
D1_training-e_e00334,training-e,True,D1,22.547308,False,False,clean,,False,False
D1_training-e_e00335,training-e,True,D1,45.353603,False,False,clean,,False,False
D1_training-e_e00336,training-e,False,D1,29.172558,False,False,clean,,False,True
D1_training-e_e00337,training-e,True,D1,34.00068,False,False,clean,,False,False
D1_training-e_e00338,training-e,False,D1,30.405245,False,False,clean,,False,True
D1_training-e_e00339,training-e,True,D1,31.33133,False,False,clean,,False,False
D1_training-e_e00340,training-e,True,D1,33.880406,False,False,clean,,False,False
D1_training-e_e00341,training-e,True,D1,31.860204,False,False,clean,,False,False
D1_training-e_e00342,training-e,True,D1,19.696249,False,False,clean,,False,False
D1_training-e_e00343,training-e,True,D1,39.912744,False,False,clean,,False,False
D1_training-e_e00344,training-e,True,D1,28.076963,False,False,clean,,False,False
D1_training-e_e00345,training-e,True,D1,26.652155,False,False,clean,,False,False
D1_training-e_e00346,training-e,True,D1,25.23799,False,False,clean,,False,False
D1_training-e_e00347,training-e,True,D1,32.586292,False,False,clean,,False,False
D1_training-e_e00348,training-e,False,D1,24.986134,False,False,clean,,False,True
D1_training-e_e00349,training-e,True,D1,20.858521,False,False,clean,,False,False
D1_training-e_e00350,training-e,True,D1,21.007246,False,False,clean,,False,False
D1_training-e_e00351,training-e,True,D1,26.609428,False,False,clean,,False,False
D1_training-e_e00352,training-e,True,D1,36.708407,False,False,clean,,False,False
D1_training-e_e00353,training-e,True,D1,30.336932,False,False,clean,,False,False
D1_training-e_e00354,training-e,True,D1,33.379261,False,False,clean,,False,False
D1_training-e_e00355,training-e,True,D1,29.424723,False,False,clean,,False,False
D1_training-e_e00356,training-e,True,D1,32.25446,False,False,clean,,False,False
D1_training-e_e00357,training-e,True,D1,46.622537,False,False,clean,,False,False
D1_training-e_e00358,training-e,True,D1,35.799311,False,False,clean,,False,False
D1_training-e_e00359,training-e,True,D1,25.529341,False,False,clean,,False,False
D1_training-e_e00360,training-e,True,D1,25.985822,False,False,clean,,False,False
D1_training-e_e00361,training-e,True,D1,29.415082,False,False,clean,,False,False
D1_training-e_e00362,training-e,True,D1,20.046253,False,False,clean,,False,False
D1_training-e_e00363,training-e,True,D1,30.383114,False,False,clean,,False,False
D1_training-e_e00364,training-e,True,D1,31.317793,False,False,clean,,False,False
D1_training-e_e00365,training-e,True,D1,29.443536,False,False,clean,,False,False
D1_training-e_e00366,training-e,True,D1,29.93312,False,False,clean,,False,False
D1_training-e_e00367,training-e,True,D1,17.927463,False,False,clean,,False,False
D1_training-e_e00368,training-e,False,D1,18.139476,False,False,clean,,False,True
D1_training-e_e00369,training-e,True,D1,25.431077,False,False,clean,,False,False
D1_training-e_e00370,training-e,True,D1,26.548895,False,False,clean,,False,False
D1_training-e_e00371,training-e,True,D1,19.668362,False,False,clean,,False,False
D1_training-e_e00372,training-e,False,D1,3.958903,True,True,noisy,low_snr;baseline_drift,True,True
D1_training-e_e00373,training-e,True,D1,29.341701,False,False,clean,,False,False
D1_training-e_e00374,training-e,True,D1,31.155174,False,False,clean,,False,False
D1_training-e_e00375,training-e,True,D1,20.774055,False,False,clean,,False,False
D1_training-e_e00376,training-e,True,D1,40.110167,False,False,clean,,False,False
D1_training-e_e00377,training-e,True,D1,31.065951,False,False,clean,,False,False
D1_training-e_e00378,training-e,True,D1,34.077613,False,False,clean,,False,False
D1_training-e_e00379,training-e,True,D1,33.715166,False,False,clean,,False,False
D1_training-e_e00380,training-e,False,D1,30.694422,False,False,clean,,False,True
D1_training-e_e00381,training-e,True,D1,31.301718,False,False,clean,,False,False
D1_training-e_e00382,training-e,True,D1,31.815177,False,False,clean,,False,False
D1_training-e_e00383,training-e,True,D1,37.577694,False,False,clean,,False,False
D1_training-e_e00384,training-e,True,D1,27.619778,False,False,clean,,False,False
D1_training-e_e00385,training-e,True,D1,44.303416,False,False,clean,,False,False
D1_training-e_e00386,training-e,True,D1,30.021433,False,False,clean,,False,False
D1_training-e_e00387,training-e,True,D1,34.408722,False,False,clean,,False,False
D1_training-e_e00388,training-e,False,D1,34.084195,False,False,clean,,False,True
D1_training-e_e00389,training-e,True,D1,31.487743,False,False,clean,,False,False
D1_training-e_e00390,training-e,True,D1,33.472038,False,False,clean,,False,False
D1_training-e_e00391,training-e,True,D1,27.786295,False,False,clean,,False,False
D1_training-e_e00392,training-e,True,D1,29.68419,False,False,clean,,False,False
D1_training-e_e00393,training-e,True,D1,29.484734,False,False,clean,,False,False
D1_training-e_e00394,training-e,True,D1,38.958728,False,False,clean,,False,False
D1_training-e_e00395,training-e,True,D1,20.181572,False,False,clean,,False,False
D1_training-e_e00396,training-e,True,D1,24.067358,False,False,clean,,False,False
D1_training-e_e00397,training-e,False,D1,23.078664,True,True,noisy,baseline_drift;clipped,True,True
D1_training-e_e00398,training-e,True,D1,32.187047,False,False,clean,,False,False
D1_training-e_e00399,training-e,True,D1,33.355046,False,False,clean,,False,False
D1_training-e_e00400,training-e,True,D1,28.474791,False,False,clean,,False,False
D1_training-e_e00401,training-e,True,D1,32.344017,False,False,clean,,False,False
D1_training-e_e00402,training-e,True,D1,35.896218,False,False,clean,,False,False
D1_training-e_e00403,training-e,True,D1,20.619313,False,False,clean,,False,False
D1_training-e_e00404,training-e,True,D1,28.591961,False,False,clean,,False,False
D1_training-e_e00405,training-e,True,D1,39.51084,False,False,clean,,False,False
D1_training-e_e00406,training-e,True,D1,26.164866,False,False,clean,,False,False
D1_training-e_e00407,training-e,False,D1,40.969632,True,True,noisy,baseline_drift,True,True
D1_training-e_e00408,training-e,True,D1,19.810308,False,False,clean,,False,False
D1_training-e_e00409,training-e,True,D1,23.320115,False,False,clean,,False,False
D1_training-e_e00410,training-e,True,D1,30.762079,False,False,clean,,False,False
D1_training-e_e00411,training-e,True,D1,20.049269,False,False,clean,,False,False
D1_training-e_e00412,training-e,True,D1,24.287646,False,False,clean,,False,False
D1_training-e_e00413,training-e,True,D1,21.160762,False,False,clean,,False,False
D1_training-e_e00414,training-e,True,D1,31.881002,False,False,clean,,False,False
D1_training-e_e00415,training-e,True,D1,42.308943,False,False,clean,,False,False
D1_training-e_e00416,training-e,True,D1,36.900125,False,False,clean,,False,False
D1_training-e_e00417,training-e,True,D1,35.4321,False,False,clean,,False,False
D1_training-e_e00418,training-e,False,D1,24.523419,False,False,clean,,False,True
D1_training-e_e00419,training-e,True,D1,30.835393,False,False,clean,,False,False
D1_training-e_e00420,training-e,True,D1,25.128574,False,False,clean,,False,False
D1_training-e_e00421,training-e,True,D1,29.311318,False,False,clean,,False,False
D1_training-e_e00422,training-e,True,D1,28.802952,False,False,clean,,False,False
D1_training-e_e00423,training-e,False,D1,25.567324,False,False,clean,,False,True
D1_training-e_e00424,training-e,True,D1,36.727487,False,False,clean,,False,False
D1_training-e_e00425,training-e,True,D1,34.235143,False,False,clean,,False,False
D1_training-e_e00426,training-e,True,D1,31.391139,False,False,clean,,False,False
D1_training-e_e00427,training-e,True,D1,36.384164,False,False,clean,,False,False
D1_training-e_e00428,training-e,True,D1,22.803873,False,False,clean,,False,False
D1_training-e_e00429,training-e,False,D1,5.406163,True,True,noisy,baseline_drift,True,True
D1_training-e_e00430,training-e,True,D1,28.605023,False,False,clean,,False,False
D1_training-e_e00431,training-e,True,D1,27.528927,False,False,clean,,False,False
D1_training-e_e00432,training-e,True,D1,25.819793,False,False,clean,,False,False
D1_training-e_e00433,training-e,True,D1,15.307693,False,False,clean,,False,False
D1_training-e_e00434,training-e,True,D1,24.891858,False,False,clean,,False,False
D1_training-e_e00435,training-e,False,D1,26.064993,False,False,clean,,False,True
D1_training-e_e00436,training-e,True,D1,41.952579,False,False,clean,,False,False
D1_training-e_e00437,training-e,True,D1,32.900416,False,False,clean,,False,False
D1_training-e_e00438,training-e,True,D1,33.379958,False,False,clean,,False,False
D1_training-e_e00439,training-e,True,D1,41.174085,False,False,clean,,False,False
D1_training-e_e00440,training-e,True,D1,28.632317,False,False,clean,,False,False
D1_training-e_e00441,training-e,True,D1,32.441308,False,False,clean,,False,False
D1_training-e_e00442,training-e,True,D1,33.18504,False,False,clean,,False,False
D1_training-e_e00443,training-e,True,D1,30.29361,False,False,clean,,False,False
D1_training-e_e00444,training-e,True,D1,26.842775,False,False,clean,,False,False
D1_training-e_e00445,training-e,True,D1,32.421656,False,False,clean,,False,False
D1_training-e_e00446,training-e,True,D1,33.094532,False,False,clean,,False,False
D1_training-e_e00447,training-e,True,D1,36.47679,False,False,clean,,False,False
D1_training-e_e00448,training-e,True,D1,40.734234,False,False,clean,,False,False
D1_training-e_e00449,training-e,True,D1,28.989387,False,False,clean,,False,False
D1_training-e_e00450,training-e,True,D1,31.697614,False,False,clean,,False,False
D1_training-e_e00451,training-e,True,D1,27.186829,False,False,clean,,False,False
D1_training-e_e00452,training-e,True,D1,23.565584,False,False,clean,,False,False
D1_training-e_e00453,training-e,True,D1,35.39999,False,False,clean,,False,False
D1_training-e_e00454,training-e,True,D1,30.39097,False,False,clean,,False,False
D1_training-e_e00455,training-e,True,D1,34.779535,False,False,clean,,False,False
D1_training-e_e00456,training-e,True,D1,31.896476,False,False,clean,,False,False
D1_training-e_e00457,training-e,False,D1,19.015946,False,False,clean,,False,True
D1_training-e_e00458,training-e,False,D1,34.286135,True,True,noisy,baseline_drift,True,True
D1_training-e_e00459,training-e,True,D1,33.242618,False,False,clean,,False,False
D1_training-e_e00460,training-e,True,D1,29.226557,False,False,clean,,False,False
D1_training-e_e00461,training-e,True,D1,27.573991,False,False,clean,,False,False
D1_training-e_e00462,training-e,True,D1,35.397159,False,False,clean,,False,False
D1_training-e_e00463,training-e,False,D1,42.914758,True,True,noisy,baseline_drift,True,True
D1_training-e_e00464,training-e,False,D1,7.170729,True,True,noisy,baseline_drift,True,True
D1_training-e_e00465,training-e,True,D1,22.583925,False,False,clean,,False,False
D1_training-e_e00466,training-e,True,D1,38.660899,False,False,clean,,False,False
D1_training-e_e00467,training-e,False,D1,43.059682,True,True,noisy,baseline_drift,True,True
D1_training-e_e00468,training-e,True,D1,45.752713,False,False,clean,,False,False
D1_training-e_e00469,training-e,True,D1,33.078946,False,False,clean,,False,False
D1_training-e_e00470,training-e,True,D1,34.437474,False,False,clean,,False,False
D1_training-e_e00471,training-e,True,D1,32.932295,False,False,clean,,False,False
D1_training-e_e00472,training-e,True,D1,27.564073,False,False,clean,,False,False
D1_training-e_e00473,training-e,True,D1,33.337385,False,False,clean,,False,False
D1_training-e_e00474,training-e,True,D1,22.118957,False,False,clean,,False,False
D1_training-e_e00475,training-e,True,D1,28.922546,False,False,clean,,False,False
D1_training-e_e00476,training-e,True,D1,24.630401,False,False,clean,,False,False
D1_training-e_e00477,training-e,True,D1,27.846107,False,False,clean,,False,False
D1_training-e_e00478,training-e,True,D1,14.50786,False,False,clean,,False,False
D1_training-e_e00479,training-e,True,D1,25.528615,False,False,clean,,False,False
D1_training-e_e00480,training-e,True,D1,37.080615,False,False,clean,,False,False
D1_training-e_e00481,training-e,True,D1,22.881409,False,False,clean,,False,False
D1_training-e_e00482,training-e,True,D1,34.646331,False,False,clean,,False,False
D1_training-e_e00483,training-e,False,D1,33.682082,False,False,clean,,False,True
D1_training-e_e00484,training-e,True,D1,35.080131,False,False,clean,,False,False
D1_training-e_e00485,training-e,False,D1,40.624063,True,True,noisy,baseline_drift,True,True
D1_training-e_e00486,training-e,True,D1,37.198141,False,False,clean,,False,False
D1_training-e_e00487,training-e,True,D1,28.526177,False,False,clean,,False,False
D1_training-e_e00488,training-e,True,D1,31.717815,False,False,clean,,False,False
D1_training-e_e00489,training-e,True,D1,20.910854,False,False,clean,,False,False
D1_training-e_e00490,training-e,True,D1,22.494279,False,False,clean,,False,False
D1_training-e_e00491,training-e,True,D1,33.828631,False,False,clean,,False,False
D1_training-e_e00492,training-e,True,D1,27.795074,False,False,clean,,False,False
D1_training-e_e00493,training-e,True,D1,30.256878,False,False,clean,,False,False
D1_training-e_e00494,training-e,True,D1,23.109568,False,False,clean,,False,False
D1_training-e_e00495,training-e,True,D1,28.83426,False,False,clean,,False,False
D1_training-e_e00496,training-e,True,D1,21.575843,False,False,clean,,False,False
D1_training-e_e00497,training-e,True,D1,33.955427,False,False,clean,,False,False
D1_training-e_e00498,training-e,True,D1,45.332753,False,False,clean,,False,False
D1_training-e_e00499,training-e,True,D1,23.935508,False,False,clean,,False,False
D1_training-e_e00500,training-e,False,D1,0.243607,True,True,noisy,low_snr,True,True
D1_training-e_e00501,training-e,True,D1,31.677222,False,False,clean,,False,False
D1_training-e_e00502,training-e,True,D1,40.146156,False,False,clean,,False,False
D1_training-e_e00503,training-e,False,D1,43.761385,True,True,noisy,baseline_drift,True,True
D1_training-e_e00504,training-e,True,D1,32.692088,False,False,clean,,False,False
D1_training-e_e00505,training-e,True,D1,30.739914,False,False,clean,,False,False
D1_training-e_e00506,training-e,True,D1,28.94654,False,False,clean,,False,False
D1_training-e_e00507,training-e,True,D1,40.698384,False,False,clean,,False,False
D1_training-e_e00508,training-e,True,D1,24.999194,False,False,clean,,False,False
D1_training-e_e00509,training-e,True,D1,31.167074,False,False,clean,,False,False
D1_training-e_e00510,training-e,True,D1,22.627054,False,False,clean,,False,False
D1_training-e_e00511,training-e,True,D1,37.293612,False,False,clean,,False,False
D1_training-e_e00512,training-e,True,D1,33.498031,False,False,clean,,False,False
D1_training-e_e00513,training-e,True,D1,26.08027,False,False,clean,,False,False
D1_training-e_e00514,training-e,True,D1,32.603431,False,False,clean,,False,False
D1_training-e_e00515,training-e,True,D1,35.481086,False,False,clean,,False,False
D1_training-e_e00516,training-e,True,D1,25.370739,False,False,clean,,False,False
D1_training-e_e00517,training-e,True,D1,36.334053,False,False,clean,,False,False
D1_training-e_e00518,training-e,True,D1,44.409783,False,False,clean,,False,False
D1_training-e_e00519,training-e,False,D1,27.715483,True,True,noisy,baseline_drift,True,True
D1_training-e_e00520,training-e,False,D1,32.30671,False,False,clean,,False,True
D1_training-e_e00521,training-e,True,D1,27.338213,False,False,clean,,False,False
D1_training-e_e00522,training-e,True,D1,27.74573,False,False,clean,,False,False
D1_training-e_e00523,training-e,True,D1,26.453832,False,False,clean,,False,False
D1_training-e_e00524,training-e,True,D1,33.025106,False,False,clean,,False,False
D1_training-e_e00525,training-e,True,D1,35.750668,False,False,clean,,False,False
D1_training-e_e00526,training-e,True,D1,29.211936,False,False,clean,,False,False
D1_training-e_e00527,training-e,True,D1,27.967949,False,False,clean,,False,False
D1_training-e_e00528,training-e,True,D1,35.085512,False,False,clean,,False,False
D1_training-e_e00529,training-e,True,D1,46.204123,False,False,clean,,False,False
D1_training-e_e00530,training-e,True,D1,33.934426,False,False,clean,,False,False
D1_training-e_e00531,training-e,True,D1,36.239176,False,False,clean,,False,False
D1_training-e_e00532,training-e,False,D1,2.112711,True,True,noisy,low_snr;baseline_drift,True,True
D1_training-e_e00533,training-e,True,D1,34.999893,False,False,clean,,False,False
D1_training-e_e00534,training-e,True,D1,42.791492,False,False,clean,,False,False
D1_training-e_e00535,training-e,True,D1,26.048479,False,False,clean,,False,False
D1_training-e_e00536,training-e,True,D1,30.217041,False,False,clean,,False,False
D1_training-e_e00537,training-e,True,D1,30.957655,False,False,clean,,False,False
D1_training-e_e00538,training-e,False,D1,42.598859,True,True,noisy,baseline_drift,True,True
D1_training-e_e00539,training-e,False,D1,29.532927,False,False,clean,,False,True
D1_training-e_e00540,training-e,True,D1,15.050772,False,False,clean,,False,False
D1_training-e_e00541,training-e,True,D1,29.357035,False,False,clean,,False,False
D1_training-e_e00542,training-e,True,D1,25.383676,False,False,clean,,False,False
D1_training-e_e00543,training-e,True,D1,38.550735,False,False,clean,,False,False
D1_training-e_e00544,training-e,False,D1,31.380843,False,False,clean,,False,True
D1_training-e_e00545,training-e,True,D1,42.898358,False,False,clean,,False,False
D1_training-e_e00546,training-e,True,D1,37.95772,False,False,clean,,False,False
D1_training-e_e00547,training-e,False,D1,27.48582,False,False,clean,,False,True
D1_training-e_e00548,training-e,True,D1,32.616646,False,False,clean,,False,False
D1_training-e_e00549,training-e,True,D1,32.748529,False,False,clean,,False,False
D1_training-e_e00550,training-e,True,D1,25.890354,False,False,clean,,False,False
D1_training-e_e00551,training-e,True,D1,26.408435,False,False,clean,,False,False
D1_training-e_e00552,training-e,True,D1,31.832757,False,False,clean,,False,False
D1_training-e_e00553,training-e,False,D1,31.837432,False,False,clean,,False,True
D1_training-e_e00554,training-e,True,D1,28.527069,False,False,clean,,False,False
D1_training-e_e00555,training-e,False,D1,16.594289,True,True,noisy,baseline_drift,True,True
D1_training-e_e00556,training-e,True,D1,20.769128,False,False,clean,,False,False
D1_training-e_e00557,training-e,True,D1,34.015163,False,False,clean,,False,False
D1_training-e_e00558,training-e,False,D1,41.212369,True,True,noisy,baseline_drift,True,True
D1_training-e_e00559,training-e,True,D1,24.346887,False,False,clean,,False,False
D1_training-e_e00560,training-e,True,D1,24.021914,False,False,clean,,False,False
D1_training-e_e00561,training-e,False,D1,24.614815,False,False,clean,,False,True
D1_training-e_e00562,training-e,False,D1,32.476139,False,False,clean,,False,True
D1_training-e_e00563,training-e,True,D1,41.046229,False,False,clean,,False,False
D1_training-e_e00564,training-e,True,D1,32.35222,False,False,clean,,False,False
D1_training-e_e00565,training-e,True,D1,25.590462,False,False,clean,,False,False
D1_training-e_e00566,training-e,True,D1,20.017346,False,False,clean,,False,False
D1_training-e_e00567,training-e,True,D1,26.12553,False,False,clean,,False,False
D1_training-e_e00568,training-e,True,D1,29.686391,False,False,clean,,False,False
D1_training-e_e00569,training-e,True,D1,19.858097,False,False,clean,,False,False
D1_training-e_e00570,training-e,True,D1,31.142294,False,False,clean,,False,False
D1_training-e_e00571,training-e,True,D1,23.313611,False,False,clean,,False,False
D1_training-e_e00572,training-e,True,D1,39.578916,False,False,clean,,False,False
D1_training-e_e00573,training-e,True,D1,28.108067,False,False,clean,,False,False
D1_training-e_e00574,training-e,True,D1,34.256045,False,False,clean,,False,False
D1_training-e_e00575,training-e,True,D1,35.693361,False,False,clean,,False,False
D1_training-e_e00576,training-e,True,D1,29.055771,False,False,clean,,False,False
D1_training-e_e00577,training-e,True,D1,40.005619,False,False,clean,,False,False
D1_training-e_e00578,training-e,False,D1,42.319139,False,True,low_quality_other,clipped,True,True
D1_training-e_e00579,training-e,True,D1,35.521217,False,False,clean,,False,False
D1_training-e_e00580,training-e,True,D1,31.546815,False,False,clean,,False,False
D1_training-e_e00581,training-e,True,D1,43.851003,False,False,clean,,False,False
D1_training-e_e00582,training-e,True,D1,26.380903,False,False,clean,,False,False
D1_training-e_e00583,training-e,True,D1,30.779318,False,False,clean,,False,False
D1_training-e_e00584,training-e,True,D1,33.998348,False,False,clean,,False,False
D1_training-e_e00585,training-e,True,D1,35.716203,False,False,clean,,False,False
D1_training-e_e00586,training-e,True,D1,36.157152,False,False,clean,,False,False
D1_training-e_e00587,training-e,True,D1,37.294784,False,False,clean,,False,False
D1_training-e_e00588,training-e,True,D1,29.098711,False,False,clean,,False,False
D1_training-e_e00589,training-e,True,D1,32.269502,False,False,clean,,False,False
D1_training-e_e00590,training-e,True,D1,36.718721,False,False,clean,,False,False
D1_training-e_e00591,training-e,False,D1,25.931581,False,False,clean,,False,True
D1_training-e_e00592,training-e,True,D1,20.830855,False,False,clean,,False,False
D1_training-e_e00593,training-e,True,D1,35.259294,False,False,clean,,False,False
D1_training-e_e00594,training-e,True,D1,35.902886,False,False,clean,,False,False
D1_training-e_e00595,training-e,True,D1,28.437455,False,False,clean,,False,False
D1_training-e_e00596,training-e,True,D1,36.380493,False,False,clean,,False,False
D1_training-e_e00597,training-e,True,D1,35.296819,False,False,clean,,False,False
D1_training-e_e00598,training-e,True,D1,45.062959,False,False,clean,,False,False
D1_training-e_e00599,training-e,True,D1,31.546037,False,False,clean,,False,False
D1_training-e_e00600,training-e,True,D1,36.636488,False,False,clean,,False,False
D1_training-e_e00601,training-e,True,D1,25.020549,False,False,clean,,False,False
D1_training-e_e00602,training-e,True,D1,37.829889,False,False,clean,,False,False
D1_training-e_e00603,training-e,True,D1,20.308825,False,False,clean,,False,False
D1_training-e_e00604,training-e,True,D1,37.310491,False,False,clean,,False,False
D1_training-e_e00605,training-e,True,D1,28.482584,False,False,clean,,False,False
D1_training-e_e00606,training-e,False,D1,39.847969,True,True,noisy,baseline_drift,True,True
D1_training-e_e00607,training-e,True,D1,30.600015,False,False,clean,,False,False
D1_training-e_e00608,training-e,True,D1,37.693935,False,False,clean,,False,False
D1_training-e_e00609,training-e,True,D1,24.362075,False,False,clean,,False,False
D1_training-e_e00610,training-e,True,D1,37.016978,False,False,clean,,False,False
D1_training-e_e00611,training-e,True,D1,25.612666,False,False,clean,,False,False
D1_training-e_e00612,training-e,True,D1,18.424203,False,False,clean,,False,False
D1_training-e_e00613,training-e,True,D1,20.183469,False,False,clean,,False,False
D1_training-e_e00614,training-e,True,D1,37.369376,False,False,clean,,False,False
D1_training-e_e00615,training-e,True,D1,29.46347,False,False,clean,,False,False
D1_training-e_e00616,training-e,True,D1,33.742697,False,False,clean,,False,False
D1_training-e_e00617,training-e,True,D1,31.695911,False,False,clean,,False,False
D1_training-e_e00618,training-e,True,D1,33.193039,False,False,clean,,False,False
D1_training-e_e00619,training-e,True,D1,23.927562,False,False,clean,,False,False
D1_training-e_e00620,training-e,True,D1,13.801911,False,False,clean,,False,False
D1_training-e_e00621,training-e,True,D1,25.803926,False,False,clean,,False,False
D1_training-e_e00622,training-e,False,D1,30.863888,False,False,clean,,False,True
D1_training-e_e00623,training-e,True,D1,33.686765,False,False,clean,,False,False
D1_training-e_e00624,training-e,True,D1,33.76927,False,False,clean,,False,False
D1_training-e_e00625,training-e,True,D1,28.741755,False,False,clean,,False,False
D1_training-e_e00626,training-e,True,D1,24.486812,False,False,clean,,False,False
D1_training-e_e00627,training-e,True,D1,28.353884,False,False,clean,,False,False
D1_training-e_e00628,training-e,True,D1,37.060612,False,False,clean,,False,False
D1_training-e_e00629,training-e,True,D1,45.58383,False,False,clean,,False,False
D1_training-e_e00630,training-e,True,D1,21.443421,False,False,clean,,False,False
D1_training-e_e00631,training-e,True,D1,34.835986,False,False,clean,,False,False
D1_training-e_e00632,training-e,True,D1,36.241791,False,False,clean,,False,False
D1_training-e_e00633,training-e,True,D1,28.700849,False,False,clean,,False,False
D1_training-e_e00634,training-e,True,D1,32.315571,False,False,clean,,False,False
D1_training-e_e00635,training-e,True,D1,31.162436,False,False,clean,,False,False
D1_training-e_e00636,training-e,True,D1,28.196846,False,False,clean,,False,False
D1_training-e_e00637,training-e,True,D1,32.459002,False,False,clean,,False,False
D1_training-e_e00638,training-e,True,D1,33.04713,False,False,clean,,False,False
D1_training-e_e00639,training-e,True,D1,35.123376,False,False,clean,,False,False
D1_training-e_e00640,training-e,True,D1,28.059329,False,False,clean,,False,False
D1_training-e_e00641,training-e,True,D1,28.271953,False,False,clean,,False,False
D1_training-e_e00642,training-e,True,D1,26.426982,False,False,clean,,False,False
D1_training-e_e00643,training-e,True,D1,32.316429,False,False,clean,,False,False
D1_training-e_e00644,training-e,True,D1,25.066438,False,False,clean,,False,False
D1_training-e_e00645,training-e,True,D1,34.928584,False,False,clean,,False,False
D1_training-e_e00646,training-e,True,D1,28.573738,False,False,clean,,False,False
D1_training-e_e00647,training-e,True,D1,28.740648,False,False,clean,,False,False
D1_training-e_e00648,training-e,True,D1,33.364609,False,False,clean,,False,False
D1_training-e_e00649,training-e,True,D1,27.113411,False,False,clean,,False,False
D1_training-e_e00650,training-e,True,D1,24.389783,False,False,clean,,False,False
D1_training-e_e00651,training-e,True,D1,33.186046,False,False,clean,,False,False
D1_training-e_e00652,training-e,True,D1,31.602115,False,False,clean,,False,False
D1_training-e_e00653,training-e,False,D1,41.006114,True,True,noisy,baseline_drift,True,True
D1_training-e_e00654,training-e,True,D1,37.870744,False,False,clean,,False,False
D1_training-e_e00655,training-e,True,D1,34.349839,False,False,clean,,False,False
D1_training-e_e00656,training-e,True,D1,26.073038,False,False,clean,,False,False
D1_training-e_e00657,training-e,True,D1,26.385578,False,False,clean,,False,False
D1_training-e_e00658,training-e,True,D1,34.051505,False,False,clean,,False,False
D1_training-e_e00659,training-e,True,D1,30.727427,False,False,clean,,False,False
D1_training-e_e00660,training-e,True,D1,36.46427,False,False,clean,,False,False
D1_training-e_e00661,training-e,True,D1,34.090933,False,False,clean,,False,False
D1_training-e_e00662,training-e,False,D1,42.98167,True,True,noisy,baseline_drift,True,True
D1_training-e_e00663,training-e,True,D1,26.936333,False,False,clean,,False,False
D1_training-e_e00664,training-e,True,D1,26.202297,False,False,clean,,False,False
D1_training-e_e00665,training-e,True,D1,33.024165,False,False,clean,,False,False
D1_training-e_e00666,training-e,True,D1,19.498806,False,False,clean,,False,False
D1_training-e_e00667,training-e,True,D1,24.99232,False,False,clean,,False,False
D1_training-e_e00668,training-e,True,D1,29.685691,False,False,clean,,False,False
D1_training-e_e00669,training-e,False,D1,40.063888,True,True,noisy,baseline_drift,True,True
D1_training-e_e00670,training-e,True,D1,31.564635,False,False,clean,,False,False
D1_training-e_e00671,training-e,True,D1,34.737491,False,False,clean,,False,False
D1_training-e_e00672,training-e,True,D1,36.428714,False,False,clean,,False,False
D1_training-e_e00673,training-e,True,D1,18.595701,False,False,clean,,False,False
D1_training-e_e00674,training-e,True,D1,33.932575,False,False,clean,,False,False
D1_training-e_e00675,training-e,True,D1,29.990086,False,False,clean,,False,False
D1_training-e_e00676,training-e,True,D1,30.630709,False,False,clean,,False,False
D1_training-e_e00677,training-e,True,D1,29.43364,False,False,clean,,False,False
D1_training-e_e00678,training-e,False,D1,25.491357,False,False,clean,,False,True
D1_training-e_e00679,training-e,False,D1,25.071955,False,False,clean,,False,True
D1_training-e_e00680,training-e,False,D1,4.221008,True,True,noisy,low_snr;baseline_drift,True,True
D1_training-e_e00681,training-e,True,D1,18.781296,False,False,clean,,False,False
D1_training-e_e00682,training-e,True,D1,12.792287,False,False,clean,,False,False
D1_training-e_e00683,training-e,True,D1,36.716937,False,False,clean,,False,False
D1_training-e_e00684,training-e,True,D1,20.917165,False,False,clean,,False,False
D1_training-e_e00685,training-e,False,D1,0.910772,True,True,noisy,low_snr,True,True
D1_training-e_e00686,training-e,True,D1,48.997951,False,False,clean,,False,False
D1_training-e_e00687,training-e,False,D1,6.599233,True,True,noisy,baseline_drift,True,True
D1_training-e_e00688,training-e,True,D1,31.480691,False,False,clean,,False,False
D1_training-e_e00689,training-e,True,D1,42.470688,False,False,clean,,False,False
D1_training-e_e00690,training-e,True,D1,29.858846,False,False,clean,,False,False
D1_training-e_e00691,training-e,True,D1,33.280635,False,False,clean,,False,False
D1_training-e_e00692,training-e,True,D1,33.945767,False,False,clean,,False,False
D1_training-e_e00693,training-e,True,D1,25.441631,False,False,clean,,False,False
D1_training-e_e00694,training-e,True,D1,27.143046,False,False,clean,,False,False
D1_training-e_e00695,training-e,True,D1,26.662785,False,False,clean,,False,False
D1_training-e_e00696,training-e,True,D1,25.338914,False,False,clean,,False,False
D1_training-e_e00697,training-e,True,D1,37.984279,False,False,clean,,False,False
D1_training-e_e00698,training-e,True,D1,37.200723,False,False,clean,,False,False
D1_training-e_e00699,training-e,True,D1,33.680805,False,False,clean,,False,False
D1_training-e_e00700,training-e,True,D1,40.796632,False,False,clean,,False,False
D1_training-e_e00701,training-e,True,D1,39.533795,False,False,clean,,False,False
D1_training-e_e00702,training-e,True,D1,24.142294,False,False,clean,,False,False
D1_training-e_e00703,training-e,True,D1,32.778646,False,False,clean,,False,False
D1_training-e_e00704,training-e,True,D1,31.019719,False,False,clean,,False,False
D1_training-e_e00705,training-e,True,D1,43.773283,False,False,clean,,False,False
D1_training-e_e00706,training-e,True,D1,19.210239,False,False,clean,,False,False
D1_training-e_e00707,training-e,True,D1,24.70205,False,False,clean,,False,False
D1_training-e_e00708,training-e,True,D1,20.756569,False,False,clean,,False,False
D1_training-e_e00709,training-e,True,D1,20.054731,False,False,clean,,False,False
D1_training-e_e00710,training-e,True,D1,31.168419,False,False,clean,,False,False
D1_training-e_e00711,training-e,False,D1,1.831822,True,True,noisy,low_snr;baseline_drift,True,True
D1_training-e_e00712,training-e,True,D1,41.868841,False,False,clean,,False,False
D1_training-e_e00713,training-e,False,D1,25.437483,False,False,clean,,False,True
D1_training-e_e00714,training-e,True,D1,29.761485,False,False,clean,,False,False
D1_training-e_e00715,training-e,True,D1,32.573685,False,False,clean,,False,False
D1_training-e_e00716,training-e,True,D1,18.4968,False,False,clean,,False,False
D1_training-e_e00717,training-e,True,D1,29.048364,False,False,clean,,False,False
D1_training-e_e00718,training-e,False,D1,42.115543,True,True,noisy,baseline_drift,True,True
D1_training-e_e00719,training-e,False,D1,42.900448,True,True,noisy,baseline_drift,True,True
D1_training-e_e00720,training-e,True,D1,30.743165,False,False,clean,,False,False
D1_training-e_e00721,training-e,True,D1,27.07358,False,False,clean,,False,False
D1_training-e_e00722,training-e,True,D1,37.304145,False,False,clean,,False,False
D1_training-e_e00723,training-e,True,D1,34.0509,False,False,clean,,False,False
D1_training-e_e00724,training-e,False,D1,42.986699,True,True,noisy,baseline_drift,True,True
D1_training-e_e00725,training-e,True,D1,40.976104,False,False,clean,,False,False
D1_training-e_e00726,training-e,True,D1,31.745097,False,False,clean,,False,False
D1_training-e_e00727,training-e,True,D1,16.239471,False,False,clean,,False,False
D1_training-e_e00728,training-e,True,D1,15.249296,False,False,clean,,False,False
D1_training-e_e00729,training-e,True,D1,52.885287,False,False,clean,,False,False
D1_training-e_e00730,training-e,True,D1,26.69752,False,False,clean,,False,False
D1_training-e_e00731,training-e,False,D1,26.432999,False,False,clean,,False,True
D1_training-e_e00732,training-e,False,D1,5.800921,True,True,noisy,baseline_drift,True,True
D1_training-e_e00733,training-e,True,D1,36.675562,False,False,clean,,False,False
D1_training-e_e00734,training-e,True,D1,35.413623,False,False,clean,,False,False
D1_training-e_e00735,training-e,True,D1,30.796491,False,False,clean,,False,False
D1_training-e_e00736,training-e,True,D1,46.212535,False,False,clean,,False,False
D1_training-e_e00737,training-e,False,D1,31.012983,False,False,clean,,False,True
D1_training-e_e00738,training-e,True,D1,34.935312,False,False,clean,,False,False
D1_training-e_e00739,training-e,True,D1,27.847408,False,False,clean,,False,False
D1_training-e_e00740,training-e,True,D1,37.300162,False,False,clean,,False,False
D1_training-e_e00741,training-e,True,D1,40.195241,False,False,clean,,False,False
D1_training-e_e00742,training-e,True,D1,25.184038,False,False,clean,,False,False
D1_training-e_e00743,training-e,True,D1,34.615188,False,False,clean,,False,False
D1_training-e_e00744,training-e,True,D1,23.65067,False,False,clean,,False,False
D1_training-e_e00745,training-e,True,D1,24.022265,False,False,clean,,False,False
D1_training-e_e00746,training-e,True,D1,20.193934,False,False,clean,,False,False
D1_training-e_e00747,training-e,True,D1,39.069064,False,False,clean,,False,False
D1_training-e_e00748,training-e,True,D1,26.421686,False,False,clean,,False,False
D1_training-e_e00749,training-e,True,D1,33.905694,False,False,clean,,False,False
D1_training-e_e00750,training-e,True,D1,25.112884,False,False,clean,,False,False
D1_training-e_e00751,training-e,True,D1,25.312821,False,False,clean,,False,False
D1_training-e_e00752,training-e,True,D1,54.136171,False,False,clean,,False,False
D1_training-e_e00753,training-e,True,D1,36.761241,False,False,clean,,False,False
D1_training-e_e00754,training-e,False,D1,37.328484,False,False,clean,,False,True
D1_training-e_e00755,training-e,True,D1,24.517968,False,False,clean,,False,False
D1_training-e_e00756,training-e,True,D1,39.388596,False,False,clean,,False,False
D1_training-e_e00757,training-e,True,D1,23.349855,False,False,clean,,False,False
D1_training-e_e00758,training-e,True,D1,31.194228,False,False,clean,,False,False
D1_training-e_e00759,training-e,False,D1,4.172502,True,True,noisy,low_snr;baseline_drift,True,True
D1_training-e_e00760,training-e,True,D1,30.828954,False,False,clean,,False,False
D1_training-e_e00761,training-e,True,D1,35.262438,False,False,clean,,False,False
D1_training-e_e00762,training-e,True,D1,32.127838,False,False,clean,,False,False
D1_training-e_e00763,training-e,True,D1,45.538828,False,False,clean,,False,False
D1_training-e_e00764,training-e,True,D1,35.14006,False,False,clean,,False,False
D1_training-e_e00765,training-e,True,D1,28.105902,False,False,clean,,False,False
D1_training-e_e00766,training-e,True,D1,27.881404,False,False,clean,,False,False
D1_training-e_e00767,training-e,True,D1,22.995034,False,False,clean,,False,False
D1_training-e_e00768,training-e,True,D1,39.900242,False,False,clean,,False,False
D1_training-e_e00769,training-e,True,D1,29.071569,False,False,clean,,False,False
D1_training-e_e00770,training-e,True,D1,31.097656,False,False,clean,,False,False
D1_training-e_e00771,training-e,True,D1,37.144704,False,False,clean,,False,False
D1_training-e_e00772,training-e,True,D1,37.458654,False,False,clean,,False,False
D1_training-e_e00773,training-e,True,D1,35.225029,False,False,clean,,False,False
D1_training-e_e00774,training-e,True,D1,22.993596,False,False,clean,,False,False
D1_training-e_e00775,training-e,True,D1,28.344642,False,False,clean,,False,False
D1_training-e_e00776,training-e,False,D1,27.85848,True,True,noisy,baseline_drift,True,True
D1_training-e_e00777,training-e,False,D1,28.192838,True,True,noisy,baseline_drift,True,True
D1_training-e_e00778,training-e,True,D1,32.996075,False,False,clean,,False,False
D1_training-e_e00779,training-e,True,D1,24.400475,False,False,clean,,False,False
D1_training-e_e00780,training-e,True,D1,28.155207,False,False,clean,,False,False
D1_training-e_e00781,training-e,True,D1,44.283342,False,False,clean,,False,False
D1_training-e_e00782,training-e,True,D1,32.315977,False,False,clean,,False,False
D1_training-e_e00783,training-e,True,D1,37.941645,False,False,clean,,False,False
D1_training-e_e00784,training-e,True,D1,28.407241,False,False,clean,,False,False
D1_training-e_e00785,training-e,True,D1,28.837243,False,False,clean,,False,False
D1_training-e_e00786,training-e,True,D1,27.358199,False,False,clean,,False,False
D1_training-e_e00787,training-e,True,D1,32.450699,False,False,clean,,False,False
D1_training-e_e00788,training-e,True,D1,45.704844,False,False,clean,,False,False
D1_training-e_e00789,training-e,True,D1,40.077856,False,False,clean,,False,False
D1_training-e_e00790,training-e,True,D1,31.061795,False,False,clean,,False,False
D1_training-e_e00791,training-e,True,D1,27.480969,False,False,clean,,False,False
D1_training-e_e00792,training-e,True,D1,24.794498,False,False,clean,,False,False
D1_training-e_e00793,training-e,True,D1,26.080151,False,False,clean,,False,False
D1_training-e_e00794,training-e,True,D1,31.49408,False,False,clean,,False,False
D1_training-e_e00795,training-e,True,D1,23.528877,False,False,clean,,False,False
D1_training-e_e00796,training-e,False,D1,41.92201,True,True,noisy,baseline_drift,True,True
D1_training-e_e00797,training-e,True,D1,26.933728,False,False,clean,,False,False
D1_training-e_e00798,training-e,True,D1,37.893725,False,False,clean,,False,False
D1_training-e_e00799,training-e,True,D1,25.990678,False,False,clean,,False,False
D1_training-e_e00800,training-e,True,D1,45.494592,False,False,clean,,False,False
D1_training-e_e00801,training-e,True,D1,29.673016,False,False,clean,,False,False
D1_training-e_e00802,training-e,True,D1,34.914054,False,False,clean,,False,False
D1_training-e_e00803,training-e,True,D1,36.181312,False,False,clean,,False,False
D1_training-e_e00804,training-e,True,D1,41.261392,False,False,clean,,False,False
D1_training-e_e00805,training-e,False,D1,1.398628,True,True,noisy,low_snr;baseline_drift,True,True
D1_training-e_e00806,training-e,True,D1,25.260773,False,False,clean,,False,False
D1_training-e_e00807,training-e,False,D1,7.292849,True,True,noisy,baseline_drift,True,True
D1_training-e_e00808,training-e,True,D1,30.943494,False,False,clean,,False,False
D1_training-e_e00809,training-e,True,D1,37.335294,False,False,clean,,False,False
D1_training-e_e00810,training-e,True,D1,34.178575,False,False,clean,,False,False
D1_training-e_e00811,training-e,True,D1,28.047565,False,False,clean,,False,False
D1_training-e_e00812,training-e,False,D1,23.031508,False,False,clean,,False,True
D1_training-e_e00813,training-e,True,D1,29.62599,False,False,clean,,False,False
D1_training-e_e00814,training-e,True,D1,23.036266,False,False,clean,,False,False
D1_training-e_e00815,training-e,True,D1,30.693478,False,False,clean,,False,False
D1_training-e_e00816,training-e,True,D1,35.547978,False,False,clean,,False,False
D1_training-e_e00817,training-e,True,D1,32.837834,False,False,clean,,False,False
D1_training-e_e00818,training-e,True,D1,27.399585,False,False,clean,,False,False
D1_training-e_e00819,training-e,True,D1,24.249861,False,False,clean,,False,False
D1_training-e_e00820,training-e,True,D1,36.670722,False,False,clean,,False,False
D1_training-e_e00821,training-e,True,D1,27.308312,False,False,clean,,False,False
D1_training-e_e00822,training-e,True,D1,39.134133,False,False,clean,,False,False
D1_training-e_e00823,training-e,False,D1,42.59094,True,True,noisy,baseline_drift,True,True
D1_training-e_e00824,training-e,True,D1,24.888404,False,False,clean,,False,False
D1_training-e_e00825,training-e,True,D1,23.516161,False,False,clean,,False,False
D1_training-e_e00826,training-e,True,D1,20.606504,False,False,clean,,False,False
D1_training-e_e00827,training-e,True,D1,34.225706,False,False,clean,,False,False
D1_training-e_e00828,training-e,True,D1,34.01493,False,False,clean,,False,False
D1_training-e_e00829,training-e,True,D1,34.424265,False,False,clean,,False,False
D1_training-e_e00830,training-e,True,D1,37.13887,False,False,clean,,False,False
D1_training-e_e00831,training-e,False,D1,41.440043,True,True,noisy,baseline_drift,True,True
D1_training-e_e00832,training-e,True,D1,31.741888,False,False,clean,,False,False
D1_training-e_e00833,training-e,False,D1,43.558206,True,True,noisy,baseline_drift,True,True
D1_training-e_e00834,training-e,True,D1,31.998258,False,False,clean,,False,False
D1_training-e_e00835,training-e,True,D1,33.509291,False,False,clean,,False,False
D1_training-e_e00836,training-e,True,D1,17.275548,False,False,clean,,False,False
D1_training-e_e00837,training-e,True,D1,19.338732,False,False,clean,,False,False
D1_training-e_e00838,training-e,True,D1,33.572049,False,False,clean,,False,False
D1_training-e_e00839,training-e,True,D1,28.968157,False,False,clean,,False,False
D1_training-e_e00840,training-e,True,D1,32.27193,False,False,clean,,False,False
D1_training-e_e00841,training-e,True,D1,36.663907,False,False,clean,,False,False
D1_training-e_e00842,training-e,True,D1,32.339019,False,False,clean,,False,False
D1_training-e_e00843,training-e,True,D1,27.689087,False,False,clean,,False,False
D1_training-e_e00844,training-e,False,D1,42.551526,True,True,noisy,baseline_drift,True,True
D1_training-e_e00845,training-e,True,D1,28.621029,False,False,clean,,False,False
D1_training-e_e00846,training-e,True,D1,17.392599,False,False,clean,,False,False
D1_training-e_e00847,training-e,True,D1,34.913591,False,False,clean,,False,False
D1_training-e_e00848,training-e,True,D1,25.307983,False,False,clean,,False,False
D1_training-e_e00849,training-e,False,D1,24.18998,False,False,clean,,False,True
D1_training-e_e00850,training-e,True,D1,26.069335,False,False,clean,,False,False
D1_training-e_e00851,training-e,False,D1,42.35551,True,True,noisy,baseline_drift,True,True
D1_training-e_e00852,training-e,True,D1,34.202299,False,False,clean,,False,False
D1_training-e_e00853,training-e,True,D1,39.519477,False,False,clean,,False,False
D1_training-e_e00854,training-e,True,D1,36.403852,False,False,clean,,False,False
D1_training-e_e00855,training-e,True,D1,36.203418,False,False,clean,,False,False
D1_training-e_e00856,training-e,True,D1,29.028016,False,False,clean,,False,False
D1_training-e_e00857,training-e,True,D1,44.143127,False,False,clean,,False,False
D1_training-e_e00858,training-e,True,D1,36.836232,False,False,clean,,False,False
D1_training-e_e00859,training-e,True,D1,26.198267,False,False,clean,,False,False
D1_training-e_e00860,training-e,True,D1,29.849637,False,False,clean,,False,False
D1_training-e_e00861,training-e,True,D1,31.835978,False,False,clean,,False,False
D1_training-e_e00862,training-e,True,D1,40.355667,False,False,clean,,False,False
D1_training-e_e00863,training-e,True,D1,46.160881,False,False,clean,,False,False
D1_training-e_e00864,training-e,True,D1,25.50249,False,False,clean,,False,False
D1_training-e_e00865,training-e,True,D1,40.273634,False,False,clean,,False,False
D1_training-e_e00866,training-e,True,D1,36.413382,False,False,clean,,False,False
D1_training-e_e00867,training-e,True,D1,20.360328,False,False,clean,,False,False
D1_training-e_e00868,training-e,True,D1,34.820218,False,False,clean,,False,False
D1_training-e_e00869,training-e,True,D1,21.461668,False,False,clean,,False,False
D1_training-e_e00870,training-e,True,D1,42.626979,False,False,clean,,False,False
D1_training-e_e00871,training-e,True,D1,34.802748,False,False,clean,,False,False
D1_training-e_e00872,training-e,True,D1,27.21268,False,False,clean,,False,False
D1_training-e_e00873,training-e,True,D1,41.574292,False,True,low_quality_other,clipped,True,False
D1_training-e_e00874,training-e,True,D1,29.206276,False,False,clean,,False,False
D1_training-e_e00875,training-e,True,D1,30.189646,False,False,clean,,False,False
D1_training-e_e00876,training-e,True,D1,35.213313,False,False,clean,,False,False
D1_training-e_e00877,training-e,True,D1,29.192693,False,False,clean,,False,False
D1_training-e_e00878,training-e,True,D1,29.024342,False,False,clean,,False,False
D1_training-e_e00879,training-e,True,D1,25.454456,False,False,clean,,False,False
D1_training-e_e00880,training-e,True,D1,26.558045,False,False,clean,,False,False
D1_training-e_e00881,training-e,False,D1,28.642879,False,False,clean,,False,True
D1_training-e_e00882,training-e,True,D1,32.091276,False,False,clean,,False,False
D1_training-e_e00883,training-e,True,D1,31.750498,False,False,clean,,False,False
D1_training-e_e00884,training-e,True,D1,33.418519,False,False,clean,,False,False
D1_training-e_e00885,training-e,True,D1,33.122618,False,False,clean,,False,False
D1_training-e_e00886,training-e,True,D1,41.130759,False,False,clean,,False,False
D1_training-e_e00887,training-e,True,D1,25.537435,False,False,clean,,False,False
D1_training-e_e00888,training-e,True,D1,24.304258,False,False,clean,,False,False
D1_training-e_e00889,training-e,True,D1,30.779057,False,False,clean,,False,False
D1_training-e_e00890,training-e,False,D1,42.975457,True,True,noisy,baseline_drift,True,True
D1_training-e_e00891,training-e,True,D1,31.287426,False,False,clean,,False,False
D1_training-e_e00892,training-e,True,D1,21.218434,False,False,clean,,False,False
D1_training-e_e00893,training-e,True,D1,26.441764,False,False,clean,,False,False
D1_training-e_e00894,training-e,True,D1,33.347435,False,False,clean,,False,False
D1_training-e_e00895,training-e,True,D1,32.552248,False,False,clean,,False,False
D1_training-e_e00896,training-e,True,D1,24.879773,False,False,clean,,False,False
D1_training-e_e00897,training-e,True,D1,30.422009,False,False,clean,,False,False
D1_training-e_e00898,training-e,True,D1,34.521388,False,False,clean,,False,False
D1_training-e_e00899,training-e,True,D1,26.862298,False,False,clean,,False,False
D1_training-e_e00900,training-e,True,D1,32.051741,False,False,clean,,False,False
D1_training-e_e00901,training-e,False,D1,34.608691,False,False,clean,,False,True
D1_training-e_e00902,training-e,True,D1,36.620765,False,False,clean,,False,False
D1_training-e_e00903,training-e,True,D1,24.004125,False,False,clean,,False,False
D1_training-e_e00904,training-e,True,D1,29.492661,False,False,clean,,False,False
D1_training-e_e00905,training-e,True,D1,29.161157,False,False,clean,,False,False
D1_training-e_e00906,training-e,True,D1,20.528417,False,False,clean,,False,False
D1_training-e_e00907,training-e,True,D1,34.72848,False,False,clean,,False,False
D1_training-e_e00908,training-e,True,D1,16.942385,False,False,clean,,False,False
D1_training-e_e00909,training-e,True,D1,28.049519,False,False,clean,,False,False
D1_training-e_e00910,training-e,True,D1,34.873516,False,False,clean,,False,False
D1_training-e_e00911,training-e,True,D1,31.621466,False,False,clean,,False,False
D1_training-e_e00912,training-e,True,D1,24.621076,False,False,clean,,False,False
D1_training-e_e00913,training-e,True,D1,33.281422,False,False,clean,,False,False
D1_training-e_e00914,training-e,True,D1,36.20757,False,False,clean,,False,False
D1_training-e_e00915,training-e,True,D1,35.048273,False,False,clean,,False,False
D1_training-e_e00916,training-e,True,D1,32.328576,False,False,clean,,False,False
D1_training-e_e00917,training-e,True,D1,29.082459,False,False,clean,,False,False
D1_training-e_e00918,training-e,False,D1,45.546706,True,True,noisy,baseline_drift,True,True
D1_training-e_e00919,training-e,True,D1,48.513402,False,False,clean,,False,False
D1_training-e_e00920,training-e,True,D1,24.272398,False,False,clean,,False,False
D1_training-e_e00921,training-e,False,D1,26.51404,False,False,clean,,False,True
D1_training-e_e00922,training-e,True,D1,28.094663,False,False,clean,,False,False
D1_training-e_e00923,training-e,True,D1,27.582396,False,False,clean,,False,False
D1_training-e_e00924,training-e,False,D1,17.05205,False,False,clean,,False,True
D1_training-e_e00925,training-e,True,D1,29.712787,False,False,clean,,False,False
D1_training-e_e00926,training-e,True,D1,28.875764,False,False,clean,,False,False
D1_training-e_e00927,training-e,True,D1,27.505056,False,False,clean,,False,False
D1_training-e_e00928,training-e,True,D1,36.265567,False,False,clean,,False,False
D1_training-e_e00929,training-e,True,D1,36.942434,False,False,clean,,False,False
D1_training-e_e00930,training-e,True,D1,20.265435,False,False,clean,,False,False
D1_training-e_e00931,training-e,True,D1,33.221403,False,False,clean,,False,False
D1_training-e_e00932,training-e,True,D1,31.538417,False,False,clean,,False,False
D1_training-e_e00933,training-e,True,D1,33.393717,False,False,clean,,False,False
D1_training-e_e00934,training-e,True,D1,33.0632,False,False,clean,,False,False
D1_training-e_e00935,training-e,False,D1,26.206173,False,False,clean,,False,True
D1_training-e_e00936,training-e,True,D1,28.314046,False,False,clean,,False,False
D1_training-e_e00937,training-e,True,D1,52.470242,False,False,clean,,False,False
D1_training-e_e00938,training-e,True,D1,19.039673,False,False,clean,,False,False
D1_training-e_e00939,training-e,True,D1,30.560551,False,False,clean,,False,False
D1_training-e_e00940,training-e,True,D1,38.487327,False,False,clean,,False,False
D1_training-e_e00941,training-e,True,D1,38.490757,False,False,clean,,False,False
D1_training-e_e00942,training-e,True,D1,20.359415,False,False,clean,,False,False
D1_training-e_e00943,training-e,True,D1,22.519075,False,False,clean,,False,False
D1_training-e_e00944,training-e,True,D1,37.938789,False,False,clean,,False,False
D1_training-e_e00945,training-e,True,D1,33.541424,False,False,clean,,False,False
D1_training-e_e00946,training-e,True,D1,34.860825,False,False,clean,,False,False
D1_training-e_e00947,training-e,True,D1,24.923392,False,False,clean,,False,False
D1_training-e_e00948,training-e,False,D1,0.753483,True,True,noisy,low_snr,True,True
D1_training-e_e00949,training-e,True,D1,24.818342,False,False,clean,,False,False
D1_training-e_e00950,training-e,True,D1,27.395275,False,False,clean,,False,False
D1_training-e_e00951,training-e,True,D1,28.048187,False,False,clean,,False,False
D1_training-e_e00952,training-e,False,D1,26.079939,True,True,noisy,baseline_drift,True,True
D1_training-e_e00953,training-e,True,D1,20.560011,False,False,clean,,False,False
D1_training-e_e00954,training-e,True,D1,40.671067,False,True,low_quality_other,clipped,True,False
D1_training-e_e00955,training-e,True,D1,15.067567,False,False,clean,,False,False
D1_training-e_e00956,training-e,True,D1,20.993589,False,False,clean,,False,False
D1_training-e_e00957,training-e,True,D1,37.164242,False,False,clean,,False,False
D1_training-e_e00958,training-e,True,D1,33.714278,False,False,clean,,False,False
D1_training-e_e00959,training-e,True,D1,35.797685,False,False,clean,,False,False
D1_training-e_e00960,training-e,True,D1,17.893748,False,False,clean,,False,False
D1_training-e_e00961,training-e,True,D1,28.955966,False,False,clean,,False,False
D1_training-e_e00962,training-e,True,D1,31.921402,False,False,clean,,False,False
D1_training-e_e00963,training-e,False,D1,35.195038,False,False,clean,,False,True
D1_training-e_e00964,training-e,True,D1,28.603483,False,False,clean,,False,False
D1_training-e_e00965,training-e,True,D1,34.832415,False,False,clean,,False,False
D1_training-e_e00966,training-e,True,D1,31.457976,False,False,clean,,False,False
D1_training-e_e00967,training-e,True,D1,27.466804,False,False,clean,,False,False
D1_training-e_e00968,training-e,True,D1,28.065332,False,False,clean,,False,False
D1_training-e_e00969,training-e,False,D1,28.018244,True,True,noisy,baseline_drift,True,True
D1_training-e_e00970,training-e,True,D1,30.860663,False,False,clean,,False,False
D1_training-e_e00971,training-e,True,D1,20.830528,False,False,clean,,False,False
D1_training-e_e00972,training-e,True,D1,25.6287,False,False,clean,,False,False
D1_training-e_e00973,training-e,True,D1,27.098602,False,False,clean,,False,False
D1_training-e_e00974,training-e,True,D1,27.026246,False,False,clean,,False,False
D1_training-e_e00975,training-e,True,D1,30.046411,False,False,clean,,False,False
D1_training-e_e00976,training-e,True,D1,32.81153,False,False,clean,,False,False
D1_training-e_e00977,training-e,True,D1,32.233529,False,False,clean,,False,False
D1_training-e_e00978,training-e,True,D1,26.208713,False,False,clean,,False,False
D1_training-e_e00979,training-e,True,D1,32.916886,False,False,clean,,False,False
D1_training-e_e00980,training-e,True,D1,24.868634,False,False,clean,,False,False
D1_training-e_e00981,training-e,True,D1,37.741913,False,False,clean,,False,False
D1_training-e_e00982,training-e,True,D1,30.768954,False,False,clean,,False,False
D1_training-e_e00983,training-e,True,D1,35.600956,False,False,clean,,False,False
D1_training-e_e00984,training-e,True,D1,35.570057,False,False,clean,,False,False
D1_training-e_e00985,training-e,True,D1,26.30728,False,False,clean,,False,False
D1_training-e_e00986,training-e,True,D1,27.580399,False,False,clean,,False,False
D1_training-e_e00987,training-e,True,D1,22.689537,False,False,clean,,False,False
D1_training-e_e00988,training-e,True,D1,19.138695,False,False,clean,,False,False
D1_training-e_e00989,training-e,False,D1,43.110799,True,True,noisy,baseline_drift,True,True
D1_training-e_e00990,training-e,False,D1,25.814132,False,False,clean,,False,True
D1_training-e_e00991,training-e,True,D1,29.468611,False,False,clean,,False,False
D1_training-e_e00992,training-e,True,D1,26.140151,False,False,clean,,False,False
D1_training-e_e00993,training-e,False,D1,43.788856,True,True,noisy,baseline_drift,True,True
D1_training-e_e00994,training-e,True,D1,34.432927,False,False,clean,,False,False
D1_training-e_e00995,training-e,True,D1,18.056523,False,False,clean,,False,False
D1_training-e_e00996,training-e,True,D1,24.616084,False,False,clean,,False,False
D1_training-e_e00997,training-e,True,D1,29.111473,False,False,clean,,False,False
D1_training-e_e00998,training-e,True,D1,22.168648,False,False,clean,,False,False
D1_training-e_e00999,training-e,True,D1,27.290688,False,False,clean,,False,False
D1_training-e_e01000,training-e,True,D1,35.443281,False,False,clean,,False,False
D1_training-e_e01001,training-e,False,D1,24.887587,False,False,clean,,False,True
D1_training-e_e01002,training-e,True,D1,19.995592,False,False,clean,,False,False
D1_training-e_e01003,training-e,True,D1,36.031465,False,False,clean,,False,False
D1_training-e_e01004,training-e,False,D1,43.558217,True,True,noisy,baseline_drift,True,True
D1_training-e_e01005,training-e,True,D1,28.117439,False,False,clean,,False,False
D1_training-e_e01006,training-e,True,D1,25.305916,False,False,clean,,False,False
D1_training-e_e01007,training-e,True,D1,34.070581,False,False,clean,,False,False
D1_training-e_e01008,training-e,True,D1,34.69812,False,False,clean,,False,False
D1_training-e_e01009,training-e,True,D1,30.989298,False,False,clean,,False,False
D1_training-e_e01010,training-e,True,D1,44.112183,False,False,clean,,False,False
D1_training-e_e01011,training-e,True,D1,44.462354,False,False,clean,,False,False
D1_training-e_e01012,training-e,True,D1,35.784184,False,False,clean,,False,False
D1_training-e_e01013,training-e,True,D1,30.435713,False,False,clean,,False,False
D1_training-e_e01014,training-e,False,D1,33.653359,False,False,clean,,False,True
D1_training-e_e01015,training-e,True,D1,29.584469,False,False,clean,,False,False
D1_training-e_e01016,training-e,True,D1,26.428129,False,False,clean,,False,False
D1_training-e_e01017,training-e,True,D1,18.466461,False,False,clean,,False,False
D1_training-e_e01018,training-e,False,D1,43.537875,True,True,noisy,baseline_drift,True,True
D1_training-e_e01019,training-e,True,D1,44.239531,False,False,clean,,False,False
D1_training-e_e01020,training-e,True,D1,32.938385,False,False,clean,,False,False
D1_training-e_e01021,training-e,True,D1,39.572946,False,False,clean,,False,False
D1_training-e_e01022,training-e,True,D1,34.179026,False,False,clean,,False,False
D1_training-e_e01023,training-e,True,D1,33.344217,False,False,clean,,False,False
D1_training-e_e01024,training-e,True,D1,32.01257,False,False,clean,,False,False
D1_training-e_e01025,training-e,True,D1,38.868928,False,False,clean,,False,False
D1_training-e_e01026,training-e,True,D1,23.387363,False,False,clean,,False,False
D1_training-e_e01027,training-e,False,D1,33.738699,True,True,noisy,baseline_drift,True,True
D1_training-e_e01028,training-e,False,D1,40.452235,True,True,noisy,baseline_drift,True,True
D1_training-e_e01029,training-e,False,D1,43.596723,True,True,noisy,baseline_drift,True,True
D1_training-e_e01030,training-e,True,D1,35.283309,False,False,clean,,False,False
D1_training-e_e01031,training-e,True,D1,29.878366,False,False,clean,,False,False
D1_training-e_e01032,training-e,True,D1,37.409367,False,False,clean,,False,False
D1_training-e_e01033,training-e,True,D1,18.231102,False,False,clean,,False,False
D1_training-e_e01034,training-e,True,D1,37.011328,False,False,clean,,False,False
D1_training-e_e01035,training-e,True,D1,33.104351,False,False,clean,,False,False
D1_training-e_e01036,training-e,True,D1,36.448095,False,False,clean,,False,False
D1_training-e_e01037,training-e,True,D1,36.839401,False,False,clean,,False,False
D1_training-e_e01038,training-e,True,D1,32.201016,False,False,clean,,False,False
D1_training-e_e01039,training-e,True,D1,32.500846,False,False,clean,,False,False
D1_training-e_e01040,training-e,True,D1,31.546809,False,False,clean,,False,False
D1_training-e_e01041,training-e,True,D1,30.021841,False,False,clean,,False,False
D1_training-e_e01042,training-e,True,D1,31.496176,False,False,clean,,False,False
D1_training-e_e01043,training-e,True,D1,40.189541,False,False,clean,,False,False
D1_training-e_e01044,training-e,True,D1,35.474685,False,False,clean,,False,False
D1_training-e_e01045,training-e,True,D1,35.098664,False,False,clean,,False,False
D1_training-e_e01046,training-e,True,D1,37.829315,False,False,clean,,False,False
D1_training-e_e01047,training-e,True,D1,27.064046,False,False,clean,,False,False
D1_training-e_e01048,training-e,True,D1,39.278075,False,False,clean,,False,False
D1_training-e_e01049,training-e,True,D1,34.555368,False,False,clean,,False,False
D1_training-e_e01050,training-e,True,D1,32.403676,False,False,clean,,False,False
D1_training-e_e01051,training-e,True,D1,20.856971,False,False,clean,,False,False
D1_training-e_e01052,training-e,True,D1,29.594913,False,False,clean,,False,False
D1_training-e_e01053,training-e,True,D1,36.46831,False,False,clean,,False,False
D1_training-e_e01054,training-e,True,D1,28.737782,False,False,clean,,False,False
D1_training-e_e01055,training-e,True,D1,37.478192,False,False,clean,,False,False
D1_training-e_e01056,training-e,True,D1,37.862457,False,False,clean,,False,False
D1_training-e_e01057,training-e,True,D1,33.0144,False,False,clean,,False,False
D1_training-e_e01058,training-e,True,D1,31.095078,False,False,clean,,False,False
D1_training-e_e01059,training-e,True,D1,32.850902,False,False,clean,,False,False
D1_training-e_e01060,training-e,True,D1,34.597384,False,False,clean,,False,False
D1_training-e_e01061,training-e,True,D1,28.574067,False,False,clean,,False,False
D1_training-e_e01062,training-e,True,D1,22.676068,False,False,clean,,False,False
D1_training-e_e01063,training-e,True,D1,36.058906,False,False,clean,,False,False
D1_training-e_e01064,training-e,True,D1,29.360983,False,False,clean,,False,False
D1_training-e_e01065,training-e,True,D1,34.917828,False,False,clean,,False,False
D1_training-e_e01066,training-e,True,D1,29.85781,False,False,clean,,False,False
D1_training-e_e01067,training-e,True,D1,41.705196,False,False,clean,,False,False
D1_training-e_e01068,training-e,True,D1,18.977018,False,False,clean,,False,False
D1_training-e_e01069,training-e,True,D1,20.833255,False,True,low_quality_other,clipped,True,False
D1_training-e_e01070,training-e,True,D1,34.622268,False,False,clean,,False,False
D1_training-e_e01071,training-e,True,D1,29.10698,False,False,clean,,False,False
D1_training-e_e01072,training-e,True,D1,27.486292,False,False,clean,,False,False
D1_training-e_e01073,training-e,True,D1,33.850069,False,False,clean,,False,False
D1_training-e_e01074,training-e,True,D1,26.038189,False,False,clean,,False,False
D1_training-e_e01075,training-e,True,D1,31.182528,False,False,clean,,False,False
D1_training-e_e01076,training-e,True,D1,31.70085,False,False,clean,,False,False
D1_training-e_e01077,training-e,True,D1,32.340355,False,False,clean,,False,False
D1_training-e_e01078,training-e,False,D1,0.851392,True,True,noisy,low_snr,True,True
D1_training-e_e01079,training-e,True,D1,34.384656,False,False,clean,,False,False
D1_training-e_e01080,training-e,True,D1,30.689106,False,False,clean,,False,False
D1_training-e_e01081,training-e,True,D1,18.493455,False,False,clean,,False,False
D1_training-e_e01082,training-e,True,D1,36.10467,False,False,clean,,False,False
D1_training-e_e01083,training-e,True,D1,33.143001,False,False,clean,,False,False
D1_training-e_e01084,training-e,True,D1,13.690936,False,False,clean,,False,False
D1_training-e_e01085,training-e,True,D1,21.320754,False,False,clean,,False,False
D1_training-e_e01086,training-e,True,D1,24.769833,False,False,clean,,False,False
D1_training-e_e01087,training-e,True,D1,31.581839,False,False,clean,,False,False
D1_training-e_e01088,training-e,True,D1,29.062997,False,False,clean,,False,False
D1_training-e_e01089,training-e,True,D1,19.05832,False,False,clean,,False,False
D1_training-e_e01090,training-e,True,D1,28.050891,False,False,clean,,False,False
D1_training-e_e01091,training-e,True,D1,34.465493,False,False,clean,,False,False
D1_training-e_e01092,training-e,True,D1,35.224584,False,False,clean,,False,False
D1_training-e_e01093,training-e,True,D1,33.507563,False,False,clean,,False,False
D1_training-e_e01094,training-e,False,D1,0.23273,True,True,noisy,low_snr,True,True
D1_training-e_e01095,training-e,True,D1,30.963554,False,False,clean,,False,False
D1_training-e_e01096,training-e,True,D1,34.438039,False,False,clean,,False,False
D1_training-e_e01097,training-e,True,D1,29.252188,False,False,clean,,False,False
D1_training-e_e01098,training-e,True,D1,31.845963,False,False,clean,,False,False
D1_training-e_e01099,training-e,False,D1,26.280773,True,True,noisy,baseline_drift,True,True
D1_training-e_e01100,training-e,True,D1,39.553411,False,False,clean,,False,False
D1_training-e_e01101,training-e,False,D1,33.868897,True,True,noisy,baseline_drift,True,True
D1_training-e_e01102,training-e,True,D1,27.702723,False,False,clean,,False,False
D1_training-e_e01103,training-e,True,D1,35.323992,False,False,clean,,False,False
D1_training-e_e01104,training-e,True,D1,30.072892,False,False,clean,,False,False
D1_training-e_e01105,training-e,True,D1,29.273412,False,False,clean,,False,False
D1_training-e_e01106,training-e,True,D1,29.412597,False,False,clean,,False,False
D1_training-e_e01107,training-e,True,D1,40.736403,False,False,clean,,False,False
D1_training-e_e01108,training-e,True,D1,35.62293,False,False,clean,,False,False
D1_training-e_e01109,training-e,True,D1,32.372313,False,False,clean,,False,False
D1_training-e_e01110,training-e,True,D1,33.791637,False,False,clean,,False,False
D1_training-e_e01111,training-e,True,D1,33.808492,False,False,clean,,False,False
D1_training-e_e01112,training-e,True,D1,28.80624,False,False,clean,,False,False
D1_training-e_e01113,training-e,True,D1,33.127573,False,False,clean,,False,False
D1_training-e_e01114,training-e,True,D1,19.813522,False,False,clean,,False,False
D1_training-e_e01115,training-e,True,D1,26.961151,False,False,clean,,False,False
D1_training-e_e01116,training-e,True,D1,22.696237,False,False,clean,,False,False
D1_training-e_e01117,training-e,True,D1,29.403166,False,False,clean,,False,False
D1_training-e_e01118,training-e,True,D1,39.910276,False,False,clean,,False,False
D1_training-e_e01119,training-e,True,D1,34.647611,False,False,clean,,False,False
D1_training-e_e01120,training-e,True,D1,23.798912,False,False,clean,,False,False
D1_training-e_e01121,training-e,True,D1,26.602528,False,False,clean,,False,False
D1_training-e_e01122,training-e,False,D1,5.104578,True,True,noisy,baseline_drift,True,True
D1_training-e_e01123,training-e,True,D1,36.651539,False,False,clean,,False,False
D1_training-e_e01124,training-e,True,D1,28.333517,False,False,clean,,False,False
D1_training-e_e01125,training-e,True,D1,37.366005,False,False,clean,,False,False
D1_training-e_e01126,training-e,True,D1,23.59176,False,False,clean,,False,False
D1_training-e_e01127,training-e,True,D1,31.370666,False,False,clean,,False,False
D1_training-e_e01128,training-e,True,D1,30.359541,False,False,clean,,False,False
D1_training-e_e01129,training-e,True,D1,38.427346,False,False,clean,,False,False
D1_training-e_e01130,training-e,True,D1,33.346439,False,False,clean,,False,False
D1_training-e_e01131,training-e,False,D1,30.220382,False,False,clean,,False,True
D1_training-e_e01132,training-e,True,D1,27.088689,False,False,clean,,False,False
D1_training-e_e01133,training-e,True,D1,33.142082,False,False,clean,,False,False
D1_training-e_e01134,training-e,True,D1,31.362983,False,False,clean,,False,False
D1_training-e_e01135,training-e,True,D1,24.084881,False,False,clean,,False,False
D1_training-e_e01136,training-e,True,D1,46.744089,False,False,clean,,False,False
D1_training-e_e01137,training-e,True,D1,25.47039,False,False,clean,,False,False
D1_training-e_e01138,training-e,True,D1,31.176135,False,False,clean,,False,False
D1_training-e_e01139,training-e,True,D1,25.069576,False,False,clean,,False,False
D1_training-e_e01140,training-e,True,D1,26.28581,False,False,clean,,False,False
D1_training-e_e01141,training-e,True,D1,30.016619,False,False,clean,,False,False
D1_training-e_e01142,training-e,False,D1,42.730518,True,True,noisy,baseline_drift,True,True
D1_training-e_e01143,training-e,True,D1,33.190039,False,False,clean,,False,False
D1_training-e_e01144,training-e,True,D1,36.267105,False,False,clean,,False,False
D1_training-e_e01145,training-e,True,D1,31.275055,False,False,clean,,False,False
D1_training-e_e01146,training-e,True,D1,32.50471,False,False,clean,,False,False
D1_training-e_e01147,training-e,False,D1,7.155522,True,True,noisy,baseline_drift,True,True
D1_training-e_e01148,training-e,True,D1,37.127644,False,False,clean,,False,False
D1_training-e_e01149,training-e,True,D1,22.157113,False,False,clean,,False,False
D1_training-e_e01150,training-e,True,D1,36.579562,False,False,clean,,False,False
D1_training-e_e01151,training-e,True,D1,33.122395,False,False,clean,,False,False
D1_training-e_e01152,training-e,True,D1,21.375553,False,False,clean,,False,False
D1_training-e_e01153,training-e,True,D1,33.645821,False,False,clean,,False,False
D1_training-e_e01154,training-e,False,D1,6.537021,True,True,noisy,baseline_drift,True,True
D1_training-e_e01155,training-e,True,D1,28.849573,False,False,clean,,False,False
D1_training-e_e01156,training-e,True,D1,26.770604,False,False,clean,,False,False
D1_training-e_e01157,training-e,True,D1,35.109213,False,False,clean,,False,False
D1_training-e_e01158,training-e,True,D1,26.136577,False,False,clean,,False,False
D1_training-e_e01159,training-e,True,D1,20.309541,False,False,clean,,False,False
D1_training-e_e01160,training-e,True,D1,27.681712,False,False,clean,,False,False
D1_training-e_e01161,training-e,True,D1,33.691128,False,False,clean,,False,False
D1_training-e_e01162,training-e,True,D1,32.55738,False,False,clean,,False,False
D1_training-e_e01163,training-e,True,D1,46.307443,False,False,clean,,False,False
D1_training-e_e01164,training-e,True,D1,37.847405,False,False,clean,,False,False
D1_training-e_e01165,training-e,True,D1,25.82323,False,False,clean,,False,False
D1_training-e_e01166,training-e,True,D1,29.410722,False,False,clean,,False,False
D1_training-e_e01167,training-e,True,D1,31.423667,False,False,clean,,False,False
D1_training-e_e01168,training-e,False,D1,39.462244,True,True,noisy,baseline_drift,True,True
D1_training-e_e01169,training-e,True,D1,25.900989,False,False,clean,,False,False
D1_training-e_e01170,training-e,True,D1,35.791358,False,False,clean,,False,False
D1_training-e_e01171,training-e,True,D1,27.224687,False,False,clean,,False,False
D1_training-e_e01172,training-e,True,D1,34.709478,False,False,clean,,False,False
D1_training-e_e01173,training-e,False,D1,43.102719,True,True,noisy,baseline_drift,True,True
D1_training-e_e01174,training-e,True,D1,27.458874,False,False,clean,,False,False
D1_training-e_e01175,training-e,True,D1,29.514533,False,False,clean,,False,False
D1_training-e_e01176,training-e,True,D1,30.112069,False,False,clean,,False,False
D1_training-e_e01177,training-e,True,D1,30.447059,False,False,clean,,False,False
D1_training-e_e01178,training-e,False,D1,19.812243,True,True,noisy,baseline_drift;clipped,True,True
D1_training-e_e01179,training-e,False,D1,38.391382,True,True,noisy,baseline_drift,True,True
D1_training-e_e01180,training-e,True,D1,37.553466,False,False,clean,,False,False
D1_training-e_e01181,training-e,True,D1,33.294936,False,False,clean,,False,False
D1_training-e_e01182,training-e,True,D1,25.590543,False,False,clean,,False,False
D1_training-e_e01183,training-e,True,D1,28.173261,False,False,clean,,False,False
D1_training-e_e01184,training-e,True,D1,28.393923,False,False,clean,,False,False
D1_training-e_e01185,training-e,True,D1,27.601923,False,False,clean,,False,False
D1_training-e_e01186,training-e,True,D1,36.190242,False,False,clean,,False,False
D1_training-e_e01187,training-e,True,D1,32.962965,False,False,clean,,False,False
D1_training-e_e01188,training-e,True,D1,36.192715,False,False,clean,,False,False
D1_training-e_e01189,training-e,True,D1,32.041211,False,False,clean,,False,False
D1_training-e_e01190,training-e,True,D1,24.923514,False,False,clean,,False,False
D1_training-e_e01191,training-e,True,D1,28.235529,False,False,clean,,False,False
D1_training-e_e01192,training-e,True,D1,24.243483,False,False,clean,,False,False
D1_training-e_e01193,training-e,True,D1,29.55341,False,False,clean,,False,False
D1_training-e_e01194,training-e,True,D1,26.704192,False,False,clean,,False,False
D1_training-e_e01195,training-e,True,D1,26.5082,False,False,clean,,False,False
D1_training-e_e01196,training-e,True,D1,28.577491,False,False,clean,,False,False
D1_training-e_e01197,training-e,True,D1,37.654184,False,False,clean,,False,False
D1_training-e_e01198,training-e,True,D1,32.557766,False,False,clean,,False,False
D1_training-e_e01199,training-e,True,D1,33.545766,False,False,clean,,False,False
D1_training-e_e01200,training-e,True,D1,31.315362,False,False,clean,,False,False
D1_training-e_e01201,training-e,True,D1,30.069992,False,False,clean,,False,False
D1_training-e_e01202,training-e,True,D1,32.295467,False,False,clean,,False,False
D1_training-e_e01203,training-e,True,D1,34.032497,False,False,clean,,False,False
D1_training-e_e01204,training-e,False,D1,28.387874,False,False,clean,,False,True
D1_training-e_e01205,training-e,True,D1,22.386039,False,False,clean,,False,False
D1_training-e_e01206,training-e,True,D1,25.359808,False,False,clean,,False,False
D1_training-e_e01207,training-e,True,D1,32.831083,False,False,clean,,False,False
D1_training-e_e01208,training-e,True,D1,28.847559,False,False,clean,,False,False
D1_training-e_e01209,training-e,True,D1,18.048874,False,False,clean,,False,False
D1_training-e_e01210,training-e,True,D1,39.930441,False,False,clean,,False,False
D1_training-e_e01211,training-e,True,D1,32.817302,False,False,clean,,False,False
D1_training-e_e01212,training-e,True,D1,36.316836,False,False,clean,,False,False
D1_training-e_e01213,training-e,True,D1,28.642521,False,False,clean,,False,False
D1_training-e_e01214,training-e,True,D1,34.980919,False,False,clean,,False,False
D1_training-e_e01215,training-e,True,D1,32.228743,False,False,clean,,False,False
D1_training-e_e01216,training-e,True,D1,39.24147,False,False,clean,,False,False
D1_training-e_e01217,training-e,True,D1,39.124297,False,False,clean,,False,False
D1_training-e_e01218,training-e,False,D1,22.01669,False,False,clean,,False,True
D1_training-e_e01219,training-e,True,D1,28.49633,False,False,clean,,False,False
D1_training-e_e01220,training-e,True,D1,27.311847,False,False,clean,,False,False
D1_training-e_e01221,training-e,True,D1,31.315974,False,False,clean,,False,False
D1_training-e_e01222,training-e,True,D1,42.540308,False,False,clean,,False,False
D1_training-e_e01223,training-e,True,D1,32.627724,False,False,clean,,False,False
D1_training-e_e01224,training-e,True,D1,32.71014,False,False,clean,,False,False
D1_training-e_e01225,training-e,True,D1,34.413967,False,False,clean,,False,False
D1_training-e_e01226,training-e,True,D1,30.583573,False,False,clean,,False,False
D1_training-e_e01227,training-e,True,D1,27.60461,False,False,clean,,False,False
D1_training-e_e01228,training-e,True,D1,36.574617,False,False,clean,,False,False
D1_training-e_e01229,training-e,True,D1,21.095499,False,False,clean,,False,False
D1_training-e_e01230,training-e,True,D1,26.500008,False,False,clean,,False,False
D1_training-e_e01231,training-e,True,D1,24.251029,False,False,clean,,False,False
D1_training-e_e01232,training-e,True,D1,33.030221,False,False,clean,,False,False
D1_training-e_e01233,training-e,True,D1,30.356863,False,False,clean,,False,False
D1_training-e_e01234,training-e,True,D1,43.253234,False,False,clean,,False,False
D1_training-e_e01235,training-e,False,D1,41.410495,True,True,noisy,baseline_drift,True,True
D1_training-e_e01236,training-e,True,D1,32.900971,False,False,clean,,False,False
D1_training-e_e01237,training-e,False,D1,25.806197,False,False,clean,,False,True
D1_training-e_e01238,training-e,True,D1,25.92856,False,False,clean,,False,False
D1_training-e_e01239,training-e,True,D1,30.745681,False,False,clean,,False,False
D1_training-e_e01240,training-e,True,D1,22.447533,False,False,clean,,False,False
D1_training-e_e01241,training-e,True,D1,25.442698,False,False,clean,,False,False
D1_training-e_e01242,training-e,False,D1,41.437512,False,True,low_quality_other,clipped,True,True
D1_training-e_e01243,training-e,True,D1,30.588336,False,False,clean,,False,False
D1_training-e_e01244,training-e,True,D1,25.570151,False,False,clean,,False,False
D1_training-e_e01245,training-e,True,D1,30.749903,False,False,clean,,False,False
D1_training-e_e01246,training-e,True,D1,22.455858,False,False,clean,,False,False
D1_training-e_e01247,training-e,True,D1,28.167289,False,False,clean,,False,False
D1_training-e_e01248,training-e,True,D1,30.90759,False,False,clean,,False,False
D1_training-e_e01249,training-e,False,D1,28.181552,False,False,clean,,False,True
D1_training-e_e01250,training-e,True,D1,25.4384,False,False,clean,,False,False
D1_training-e_e01251,training-e,True,D1,23.703904,False,False,clean,,False,False
D1_training-e_e01252,training-e,True,D1,25.281575,False,False,clean,,False,False
D1_training-e_e01253,training-e,True,D1,28.980686,False,False,clean,,False,False
D1_training-e_e01254,training-e,True,D1,37.086943,False,False,clean,,False,False
D1_training-e_e01255,training-e,True,D1,36.998682,False,False,clean,,False,False
D1_training-e_e01256,training-e,True,D1,22.735547,False,False,clean,,False,False
D1_training-e_e01257,training-e,True,D1,31.928447,False,False,clean,,False,False
D1_training-e_e01258,training-e,True,D1,25.454241,False,False,clean,,False,False
D1_training-e_e01259,training-e,True,D1,25.947957,False,False,clean,,False,False
D1_training-e_e01260,training-e,True,D1,37.406526,False,False,clean,,False,False
D1_training-e_e01261,training-e,True,D1,23.222898,False,False,clean,,False,False
D1_training-e_e01262,training-e,True,D1,36.447708,False,False,clean,,False,False
D1_training-e_e01263,training-e,True,D1,27.46832,False,False,clean,,False,False
D1_training-e_e01264,training-e,True,D1,19.57192,False,False,clean,,False,False
D1_training-e_e01265,training-e,True,D1,23.159467,False,False,clean,,False,False
D1_training-e_e01266,training-e,True,D1,29.068755,False,False,clean,,False,False
D1_training-e_e01267,training-e,True,D1,28.421374,False,False,clean,,False,False
D1_training-e_e01268,training-e,False,D1,33.480473,True,True,noisy,baseline_drift,True,True
D1_training-e_e01269,training-e,True,D1,30.822916,False,False,clean,,False,False
D1_training-e_e01270,training-e,True,D1,28.229911,False,False,clean,,False,False
D1_training-e_e01271,training-e,True,D1,19.231765,False,False,clean,,False,False
D1_training-e_e01272,training-e,True,D1,27.434038,False,False,clean,,False,False
D1_training-e_e01273,training-e,True,D1,33.409001,False,False,clean,,False,False
D1_training-e_e01274,training-e,True,D1,18.787326,False,False,clean,,False,False
D1_training-e_e01275,training-e,True,D1,34.33176,False,False,clean,,False,False
D1_training-e_e01276,training-e,True,D1,39.106479,False,False,clean,,False,False
D1_training-e_e01277,training-e,True,D1,22.896984,False,False,clean,,False,False
D1_training-e_e01278,training-e,False,D1,44.444068,True,True,noisy,baseline_drift,True,True
D1_training-e_e01279,training-e,False,D1,36.161779,False,False,clean,,False,True
D1_training-e_e01280,training-e,False,D1,24.872983,False,False,clean,,False,True
D1_training-e_e01281,training-e,True,D1,36.187424,False,False,clean,,False,False
D1_training-e_e01282,training-e,True,D1,32.698778,False,False,clean,,False,False
D1_training-e_e01283,training-e,True,D1,35.63735,False,False,clean,,False,False
D1_training-e_e01284,training-e,True,D1,31.097506,False,False,clean,,False,False
D1_training-e_e01285,training-e,False,D1,0.251384,True,True,noisy,low_snr;baseline_drift,True,True
D1_training-e_e01286,training-e,True,D1,34.767144,False,False,clean,,False,False
D1_training-e_e01287,training-e,True,D1,39.408904,False,False,clean,,False,False
D1_training-e_e01288,training-e,True,D1,32.4698,False,False,clean,,False,False
D1_training-e_e01289,training-e,True,D1,34.582071,False,False,clean,,False,False
D1_training-e_e01290,training-e,True,D1,27.683432,False,False,clean,,False,False
D1_training-e_e01291,training-e,True,D1,28.359163,False,False,clean,,False,False
D1_training-e_e01292,training-e,True,D1,34.13816,False,False,clean,,False,False
D1_training-e_e01293,training-e,True,D1,33.374557,False,False,clean,,False,False
D1_training-e_e01294,training-e,True,D1,33.256494,False,False,clean,,False,False
D1_training-e_e01295,training-e,True,D1,31.168773,False,False,clean,,False,False
D1_training-e_e01296,training-e,True,D1,26.697498,False,False,clean,,False,False
D1_training-e_e01297,training-e,True,D1,27.387503,False,False,clean,,False,False
D1_training-e_e01298,training-e,False,D1,27.967154,False,False,clean,,False,True
D1_training-e_e01299,training-e,True,D1,27.180753,False,False,clean,,False,False
D1_training-e_e01300,training-e,True,D1,23.796579,False,False,clean,,False,False
D1_training-e_e01301,training-e,True,D1,32.804795,False,False,clean,,False,False
D1_training-e_e01302,training-e,True,D1,18.552837,False,False,clean,,False,False
D1_training-e_e01303,training-e,True,D1,29.89956,False,False,clean,,False,False
D1_training-e_e01304,training-e,True,D1,25.320418,False,False,clean,,False,False
D1_training-e_e01305,training-e,True,D1,39.420881,False,False,clean,,False,False
D1_training-e_e01306,training-e,True,D1,33.674389,False,False,clean,,False,False
D1_training-e_e01307,training-e,False,D1,32.797341,False,False,clean,,False,True
D1_training-e_e01308,training-e,True,D1,29.910559,False,False,clean,,False,False
D1_training-e_e01309,training-e,True,D1,29.045136,False,False,clean,,False,False
D1_training-e_e01310,training-e,True,D1,28.72528,False,False,clean,,False,False
D1_training-e_e01311,training-e,True,D1,30.871317,False,False,clean,,False,False
D1_training-e_e01312,training-e,True,D1,35.031823,False,False,clean,,False,False
D1_training-e_e01313,training-e,False,D1,42.896222,True,True,noisy,baseline_drift,True,True
D1_training-e_e01314,training-e,True,D1,36.028006,False,False,clean,,False,False
D1_training-e_e01315,training-e,True,D1,35.829269,False,False,clean,,False,False
D1_training-e_e01316,training-e,True,D1,34.292644,False,False,clean,,False,False
D1_training-e_e01317,training-e,True,D1,32.373103,False,False,clean,,False,False
D1_training-e_e01318,training-e,True,D1,34.700254,False,False,clean,,False,False
D1_training-e_e01319,training-e,True,D1,32.203895,False,False,clean,,False,False
D1_training-e_e01320,training-e,True,D1,33.906245,False,False,clean,,False,False
D1_training-e_e01321,training-e,True,D1,46.200649,False,False,clean,,False,False
D1_training-e_e01322,training-e,False,D1,7.605368,True,True,noisy,baseline_drift,True,True
D1_training-e_e01323,training-e,True,D1,31.456839,False,False,clean,,False,False
D1_training-e_e01324,training-e,True,D1,36.23194,False,False,clean,,False,False
D1_training-e_e01325,training-e,True,D1,31.446822,False,False,clean,,False,False
D1_training-e_e01326,training-e,True,D1,29.354501,False,False,clean,,False,False
D1_training-e_e01327,training-e,True,D1,30.858582,False,False,clean,,False,False
D1_training-e_e01328,training-e,True,D1,23.980662,False,False,clean,,False,False
D1_training-e_e01329,training-e,True,D1,29.246849,False,False,clean,,False,False
D1_training-e_e01330,training-e,True,D1,45.543518,False,False,clean,,False,False
D1_training-e_e01331,training-e,True,D1,28.452378,False,False,clean,,False,False
D1_training-e_e01332,training-e,True,D1,37.755049,False,False,clean,,False,False
D1_training-e_e01333,training-e,True,D1,19.441291,False,False,clean,,False,False
D1_training-e_e01334,training-e,True,D1,36.804811,False,False,clean,,False,False
D1_training-e_e01335,training-e,True,D1,18.778011,False,False,clean,,False,False
D1_training-e_e01336,training-e,True,D1,33.156033,False,False,clean,,False,False
D1_training-e_e01337,training-e,True,D1,37.887657,False,False,clean,,False,False
D1_training-e_e01338,training-e,False,D1,42.182598,True,True,noisy,baseline_drift,True,True
D1_training-e_e01339,training-e,True,D1,43.952496,False,False,clean,,False,False
D1_training-e_e01340,training-e,True,D1,30.981593,False,False,clean,,False,False
D1_training-e_e01341,training-e,True,D1,31.338107,False,False,clean,,False,False
D1_training-e_e01342,training-e,True,D1,33.851131,False,False,clean,,False,False
D1_training-e_e01343,training-e,True,D1,23.160367,False,False,clean,,False,False
D1_training-e_e01344,training-e,True,D1,23.04641,False,False,clean,,False,False
D1_training-e_e01345,training-e,True,D1,34.767598,False,False,clean,,False,False
D1_training-e_e01346,training-e,True,D1,31.652148,False,False,clean,,False,False
D1_training-e_e01347,training-e,True,D1,27.890181,False,False,clean,,False,False
D1_training-e_e01348,training-e,True,D1,34.850992,False,False,clean,,False,False
D1_training-e_e01349,training-e,True,D1,35.97612,False,False,clean,,False,False
D1_training-e_e01350,training-e,False,D1,39.51794,True,True,noisy,baseline_drift,True,True
D1_training-e_e01351,training-e,True,D1,26.05182,False,False,clean,,False,False
D1_training-e_e01352,training-e,True,D1,28.480222,False,False,clean,,False,False
D1_training-e_e01353,training-e,True,D1,28.216277,False,False,clean,,False,False
D1_training-e_e01354,training-e,True,D1,31.013559,False,False,clean,,False,False
D1_training-e_e01355,training-e,True,D1,33.58189,False,False,clean,,False,False
D1_training-e_e01356,training-e,True,D1,32.2119,False,False,clean,,False,False
D1_training-e_e01357,training-e,True,D1,28.271498,False,False,clean,,False,False
D1_training-e_e01358,training-e,True,D1,29.854558,False,True,low_quality_other,clipped,True,False
D1_training-e_e01359,training-e,True,D1,26.41605,False,False,clean,,False,False
D1_training-e_e01360,training-e,True,D1,29.024836,False,False,clean,,False,False
D1_training-e_e01361,training-e,True,D1,34.09004,False,False,clean,,False,False
D1_training-e_e01362,training-e,True,D1,26.942705,False,False,clean,,False,False
D1_training-e_e01363,training-e,True,D1,44.339311,False,False,clean,,False,False
D1_training-e_e01364,training-e,True,D1,36.139551,False,False,clean,,False,False
D1_training-e_e01365,training-e,False,D1,36.758704,False,False,clean,,False,True
D1_training-e_e01366,training-e,True,D1,29.678299,False,False,clean,,False,False
D1_training-e_e01367,training-e,True,D1,30.767403,False,False,clean,,False,False
D1_training-e_e01368,training-e,True,D1,24.631388,False,False,clean,,False,False
D1_training-e_e01369,training-e,True,D1,31.384048,False,False,clean,,False,False
D1_training-e_e01370,training-e,True,D1,34.207552,False,False,clean,,False,False
D1_training-e_e01371,training-e,True,D1,32.821351,False,False,clean,,False,False
D1_training-e_e01372,training-e,False,D1,0.636243,True,True,noisy,low_snr;baseline_drift,True,True
D1_training-e_e01373,training-e,True,D1,33.169833,False,False,clean,,False,False
D1_training-e_e01374,training-e,True,D1,31.832964,False,False,clean,,False,False
D1_training-e_e01375,training-e,True,D1,27.704406,False,False,clean,,False,False
D1_training-e_e01376,training-e,True,D1,31.072036,False,False,clean,,False,False
D1_training-e_e01377,training-e,True,D1,34.590024,False,False,clean,,False,False
D1_training-e_e01378,training-e,True,D1,17.329094,False,False,clean,,False,False
D1_training-e_e01379,training-e,True,D1,42.047314,False,False,clean,,False,False
D1_training-e_e01380,training-e,True,D1,32.070333,False,False,clean,,False,False
D1_training-e_e01381,training-e,True,D1,25.592238,False,False,clean,,False,False
D1_training-e_e01382,training-e,True,D1,35.897772,False,False,clean,,False,False
D1_training-e_e01383,training-e,True,D1,27.146851,False,False,clean,,False,False
D1_training-e_e01384,training-e,True,D1,32.814915,False,True,low_quality_other,clipped,True,False
D1_training-e_e01385,training-e,True,D1,35.550574,False,False,clean,,False,False
D1_training-e_e01386,training-e,True,D1,48.779522,False,False,clean,,False,False
D1_training-e_e01387,training-e,True,D1,40.23776,False,False,clean,,False,False
D1_training-e_e01388,training-e,True,D1,33.86603,False,False,clean,,False,False
D1_training-e_e01389,training-e,False,D1,43.681606,True,True,noisy,baseline_drift,True,True
D1_training-e_e01390,training-e,True,D1,37.601302,False,False,clean,,False,False
D1_training-e_e01391,training-e,True,D1,37.130399,False,False,clean,,False,False
D1_training-e_e01392,training-e,True,D1,25.035407,False,False,clean,,False,False
D1_training-e_e01393,training-e,True,D1,38.930827,False,False,clean,,False,False
D1_training-e_e01394,training-e,True,D1,31.765567,False,False,clean,,False,False
D1_training-e_e01395,training-e,True,D1,32.513909,False,False,clean,,False,False
D1_training-e_e01396,training-e,True,D1,41.073412,False,False,clean,,False,False
D1_training-e_e01397,training-e,True,D1,33.955159,False,False,clean,,False,False
D1_training-e_e01398,training-e,False,D1,7.047929,True,True,noisy,baseline_drift,True,True
D1_training-e_e01399,training-e,True,D1,24.389579,False,False,clean,,False,False
D1_training-e_e01400,training-e,True,D1,21.383717,False,False,clean,,False,False
D1_training-e_e01401,training-e,True,D1,25.106684,False,False,clean,,False,False
D1_training-e_e01402,training-e,True,D1,32.049575,False,False,clean,,False,False
D1_training-e_e01403,training-e,True,D1,29.651783,False,False,clean,,False,False
D1_training-e_e01404,training-e,True,D1,31.518791,False,False,clean,,False,False
D1_training-e_e01405,training-e,True,D1,39.033782,False,False,clean,,False,False
D1_training-e_e01406,training-e,False,D1,25.41673,False,False,clean,,False,True
D1_training-e_e01407,training-e,True,D1,40.031731,False,False,clean,,False,False
D1_training-e_e01408,training-e,True,D1,28.438071,False,False,clean,,False,False
D1_training-e_e01409,training-e,True,D1,32.733089,False,False,clean,,False,False
D1_training-e_e01410,training-e,True,D1,26.606964,False,False,clean,,False,False
D1_training-e_e01411,training-e,True,D1,29.278075,False,False,clean,,False,False
D1_training-e_e01412,training-e,True,D1,19.903076,False,False,clean,,False,False
D1_training-e_e01413,training-e,True,D1,29.591698,False,False,clean,,False,False
D1_training-e_e01414,training-e,True,D1,35.185567,False,False,clean,,False,False
D1_training-e_e01415,training-e,True,D1,32.064256,False,False,clean,,False,False
D1_training-e_e01416,training-e,True,D1,27.539914,False,False,clean,,False,False
D1_training-e_e01417,training-e,True,D1,33.500751,False,False,clean,,False,False
D1_training-e_e01418,training-e,True,D1,28.185568,False,False,clean,,False,False
D1_training-e_e01419,training-e,True,D1,25.42836,False,False,clean,,False,False
D1_training-e_e01420,training-e,True,D1,34.702642,False,False,clean,,False,False
D1_training-e_e01421,training-e,True,D1,31.23749,False,False,clean,,False,False
D1_training-e_e01422,training-e,True,D1,30.538044,False,False,clean,,False,False
D1_training-e_e01423,training-e,True,D1,32.55138,False,False,clean,,False,False
D1_training-e_e01424,training-e,True,D1,33.966131,False,False,clean,,False,False
D1_training-e_e01425,training-e,True,D1,35.281106,False,False,clean,,False,False
D1_training-e_e01426,training-e,True,D1,30.566904,False,False,clean,,False,False
D1_training-e_e01427,training-e,True,D1,28.534003,False,False,clean,,False,False
D1_training-e_e01428,training-e,True,D1,39.13863,False,False,clean,,False,False
D1_training-e_e01429,training-e,True,D1,34.022085,False,False,clean,,False,False
D1_training-e_e01430,training-e,True,D1,38.518981,False,False,clean,,False,False
D1_training-e_e01431,training-e,True,D1,26.479527,False,False,clean,,False,False
D1_training-e_e01432,training-e,False,D1,28.510338,True,True,noisy,baseline_drift,True,True
D1_training-e_e01433,training-e,True,D1,32.773842,False,False,clean,,False,False
D1_training-e_e01434,training-e,True,D1,40.065616,False,False,clean,,False,False
D1_training-e_e01435,training-e,True,D1,35.172406,False,False,clean,,False,False
D1_training-e_e01436,training-e,True,D1,33.747755,False,False,clean,,False,False
D1_training-e_e01437,training-e,True,D1,24.982418,False,False,clean,,False,False
D1_training-e_e01438,training-e,True,D1,34.49074,False,False,clean,,False,False
D1_training-e_e01439,training-e,True,D1,27.667334,False,False,clean,,False,False
D1_training-e_e01440,training-e,True,D1,23.667269,False,False,clean,,False,False
D1_training-e_e01441,training-e,False,D1,43.100285,True,True,noisy,baseline_drift,True,True
D1_training-e_e01442,training-e,False,D1,43.908027,True,True,noisy,baseline_drift,True,True
D1_training-e_e01443,training-e,False,D1,28.99538,True,True,noisy,baseline_drift,True,True
D1_training-e_e01444,training-e,True,D1,35.719874,False,False,clean,,False,False
D1_training-e_e01445,training-e,True,D1,39.211987,False,False,clean,,False,False
D1_training-e_e01446,training-e,True,D1,25.114029,False,False,clean,,False,False
D1_training-e_e01447,training-e,True,D1,32.625983,False,False,clean,,False,False
D1_training-e_e01448,training-e,True,D1,35.01823,False,False,clean,,False,False
D1_training-e_e01449,training-e,True,D1,50.820194,False,False,clean,,False,False
D1_training-e_e01450,training-e,True,D1,33.606161,False,False,clean,,False,False
D1_training-e_e01451,training-e,True,D1,35.766392,False,False,clean,,False,False
D1_training-e_e01452,training-e,True,D1,26.191416,False,False,clean,,False,False
D1_training-e_e01453,training-e,False,D1,42.509361,True,True,noisy,baseline_drift,True,True
D1_training-e_e01454,training-e,True,D1,19.503767,False,False,clean,,False,False
D1_training-e_e01455,training-e,True,D1,35.890597,False,False,clean,,False,False
D1_training-e_e01456,training-e,False,D1,42.785236,True,True,noisy,baseline_drift,True,True
D1_training-e_e01457,training-e,True,D1,22.340368,False,False,clean,,False,False
D1_training-e_e01458,training-e,True,D1,33.603533,False,False,clean,,False,False
D1_training-e_e01459,training-e,True,D1,26.019798,False,False,clean,,False,False
D1_training-e_e01460,training-e,True,D1,35.511933,False,False,clean,,False,False
D1_training-e_e01461,training-e,True,D1,27.788009,False,False,clean,,False,False
D1_training-e_e01462,training-e,True,D1,39.148483,False,False,clean,,False,False
D1_training-e_e01463,training-e,True,D1,35.017457,False,False,clean,,False,False
D1_training-e_e01464,training-e,True,D1,35.694004,False,False,clean,,False,False
D1_training-e_e01465,training-e,True,D1,29.320892,False,False,clean,,False,False
D1_training-e_e01466,training-e,True,D1,34.183973,False,False,clean,,False,False
D1_training-e_e01467,training-e,True,D1,28.14951,False,False,clean,,False,False
D1_training-e_e01468,training-e,True,D1,21.025426,False,False,clean,,False,False
D1_training-e_e01469,training-e,True,D1,32.993241,False,False,clean,,False,False
D1_training-e_e01470,training-e,True,D1,25.380827,False,False,clean,,False,False
D1_training-e_e01471,training-e,False,D1,4.686511,True,True,noisy,low_snr;baseline_drift,True,True
D1_training-e_e01472,training-e,True,D1,32.45909,False,False,clean,,False,False
D1_training-e_e01473,training-e,True,D1,28.17401,False,False,clean,,False,False
D1_training-e_e01474,training-e,True,D1,39.080859,False,False,clean,,False,False
D1_training-e_e01475,training-e,True,D1,31.549886,False,False,clean,,False,False
D1_training-e_e01476,training-e,True,D1,21.888035,False,False,clean,,False,False
D1_training-e_e01477,training-e,True,D1,31.572378,False,False,clean,,False,False
D1_training-e_e01478,training-e,True,D1,22.183085,False,False,clean,,False,False
D1_training-e_e01479,training-e,True,D1,36.617321,False,False,clean,,False,False
D1_training-e_e01480,training-e,True,D1,37.740669,False,False,clean,,False,False
D1_training-e_e01481,training-e,True,D1,29.254841,False,False,clean,,False,False
D1_training-e_e01482,training-e,False,D1,0.51277,True,True,noisy,low_snr,True,True
D1_training-e_e01483,training-e,False,D1,32.289031,False,False,clean,,False,True
D1_training-e_e01484,training-e,True,D1,27.770758,False,False,clean,,False,False
D1_training-e_e01485,training-e,True,D1,30.264673,False,False,clean,,False,False
D1_training-e_e01486,training-e,True,D1,17.572489,False,False,clean,,False,False
D1_training-e_e01487,training-e,True,D1,24.404864,False,False,clean,,False,False
D1_training-e_e01488,training-e,True,D1,30.00598,False,False,clean,,False,False
D1_training-e_e01489,training-e,True,D1,27.460644,False,False,clean,,False,False
D1_training-e_e01490,training-e,False,D1,39.457413,True,True,noisy,baseline_drift,True,True
D1_training-e_e01491,training-e,True,D1,26.122644,False,False,clean,,False,False
D1_training-e_e01492,training-e,True,D1,33.355455,False,False,clean,,False,False
D1_training-e_e01493,training-e,True,D1,35.206044,False,False,clean,,False,False
D1_training-e_e01494,training-e,True,D1,29.248863,False,False,clean,,False,False
D1_training-e_e01495,training-e,True,D1,29.501888,False,False,clean,,False,False
D1_training-e_e01496,training-e,True,D1,33.045576,False,False,clean,,False,False
D1_training-e_e01497,training-e,True,D1,35.217269,False,False,clean,,False,False
D1_training-e_e01498,training-e,True,D1,28.653488,False,False,clean,,False,False
D1_training-e_e01499,training-e,False,D1,25.823178,False,False,clean,,False,True
D1_training-e_e01500,training-e,True,D1,35.734982,False,False,clean,,False,False
D1_training-e_e01501,training-e,True,D1,24.077191,False,False,clean,,False,False
D1_training-e_e01502,training-e,False,D1,28.918042,False,False,clean,,False,True
D1_training-e_e01503,training-e,True,D1,26.544533,False,False,clean,,False,False
D1_training-e_e01504,training-e,True,D1,26.560838,False,False,clean,,False,False
D1_training-e_e01505,training-e,True,D1,39.446458,False,False,clean,,False,False
D1_training-e_e01506,training-e,True,D1,31.85946,False,False,clean,,False,False
D1_training-e_e01507,training-e,True,D1,33.691427,False,False,clean,,False,False
D1_training-e_e01508,training-e,True,D1,25.042282,False,False,clean,,False,False
D1_training-e_e01509,training-e,True,D1,34.805801,False,False,clean,,False,False
D1_training-e_e01510,training-e,True,D1,21.21281,False,False,clean,,False,False
D1_training-e_e01511,training-e,True,D1,26.171586,False,False,clean,,False,False
D1_training-e_e01512,training-e,True,D1,18.874657,False,False,clean,,False,False
D1_training-e_e01513,training-e,True,D1,26.716475,False,False,clean,,False,False
D1_training-e_e01514,training-e,True,D1,33.505493,False,False,clean,,False,False
D1_training-e_e01515,training-e,True,D1,21.361957,False,False,clean,,False,False
D1_training-e_e01516,training-e,True,D1,33.611443,False,False,clean,,False,False
D1_training-e_e01517,training-e,True,D1,39.468112,False,False,clean,,False,False
D1_training-e_e01518,training-e,True,D1,29.239475,False,False,clean,,False,False
D1_training-e_e01519,training-e,False,D1,35.932682,True,True,noisy,baseline_drift,True,True
D1_training-e_e01520,training-e,True,D1,28.995683,False,False,clean,,False,False
D1_training-e_e01521,training-e,True,D1,36.617632,False,False,clean,,False,False
D1_training-e_e01522,training-e,True,D1,30.999846,False,False,clean,,False,False
D1_training-e_e01523,training-e,True,D1,23.736207,False,False,clean,,False,False
D1_training-e_e01524,training-e,True,D1,32.061561,False,False,clean,,False,False
D1_training-e_e01525,training-e,True,D1,28.672176,False,False,clean,,False,False
D1_training-e_e01526,training-e,True,D1,45.142715,False,False,clean,,False,False
D1_training-e_e01527,training-e,True,D1,44.177692,False,False,clean,,False,False
D1_training-e_e01528,training-e,True,D1,36.579413,False,False,clean,,False,False
D1_training-e_e01529,training-e,False,D1,32.830296,False,False,clean,,False,True
D1_training-e_e01530,training-e,True,D1,24.810057,False,False,clean,,False,False
D1_training-e_e01531,training-e,True,D1,34.321955,False,False,clean,,False,False
D1_training-e_e01532,training-e,True,D1,27.388024,False,False,clean,,False,False
D1_training-e_e01533,training-e,True,D1,37.051188,False,False,clean,,False,False
D1_training-e_e01534,training-e,True,D1,27.59234,False,False,clean,,False,False
D1_training-e_e01535,training-e,True,D1,42.911128,False,False,clean,,False,False
D1_training-e_e01536,training-e,True,D1,40.639302,False,False,clean,,False,False
D1_training-e_e01537,training-e,True,D1,27.758849,False,False,clean,,False,False
D1_training-e_e01538,training-e,True,D1,25.568154,False,False,clean,,False,False
D1_training-e_e01539,training-e,True,D1,29.115808,False,False,clean,,False,False
D1_training-e_e01540,training-e,True,D1,25.184733,False,False,clean,,False,False
D1_training-e_e01541,training-e,True,D1,31.985628,False,False,clean,,False,False
D1_training-e_e01542,training-e,True,D1,22.690265,False,False,clean,,False,False
D1_training-e_e01543,training-e,True,D1,33.535065,False,False,clean,,False,False
D1_training-e_e01544,training-e,True,D1,33.463364,False,False,clean,,False,False
D1_training-e_e01545,training-e,True,D1,29.278006,False,False,clean,,False,False
D1_training-e_e01546,training-e,True,D1,40.39833,False,False,clean,,False,False
D1_training-e_e01547,training-e,True,D1,32.861638,False,False,clean,,False,False
D1_training-e_e01548,training-e,True,D1,30.605113,False,False,clean,,False,False
D1_training-e_e01549,training-e,True,D1,33.936934,False,False,clean,,False,False
D1_training-e_e01550,training-e,False,D1,35.82174,True,True,noisy,baseline_drift,True,True
D1_training-e_e01551,training-e,True,D1,34.740126,False,False,clean,,False,False
D1_training-e_e01552,training-e,True,D1,34.26561,False,False,clean,,False,False
D1_training-e_e01553,training-e,True,D1,30.81003,False,False,clean,,False,False
D1_training-e_e01554,training-e,True,D1,37.472516,False,False,clean,,False,False
D1_training-e_e01555,training-e,True,D1,35.541734,False,False,clean,,False,False
D1_training-e_e01556,training-e,True,D1,32.614643,False,False,clean,,False,False
D1_training-e_e01557,training-e,True,D1,15.699797,False,False,clean,,False,False
D1_training-e_e01558,training-e,True,D1,19.461747,False,False,clean,,False,False
D1_training-e_e01559,training-e,True,D1,29.403425,False,False,clean,,False,False
D1_training-e_e01560,training-e,True,D1,33.63071,False,False,clean,,False,False
D1_training-e_e01561,training-e,True,D1,43.838804,False,False,clean,,False,False
D1_training-e_e01562,training-e,True,D1,33.148593,False,True,low_quality_other,clipped,True,False
D1_training-e_e01563,training-e,True,D1,36.388869,False,False,clean,,False,False
D1_training-e_e01564,training-e,True,D1,28.618428,False,False,clean,,False,False
D1_training-e_e01565,training-e,True,D1,28.405876,False,False,clean,,False,False
D1_training-e_e01566,training-e,True,D1,34.809762,False,False,clean,,False,False
D1_training-e_e01567,training-e,False,D1,26.53401,True,True,noisy,baseline_drift,True,True
D1_training-e_e01568,training-e,False,D1,28.945506,False,False,clean,,False,True
D1_training-e_e01569,training-e,True,D1,29.394156,False,False,clean,,False,False
D1_training-e_e01570,training-e,True,D1,22.853172,False,False,clean,,False,False
D1_training-e_e01571,training-e,True,D1,17.718431,False,False,clean,,False,False
D1_training-e_e01572,training-e,True,D1,28.627872,False,False,clean,,False,False
D1_training-e_e01573,training-e,True,D1,22.876652,False,False,clean,,False,False
D1_training-e_e01574,training-e,True,D1,24.889264,False,False,clean,,False,False
D1_training-e_e01575,training-e,True,D1,19.353509,False,False,clean,,False,False
D1_training-e_e01576,training-e,True,D1,33.477068,False,False,clean,,False,False
D1_training-e_e01577,training-e,True,D1,41.039023,False,False,clean,,False,False
D1_training-e_e01578,training-e,True,D1,28.060071,False,False,clean,,False,False
D1_training-e_e01579,training-e,True,D1,35.574182,False,False,clean,,False,False
D1_training-e_e01580,training-e,True,D1,26.581759,False,False,clean,,False,False
D1_training-e_e01581,training-e,True,D1,30.5215,False,False,clean,,False,False
D1_training-e_e01582,training-e,False,D1,43.174574,True,True,noisy,baseline_drift,True,True
D1_training-e_e01583,training-e,True,D1,26.142148,False,False,clean,,False,False
D1_training-e_e01584,training-e,True,D1,37.406892,False,False,clean,,False,False
D1_training-e_e01585,training-e,True,D1,33.180739,False,False,clean,,False,False
D1_training-e_e01586,training-e,True,D1,28.983582,False,False,clean,,False,False
D1_training-e_e01587,training-e,True,D1,28.493026,False,False,clean,,False,False
D1_training-e_e01588,training-e,True,D1,22.571092,False,False,clean,,False,False
D1_training-e_e01589,training-e,True,D1,32.236765,False,False,clean,,False,False
D1_training-e_e01590,training-e,True,D1,44.674089,False,False,clean,,False,False
D1_training-e_e01591,training-e,True,D1,30.567178,False,False,clean,,False,False
D1_training-e_e01592,training-e,True,D1,32.586142,False,False,clean,,False,False
D1_training-e_e01593,training-e,True,D1,44.126519,False,False,clean,,False,False
D1_training-e_e01594,training-e,True,D1,30.294325,False,False,clean,,False,False
D1_training-e_e01595,training-e,True,D1,43.922615,False,False,clean,,False,False
D1_training-e_e01596,training-e,True,D1,26.028124,False,False,clean,,False,False
D1_training-e_e01597,training-e,True,D1,35.471682,False,False,clean,,False,False
D1_training-e_e01598,training-e,True,D1,20.466416,False,False,clean,,False,False
D1_training-e_e01599,training-e,True,D1,20.065275,False,False,clean,,False,False
D1_training-e_e01600,training-e,True,D1,28.225073,False,False,clean,,False,False
D1_training-e_e01601,training-e,True,D1,21.455971,False,False,clean,,False,False
D1_training-e_e01602,training-e,True,D1,20.996222,False,False,clean,,False,False
D1_training-e_e01603,training-e,True,D1,45.722318,False,False,clean,,False,False
D1_training-e_e01604,training-e,True,D1,35.620485,False,False,clean,,False,False
D1_training-e_e01605,training-e,True,D1,27.955528,False,False,clean,,False,False
D1_training-e_e01606,training-e,True,D1,18.228437,False,False,clean,,False,False
D1_training-e_e01607,training-e,True,D1,30.67237,False,False,clean,,False,False
D1_training-e_e01608,training-e,True,D1,35.310686,False,False,clean,,False,False
D1_training-e_e01609,training-e,True,D1,23.248898,False,False,clean,,False,False
D1_training-e_e01610,training-e,True,D1,35.827715,False,False,clean,,False,False
D1_training-e_e01611,training-e,True,D1,29.853288,False,False,clean,,False,False
D1_training-e_e01612,training-e,True,D1,36.101749,False,False,clean,,False,False
D1_training-e_e01613,training-e,True,D1,32.993631,False,False,clean,,False,False
D1_training-e_e01614,training-e,True,D1,38.377866,False,False,clean,,False,False
D1_training-e_e01615,training-e,True,D1,24.134384,False,False,clean,,False,False
D1_training-e_e01616,training-e,True,D1,33.003768,False,False,clean,,False,False
D1_training-e_e01617,training-e,True,D1,39.040631,False,False,clean,,False,False
D1_training-e_e01618,training-e,True,D1,41.867753,False,False,clean,,False,False
D1_training-e_e01619,training-e,True,D1,22.604823,False,False,clean,,False,False
D1_training-e_e01620,training-e,True,D1,30.955684,False,False,clean,,False,False
D1_training-e_e01621,training-e,True,D1,25.265168,False,False,clean,,False,False
D1_training-e_e01622,training-e,True,D1,28.100979,False,False,clean,,False,False
D1_training-e_e01623,training-e,True,D1,25.850087,False,False,clean,,False,False
D1_training-e_e01624,training-e,True,D1,25.075471,False,False,clean,,False,False
D1_training-e_e01625,training-e,True,D1,31.051801,False,False,clean,,False,False
D1_training-e_e01626,training-e,True,D1,26.628768,False,False,clean,,False,False
D1_training-e_e01627,training-e,True,D1,24.020613,False,False,clean,,False,False
D1_training-e_e01628,training-e,True,D1,29.448015,False,False,clean,,False,False
D1_training-e_e01629,training-e,True,D1,33.075972,False,False,clean,,False,False
D1_training-e_e01630,training-e,True,D1,19.206368,False,False,clean,,False,False
D1_training-e_e01631,training-e,True,D1,30.20435,False,False,clean,,False,False
D1_training-e_e01632,training-e,True,D1,31.95671,False,False,clean,,False,False
D1_training-e_e01633,training-e,True,D1,27.537187,False,False,clean,,False,False
D1_training-e_e01634,training-e,True,D1,34.064601,False,False,clean,,False,False
D1_training-e_e01635,training-e,True,D1,22.298753,False,False,clean,,False,False
D1_training-e_e01636,training-e,True,D1,32.473452,False,False,clean,,False,False
D1_training-e_e01637,training-e,False,D1,28.693623,False,False,clean,,False,True
D1_training-e_e01638,training-e,True,D1,32.884194,False,False,clean,,False,False
D1_training-e_e01639,training-e,True,D1,28.44479,False,False,clean,,False,False
D1_training-e_e01640,training-e,True,D1,33.501008,False,False,clean,,False,False
D1_training-e_e01641,training-e,False,D1,24.290204,False,False,clean,,False,True
D1_training-e_e01642,training-e,True,D1,23.751295,False,False,clean,,False,False
D1_training-e_e01643,training-e,True,D1,32.699493,False,False,clean,,False,False
D1_training-e_e01644,training-e,True,D1,34.137644,False,False,clean,,False,False
D1_training-e_e01645,training-e,True,D1,37.416337,False,False,clean,,False,False
D1_training-e_e01646,training-e,True,D1,36.766229,False,False,clean,,False,False
D1_training-e_e01647,training-e,True,D1,30.127093,False,False,clean,,False,False
D1_training-e_e01648,training-e,True,D1,21.04661,False,False,clean,,False,False
D1_training-e_e01649,training-e,True,D1,29.34231,False,False,clean,,False,False
D1_training-e_e01650,training-e,True,D1,29.62917,False,False,clean,,False,False
D1_training-e_e01651,training-e,True,D1,26.090064,False,False,clean,,False,False
D1_training-e_e01652,training-e,True,D1,35.009106,False,False,clean,,False,False
D1_training-e_e01653,training-e,True,D1,36.569618,False,False,clean,,False,False
D1_training-e_e01654,training-e,True,D1,22.970291,False,False,clean,,False,False
D1_training-e_e01655,training-e,True,D1,23.520103,False,False,clean,,False,False
D1_training-e_e01656,training-e,True,D1,28.432391,False,False,clean,,False,False
D1_training-e_e01657,training-e,True,D1,26.278378,False,False,clean,,False,False
D1_training-e_e01658,training-e,True,D1,15.760701,False,False,clean,,False,False
D1_training-e_e01659,training-e,True,D1,34.060344,False,False,clean,,False,False
D1_training-e_e01660,training-e,True,D1,20.997318,False,False,clean,,False,False
D1_training-e_e01661,training-e,True,D1,34.828464,False,False,clean,,False,False
D1_training-e_e01662,training-e,True,D1,22.461351,False,False,clean,,False,False
D1_training-e_e01663,training-e,True,D1,25.860912,False,False,clean,,False,False
D1_training-e_e01664,training-e,True,D1,42.190773,False,False,clean,,False,False
D1_training-e_e01665,training-e,True,D1,26.260212,False,False,clean,,False,False
D1_training-e_e01666,training-e,True,D1,32.183349,False,False,clean,,False,False
D1_training-e_e01667,training-e,True,D1,25.509775,False,False,clean,,False,False
D1_training-e_e01668,training-e,True,D1,25.923915,False,False,clean,,False,False
D1_training-e_e01669,training-e,True,D1,28.289036,False,False,clean,,False,False
D1_training-e_e01670,training-e,True,D1,34.191569,False,False,clean,,False,False
D1_training-e_e01671,training-e,True,D1,21.467922,False,False,clean,,False,False
D1_training-e_e01672,training-e,True,D1,39.659449,False,False,clean,,False,False
D1_training-e_e01673,training-e,True,D1,36.688176,False,False,clean,,False,False
D1_training-e_e01674,training-e,True,D1,18.501323,False,False,clean,,False,False
D1_training-e_e01675,training-e,True,D1,33.97613,False,False,clean,,False,False
D1_training-e_e01676,training-e,True,D1,31.956944,False,False,clean,,False,False
D1_training-e_e01677,training-e,True,D1,21.837314,False,False,clean,,False,False
D1_training-e_e01678,training-e,True,D1,15.415868,False,False,clean,,False,False
D1_training-e_e01679,training-e,True,D1,36.149551,False,False,clean,,False,False
D1_training-e_e01680,training-e,True,D1,29.438315,False,False,clean,,False,False
D1_training-e_e01681,training-e,True,D1,35.716952,False,False,clean,,False,False
D1_training-e_e01682,training-e,True,D1,39.496926,False,False,clean,,False,False
D1_training-e_e01683,training-e,True,D1,39.529049,False,False,clean,,False,False
D1_training-e_e01684,training-e,False,D1,24.899574,False,False,clean,,False,True
D1_training-e_e01685,training-e,True,D1,28.425235,False,False,clean,,False,False
D1_training-e_e01686,training-e,True,D1,22.288867,False,False,clean,,False,False
D1_training-e_e01687,training-e,True,D1,35.260317,False,False,clean,,False,False
D1_training-e_e01688,training-e,True,D1,35.216223,False,False,clean,,False,False
D1_training-e_e01689,training-e,True,D1,36.962901,False,False,clean,,False,False
D1_training-e_e01690,training-e,True,D1,32.151071,False,False,clean,,False,False
D1_training-e_e01691,training-e,True,D1,25.319356,False,False,clean,,False,False
D1_training-e_e01692,training-e,True,D1,32.440631,False,False,clean,,False,False
D1_training-e_e01693,training-e,True,D1,29.051375,False,False,clean,,False,False
D1_training-e_e01694,training-e,True,D1,33.725973,False,False,clean,,False,False
D1_training-e_e01695,training-e,True,D1,35.217348,False,False,clean,,False,False
D1_training-e_e01696,training-e,True,D1,31.0344,False,False,clean,,False,False
D1_training-e_e01697,training-e,True,D1,34.968145,False,False,clean,,False,False
D1_training-e_e01698,training-e,True,D1,36.544589,False,False,clean,,False,False
D1_training-e_e01699,training-e,True,D1,34.614344,False,False,clean,,False,False
D1_training-e_e01700,training-e,True,D1,22.968923,False,False,clean,,False,False
D1_training-e_e01701,training-e,True,D1,28.489137,False,False,clean,,False,False
D1_training-e_e01702,training-e,True,D1,22.796739,False,False,clean,,False,False
D1_training-e_e01703,training-e,True,D1,45.541942,False,False,clean,,False,False
D1_training-e_e01704,training-e,True,D1,32.971154,False,False,clean,,False,False
D1_training-e_e01705,training-e,True,D1,33.643248,False,False,clean,,False,False
D1_training-e_e01706,training-e,True,D1,26.870814,False,False,clean,,False,False
D1_training-e_e01707,training-e,True,D1,31.162187,False,False,clean,,False,False
D1_training-e_e01708,training-e,True,D1,27.671942,False,False,clean,,False,False
D1_training-e_e01709,training-e,True,D1,42.059481,False,False,clean,,False,False
D1_training-e_e01710,training-e,True,D1,34.02138,False,False,clean,,False,False
D1_training-e_e01711,training-e,True,D1,32.375279,False,False,clean,,False,False
D1_training-e_e01712,training-e,True,D1,19.57099,False,False,clean,,False,False
D1_training-e_e01713,training-e,True,D1,19.162402,False,False,clean,,False,False
D1_training-e_e01714,training-e,True,D1,31.711157,False,False,clean,,False,False
D1_training-e_e01715,training-e,True,D1,33.065304,False,False,clean,,False,False
D1_training-e_e01716,training-e,True,D1,32.75814,False,False,clean,,False,False
D1_training-e_e01717,training-e,True,D1,45.548212,False,False,clean,,False,False
D1_training-e_e01718,training-e,True,D1,32.053129,False,False,clean,,False,False
D1_training-e_e01719,training-e,True,D1,33.487154,False,False,clean,,False,False
D1_training-e_e01720,training-e,True,D1,38.80139,False,False,clean,,False,False
D1_training-e_e01721,training-e,True,D1,26.499293,False,False,clean,,False,False
D1_training-e_e01722,training-e,True,D1,29.895714,False,False,clean,,False,False
D1_training-e_e01723,training-e,True,D1,34.324209,False,False,clean,,False,False
D1_training-e_e01724,training-e,True,D1,30.549398,False,False,clean,,False,False
D1_training-e_e01725,training-e,True,D1,26.006851,False,False,clean,,False,False
D1_training-e_e01726,training-e,True,D1,34.933836,False,False,clean,,False,False
D1_training-e_e01727,training-e,True,D1,22.976885,False,False,clean,,False,False
D1_training-e_e01728,training-e,True,D1,23.479541,False,False,clean,,False,False
D1_training-e_e01729,training-e,True,D1,44.301871,False,False,clean,,False,False
D1_training-e_e01730,training-e,True,D1,25.417285,False,False,clean,,False,False
D1_training-e_e01731,training-e,True,D1,50.782229,False,False,clean,,False,False
D1_training-e_e01732,training-e,False,D1,27.227596,False,False,clean,,False,True
D1_training-e_e01733,training-e,True,D1,22.287485,False,False,clean,,False,False
D1_training-e_e01734,training-e,True,D1,25.332607,False,False,clean,,False,False
D1_training-e_e01735,training-e,True,D1,28.088722,False,False,clean,,False,False
D1_training-e_e01736,training-e,True,D1,31.002378,False,False,clean,,False,False
D1_training-e_e01737,training-e,True,D1,24.99509,False,False,clean,,False,False
D1_training-e_e01738,training-e,True,D1,36.12302,False,False,clean,,False,False
D1_training-e_e01739,training-e,True,D1,37.182162,False,False,clean,,False,False
D1_training-e_e01740,training-e,True,D1,31.797532,False,False,clean,,False,False
D1_training-e_e01741,training-e,True,D1,34.04862,False,False,clean,,False,False
D1_training-e_e01742,training-e,True,D1,27.051075,False,False,clean,,False,False
D1_training-e_e01743,training-e,True,D1,28.2062,False,False,clean,,False,False
D1_training-e_e01744,training-e,True,D1,25.233224,False,False,clean,,False,False
D1_training-e_e01745,training-e,False,D1,43.254427,True,True,noisy,baseline_drift,True,True
D1_training-e_e01746,training-e,True,D1,26.613072,False,False,clean,,False,False
D1_training-e_e01747,training-e,True,D1,34.84349,False,False,clean,,False,False
D1_training-e_e01748,training-e,True,D1,25.574488,False,False,clean,,False,False
D1_training-e_e01749,training-e,True,D1,25.343352,False,False,clean,,False,False
D1_training-e_e01750,training-e,True,D1,21.536646,False,False,clean,,False,False
D1_training-e_e01751,training-e,True,D1,43.812809,False,False,clean,,False,False
D1_training-e_e01752,training-e,True,D1,28.9711,False,False,clean,,False,False
D1_training-e_e01753,training-e,True,D1,34.563094,False,False,clean,,False,False
D1_training-e_e01754,training-e,True,D1,27.473861,False,False,clean,,False,False
D1_training-e_e01755,training-e,True,D1,25.368215,False,False,clean,,False,False
D1_training-e_e01756,training-e,True,D1,32.644208,False,False,clean,,False,False
D1_training-e_e01757,training-e,True,D1,35.468819,False,False,clean,,False,False
D1_training-e_e01758,training-e,False,D1,20.040111,True,True,noisy,baseline_drift,True,True
D1_training-e_e01759,training-e,True,D1,28.678721,False,False,clean,,False,False
D1_training-e_e01760,training-e,True,D1,25.427947,False,False,clean,,False,False
D1_training-e_e01761,training-e,True,D1,33.883849,False,False,clean,,False,False
D1_training-e_e01762,training-e,True,D1,21.268342,False,False,clean,,False,False
D1_training-e_e01763,training-e,True,D1,30.267645,False,False,clean,,False,False
D1_training-e_e01764,training-e,True,D1,32.186831,False,False,clean,,False,False
D1_training-e_e01765,training-e,True,D1,25.664694,False,False,clean,,False,False
D1_training-e_e01766,training-e,True,D1,23.207396,False,False,clean,,False,False
D1_training-e_e01767,training-e,True,D1,25.978353,False,False,clean,,False,False
D1_training-e_e01768,training-e,True,D1,24.798613,False,False,clean,,False,False
D1_training-e_e01769,training-e,False,D1,42.427751,True,True,noisy,baseline_drift,True,True
D1_training-e_e01770,training-e,True,D1,40.196077,False,False,clean,,False,False
D1_training-e_e01771,training-e,True,D1,34.191525,False,False,clean,,False,False
D1_training-e_e01772,training-e,True,D1,28.635738,False,False,clean,,False,False
D1_training-e_e01773,training-e,True,D1,24.183073,False,False,clean,,False,False
D1_training-e_e01774,training-e,True,D1,27.382248,False,False,clean,,False,False
D1_training-e_e01775,training-e,True,D1,33.03081,False,False,clean,,False,False
D1_training-e_e01776,training-e,True,D1,31.038955,False,False,clean,,False,False
D1_training-e_e01777,training-e,True,D1,23.173537,False,False,clean,,False,False
D1_training-e_e01778,training-e,True,D1,16.332947,False,False,clean,,False,False
D1_training-e_e01779,training-e,True,D1,33.213476,False,False,clean,,False,False
D1_training-e_e01780,training-e,True,D1,22.758745,False,False,clean,,False,False
D1_training-e_e01781,training-e,True,D1,31.251288,False,False,clean,,False,False
D1_training-e_e01782,training-e,True,D1,29.701473,False,False,clean,,False,False
D1_training-e_e01783,training-e,True,D1,18.837181,False,False,clean,,False,False
D1_training-e_e01784,training-e,True,D1,22.649933,False,True,low_quality_other,clipped,True,False
D1_training-e_e01785,training-e,True,D1,31.117681,False,False,clean,,False,False
D1_training-e_e01786,training-e,True,D1,28.70013,False,False,clean,,False,False
D1_training-e_e01787,training-e,True,D1,27.368668,False,False,clean,,False,False
D1_training-e_e01788,training-e,False,D1,35.763365,True,True,noisy,baseline_drift,True,True
D1_training-e_e01789,training-e,True,D1,26.544633,False,False,clean,,False,False
D1_training-e_e01790,training-e,True,D1,35.904507,False,False,clean,,False,False
D1_training-e_e01791,training-e,True,D1,25.94595,False,False,clean,,False,False
D1_training-e_e01792,training-e,True,D1,31.585083,False,False,clean,,False,False
D1_training-e_e01793,training-e,True,D1,28.537308,False,False,clean,,False,False
D1_training-e_e01794,training-e,False,D1,28.818348,True,True,noisy,baseline_drift,True,True
D1_training-e_e01795,training-e,True,D1,33.389591,False,False,clean,,False,False
D1_training-e_e01796,training-e,True,D1,31.686116,False,False,clean,,False,False
D1_training-e_e01797,training-e,False,D1,16.062527,True,True,noisy,baseline_drift,True,True
D1_training-e_e01798,training-e,True,D1,28.413156,False,False,clean,,False,False
D1_training-e_e01799,training-e,True,D1,40.646291,False,False,clean,,False,False
D1_training-e_e01800,training-e,True,D1,34.801296,False,False,clean,,False,False
D1_training-e_e01801,training-e,True,D1,32.752542,False,False,clean,,False,False
D1_training-e_e01802,training-e,True,D1,22.232546,False,False,clean,,False,False
D1_training-e_e01803,training-e,True,D1,39.501788,False,False,clean,,False,False
D1_training-e_e01804,training-e,True,D1,25.913771,False,False,clean,,False,False
D1_training-e_e01805,training-e,True,D1,31.167838,False,False,clean,,False,False
D1_training-e_e01806,training-e,True,D1,34.412617,False,False,clean,,False,False
D1_training-e_e01807,training-e,True,D1,35.709161,False,False,clean,,False,False
D1_training-e_e01808,training-e,True,D1,32.149598,False,False,clean,,False,False
D1_training-e_e01809,training-e,True,D1,32.915864,False,False,clean,,False,False
D1_training-e_e01810,training-e,True,D1,19.392459,False,False,clean,,False,False
D1_training-e_e01811,training-e,True,D1,36.77448,False,False,clean,,False,False
D1_training-e_e01812,training-e,True,D1,26.986507,False,False,clean,,False,False
D1_training-e_e01813,training-e,True,D1,25.29677,False,False,clean,,False,False
D1_training-e_e01814,training-e,True,D1,34.94566,False,False,clean,,False,False
D1_training-e_e01815,training-e,True,D1,29.971738,False,False,clean,,False,False
D1_training-e_e01816,training-e,True,D1,22.396134,False,False,clean,,False,False
D1_training-e_e01817,training-e,True,D1,28.912706,False,False,clean,,False,False
D1_training-e_e01818,training-e,True,D1,32.145866,False,False,clean,,False,False
D1_training-e_e01819,training-e,True,D1,35.855508,False,False,clean,,False,False
D1_training-e_e01820,training-e,True,D1,36.198979,False,False,clean,,False,False
D1_training-e_e01821,training-e,True,D1,31.385877,False,False,clean,,False,False
D1_training-e_e01822,training-e,True,D1,32.981086,False,False,clean,,False,False
D1_training-e_e01823,training-e,True,D1,35.378378,False,False,clean,,False,False
D1_training-e_e01824,training-e,True,D1,29.889738,False,False,clean,,False,False
D1_training-e_e01825,training-e,True,D1,27.856781,False,False,clean,,False,False
D1_training-e_e01826,training-e,True,D1,23.305425,False,False,clean,,False,False
D1_training-e_e01827,training-e,True,D1,28.296801,False,False,clean,,False,False
D1_training-e_e01828,training-e,True,D1,34.225704,False,False,clean,,False,False
D1_training-e_e01829,training-e,True,D1,23.626011,False,False,clean,,False,False
D1_training-e_e01830,training-e,True,D1,31.44681,False,False,clean,,False,False
D1_training-e_e01831,training-e,True,D1,32.778645,False,False,clean,,False,False
D1_training-e_e01832,training-e,True,D1,29.154911,False,False,clean,,False,False
D1_training-e_e01833,training-e,True,D1,24.427208,False,False,clean,,False,False
D1_training-e_e01834,training-e,True,D1,23.899343,False,False,clean,,False,False
D1_training-e_e01835,training-e,True,D1,32.950879,False,False,clean,,False,False
D1_training-e_e01836,training-e,True,D1,24.864962,False,False,clean,,False,False
D1_training-e_e01837,training-e,True,D1,40.162688,False,False,clean,,False,False
D1_training-e_e01838,training-e,True,D1,15.488822,False,False,clean,,False,False
D1_training-e_e01839,training-e,True,D1,30.672021,False,False,clean,,False,False
D1_training-e_e01840,training-e,True,D1,21.024289,False,False,clean,,False,False
D1_training-e_e01841,training-e,True,D1,26.965303,False,False,clean,,False,False
D1_training-e_e01842,training-e,True,D1,34.380166,False,False,clean,,False,False
D1_training-e_e01843,training-e,True,D1,44.275526,False,False,clean,,False,False
D1_training-e_e01844,training-e,True,D1,18.665645,False,False,clean,,False,False
D1_training-e_e01845,training-e,True,D1,19.62757,False,False,clean,,False,False
D1_training-e_e01846,training-e,True,D1,22.362554,False,False,clean,,False,False
D1_training-e_e01847,training-e,True,D1,32.187455,False,False,clean,,False,False
D1_training-e_e01848,training-e,True,D1,34.312931,False,False,clean,,False,False
D1_training-e_e01849,training-e,True,D1,35.249817,False,False,clean,,False,False
D1_training-e_e01850,training-e,True,D1,23.644289,False,False,clean,,False,False
D1_training-e_e01851,training-e,True,D1,29.606468,False,False,clean,,False,False
D1_training-e_e01852,training-e,True,D1,31.701384,False,False,clean,,False,False
D1_training-e_e01853,training-e,True,D1,34.745009,False,False,clean,,False,False
D1_training-e_e01854,training-e,True,D1,28.41622,False,False,clean,,False,False
D1_training-e_e01855,training-e,True,D1,32.548794,False,False,clean,,False,False
D1_training-e_e01856,training-e,True,D1,41.693388,False,False,clean,,False,False
D1_training-e_e01857,training-e,True,D1,29.057991,False,False,clean,,False,False
D1_training-e_e01858,training-e,True,D1,28.286537,False,False,clean,,False,False
D1_training-e_e01859,training-e,True,D1,38.00044,False,False,clean,,False,False
D1_training-e_e01860,training-e,True,D1,26.939781,False,False,clean,,False,False
D1_training-e_e01861,training-e,True,D1,20.626058,False,False,clean,,False,False
D1_training-e_e01862,training-e,True,D1,33.975073,False,False,clean,,False,False
D1_training-e_e01863,training-e,True,D1,33.896911,False,False,clean,,False,False
D1_training-e_e01864,training-e,True,D1,44.642774,False,False,clean,,False,False
D1_training-e_e01865,training-e,True,D1,35.866988,False,False,clean,,False,False
D1_training-e_e01866,training-e,False,D1,0.423687,True,True,noisy,low_snr,True,True
D1_training-e_e01867,training-e,True,D1,27.210192,False,False,clean,,False,False
D1_training-e_e01868,training-e,False,D1,34.477154,True,True,noisy,baseline_drift,True,True
D1_training-e_e01869,training-e,True,D1,30.214315,False,False,clean,,False,False
D1_training-e_e01870,training-e,True,D1,18.154948,False,False,clean,,False,False
D1_training-e_e01871,training-e,True,D1,27.693988,False,False,clean,,False,False
D1_training-e_e01872,training-e,True,D1,32.541758,False,False,clean,,False,False
D1_training-e_e01873,training-e,True,D1,35.06851,False,False,clean,,False,False
D1_training-e_e01874,training-e,False,D1,1.387092,True,True,noisy,low_snr;baseline_drift,True,True
D1_training-e_e01875,training-e,True,D1,22.858441,False,False,clean,,False,False
D1_training-e_e01876,training-e,True,D1,24.49852,False,False,clean,,False,False
D1_training-e_e01877,training-e,True,D1,41.22367,False,False,clean,,False,False
D1_training-e_e01878,training-e,True,D1,36.05838,False,False,clean,,False,False
D1_training-e_e01879,training-e,True,D1,29.448619,False,False,clean,,False,False
D1_training-e_e01880,training-e,True,D1,32.206084,False,False,clean,,False,False
D1_training-e_e01881,training-e,True,D1,30.838253,False,False,clean,,False,False
D1_training-e_e01882,training-e,True,D1,25.431851,False,False,clean,,False,False
D1_training-e_e01883,training-e,True,D1,25.771679,False,False,clean,,False,False
D1_training-e_e01884,training-e,True,D1,43.770059,False,False,clean,,False,False
D1_training-e_e01885,training-e,True,D1,34.900959,False,False,clean,,False,False
D1_training-e_e01886,training-e,True,D1,28.476063,False,False,clean,,False,False
D1_training-e_e01887,training-e,True,D1,20.843947,False,False,clean,,False,False
D1_training-e_e01888,training-e,True,D1,20.790906,False,False,clean,,False,False
D1_training-e_e01889,training-e,True,D1,22.471231,False,False,clean,,False,False
D1_training-e_e01890,training-e,True,D1,34.022535,False,False,clean,,False,False
D1_training-e_e01891,training-e,True,D1,34.464746,False,False,clean,,False,False
D1_training-e_e01892,training-e,True,D1,31.553161,False,False,clean,,False,False
D1_training-e_e01893,training-e,True,D1,41.949151,False,False,clean,,False,False
D1_training-e_e01894,training-e,True,D1,40.188931,False,False,clean,,False,False
D1_training-e_e01895,training-e,True,D1,27.23838,False,False,clean,,False,False
D1_training-e_e01896,training-e,True,D1,39.754722,False,False,clean,,False,False
D1_training-e_e01897,training-e,True,D1,25.069506,False,False,clean,,False,False
D1_training-e_e01898,training-e,True,D1,26.845182,False,False,clean,,False,False
D1_training-e_e01899,training-e,True,D1,28.499484,False,False,clean,,False,False
D1_training-e_e01900,training-e,True,D1,38.871667,False,False,clean,,False,False
D1_training-e_e01901,training-e,True,D1,34.854498,False,False,clean,,False,False
D1_training-e_e01902,training-e,True,D1,23.56154,False,False,clean,,False,False
D1_training-e_e01903,training-e,True,D1,35.239457,False,False,clean,,False,False
D1_training-e_e01904,training-e,True,D1,39.251068,False,False,clean,,False,False
D1_training-e_e01905,training-e,True,D1,18.451698,False,False,clean,,False,False
D1_training-e_e01906,training-e,True,D1,29.449643,False,False,clean,,False,False
D1_training-e_e01907,training-e,True,D1,46.290804,False,False,clean,,False,False
D1_training-e_e01908,training-e,True,D1,29.108382,False,False,clean,,False,False
D1_training-e_e01909,training-e,True,D1,30.492947,False,False,clean,,False,False
D1_training-e_e01910,training-e,True,D1,27.792251,False,False,clean,,False,False
D1_training-e_e01911,training-e,True,D1,32.730781,False,False,clean,,False,False
D1_training-e_e01912,training-e,False,D1,27.30567,False,False,clean,,False,True
D1_training-e_e01913,training-e,True,D1,38.834241,False,False,clean,,False,False
D1_training-e_e01914,training-e,False,D1,33.202552,False,False,clean,,False,True
D1_training-e_e01915,training-e,True,D1,17.293408,False,False,clean,,False,False
D1_training-e_e01916,training-e,True,D1,31.257105,False,False,clean,,False,False
D1_training-e_e01917,training-e,True,D1,30.795178,False,False,clean,,False,False
D1_training-e_e01918,training-e,True,D1,32.928824,False,False,clean,,False,False
D1_training-e_e01919,training-e,True,D1,31.680982,False,False,clean,,False,False
D1_training-e_e01920,training-e,True,D1,23.888767,False,False,clean,,False,False
D1_training-e_e01921,training-e,True,D1,35.25168,False,False,clean,,False,False
D1_training-e_e01922,training-e,True,D1,34.185181,False,False,clean,,False,False
D1_training-e_e01923,training-e,False,D1,22.153462,True,True,noisy,baseline_drift;clipped,True,True
D1_training-e_e01924,training-e,True,D1,34.797615,False,False,clean,,False,False
D1_training-e_e01925,training-e,True,D1,32.582616,False,False,clean,,False,False
D1_training-e_e01926,training-e,True,D1,29.502162,False,False,clean,,False,False
D1_training-e_e01927,training-e,True,D1,29.657689,False,False,clean,,False,False
D1_training-e_e01928,training-e,True,D1,25.092048,False,False,clean,,False,False
D1_training-e_e01929,training-e,True,D1,28.597218,False,False,clean,,False,False
D1_training-e_e01930,training-e,True,D1,31.791462,False,False,clean,,False,False
D1_training-e_e01931,training-e,True,D1,34.396514,False,False,clean,,False,False
D1_training-e_e01932,training-e,True,D1,32.012114,False,False,clean,,False,False
D1_training-e_e01933,training-e,True,D1,24.993203,False,False,clean,,False,False
D1_training-e_e01934,training-e,True,D1,35.125871,False,False,clean,,False,False
D1_training-e_e01935,training-e,True,D1,34.968772,False,False,clean,,False,False
D1_training-e_e01936,training-e,True,D1,27.189235,False,False,clean,,False,False
D1_training-e_e01937,training-e,True,D1,32.658085,False,False,clean,,False,False
D1_training-e_e01938,training-e,True,D1,28.343619,False,False,clean,,False,False
D1_training-e_e01939,training-e,True,D1,30.955789,False,False,clean,,False,False
D1_training-e_e01940,training-e,True,D1,27.696206,False,False,clean,,False,False
D1_training-e_e01941,training-e,True,D1,28.722716,False,False,clean,,False,False
D1_training-e_e01942,training-e,True,D1,32.135036,False,False,clean,,False,False
D1_training-e_e01943,training-e,False,D1,43.116487,True,True,noisy,baseline_drift,True,True
D1_training-e_e01944,training-e,True,D1,27.222537,False,False,clean,,False,False
D1_training-e_e01945,training-e,True,D1,19.738272,False,False,clean,,False,False
D1_training-e_e01946,training-e,True,D1,29.429593,False,False,clean,,False,False
D1_training-e_e01947,training-e,True,D1,33.722445,False,False,clean,,False,False
D1_training-e_e01948,training-e,True,D1,29.215576,False,False,clean,,False,False
D1_training-e_e01949,training-e,True,D1,34.387741,False,False,clean,,False,False
D1_training-e_e01950,training-e,True,D1,30.709399,False,False,clean,,False,False
D1_training-e_e01951,training-e,True,D1,25.704778,False,False,clean,,False,False
D1_training-e_e01952,training-e,True,D1,31.955821,False,False,clean,,False,False
D1_training-e_e01953,training-e,True,D1,33.272885,False,False,clean,,False,False
D1_training-e_e01954,training-e,True,D1,29.423537,False,False,clean,,False,False
D1_training-e_e01955,training-e,True,D1,28.553448,False,False,clean,,False,False
D1_training-e_e01956,training-e,True,D1,34.906852,False,False,clean,,False,False
D1_training-e_e01957,training-e,True,D1,31.93179,False,False,clean,,False,False
D1_training-e_e01958,training-e,True,D1,22.93227,False,False,clean,,False,False
D1_training-e_e01959,training-e,True,D1,33.244175,False,False,clean,,False,False
D1_training-e_e01960,training-e,True,D1,35.409742,False,False,clean,,False,False
D1_training-e_e01961,training-e,True,D1,26.436214,False,False,clean,,False,False
D1_training-e_e01962,training-e,True,D1,23.73778,False,False,clean,,False,False
D1_training-e_e01963,training-e,True,D1,20.796348,False,False,clean,,False,False
D1_training-e_e01964,training-e,True,D1,22.514738,False,False,clean,,False,False
D1_training-e_e01965,training-e,False,D1,38.493415,True,True,noisy,baseline_drift,True,True
D1_training-e_e01966,training-e,True,D1,33.856087,False,False,clean,,False,False
D1_training-e_e01967,training-e,True,D1,30.615468,False,False,clean,,False,False
D1_training-e_e01968,training-e,True,D1,34.341949,False,False,clean,,False,False
D1_training-e_e01969,training-e,True,D1,26.925959,False,False,clean,,False,False
D1_training-e_e01970,training-e,False,D1,39.785634,True,True,noisy,baseline_drift,True,True
D1_training-e_e01971,training-e,True,D1,34.133718,False,False,clean,,False,False
D1_training-e_e01972,training-e,True,D1,34.995311,False,False,clean,,False,False
D1_training-e_e01973,training-e,True,D1,21.877849,False,False,clean,,False,False
D1_training-e_e01974,training-e,True,D1,34.326089,False,False,clean,,False,False
D1_training-e_e01975,training-e,True,D1,35.498901,False,False,clean,,False,False
D1_training-e_e01976,training-e,True,D1,34.566029,False,False,clean,,False,False
D1_training-e_e01977,training-e,True,D1,23.988981,False,False,clean,,False,False
D1_training-e_e01978,training-e,True,D1,30.764404,False,False,clean,,False,False
D1_training-e_e01979,training-e,True,D1,28.292299,False,False,clean,,False,False
D1_training-e_e01980,training-e,True,D1,28.264544,False,False,clean,,False,False
D1_training-e_e01981,training-e,True,D1,34.871191,False,False,clean,,False,False
D1_training-e_e01982,training-e,True,D1,28.710054,False,False,clean,,False,False
D1_training-e_e01983,training-e,True,D1,36.21977,False,False,clean,,False,False
D1_training-e_e01984,training-e,True,D1,35.203477,False,False,clean,,False,False
D1_training-e_e01985,training-e,False,D1,2.122314,True,True,noisy,low_snr;baseline_drift,True,True
D1_training-e_e01986,training-e,True,D1,28.969224,False,False,clean,,False,False
D1_training-e_e01987,training-e,True,D1,29.884518,False,False,clean,,False,False
D1_training-e_e01988,training-e,True,D1,33.52213,False,False,clean,,False,False
D1_training-e_e01989,training-e,True,D1,34.779842,False,False,clean,,False,False
D1_training-e_e01990,training-e,True,D1,32.087125,False,False,clean,,False,False
D1_training-e_e01991,training-e,False,D1,17.976037,True,True,noisy,baseline_drift,True,True
D1_training-e_e01992,training-e,False,D1,35.234365,False,False,clean,,False,True
D1_training-e_e01993,training-e,True,D1,24.983738,False,False,clean,,False,False
D1_training-e_e01994,training-e,True,D1,27.890477,False,False,clean,,False,False
D1_training-e_e01995,training-e,False,D1,30.379259,False,False,clean,,False,True
D1_training-e_e01996,training-e,True,D1,28.414393,False,False,clean,,False,False
D1_training-e_e01997,training-e,True,D1,29.53266,False,False,clean,,False,False
D1_training-e_e01998,training-e,True,D1,17.428757,False,False,clean,,False,False
D1_training-e_e01999,training-e,True,D1,33.324201,False,False,clean,,False,False
D1_training-e_e02000,training-e,True,D1,33.392665,False,False,clean,,False,False
D1_training-e_e02001,training-e,True,D1,35.647177,False,False,clean,,False,False
D1_training-e_e02002,training-e,True,D1,32.404004,False,False,clean,,False,False
D1_training-e_e02003,training-e,True,D1,26.777793,False,False,clean,,False,False
D1_training-e_e02004,training-e,False,D1,6.810494,True,True,noisy,baseline_drift,True,True
D1_training-e_e02005,training-e,True,D1,38.064273,False,False,clean,,False,False
D1_training-e_e02006,training-e,True,D1,27.55991,False,False,clean,,False,False
D1_training-e_e02007,training-e,False,D1,33.285384,True,True,noisy,baseline_drift,True,True
D1_training-e_e02008,training-e,True,D1,33.475913,False,False,clean,,False,False
D1_training-e_e02009,training-e,True,D1,34.183308,False,False,clean,,False,False
D1_training-e_e02010,training-e,True,D1,30.392512,False,False,clean,,False,False
D1_training-e_e02011,training-e,True,D1,20.513645,False,False,clean,,False,False
D1_training-e_e02012,training-e,True,D1,28.827866,False,False,clean,,False,False
D1_training-e_e02013,training-e,True,D1,35.583527,False,False,clean,,False,False
D1_training-e_e02014,training-e,True,D1,45.931857,False,False,clean,,False,False
D1_training-e_e02015,training-e,True,D1,29.665251,False,False,clean,,False,False
D1_training-e_e02016,training-e,True,D1,35.093332,False,False,clean,,False,False
D1_training-e_e02017,training-e,True,D1,29.360177,False,False,clean,,False,False
D1_training-e_e02018,training-e,True,D1,35.026699,False,False,clean,,False,False
D1_training-e_e02019,training-e,True,D1,36.375302,False,False,clean,,False,False
D1_training-e_e02020,training-e,True,D1,23.001255,False,False,clean,,False,False
D1_training-e_e02021,training-e,True,D1,32.722046,False,False,clean,,False,False
D1_training-e_e02022,training-e,True,D1,39.390146,False,False,clean,,False,False
D1_training-e_e02023,training-e,True,D1,19.02768,False,False,clean,,False,False
D1_training-e_e02024,training-e,True,D1,28.419088,False,False,clean,,False,False
D1_training-e_e02025,training-e,True,D1,39.271165,False,False,clean,,False,False
D1_training-e_e02026,training-e,True,D1,32.554238,False,False,clean,,False,False
D1_training-e_e02027,training-e,True,D1,17.417276,False,False,clean,,False,False
D1_training-e_e02028,training-e,True,D1,26.95567,False,False,clean,,False,False
D1_training-e_e02029,training-e,True,D1,26.300375,False,False,clean,,False,False
D1_training-e_e02030,training-e,True,D1,37.822083,False,False,clean,,False,False
D1_training-e_e02031,training-e,True,D1,32.938983,False,False,clean,,False,False
D1_training-e_e02032,training-e,True,D1,34.138178,False,False,clean,,False,False
D1_training-e_e02033,training-e,True,D1,23.604186,False,False,clean,,False,False
D1_training-e_e02034,training-e,True,D1,37.461528,False,False,clean,,False,False
D1_training-e_e02035,training-e,True,D1,29.989237,False,False,clean,,False,False
D1_training-e_e02036,training-e,True,D1,28.472734,False,False,clean,,False,False
D1_training-e_e02037,training-e,True,D1,34.234653,False,False,clean,,False,False
D1_training-e_e02038,training-e,True,D1,28.481579,False,False,clean,,False,False
D1_training-e_e02039,training-e,True,D1,25.44561,False,False,clean,,False,False
D1_training-e_e02040,training-e,True,D1,31.097895,False,False,clean,,False,False
D1_training-e_e02041,training-e,True,D1,26.3274,False,False,clean,,False,False
D1_training-e_e02042,training-e,True,D1,25.631684,False,False,clean,,False,False
D1_training-e_e02043,training-e,True,D1,29.911836,False,False,clean,,False,False
D1_training-e_e02044,training-e,True,D1,23.848179,False,False,clean,,False,False
D1_training-e_e02045,training-e,True,D1,24.66631,False,False,clean,,False,False
D1_training-e_e02046,training-e,True,D1,34.795179,False,False,clean,,False,False
D1_training-e_e02047,training-e,True,D1,19.704797,False,False,clean,,False,False
D1_training-e_e02048,training-e,False,D1,39.984382,True,True,noisy,baseline_drift,True,True
D1_training-e_e02049,training-e,True,D1,27.959981,False,False,clean,,False,False
D1_training-e_e02050,training-e,True,D1,36.006259,False,False,clean,,False,False
D1_training-e_e02051,training-e,False,D1,35.871031,False,False,clean,,False,True
D1_training-e_e02052,training-e,True,D1,28.918836,False,False,clean,,False,False
D1_training-e_e02053,training-e,True,D1,25.909298,False,False,clean,,False,False
D1_training-e_e02054,training-e,True,D1,54.150695,False,False,clean,,False,False
D1_training-e_e02055,training-e,True,D1,32.429087,False,False,clean,,False,False
D1_training-e_e02056,training-e,False,D1,41.274625,True,True,noisy,baseline_drift,True,True
D1_training-e_e02057,training-e,True,D1,26.274661,False,False,clean,,False,False
D1_training-e_e02058,training-e,True,D1,30.992682,False,False,clean,,False,False
D1_training-e_e02059,training-e,True,D1,35.249931,False,False,clean,,False,False
D1_training-e_e02060,training-e,True,D1,19.784726,False,False,clean,,False,False
D1_training-e_e02061,training-e,True,D1,31.540568,False,False,clean,,False,False
D1_training-e_e02062,training-e,True,D1,36.791651,False,False,clean,,False,False
D1_training-e_e02063,training-e,True,D1,30.817581,False,False,clean,,False,False
D1_training-e_e02064,training-e,True,D1,43.559642,False,False,clean,,False,False
D1_training-e_e02065,training-e,True,D1,33.764978,False,False,clean,,False,False
D1_training-e_e02066,training-e,True,D1,28.816644,False,False,clean,,False,False
D1_training-e_e02067,training-e,True,D1,43.47584,False,False,clean,,False,False
D1_training-e_e02068,training-e,True,D1,25.557932,False,False,clean,,False,False
D1_training-e_e02069,training-e,True,D1,52.033633,False,False,clean,,False,False
D1_training-e_e02070,training-e,True,D1,37.632906,False,False,clean,,False,False
D1_training-e_e02071,training-e,True,D1,23.819237,False,False,clean,,False,False
D1_training-e_e02072,training-e,True,D1,26.959224,False,False,clean,,False,False
D1_training-e_e02073,training-e,True,D1,35.254043,False,False,clean,,False,False
D1_training-e_e02074,training-e,True,D1,33.321127,False,False,clean,,False,False
D1_training-e_e02075,training-e,True,D1,27.479938,False,False,clean,,False,False
D1_training-e_e02076,training-e,True,D1,43.936426,False,False,clean,,False,False
D1_training-e_e02077,training-e,True,D1,31.504396,False,False,clean,,False,False
D1_training-e_e02078,training-e,True,D1,34.611209,False,False,clean,,False,False
D1_training-e_e02079,training-e,True,D1,28.78448,False,False,clean,,False,False
D1_training-e_e02080,training-e,True,D1,33.265702,False,False,clean,,False,False
D1_training-e_e02081,training-e,True,D1,32.578484,False,False,clean,,False,False
D1_training-e_e02082,training-e,True,D1,32.498777,False,False,clean,,False,False
D1_training-e_e02083,training-e,False,D1,36.013497,False,False,clean,,False,True
D1_training-e_e02084,training-e,True,D1,37.702407,False,False,clean,,False,False
D1_training-e_e02085,training-e,True,D1,37.022397,False,False,clean,,False,False
D1_training-e_e02086,training-e,True,D1,18.487966,False,False,clean,,False,False
D1_training-e_e02087,training-e,True,D1,25.443613,False,False,clean,,False,False
D1_training-e_e02088,training-e,True,D1,28.844099,False,False,clean,,False,False
D1_training-e_e02089,training-e,True,D1,34.781734,False,True,low_quality_other,clipped,True,False
D1_training-e_e02090,training-e,True,D1,34.451905,False,False,clean,,False,False
D1_training-e_e02091,training-e,False,D1,14.272182,True,True,noisy,baseline_drift,True,True
D1_training-e_e02092,training-e,True,D1,25.522643,False,False,clean,,False,False
D1_training-e_e02093,training-e,True,D1,21.502991,False,False,clean,,False,False
D1_training-e_e02094,training-e,True,D1,42.338658,False,False,clean,,False,False
D1_training-e_e02095,training-e,True,D1,25.781427,False,False,clean,,False,False
D1_training-e_e02096,training-e,True,D1,35.434212,False,False,clean,,False,False
D1_training-e_e02097,training-e,True,D1,23.622285,False,False,clean,,False,False
D1_training-e_e02098,training-e,True,D1,32.736777,False,False,clean,,False,False
D1_training-e_e02099,training-e,True,D1,29.572831,False,False,clean,,False,False
D1_training-e_e02100,training-e,True,D1,35.011397,False,False,clean,,False,False
D1_training-e_e02101,training-e,True,D1,25.519089,False,False,clean,,False,False
D1_training-e_e02102,training-e,True,D1,25.562068,False,False,clean,,False,False
D1_training-e_e02103,training-e,True,D1,33.821707,False,False,clean,,False,False
D1_training-e_e02104,training-e,True,D1,30.825504,False,False,clean,,False,False
D1_training-e_e02105,training-e,True,D1,28.826029,False,False,clean,,False,False
D1_training-e_e02106,training-e,True,D1,32.593631,False,False,clean,,False,False
D1_training-e_e02107,training-e,True,D1,35.155502,False,False,clean,,False,False
D1_training-e_e02108,training-e,True,D1,32.220055,False,False,clean,,False,False
D1_training-e_e02109,training-e,True,D1,28.385282,False,False,clean,,False,False
D1_training-e_e02110,training-e,True,D1,29.645458,False,False,clean,,False,False
D1_training-e_e02111,training-e,True,D1,34.946057,False,False,clean,,False,False
D1_training-e_e02112,training-e,True,D1,18.666425,False,False,clean,,False,False
D1_training-e_e02113,training-e,True,D1,30.849135,False,False,clean,,False,False
D1_training-e_e02114,training-e,True,D1,28.811426,False,False,clean,,False,False
D1_training-e_e02115,training-e,True,D1,30.800021,False,False,clean,,False,False
D1_training-e_e02116,training-e,True,D1,34.829095,False,False,clean,,False,False
D1_training-e_e02117,training-e,True,D1,34.694569,False,False,clean,,False,False
D1_training-e_e02118,training-e,True,D1,35.691598,False,False,clean,,False,False
D1_training-e_e02119,training-e,True,D1,30.338302,False,False,clean,,False,False
D1_training-e_e02120,training-e,True,D1,29.701714,False,False,clean,,False,False
D1_training-e_e02121,training-e,True,D1,35.163657,False,False,clean,,False,False
D1_training-e_e02122,training-e,False,D1,34.193089,False,False,clean,,False,True
D1_training-e_e02123,training-e,True,D1,22.729854,False,False,clean,,False,False
D1_training-e_e02124,training-e,True,D1,32.705582,False,False,clean,,False,False
D1_training-e_e02125,training-e,True,D1,39.467036,False,False,clean,,False,False
D1_training-e_e02126,training-e,True,D1,30.370471,False,False,clean,,False,False
D1_training-e_e02127,training-e,True,D1,22.370474,False,False,clean,,False,False
D1_training-e_e02128,training-e,True,D1,26.933549,False,False,clean,,False,False
D1_training-e_e02129,training-e,True,D1,27.148023,False,False,clean,,False,False
D1_training-e_e02130,training-e,True,D1,32.787243,False,False,clean,,False,False
D1_training-e_e02131,training-e,True,D1,34.128079,False,False,clean,,False,False
D1_training-e_e02132,training-e,True,D1,31.992394,False,False,clean,,False,False
D1_training-e_e02133,training-e,True,D1,29.26859,False,False,clean,,False,False
D1_training-e_e02134,training-e,True,D1,28.073535,False,False,clean,,False,False
D1_training-e_e02135,training-e,True,D1,26.313023,False,False,clean,,False,False
D1_training-e_e02136,training-e,True,D1,25.509451,False,False,clean,,False,False
D1_training-e_e02137,training-e,True,D1,26.459451,False,False,clean,,False,False
D1_training-e_e02138,training-e,True,D1,33.098411,False,False,clean,,False,False
D1_training-e_e02139,training-e,True,D1,19.8154,False,False,clean,,False,False
D1_training-e_e02140,training-e,True,D1,33.548543,False,False,clean,,False,False
D1_training-e_e02141,training-e,True,D1,28.87346,False,False,clean,,False,False
D1_training-f_f0001,training-f,True,D1,15.529352,False,False,clean,,False,False
D1_training-f_f0002,training-f,True,D1,8.0597,False,False,clean,,False,False
D1_training-f_f0003,training-f,True,D1,11.984207,False,False,clean,,False,False
D1_training-f_f0004,training-f,True,D1,13.338533,False,False,clean,,False,False
D1_training-f_f0005,training-f,True,D1,12.890863,False,False,clean,,False,False
D1_training-f_f0006,training-f,True,D1,10.799194,False,False,clean,,False,False
D1_training-f_f0007,training-f,True,D1,15.141292,False,False,clean,,False,False
D1_training-f_f0008,training-f,True,D1,8.984317,False,False,clean,,False,False
D1_training-f_f0009,training-f,True,D1,17.755875,False,False,clean,,False,False
D1_training-f_f0010,training-f,True,D1,12.427171,False,False,clean,,False,False
D1_training-f_f0011,training-f,True,D1,8.119543,False,False,clean,,False,False
D1_training-f_f0012,training-f,True,D1,13.919885,False,False,clean,,False,False
D1_training-f_f0013,training-f,True,D1,14.227624,False,False,clean,,False,False
D1_training-f_f0014,training-f,True,D1,9.264554,False,False,clean,,False,False
D1_training-f_f0015,training-f,True,D1,14.028168,False,False,clean,,False,False
D1_training-f_f0016,training-f,True,D1,11.310778,False,False,clean,,False,False
D1_training-f_f0017,training-f,True,D1,12.032041,False,False,clean,,False,False
D1_training-f_f0018,training-f,True,D1,12.732382,False,False,clean,,False,False
D1_training-f_f0019,training-f,True,D1,11.154975,False,False,clean,,False,False
D1_training-f_f0020,training-f,True,D1,16.888346,False,False,clean,,False,False
D1_training-f_f0021,training-f,True,D1,12.73316,False,False,clean,,False,False
D1_training-f_f0022,training-f,True,D1,12.166615,False,False,clean,,False,False
D1_training-f_f0023,training-f,True,D1,11.925747,False,False,clean,,False,False
D1_training-f_f0024,training-f,True,D1,16.472076,False,False,clean,,False,False
D1_training-f_f0025,training-f,True,D1,18.575441,False,False,clean,,False,False
D1_training-f_f0026,training-f,True,D1,13.067309,False,False,clean,,False,False
D1_training-f_f0027,training-f,True,D1,10.687915,False,False,clean,,False,False
D1_training-f_f0028,training-f,True,D1,15.765714,False,False,clean,,False,False
D1_training-f_f0029,training-f,True,D1,12.848935,False,False,clean,,False,False
D1_training-f_f0030,training-f,True,D1,13.519715,False,False,clean,,False,False
D1_training-f_f0031,training-f,True,D1,12.961713,False,False,clean,,False,False
D1_training-f_f0032,training-f,False,D1,10.857423,False,False,clean,,False,True
D1_training-f_f0033,training-f,True,D1,13.408301,False,False,clean,,False,False
D1_training-f_f0034,training-f,False,D1,7.663321,False,False,clean,,False,True
D1_training-f_f0035,training-f,True,D1,10.174518,False,False,clean,,False,False
D1_training-f_f0036,training-f,True,D1,17.41675,False,False,clean,,False,False
D1_training-f_f0037,training-f,True,D1,16.700652,False,False,clean,,False,False
D1_training-f_f0038,training-f,True,D1,13.542491,False,False,clean,,False,False
D1_training-f_f0039,training-f,True,D1,13.281795,False,False,clean,,False,False
D1_training-f_f0040,training-f,True,D1,8.234906,False,False,clean,,False,False
D1_training-f_f0041,training-f,True,D1,9.132553,False,False,clean,,False,False
D1_training-f_f0042,training-f,True,D1,12.079201,False,False,clean,,False,False
D1_training-f_f0043,training-f,True,D1,12.731906,False,False,clean,,False,False
D1_training-f_f0044,training-f,True,D1,16.666231,False,False,clean,,False,False
D1_training-f_f0045,training-f,True,D1,13.74201,False,False,clean,,False,False
D1_training-f_f0046,training-f,True,D1,11.829846,False,False,clean,,False,False
D1_training-f_f0047,training-f,True,D1,5.269284,False,False,clean,,False,False
D1_training-f_f0048,training-f,True,D1,14.376873,False,False,clean,,False,False
D1_training-f_f0049,training-f,True,D1,18.795092,False,False,clean,,False,False
D1_training-f_f0050,training-f,True,D1,12.281052,False,False,clean,,False,False
D1_training-f_f0051,training-f,True,D1,8.716866,False,False,clean,,False,False
D1_training-f_f0052,training-f,True,D1,13.610897,False,False,clean,,False,False
D1_training-f_f0053,training-f,True,D1,16.173046,False,False,clean,,False,False
D1_training-f_f0054,training-f,True,D1,11.847347,False,False,clean,,False,False
D1_training-f_f0055,training-f,True,D1,8.913179,False,False,clean,,False,False
D1_training-f_f0056,training-f,True,D1,15.891898,False,False,clean,,False,False
D1_training-f_f0057,training-f,False,D1,9.839053,False,False,clean,,False,True
D1_training-f_f0058,training-f,False,D1,4.469592,True,True,noisy,low_snr,True,True
D1_training-f_f0059,training-f,True,D1,13.977412,False,False,clean,,False,False
D1_training-f_f0060,training-f,True,D1,9.236179,False,False,clean,,False,False
D1_training-f_f0061,training-f,True,D1,18.519882,False,False,clean,,False,False
D1_training-f_f0062,training-f,True,D1,6.322364,False,False,clean,,False,False
D1_training-f_f0063,training-f,True,D1,13.300157,False,False,clean,,False,False
D1_training-f_f0064,training-f,True,D1,13.850547,False,False,clean,,False,False
D1_training-f_f0065,training-f,True,D1,16.679232,False,False,clean,,False,False
D1_training-f_f0066,training-f,True,D1,12.84199,False,False,clean,,False,False
D1_training-f_f0067,training-f,True,D1,10.565111,False,False,clean,,False,False
D1_training-f_f0068,training-f,True,D1,8.958434,False,False,clean,,False,False
D1_training-f_f0069,training-f,True,D1,7.402405,False,False,clean,,False,False
D1_training-f_f0070,training-f,True,D1,9.37254,False,False,clean,,False,False
D1_training-f_f0071,training-f,True,D1,13.248595,False,False,clean,,False,False
D1_training-f_f0072,training-f,True,D1,9.679637,False,False,clean,,False,False
D1_training-f_f0073,training-f,True,D1,14.450365,False,False,clean,,False,False
D1_training-f_f0074,training-f,True,D1,15.875848,False,False,clean,,False,False
D1_training-f_f0075,training-f,True,D1,10.074949,False,False,clean,,False,False
D1_training-f_f0076,training-f,True,D1,13.865318,False,False,clean,,False,False
D1_training-f_f0077,training-f,True,D1,12.725644,False,False,clean,,False,False
D1_training-f_f0078,training-f,True,D1,15.549156,False,False,clean,,False,False
D1_training-f_f0079,training-f,True,D1,7.981789,False,False,clean,,False,False
D1_training-f_f0080,training-f,True,D1,30.262899,False,False,clean,,False,False
D1_training-f_f0081,training-f,True,D1,12.474721,False,False,clean,,False,False
D1_training-f_f0082,training-f,True,D1,19.412996,False,False,clean,,False,False
D1_training-f_f0083,training-f,True,D1,12.275975,False,False,clean,,False,False
D1_training-f_f0084,training-f,True,D1,8.732797,False,False,clean,,False,False
D1_training-f_f0085,training-f,True,D1,13.748837,False,False,clean,,False,False
D1_training-f_f0086,training-f,True,D1,13.509782,False,False,clean,,False,False
D1_training-f_f0087,training-f,True,D1,12.773481,False,False,clean,,False,False
D1_training-f_f0088,training-f,True,D1,15.517025,False,False,clean,,False,False
D1_training-f_f0089,training-f,False,D1,13.199772,False,False,clean,,False,True
D1_training-f_f0090,training-f,True,D1,13.356688,False,False,clean,,False,False
D1_training-f_f0091,training-f,True,D1,11.481763,False,False,clean,,False,False
D1_training-f_f0092,training-f,True,D1,13.094799,False,False,clean,,False,False
D1_training-f_f0093,training-f,True,D1,16.519677,False,False,clean,,False,False
D1_training-f_f0094,training-f,True,D1,11.728035,False,False,clean,,False,False
D1_training-f_f0095,training-f,True,D1,10.679889,False,False,clean,,False,False
D1_training-f_f0096,training-f,True,D1,12.449088,False,False,clean,,False,False
D1_training-f_f0097,training-f,True,D1,15.506787,False,False,clean,,False,False
D1_training-f_f0098,training-f,True,D1,13.265808,False,False,clean,,False,False
D1_training-f_f0099,training-f,True,D1,9.149191,False,False,clean,,False,False
D1_training-f_f0100,training-f,True,D1,14.93784,False,False,clean,,False,False
D1_training-f_f0101,training-f,True,D1,12.797101,False,False,clean,,False,False
D1_training-f_f0102,training-f,True,D1,14.0926,False,False,clean,,False,False
D1_training-f_f0103,training-f,True,D1,15.381441,False,False,clean,,False,False
D1_training-f_f0104,training-f,True,D1,13.54623,False,False,clean,,False,False
D1_training-f_f0105,training-f,True,D1,13.638896,False,False,clean,,False,False
D1_training-f_f0106,training-f,True,D1,12.858558,False,False,clean,,False,False
D1_training-f_f0107,training-f,True,D1,13.931375,False,False,clean,,False,False
D1_training-f_f0108,training-f,True,D1,15.167956,False,False,clean,,False,False
D1_training-f_f0109,training-f,True,D1,13.325195,False,False,clean,,False,False
D1_training-f_f0110,training-f,True,D1,11.495696,False,False,clean,,False,False
D1_training-f_f0111,training-f,True,D1,15.111653,False,False,clean,,False,False
D1_training-f_f0112,training-f,True,D1,16.634972,False,False,clean,,False,False
D1_training-f_f0113,training-f,True,D1,14.670615,False,False,clean,,False,False
D1_training-f_f0114,training-f,True,D1,14.314325,False,False,clean,,False,False
