ranker,k,outer_fold,inner_fold,n_selected,j,seconds,accuracy,balanced_accuracy,sensitivity,specificity,precision,f1,mcc,roc_auc,pr_auc,tp,fp,tn,fn,support,n_positive,n_negative,macro_f1,term_performance,term_features,term_time,normalized_features,normalized_inference_time,families
mutual_info,10,r0f0,0,10,0.22868337384860668,2.9490789999836124,0.8974358974358975,0.8229491738130099,0.6971428571428572,0.9487554904831625,0.7770700636942676,0.7349397590361446,0.6731079414985424,,,122.0,35.0,648.0,53.0,858.0,175.0,683.0,0.8356779720036214,0.11502541959746503,0.014492753623188408,0.09916520062795325,0.07246376811594203,0.9916520062795325,dwt;mfcc;time
mutual_info,20,r0f0,0,20,0.23524285740634074,3.0416390000027604,0.9067599067599068,0.8288056891863627,0.6971428571428572,0.9604685212298683,0.8187919463087249,0.7530864197530864,0.699491503136502,,,122.0,27.0,656.0,53.0,858.0,175.0,683.0,0.8478075776926352,0.10653469561515538,0.028985507246376815,0.09972265454480853,0.14492753623188406,0.9972265454480852,chroma;dwt;frequency;mfcc;time
mutual_info,30,r0f0,0,30,0.2569611339766994,3.432498599984683,0.9020979020979021,0.8152520393223175,0.6685714285714286,0.9619326500732065,0.8181818181818182,0.7358490566037735,0.6817046193447538,,,117.0,26.0,657.0,58.0,858.0,175.0,683.0,0.8378816098469511,0.11348287310713419,0.043478260869565216,0.1,0.21739130434782608,1.0,chroma;dwt;envelope;frequency;mfcc;time
mutual_info,40,r0f0,0,40,0.2565156079367724,2.8335354999871925,0.9137529137529138,0.8395733110227985,0.7142857142857143,0.9648609077598829,0.8389261744966443,0.7716049382716049,0.7223982235226721,,,125.0,24.0,659.0,50.0,858.0,175.0,683.0,0.8592220093656875,0.09854459344401875,0.05797101449275363,0.1,0.2898550724637681,1.0,chroma;dwt;envelope;frequency;mfcc;time
mutual_info,50,r0f0,0,50,0.2783561731792331,2.653171600017231,0.9090909090909091,0.8238945827232798,0.68,0.9677891654465594,0.8439716312056738,0.7531645569620253,0.7043587628709874,,,119.0,22.0,661.0,56.0,858.0,175.0,683.0,0.8487251356238699,0.10589240506329109,0.07246376811594203,0.1,0.36231884057971014,1.0,chroma;dwt;envelope;frequency;mfcc;time
mutual_info,60,r0f0,0,60,0.2918248956646319,2.8045279000070877,0.9090909090909091,0.8281447395942272,0.6914285714285714,0.9648609077598829,0.8344827586206897,0.75625,0.7056608969638976,,,121.0,24.0,659.0,54.0,858.0,175.0,683.0,0.8501880372492836,0.10486837392550147,0.08695652173913043,0.1,0.43478260869565216,1.0,chroma;dwt;envelope;frequency;mfcc;time
mutual_info,70,r0f0,0,70,0.30532060358709534,2.899595200025942,0.9090909090909091,0.8323948964651746,0.7028571428571428,0.9619326500732065,0.825503355704698,0.7592592592592593,0.7071270765985588,,,123.0,26.0,657.0,52.0,858.0,175.0,683.0,0.8516123882503193,0.10387132822477652,0.10144927536231885,0.1,0.5072463768115942,1.0,chroma;dwt;envelope;frequency;mfcc;time
mutual_info,80,r0f0,0,80,0.3187252951615889,2.850169499986805,0.9102564102564102,0.8331269608868437,0.7028571428571428,0.9633967789165446,0.831081081081081,0.7616099071207431,0.7105736891454703,,,123.0,25.0,658.0,52.0,858.0,175.0,683.0,0.8531667626055977,0.10278326617608163,0.11594202898550726,0.1,0.5797101449275363,1.0,chroma;dwt;envelope;frequency;mfcc;time
mutual_info,100,r0f0,0,100,0.34710697749262903,3.2548511999775656,0.9114219114219114,0.8317339468730391,0.6971428571428572,0.9663250366032211,0.8413793103448276,0.7625,0.7133793300885234,,,122.0,23.0,660.0,53.0,858.0,175.0,683.0,0.8540293696275072,0.10217944126074496,0.14492753623188406,0.1,0.7246376811594203,1.0,chroma;dwt;envelope;frequency;mfcc;time
mutual_info,120,r0f0,0,120,0.3809556484311646,3.2039787999819964,0.9067599067599068,0.826680610750889,0.6914285714285714,0.9619326500732065,0.8231292517006803,0.7515527950310559,0.6986976184957991,,,121.0,26.0,657.0,54.0,858.0,175.0,683.0,0.8470819929244232,0.10704260495290374,0.17391304347826086,0.1,0.8695652173913043,1.0,chroma;dwt;envelope;frequency;mfcc;time
mutual_info,138,r0f0,0,138,0.40646952829955807,3.5313413999974728,0.9079254079254079,0.8252875967370843,0.6857142857142857,0.9648609077598829,0.8333333333333334,0.7523510971786834,0.7014496838191913,,,120.0,24.0,659.0,55.0,858.0,175.0,683.0,0.8479006738577741,0.10646952829955811,0.2,0.1,1.0,1.0,chroma;dwt;envelope;frequency;mfcc;time
anova_f,10,r0f0,0,10,0.24359827301546808,1.9984162999899127,0.8834498834498834,0.8056640870110856,0.6742857142857143,0.9370424597364568,0.7329192546583851,0.7023809523809523,0.6309202409659249,,,118.0,43.0,640.0,57.0,858.0,175.0,683.0,0.8149585921325051,0.12952898550724642,0.014492753623188408,0.09957653388503324,0.07246376811594203,0.9957653388503324,dwt;frequency;mfcc;time
anova_f,20,r0f0,0,20,0.250937453376715,2.1864077000063844,0.8892773892773893,0.8178247228613261,0.6971428571428572,0.9385065885797951,0.7439024390243902,0.7197640117994101,0.6513964532344563,,,122.0,42.0,641.0,53.0,858.0,175.0,683.0,0.8253867263063862,0.12222929158552964,0.028985507246376815,0.09972265454480853,0.14492753623188406,0.9972265454480852,chroma;dwt;frequency;mfcc;time
anova_f,30,r0f0,0,30,0.2666470047252085,2.475972299987916,0.8869463869463869,0.8206107508889353,0.7085714285714285,0.9326500732064422,0.7294117647058823,0.7188405797101449,0.6482145473096655,,,124.0,46.0,637.0,51.0,858.0,175.0,683.0,0.8240446516347952,0.12316874385564333,0.043478260869565216,0.1,0.21739130434782608,1.0,chroma;dwt;envelope;frequency;mfcc;time
anova_f,40,r0f0,0,40,0.26386341955604475,2.561473699985072,0.9090909090909091,0.8238945827232798,0.68,0.9677891654465594,0.8439716312056738,0.7531645569620253,0.7043587628709874,,,119.0,22.0,661.0,56.0,858.0,175.0,683.0,0.8487251356238699,0.10589240506329109,0.05797101449275363,0.1,0.2898550724637681,1.0,chroma;dwt;envelope;frequency;mfcc;time
anova_f,50,r0f0,0,50,0.27683030794502317,2.8396657000412233,0.9090909090909091,0.8302698180297009,0.6971428571428572,0.9633967789165446,0.8299319727891157,0.7577639751552795,0.7063741395241806,,,122.0,25.0,658.0,53.0,858.0,175.0,683.0,0.8509049431013127,0.1043665398290811,0.07246376811594203,0.1,0.36231884057971014,1.0,chroma;dwt;envelope;frequency;mfcc;time
anova_f,60,r0f0,0,60,0.2917483371091043,3.1974982999963686,0.9102564102564102,0.8246266471449488,0.68,0.9692532942898975,0.85,0.7555555555555555,0.7079739827153233,,,119.0,21.0,662.0,56.0,858.0,175.0,683.0,0.8502974066143231,0.10479181536997384,0.08695652173913043,0.1,0.43478260869565216,1.0,chroma;dwt;envelope;frequency;mfcc;time
anova_f,70,r0f0,0,70,0.30949570257557024,3.1785877000074834,0.9079254079254079,0.818912361430663,0.6685714285714286,0.9692532942898975,0.8478260869565217,0.7476038338658147,0.699559943143176,,,117.0,21.0,662.0,58.0,858.0,175.0,683.0,0.8456479611239266,0.10804642721325138,0.10144927536231885,0.1,0.5072463768115942,1.0,chroma;dwt;envelope;frequency;mfcc;time
anova_f,80,r0f0,0,80,0.32131898258498903,3.2765649000066333,0.9090909090909091,0.8260196611587534,0.6857142857142857,0.9663250366032211,0.8391608391608392,0.7547169811320755,0.7049886480889769,,,120.0,23.0,660.0,55.0,858.0,175.0,683.0,0.8494614948578832,0.10537695359948172,0.11594202898550726,0.1,0.5797101449275363,1.0,chroma;dwt;envelope;frequency;mfcc;time
anova_f,100,r0f0,0,100,0.35570843616980075,3.2806633000145666,0.9044289044289044,0.8188412466011294,0.6742857142857143,0.9633967789165446,0.8251748251748252,0.7421383647798742,0.6894659622594949,,,118.0,25.0,658.0,57.0,858.0,175.0,683.0,0.8417415715172618,0.11078089993791672,0.14492753623188406,0.1,0.7246376811594203,1.0,chroma;dwt;envelope;frequency;mfcc;time
anova_f,120,r0f0,0,120,0.38255338113276793,3.259759100037627,0.9055944055944056,0.8238234678937462,0.6857142857142857,0.9619326500732065,0.821917808219178,0.7476635514018691,0.6944664451258278,,,120.0,26.0,657.0,55.0,858.0,175.0,683.0,0.8447995176364185,0.10864033765450706,0.17391304347826086,0.1,0.8695652173913043,1.0,chroma;dwt;envelope;frequency;mfcc;time
anova_f,138,r0f0,0,138,0.40646952829955807,3.5636202999739908,0.9079254079254079,0.8252875967370843,0.6857142857142857,0.9648609077598829,0.8333333333333334,0.7523510971786834,0.7014496838191913,,,120.0,24.0,659.0,55.0,858.0,175.0,683.0,0.8479006738577741,0.10646952829955811,0.2,0.1,1.0,1.0,chroma;dwt;envelope;frequency;mfcc;time
rf_importance,10,r0f0,0,10,0.2354981278853537,2.157808499992825,0.8916083916083916,0.8129136163982431,0.68,0.9458272327964861,0.7628205128205128,0.7190332326283988,0.6538121371775509,,,119.0,37.0,646.0,56.0,858.0,175.0,683.0,0.8259426090939828,0.12184017363421205,0.014492753623188408,0.09916520062795325,0.07246376811594203,0.9916520062795325,dwt;mfcc;time
rf_importance,20,r0f0,0,20,0.24097324664711442,2.098990500031505,0.8997668997668997,0.8265383810918219,0.7028571428571428,0.9502196193265008,0.7834394904458599,0.7409638554216867,0.6805887592833606,,,123.0,34.0,649.0,52.0,858.0,175.0,683.0,0.8394125635489937,0.11241120551570437,0.028985507246376815,0.09957653388503324,0.14492753623188406,0.9957653388503324,dwt;frequency;mfcc;time
rf_importance,30,r0f0,0,30,0.252398978419908,2.3983257000218146,0.9044289044289044,0.8252164819075507,0.6914285714285714,0.95900439238653,0.8120805369127517,0.7469135802469136,0.6918559296744453,,,121.0,28.0,655.0,54.0,858.0,175.0,683.0,0.844002767134951,0.10919806300553427,0.043478260869565216,0.09972265454480853,0.21739130434782608,0.9972265454480852,chroma;dwt;frequency;mfcc;time
rf_importance,40,r0f0,0,40,0.266655306323093,2.613212600001134,0.9044289044289044,0.8273415603430245,0.6971428571428572,0.9575402635431918,0.8079470198675497,0.7484662576687117,0.692727357842936,,,122.0,29.0,654.0,53.0,858.0,175.0,683.0,0.844736725956658,0.10868429183033936,0.05797101449275363,0.1,0.2898550724637681,1.0,chroma;dwt;envelope;frequency;mfcc;time
rf_importance,50,r0f0,0,50,0.2801405357927097,2.7408315999782644,0.9044289044289044,0.831591717213972,0.7085714285714285,0.9546120058565154,0.8,0.7515151515151515,0.6945756181177924,,,124.0,31.0,652.0,51.0,858.0,175.0,683.0,0.8461760461760461,0.1076767676767677,0.07246376811594203,0.1,0.36231884057971014,1.0,chroma;dwt;envelope;frequency;mfcc;time
rf_importance,60,r0f0,0,60,0.290827849963907,2.6591528999852017,0.9090909090909091,0.8323948964651746,0.7028571428571428,0.9619326500732065,0.825503355704698,0.7592592592592593,0.7071270765985588,,,123.0,26.0,657.0,52.0,858.0,175.0,683.0,0.8516123882503193,0.10387132822477652,0.08695652173913043,0.1,0.43478260869565216,1.0,chroma;dwt;envelope;frequency;mfcc;time
rf_importance,70,r0f0,0,70,0.30374690296835766,2.820573900011368,0.9102564102564102,0.8352520393223175,0.7085714285714285,0.9619326500732065,0.8266666666666667,0.7630769230769231,0.71132576859364,,,124.0,26.0,657.0,51.0,858.0,175.0,683.0,0.8538605319913731,0.1022976276060388,0.10144927536231885,0.1,0.5072463768115942,1.0,chroma;dwt;envelope;frequency;mfcc;time
rf_importance,80,r0f0,0,80,0.3208967378280666,2.9619274999713525,0.9079254079254079,0.8316628320435056,0.7028571428571428,0.9604685212298683,0.82,0.7569230769230769,0.7037103171517826,,,123.0,27.0,656.0,52.0,858.0,175.0,683.0,0.8500647016534867,0.10495470884255931,0.11594202898550726,0.1,0.5797101449275363,1.0,chroma;dwt;envelope;frequency;mfcc;time
rf_importance,100,r0f0,0,100,0.34760251666214836,3.255214300006628,0.9114219114219114,0.8296088684375653,0.6914285714285714,0.9677891654465594,0.8461538461538461,0.7610062893081762,0.7127499910037179,,,121.0,22.0,661.0,54.0,858.0,175.0,683.0,0.8533214565281939,0.10267498043026425,0.14492753623188406,0.1,0.7246376811594203,1.0,chroma;dwt;envelope;frequency;mfcc;time
rf_importance,120,r0f0,0,120,0.3787048588482347,3.4450749999959953,0.9102564102564102,0.8246266471449488,0.68,0.9692532942898975,0.85,0.7555555555555555,0.7079739827153233,,,119.0,21.0,662.0,56.0,858.0,175.0,683.0,0.8502974066143231,0.10479181536997384,0.17391304347826086,0.1,0.8695652173913043,1.0,chroma;dwt;envelope;frequency;mfcc;time
rf_importance,138,r0f0,0,138,0.40646952829955807,3.574732600012794,0.9079254079254079,0.8252875967370843,0.6857142857142857,0.9648609077598829,0.8333333333333334,0.7523510971786834,0.7014496838191913,,,120.0,24.0,659.0,55.0,858.0,175.0,683.0,0.8479006738577741,0.10646952829955811,0.2,0.1,1.0,1.0,chroma;dwt;envelope;frequency;mfcc;time
gb_importance,10,r0f0,0,10,0.2249657930346255,2.0520394000341184,0.8997668997668997,0.832913616398243,0.72,0.9458272327964861,0.7730061349693251,0.7455621301775148,0.6839190893718292,,,126.0,37.0,646.0,49.0,858.0,175.0,683.0,0.8415764206765659,0.11089650552640386,0.014492753623188408,0.09957653388503324,0.07246376811594203,0.9957653388503324,dwt;frequency;mfcc;time
gb_importance,20,r0f0,0,20,0.22073298367121286,2.2403427000390366,0.916083916083916,0.8622882242208743,0.7714285714285715,0.9531478770131772,0.8083832335329342,0.7894736842105263,0.7374224084126693,,,135.0,32.0,651.0,40.0,858.0,175.0,683.0,0.8685359687428178,0.09202482188002753,0.028985507246376815,0.09972265454480853,0.14492753623188406,0.9972265454480852,chroma;dwt;frequency;mfcc;time
gb_importance,30,r0f0,0,30,0.24776947868479646,2.490463499969337,0.9067599067599068,0.8373060029282577,0.72,0.9546120058565154,0.802547770700637,0.7590361445783133,0.7030312126378152,,,126.0,31.0,652.0,49.0,858.0,175.0,683.0,0.8506163381851104,0.10456856327042272,0.043478260869565216,0.09972265454480853,0.21739130434782608,0.9972265454480852,chroma;dwt;frequency;mfcc;time
gb_importance,40,r0f0,0,40,0.263423975894188,2.605806199950166,0.9079254079254079,0.8295377536080318,0.6971428571428572,0.9619326500732065,0.8243243243243243,0.7554179566563467,0.7029177604556291,,,122.0,26.0,657.0,53.0,858.0,175.0,683.0,0.8493529122836652,0.10545296140143438,0.05797101449275363,0.1,0.2898550724637681,1.0,chroma;dwt;envelope;frequency;mfcc;time
gb_importance,50,r0f0,0,50,0.2869885659022341,2.6819679999607615,0.8997668997668997,0.8180380673499268,0.68,0.9560761346998536,0.7986577181208053,0.7345679012345679,0.676584782750332,,,119.0,30.0,653.0,56.0,858.0,175.0,683.0,0.8363931460195828,0.11452479778629203,0.07246376811594203,0.1,0.36231884057971014,1.0,chroma;dwt;envelope;frequency;mfcc;time
gb_importance,60,r0f0,0,60,0.29774887359127034,2.921062699984759,0.9032634032634033,0.8223593390504078,0.6857142857142857,0.95900439238653,0.8108108108108109,0.7430340557275542,0.6876059030759467,,,120.0,28.0,655.0,55.0,858.0,175.0,683.0,0.8417252116398001,0.11079235185213994,0.08695652173913043,0.1,0.43478260869565216,1.0,chroma;dwt;envelope;frequency;mfcc;time
gb_importance,70,r0f0,0,70,0.313310705758232,3.9001187999965623,0.9020979020979021,0.8216272746287387,0.6857142857142857,0.9575402635431918,0.8053691275167785,0.7407407407407407,0.6842203562123886,,,120.0,29.0,654.0,55.0,858.0,175.0,683.0,0.8401979565772669,0.11186143039591315,0.10144927536231885,0.1,0.5072463768115942,1.0,chroma;dwt;envelope;frequency;mfcc;time
gb_importance,80,r0f0,0,80,0.32462632081584664,3.3221363999764435,0.9044289044289044,0.8273415603430245,0.6971428571428572,0.9575402635431918,0.8079470198675497,0.7484662576687117,0.692727357842936,,,122.0,29.0,654.0,53.0,858.0,175.0,683.0,0.844736725956658,0.10868429183033936,0.11594202898550726,0.1,0.5797101449275363,1.0,chroma;dwt;envelope;frequency;mfcc;time
gb_importance,100,r0f0,0,100,0.35139706453144215,3.3509126999997534,0.9079254079254079,0.8252875967370843,0.6857142857142857,0.9648609077598829,0.8333333333333334,0.7523510971786834,0.7014496838191913,,,120.0,24.0,659.0,55.0,858.0,175.0,683.0,0.8479006738577741,0.10646952829955811,0.14492753623188406,0.1,0.7246376811594203,1.0,chroma;dwt;envelope;frequency;mfcc;time
gb_importance,120,r0f0,0,120,0.3776871406816278,3.459637699997984,0.9102564102564102,0.8288768040158963,0.6914285714285714,0.9663250366032211,0.8402777777777778,0.7586206896551724,0.7091894449909617,,,121.0,23.0,660.0,54.0,858.0,175.0,683.0,0.8517512897094759,0.10377409720336687,0.17391304347826086,0.1,0.8695652173913043,1.0,chroma;dwt;envelope;frequency;mfcc;time
gb_importance,138,r0f0,0,138,0.40646952829955807,3.375589700008277,0.9079254079254079,0.8252875967370843,0.6857142857142857,0.9648609077598829,0.8333333333333334,0.7523510971786834,0.7014496838191913,,,120.0,24.0,659.0,55.0,858.0,175.0,683.0,0.8479006738577741,0.10646952829955811,0.2,0.1,1.0,1.0,chroma;dwt;envelope;frequency;mfcc;time
mutual_info,10,r0f0,1,10,0.2596378568566946,2.0075116000371054,0.8494252873563218,0.825,0.7833333333333333,0.8666666666666667,0.6051502145922747,0.6828087167070218,0.5946021536436205,,,141.0,92.0,598.0,39.0,870.0,180.0,690.0,0.7920449009307529,0.14556856934847298,0.014492753623188408,0.09957653388503324,0.07246376811594203,0.9957653388503324,dwt;frequency;mfcc;time
mutual_info,20,r0f0,1,20,0.27059395063100866,2.1355576000059955,0.8505747126436781,0.8380434782608696,0.8166666666666667,0.8594202898550725,0.6024590163934426,0.6933962264150944,0.6096509789255845,,,147.0,97.0,593.0,33.0,870.0,180.0,690.0,0.7973060159431095,0.14188578883982336,0.028985507246376815,0.09972265454480853,0.14492753623188406,0.9972265454480852,chroma;dwt;frequency;mfcc;time
mutual_info,30,r0f0,1,30,0.29108483168917304,2.2197122999932617,0.8425287356321839,0.8329710144927536,0.8166666666666667,0.8492753623188406,0.5856573705179283,0.6821345707656613,0.5954085100757839,,,147.0,104.0,586.0,33.0,870.0,180.0,690.0,0.7887372624645724,0.1478839162747993,0.043478260869565216,0.09972265454480853,0.21739130434782608,0.9972265454480852,chroma;dwt;frequency;mfcc;time
mutual_info,40,r0f0,1,40,0.30117742062747843,2.377911000046879,0.8494252873563218,0.8352657004830918,0.8111111111111111,0.8594202898550725,0.6008230452674898,0.6903073286052009,0.6054008290691557,,,146.0,97.0,593.0,34.0,870.0,180.0,690.0,0.7954194198075359,0.14320640613472482,0.05797101449275363,0.1,0.2898550724637681,1.0,chroma;dwt;envelope;frequency;mfcc;time
mutual_info,50,r0f0,1,50,0.30824086072756707,2.673697199963499,0.8586206896551725,0.8431159420289855,0.8166666666666667,0.8695652173913043,0.620253164556962,0.7050359712230215,0.6243896025632784,,,147.0,90.0,600.0,33.0,870.0,180.0,690.0,0.8060327248405357,0.13577709261162502,0.07246376811594203,0.1,0.36231884057971014,1.0,chroma;dwt;envelope;frequency;mfcc;time
mutual_info,60,r0f0,1,60,0.32229009957757276,2.5588996000005864,0.8586206896551725,0.8451690821256038,0.8222222222222222,0.8681159420289855,0.6192468619246861,0.7064439140811456,0.6264826545356407,,,148.0,91.0,599.0,32.0,870.0,180.0,690.0,0.8066663173736538,0.13533357783844233,0.08695652173913043,0.1,0.43478260869565216,1.0,chroma;dwt;envelope;frequency;mfcc;time
mutual_info,70,r0f0,1,70,0.33545973228434656,3.1408184000174515,0.860919540229885,0.8445652173913043,0.8166666666666667,0.8724637681159421,0.625531914893617,0.708433734939759,0.6286970675674606,,,147.0,88.0,602.0,33.0,870.0,180.0,690.0,0.808556490111389,0.1340104569220277,0.10144927536231885,0.1,0.5072463768115942,1.0,chroma;dwt;envelope;frequency;mfcc;time
mutual_info,80,r0f0,1,80,0.3477263678815279,2.6986019000178203,0.864367816091954,0.8446859903381643,0.8111111111111111,0.8782608695652174,0.6347826086956522,0.7121951219512195,0.6332285983607961,,,146.0,84.0,606.0,34.0,870.0,180.0,690.0,0.8117366587199706,0.1317843388960206,0.11594202898550726,0.1,0.5797101449275363,1.0,chroma;dwt;envelope;frequency;mfcc;time
mutual_info,100,r0f0,1,100,0.38026111407032637,3.0355971999815665,0.8586206896551725,0.8451690821256038,0.8222222222222222,0.8681159420289855,0.6192468619246861,0.7064439140811456,0.6264826545356407,,,148.0,91.0,599.0,32.0,870.0,180.0,690.0,0.8066663173736538,0.13533357783844233,0.14492753623188406,0.1,0.7246376811594203,1.0,chroma;dwt;envelope;frequency;mfcc;time
mutual_info,120,r0f0,1,120,0.41277398347782657,3.344686599972192,0.8551724137931035,0.8388888888888889,0.8111111111111111,0.8666666666666667,0.6134453781512605,0.6985645933014354,0.6158870973157936,,,146.0,92.0,598.0,34.0,870.0,180.0,690.0,0.8016272285720489,0.13886093999956572,0.17391304347826086,0.1,0.8695652173913043,1.0,chroma;dwt;envelope;frequency;mfcc;time
mutual_info,138,r0f0,1,138,0.4344727080021197,3.4261363000259735,0.8620689655172413,0.8391304347826087,0.8,0.8782608695652174,0.631578947368421,0.7058823529411765,0.6247735319717748,,,144.0,84.0,606.0,36.0,870.0,180.0,690.0,0.8078961314255433,0.1344727080021197,0.2,0.1,1.0,1.0,chroma;dwt;envelope;frequency;mfcc;time
anova_f,10,r0f0,1,10,0.27925208096191845,2.0560899000265636,0.8206896551724138,0.8109903381642511,0.7944444444444444,0.827536231884058,0.5458015267175572,0.6470588235294118,0.5492059768354848,,,143.0,119.0,571.0,37.0,870.0,180.0,690.0,0.7634369618417475,0.16559412671077675,0.014492753623188408,0.09916520062795325,0.07246376811594203,0.9916520062795325,dwt;mfcc;time
anova_f,20,r0f0,1,20,0.28127942099189673,2.2117229999857955,0.8367816091954023,0.8272946859903382,0.8111111111111111,0.8434782608695652,0.5748031496062992,0.6728110599078341,0.5832067385106579,,,146.0,108.0,582.0,34.0,870.0,180.0,690.0,0.782041058284698,0.15257125920071135,0.028985507246376815,0.09972265454480853,0.14492753623188406,0.9972265454480852,chroma;dwt;frequency;mfcc;time
anova_f,30,r0f0,1,30,0.29455898393913854,2.317901799979154,0.8390804597701149,0.8266908212560387,0.8055555555555556,0.8478260869565217,0.58,0.6744186046511628,0.5848734094621153,,,145.0,105.0,585.0,35.0,870.0,180.0,690.0,0.7837741878217646,0.1513580685247648,0.043478260869565216,0.09972265454480853,0.21739130434782608,0.9972265454480852,chroma;dwt;frequency;mfcc;time
anova_f,40,r0f0,1,40,0.30754931997522406,2.5251812000060454,0.8402298850574713,0.8315217391304348,0.8166666666666667,0.8463768115942029,0.5810276679841897,0.6789838337182448,0.5914253873434273,,,147.0,106.0,584.0,33.0,870.0,180.0,690.0,0.7863167064536136,0.14957830548247045,0.05797101449275363,0.1,0.2898550724637681,1.0,chroma;dwt;envelope;frequency;mfcc;time
anova_f,50,r0f0,1,50,0.31265637593444906,2.6030856000143103,0.8540229885057471,0.8361111111111111,0.8055555555555556,0.8666666666666667,0.6118143459915611,0.6954436450839329,0.6116424723455134,,,145.0,92.0,598.0,35.0,870.0,180.0,690.0,0.7997248459735613,0.14019260781850706,0.07246376811594203,0.1,0.36231884057971014,1.0,chroma;dwt;envelope;frequency;mfcc;time
anova_f,60,r0f0,1,60,0.324062901009407,2.7880485000205226,0.8574712643678161,0.8403381642512078,0.8111111111111111,0.8695652173913043,0.6186440677966102,0.7019230769230769,0.6201558076509546,,,146.0,90.0,600.0,34.0,870.0,180.0,690.0,0.8041337438996049,0.13710637927027655,0.08695652173913043,0.1,0.43478260869565216,1.0,chroma;dwt;envelope;frequency;mfcc;time
anova_f,70,r0f0,1,70,0.3367828532007612,2.6685394000378437,0.8586206896551725,0.8451690821256038,0.8222222222222222,0.8681159420289855,0.6192468619246861,0.7064439140811456,0.6264826545356407,,,148.0,91.0,599.0,32.0,870.0,180.0,690.0,0.8066663173736538,0.13533357783844233,0.10144927536231885,0.1,0.5072463768115942,1.0,chroma;dwt;envelope;frequency;mfcc;time
anova_f,80,r0f0,1,80,0.3459536519913954,2.848404499993194,0.8655172413793103,0.8495169082125604,0.8222222222222222,0.8768115942028986,0.6351931330472103,0.7167070217917676,0.6394569426401477,,,148.0,85.0,605.0,32.0,870.0,180.0,690.0,0.8142691099915884,0.13001162300588812,0.11594202898550726,0.1,0.5797101449275363,1.0,chroma;dwt;envelope;frequency;mfcc;time
anova_f,100,r0f0,1,100,0.3811530420286561,3.044996300013736,0.8586206896551725,0.8410628019323672,0.8111111111111111,0.8710144927536232,0.6212765957446809,0.7036144578313253,0.6223065260464454,,,146.0,89.0,601.0,34.0,870.0,180.0,690.0,0.80539213457604,0.136225505796772,0.14492753623188406,0.1,0.7246376811594203,1.0,chroma;dwt;envelope;frequency;mfcc;time
anova_f,120,r0f0,1,120,0.4083857514803806,3.549753099970985,0.8620689655172413,0.8391304347826087,0.8,0.8782608695652174,0.631578947368421,0.7058823529411765,0.6247735319717748,,,144.0,84.0,606.0,36.0,870.0,180.0,690.0,0.8078961314255433,0.1344727080021197,0.17391304347826086,0.1,0.8695652173913043,1.0,chroma;dwt;envelope;frequency;mfcc;time
anova_f,138,r0f0,1,138,0.4344727080021197,3.9614734000060707,0.8620689655172413,0.8391304347826087,0.8,0.8782608695652174,0.631578947368421,0.7058823529411765,0.6247735319717748,,,144.0,84.0,606.0,36.0,870.0,180.0,690.0,0.8078961314255433,0.1344727080021197,0.2,0.1,1.0,1.0,chroma;dwt;envelope;frequency;mfcc;time
rf_importance,10,r0f0,1,10,0.26250365121757524,2.141864600009285,0.8436781609195402,0.827536231884058,0.8,0.855072463768116,0.5901639344262295,0.6792452830188679,0.5907014844037818,,,144.0,100.0,590.0,36.0,870.0,180.0,690.0,0.7879509089866377,0.14843436370935362,0.014492753623188408,0.09957653388503324,0.07246376811594203,0.9957653388503324,dwt;frequency;mfcc;time
rf_importance,20,r0f0,1,20,0.26124563397361317,2.3046158999786712,0.8620689655172413,0.8473429951690821,0.8222222222222222,0.8724637681159421,0.6271186440677966,0.7115384615384616,0.6329198377587456,,,148.0,88.0,602.0,32.0,870.0,180.0,690.0,0.8104520102254241,0.1326835928422031,0.028985507246376815,0.09957653388503324,0.14492753623188406,0.9957653388503324,dwt;frequency;mfcc;time
rf_importance,30,r0f0,1,30,0.2668128478431947,2.4560493000317365,0.8724137931034482,0.8579710144927537,0.8333333333333334,0.8826086956521739,0.6493506493506493,0.7299270072992701,0.6567230158817756,,,150.0,81.0,609.0,30.0,870.0,180.0,690.0,0.8232027813020053,0.12375805308859628,0.043478260869565216,0.09957653388503324,0.21739130434782608,0.9957653388503324,dwt;frequency;mfcc;time
rf_importance,40,r0f0,1,40,0.28138556836384315,2.679118699976243,0.871264367816092,0.8613526570048309,0.8444444444444444,0.8782608695652174,0.6440677966101694,0.7307692307692307,0.6584478979743279,,,152.0,84.0,606.0,28.0,870.0,180.0,690.0,0.8230885428770625,0.12383801998605627,0.05797101449275363,0.09957653388503324,0.2898550724637681,0.9957653388503324,dwt;frequency;mfcc;time
rf_importance,50,r0f0,1,50,0.30157974659295694,2.6288903999957256,0.8666666666666667,0.8502415458937198,0.8222222222222222,0.8782608695652174,0.6379310344827587,0.7184466019417476,0.6416587529241817,,,148.0,84.0,606.0,32.0,870.0,180.0,690.0,0.815548602175693,0.12911597847701486,0.07246376811594203,0.1,0.36231884057971014,1.0,chroma;dwt;envelope;frequency;mfcc;time
rf_importance,60,r0f0,1,60,0.31964011458133357,2.5725594999967143,0.8620689655172413,0.8473429951690821,0.8222222222222222,0.8724637681159421,0.6271186440677966,0.7115384615384616,0.6329198377587456,,,148.0,88.0,602.0,32.0,870.0,180.0,690.0,0.8104520102254241,0.1326835928422031,0.08695652173913043,0.1,0.43478260869565216,1.0,chroma;dwt;envelope;frequency;mfcc;time
rf_importance,70,r0f0,1,70,0.33634426141855867,2.8640028999652714,0.8597701149425288,0.8438405797101449,0.8166666666666667,0.8710144927536232,0.6228813559322034,0.7067307692307693,0.6265378227048501,,,147.0,89.0,601.0,33.0,870.0,180.0,690.0,0.8072928770625145,0.13489498605623984,0.10144927536231885,0.1,0.5072463768115942,1.0,chroma;dwt;envelope;frequency;mfcc;time
rf_importance,80,r0f0,1,80,0.348176072897479,2.888955199974589,0.8632183908045977,0.8460144927536232,0.8166666666666667,0.8753623188405797,0.630901287553648,0.711864406779661,0.6330491156406438,,,147.0,86.0,604.0,33.0,870.0,180.0,690.0,0.8110942229828976,0.1322340439119717,0.11594202898550726,0.1,0.5797101449275363,1.0,chroma;dwt;envelope;frequency;mfcc;time
rf_importance,100,r0f0,1,100,0.38072192738874455,3.071388000040315,0.8597701149425288,0.8397342995169081,0.8055555555555556,0.8739130434782608,0.625,0.7038834951456311,0.6224089903364562,,,145.0,87.0,603.0,35.0,870.0,180.0,690.0,0.8060080126330564,0.13579439115686048,0.14492753623188406,0.1,0.7246376811594203,1.0,chroma;dwt;envelope;frequency;mfcc;time
rf_importance,120,r0f0,1,120,0.4043478260869565,3.504699199984316,0.8666666666666667,0.8440821256038648,0.8055555555555556,0.8826086956521739,0.6415929203539823,0.7142857142857143,0.6357051836910569,,,145.0,81.0,609.0,35.0,870.0,180.0,690.0,0.8136645962732919,0.13043478260869565,0.17391304347826086,0.1,0.8695652173913043,1.0,chroma;dwt;envelope;frequency;mfcc;time
rf_importance,138,r0f0,1,138,0.4344727080021197,3.3524534999742173,0.8620689655172413,0.8391304347826087,0.8,0.8782608695652174,0.631578947368421,0.7058823529411765,0.6247735319717748,,,144.0,84.0,606.0,36.0,870.0,180.0,690.0,0.8078961314255433,0.1344727080021197,0.2,0.1,1.0,1.0,chroma;dwt;envelope;frequency;mfcc;time
gb_importance,10,r0f0,1,10,0.2485529403073815,1.9442129000090063,0.8597701149425288,0.8438405797101449,0.8166666666666667,0.8710144927536232,0.6228813559322034,0.7067307692307693,0.6265378227048501,,,147.0,89.0,601.0,33.0,870.0,180.0,690.0,0.8072928770625145,0.13489498605623984,0.014492753623188408,0.09916520062795325,0.07246376811594203,0.9916520062795325,dwt;mfcc;time
gb_importance,20,r0f0,1,20,0.26538704751532416,2.192615300009493,0.8586206896551725,0.8390096618357488,0.8055555555555556,0.8724637681159421,0.6223175965665236,0.7021791767554479,0.6202334616416361,,,145.0,88.0,602.0,35.0,870.0,180.0,690.0,0.804744448965516,0.13667888572413878,0.028985507246376815,0.09972265454480853,0.14492753623188406,0.9972265454480852,chroma;dwt;frequency;mfcc;time
gb_importance,30,r0f0,1,30,0.27164365768372845,2.207672399992589,0.8701149425287357,0.8442028985507246,0.8,0.8884057971014493,0.6515837104072398,0.7182044887780549,0.6405998484214072,,,144.0,77.0,613.0,36.0,870.0,180.0,690.0,0.8169065759797668,0.12816539681416325,0.043478260869565216,0.1,0.21739130434782608,1.0,chroma;dwt;envelope;frequency;mfcc;time
gb_importance,40,r0f0,1,40,0.2884057971014493,2.5361520999576896,0.8666666666666667,0.8440821256038648,0.8055555555555556,0.8826086956521739,0.6415929203539823,0.7142857142857143,0.6357051836910569,,,145.0,81.0,609.0,35.0,870.0,180.0,690.0,0.8136645962732919,0.13043478260869565,0.05797101449275363,0.1,0.2898550724637681,1.0,chroma;dwt;envelope;frequency;mfcc;time
gb_importance,50,r0f0,1,50,0.2974908176373736,2.5220306999981403,0.8724137931034482,0.8518115942028985,0.8166666666666667,0.8869565217391304,0.6533333333333333,0.725925925925926,0.6509233112843258,,,147.0,78.0,612.0,33.0,870.0,180.0,690.0,0.8213899292550978,0.12502704952143154,0.07246376811594203,0.1,0.36231884057971014,1.0,chroma;dwt;envelope;frequency;mfcc;time
gb_importance,60,r0f0,1,60,0.311983571260562,2.6940160999656655,0.8724137931034482,0.8518115942028985,0.8166666666666667,0.8869565217391304,0.6533333333333333,0.725925925925926,0.6509233112843258,,,147.0,78.0,612.0,33.0,870.0,180.0,690.0,0.8213899292550978,0.12502704952143154,0.08695652173913043,0.1,0.43478260869565216,1.0,chroma;dwt;envelope;frequency;mfcc;time
gb_importance,70,r0f0,1,70,0.33279139139928227,3.622979999985546,0.864367816091954,0.8467391304347827,0.8166666666666667,0.8768115942028986,0.6336206896551724,0.7135922330097088,0.6352421653949399,,,147.0,85.0,605.0,33.0,870.0,180.0,690.0,0.8123684056614808,0.1313421160369634,0.10144927536231885,0.1,0.5072463768115942,1.0,chroma;dwt;envelope;frequency;mfcc;time
gb_importance,80,r0f0,1,80,0.34048746324916646,3.2745490999659523,0.8735632183908046,0.8504830917874396,0.8111111111111111,0.8898550724637682,0.6576576576576577,0.7263681592039801,0.6513191909564418,,,146.0,76.0,614.0,34.0,870.0,180.0,690.0,0.8220779510519154,0.12454543426365922,0.11594202898550726,0.1,0.5797101449275363,1.0,chroma;dwt;envelope;frequency;mfcc;time
gb_importance,100,r0f0,1,100,0.3767118751279046,3.957602799986489,0.864367816091954,0.8446859903381643,0.8111111111111111,0.8782608695652174,0.6347826086956522,0.7121951219512195,0.6332285983607961,,,146.0,84.0,606.0,34.0,870.0,180.0,690.0,0.8117366587199706,0.1317843388960206,0.14492753623188406,0.1,0.7246376811594203,1.0,chroma;dwt;envelope;frequency;mfcc;time
gb_importance,120,r0f0,1,120,0.40703652698537607,3.812819400045555,0.8620689655172413,0.8452898550724637,0.8166666666666667,0.8739130434782608,0.6282051282051282,0.7101449275362319,0.6308674577556121,,,147.0,87.0,603.0,33.0,870.0,180.0,690.0,0.8098235949898354,0.13312348350711523,0.17391304347826086,0.1,0.8695652173913043,1.0,chroma;dwt;envelope;frequency;mfcc;time
gb_importance,138,r0f0,1,138,0.4344727080021197,3.972904500027653,0.8620689655172413,0.8391304347826087,0.8,0.8782608695652174,0.631578947368421,0.7058823529411765,0.6247735319717748,,,144.0,84.0,606.0,36.0,870.0,180.0,690.0,0.8078961314255433,0.1344727080021197,0.2,0.1,1.0,1.0,chroma;dwt;envelope;frequency;mfcc;time
mutual_info,10,r0f0,2,10,0.21515525262052357,2.798630299977958,0.9052023121387284,0.8570727638486826,0.7752808988764045,0.9388646288209607,0.7666666666666667,0.770949720670391,0.7112029545846832,,,138.0,42.0,645.0,40.0,865.0,178.0,687.0,0.8555914784109973,0.10108596511230192,0.014492753623188408,0.09957653388503324,0.07246376811594203,0.9957653388503324,dwt;frequency;mfcc;time
mutual_info,20,r0f0,2,20,0.22140025746634062,2.609104200033471,0.9179190751445087,0.8484290924553914,0.7303370786516854,0.9665211062590975,0.8496732026143791,0.7854984894259819,0.7383241308964896,,,130.0,23.0,664.0,48.0,865.0,178.0,687.0,0.8673739766643849,0.09283821633493058,0.028985507246376815,0.09957653388503324,0.14492753623188406,0.9957653388503324,dwt;frequency;mfcc;time
mutual_info,30,r0f0,2,30,0.24172670658931653,3.003171399992425,0.9121387283236995,0.8447900822661629,0.7303370786516854,0.9592430858806404,0.8227848101265823,0.7738095238095238,0.7214975821046622,,,130.0,28.0,659.0,48.0,865.0,178.0,687.0,0.8596450775432124,0.09824844571975132,0.043478260869565216,0.1,0.21739130434782608,1.0,chroma;dwt;envelope;frequency;mfcc;time
mutual_info,40,r0f0,2,40,0.2536339747988273,2.7915419000200927,0.9144508670520232,0.8483268730680535,0.7359550561797753,0.9606986899563319,0.8291139240506329,0.7797619047619048,0.7288985664810175,,,131.0,27.0,660.0,47.0,865.0,178.0,687.0,0.8633386281341805,0.09566296030607364,0.05797101449275363,0.1,0.2898550724637681,1.0,chroma;dwt;envelope;frequency;mfcc;time
mutual_info,50,r0f0,2,50,0.2644564926652386,3.173220600001514,0.9179190751445087,0.85259146590779,0.7415730337078652,0.9636098981077147,0.8407643312101911,0.7880597014925373,0.7396456488769185,,,132.0,25.0,662.0,46.0,865.0,178.0,687.0,0.8685818220724335,0.09199272454929654,0.07246376811594203,0.1,0.36231884057971014,1.0,chroma;dwt;envelope;frequency;mfcc;time
mutual_info,60,r0f0,2,60,0.2748630258041711,3.3520318000228144,0.9213872832369943,0.8589372454737255,0.7528089887640449,0.9650655021834061,0.8481012658227848,0.7976190476190477,0.7511015196100832,,,134.0,24.0,663.0,44.0,865.0,178.0,687.0,0.8744192799070848,0.08790650406504064,0.08695652173913043,0.1,0.43478260869565216,1.0,chroma;dwt;envelope;frequency;mfcc;time
mutual_info,70,r0f0,2,70,0.29167233067373033,3.3309945999644697,0.9202312138728324,0.8519658832572821,0.7359550561797753,0.9679767103347889,0.8562091503267973,0.7915407854984894,0.7458186198800779,,,131.0,22.0,665.0,47.0,865.0,178.0,687.0,0.8711099209836979,0.09022305531141148,0.10144927536231885,0.1,0.5072463768115942,1.0,chroma;dwt;envelope;frequency;mfcc;time
mutual_info,80,r0f0,2,80,0.3035499232733996,3.5878721000044607,0.922543352601156,0.8555026740591728,0.7415730337078652,0.9694323144104804,0.8627450980392157,0.797583081570997,0.7533131088636662,,,132.0,21.0,666.0,46.0,865.0,178.0,687.0,0.874845865303011,0.08760789428789229,0.11594202898550726,0.1,0.5797101449275363,1.0,chroma;dwt;envelope;frequency;mfcc;time
mutual_info,100,r0f0,2,100,0.3344642607717401,3.8966774000437,0.9213872832369943,0.8506124985689285,0.7303370786516854,0.9708879184861717,0.8666666666666667,0.7926829268292683,0.7487677118370614,,,130.0,20.0,667.0,48.0,865.0,178.0,687.0,0.8720903935144915,0.08953672453985596,0.14492753623188406,0.1,0.7246376811594203,1.0,chroma;dwt;envelope;frequency;mfcc;time
mutual_info,120,r0f0,2,120,0.36675125981319145,4.0217637999448925,0.9179190751445087,0.8484290924553914,0.7303370786516854,0.9665211062590975,0.8496732026143791,0.7854984894259819,0.7383241308964896,,,130.0,23.0,664.0,48.0,865.0,178.0,687.0,0.8673739766643849,0.09283821633493058,0.17391304347826086,0.1,0.8695652173913043,1.0,chroma;dwt;envelope;frequency;mfcc;time
mutual_info,138,r0f0,2,138,0.38772588377851536,3.9606849999981932,0.923699421965318,0.8499869159184208,0.7247191011235955,0.975254730713246,0.8835616438356164,0.7962962962962963,0.7554910104225544,,,129.0,17.0,670.0,49.0,865.0,178.0,687.0,0.8746773088878352,0.08772588377851533,0.2,0.1,1.0,1.0,chroma;dwt;envelope;frequency;mfcc;time
anova_f,10,r0f0,2,10,0.21455780427613746,2.1162861000047997,0.9063583815028902,0.8536381924341299,0.7640449438202247,0.9432314410480349,0.7771428571428571,0.7705382436260623,0.711760623026261,,,136.0,39.0,648.0,42.0,865.0,178.0,687.0,0.8558573571071488,0.10089985002499581,0.014492753623188408,0.09916520062795325,0.07246376811594203,0.9916520062795325,dwt;mfcc;time
anova_f,20,r0f0,2,20,0.22986423115534718,2.256684099964332,0.9075144508670521,0.8481224342933779,0.7471910112359551,0.9490538573508006,0.7916666666666666,0.7687861271676301,0.7115072785305876,,,133.0,35.0,652.0,45.0,865.0,178.0,687.0,0.8554913294797688,0.10115606936416183,0.028985507246376815,0.09972265454480853,0.14492753623188406,0.9972265454480852,chroma;dwt;frequency;mfcc;time
anova_f,30,r0f0,2,30,0.25748278219810145,3.025448900007177,0.8971098265895954,0.8249227221431725,0.702247191011236,0.9475982532751092,0.7763975155279503,0.7374631268436578,0.6749928628634259,,,125.0,36.0,651.0,53.0,865.0,178.0,687.0,0.8367401903089604,0.1142818667837277,0.043478260869565216,0.09972265454480853,0.21739130434782608,0.9972265454480852,chroma;dwt;frequency;mfcc;time
anova_f,40,r0f0,2,40,0.2592634153643628,2.964312400028575,0.9098265895953758,0.839172104738073,0.7191011235955056,0.9592430858806404,0.8205128205128205,0.7664670658682635,0.7132685497186909,,,128.0,28.0,659.0,50.0,865.0,178.0,687.0,0.8552965701834154,0.10129240087160919,0.05797101449275363,0.1,0.2898550724637681,1.0,chroma;dwt;envelope;frequency;mfcc;time
anova_f,50,r0f0,2,50,0.2716114317317787,3.3403851999901235,0.9121387283236995,0.8406277088137644,0.7191011235955056,0.9621542940320232,0.8311688311688312,0.7710843373493976,0.7199513955676323,,,128.0,26.0,661.0,50.0,865.0,178.0,687.0,0.8583604805488048,0.09914766361583666,0.07246376811594203,0.1,0.36231884057971014,1.0,chroma;dwt;envelope;frequency;mfcc;time
anova_f,60,r0f0,2,60,0.28155319780154286,3.3178778999717906,0.9179190751445087,0.8401043455505945,0.7078651685393258,0.9723435225618632,0.8689655172413793,0.7801857585139319,0.7361736981505311,,,126.0,19.0,668.0,52.0,865.0,178.0,687.0,0.8648618913394108,0.09459667606241241,0.08695652173913043,0.1,0.43478260869565216,1.0,chroma;dwt;envelope;frequency;mfcc;time
anova_f,70,r0f0,2,70,0.29934442157034846,3.074256099993363,0.9144508670520232,0.8379209394370574,0.7078651685393258,0.9679767103347889,0.8513513513513513,0.7730061349693251,0.7255093832732923,,,126.0,22.0,665.0,52.0,865.0,178.0,687.0,0.8601497911313862,0.09789514620802964,0.10144927536231885,0.1,0.5072463768115942,1.0,chroma;dwt;envelope;frequency;mfcc;time
anova_f,80,r0f0,2,80,0.3081121866000649,3.1951732000452466,0.9190751445086706,0.8470757077670379,0.7247191011235955,0.9694323144104804,0.86,0.7865853658536586,0.7412145448313581,,,129.0,21.0,666.0,49.0,865.0,178.0,687.0,0.8683283462649177,0.09217015761455759,0.11594202898550726,0.1,0.5797101449275363,1.0,chroma;dwt;envelope;frequency;mfcc;time
anova_f,100,r0f0,2,100,0.3388569017626768,4.034269800002221,0.9167630057803469,0.8477012904175458,0.7303370786516854,0.9650655021834061,0.8441558441558441,0.7831325301204819,0.734902131563359,,,130.0,24.0,663.0,48.0,865.0,178.0,687.0,0.8658151920988675,0.09392936553079276,0.14492753623188406,0.1,0.7246376811594203,1.0,chroma;dwt;envelope;frequency;mfcc;time
anova_f,120,r0f0,2,120,0.3708978919631093,3.781467699969653,0.9144508670520232,0.8420833128894558,0.7191011235955056,0.9650655021834061,0.8421052631578947,0.7757575757575758,0.7267477500462102,,,128.0,24.0,663.0,50.0,865.0,178.0,687.0,0.8614502164502165,0.09698484848484847,0.17391304347826086,0.1,0.8695652173913043,1.0,chroma;dwt;envelope;frequency;mfcc;time
anova_f,138,r0f0,2,138,0.38772588377851536,4.134548999951221,0.923699421965318,0.8499869159184208,0.7247191011235955,0.975254730713246,0.8835616438356164,0.7962962962962963,0.7554910104225544,,,129.0,17.0,670.0,49.0,865.0,178.0,687.0,0.8746773088878352,0.08772588377851533,0.2,0.1,1.0,1.0,chroma;dwt;envelope;frequency;mfcc;time
rf_importance,10,r0f0,2,10,0.225607835292774,2.372552499989979,0.8947976878612717,0.8421977986032743,0.7528089887640449,0.9315866084425036,0.7403314917127072,0.7465181058495822,0.6801868608169468,,,134.0,47.0,640.0,44.0,865.0,178.0,687.0,0.8400715985119538,0.11194988104163234,0.014492753623188408,0.09916520062795325,0.07246376811594203,0.9916520062795325,dwt;mfcc;time
rf_importance,20,r0f0,2,20,0.22333705400020343,2.576109700021334,0.9132947976878613,0.858005004661204,0.7640449438202247,0.9519650655021834,0.8047337278106509,0.7838616714697406,0.7300615750669263,,,136.0,33.0,654.0,42.0,865.0,178.0,687.0,0.8648158682728313,0.09462889220901809,0.028985507246376815,0.09972265454480853,0.14492753623188406,0.9972265454480852,chroma;dwt;frequency;mfcc;time
rf_importance,30,r0f0,2,30,0.23679947552429903,3.1933977999724448,0.915606936416185,0.855298235284497,0.7528089887640449,0.9577874818049491,0.8220858895705522,0.7859237536656891,0.7345968428412095,,,134.0,29.0,658.0,44.0,865.0,178.0,687.0,0.866683979064666,0.09332121465473381,0.043478260869565216,0.1,0.21739130434782608,1.0,chroma;dwt;envelope;frequency;mfcc;time
rf_importance,40,r0f0,2,40,0.2499637390420502,2.567233599955216,0.9179190751445087,0.85259146590779,0.7415730337078652,0.9636098981077147,0.8407643312101911,0.7880597014925373,0.7396456488769185,,,132.0,25.0,662.0,46.0,865.0,178.0,687.0,0.8685818220724335,0.09199272454929654,0.05797101449275363,0.1,0.2898550724637681,1.0,chroma;dwt;envelope;frequency;mfcc;time
rf_importance,50,r0f0,2,50,0.26117483556169074,3.0444146000081673,0.9213872832369943,0.8547748720213271,0.7415730337078652,0.9679767103347889,0.8571428571428571,0.7951807228915663,0.7498528675590858,,,132.0,22.0,665.0,46.0,865.0,178.0,687.0,0.8732699036489304,0.08871106744574869,0.07246376811594203,0.1,0.36231884057971014,1.0,chroma;dwt;envelope;frequency;mfcc;time
rf_importance,60,r0f0,2,60,0.2854803724840391,2.7036304000066593,0.9132947976878613,0.8392743241254109,0.7134831460674157,0.9650655021834061,0.8410596026490066,0.7720364741641338,0.7226562778295864,,,127.0,24.0,663.0,51.0,865.0,178.0,687.0,0.8592516417929876,0.09852385074490866,0.08695652173913043,0.1,0.43478260869565216,1.0,chroma;dwt;envelope;frequency;mfcc;time
rf_importance,70,r0f0,2,70,0.29581291172595514,2.963480599981267,0.9167630057803469,0.8456201036913464,0.7247191011235955,0.9665211062590975,0.8486842105263158,0.7818181818181819,0.7342615768270236,,,129.0,23.0,664.0,49.0,865.0,178.0,687.0,0.8651948051948053,0.09436363636363629,0.10144927536231885,0.1,0.5072463768115942,1.0,chroma;dwt;envelope;frequency;mfcc;time
rf_importance,80,r0f0,2,80,0.3065839716708232,2.9933253999915905,0.9202312138728324,0.8498846965310829,0.7303370786516854,0.9694323144104804,0.8609271523178808,0.790273556231003,0.745256432582925,,,130.0,21.0,666.0,48.0,865.0,178.0,687.0,0.8705115104495487,0.09064194268531593,0.11594202898550726,0.1,0.5797101449275363,1.0,chroma;dwt;envelope;frequency;mfcc;time
rf_importance,100,r0f0,2,100,0.3318308276970383,3.4043650000239722,0.923699421965318,0.8541492893708192,0.7359550561797753,0.9723435225618632,0.8733333333333333,0.7987804878048781,0.7563208788427647,,,131.0,19.0,668.0,47.0,865.0,178.0,687.0,0.8758524407640653,0.08690329146515427,0.14492753623188406,0.1,0.7246376811594203,1.0,chroma;dwt;envelope;frequency;mfcc;time
rf_importance,120,r0f0,2,120,0.36718228885010773,3.2406322000315413,0.9179190751445087,0.8463479057291923,0.7247191011235955,0.9679767103347889,0.8543046357615894,0.78419452887538,0.7377230476651454,,,129.0,22.0,665.0,49.0,865.0,178.0,687.0,0.8667582208973617,0.09326924537184683,0.17391304347826086,0.1,0.8695652173913043,1.0,chroma;dwt;envelope;frequency;mfcc;time
rf_importance,138,r0f0,2,138,0.38772588377851536,3.452852799964603,0.923699421965318,0.8499869159184208,0.7247191011235955,0.975254730713246,0.8835616438356164,0.7962962962962963,0.7554910104225544,,,129.0,17.0,670.0,49.0,865.0,178.0,687.0,0.8746773088878352,0.08772588377851533,0.2,0.1,1.0,1.0,chroma;dwt;envelope;frequency;mfcc;time
gb_importance,10,r0f0,2,10,0.21058678809548959,2.049767099961173,0.9121387283236995,0.8531148291709598,0.7528089887640449,0.9534206695778749,0.8072289156626506,0.7790697674418605,0.7250061486100576,,,134.0,32.0,655.0,44.0,865.0,178.0,687.0,0.8621178563039029,0.09651750058726795,0.014492753623188408,0.09957653388503324,0.07246376811594203,0.9957653388503324,dwt;frequency;mfcc;time
gb_importance,20,r0f0,2,20,0.22601479984290065,2.1624855000409298,0.9132947976878613,0.8455178843040086,0.7303370786516854,0.9606986899563319,0.8280254777070064,0.7761194029850746,0.724807105233378,,,130.0,27.0,660.0,48.0,865.0,178.0,687.0,0.8611779810624298,0.09717541325629912,0.028985507246376815,0.09985387934022472,0.14492753623188406,0.9985387934022472,dwt;envelope;frequency;mfcc;time
gb_importance,30,r0f0,2,30,0.23120414464808056,2.3078762000077404,0.923699421965318,0.8499869159184208,0.7247191011235955,0.975254730713246,0.8835616438356164,0.7962962962962963,0.7554910104225544,,,129.0,17.0,670.0,49.0,865.0,178.0,687.0,0.8746773088878352,0.08772588377851533,0.043478260869565216,0.1,0.21739130434782608,1.0,chroma;dwt;envelope;frequency;mfcc;time
gb_importance,40,r0f0,2,40,0.2448743059579079,2.478709599992726,0.923699421965318,0.8541492893708192,0.7359550561797753,0.9723435225618632,0.8733333333333333,0.7987804878048781,0.7563208788427647,,,131.0,19.0,668.0,47.0,865.0,178.0,687.0,0.8758524407640653,0.08690329146515427,0.05797101449275363,0.1,0.2898550724637681,1.0,chroma;dwt;envelope;frequency;mfcc;time
gb_importance,50,r0f0,2,50,0.262000492655798,2.6612144999671727,0.9213872832369943,0.8506124985689285,0.7303370786516854,0.9708879184861717,0.8666666666666667,0.7926829268292683,0.7487677118370614,,,130.0,20.0,667.0,48.0,865.0,178.0,687.0,0.8720903935144915,0.08953672453985596,0.07246376811594203,0.1,0.36231884057971014,1.0,chroma;dwt;envelope;frequency;mfcc;time
gb_importance,60,r0f0,2,60,0.27314869255763574,2.6700620999909006,0.9248554913294798,0.8527959046824657,0.7303370786516854,0.975254730713246,0.8843537414965986,0.8,0.7594881654798253,,,130.0,17.0,670.0,48.0,865.0,178.0,687.0,0.8768683274021353,0.0861921708185053,0.08695652173913043,0.1,0.43478260869565216,1.0,chroma;dwt;envelope;frequency;mfcc;time
gb_importance,70,r0f0,2,70,0.2909859999021748,2.9993090000352822,0.9213872832369943,0.8506124985689285,0.7303370786516854,0.9708879184861717,0.8666666666666667,0.7926829268292683,0.7487677118370614,,,130.0,20.0,667.0,48.0,865.0,178.0,687.0,0.8720903935144915,0.08953672453985596,0.10144927536231885,0.1,0.5072463768115942,1.0,chroma;dwt;envelope;frequency;mfcc;time
gb_importance,80,r0f0,2,80,0.3039566689842923,3.2126294000190683,0.922543352601156,0.8534214873329735,0.7359550561797753,0.9708879184861717,0.8675496688741722,0.7963525835866262,0.7527898175007045,,,131.0,20.0,667.0,47.0,865.0,178.0,687.0,0.8742648000017357,0.08801463999878502,0.11594202898550726,0.1,0.5797101449275363,1.0,chroma;dwt;envelope;frequency;mfcc;time
gb_importance,100,r0f0,2,100,0.3291973946223367,3.985550899989903,0.9260115606936417,0.85768608017271,0.7415730337078652,0.9737991266375546,0.88,0.8048780487804879,0.763874045848468,,,132.0,18.0,669.0,46.0,865.0,178.0,687.0,0.8796144880136391,0.08426985839045265,0.14492753623188406,0.1,0.7246376811594203,1.0,chroma;dwt;envelope;frequency;mfcc;time
gb_importance,120,r0f0,2,120,0.3593873517786561,3.701237700006459,0.9260115606936417,0.8514425199941121,0.7247191011235955,0.9781659388646288,0.8958333333333334,0.8012422360248447,0.7628230214866305,,,129.0,15.0,672.0,49.0,865.0,178.0,687.0,0.8778938452851497,0.08547430830039521,0.17391304347826086,0.1,0.8695652173913043,1.0,chroma;dwt;envelope;frequency;mfcc;time
gb_importance,138,r0f0,2,138,0.38772588377851536,4.160622600000352,0.923699421965318,0.8499869159184208,0.7247191011235955,0.975254730713246,0.8835616438356164,0.7962962962962963,0.7554910104225544,,,129.0,17.0,670.0,49.0,865.0,178.0,687.0,0.8746773088878352,0.08772588377851533,0.2,0.1,1.0,1.0,chroma;dwt;envelope;frequency;mfcc;time
mutual_info,10,r0f1,0,10,0.295226282800817,2.468869199976325,0.8160919540229885,0.7629227053140097,0.6722222222222223,0.8536231884057971,0.545045045045045,0.6019900497512438,0.4886016122371378,,,121.0,101.0,589.0,59.0,870.0,180.0,690.0,0.7412042924391495,0.18115699529259532,0.014492753623188408,0.09957653388503324,0.07246376811594203,0.9957653388503324,dwt;frequency;mfcc;time
mutual_info,20,r0f1,0,20,0.30418669378385615,2.396838399989065,0.8264367816091954,0.7632850241545894,0.6555555555555556,0.8710144927536232,0.5700483091787439,0.6098191214470284,0.5009276605105301,,,118.0,89.0,601.0,62.0,870.0,180.0,690.0,0.7491076390679341,0.17562465265244612,0.028985507246376815,0.09957653388503324,0.14492753623188406,0.9957653388503324,dwt;frequency;mfcc;time
mutual_info,30,r0f1,0,30,0.3173415547116347,2.5861132999998517,0.8275862068965517,0.7660628019323672,0.6611111111111111,0.8710144927536232,0.5721153846153846,0.6134020618556701,0.5053756253644404,,,119.0,89.0,601.0,61.0,870.0,180.0,690.0,0.7512276581467701,0.17414063929726095,0.043478260869565216,0.09972265454480853,0.21739130434782608,0.9972265454480852,chroma;dwt;frequency;mfcc;time
mutual_info,40,r0f1,0,40,0.3220809057530601,3.2241178999538533,0.8402298850574713,0.7760869565217391,0.6666666666666666,0.8855072463768116,0.6030150753768844,0.633245382585752,0.5325358929485475,,,120.0,79.0,611.0,60.0,870.0,180.0,690.0,0.7655572981995622,0.16410989126030645,0.05797101449275363,0.1,0.2898550724637681,1.0,chroma;dwt;envelope;frequency;mfcc;time
mutual_info,50,r0f1,0,50,0.33681849365164673,4.920494200021494,0.8390804597701149,0.7774154589371981,0.6722222222222223,0.8826086956521739,0.599009900990099,0.6335078534031413,0.5323013112933865,,,121.0,81.0,609.0,59.0,870.0,180.0,690.0,0.7652075349489933,0.16435472553570468,0.07246376811594203,0.1,0.36231884057971014,1.0,chroma;dwt;envelope;frequency;mfcc;time
mutual_info,60,r0f1,0,60,0.34721967963386724,3.744660699972883,0.8436781609195402,0.7823671497584541,0.6777777777777778,0.8869565217391304,0.61,0.6421052631578947,0.5436915264021155,,,122.0,78.0,612.0,58.0,870.0,180.0,690.0,0.7710526315789474,0.16026315789473677,0.08695652173913043,0.1,0.43478260869565216,1.0,chroma;dwt;envelope;frequency;mfcc;time
mutual_info,70,r0f1,0,70,0.3561276661447381,3.325258800003212,0.8517241379310345,0.7853864734299517,0.6722222222222223,0.8985507246376812,0.6335078534031413,0.6522911051212938,0.5585635705677016,,,121.0,70.0,620.0,59.0,870.0,180.0,690.0,0.7790308703108295,0.15467839078241932,0.10144927536231885,0.1,0.5072463768115942,1.0,chroma;dwt;envelope;frequency;mfcc;time
mutual_info,80,r0f1,0,80,0.3730185343537006,3.123403099947609,0.8494252873563218,0.7818840579710145,0.6666666666666666,0.8971014492753623,0.6282722513089005,0.6469002695417789,0.5517085796466422,,,120.0,71.0,619.0,60.0,870.0,180.0,690.0,0.7756049923311524,0.1570765053681933,0.11594202898550726,0.1,0.5797101449275363,1.0,chroma;dwt;envelope;frequency;mfcc;time
mutual_info,100,r0f1,0,100,0.3948696670956172,3.589411100023426,0.8540229885057471,0.7971014492753623,0.7,0.8942028985507247,0.6331658291457286,0.6649076517150396,0.5730701210207466,,,126.0,73.0,617.0,54.0,870.0,180.0,690.0,0.7857969559089526,0.14994213086373318,0.14492753623188406,0.1,0.7246376811594203,1.0,chroma;dwt;envelope;frequency;mfcc;time
mutual_info,120,r0f1,0,120,0.4294851053533788,3.6503314999863505,0.8505747126436781,0.7846618357487922,0.6722222222222223,0.8971014492753623,0.6302083333333334,0.6505376344086021,0.5561021549817964,,,121.0,71.0,619.0,59.0,870.0,180.0,690.0,0.77775419732126,0.15557206187511796,0.17391304347826086,0.1,0.8695652173913043,1.0,chroma;dwt;envelope;frequency;mfcc;time
mutual_info,138,r0f1,0,138,0.4559087183537709,3.9627844999777153,0.8517241379310345,0.781280193236715,0.6611111111111111,0.9014492753623189,0.6363636363636364,0.6485013623978202,0.5547518896273314,,,119.0,68.0,622.0,61.0,870.0,180.0,690.0,0.777273259494613,0.15590871835377088,0.2,0.1,1.0,1.0,chroma;dwt;envelope;frequency;mfcc;time
anova_f,10,r0f1,0,10,0.2850129519716796,2.1793150999583304,0.8183908045977012,0.7931159420289855,0.75,0.836231884057971,0.5443548387096774,0.6308411214953271,0.5260284099958259,,,135.0,113.0,577.0,45.0,870.0,180.0,690.0,0.7552071461135172,0.17135499772053792,0.014492753623188408,0.09916520062795325,0.07246376811594203,0.9916520062795325,dwt;mfcc;time
anova_f,20,r0f1,0,20,0.30997912313604825,2.4285450999741443,0.8195402298850575,0.7568840579710145,0.65,0.863768115942029,0.5545023696682464,0.59846547314578,0.4855612399202585,,,117.0,94.0,596.0,63.0,870.0,180.0,690.0,0.741041483793053,0.18127096134486287,0.028985507246376815,0.09972265454480853,0.14492753623188406,0.9972265454480852,chroma;dwt;frequency;mfcc;time
anova_f,30,r0f1,0,30,0.32363013798989115,2.5012984999921173,0.8183908045977012,0.7623188405797101,0.6666666666666666,0.8579710144927536,0.5504587155963303,0.6030150753768844,0.49042006781274955,,,120.0,98.0,592.0,60.0,870.0,180.0,690.0,0.7426401755423915,0.18015187712032596,0.043478260869565216,0.1,0.21739130434782608,1.0,chroma;dwt;envelope;frequency;mfcc;time
anova_f,40,r0f1,0,40,0.33388737275020436,2.787157599988859,0.828735632183908,0.7585748792270531,0.6388888888888888,0.8782608695652174,0.5778894472361809,0.6068601583113457,0.4987573695550482,,,115.0,84.0,606.0,65.0,870.0,180.0,690.0,0.7486909167750704,0.17591635825745072,0.05797101449275363,0.1,0.2898550724637681,1.0,chroma;dwt;envelope;frequency;mfcc;time
anova_f,50,r0f1,0,50,0.33272692601067877,2.959169899986591,0.8436781609195402,0.7823671497584541,0.6777777777777778,0.8869565217391304,0.61,0.6421052631578947,0.5436915264021155,,,122.0,78.0,612.0,58.0,870.0,180.0,690.0,0.7710526315789474,0.16026315789473677,0.07246376811594203,0.1,0.36231884057971014,1.0,chroma;dwt;envelope;frequency;mfcc;time
anova_f,60,r0f1,0,60,0.34870511960000805,2.9391636000364088,0.8425287356321839,0.7795893719806763,0.6722222222222223,0.8869565217391304,0.6080402010050251,0.6385224274406333,0.5392915976272473,,,121.0,78.0,612.0,59.0,870.0,180.0,690.0,0.7689305744844606,0.16174859786087759,0.08695652173913043,0.1,0.43478260869565216,1.0,chroma;dwt;envelope;frequency;mfcc;time
anova_f,70,r0f1,0,70,0.3685580286779687,3.0664881999837235,0.8379310344827586,0.7705314009661836,0.6555555555555556,0.8855072463768116,0.5989847715736041,0.6259946949602122,0.5236822210930887,,,118.0,79.0,611.0,62.0,870.0,180.0,690.0,0.7612732095490716,0.16710875331564984,0.10144927536231885,0.1,0.5072463768115942,1.0,chroma;dwt;envelope;frequency;mfcc;time
anova_f,80,r0f1,0,80,0.378061022729684,3.714955799980089,0.8436781609195402,0.776207729468599,0.6611111111111111,0.8913043478260869,0.6134020618556701,0.6363636363636364,0.5375915187087921,,,119.0,75.0,615.0,61.0,870.0,180.0,690.0,0.7684014375083189,0.16211899374417676,0.11594202898550726,0.1,0.5797101449275363,1.0,chroma;dwt;envelope;frequency;mfcc;time
anova_f,100,r0f1,0,100,0.3996059270143034,3.65458580001723,0.8517241379310345,0.7853864734299517,0.6722222222222223,0.8985507246376812,0.6335078534031413,0.6522911051212938,0.5585635705677016,,,121.0,70.0,620.0,59.0,870.0,180.0,690.0,0.7790308703108295,0.15467839078241932,0.14492753623188406,0.1,0.7246376811594203,1.0,chroma;dwt;envelope;frequency;mfcc;time
anova_f,120,r0f1,0,120,0.43098954884645413,3.8223607999971136,0.8494252873563218,0.7818840579710145,0.6666666666666666,0.8971014492753623,0.6282722513089005,0.6469002695417789,0.5517085796466422,,,120.0,71.0,619.0,60.0,870.0,180.0,690.0,0.7756049923311524,0.1570765053681933,0.17391304347826086,0.1,0.8695652173913043,1.0,chroma;dwt;envelope;frequency;mfcc;time
anova_f,138,r0f1,0,138,0.4559087183537709,3.9783499999903142,0.8517241379310345,0.781280193236715,0.6611111111111111,0.9014492753623189,0.6363636363636364,0.6485013623978202,0.5547518896273314,,,119.0,68.0,622.0,61.0,870.0,180.0,690.0,0.777273259494613,0.15590871835377088,0.2,0.1,1.0,1.0,chroma;dwt;envelope;frequency;mfcc;time
rf_importance,10,r0f1,0,10,0.29843858885310426,2.3421846000128426,0.8045977011494253,0.7721014492753624,0.7166666666666667,0.827536231884058,0.5201612903225806,0.602803738317757,0.48831561916794225,,,129.0,119.0,571.0,51.0,870.0,180.0,690.0,0.7366152837930249,0.18436930134488258,0.014492753623188408,0.09957653388503324,0.07246376811594203,0.9957653388503324,dwt;frequency;mfcc;time
rf_importance,20,r0f1,0,20,0.30165846443524486,2.292662299994845,0.8298850574712644,0.7654589371980676,0.6555555555555556,0.8753623188405797,0.5784313725490197,0.6145833333333334,0.5076167527690728,,,118.0,86.0,604.0,62.0,870.0,180.0,690.0,0.752719395280236,0.1730964233038348,0.028985507246376815,0.09957653388503324,0.14492753623188406,0.9957653388503324,dwt;frequency;mfcc;time
rf_importance,30,r0f1,0,30,0.3095259794143338,2.757714700012002,0.8379310344827586,0.7725845410628019,0.6611111111111111,0.8840579710144928,0.5979899497487438,0.6279683377308707,0.5257801882698476,,,119.0,80.0,610.0,61.0,870.0,180.0,690.0,0.7621840219146638,0.16647118465973532,0.043478260869565216,0.09957653388503324,0.21739130434782608,0.9957653388503324,dwt;frequency;mfcc;time
rf_importance,40,r0f1,0,40,0.32136326511544766,2.657515099970624,0.8379310344827586,0.7828502415458938,0.6888888888888889,0.8768115942028986,0.5933014354066986,0.6375321336760925,0.5363811100654692,,,124.0,85.0,605.0,56.0,870.0,180.0,690.0,0.7665824991104371,0.16339225062269402,0.05797101449275363,0.1,0.2898550724637681,1.0,chroma;dwt;envelope;frequency;mfcc;time
rf_importance,50,r0f1,0,50,0.33272692601067877,2.8887635999708436,0.8436781609195402,0.7823671497584541,0.6777777777777778,0.8869565217391304,0.61,0.6421052631578947,0.5436915264021155,,,122.0,78.0,612.0,58.0,870.0,180.0,690.0,0.7710526315789474,0.16026315789473677,0.07246376811594203,0.1,0.36231884057971014,1.0,chroma;dwt;envelope;frequency;mfcc;time
rf_importance,60,r0f1,0,60,0.3451924191750279,2.892356700031087,0.8471264367816091,0.7824879227053141,0.6722222222222223,0.8927536231884058,0.6205128205128205,0.6453333333333333,0.5488093306989349,,,121.0,74.0,616.0,59.0,870.0,180.0,690.0,0.7739487179487179,0.15823589743589747,0.08695652173913043,0.1,0.43478260869565216,1.0,chroma;dwt;envelope;frequency;mfcc;time
rf_importance,70,r0f1,0,70,0.35670634404565305,4.144325500004925,0.8494252873563218,0.7880434782608696,0.6833333333333333,0.8927536231884058,0.6243654822335025,0.6525198938992043,0.5575812934406325,,,123.0,74.0,616.0,57.0,870.0,180.0,690.0,0.7782041875952368,0.15525706868333422,0.10144927536231885,0.1,0.5072463768115942,1.0,chroma;dwt;envelope;frequency;mfcc;time
rf_importance,80,r0f1,0,80,0.3703342206447796,5.242482799978461,0.8528735632183908,0.7840579710144928,0.6666666666666666,0.9014492753623189,0.6382978723404256,0.6521739130434783,0.5591478537689931,,,120.0,68.0,622.0,60.0,870.0,180.0,690.0,0.7794397262010394,0.1543921916592724,0.11594202898550726,0.1,0.5797101449275363,1.0,chroma;dwt;envelope;frequency;mfcc;time
rf_importance,100,r0f1,0,100,0.40580206715046785,3.9219777999678627,0.8436781609195402,0.7803140096618357,0.6722222222222223,0.8884057971014493,0.6111111111111112,0.6402116402116402,0.5416495237152059,,,121.0,77.0,613.0,59.0,870.0,180.0,690.0,0.7701792415448803,0.1608745309185838,0.14492753623188406,0.1,0.7246376811594203,1.0,chroma;dwt;envelope;frequency;mfcc;time
rf_importance,120,r0f1,0,120,0.42559840368269675,3.9880536000127904,0.8540229885057471,0.7909420289855073,0.6833333333333333,0.8985507246376812,0.6373056994818653,0.6595174262734584,0.5673150017532154,,,123.0,70.0,620.0,57.0,870.0,180.0,690.0,0.7833066282793774,0.15168536020443585,0.17391304347826086,0.1,0.8695652173913043,1.0,chroma;dwt;envelope;frequency;mfcc;time
rf_importance,138,r0f1,0,138,0.4559087183537709,3.757207799993921,0.8517241379310345,0.781280193236715,0.6611111111111111,0.9014492753623189,0.6363636363636364,0.6485013623978202,0.5547518896273314,,,119.0,68.0,622.0,61.0,870.0,180.0,690.0,0.777273259494613,0.15590871835377088,0.2,0.1,1.0,1.0,chroma;dwt;envelope;frequency;mfcc;time
gb_importance,10,r0f1,0,10,0.2838491311906226,2.1667742999852635,0.828735632183908,0.7770531400966183,0.6888888888888889,0.8652173913043478,0.5714285714285714,0.6246851385390428,0.5187611123351333,,,124.0,93.0,597.0,56.0,870.0,180.0,690.0,0.7568697472293129,0.17019117693948096,0.014492753623188408,0.09916520062795325,0.07246376811594203,0.9916520062795325,dwt;mfcc;time
gb_importance,20,r0f1,0,20,0.2857079445620111,2.240980399947148,0.8459770114942529,0.789975845410628,0.6944444444444444,0.8855072463768116,0.6127450980392157,0.6510416666666666,0.5544985547764076,,,125.0,79.0,611.0,55.0,870.0,180.0,690.0,0.7761108038348082,0.15672243731563423,0.028985507246376815,0.1,0.14492753623188406,1.0,chroma;dwt;envelope;frequency;mfcc;time
gb_importance,30,r0f1,0,30,0.2945756967670011,2.3051868999609724,0.8540229885057471,0.7929951690821255,0.6888888888888889,0.8971014492753623,0.6358974358974359,0.6613333333333333,0.5692225037518667,,,124.0,71.0,619.0,56.0,870.0,180.0,690.0,0.7841465201465201,0.15109743589743593,0.043478260869565216,0.1,0.21739130434782608,1.0,chroma;dwt;envelope;frequency;mfcc;time
gb_importance,40,r0f1,0,40,0.31896134789184616,2.44605650001904,0.8459770114942529,0.7756038647342995,0.6555555555555556,0.8956521739130435,0.6210526315789474,0.6378378378378379,0.5404367082269933,,,118.0,72.0,618.0,62.0,870.0,180.0,690.0,0.7700138094298679,0.1609903333990925,0.05797101449275363,0.1,0.2898550724637681,1.0,chroma;dwt;envelope;frequency;mfcc;time
gb_importance,50,r0f1,0,50,0.3295402734841353,2.6888407000224106,0.8494252873563218,0.7818840579710145,0.6666666666666666,0.8971014492753623,0.6282722513089005,0.6469002695417789,0.5517085796466422,,,120.0,71.0,619.0,60.0,870.0,180.0,690.0,0.7756049923311524,0.1570765053681933,0.07246376811594203,0.1,0.36231884057971014,1.0,chroma;dwt;envelope;frequency;mfcc;time
gb_importance,60,r0f1,0,60,0.33227830568930583,2.6015515999752097,0.8620689655172413,0.7960144927536232,0.6833333333333333,0.908695652173913,0.6612903225806451,0.6721311475409836,0.584950673143393,,,123.0,63.0,627.0,57.0,870.0,180.0,690.0,0.7923974514997494,0.14532178395017542,0.08695652173913043,0.1,0.43478260869565216,1.0,chroma;dwt;envelope;frequency;mfcc;time
gb_importance,70,r0f1,0,70,0.35494080428424835,2.950798899983056,0.8540229885057471,0.7847826086956522,0.6666666666666666,0.9028985507246376,0.6417112299465241,0.6539509536784741,0.5616594915162075,,,120.0,67.0,623.0,60.0,870.0,180.0,690.0,0.7807263872543864,0.15349152892192952,0.10144927536231885,0.1,0.5072463768115942,1.0,chroma;dwt;envelope;frequency;mfcc;time
gb_importance,80,r0f1,0,80,0.37337396159819725,2.7673356999875978,0.8505747126436781,0.7785024154589373,0.6555555555555556,0.9014492753623189,0.6344086021505376,0.644808743169399,0.5503452681634696,,,118.0,68.0,622.0,62.0,870.0,180.0,690.0,0.7750972391247286,0.15743193261268995,0.11594202898550726,0.1,0.5797101449275363,1.0,chroma;dwt;envelope;frequency;mfcc;time
gb_importance,100,r0f1,0,100,0.40083625458565497,3.433328300016001,0.8517241379310345,0.781280193236715,0.6611111111111111,0.9014492753623189,0.6363636363636364,0.6485013623978202,0.5547518896273314,,,119.0,68.0,622.0,61.0,870.0,180.0,690.0,0.777273259494613,0.15590871835377088,0.14492753623188406,0.1,0.7246376811594203,1.0,chroma;dwt;envelope;frequency;mfcc;time
gb_importance,120,r0f1,0,120,0.4273899665551839,3.2086999000166543,0.8517241379310345,0.7894927536231884,0.6833333333333333,0.8956521739130435,0.6307692307692307,0.656,0.5624181127342227,,,123.0,72.0,618.0,57.0,870.0,180.0,690.0,0.7807472527472528,0.15347692307692307,0.17391304347826086,0.1,0.8695652173913043,1.0,chroma;dwt;envelope;frequency;mfcc;time
gb_importance,138,r0f1,0,138,0.4559087183537709,3.443380900018383,0.8517241379310345,0.781280193236715,0.6611111111111111,0.9014492753623189,0.6363636363636364,0.6485013623978202,0.5547518896273314,,,119.0,68.0,622.0,61.0,870.0,180.0,690.0,0.777273259494613,0.15590871835377088,0.2,0.1,1.0,1.0,chroma;dwt;envelope;frequency;mfcc;time
mutual_info,10,r0f1,1,10,0.24077280212785798,1.9510875000269152,0.8834498834498834,0.8162894791884543,0.7028571428571428,0.9297218155197657,0.7192982456140351,0.7109826589595376,0.6380690718506431,,,123.0,48.0,635.0,52.0,858.0,175.0,683.0,0.8189949791148052,0.12670351461963633,0.014492753623188408,0.09957653388503324,0.07246376811594203,0.9957653388503324,dwt;frequency;mfcc;time
mutual_info,20,r0f1,1,20,0.24284290564818511,2.1256507000070997,0.8962703962703963,0.8307174231332357,0.72,0.9414348462664714,0.7590361445783133,0.7390029325513197,0.6746978962229602,,,126.0,40.0,643.0,49.0,858.0,175.0,683.0,0.8371378299120235,0.11400351906158357,0.028985507246376815,0.09985387934022472,0.14492753623188406,0.9985387934022472,dwt;envelope;frequency;mfcc;time
mutual_info,30,r0f1,1,30,0.2593991833918006,2.2366424999781884,0.8962703962703963,0.8222171093913407,0.6971428571428572,0.9472913616398243,0.7721518987341772,0.7327327327327328,0.6699315107362462,,,122.0,36.0,647.0,53.0,858.0,175.0,683.0,0.8341899383114133,0.11606704318201068,0.043478260869565216,0.09985387934022472,0.21739130434782608,0.9985387934022472,dwt;envelope;frequency;mfcc;time
mutual_info,40,r0f1,1,40,0.27130038785999633,2.6200735999736935,0.8974358974358975,0.8293244091194312,0.7142857142857143,0.9443631039531479,0.7668711656441718,0.7396449704142012,0.6765456229445642,,,125.0,38.0,645.0,50.0,858.0,175.0,683.0,0.8378921513899743,0.11347549402701798,0.05797101449275363,0.09985387934022472,0.2898550724637681,0.9985387934022472,dwt;envelope;frequency;mfcc;time
mutual_info,50,r0f1,1,50,0.28286817988064794,2.5179252000525594,0.8997668997668997,0.8350386948337168,0.7257142857142858,0.9443631039531479,0.7696969696969697,0.7470588235294118,0.6850870379442799,,,127.0,38.0,645.0,48.0,858.0,175.0,683.0,0.8422794117647059,0.11040441176470588,0.07246376811594203,0.1,0.36231884057971014,1.0,chroma;dwt;envelope;frequency;mfcc;time
mutual_info,60,r0f1,1,60,0.29130512164420874,2.697953300026711,0.9044289044289044,0.8464672662622883,0.7485714285714286,0.9443631039531479,0.7751479289940828,0.7616279069767442,0.7020509283100907,,,131.0,38.0,645.0,44.0,858.0,175.0,683.0,0.8509305715641738,0.1043485999050783,0.08695652173913043,0.1,0.43478260869565216,1.0,chroma;dwt;envelope;frequency;mfcc;time
mutual_info,70,r0f1,1,70,0.3041510537480918,2.8615917999995872,0.9067599067599068,0.8458063166701527,0.7428571428571429,0.9487554904831625,0.7878787878787878,0.7647058823529411,0.7071046683355671,,,130.0,35.0,648.0,45.0,858.0,175.0,683.0,0.85328317373461,0.10270177838577296,0.10144927536231885,0.1,0.5072463768115942,1.0,chroma;dwt;envelope;frequency;mfcc;time
mutual_info,80,r0f1,1,80,0.3278783275954133,2.8942199000157416,0.8986013986013986,0.832181551976574,0.72,0.9443631039531479,0.7682926829268293,0.7433628318584071,0.6808214378019599,,,126.0,38.0,645.0,49.0,858.0,175.0,683.0,0.8400910019858485,0.11193629860990603,0.11594202898550726,0.1,0.5797101449275363,1.0,chroma;dwt;envelope;frequency;mfcc;time
mutual_info,100,r0f1,1,100,0.3599496031405587,3.6403704000404105,0.8962703962703963,0.8264672662622883,0.7085714285714285,0.9443631039531479,0.7654320987654321,0.7359050445103857,0.6722594059151403,,,124.0,38.0,645.0,51.0,858.0,175.0,683.0,0.8356827615590363,0.11502206690867457,0.14492753623188406,0.1,0.7246376811594203,1.0,chroma;dwt;envelope;frequency;mfcc;time
mutual_info,120,r0f1,1,120,0.3904784393726891,4.229457299981732,0.8939393939393939,0.8271282158544238,0.7142857142857143,0.9399707174231332,0.7530120481927711,0.7331378299120235,0.667375540547895,,,125.0,41.0,642.0,50.0,858.0,175.0,683.0,0.8334780058651026,0.1165653958944282,0.17391304347826086,0.1,0.8695652173913043,1.0,chroma;dwt;envelope;frequency;mfcc;time
mutual_info,138,r0f1,1,138,0.43211956521739137,4.005404199997429,0.8811188811188811,0.8020748797322736,0.6685714285714286,0.9355783308931186,0.7267080745341615,0.6964285714285714,0.6235117699761924,,,117.0,44.0,639.0,58.0,858.0,175.0,683.0,0.8112577639751553,0.13211956521739132,0.2,0.1,1.0,1.0,chroma;dwt;envelope;frequency;mfcc;time
anova_f,10,r0f1,1,10,0.2524334130129887,2.472073500044644,0.8717948717948718,0.8004685212298683,0.68,0.9209370424597365,0.6878612716763006,0.6839080459770115,0.6035177034704313,,,119.0,54.0,629.0,56.0,858.0,175.0,683.0,0.8017493446259327,0.13877545876184708,0.014492753623188408,0.09916520062795325,0.07246376811594203,0.9916520062795325,dwt;mfcc;time
anova_f,20,r0f1,1,20,0.2597783930549158,2.665790900005959,0.8776223776223776,0.8147542355155826,0.7085714285714285,0.9209370424597365,0.6966292134831461,0.7025495750708215,0.6255564368848593,,,124.0,54.0,629.0,51.0,858.0,175.0,683.0,0.812756812480385,0.1310702312637305,0.028985507246376815,0.09972265454480853,0.14492753623188406,0.9972265454480852,chroma;dwt;frequency;mfcc;time
anova_f,30,r0f1,1,30,0.2676477051968088,2.850042100006249,0.8857808857808858,0.8198786864672662,0.7085714285714285,0.931185944363104,0.7251461988304093,0.7167630057803468,0.6453097874221737,,,124.0,47.0,636.0,51.0,858.0,175.0,683.0,0.8226150795325091,0.12416944432724361,0.043478260869565216,0.1,0.21739130434782608,1.0,chroma;dwt;envelope;frequency;mfcc;time
anova_f,40,r0f1,1,40,0.2870878236095627,2.830403700005263,0.87995337995338,0.8162183643589207,0.7085714285714285,0.9238653001464129,0.7045454545454546,0.7065527065527065,0.6310996488979917,,,124.0,52.0,631.0,51.0,858.0,175.0,683.0,0.8155474155474156,0.12911680911680906,0.05797101449275363,0.1,0.2898550724637681,1.0,chroma;dwt;envelope;frequency;mfcc;time
anova_f,50,r0f1,1,50,0.2818268184819423,3.092743899964262,0.9009324009324009,0.8357707592553859,0.7257142857142858,0.9458272327964861,0.774390243902439,0.7492625368731564,0.6881776839438358,,,127.0,37.0,646.0,48.0,858.0,175.0,683.0,0.8437670709057139,0.10936305036600026,0.07246376811594203,0.1,0.36231884057971014,1.0,chroma;dwt;envelope;frequency;mfcc;time
anova_f,60,r0f1,1,60,0.2937463238612248,3.0424888000125065,0.9032634032634033,0.8393599665341979,0.7314285714285714,0.9472913616398243,0.7804878048780488,0.7551622418879056,0.6955339300857117,,,128.0,36.0,647.0,47.0,858.0,175.0,683.0,0.8474431398255795,0.10678980212209434,0.08695652173913043,0.1,0.43478260869565216,1.0,chroma;dwt;envelope;frequency;mfcc;time
anova_f,70,r0f1,1,70,0.31284420289855075,3.187772099976428,0.8997668997668997,0.8307885379627693,0.7142857142857143,0.9472913616398243,0.7763975155279503,0.7440476190476191,0.6827795378940524,,,125.0,36.0,647.0,50.0,858.0,175.0,683.0,0.8408643892339545,0.11139492753623187,0.10144927536231885,0.1,0.5072463768115942,1.0,chroma;dwt;envelope;frequency;mfcc;time
anova_f,80,r0f1,1,80,0.3253808044957113,3.4599475999712013,0.8997668997668997,0.8392888517046643,0.7371428571428571,0.9414348462664714,0.7633136094674556,0.75,0.6875052176623224,,,129.0,40.0,643.0,46.0,858.0,175.0,683.0,0.8436588921282799,0.10943877551020403,0.11594202898550726,0.1,0.5797101449275363,1.0,chroma;dwt;envelope;frequency;mfcc;time
anova_f,100,r0f1,1,100,0.357938033171598,3.858547299983911,0.8962703962703963,0.8349675800041833,0.7314285714285714,0.9385065885797951,0.7529411764705882,0.7420289855072464,0.6772413514949265,,,128.0,42.0,641.0,47.0,858.0,175.0,683.0,0.8385564329432658,0.11301049693971396,0.14492753623188406,0.1,0.7246376811594203,1.0,chroma;dwt;envelope;frequency;mfcc;time
anova_f,120,r0f1,1,120,0.3894525441622554,3.88965729996562,0.8951048951048951,0.8278602802760928,0.7142857142857143,0.9414348462664714,0.7575757575757576,0.7352941176470589,0.6704086176834219,,,125.0,40.0,643.0,50.0,858.0,175.0,683.0,0.8349435704514364,0.1155395006839945,0.17391304347826086,0.1,0.8695652173913043,1.0,chroma;dwt;envelope;frequency;mfcc;time
anova_f,138,r0f1,1,138,0.43211956521739137,4.096839800011367,0.8811188811188811,0.8020748797322736,0.6685714285714286,0.9355783308931186,0.7267080745341615,0.6964285714285714,0.6235117699761924,,,117.0,44.0,639.0,58.0,858.0,175.0,683.0,0.8112577639751553,0.13211956521739132,0.2,0.1,1.0,1.0,chroma;dwt;envelope;frequency;mfcc;time
rf_importance,10,r0f1,1,10,0.25686732467573903,2.4339205999858677,0.8671328671328671,0.795415185107718,0.6742857142857143,0.9165446559297218,0.6742857142857143,0.6742857142857143,0.590830370215436,,,118.0,57.0,626.0,57.0,858.0,175.0,683.0,0.795415185107718,0.14320937042459736,0.014492753623188408,0.09916520062795325,0.07246376811594203,0.9916520062795325,dwt;mfcc;time
rf_importance,20,r0f1,1,20,0.238086379663699,2.473065400030464,0.8986013986013986,0.8428069441539427,0.7485714285714286,0.9370424597364568,0.7528735632183908,0.7507163323782235,0.6870784188910628,,,131.0,43.0,640.0,44.0,858.0,175.0,683.0,0.8435366592395872,0.10952433853228895,0.028985507246376815,0.09957653388503324,0.14492753623188406,0.9957653388503324,dwt;frequency;mfcc;time
rf_importance,30,r0f1,1,30,0.2444176064503075,2.8414602000266314,0.9067599067599068,0.852181551976574,0.76,0.9443631039531479,0.7777777777777778,0.7687861271676301,0.7104762275659484,,,133.0,38.0,645.0,42.0,858.0,175.0,683.0,0.8551959832918442,0.10136281169570904,0.043478260869565216,0.09957653388503324,0.21739130434782608,0.9957653388503324,dwt;frequency;mfcc;time
rf_importance,40,r0f1,1,40,0.25789820761596954,2.743453499977477,0.9067599067599068,0.8585567872829951,0.7771428571428571,0.9399707174231332,0.768361581920904,0.7727272727272727,0.714096871783772,,,136.0,41.0,642.0,39.0,858.0,175.0,683.0,0.8570381231671554,0.10007331378299118,0.05797101449275363,0.09985387934022472,0.2898550724637681,0.9985387934022472,dwt;envelope;frequency;mfcc;time
rf_importance,50,r0f1,1,50,0.27740121588382827,3.006278900022153,0.9032634032634033,0.8478602802760928,0.7542857142857143,0.9414348462664714,0.7674418604651163,0.760806916426513,0.7002255173016217,,,132.0,40.0,643.0,43.0,858.0,175.0,683.0,0.8500893603315911,0.10493744776788622,0.07246376811594203,0.1,0.36231884057971014,1.0,chroma;dwt;envelope;frequency;mfcc;time
rf_importance,60,r0f1,1,60,0.29742745694986206,2.9672214000020176,0.8986013986013986,0.8385567872829951,0.7371428571428571,0.9399707174231332,0.7588235294117647,0.7478260869565218,0.6844980525412417,,,129.0,41.0,642.0,46.0,858.0,175.0,683.0,0.8421843782703834,0.11047093521073162,0.08695652173913043,0.1,0.43478260869565216,1.0,chroma;dwt;envelope;frequency;mfcc;time
rf_importance,70,r0f1,1,70,0.3080019819150255,3.3559706999803893,0.9009324009324009,0.8485212298682284,0.76,0.9370424597364568,0.7556818181818182,0.7578347578347578,0.6955687923098646,,,133.0,43.0,640.0,42.0,858.0,175.0,683.0,0.8477818477818477,0.10655270655270659,0.10144927536231885,0.1,0.5072463768115942,1.0,chroma;dwt;envelope;frequency;mfcc;time
rf_importance,80,r0f1,1,80,0.3274411218507872,3.519404900027439,0.8974358974358975,0.837824722861326,0.7371428571428571,0.9385065885797951,0.7543859649122807,0.7456647398843931,0.6815133652798263,,,129.0,42.0,641.0,46.0,858.0,175.0,683.0,0.8407155816210287,0.11149909286527993,0.11594202898550726,0.1,0.5797101449275363,1.0,chroma;dwt;envelope;frequency;mfcc;time
rf_importance,100,r0f1,1,100,0.3578994924562343,3.8798141999868676,0.8974358974358975,0.8314494875549048,0.72,0.9428989751098097,0.7636363636363637,0.7411764705882353,0.6777478278138509,,,126.0,39.0,644.0,49.0,858.0,175.0,683.0,0.8386114911080711,0.11297195622435023,0.14492753623188406,0.1,0.7246376811594203,1.0,chroma;dwt;envelope;frequency;mfcc;time
rf_importance,120,r0f1,1,120,0.394587633081544,3.578381299972534,0.8904428904428905,0.8206818657184689,0.7028571428571428,0.9385065885797951,0.7454545454545455,0.7235294117647059,0.6557301974225638,,,123.0,42.0,641.0,52.0,858.0,175.0,683.0,0.8276077291381669,0.12067458960328313,0.17391304347826086,0.1,0.8695652173913043,1.0,chroma;dwt;envelope;frequency;mfcc;time
rf_importance,138,r0f1,1,138,0.43211956521739137,3.661556900013238,0.8811188811188811,0.8020748797322736,0.6685714285714286,0.9355783308931186,0.7267080745341615,0.6964285714285714,0.6235117699761924,,,117.0,44.0,639.0,58.0,858.0,175.0,683.0,0.8112577639751553,0.13211956521739132,0.2,0.1,1.0,1.0,chroma;dwt;envelope;frequency;mfcc;time
gb_importance,10,r0f1,1,10,0.2353995165063585,2.0253556999959983,0.8869463869463869,0.8269859861953566,0.7257142857142858,0.9282576866764275,0.7215909090909091,0.7236467236467237,0.6525893633686161,,,127.0,49.0,634.0,48.0,858.0,175.0,683.0,0.8262922262922263,0.12159544159544157,0.014492753623188408,0.09931132128772854,0.07246376811594203,0.9931132128772854,chroma;dwt;mfcc;time
gb_importance,20,r0f1,1,20,0.23870283595752395,2.131933999946341,0.8986013986013986,0.8406818657184689,0.7428571428571429,0.9385065885797951,0.7558139534883721,0.7492795389048992,0.6857757242898176,,,130.0,42.0,641.0,45.0,858.0,175.0,683.0,0.8428647511909448,0.10999467416633861,0.028985507246376815,0.09972265454480853,0.14492753623188406,0.9972265454480852,chroma;dwt;frequency;mfcc;time
gb_importance,30,r0f1,1,30,0.24796699763025462,2.3631577999913134,0.9032634032634033,0.8499853587115667,0.76,0.9399707174231332,0.764367816091954,0.7621776504297995,0.701465915435421,,,133.0,41.0,642.0,42.0,858.0,175.0,683.0,0.850730376056158,0.10448873676068941,0.043478260869565216,0.1,0.21739130434782608,1.0,chroma;dwt;envelope;frequency;mfcc;time
gb_importance,40,r0f1,1,40,0.26260776503408123,2.4999846999999136,0.9020979020979021,0.853503451160845,0.7714285714285715,0.9355783308931186,0.7541899441340782,0.7627118644067796,0.701118823746326,,,135.0,44.0,639.0,40.0,858.0,175.0,683.0,0.8505189277981035,0.10463675054132758,0.05797101449275363,0.1,0.2898550724637681,1.0,chroma;dwt;envelope;frequency;mfcc;time
gb_importance,50,r0f1,1,50,0.27547401701784546,3.2484418000094593,0.9044289044289044,0.8528425015687094,0.7657142857142857,0.9399707174231332,0.7657142857142857,0.7657142857142857,0.705685003137419,,,134.0,41.0,642.0,41.0,858.0,175.0,683.0,0.8528425015687094,0.10301024890190338,0.07246376811594203,0.1,0.36231884057971014,1.0,chroma;dwt;envelope;frequency;mfcc;time
gb_importance,60,r0f1,1,60,0.2953590961702139,3.199012099998072,0.9009324009324009,0.8400209161263335,0.7371428571428571,0.9428989751098097,0.7678571428571429,0.7521865889212828,0.690535195472824,,,129.0,39.0,644.0,46.0,858.0,175.0,683.0,0.8451391793841665,0.10840257443108345,0.08695652173913043,0.1,0.43478260869565216,1.0,chroma;dwt;envelope;frequency;mfcc;time
gb_importance,70,r0f1,1,70,0.3124024986035454,3.384749999968335,0.8986013986013986,0.8364317088475215,0.7314285714285714,0.9414348462664714,0.7619047619047619,0.7463556851311953,0.6832460146244729,,,128.0,40.0,643.0,47.0,858.0,175.0,683.0,0.8414953953696763,0.11095322324122657,0.10144927536231885,0.1,0.5072463768115942,1.0,chroma;dwt;envelope;frequency;mfcc;time
gb_importance,80,r0f1,1,80,0.3237788962905688,3.339938799967058,0.9020979020979021,0.8386279021125287,0.7314285714285714,0.9458272327964861,0.7757575757575758,0.7529411764705882,0.692426248074709,,,128.0,37.0,646.0,47.0,858.0,175.0,683.0,0.8459473324213407,0.10783686730506152,0.11594202898550726,0.1,0.5797101449275363,1.0,chroma;dwt;envelope;frequency;mfcc;time
gb_importance,100,r0f1,1,100,0.35582404175828797,3.7997083999798633,0.8997668997668997,0.832913616398243,0.72,0.9458272327964861,0.7730061349693251,0.7455621301775148,0.6839190893718292,,,126.0,37.0,646.0,49.0,858.0,175.0,683.0,0.8415764206765659,0.11089650552640386,0.14492753623188406,0.1,0.7246376811594203,1.0,chroma;dwt;envelope;frequency;mfcc;time
gb_importance,120,r0f1,1,120,0.3957532171124729,4.111003700003494,0.8916083916083916,0.8129136163982431,0.68,0.9458272327964861,0.7628205128205128,0.7190332326283988,0.6538121371775509,,,119.0,37.0,646.0,56.0,858.0,175.0,683.0,0.8259426090939828,0.12184017363421205,0.17391304347826086,0.1,0.8695652173913043,1.0,chroma;dwt;envelope;frequency;mfcc;time
gb_importance,138,r0f1,1,138,0.43211956521739137,4.447146399994381,0.8811188811188811,0.8020748797322736,0.6685714285714286,0.9355783308931186,0.7267080745341615,0.6964285714285714,0.6235117699761924,,,117.0,44.0,639.0,58.0,858.0,175.0,683.0,0.8112577639751553,0.13211956521739132,0.2,0.1,1.0,1.0,chroma;dwt;envelope;frequency;mfcc;time
mutual_info,10,r0f1,2,10,0.2279581763971105,2.393561100005172,0.8885017421602788,0.8560426343729264,0.8011363636363636,0.910948905109489,0.698019801980198,0.746031746031746,0.6776652703047593,,,141.0,61.0,624.0,35.0,861.0,176.0,685.0,0.8373015873015873,0.11388888888888886,0.014492753623188408,0.09957653388503324,0.07246376811594203,0.9957653388503324,dwt;frequency;mfcc;time
mutual_info,20,r0f1,2,20,0.23158043098833314,2.4218726999824867,0.9012775842044135,0.8640718314532183,0.8011363636363636,0.927007299270073,0.7382198952879581,0.7683923705722071,0.7067480336445351,,,141.0,50.0,635.0,35.0,861.0,176.0,685.0,0.852830871632967,0.10301838985692309,0.028985507246376815,0.09957653388503324,0.14492753623188406,0.9957653388503324,dwt;frequency;mfcc;time
mutual_info,30,r0f1,2,30,0.24621930527129685,2.686494599969592,0.9012775842044135,0.8640718314532183,0.8011363636363636,0.927007299270073,0.7382198952879581,0.7683923705722071,0.7067480336445351,,,141.0,50.0,635.0,35.0,861.0,176.0,685.0,0.852830871632967,0.10301838985692309,0.043478260869565216,0.09972265454480853,0.21739130434782608,0.9972265454480852,chroma;dwt;frequency;mfcc;time
mutual_info,40,r0f1,2,40,0.2585037048798561,3.118203599995468,0.9024390243902439,0.8711347047113471,0.8181818181818182,0.9240875912408759,0.7346938775510204,0.7741935483870968,0.7138785354497815,,,144.0,52.0,633.0,32.0,861.0,176.0,685.0,0.8559856630824373,0.1008100358422939,0.05797101449275363,0.09972265454480853,0.2898550724637681,0.9972265454480852,chroma;dwt;frequency;mfcc;time
mutual_info,50,r0f1,2,50,0.27779693640029657,3.047616600000765,0.8977932636469221,0.8639930325149303,0.8068181818181818,0.9211678832116789,0.7244897959183674,0.7634408602150538,0.7001415110661264,,,142.0,54.0,631.0,34.0,861.0,176.0,685.0,0.8491278375149343,0.10561051373954601,0.07246376811594203,0.09972265454480853,0.36231884057971014,0.9972265454480852,chroma;dwt;frequency;mfcc;time
mutual_info,60,r0f1,2,60,0.2972467979388952,3.090363900002558,0.8943089430894309,0.8533593231585932,0.7840909090909091,0.9226277372262773,0.7225130890052356,0.7520435967302452,0.6859525655018702,,,138.0,53.0,632.0,38.0,861.0,176.0,685.0,0.8424424625717647,0.11029027619976471,0.08695652173913043,0.1,0.43478260869565216,1.0,chroma;dwt;envelope;frequency;mfcc;time
mutual_info,70,r0f1,2,70,0.30888953158306287,3.2187045000027865,0.8966318234610917,0.8590411413404113,0.7954545454545454,0.9226277372262773,0.7253886010362695,0.7588075880758808,0.694398773968069,,,140.0,53.0,632.0,36.0,861.0,176.0,685.0,0.8465139196846514,0.10744025622074402,0.10144927536231885,0.1,0.5072463768115942,1.0,chroma;dwt;envelope;frequency;mfcc;time
mutual_info,80,r0f1,2,80,0.3221341596462348,3.300400800013449,0.8966318234610917,0.8653740875912409,0.8125,0.9182481751824818,0.7185929648241206,0.7626666666666667,0.6990589917208659,,,143.0,56.0,629.0,33.0,861.0,176.0,685.0,0.8482969561989606,0.10619213066072757,0.11594202898550726,0.1,0.5797101449275363,1.0,chroma;dwt;envelope;frequency;mfcc;time
mutual_info,100,r0f1,2,100,0.34169396099586835,3.636642800003756,0.9070847851335656,0.8740544127405441,0.8181818181818182,0.92992700729927,0.75,0.782608695652174,0.7247741989176032,,,144.0,48.0,637.0,32.0,861.0,176.0,685.0,0.8617622503371652,0.09676642476398432,0.14492753623188406,0.1,0.7246376811594203,1.0,chroma;dwt;envelope;frequency;mfcc;time
mutual_info,120,r0f1,2,120,0.36788913495435227,4.02428479999071,0.9094076655052264,0.8797362309223623,0.8295454545454546,0.92992700729927,0.7525773195876289,0.7891891891891892,0.7330774641491199,,,146.0,48.0,637.0,30.0,861.0,176.0,685.0,0.8657484407484408,0.09397609147609143,0.17391304347826086,0.1,0.8695652173913043,1.0,chroma;dwt;envelope;frequency;mfcc;time
mutual_info,138,r0f1,2,138,0.39574650351408136,4.022581099998206,0.908246225319396,0.8747843397478434,0.8181818181818182,0.9313868613138686,0.7539267015706806,0.784741144414169,0.7275435017872,,,144.0,47.0,638.0,32.0,861.0,176.0,685.0,0.8632192806941694,0.0957465035140814,0.2,0.1,1.0,1.0,chroma;dwt;envelope;frequency;mfcc;time
anova_f,10,r0f1,2,10,0.25442308878028963,2.430019900028128,0.8606271777003485,0.8195255474452554,0.75,0.8890510948905109,0.6346153846153846,0.6875,0.6020727131915117,,,132.0,76.0,609.0,44.0,861.0,176.0,685.0,0.7989069506726457,0.140765134529148,0.014492753623188408,0.09916520062795325,0.07246376811594203,0.9916520062795325,dwt;mfcc;time
anova_f,20,r0f1,2,20,0.2573717652714864,2.748326500004623,0.875725900116144,0.829014598540146,0.75,0.908029197080292,0.676923076923077,0.7115902964959568,0.6340045334105318,,,132.0,63.0,622.0,44.0,861.0,176.0,685.0,0.8161948521709984,0.12866360348030112,0.028985507246376815,0.09972265454480853,0.14492753623188406,0.9972265454480852,chroma;dwt;frequency;mfcc;time
anova_f,30,r0f1,2,30,0.24462036604540568,2.450557200005278,0.9012775842044135,0.8725157597876576,0.8238636363636364,0.9211678832116789,0.7286432160804021,0.7733333333333333,0.7127229332382876,,,145.0,54.0,631.0,31.0,861.0,176.0,685.0,0.8551150705270972,0.10141945063103193,0.043478260869565216,0.09972265454480853,0.21739130434782608,0.9972265454480852,chroma;dwt;frequency;mfcc;time
anova_f,40,r0f1,2,40,0.26683324235223593,2.5532834000186995,0.8954703832752613,0.8562002322495024,0.7897727272727273,0.9226277372262773,0.7239583333333334,0.7554347826086957,0.690179634806149,,,139.0,53.0,632.0,37.0,861.0,176.0,685.0,0.844482531629311,0.10886222785948231,0.05797101449275363,0.1,0.2898550724637681,1.0,chroma;dwt;envelope;frequency;mfcc;time
anova_f,50,r0f1,2,50,0.2800563195686785,2.677187200053595,0.8954703832752613,0.8625331785003318,0.8068181818181818,0.9182481751824818,0.7171717171717171,0.7593582887700535,0.6948483246083342,,,142.0,56.0,629.0,34.0,861.0,176.0,685.0,0.8462963550675193,0.10759255145273647,0.07246376811594203,0.1,0.36231884057971014,1.0,chroma;dwt;envelope;frequency;mfcc;time
anova_f,60,r0f1,2,60,0.2847392268389087,2.8337921000202186,0.9059233449477352,0.873324485733245,0.8181818181818182,0.9284671532846716,0.7461139896373057,0.7804878048780488,0.722023287408281,,,144.0,49.0,636.0,32.0,861.0,176.0,685.0,0.8603104212860311,0.09778270509977824,0.08695652173913043,0.1,0.43478260869565216,1.0,chroma;dwt;envelope;frequency;mfcc;time
anova_f,70,r0f1,2,70,0.3036586799962029,3.1921779999975115,0.9012775842044135,0.868293795620438,0.8125,0.9240875912408759,0.7333333333333333,0.77088948787062,0.7096947584890769,,,143.0,52.0,633.0,33.0,861.0,176.0,685.0,0.853986564808737,0.10220940463388407,0.10144927536231885,0.1,0.5072463768115942,1.0,chroma;dwt;envelope;frequency;mfcc;time
anova_f,80,r0f1,2,80,0.31195158693054903,3.1996047999709845,0.9070847851335656,0.8782763769077637,0.8295454545454546,0.927007299270073,0.7448979591836735,0.7849462365591398,0.7276155598334365,,,146.0,50.0,635.0,30.0,861.0,176.0,685.0,0.8628434886499403,0.09600955794504178,0.11594202898550726,0.1,0.5797101449275363,1.0,chroma;dwt;envelope;frequency;mfcc;time
anova_f,100,r0f1,2,100,0.3413132710791573,3.8328989000292495,0.9070847851335656,0.8761653948241539,0.8238636363636364,0.9284671532846716,0.7474226804123711,0.7837837837837838,0.7261839963717407,,,145.0,49.0,636.0,31.0,861.0,176.0,685.0,0.8623060930753239,0.09638573484727325,0.14492753623188406,0.1,0.7246376811594203,1.0,chroma;dwt;envelope;frequency;mfcc;time
anova_f,120,r0f1,2,120,0.3662071582807175,3.792465800011996,0.9117305458768873,0.8790851028533511,0.8238636363636364,0.9343065693430657,0.7631578947368421,0.7923497267759563,0.7372762986274909,,,145.0,45.0,640.0,31.0,861.0,176.0,685.0,0.8681512645679191,0.0922941148024566,0.17391304347826086,0.1,0.8695652173913043,1.0,chroma;dwt;envelope;frequency;mfcc;time
anova_f,138,r0f1,2,138,0.39574650351408136,3.730618899979163,0.908246225319396,0.8747843397478434,0.8181818181818182,0.9313868613138686,0.7539267015706806,0.784741144414169,0.7275435017872,,,144.0,47.0,638.0,32.0,861.0,176.0,685.0,0.8632192806941694,0.0957465035140814,0.2,0.1,1.0,1.0,chroma;dwt;envelope;frequency;mfcc;time
rf_importance,10,r0f1,2,10,0.24738483205383224,2.390478199988138,0.867595818815331,0.8302380557398805,0.7670454545454546,0.8934306569343066,0.6490384615384616,0.703125,0.6222579815858535,,,135.0,73.0,612.0,41.0,861.0,176.0,685.0,0.8089616031390134,0.13372687780269057,0.014492753623188408,0.09916520062795325,0.07246376811594203,0.9916520062795325,dwt;mfcc;time
rf_importance,20,r0f1,2,20,0.23434788712748555,2.312110600003507,0.8966318234610917,0.8674850696748507,0.8181818181818182,0.9167883211678832,0.7164179104477612,0.7639257294429708,0.7006503090894591,,,144.0,57.0,628.0,32.0,861.0,176.0,685.0,0.8488773628627493,0.10578584599607549,0.028985507246376815,0.09957653388503324,0.14492753623188406,0.9957653388503324,dwt;frequency;mfcc;time
rf_importance,30,r0f1,2,30,0.24950256920156583,2.302181600010954,0.8977932636469221,0.8618820504313205,0.8011363636363636,0.9226277372262773,0.7268041237113402,0.7621621621621621,0.698610125262224,,,141.0,53.0,632.0,35.0,861.0,176.0,685.0,0.8485367023828563,0.1060243083320006,0.043478260869565216,0.1,0.21739130434782608,1.0,chroma;dwt;envelope;frequency;mfcc;time
rf_importance,40,r0f1,2,40,0.2625853462944937,2.480270499945618,0.8989547038327527,0.8647229595222296,0.8068181818181818,0.9226277372262773,0.7282051282051282,0.7654986522911051,0.7028138289364819,,,142.0,53.0,632.0,34.0,861.0,176.0,685.0,0.8505509545689427,0.10461433180174011,0.05797101449275363,0.1,0.2898550724637681,1.0,chroma;dwt;envelope;frequency;mfcc;time
rf_importance,50,r0f1,2,50,0.26874077402248264,2.873519699962344,0.9059233449477352,0.8817684140676841,0.8409090909090909,0.9226277372262773,0.736318407960199,0.7851458885941645,0.727883060810569,,,148.0,53.0,632.0,28.0,861.0,176.0,685.0,0.8624614201335135,0.09627700590654058,0.07246376811594203,0.1,0.36231884057971014,1.0,chroma;dwt;envelope;frequency;mfcc;time
rf_importance,60,r0f1,2,60,0.2893722689491459,3.3389122000080533,0.9001161440185831,0.8717858327803583,0.8238636363636364,0.9197080291970803,0.725,0.7712765957446809,0.710082360606221,,,145.0,55.0,630.0,31.0,861.0,176.0,685.0,0.8536917896999778,0.1024157472100155,0.08695652173913043,0.1,0.43478260869565216,1.0,chroma;dwt;envelope;frequency;mfcc;time
rf_importance,70,r0f1,2,70,0.2959978674087539,3.2780020000063814,0.9070847851335656,0.886720305242203,0.8522727272727273,0.9211678832116789,0.7352941176470589,0.7894736842105263,0.7335518600838348,,,150.0,54.0,631.0,26.0,861.0,176.0,685.0,0.8649305827908071,0.094548592046435,0.10144927536231885,0.1,0.5072463768115942,1.0,chroma;dwt;envelope;frequency;mfcc;time
rf_importance,80,r0f1,2,80,0.31775411499102824,3.3900085000204854,0.9012775842044135,0.8704047777040478,0.8181818181818182,0.9226277372262773,0.7309644670050761,0.7721179624664879,0.7111988445577466,,,144.0,53.0,632.0,32.0,861.0,176.0,685.0,0.8545541628492558,0.10181208600552094,0.11594202898550726,0.1,0.5797101449275363,1.0,chroma;dwt;envelope;frequency;mfcc;time
rf_importance,100,r0f1,2,100,0.34396064684806826,3.6619325000210665,0.9036004645760743,0.8760865958858659,0.8295454545454546,0.9226277372262773,0.7336683417085427,0.7786666666666666,0.7195549039969984,,,146.0,53.0,632.0,30.0,861.0,176.0,685.0,0.8585241276911655,0.09903311061618415,0.14492753623188406,0.1,0.7246376811594203,1.0,chroma;dwt;envelope;frequency;mfcc;time
rf_importance,120,r0f1,2,120,0.3699226014233027,3.9152806000201963,0.9070847851335656,0.8782763769077637,0.8295454545454546,0.927007299270073,0.7448979591836735,0.7849462365591398,0.7276155598334365,,,146.0,50.0,635.0,30.0,861.0,176.0,685.0,0.8628434886499403,0.09600955794504178,0.17391304347826086,0.1,0.8695652173913043,1.0,chroma;dwt;envelope;frequency;mfcc;time
rf_importance,138,r0f1,2,138,0.39574650351408136,3.9461893999832682,0.908246225319396,0.8747843397478434,0.8181818181818182,0.9313868613138686,0.7539267015706806,0.784741144414169,0.7275435017872,,,144.0,47.0,638.0,32.0,861.0,176.0,685.0,0.8632192806941694,0.0957465035140814,0.2,0.1,1.0,1.0,chroma;dwt;envelope;frequency;mfcc;time
gb_importance,10,r0f1,2,10,0.23321236442226512,2.0829654000117444,0.8826945412311266,0.8502820172528202,0.7954545454545454,0.9051094890510949,0.6829268292682927,0.7349081364829396,0.6633162047808601,,,140.0,65.0,620.0,36.0,861.0,176.0,685.0,0.8297956044085093,0.11914307691404348,0.014492753623188408,0.09957653388503324,0.07246376811594203,0.9957653388503324,dwt;frequency;mfcc;time
gb_importance,20,r0f1,2,20,0.22663773133034507,2.2636674999957904,0.9047619047619048,0.8789275049767751,0.8352272727272727,0.9226277372262773,0.735,0.7819148936170213,0.7237224055051436,,,147.0,53.0,632.0,29.0,861.0,176.0,685.0,0.8604968227371882,0.09765222408396826,0.028985507246376815,0.1,0.14492753623188406,1.0,chroma;dwt;envelope;frequency;mfcc;time
gb_importance,30,r0f1,2,30,0.24572302870027948,2.4539610000210814,0.8989547038327527,0.8773888520238886,0.8409090909090909,0.9138686131386862,0.714975845410628,0.7728459530026109,0.7122732518388843,,,148.0,59.0,626.0,28.0,861.0,176.0,685.0,0.8539360459561225,0.10224476783071425,0.043478260869565216,0.1,0.21739130434782608,1.0,chroma;dwt;envelope;frequency;mfcc;time
gb_importance,40,r0f1,2,40,0.25762379227053145,2.5104064000188373,0.9024390243902439,0.8774676509621765,0.8352272727272727,0.9197080291970803,0.7277227722772277,0.7777777777777778,0.7184440654729545,,,147.0,55.0,630.0,29.0,861.0,176.0,685.0,0.8576388888888888,0.09965277777777781,0.05797101449275363,0.1,0.2898550724637681,1.0,chroma;dwt;envelope;frequency;mfcc;time
gb_importance,50,r0f1,2,50,0.2717397897646988,2.8032773999730125,0.9024390243902439,0.8795786330457864,0.8409090909090909,0.9182481751824818,0.7254901960784313,0.7789473684210526,0.7200051524174002,,,148.0,56.0,629.0,28.0,861.0,176.0,685.0,0.8581771119303474,0.09927602164875682,0.07246376811594203,0.1,0.36231884057971014,1.0,chroma;dwt;envelope;frequency;mfcc;time
gb_importance,60,r0f1,2,60,0.27749606349818445,2.7612377000041306,0.9128919860627178,0.88403699402787,0.8352272727272727,0.9328467153284672,0.7616580310880829,0.7967479674796748,0.74274167248844,,,147.0,46.0,639.0,29.0,861.0,176.0,685.0,0.8706577974870657,0.09053954175905399,0.08695652173913043,0.1,0.43478260869565216,1.0,chroma;dwt;envelope;frequency;mfcc;time
gb_importance,70,r0f1,2,70,0.2991014994462871,2.8823587000370026,0.9047619047619048,0.8789275049767751,0.8352272727272727,0.9226277372262773,0.735,0.7819148936170213,0.7237224055051436,,,147.0,53.0,632.0,29.0,861.0,176.0,685.0,0.8604968227371882,0.09765222408396826,0.10144927536231885,0.1,0.5072463768115942,1.0,chroma;dwt;envelope;frequency;mfcc;time
gb_importance,80,r0f1,2,80,0.3133415792836791,2.7941723000258207,0.9059233449477352,0.8754354678168547,0.8238636363636364,0.927007299270073,0.7435897435897436,0.7816711590296496,0.7234566175942669,,,145.0,50.0,635.0,31.0,861.0,176.0,685.0,0.8608577852883259,0.09739955029817186,0.11594202898550726,0.1,0.5797101449275363,1.0,chroma;dwt;envelope;frequency;mfcc;time
gb_importance,100,r0f1,2,100,0.34067403974596544,3.177881499985233,0.908246225319396,0.8747843397478434,0.8181818181818182,0.9313868613138686,0.7539267015706806,0.784741144414169,0.7275435017872,,,144.0,47.0,638.0,32.0,861.0,176.0,685.0,0.8632192806941694,0.0957465035140814,0.14492753623188406,0.1,0.7246376811594203,1.0,chroma;dwt;envelope;frequency;mfcc;time
gb_importance,120,r0f1,2,120,0.3720835091066229,3.3463233999791555,0.9059233449477352,0.871213503649635,0.8125,0.92992700729927,0.7486910994764397,0.779291553133515,0.7206116790729783,,,143.0,48.0,637.0,33.0,861.0,176.0,685.0,0.8597564776737685,0.09817046562836204,0.17391304347826086,0.1,0.8695652173913043,1.0,chroma;dwt;envelope;frequency;mfcc;time
gb_importance,138,r0f1,2,138,0.39574650351408136,3.5259121999843046,0.908246225319396,0.8747843397478434,0.8181818181818182,0.9313868613138686,0.7539267015706806,0.784741144414169,0.7275435017872,,,144.0,47.0,638.0,32.0,861.0,176.0,685.0,0.8632192806941694,0.0957465035140814,0.2,0.1,1.0,1.0,chroma;dwt;envelope;frequency;mfcc;time
mutual_info,10,r0f2,0,10,0.2553602150693688,2.4288207000354305,0.8606271777003485,0.8174145653616456,0.7443181818181818,0.8905109489051095,0.6359223300970874,0.6858638743455497,0.600073166318245,,,131.0,75.0,610.0,45.0,861.0,176.0,685.0,0.7981558177697898,0.1412909275611471,0.014492753623188408,0.09957653388503324,0.07246376811594203,0.9957653388503324,dwt;frequency;mfcc;time
mutual_info,20,r0f2,0,20,0.2757979866599228,2.57524709997233,0.859465737514518,0.797685799601858,0.6931818181818182,0.9021897810218978,0.6455026455026455,0.6684931506849315,0.5800617050735558,,,122.0,67.0,618.0,54.0,861.0,176.0,685.0,0.7896629349592675,0.1472359455285127,0.028985507246376815,0.09957653388503324,0.14492753623188406,0.9957653388503324,dwt;frequency;mfcc;time
mutual_info,30,r0f2,0,30,0.290466506511657,2.4106926000094973,0.8583042973286876,0.8011778367617783,0.7045454545454546,0.8978102189781022,0.6391752577319587,0.6702702702702703,0.581421173046778,,,124.0,70.0,615.0,52.0,861.0,176.0,685.0,0.7900167919398688,0.14698824564209179,0.043478260869565216,0.1,0.21739130434782608,1.0,chroma;dwt;envelope;frequency;mfcc;time
mutual_info,40,r0f2,0,40,0.2962072241292156,2.651420700014569,0.8699186991869918,0.8063661247511613,0.6988636363636364,0.9138686131386862,0.6758241758241759,0.6871508379888268,0.6052039827292454,,,123.0,59.0,626.0,53.0,861.0,176.0,685.0,0.8025197005193401,0.13823620963646194,0.05797101449275363,0.1,0.2898550724637681,1.0,chroma;dwt;envelope;frequency;mfcc;time
mutual_info,50,r0f2,0,50,0.30879431576593297,2.8039201999781653,0.8722415795586528,0.8078259787657598,0.6988636363636364,0.9167883211678832,0.6833333333333333,0.6910112359550562,0.6105582105500478,,,123.0,57.0,628.0,53.0,861.0,176.0,685.0,0.8052420747857272,0.13633054764999097,0.07246376811594203,0.1,0.36231884057971014,1.0,chroma;dwt;envelope;frequency;mfcc;time
mutual_info,60,r0f2,0,60,0.33072328107912086,2.6708415999892168,0.8652729384436701,0.7971134704711347,0.6818181818181818,0.9124087591240876,0.6666666666666666,0.6741573033707865,0.5893104590734062,,,120.0,60.0,625.0,56.0,861.0,176.0,685.0,0.7946189152285851,0.14376675933999045,0.08695652173913043,0.1,0.43478260869565216,1.0,chroma;dwt;envelope;frequency;mfcc;time
mutual_info,70,r0f2,0,70,0.34392563568083245,2.7320766000193544,0.867595818815331,0.7964623424021234,0.6761363636363636,0.9167883211678832,0.6761363636363636,0.6761363636363636,0.5929246848042469,,,119.0,57.0,628.0,57.0,861.0,176.0,685.0,0.7964623424021234,0.14247636031851357,0.10144927536231885,0.1,0.5072463768115942,1.0,chroma;dwt;envelope;frequency;mfcc;time
mutual_info,80,r0f2,0,80,0.3584183893040208,2.8812123999814503,0.867595818815331,0.7964623424021234,0.6761363636363636,0.9167883211678832,0.6761363636363636,0.6761363636363636,0.5929246848042469,,,119.0,57.0,628.0,57.0,861.0,176.0,685.0,0.7964623424021234,0.14247636031851357,0.11594202898550726,0.1,0.5797101449275363,1.0,chroma;dwt;envelope;frequency;mfcc;time
mutual_info,100,r0f2,0,100,0.3914629118701044,3.2832020999630913,0.8641114982578397,0.790050597213006,0.6647727272727273,0.9153284671532846,0.6685714285714286,0.6666666666666666,0.5813320901502863,,,117.0,58.0,627.0,59.0,861.0,176.0,685.0,0.7906637490882567,0.14653537563822033,0.14492753623188406,0.1,0.7246376811594203,1.0,chroma;dwt;envelope;frequency;mfcc;time
mutual_info,120,r0f2,0,120,0.41388981852802853,3.3217264999984764,0.8699186991869918,0.8000331785003318,0.6818181818181818,0.9182481751824818,0.6818181818181818,0.6818181818181818,0.6000663570006636,,,120.0,56.0,629.0,56.0,861.0,176.0,685.0,0.8000331785003318,0.1399767750497677,0.17391304347826086,0.1,0.8695652173913043,1.0,chroma;dwt;envelope;frequency;mfcc;time
mutual_info,138,r0f2,0,138,0.4374771897810219,3.5924283999484032,0.8722415795586528,0.8036040145985401,0.6875,0.9197080291970803,0.6875,0.6875,0.6072080291970803,,,121.0,55.0,630.0,55.0,861.0,176.0,685.0,0.8036040145985401,0.13747718978102189,0.2,0.1,1.0,1.0,chroma;dwt;envelope;frequency;mfcc;time
anova_f,10,r0f2,0,10,0.2714328233610893,2.4952853999566287,0.8443670150987224,0.7924187126741871,0.7045454545454546,0.8802919708029197,0.6019417475728155,0.6492146596858639,0.5528184335371636,,,124.0,82.0,603.0,52.0,861.0,176.0,685.0,0.7746073298429319,0.15777486910994765,0.014492753623188408,0.09916520062795325,0.07246376811594203,0.9916520062795325,dwt;mfcc;time
anova_f,20,r0f2,0,20,0.2868505613969996,2.21772770001553,0.8478513356562137,0.7840535832780358,0.6761363636363636,0.891970802919708,0.616580310880829,0.6449864498644986,0.5493700784069563,,,119.0,74.0,611.0,57.0,861.0,176.0,685.0,0.7740822862774082,0.15814239960581428,0.028985507246376815,0.09972265454480853,0.14492753623188406,0.9972265454480852,chroma;dwt;frequency;mfcc;time
anova_f,30,r0f2,0,30,0.28758913378017326,2.424917500000447,0.8641114982578397,0.7984945255474453,0.6875,0.9094890510948905,0.6612021857923497,0.6740947075208914,0.5884744260575281,,,121.0,62.0,623.0,55.0,861.0,176.0,685.0,0.794127324413417,0.14411087291060806,0.043478260869565216,0.1,0.21739130434782608,1.0,chroma;dwt;envelope;frequency;mfcc;time
anova_f,40,r0f2,0,40,0.29525608236605677,2.4931715999846347,0.8710801393728222,0.8070960517584604,0.6988636363636364,0.9153284671532846,0.6795580110497238,0.6890756302521008,0.6078719512704552,,,123.0,58.0,627.0,53.0,861.0,176.0,685.0,0.8038784744667098,0.13728506787330313,0.05797101449275363,0.1,0.2898550724637681,1.0,chroma;dwt;envelope;frequency;mfcc;time
anova_f,50,r0f2,0,50,0.3108988037181164,2.6028367999824695,0.8710801393728222,0.8028740875912409,0.6875,0.9182481751824818,0.6836158192090396,0.6855524079320113,0.6044759829041171,,,121.0,56.0,629.0,55.0,861.0,176.0,685.0,0.8022356634254652,0.13843503560217438,0.07246376811594203,0.1,0.36231884057971014,1.0,chroma;dwt;envelope;frequency;mfcc;time
anova_f,60,r0f2,0,60,0.33072328107912086,2.6728628000128083,0.8652729384436701,0.7971134704711347,0.6818181818181818,0.9124087591240876,0.6666666666666666,0.6741573033707865,0.5893104590734062,,,120.0,60.0,625.0,56.0,861.0,176.0,685.0,0.7946189152285851,0.14376675933999045,0.08695652173913043,0.1,0.43478260869565216,1.0,chroma;dwt;envelope;frequency;mfcc;time
anova_f,70,r0f2,0,70,0.33988431096449323,3.112791199993808,0.8710801393728222,0.8028740875912409,0.6875,0.9182481751824818,0.6836158192090396,0.6855524079320113,0.6044759829041171,,,121.0,56.0,629.0,55.0,861.0,176.0,685.0,0.8022356634254652,0.13843503560217438,0.10144927536231885,0.1,0.5072463768115942,1.0,chroma;dwt;envelope;frequency;mfcc;time
anova_f,80,r0f2,0,80,0.355918804035275,3.1513716999907047,0.8699186991869918,0.8000331785003318,0.6818181818181818,0.9182481751824818,0.6818181818181818,0.6818181818181818,0.6000663570006636,,,120.0,56.0,629.0,56.0,861.0,176.0,685.0,0.8000331785003318,0.1399767750497677,0.11594202898550726,0.1,0.5797101449275363,1.0,chroma;dwt;envelope;frequency;mfcc;time
anova_f,100,r0f2,0,100,0.38740389655039764,3.5869869000162,0.867595818815331,0.7964623424021234,0.6761363636363636,0.9167883211678832,0.6761363636363636,0.6761363636363636,0.5929246848042469,,,119.0,57.0,628.0,57.0,861.0,176.0,685.0,0.7964623424021234,0.14247636031851357,0.14492753623188406,0.1,0.7246376811594203,1.0,chroma;dwt;envelope;frequency;mfcc;time
anova_f,120,r0f2,0,120,0.41794354090044317,4.260088200040627,0.8664343786295006,0.7936214333112144,0.6704545454545454,0.9167883211678832,0.6742857142857143,0.6723646723646723,0.5884889160024017,,,118.0,57.0,628.0,58.0,861.0,176.0,685.0,0.7942421465397396,0.1440304974221823,0.17391304347826086,0.1,0.8695652173913043,1.0,chroma;dwt;envelope;frequency;mfcc;time
anova_f,138,r0f2,0,138,0.4374771897810219,3.759206200018525,0.8722415795586528,0.8036040145985401,0.6875,0.9197080291970803,0.6875,0.6875,0.6072080291970803,,,121.0,55.0,630.0,55.0,861.0,176.0,685.0,0.8036040145985401,0.13747718978102189,0.2,0.1,1.0,1.0,chroma;dwt;envelope;frequency;mfcc;time
rf_importance,10,r0f2,0,10,0.25272474056058913,2.0189242999767885,0.8641114982578397,0.8174933642999336,0.7386363636363636,0.8963503649635036,0.6467661691542289,0.6896551724137931,0.6053356780655749,,,130.0,71.0,614.0,46.0,861.0,176.0,685.0,0.801333162415075,0.13906678630944747,0.014492753623188408,0.09916520062795325,0.07246376811594203,0.9916520062795325,dwt;mfcc;time
rf_importance,20,r0f2,0,20,0.2660633786910954,2.5320529000018723,0.8687572590011614,0.8119691439946914,0.7159090909090909,0.908029197080292,0.6666666666666666,0.6904109589041096,0.6078938056095602,,,126.0,63.0,622.0,50.0,861.0,176.0,685.0,0.803569517771878,0.13750133755968538,0.028985507246376815,0.09957653388503324,0.14492753623188406,0.9957653388503324,dwt;frequency;mfcc;time
rf_importance,30,r0f2,0,30,0.2866308974030778,2.6722710999893025,0.8629500580720093,0.8040975447909755,0.7045454545454546,0.9036496350364963,0.6526315789473685,0.6775956284153005,0.5914342467103785,,,124.0,66.0,619.0,52.0,861.0,176.0,685.0,0.7952874897238744,0.14329875719328788,0.043478260869565216,0.09985387934022472,0.21739130434782608,0.9985387934022472,dwt;envelope;frequency;mfcc;time
rf_importance,40,r0f2,0,40,0.29809950201110896,3.2744285999797285,0.867595818815331,0.8049062707365626,0.6988636363636364,0.910948905109489,0.6684782608695652,0.6833333333333333,0.5999219133124444,,,123.0,61.0,624.0,53.0,861.0,176.0,685.0,0.7998164464023495,0.14012848751835533,0.05797101449275363,0.1,0.2898550724637681,1.0,chroma;dwt;envelope;frequency;mfcc;time
rf_importance,50,r0f2,0,50,0.3152880878455855,2.8078431999892928,0.8664343786295006,0.797843397478434,0.6818181818181818,0.9138686131386862,0.6703910614525139,0.676056338028169,0.5919716243691457,,,120.0,59.0,626.0,56.0,861.0,176.0,685.0,0.7959652575290808,0.14282431972964346,0.07246376811594203,0.1,0.36231884057971014,1.0,chroma;dwt;envelope;frequency;mfcc;time
rf_importance,60,r0f2,0,60,0.33038020727291467,3.199680099962279,0.8664343786295006,0.7957324153948242,0.6761363636363636,0.9153284671532846,0.672316384180791,0.6742209631728046,0.5902226363902543,,,119.0,58.0,627.0,57.0,861.0,176.0,685.0,0.7951090206660225,0.14342368553378423,0.08695652173913043,0.1,0.43478260869565216,1.0,chroma;dwt;envelope;frequency;mfcc;time
rf_importance,70,r0f2,0,70,0.341207948062168,2.8165148999542,0.8687572590011614,0.8035252156602521,0.6931818181818182,0.9138686131386862,0.6740331491712708,0.6834733893557423,0.6008037682239596,,,122.0,59.0,626.0,54.0,861.0,176.0,685.0,0.8003447532859298,0.13975867269984912,0.10144927536231885,0.1,0.5072463768115942,1.0,chroma;dwt;envelope;frequency;mfcc;time
rf_importance,80,r0f2,0,80,0.3543770645876816,2.6925823999918066,0.8710801393728222,0.8028740875912409,0.6875,0.9182481751824818,0.6836158192090396,0.6855524079320113,0.6044759829041171,,,121.0,56.0,629.0,55.0,861.0,176.0,685.0,0.8022356634254652,0.13843503560217438,0.11594202898550726,0.1,0.5797101449275363,1.0,chroma;dwt;envelope;frequency;mfcc;time
rf_importance,100,r0f2,0,100,0.382404726012906,3.3594220000086352,0.8722415795586528,0.8036040145985401,0.6875,0.9197080291970803,0.6875,0.6875,0.6072080291970803,,,121.0,55.0,630.0,55.0,861.0,176.0,685.0,0.8036040145985401,0.13747718978102189,0.14492753623188406,0.1,0.7246376811594203,1.0,chroma;dwt;envelope;frequency;mfcc;time
rf_importance,120,r0f2,0,120,0.4144844720496894,3.2959165000356734,0.8699186991869918,0.797922196416722,0.6761363636363636,0.9197080291970803,0.6839080459770115,0.68,0.5983860822144547,,,119.0,55.0,630.0,57.0,861.0,176.0,685.0,0.7991836734693878,0.14057142857142854,0.17391304347826086,0.1,0.8695652173913043,1.0,chroma;dwt;envelope;frequency;mfcc;time
rf_importance,138,r0f2,0,138,0.4374771897810219,3.926702699973248,0.8722415795586528,0.8036040145985401,0.6875,0.9197080291970803,0.6875,0.6875,0.6072080291970803,,,121.0,55.0,630.0,55.0,861.0,176.0,685.0,0.8036040145985401,0.13747718978102189,0.2,0.1,1.0,1.0,chroma;dwt;envelope;frequency;mfcc;time
gb_importance,10,r0f2,0,10,0.2545650715818922,1.9944328000419773,0.8617886178861789,0.8160335102853351,0.7386363636363636,0.8934306569343066,0.6403940886699507,0.6860158311345647,0.6004872417190626,,,130.0,73.0,612.0,46.0,861.0,176.0,685.0,0.7987041180989278,0.1409071173307505,0.014492753623188408,0.09916520062795325,0.07246376811594203,0.9916520062795325,dwt;mfcc;time
gb_importance,20,r0f2,0,20,0.2663351794037413,2.21652489999542,0.867595818815331,0.8154611811546117,0.7272727272727273,0.9036496350364963,0.6597938144329897,0.6918918918918919,0.6089950441562947,,,128.0,66.0,619.0,48.0,861.0,176.0,685.0,0.8037861826323365,0.13734967215736446,0.028985507246376815,0.1,0.14492753623188406,1.0,chroma;dwt;envelope;frequency;mfcc;time
gb_importance,30,r0f2,0,30,0.28171447050602716,2.3688856000080705,0.8699186991869918,0.8063661247511613,0.6988636363636364,0.9138686131386862,0.6758241758241759,0.6871508379888268,0.6052039827292454,,,123.0,59.0,626.0,53.0,861.0,176.0,685.0,0.8025197005193401,0.13823620963646194,0.043478260869565216,0.1,0.21739130434782608,1.0,chroma;dwt;envelope;frequency;mfcc;time
gb_importance,40,r0f2,0,40,0.2998495455662,2.735343099979218,0.867595818815331,0.7985733244857331,0.6818181818181818,0.9153284671532846,0.6741573033707865,0.6779661016949152,0.5946511541817101,,,120.0,58.0,627.0,56.0,861.0,176.0,685.0,0.7973163841807909,0.1418785310734464,0.05797101449275363,0.1,0.2898550724637681,1.0,chroma;dwt;envelope;frequency;mfcc;time
gb_importance,50,r0f2,0,50,0.3110800698819972,2.660451199975796,0.8687572590011614,0.8077471798274718,0.7045454545454546,0.910948905109489,0.6702702702702703,0.6869806094182825,0.6043193285195243,,,124.0,61.0,624.0,52.0,861.0,176.0,685.0,0.8019767117627783,0.1386163017660552,0.07246376811594203,0.1,0.36231884057971014,1.0,chroma;dwt;envelope;frequency;mfcc;time
gb_importance,60,r0f2,0,60,0.32232913783070555,2.752814200008288,0.8734030197444832,0.8085559057730591,0.6988636363636364,0.9182481751824818,0.6871508379888268,0.6929577464788732,0.6132630177319828,,,123.0,56.0,629.0,53.0,861.0,176.0,685.0,0.806610548440607,0.1353726160915751,0.08695652173913043,0.1,0.43478260869565216,1.0,chroma;dwt;envelope;frequency;mfcc;time
gb_importance,70,r0f2,0,70,0.3433278064357652,2.9665463999845088,0.867595818815331,0.7985733244857331,0.6818181818181818,0.9153284671532846,0.6741573033707865,0.6779661016949152,0.5946511541817101,,,120.0,58.0,627.0,56.0,861.0,176.0,685.0,0.7973163841807909,0.1418785310734464,0.10144927536231885,0.1,0.5072463768115942,1.0,chroma;dwt;envelope;frequency;mfcc;time
gb_importance,80,r0f2,0,80,0.35341921876652915,2.888945499958936,0.8722415795586528,0.8036040145985401,0.6875,0.9197080291970803,0.6875,0.6875,0.6072080291970803,,,121.0,55.0,630.0,55.0,861.0,176.0,685.0,0.8036040145985401,0.13747718978102189,0.11594202898550726,0.1,0.5797101449275363,1.0,chroma;dwt;envelope;frequency;mfcc;time
gb_importance,100,r0f2,0,100,0.37643364257387657,3.815588299999945,0.8780487804878049,0.8114756138022561,0.6988636363636364,0.9240875912408759,0.7028571428571428,0.7008547008547008,0.6242730452629789,,,123.0,52.0,633.0,53.0,861.0,176.0,685.0,0.8121341337971535,0.13150610634199256,0.14492753623188406,0.1,0.7246376811594203,1.0,chroma;dwt;envelope;frequency;mfcc;time
gb_importance,120,r0f2,0,120,0.4127223283582516,3.576706700026989,0.8699186991869918,0.8042551426675515,0.6931818181818182,0.9153284671532846,0.6777777777777778,0.6853932584269663,0.6034756267245006,,,122.0,58.0,627.0,54.0,861.0,176.0,685.0,0.8017010216000131,0.1388092848799908,0.17391304347826086,0.1,0.8695652173913043,1.0,chroma;dwt;envelope;frequency;mfcc;time
gb_importance,138,r0f2,0,138,0.4374771897810219,3.6542427000240423,0.8722415795586528,0.8036040145985401,0.6875,0.9197080291970803,0.6875,0.6875,0.6072080291970803,,,121.0,55.0,630.0,55.0,861.0,176.0,685.0,0.8036040145985401,0.13747718978102189,0.2,0.1,1.0,1.0,chroma;dwt;envelope;frequency;mfcc;time
mutual_info,10,r0f2,1,10,0.21481277518778077,2.0380696000065655,0.904487917146145,0.8576842444766973,0.7777777777777778,0.9375907111756169,0.7650273224043715,0.7713498622589532,0.7110302323396677,,,140.0,43.0,646.0,40.0,869.0,180.0,689.0,0.8554931129476584,0.10115482093663912,0.014492753623188408,0.09916520062795325,0.07246376811594203,0.9916520062795325,dwt;mfcc;time
mutual_info,20,r0f2,1,20,0.22044308407876778,2.660897900001146,0.9159953970080552,0.860836961780358,0.7666666666666667,0.9550072568940493,0.8165680473372781,0.7908309455587392,0.7389150364978121,,,138.0,31.0,658.0,42.0,869.0,180.0,689.0,0.869137575011191,0.09160369749216626,0.028985507246376815,0.09985387934022472,0.14492753623188406,0.9985387934022472,dwt;envelope;frequency;mfcc;time
mutual_info,30,r0f2,1,30,0.2288452469657645,2.584553799999412,0.9217491369390104,0.8685695855507176,0.7777777777777778,0.9593613933236574,0.8333333333333334,0.8045977011494253,0.7564525715608129,,,140.0,28.0,661.0,40.0,869.0,180.0,689.0,0.8778384189200363,0.08551310675597457,0.043478260869565216,0.09985387934022472,0.21739130434782608,0.9985387934022472,dwt;envelope;frequency;mfcc;time
mutual_info,40,r0f2,1,40,0.2388445993405257,2.7389131000381894,0.9252013808975834,0.8789550072568941,0.8,0.9579100145137881,0.8323699421965318,0.8158640226628895,0.7691939110789885,,,144.0,29.0,660.0,36.0,869.0,180.0,689.0,0.8844663073603256,0.08087358484777207,0.05797101449275363,0.1,0.2898550724637681,1.0,chroma;dwt;envelope;frequency;mfcc;time
mutual_info,50,r0f2,1,50,0.25402870423910373,2.8015469000092708,0.9252013808975834,0.8748508305112079,0.7888888888888889,0.9608127721335269,0.8402366863905325,0.8137535816618912,0.7676123691481037,,,142.0,27.0,662.0,38.0,869.0,180.0,689.0,0.8834786626811976,0.0815649361231617,0.07246376811594203,0.1,0.36231884057971014,1.0,chroma;dwt;envelope;frequency;mfcc;time
mutual_info,60,r0f2,1,60,0.2728069425775347,3.155433300009463,0.9205983889528193,0.871948072891469,0.7888888888888889,0.9550072568940493,0.8208092485549133,0.8045325779036827,0.7549714014247981,,,142.0,31.0,658.0,38.0,869.0,180.0,689.0,0.8773565416594226,0.0858504208384042,0.08695652173913043,0.1,0.43478260869565216,1.0,chroma;dwt;envelope;frequency;mfcc;time
mutual_info,70,r0f2,1,70,0.2869623821182934,3.4033170000184327,0.9217491369390104,0.8685695855507176,0.7777777777777778,0.9593613933236574,0.8333333333333334,0.8045977011494253,0.7564525715608129,,,140.0,28.0,661.0,40.0,869.0,180.0,689.0,0.8778384189200363,0.08551310675597457,0.10144927536231885,0.1,0.5072463768115942,1.0,chroma;dwt;envelope;frequency;mfcc;time
mutual_info,80,r0f2,1,80,0.3071551044091091,3.170064400008414,0.9159953970080552,0.8628890501532012,0.7722222222222223,0.95355587808418,0.8128654970760234,0.792022792022792,0.7398164038156658,,,139.0,32.0,657.0,41.0,869.0,180.0,689.0,0.8696956065377117,0.0912130754236018,0.11594202898550726,0.1,0.5797101449275363,1.0,chroma;dwt;envelope;frequency;mfcc;time
mutual_info,100,r0f2,1,100,0.32580112107965614,3.805980400007684,0.9252013808975834,0.8789550072568941,0.8,0.9579100145137881,0.8323699421965318,0.8158640226628895,0.7691939110789885,,,144.0,29.0,660.0,36.0,869.0,180.0,689.0,0.8844663073603256,0.08087358484777207,0.14492753623188406,0.1,0.7246376811594203,1.0,chroma;dwt;envelope;frequency;mfcc;time
mutual_info,120,r0f2,1,120,0.35976346431666506,4.334615900006611,0.9205983889528193,0.871948072891469,0.7888888888888889,0.9550072568940493,0.8208092485549133,0.8045325779036827,0.7549714014247981,,,142.0,31.0,658.0,38.0,869.0,180.0,689.0,0.8773565416594226,0.0858504208384042,0.17391304347826086,0.1,0.8695652173913043,1.0,chroma;dwt;envelope;frequency;mfcc;time
mutual_info,138,r0f2,1,138,0.38156493612316167,6.106257900013588,0.9252013808975834,0.8748508305112079,0.7888888888888889,0.9608127721335269,0.8402366863905325,0.8137535816618912,0.7676123691481037,,,142.0,27.0,662.0,38.0,869.0,180.0,689.0,0.8834786626811976,0.0815649361231617,0.2,0.1,1.0,1.0,chroma;dwt;envelope;frequency;mfcc;time
anova_f,10,r0f2,1,10,0.21033063584044914,2.731809799966868,0.9090909090909091,0.8626390904692791,0.7833333333333333,0.941944847605225,0.7790055248618785,0.7811634349030471,0.7237973178413678,,,141.0,40.0,649.0,39.0,869.0,180.0,689.0,0.8618961691581322,0.09667268158930747,0.014492753623188408,0.09916520062795325,0.07246376811594203,0.9916520062795325,dwt;mfcc;time
anova_f,20,r0f2,1,20,0.2249880515983479,2.5005292000132613,0.9090909090909091,0.8646911788421222,0.7888888888888889,0.9404934687953556,0.7759562841530054,0.7823691460055097,0.7249591158361324,,,142.0,41.0,648.0,38.0,869.0,180.0,689.0,0.8624573002754821,0.09627988980716255,0.028985507246376815,0.09972265454480853,0.14492753623188406,0.9972265454480852,chroma;dwt;frequency;mfcc;time
anova_f,30,r0f2,1,30,0.23489958250418644,2.606631300004665,0.9125431530494822,0.8750766005482986,0.8111111111111111,0.9390420899854862,0.776595744680851,0.7934782608695652,0.7383178184921765,,,146.0,42.0,647.0,34.0,869.0,180.0,689.0,0.8690019041574104,0.09169866708981271,0.043478260869565216,0.09972265454480853,0.21739130434782608,0.9972265454480852,chroma;dwt;frequency;mfcc;time
anova_f,40,r0f2,1,40,0.25069214696339176,2.6747762999730185,0.9113924050632911,0.874350911143364,0.8111111111111111,0.9375907111756169,0.7724867724867724,0.7913279132791328,0.7354775068884861,,,146.0,43.0,646.0,34.0,869.0,180.0,689.0,0.8675412393276598,0.09272113247063812,0.05797101449275363,0.1,0.2898550724637681,1.0,chroma;dwt;envelope;frequency;mfcc;time
anova_f,50,r0f2,1,50,0.26223649538866933,3.205165199993644,0.9171461449942463,0.8656668279309789,0.7777777777777778,0.95355587808418,0.813953488372093,0.7954545454545454,0.7438421961195579,,,140.0,32.0,657.0,40.0,869.0,180.0,689.0,0.8717532467532467,0.08977272727272728,0.07246376811594203,0.1,0.36231884057971014,1.0,chroma;dwt;envelope;frequency;mfcc;time
anova_f,60,r0f2,1,60,0.2728069425775347,2.897012999979779,0.9205983889528193,0.871948072891469,0.7888888888888889,0.9550072568940493,0.8208092485549133,0.8045325779036827,0.7549714014247981,,,142.0,31.0,658.0,38.0,869.0,180.0,689.0,0.8773565416594226,0.0858504208384042,0.08695652173913043,0.1,0.43478260869565216,1.0,chroma;dwt;envelope;frequency;mfcc;time
anova_f,70,r0f2,1,70,0.28872831576635927,2.984213899995666,0.9194476409666283,0.8691702951136913,0.7833333333333333,0.9550072568940493,0.8197674418604651,0.8011363636363636,0.7509689752642976,,,141.0,31.0,658.0,39.0,869.0,180.0,689.0,0.8753156565656566,0.08727904040404039,0.10144927536231885,0.1,0.5072463768115942,1.0,chroma;dwt;envelope;frequency;mfcc;time
anova_f,80,r0f2,1,80,0.3014322370451449,2.9143989000003785,0.9205983889528193,0.8740001612643122,0.7944444444444444,0.95355587808418,0.8171428571428572,0.8056338028169014,0.7558730984520255,,,143.0,32.0,657.0,37.0,869.0,180.0,689.0,0.8778711313433748,0.08549020805963764,0.11594202898550726,0.1,0.5797101449275363,1.0,chroma;dwt;envelope;frequency;mfcc;time
anova_f,100,r0f2,1,100,0.3328957213367286,3.421812599990517,0.9182968929804373,0.8704966940815997,0.7888888888888889,0.9521044992743106,0.8114285714285714,0.8,0.7487924154229871,,,142.0,33.0,656.0,38.0,869.0,180.0,689.0,0.8743311641359364,0.08796818510484454,0.14492753623188406,0.1,0.7246376811594203,1.0,chroma;dwt;envelope;frequency;mfcc;time
anova_f,120,r0f2,1,120,0.35940325153789854,3.761259799997788,0.9205983889528193,0.8740001612643122,0.7944444444444444,0.95355587808418,0.8171428571428572,0.8056338028169014,0.7558730984520255,,,143.0,32.0,657.0,37.0,869.0,180.0,689.0,0.8778711313433748,0.08549020805963764,0.17391304347826086,0.1,0.8695652173913043,1.0,chroma;dwt;envelope;frequency;mfcc;time
anova_f,138,r0f2,1,138,0.38156493612316167,3.890467799967155,0.9252013808975834,0.8748508305112079,0.7888888888888889,0.9608127721335269,0.8402366863905325,0.8137535816618912,0.7676123691481037,,,142.0,27.0,662.0,38.0,869.0,180.0,689.0,0.8834786626811976,0.0815649361231617,0.2,0.1,1.0,1.0,chroma;dwt;envelope;frequency;mfcc;time
rf_importance,10,r0f2,1,10,0.21095948823389832,2.1257208000170067,0.9079401611047181,0.8639654894371875,0.7888888888888889,0.9390420899854862,0.7717391304347826,0.7802197802197802,0.7220742677192943,,,142.0,42.0,647.0,38.0,869.0,180.0,689.0,0.8609978085960619,0.09730153398275666,0.014492753623188408,0.09916520062795325,0.07246376811594203,0.9916520062795325,dwt;mfcc;time
rf_importance,20,r0f2,1,20,0.21758300082181153,2.1668253999669105,0.9171461449942463,0.869771004676665,0.7888888888888889,0.9506531204644412,0.8068181818181818,0.797752808988764,0.7457371200843169,,,142.0,34.0,655.0,38.0,869.0,180.0,689.0,0.8728272004422836,0.0890209596904015,0.028985507246376815,0.09957653388503324,0.14492753623188406,0.9957653388503324,dwt;frequency;mfcc;time
rf_importance,30,r0f2,1,30,0.23454855888084442,2.2684302999987267,0.9148446490218642,0.8662675374939526,0.7833333333333333,0.9492017416545718,0.8011363636363636,0.7921348314606742,0.7386714889393589,,,141.0,35.0,654.0,39.0,869.0,180.0,689.0,0.8692946226767915,0.09149376412624596,0.043478260869565216,0.09957653388503324,0.21739130434782608,0.9957653388503324,dwt;frequency;mfcc;time
rf_importance,40,r0f2,1,40,0.2426077791743807,2.423196099989582,0.9205983889528193,0.8781043380099984,0.8055555555555556,0.9506531204644412,0.8100558659217877,0.807799442896936,0.7577683437360547,,,145.0,34.0,655.0,35.0,869.0,180.0,689.0,0.8788815923694252,0.08478288534140235,0.05797101449275363,0.09985387934022472,0.2898550724637681,0.9985387934022472,dwt;envelope;frequency;mfcc;time
rf_importance,50,r0f2,1,50,0.25478917851991245,3.155541500018444,0.9228998849252014,0.8816078051927109,0.8111111111111111,0.9521044992743106,0.8156424581005587,0.8133704735376045,0.7647897297861334,,,146.0,33.0,656.0,34.0,869.0,180.0,689.0,0.8823922708514709,0.08232541040397039,0.07246376811594203,0.1,0.36231884057971014,1.0,chroma;dwt;envelope;frequency;mfcc;time
rf_importance,60,r0f2,1,60,0.26894474536550517,3.16902490000939,0.9228998849252014,0.883659893565554,0.8166666666666667,0.9506531204644412,0.8121546961325967,0.814404432132964,0.7657530840558326,,,147.0,34.0,655.0,33.0,869.0,180.0,689.0,0.882873966248036,0.08198822362637476,0.08695652173913043,0.1,0.43478260869565216,1.0,chroma;dwt;envelope;frequency;mfcc;time
rf_importance,70,r0f2,1,70,0.2897366483666729,2.9489732999936678,0.9171461449942463,0.8738751814223513,0.8,0.9477503628447025,0.8,0.8,0.7477503628447024,,,144.0,36.0,653.0,36.0,869.0,180.0,689.0,0.8738751814223513,0.08828737300435407,0.10144927536231885,0.1,0.5072463768115942,1.0,chroma;dwt;envelope;frequency;mfcc;time
rf_importance,80,r0f2,1,80,0.30422940198986137,2.932883400004357,0.9171461449942463,0.8738751814223513,0.8,0.9477503628447025,0.8,0.8,0.7477503628447024,,,144.0,36.0,653.0,36.0,869.0,180.0,689.0,0.8738751814223513,0.08828737300435407,0.11594202898550726,0.1,0.5797101449275363,1.0,chroma;dwt;envelope;frequency;mfcc;time
rf_importance,100,r0f2,1,100,0.33147569148644107,3.2543469999800436,0.9194476409666283,0.8732744718593775,0.7944444444444444,0.9521044992743106,0.8125,0.8033707865168539,0.7528027512292751,,,143.0,33.0,656.0,37.0,869.0,180.0,689.0,0.8763597782077757,0.08654815525455703,0.14492753623188406,0.1,0.7246376811594203,1.0,chroma;dwt;envelope;frequency;mfcc;time
rf_importance,120,r0f2,1,120,0.355130165430783,3.416898100054823,0.9252013808975834,0.8769029188840509,0.7944444444444444,0.9593613933236574,0.8362573099415205,0.8148148148148148,0.7683862654954967,,,143.0,28.0,661.0,37.0,869.0,180.0,689.0,0.8839755400678255,0.08121712195252212,0.17391304347826086,0.1,0.8695652173913043,1.0,chroma;dwt;envelope;frequency;mfcc;time
rf_importance,138,r0f2,1,138,0.38156493612316167,3.812611800036393,0.9252013808975834,0.8748508305112079,0.7888888888888889,0.9608127721335269,0.8402366863905325,0.8137535816618912,0.7676123691481037,,,142.0,27.0,662.0,38.0,869.0,180.0,689.0,0.8834786626811976,0.0815649361231617,0.2,0.1,1.0,1.0,chroma;dwt;envelope;frequency;mfcc;time
gb_importance,10,r0f2,1,10,0.20882436335258545,2.228357699990738,0.9090909090909091,0.8728995323334946,0.8111111111111111,0.9346879535558781,0.7643979057591623,0.7870619946091644,0.729854293714296,,,146.0,45.0,644.0,34.0,869.0,180.0,689.0,0.8646356059366231,0.0947550758443638,0.014492753623188408,0.09957653388503324,0.07246376811594203,0.9957653388503324,dwt;frequency;mfcc;time
gb_importance,20,r0f2,1,20,0.2217985888348317,2.6080177999683656,0.9113924050632911,0.8722988227705208,0.8055555555555556,0.9390420899854862,0.7754010695187166,0.7901907356948229,0.7342678813437047,,,145.0,42.0,647.0,35.0,869.0,180.0,689.0,0.8670136756519338,0.09309042704364635,0.028985507246376815,0.09972265454480853,0.14492753623188406,0.9972265454480852,chroma;dwt;frequency;mfcc;time
gb_importance,30,r0f2,1,30,0.23289875063064003,2.3828876999905333,0.9159953970080552,0.8710974036445734,0.7944444444444444,0.9477503628447025,0.7988826815642458,0.7966573816155988,0.7437255716358973,,,143.0,36.0,653.0,37.0,869.0,180.0,689.0,0.8718602354053339,0.08969783521626629,0.043478260869565216,0.09972265454480853,0.21739130434782608,0.9972265454480852,chroma;dwt;frequency;mfcc;time
gb_importance,40,r0f2,1,40,0.24908549914986639,2.8114587000454776,0.9148446490218642,0.8683196258667957,0.7888888888888889,0.9477503628447025,0.797752808988764,0.7932960893854749,0.7396933173127307,,,142.0,36.0,653.0,38.0,869.0,180.0,689.0,0.8698364504898389,0.09111448465711275,0.05797101449275363,0.1,0.2898550724637681,1.0,chroma;dwt;envelope;frequency;mfcc;time
gb_importance,50,r0f2,1,50,0.25759815496264304,2.967518299992662,0.9205983889528193,0.8760522496371553,0.8,0.9521044992743106,0.8135593220338984,0.8067226890756303,0.7568056572638602,,,144.0,33.0,656.0,36.0,869.0,180.0,689.0,0.8783794473618557,0.08513438684670101,0.07246376811594203,0.1,0.36231884057971014,1.0,chroma;dwt;envelope;frequency;mfcc;time
gb_importance,60,r0f2,1,60,0.2763510549026457,2.7508032000041567,0.9171461449942463,0.8677189163038219,0.7833333333333333,0.9521044992743106,0.8103448275862069,0.7966101694915254,0.7447745097170297,,,141.0,33.0,656.0,39.0,869.0,180.0,689.0,0.872293524052121,0.08939453316351528,0.08695652173913043,0.1,0.43478260869565216,1.0,chroma;dwt;envelope;frequency;mfcc;time
gb_importance,70,r0f2,1,70,0.28552462618103136,2.8830755000235513,0.9217491369390104,0.87677793904209,0.8,0.95355587808418,0.8181818181818182,0.8089887640449438,0.7598683823742333,,,144.0,32.0,657.0,36.0,869.0,180.0,689.0,0.8798923559732679,0.08407535081871248,0.10144927536231885,0.1,0.5072463768115942,1.0,chroma;dwt;envelope;frequency;mfcc;time
gb_importance,80,r0f2,1,80,0.3021571276735692,3.3629869999713264,0.9205983889528193,0.869895984518626,0.7833333333333333,0.9564586357039188,0.8245614035087719,0.8034188034188035,0.7541013346555813,,,141.0,30.0,659.0,39.0,869.0,180.0,689.0,0.8768355733027686,0.08621509868806196,0.11594202898550726,0.1,0.5797101449275363,1.0,chroma;dwt;envelope;frequency;mfcc;time
gb_importance,100,r0f2,1,100,0.33147569148644107,3.7822873999830335,0.9194476409666283,0.8732744718593775,0.7944444444444444,0.9521044992743106,0.8125,0.8033707865168539,0.7528027512292751,,,143.0,33.0,656.0,37.0,869.0,180.0,689.0,0.8763597782077757,0.08654815525455703,0.14492753623188406,0.1,0.7246376811594203,1.0,chroma;dwt;envelope;frequency;mfcc;time
gb_importance,120,r0f2,1,120,0.36225188231198113,3.3289145999588072,0.9182968929804373,0.8684446057087567,0.7833333333333333,0.95355587808418,0.815028901734104,0.7988668555240793,0.747860146597703,,,141.0,32.0,657.0,39.0,869.0,180.0,689.0,0.8738016588089711,0.08833883883372023,0.17391304347826086,0.1,0.8695652173913043,1.0,chroma;dwt;envelope;frequency;mfcc;time
gb_importance,138,r0f2,1,138,0.38156493612316167,3.6035772999748588,0.9252013808975834,0.8748508305112079,0.7888888888888889,0.9608127721335269,0.8402366863905325,0.8137535816618912,0.7676123691481037,,,142.0,27.0,662.0,38.0,869.0,180.0,689.0,0.8834786626811976,0.0815649361231617,0.2,0.1,1.0,1.0,chroma;dwt;envelope;frequency;mfcc;time
mutual_info,10,r0f2,2,10,0.23201110355625446,1.976683899993077,0.8868360277136259,0.8392425529135092,0.7584269662921348,0.9200581395348837,0.7105263157894737,0.7336956521739131,0.6625129782148235,,,135.0,55.0,633.0,43.0,866.0,178.0,688.0,0.8309240724212674,0.1183531493051128,0.014492753623188408,0.09916520062795325,0.07246376811594203,0.9916520062795325,dwt;mfcc;time
mutual_info,20,r0f2,2,20,0.23398588134683407,2.390583600034006,0.8995381062355658,0.857647961850013,0.7865168539325843,0.9287790697674418,0.7407407407407407,0.7629427792915532,0.6997851689902967,,,140.0,49.0,639.0,38.0,866.0,178.0,688.0,0.8496032577776447,0.10527771955564873,0.028985507246376815,0.09972265454480853,0.14492753623188406,0.9972265454480852,chroma;dwt;frequency;mfcc;time
mutual_info,30,r0f2,2,30,0.25062139063351474,2.4366301000118256,0.8960739030023095,0.8596322184478704,0.797752808988764,0.9215116279069767,0.7244897959183674,0.7593582887700535,0.6945881518766479,,,142.0,54.0,634.0,36.0,866.0,178.0,688.0,0.84654217825837,0.10742047521914101,0.043478260869565216,0.09972265454480853,0.21739130434782608,0.9972265454480852,chroma;dwt;frequency;mfcc;time
mutual_info,40,r0f2,2,40,0.25598820166525416,2.5577116000349633,0.9064665127020786,0.8682551607002874,0.8033707865168539,0.9331395348837209,0.7566137566137566,0.779291553133515,0.7205395454490834,,,143.0,46.0,642.0,35.0,866.0,178.0,688.0,0.8599754468964278,0.09801718717250053,0.05797101449275363,0.1,0.2898550724637681,1.0,chroma;dwt;envelope;frequency;mfcc;time
mutual_info,50,r0f2,2,50,0.26844396673104753,2.5045255000004545,0.9087759815242494,0.8697086490723804,0.8033707865168539,0.936046511627907,0.7647058823529411,0.7835616438356164,0.7261697209922864,,,143.0,44.0,644.0,35.0,866.0,178.0,688.0,0.8628854305498492,0.09598019861510554,0.07246376811594203,0.1,0.36231884057971014,1.0,chroma;dwt;envelope;frequency;mfcc;time
mutual_info,60,r0f2,2,60,0.28153204438512325,2.6311407000175677,0.9099307159353349,0.8725176378364254,0.8089887640449438,0.936046511627907,0.7659574468085106,0.7868852459016393,0.7302764315957403,,,144.0,44.0,644.0,34.0,866.0,178.0,688.0,0.8648921105057246,0.0945755226459928,0.08695652173913043,0.1,0.43478260869565216,1.0,chroma;dwt;envelope;frequency;mfcc;time
mutual_info,70,r0f2,2,70,0.29397064288368635,2.790563100017607,0.9122401847575058,0.8739711262085184,0.8089887640449438,0.938953488372093,0.7741935483870968,0.7912087912087912,0.735972114802274,,,144.0,42.0,646.0,34.0,866.0,178.0,688.0,0.8678266178266179,0.0925213675213675,0.10144927536231885,0.1,0.5072463768115942,1.0,chroma;dwt;envelope;frequency;mfcc;time
mutual_info,80,r0f2,2,80,0.31064021748759796,3.025510499952361,0.9110854503464203,0.8669976482884767,0.7921348314606742,0.9418604651162791,0.7790055248618785,0.7855153203342619,0.7294792183339563,,,141.0,40.0,648.0,37.0,866.0,178.0,688.0,0.8647168735684418,0.0946981885020907,0.11594202898550726,0.1,0.5797101449275363,1.0,chroma;dwt;envelope;frequency;mfcc;time
mutual_info,100,r0f2,2,100,0.3414530457693808,3.4419827000238,0.9099307159353349,0.8621064149464333,0.7808988764044944,0.9433139534883721,0.7808988764044944,0.7808988764044944,0.7242128298928665,,,139.0,39.0,649.0,39.0,866.0,178.0,688.0,0.8621064149464333,0.09652550953749672,0.14492753623188406,0.1,0.7246376811594203,1.0,chroma;dwt;envelope;frequency;mfcc;time
mutual_info,120,r0f2,2,120,0.3675742536626102,3.7455519999493845,0.9122401847575058,0.8677243924745232,0.7921348314606742,0.9433139534883721,0.7833333333333333,0.7877094972067039,0.7324168795604189,,,141.0,39.0,649.0,37.0,866.0,178.0,688.0,0.8661982711652152,0.09366121018434936,0.17391304347826086,0.1,0.8695652173913043,1.0,chroma;dwt;envelope;frequency;mfcc;time
mutual_info,138,r0f2,2,138,0.3957312925170068,3.4413558000233024,0.9099307159353349,0.8662709041024301,0.7921348314606742,0.940406976744186,0.7747252747252747,0.7833333333333333,0.7265623538572741,,,141.0,41.0,647.0,37.0,866.0,178.0,688.0,0.8632410106899903,0.09573129251700681,0.2,0.1,1.0,1.0,chroma;dwt;envelope;frequency;mfcc;time
anova_f,10,r0f2,2,10,0.23545258827685875,1.9858943999861367,0.8799076212471132,0.8452933106872225,0.7865168539325843,0.9040697674418605,0.6796116504854369,0.7291666666666666,0.655415643434097,,,140.0,66.0,622.0,38.0,866.0,178.0,688.0,0.826007665677547,0.12179463402571708,0.014492753623188408,0.09916520062795325,0.07246376811594203,0.9916520062795325,dwt;mfcc;time
anova_f,20,r0f2,2,20,0.24710029289215654,2.1538761999690905,0.8856812933025404,0.8426802978834596,0.7696629213483146,0.9156976744186046,0.7025641025641025,0.7345844504021448,0.6630477198762089,,,137.0,58.0,630.0,41.0,866.0,178.0,688.0,0.8308683841414697,0.11839213110097122,0.028985507246376815,0.09972265454480853,0.14492753623188406,0.9972265454480852,chroma;dwt;frequency;mfcc;time
anova_f,30,r0f2,2,30,0.2477538371202753,2.5841598000261,0.9006928406466512,0.8583747060360596,0.7865168539325843,0.9302325581395349,0.7446808510638298,0.7650273224043715,0.7025508993834688,,,140.0,48.0,640.0,38.0,866.0,178.0,688.0,0.8510348910704142,0.10427557625071006,0.043478260869565216,0.1,0.21739130434782608,1.0,chroma;dwt;envelope;frequency;mfcc;time
anova_f,40,r0f2,2,40,0.2549715505399258,2.8388732000021264,0.9076212471131639,0.8689819048863339,0.8033707865168539,0.934593023255814,0.7606382978723404,0.7814207650273224,0.7233450485426723,,,143.0,45.0,643.0,35.0,866.0,178.0,688.0,0.8614278056468969,0.09700053604717215,0.05797101449275363,0.1,0.2898550724637681,1.0,chroma;dwt;envelope;frequency;mfcc;time
anova_f,50,r0f2,2,50,0.2698546812963289,3.4749202000093646,0.9076212471131639,0.8668996603083354,0.797752808988764,0.936046511627907,0.7634408602150538,0.7802197802197802,0.7220555278024319,,,142.0,44.0,644.0,36.0,866.0,178.0,688.0,0.8608701240280188,0.09739091318038685,0.07246376811594203,0.1,0.36231884057971014,1.0,chroma;dwt;envelope;frequency;mfcc;time
anova_f,60,r0f2,2,60,0.28371708028163434,2.72264069999801,0.9087759815242494,0.8655441599163836,0.7921348314606742,0.938953488372093,0.7704918032786885,0.7811634349030471,0.7236660006856939,,,141.0,42.0,646.0,37.0,866.0,178.0,688.0,0.8617706306535659,0.0967605585425039,0.08695652173913043,0.1,0.43478260869565216,1.0,chroma;dwt;envelope;frequency;mfcc;time
anova_f,70,r0f2,2,70,0.3010668502801025,3.5228828000253998,0.9064665127020786,0.8599261823882938,0.7808988764044944,0.938953488372093,0.7679558011049724,0.7743732590529248,0.7154233042391449,,,139.0,42.0,646.0,39.0,866.0,178.0,688.0,0.8576891786888805,0.09961757491778364,0.10144927536231885,0.1,0.5072463768115942,1.0,chroma;dwt;envelope;frequency;mfcc;time
anova_f,80,r0f2,2,80,0.31025295313453005,3.2573572999681346,0.9110854503464203,0.869079892866475,0.797752808988764,0.940406976744186,0.7759562841530054,0.7867036011080333,0.7306656740605075,,,142.0,41.0,647.0,36.0,866.0,178.0,688.0,0.8652701083585389,0.09431092414902276,0.11594202898550726,0.1,0.5797101449275363,1.0,chroma;dwt;envelope;frequency;mfcc;time
anova_f,100,r0f2,2,100,0.33820418022281373,3.2417610000120476,0.9122401847575058,0.8698066370525215,0.797752808988764,0.9418604651162791,0.7802197802197802,0.7888888888888889,0.7335760981270366,,,142.0,40.0,648.0,36.0,866.0,178.0,688.0,0.866747651441529,0.0932766439909297,0.14492753623188406,0.1,0.7246376811594203,1.0,chroma;dwt;envelope;frequency;mfcc;time
anova_f,120,r0f2,2,120,0.36925441541841486,3.953590899996925,0.9099307159353349,0.8683531486804286,0.797752808988764,0.938953488372093,0.7717391304347826,0.7845303867403315,0.7277756212389644,,,142.0,42.0,646.0,36.0,866.0,178.0,688.0,0.8637980400854942,0.09534137194015405,0.17391304347826086,0.1,0.8695652173913043,1.0,chroma;dwt;envelope;frequency;mfcc;time
anova_f,138,r0f2,2,138,0.3957312925170068,3.8844525000313297,0.9099307159353349,0.8662709041024301,0.7921348314606742,0.940406976744186,0.7747252747252747,0.7833333333333333,0.7265623538572741,,,141.0,41.0,647.0,37.0,866.0,178.0,688.0,0.8632410106899903,0.09573129251700681,0.2,0.1,1.0,1.0,chroma;dwt;envelope;frequency;mfcc;time
rf_importance,10,r0f2,2,10,0.2518480197803207,2.4895088999764994,0.8637413394919169,0.8205431800365822,0.7471910112359551,0.8938953488372093,0.6456310679611651,0.6927083333333334,0.6084363875279165,,,133.0,73.0,615.0,45.0,866.0,178.0,688.0,0.8025856206726014,0.138190065529179,0.014492753623188408,0.09916520062795325,0.07246376811594203,0.9916520062795325,dwt;mfcc;time
rf_importance,20,r0f2,2,20,0.22136983201196012,2.628159300016705,0.9110854503464203,0.8774088711784688,0.8202247191011236,0.934593023255814,0.7643979057591623,0.7913279132791328,0.7356610287742903,,,146.0,45.0,643.0,32.0,866.0,178.0,688.0,0.8674174415992142,0.09280779088055006,0.028985507246376815,0.09957653388503324,0.14492753623188406,0.9957653388503324,dwt;frequency;mfcc;time
rf_importance,30,r0f2,2,30,0.23556102950365393,2.4463616000139154,0.9110854503464203,0.8815733603344656,0.8314606741573034,0.9316860465116279,0.7589743589743589,0.7935656836461126,0.7383014083328258,,,148.0,47.0,641.0,30.0,866.0,178.0,688.0,0.8684531876655875,0.09208276863408871,0.043478260869565216,0.1,0.21739130434782608,1.0,chroma;dwt;envelope;frequency;mfcc;time
rf_importance,40,r0f2,2,40,0.2552163806913036,3.1719052000553347,0.9064665127020786,0.8724196498562843,0.8146067415730337,0.9302325581395349,0.7512953367875648,0.7816711590296496,0.7232369678827036,,,145.0,48.0,640.0,33.0,866.0,178.0,688.0,0.8610780482877858,0.09724536619854995,0.05797101449275363,0.1,0.2898550724637681,1.0,chroma;dwt;envelope;frequency;mfcc;time
rf_importance,50,r0f2,2,50,0.26768215096741543,2.5454745999886654,0.9087759815242494,0.8738731382283773,0.8146067415730337,0.9331395348837209,0.7591623036649214,0.7859078590785907,0.7287690314255968,,,145.0,46.0,642.0,33.0,866.0,178.0,688.0,0.8639737387836094,0.09521838285147342,0.07246376811594203,0.1,0.36231884057971014,1.0,chroma;dwt;envelope;frequency;mfcc;time
rf_importance,60,r0f2,2,60,0.28115596710442425,2.586537400027737,0.9099307159353349,0.8745998824144239,0.8146067415730337,0.934593023255814,0.7631578947368421,0.7880434782608695,0.7315629528368042,,,145.0,45.0,643.0,33.0,866.0,178.0,688.0,0.8654293637638659,0.09419944536529384,0.08695652173913043,0.1,0.43478260869565216,1.0,chroma;dwt;envelope;frequency;mfcc;time
rf_importance,70,r0f2,2,70,0.290817979939649,3.022047400008887,0.9145496535796767,0.8816713483146068,0.8258426966292135,0.9375,0.7736842105263158,0.7989130434782609,0.7453729477612002,,,147.0,43.0,645.0,31.0,866.0,178.0,688.0,0.8723304220323855,0.08936870457733012,0.10144927536231885,0.1,0.5072463768115942,1.0,chroma;dwt;envelope;frequency;mfcc;time
rf_importance,80,r0f2,2,80,0.30743065855767493,3.2339992999914102,0.9133949191685913,0.8746978703945649,0.8089887640449438,0.940406976744186,0.7783783783783784,0.7933884297520661,0.7388495625994268,,,144.0,41.0,647.0,34.0,866.0,178.0,688.0,0.8693019577540462,0.09148862957216768,0.11594202898550726,0.1,0.5797101449275363,1.0,chroma;dwt;envelope;frequency;mfcc;time
rf_importance,100,r0f2,2,100,0.33537960704690206,3.2835830000112765,0.9145496535796767,0.8754246145806115,0.8089887640449438,0.9418604651162791,0.782608695652174,0.7955801104972375,0.7417471062310492,,,144.0,40.0,648.0,34.0,866.0,178.0,688.0,0.8707827559785457,0.090452070815018,0.14492753623188406,0.1,0.7246376811594203,1.0,chroma;dwt;envelope;frequency;mfcc;time
rf_importance,120,r0f2,2,120,0.3682239676272836,3.383173300011549,0.9110854503464203,0.869079892866475,0.797752808988764,0.940406976744186,0.7759562841530054,0.7867036011080333,0.7306656740605075,,,142.0,41.0,647.0,36.0,866.0,178.0,688.0,0.8652701083585389,0.09431092414902276,0.17391304347826086,0.1,0.8695652173913043,1.0,chroma;dwt;envelope;frequency;mfcc;time
rf_importance,138,r0f2,2,138,0.3957312925170068,3.508804799988866,0.9099307159353349,0.8662709041024301,0.7921348314606742,0.940406976744186,0.7747252747252747,0.7833333333333333,0.7265623538572741,,,141.0,41.0,647.0,37.0,866.0,178.0,688.0,0.8632410106899903,0.09573129251700681,0.2,0.1,1.0,1.0,chroma;dwt;envelope;frequency;mfcc;time
gb_importance,10,r0f2,2,10,0.22040181001677614,1.8855183999985456,0.8960739030023095,0.8637967076038673,0.8089887640449438,0.9186046511627907,0.72,0.7619047619047619,0.6976552518009094,,,144.0,56.0,632.0,34.0,866.0,178.0,688.0,0.847717521277344,0.10659773510585918,0.014492753623188408,0.09931132128772854,0.07246376811594203,0.9931132128772854,chroma;dwt;mfcc;time
gb_importance,20,r0f2,2,20,0.22355240783668467,1.990372300031595,0.9087759815242494,0.8759553828063757,0.8202247191011236,0.9316860465116279,0.7564766839378239,0.7870619946091644,0.7301033423585239,,,146.0,47.0,641.0,32.0,866.0,178.0,688.0,0.8645082199350009,0.09484424604549935,0.028985507246376815,0.09972265454480853,0.14492753623188406,0.9972265454480852,chroma;dwt;frequency;mfcc;time
gb_importance,30,r0f2,2,30,0.2370287520615936,2.188115500030108,0.9099307159353349,0.8766821269924223,0.8202247191011236,0.9331395348837209,0.7604166666666666,0.7891891891891892,0.7328729078110853,,,146.0,46.0,642.0,32.0,866.0,178.0,688.0,0.8659602333611145,0.09382783664721984,0.043478260869565216,0.09972265454480853,0.21739130434782608,0.9972265454480852,chroma;dwt;frequency;mfcc;time
gb_importance,40,r0f2,2,40,0.25152150568478204,2.3055630999733694,0.9099307159353349,0.8766821269924223,0.8202247191011236,0.9331395348837209,0.7604166666666666,0.7891891891891892,0.7328729078110853,,,146.0,46.0,642.0,32.0,866.0,178.0,688.0,0.8659602333611145,0.09382783664721984,0.05797101449275363,0.09972265454480853,0.2898550724637681,0.9972265454480852,chroma;dwt;frequency;mfcc;time
gb_importance,50,r0f2,2,50,0.2604503750546453,2.366821199946571,0.9157043879907621,0.8844803370786517,0.8314606741573034,0.9375,0.774869109947644,0.8021680216802168,0.7494450234716774,,,148.0,43.0,645.0,30.0,866.0,178.0,688.0,0.8743048472304239,0.08798660693870326,0.07246376811594203,0.1,0.36231884057971014,1.0,chroma;dwt;envelope;frequency;mfcc;time
gb_importance,60,r0f2,2,60,0.285366598800188,2.4563510000007227,0.9064665127020786,0.866172916122289,0.797752808988764,0.934593023255814,0.7593582887700535,0.7780821917808219,0.7192249491663817,,,142.0,45.0,643.0,36.0,866.0,178.0,688.0,0.8594141756270606,0.09841007706105759,0.08695652173913043,0.1,0.43478260869565216,1.0,chroma;dwt;envelope;frequency;mfcc;time
gb_importance,70,r0f2,2,70,0.2922059301516712,2.6061091999872588,0.9133949191685913,0.8788623595505618,0.8202247191011236,0.9375,0.7724867724867724,0.7956403269754768,0.74129392190787,,,146.0,43.0,645.0,32.0,866.0,178.0,688.0,0.8703476360152109,0.09075665478935235,0.10144927536231885,0.1,0.5072463768115942,1.0,chroma;dwt;envelope;frequency;mfcc;time
gb_importance,80,r0f2,2,80,0.3035938508478554,2.6471825999906287,0.9168591224018475,0.8810425921087013,0.8202247191011236,0.9418604651162791,0.7849462365591398,0.8021978021978022,0.7498887018021161,,,146.0,40.0,648.0,32.0,866.0,178.0,688.0,0.8747831116252169,0.08765182186234814,0.11594202898550726,0.1,0.5797101449275363,1.0,chroma;dwt;envelope;frequency;mfcc;time
gb_importance,100,r0f2,2,100,0.344137729167869,3.2959320000372827,0.9064665127020786,0.8620084269662922,0.7865168539325843,0.9375,0.7650273224043715,0.775623268698061,0.7166663273108803,,,140.0,43.0,645.0,38.0,866.0,178.0,688.0,0.8582711529485929,0.09921019293598496,0.14492753623188406,0.1,0.7246376811594203,1.0,chroma;dwt;envelope;frequency;mfcc;time
gb_importance,120,r0f2,2,120,0.36900323955669234,2.98984890000429,0.9110854503464203,0.8649154037104783,0.7865168539325843,0.9433139534883721,0.7821229050279329,0.7843137254901961,0.7283188125819424,,,140.0,39.0,649.0,38.0,866.0,178.0,688.0,0.864156862745098,0.09509019607843143,0.17391304347826086,0.1,0.8695652173913043,1.0,chroma;dwt;envelope;frequency;mfcc;time
gb_importance,138,r0f2,2,138,0.3957312925170068,3.145374699961394,0.9099307159353349,0.8662709041024301,0.7921348314606742,0.940406976744186,0.7747252747252747,0.7833333333333333,0.7265623538572741,,,141.0,41.0,647.0,37.0,866.0,178.0,688.0,0.8632410106899903,0.09573129251700681,0.2,0.1,1.0,1.0,chroma;dwt;envelope;frequency;mfcc;time
mutual_info,10,r0f3,0,10,0.2890668064641949,1.8732083000359125,0.812933025404157,0.7906486804285341,0.7528089887640449,0.8284883720930233,0.5317460317460317,0.6232558139534884,0.5171518891969809,,,134.0,118.0,570.0,44.0,866.0,178.0,688.0,0.749415925409924,0.17540885221305322,0.014492753623188408,0.09916520062795325,0.07246376811594203,0.9916520062795325,dwt;mfcc;time
mutual_info,20,r0f3,0,20,0.29604051996702585,2.0041324999765493,0.825635103926097,0.7944783773190489,0.7415730337078652,0.8473837209302325,0.5569620253164557,0.636144578313253,0.5338117530781045,,,132.0,105.0,583.0,46.0,866.0,178.0,688.0,0.7607450302348345,0.1674784788356158,0.028985507246376815,0.09957653388503324,0.14492753623188406,0.9957653388503324,dwt;frequency;mfcc;time
mutual_info,30,r0f3,0,30,0.30984559004215845,2.1188810999738052,0.8267898383371824,0.7952051215050954,0.7415730337078652,0.8488372093023255,0.559322033898305,0.6376811594202898,0.5358359250964325,,,132.0,104.0,584.0,46.0,866.0,178.0,688.0,0.7619361791031647,0.1666446746277847,0.043478260869565216,0.09972265454480853,0.21739130434782608,0.9972265454480852,chroma;dwt;frequency;mfcc;time
mutual_info,40,r0f3,0,40,0.318717572371387,2.193190499965567,0.8348729792147807,0.800292330807421,0.7415730337078652,0.8590116279069767,0.5764192139737991,0.6486486486486487,0.5502892127234618,,,132.0,97.0,591.0,46.0,866.0,178.0,688.0,0.7703620601733809,0.16074655787863334,0.05797101449275363,0.1,0.2898550724637681,1.0,chroma;dwt;envelope;frequency;mfcc;time
mutual_info,50,r0f3,0,50,0.32871391878118705,2.5681953000021167,0.8394919168591224,0.8073637967076038,0.7528089887640449,0.8619186046511628,0.5851528384279476,0.6584766584766585,0.5632477567946655,,,134.0,95.0,593.0,44.0,866.0,178.0,688.0,0.77678549904965,0.156250150665245,0.07246376811594203,0.1,0.36231884057971014,1.0,chroma;dwt;envelope;frequency;mfcc;time
mutual_info,60,r0f3,0,60,0.34396778300039166,2.433712500031106,0.8406466512702079,0.8018438071596551,0.7359550561797753,0.8677325581395349,0.5900900900900901,0.655,0.5587236631038439,,,131.0,91.0,597.0,47.0,866.0,178.0,688.0,0.7756981981981982,0.15701126126126125,0.08695652173913043,0.1,0.43478260869565216,1.0,chroma;dwt;envelope;frequency;mfcc;time
mutual_info,70,r0f3,0,70,0.35640984266300146,2.5888356000068597,0.8441108545034642,0.8019417951397962,0.7303370786516854,0.873546511627907,0.5990783410138248,0.6582278481012658,0.5631255511095368,,,130.0,87.0,601.0,48.0,866.0,178.0,688.0,0.7786277609990249,0.15496056730068258,0.10144927536231885,0.1,0.5072463768115942,1.0,chroma;dwt;envelope;frequency;mfcc;time
mutual_info,80,r0f3,0,80,0.36224276992050297,2.5748689000029117,0.8533487297921478,0.8140024823621637,0.7471910112359551,0.8808139534883721,0.6186046511627907,0.6768447837150128,0.5874319626128935,,,133.0,82.0,606.0,45.0,866.0,178.0,688.0,0.7909989415214347,0.1463007409349957,0.11594202898550726,0.1,0.5797101449275363,1.0,chroma;dwt;envelope;frequency;mfcc;time
mutual_info,100,r0f3,0,100,0.3967155674626778,2.9906161000253633,0.8475750577367206,0.8062042722759342,0.7359550561797753,0.876453488372093,0.6064814814814815,0.6649746192893401,0.5719550618411177,,,131.0,85.0,603.0,47.0,866.0,178.0,688.0,0.7831599553845804,0.1517880312307937,0.14492753623188406,0.1,0.7246376811594203,1.0,chroma;dwt;envelope;frequency;mfcc;time
mutual_info,120,r0f3,0,120,0.4244843301151212,3.1606349000358023,0.8498845265588915,0.8055755160700288,0.7303370786516854,0.8808139534883721,0.6132075471698113,0.6666666666666666,0.5743755772523279,,,130.0,82.0,606.0,48.0,866.0,178.0,688.0,0.7848981619473423,0.15057128663686037,0.17391304347826086,0.1,0.8695652173913043,1.0,chroma;dwt;envelope;frequency;mfcc;time
mutual_info,138,r0f3,0,138,0.44914204958318316,3.200448799994774,0.851039260969977,0.8083845048340736,0.7359550561797753,0.8808139534883721,0.6150234741784038,0.670076726342711,0.5787358314922983,,,131.0,82.0,606.0,47.0,866.0,178.0,688.0,0.7869399291668813,0.1491420495831831,0.2,0.1,1.0,1.0,chroma;dwt;envelope;frequency;mfcc;time
anova_f,10,r0f3,0,10,0.27837570096631703,1.857018299982883,0.8279445727482679,0.8000963548471387,0.7528089887640449,0.8473837209302325,0.5606694560669456,0.6426858513189448,0.5425780436346685,,,134.0,105.0,583.0,44.0,866.0,178.0,688.0,0.7646889332640352,0.16471774671517536,0.014492753623188408,0.09916520062795325,0.07246376811594203,0.9916520062795325,dwt;mfcc;time
anova_f,20,r0f3,0,20,0.29989900499116967,2.030785500013735,0.8187066974595842,0.7942824013587666,0.7528089887640449,0.8357558139534884,0.5425101214574899,0.6305882352941177,0.526750196202964,,,134.0,113.0,575.0,44.0,866.0,178.0,688.0,0.755232908771772,0.1713369638597596,0.028985507246376815,0.09957653388503324,0.14492753623188406,0.9957653388503324,dwt;frequency;mfcc;time
anova_f,30,r0f3,0,30,0.3120670198739768,2.208727599994745,0.8233256351039261,0.7951071335249543,0.7471910112359551,0.8430232558139535,0.5518672199170125,0.6348448687350835,0.5321883872132093,,,133.0,108.0,580.0,45.0,866.0,178.0,688.0,0.7591589157079834,0.1685887590044116,0.043478260869565216,0.1,0.21739130434782608,1.0,chroma;dwt;envelope;frequency;mfcc;time
anova_f,40,r0f3,0,40,0.3165764613370785,2.328267999982927,0.8348729792147807,0.8086213091194147,0.7640449438202247,0.8531976744186046,0.5738396624472574,0.655421686746988,0.5594491641734453,,,136.0,101.0,587.0,42.0,866.0,178.0,688.0,0.7734207902223931,0.15860544684432484,0.05797101449275363,0.1,0.2898550724637681,1.0,chroma;dwt;envelope;frequency;mfcc;time
anova_f,50,r0f3,0,50,0.3202252648550825,2.4066093000001274,0.848729792147806,0.8194244839299712,0.7696629213483146,0.8691860465116279,0.6035242290748899,0.6765432098765433,0.5870012959619897,,,137.0,90.0,598.0,41.0,866.0,178.0,688.0,0.7889121475155135,0.14776149673914052,0.07246376811594203,0.1,0.36231884057971014,1.0,chroma;dwt;envelope;frequency;mfcc;time
anova_f,60,r0f3,0,60,0.3364447343149122,2.423997599980794,0.8498845265588915,0.8097400052260256,0.7415730337078652,0.877906976744186,0.6111111111111112,0.6700507614213198,0.5785594124045248,,,132.0,84.0,604.0,46.0,866.0,178.0,688.0,0.7864454106060261,0.1494882125757817,0.08695652173913043,0.1,0.43478260869565216,1.0,chroma;dwt;envelope;frequency;mfcc;time
anova_f,70,r0f3,0,70,0.3532373065931126,2.762180600024294,0.8475750577367206,0.8062042722759342,0.7359550561797753,0.876453488372093,0.6064814814814815,0.6649746192893401,0.5719550618411177,,,131.0,85.0,603.0,47.0,866.0,178.0,688.0,0.7831599553845804,0.1517880312307937,0.10144927536231885,0.1,0.5072463768115942,1.0,chroma;dwt;envelope;frequency;mfcc;time
anova_f,80,r0f3,0,80,0.36860688417803167,2.54827299999306,0.8464203233256351,0.8054775280898876,0.7359550561797753,0.875,0.6036866359447005,0.6632911392405063,0.5697197411095484,,,131.0,86.0,602.0,47.0,866.0,178.0,688.0,0.7819073497249651,0.1526648551925244,0.11594202898550726,0.1,0.5797101449275363,1.0,chroma;dwt;envelope;frequency;mfcc;time
anova_f,100,r0f3,0,100,0.3975923914244085,3.048582000017632,0.8464203233256351,0.8054775280898876,0.7359550561797753,0.875,0.6036866359447005,0.6632911392405063,0.5697197411095484,,,131.0,86.0,602.0,47.0,866.0,178.0,688.0,0.7819073497249651,0.1526648551925244,0.14492753623188406,0.1,0.7246376811594203,1.0,chroma;dwt;envelope;frequency;mfcc;time
anova_f,120,r0f3,0,120,0.42359864548581394,2.932635599980131,0.851039260969977,0.8063022602560752,0.7303370786516854,0.8822674418604651,0.6161137440758294,0.6683804627249358,0.5766636013039712,,,130.0,81.0,607.0,48.0,866.0,178.0,688.0,0.7861634257034955,0.14968560200755313,0.17391304347826086,0.1,0.8695652173913043,1.0,chroma;dwt;envelope;frequency;mfcc;time
anova_f,138,r0f3,0,138,0.44914204958318316,3.2390117999748327,0.851039260969977,0.8083845048340736,0.7359550561797753,0.8808139534883721,0.6150234741784038,0.670076726342711,0.5787358314922983,,,131.0,82.0,606.0,47.0,866.0,178.0,688.0,0.7869399291668813,0.1491420495831831,0.2,0.1,1.0,1.0,chroma;dwt;envelope;frequency;mfcc;time
rf_importance,10,r0f3,0,10,0.2828122816286115,1.9002779999864288,0.8210161662817552,0.7978181343088582,0.7584269662921348,0.8372093023255814,0.5465587044534413,0.6352941176470588,0.5330789743309888,,,135.0,112.0,576.0,43.0,866.0,178.0,688.0,0.7583509608893289,0.1691543273774698,0.014492753623188408,0.09916520062795325,0.07246376811594203,0.9916520062795325,dwt;mfcc;time
rf_importance,20,r0f3,0,20,0.2890065419067888,1.9546793000190519,0.836027713625866,0.798936830415469,0.7359550561797753,0.8619186046511628,0.5796460176991151,0.6485148514851485,0.5501352012192754,,,131.0,95.0,593.0,47.0,866.0,178.0,688.0,0.7707935703208875,0.16044450077537875,0.028985507246376815,0.09957653388503324,0.14492753623188406,0.9957653388503324,dwt;frequency;mfcc;time
rf_importance,30,r0f3,0,30,0.3015531490265376,2.148014000034891,0.8371824480369515,0.8038280637575124,0.7471910112359551,0.8604651162790697,0.5807860262008734,0.6535626535626535,0.5567684847590637,,,133.0,96.0,592.0,45.0,866.0,178.0,688.0,0.7735737796115154,0.1584983542719392,0.043478260869565216,0.09957653388503324,0.21739130434782608,0.9957653388503324,dwt;frequency;mfcc;time
rf_importance,40,r0f3,0,40,0.3163232481049175,2.2210310000227764,0.8371824480369515,0.8038280637575124,0.7471910112359551,0.8604651162790697,0.5807860262008734,0.6535626535626535,0.5567684847590637,,,133.0,96.0,592.0,45.0,866.0,178.0,688.0,0.7735737796115154,0.1584983542719392,0.05797101449275363,0.09985387934022472,0.2898550724637681,0.9985387934022472,dwt;envelope;frequency;mfcc;time
rf_importance,50,r0f3,0,50,0.32824258482942215,2.3822518999804743,0.8406466512702079,0.806008296315652,0.7471910112359551,0.8648255813953488,0.588495575221239,0.6584158415841584,0.5631488613644827,,,133.0,93.0,595.0,45.0,866.0,178.0,688.0,0.777250089466778,0.1559249373732554,0.07246376811594203,0.09985387934022472,0.36231884057971014,0.9985387934022472,dwt;envelope;frequency;mfcc;time
rf_importance,60,r0f3,0,60,0.34310345320883995,2.3983108999673277,0.8418013856812933,0.8025705513457015,0.7359550561797753,0.8691860465116279,0.5927601809954751,0.656641604010025,0.5608992746828828,,,131.0,90.0,598.0,47.0,866.0,178.0,688.0,0.7769329550432721,0.15614693146970954,0.08695652173913043,0.1,0.43478260869565216,1.0,chroma;dwt;envelope;frequency;mfcc;time
rf_importance,70,r0f3,0,70,0.35269678035233876,2.578309700009413,0.8475750577367206,0.8082865168539326,0.7415730337078652,0.875,0.6055045871559633,0.6666666666666666,0.5740807668318841,,,132.0,86.0,602.0,46.0,866.0,178.0,688.0,0.7839321357285429,0.15124750499001993,0.10144927536231885,0.1,0.5072463768115942,1.0,chroma;dwt;envelope;frequency;mfcc;time
rf_importance,80,r0f3,0,80,0.36525040871201786,2.738054299959913,0.848729792147806,0.8131777501959759,0.7528089887640449,0.873546511627907,0.6063348416289592,0.6716791979949874,0.5805626891000325,,,134.0,87.0,601.0,44.0,866.0,178.0,688.0,0.7867023146764134,0.14930837972651062,0.11594202898550726,0.1,0.5797101449275363,1.0,chroma;dwt;envelope;frequency;mfcc;time
rf_importance,100,r0f3,0,100,0.3946131382394372,2.9212652999558486,0.851039260969977,0.8063022602560752,0.7303370786516854,0.8822674418604651,0.6161137440758294,0.6683804627249358,0.5766636013039712,,,130.0,81.0,607.0,48.0,866.0,178.0,688.0,0.7861634257034955,0.14968560200755313,0.14492753623188406,0.1,0.7246376811594203,1.0,chroma;dwt;envelope;frequency;mfcc;time
rf_importance,120,r0f3,0,120,0.4198513674493717,2.9259459000313655,0.8545034642032333,0.8126469819702117,0.7415730337078652,0.8837209302325582,0.6226415094339622,0.676923076923077,0.5876674710554521,,,132.0,80.0,608.0,46.0,866.0,178.0,688.0,0.7915166800412703,0.14593832397111078,0.17391304347826086,0.1,0.8695652173913043,1.0,chroma;dwt;envelope;frequency;mfcc;time
rf_importance,138,r0f3,0,138,0.44914204958318316,3.2411558000021614,0.851039260969977,0.8083845048340736,0.7359550561797753,0.8808139534883721,0.6150234741784038,0.670076726342711,0.5787358314922983,,,131.0,82.0,606.0,47.0,866.0,178.0,688.0,0.7869399291668813,0.1491420495831831,0.2,0.1,1.0,1.0,chroma;dwt;envelope;frequency;mfcc;time
gb_importance,10,r0f3,0,10,0.27079224891755654,1.7643711999990046,0.836027713625866,0.813512542461458,0.7752808988764045,0.8517441860465116,0.575,0.6602870813397129,0.5661041628504639,,,138.0,102.0,586.0,40.0,866.0,178.0,688.0,0.7761100551295216,0.1567229614093349,0.014492753623188408,0.09957653388503324,0.07246376811594203,0.9957653388503324,dwt;frequency;mfcc;time
gb_importance,20,r0f3,0,20,0.28029605876542896,1.9323455999838188,0.8464203233256351,0.8096420172458845,0.7471910112359551,0.872093023255814,0.6018099547511312,0.6666666666666666,0.5740082176276492,,,133.0,88.0,600.0,45.0,866.0,178.0,688.0,0.7834458614653663,0.15158789697424357,0.028985507246376815,0.09972265454480853,0.14492753623188406,0.9972265454480852,chroma;dwt;frequency;mfcc;time
gb_importance,30,r0f3,0,30,0.2930366685818565,2.1239288999931887,0.848729792147806,0.8110955056179776,0.7471910112359551,0.875,0.6073059360730594,0.6700251889168766,0.5784339234171715,,,133.0,86.0,602.0,45.0,866.0,178.0,688.0,0.7859489240464532,0.14983575316748274,0.043478260869565216,0.09972265454480853,0.21739130434782608,0.9972265454480852,chroma;dwt;frequency;mfcc;time
gb_importance,40,r0f3,0,40,0.30612322310474965,2.209321199974511,0.8498845265588915,0.8139044943820224,0.7528089887640449,0.875,0.6090909090909091,0.6733668341708543,0.5827793441319878,,,134.0,86.0,602.0,44.0,866.0,178.0,688.0,0.7879577799040178,0.1484295540671875,0.05797101449275363,0.09972265454480853,0.2898550724637681,0.9972265454480852,chroma;dwt;frequency;mfcc;time
gb_importance,50,r0f3,0,50,0.32053719909214984,2.3701673000468872,0.851039260969977,0.8125489939900705,0.7471910112359551,0.877906976744186,0.6129032258064516,0.6734177215189874,0.5829081211095716,,,133.0,84.0,604.0,45.0,866.0,178.0,688.0,0.788466527176846,0.14807343097620781,0.07246376811594203,0.1,0.36231884057971014,1.0,chroma;dwt;envelope;frequency;mfcc;time
gb_importance,60,r0f3,0,60,0.33057836437736654,2.4009969999897294,0.8568129330254042,0.8161827149203031,0.7471910112359551,0.8851744186046512,0.6273584905660378,0.6820512820512821,0.5943134179570142,,,133.0,79.0,609.0,45.0,866.0,178.0,688.0,0.7948259390882342,0.14362184263823607,0.08695652173913043,0.1,0.43478260869565216,1.0,chroma;dwt;envelope;frequency;mfcc;time
gb_importance,70,r0f3,0,70,0.3440380319730645,2.725403100019321,0.8568129330254042,0.8203472040763,0.7584269662921348,0.8822674418604651,0.625,0.6852791878172588,0.5983724640947462,,,135.0,81.0,607.0,43.0,866.0,178.0,688.0,0.7963017762703634,0.14258875661074563,0.10144927536231885,0.1,0.5072463768115942,1.0,chroma;dwt;envelope;frequency;mfcc;time
gb_importance,80,r0f3,0,80,0.3627717987301914,2.605700700019952,0.8533487297921478,0.8119202377841652,0.7415730337078652,0.8822674418604651,0.6197183098591549,0.6751918158567775,0.5853712341040699,,,132.0,81.0,607.0,46.0,866.0,178.0,688.0,0.7902431860790227,0.14682976974468412,0.11594202898550726,0.1,0.5797101449275363,1.0,chroma;dwt;envelope;frequency;mfcc;time
gb_importance,100,r0f3,0,100,0.3912282771668798,3.0136889000423253,0.8533487297921478,0.8140024823621637,0.7471910112359551,0.8808139534883721,0.6186046511627907,0.6768447837150128,0.5874319626128935,,,133.0,82.0,606.0,45.0,866.0,178.0,688.0,0.7909989415214347,0.1463007409349957,0.14492753623188406,0.1,0.7246376811594203,1.0,chroma;dwt;envelope;frequency;mfcc;time
gb_importance,120,r0f3,0,120,0.4247047017086718,2.888922299956903,0.851039260969977,0.8021377711000783,0.7191011235955056,0.8851744186046512,0.6183574879227053,0.6649350649350649,0.5725472815243084,,,128.0,79.0,609.0,50.0,866.0,178.0,688.0,0.7845833453851272,0.15079165823041096,0.17391304347826086,0.1,0.8695652173913043,1.0,chroma;dwt;envelope;frequency;mfcc;time
gb_importance,138,r0f3,0,138,0.44914204958318316,3.208760200010147,0.851039260969977,0.8083845048340736,0.7359550561797753,0.8808139534883721,0.6150234741784038,0.670076726342711,0.5787358314922983,,,131.0,82.0,606.0,47.0,866.0,178.0,688.0,0.7869399291668813,0.1491420495831831,0.2,0.1,1.0,1.0,chroma;dwt;envelope;frequency;mfcc;time
mutual_info,10,r0f3,1,10,0.23274457885162578,1.8811624000081792,0.8939393939393939,0.8199233716475096,0.6954022988505747,0.9444444444444444,0.7610062893081762,0.7267267267267268,0.6621272912233185,,,121.0,38.0,646.0,53.0,858.0,174.0,684.0,0.8304638695094226,0.11867529134340414,0.014492753623188408,0.09957653388503324,0.07246376811594203,0.9957653388503324,dwt;frequency;mfcc;time
mutual_info,20,r0f3,1,20,0.24414507492005133,2.0873595000011846,0.8986013986013986,0.8185622101230087,0.6839080459770115,0.9532163742690059,0.7880794701986755,0.7323076923076923,0.6727113355867868,,,119.0,32.0,652.0,55.0,858.0,174.0,684.0,0.834881380301941,0.11558303378864127,0.028985507246376815,0.09957653388503324,0.14492753623188406,0.9957653388503324,dwt;frequency;mfcc;time
mutual_info,30,r0f3,1,30,0.2609679001677039,2.3748181999544613,0.8997668997668997,0.8064377898769913,0.6494252873563219,0.9634502923976608,0.8188405797101449,0.7243589743589743,0.6707631578682987,,,113.0,25.0,659.0,61.0,858.0,174.0,684.0,0.8315527065527065,0.11791310541310543,0.043478260869565216,0.09957653388503324,0.21739130434782608,0.9957653388503324,dwt;frequency;mfcc;time
mutual_info,40,r0f3,1,40,0.2796942046443913,2.267480799986515,0.8962703962703963,0.8021022383545069,0.6436781609195402,0.9605263157894737,0.8057553956834532,0.7156549520766773,0.6593481142488787,,,112.0,27.0,657.0,62.0,858.0,174.0,684.0,0.8261097283548033,0.12172319015163766,0.05797101449275363,0.1,0.2898550724637681,1.0,chroma;dwt;envelope;frequency;mfcc;time
mutual_info,50,r0f3,1,50,0.29586120401337795,2.4213302999851294,0.8951048951048951,0.7992286751361162,0.6379310344827587,0.9605263157894737,0.8043478260869565,0.7115384615384616,0.6549830918034526,,,111.0,27.0,657.0,63.0,858.0,174.0,684.0,0.8237179487179487,0.12339743589743592,0.07246376811594203,0.1,0.36231884057971014,1.0,chroma;dwt;envelope;frequency;mfcc;time
mutual_info,60,r0f3,1,60,0.3114150644784453,2.4906606000149623,0.8939393939393939,0.7984976809840694,0.6379310344827587,0.9590643274853801,0.7985611510791367,0.7092651757188498,0.6514810487221713,,,111.0,28.0,656.0,63.0,858.0,174.0,684.0,0.8222020818009788,0.12445854273931486,0.08695652173913043,0.1,0.43478260869565216,1.0,chroma;dwt;envelope;frequency;mfcc;time
mutual_info,70,r0f3,1,70,0.3193623807754243,2.703925700043328,0.8997668997668997,0.8064377898769913,0.6494252873563219,0.9634502923976608,0.8188405797101449,0.7243589743589743,0.6707631578682987,,,113.0,25.0,659.0,61.0,858.0,174.0,684.0,0.8315527065527065,0.11791310541310543,0.10144927536231885,0.1,0.5072463768115942,1.0,chroma;dwt;envelope;frequency;mfcc;time
mutual_info,80,r0f3,1,80,0.33492986654946766,2.548716699995566,0.8986013986013986,0.8057067957249446,0.6494252873563219,0.9619883040935673,0.8129496402877698,0.7220447284345048,0.6672151797755863,,,113.0,26.0,658.0,61.0,858.0,174.0,684.0,0.830017374908628,0.11898783756396036,0.11594202898550726,0.1,0.5797101449275363,1.0,chroma;dwt;envelope;frequency;mfcc;time
mutual_info,100,r0f3,1,100,0.34959693707537376,3.1174160999944434,0.9125874125874126,0.818763863682194,0.6609195402298851,0.9766081871345029,0.8778625954198473,0.7540983606557377,0.7126871027661279,,,115.0,16.0,668.0,59.0,858.0,174.0,684.0,0.8504722845093005,0.10466940084348968,0.14492753623188406,0.1,0.7246376811594203,1.0,chroma;dwt;envelope;frequency;mfcc;time
mutual_info,120,r0f3,1,120,0.3852744674804859,3.000727200007532,0.9067599067599068,0.810823754789272,0.6494252873563219,0.9722222222222222,0.8560606060606061,0.738562091503268,0.6927740272128282,,,113.0,19.0,665.0,61.0,858.0,174.0,684.0,0.8409122514253928,0.11136142400222501,0.17391304347826086,0.1,0.8695652173913043,1.0,chroma;dwt;envelope;frequency;mfcc;time
mutual_info,138,r0f3,1,138,0.41246592981831554,3.4874849999905564,0.9055944055944056,0.8100927606372252,0.6494252873563219,0.9707602339181286,0.849624060150376,0.7361563517915309,0.6890162654205643,,,113.0,20.0,664.0,61.0,858.0,174.0,684.0,0.839334385973835,0.11246592981831548,0.2,0.1,1.0,1.0,chroma;dwt;envelope;frequency;mfcc;time
anova_f,10,r0f3,1,10,0.24497108556427294,1.8676514999824576,0.8834498834498834,0.8004890098810244,0.6609195402298851,0.9400584795321637,0.7371794871794872,0.696969696969697,0.6265134633388743,,,115.0,41.0,643.0,59.0,858.0,174.0,684.0,0.8124098124098125,0.13131313131313127,0.014492753623188408,0.09916520062795325,0.07246376811594203,0.9916520062795325,dwt;mfcc;time
anova_f,20,r0f3,1,20,0.2527162098687843,1.9802658000262454,0.8904428904428905,0.8091601129259931,0.6724137931034483,0.945906432748538,0.7597402597402597,0.7134146341463414,0.647842503851084,,,117.0,37.0,647.0,57.0,858.0,174.0,684.0,0.8228456456034301,0.12400804807759892,0.028985507246376815,0.09972265454480853,0.14492753623188406,0.9972265454480852,chroma;dwt;frequency;mfcc;time
anova_f,30,r0f3,1,30,0.2776994491387139,2.095930000010412,0.8776223776223776,0.8032617463198225,0.6781609195402298,0.9283625730994152,0.7065868263473054,0.6920821114369502,0.6159607553970237,,,118.0,49.0,635.0,56.0,858.0,174.0,684.0,0.8078592375366569,0.13449853372434017,0.043478260869565216,0.09972265454480853,0.21739130434782608,0.9972265454480852,chroma;dwt;frequency;mfcc;time
anova_f,40,r0f3,1,40,0.29367120578950456,2.446745400025975,0.8776223776223776,0.7989766081871346,0.6666666666666666,0.9312865497076024,0.7116564417177914,0.6884272997032641,0.612891610770145,,,116.0,47.0,637.0,58.0,858.0,174.0,684.0,0.8061425838617844,0.13570019129675093,0.05797101449275363,0.1,0.2898550724637681,1.0,chroma;dwt;envelope;frequency;mfcc;time
anova_f,50,r0f3,1,50,0.2913505875615112,2.464004500012379,0.8974358974358975,0.8092609397055859,0.6609195402298851,0.9576023391812866,0.7986111111111112,0.7232704402515723,0.6654683268068989,,,115.0,29.0,655.0,59.0,858.0,174.0,684.0,0.8301616865063297,0.1188868194455692,0.07246376811594203,0.1,0.36231884057971014,1.0,chroma;dwt;envelope;frequency;mfcc;time
anova_f,60,r0f3,1,60,0.310647424317927,2.523347600013949,0.8927738927738927,0.8041943940310546,0.6551724137931034,0.9532163742690059,0.7808219178082192,0.7125,0.6509797094937391,,,114.0,32.0,652.0,60.0,858.0,174.0,684.0,0.8232987106017192,0.12369090257879654,0.08695652173913043,0.1,0.43478260869565216,1.0,chroma;dwt;envelope;frequency;mfcc;time
anova_f,70,r0f3,1,70,0.32378086557183705,2.691262700012885,0.8962703962703963,0.799959669288163,0.6379310344827587,0.9619883040935673,0.8102189781021898,0.7138263665594855,0.6585179550054779,,,111.0,26.0,658.0,63.0,858.0,174.0,684.0,0.825240585414974,0.12233159020951817,0.10144927536231885,0.1,0.5072463768115942,1.0,chroma;dwt;envelope;frequency;mfcc;time
anova_f,80,r0f3,1,80,0.3338551343986127,2.80335980001837,0.8997668997668997,0.8064377898769913,0.6494252873563219,0.9634502923976608,0.8188405797101449,0.7243589743589743,0.6707631578682987,,,113.0,25.0,659.0,61.0,858.0,174.0,684.0,0.8315527065527065,0.11791310541310543,0.11594202898550726,0.1,0.5797101449275363,1.0,chroma;dwt;envelope;frequency;mfcc;time
anova_f,100,r0f3,1,100,0.3585555869350435,2.9564866999862716,0.9055944055944056,0.8058076225045372,0.6379310344827587,0.9736842105263158,0.8604651162790697,0.7326732673267327,0.688053736605805,,,111.0,18.0,666.0,63.0,858.0,174.0,684.0,0.8376742132812007,0.11362805070315948,0.14492753623188406,0.1,0.7246376811594203,1.0,chroma;dwt;envelope;frequency;mfcc;time
anova_f,120,r0f3,1,120,0.3886467172519301,2.965726399968844,0.9044289044289044,0.8050766283524904,0.6379310344827587,0.9722222222222222,0.8538461538461538,0.7302631578947368,0.6842333573835185,,,111.0,19.0,665.0,63.0,858.0,174.0,684.0,0.8360947517519011,0.11473367377366925,0.17391304347826086,0.1,0.8695652173913043,1.0,chroma;dwt;envelope;frequency;mfcc;time
anova_f,138,r0f3,1,138,0.41246592981831554,3.2186484000412747,0.9055944055944056,0.8100927606372252,0.6494252873563219,0.9707602339181286,0.849624060150376,0.7361563517915309,0.6890162654205643,,,113.0,20.0,664.0,61.0,858.0,174.0,684.0,0.839334385973835,0.11246592981831548,0.2,0.1,1.0,1.0,chroma;dwt;envelope;frequency;mfcc;time
rf_importance,10,r0f3,1,10,0.24659157206937482,1.7975023000035435,0.87995337995338,0.8047237346239161,0.6781609195402298,0.9312865497076024,0.7151515151515152,0.696165191740413,0.6217708586726982,,,118.0,47.0,637.0,56.0,858.0,174.0,684.0,0.810682450626924,0.13252228456115317,0.014492753623188408,0.09957653388503324,0.07246376811594203,0.9957653388503324,dwt;frequency;mfcc;time
rf_importance,20,r0f3,1,20,0.24630890657960414,1.9300675999838859,0.8974358974358975,0.8135460778382739,0.6724137931034483,0.9546783625730995,0.7905405405405406,0.7267080745341615,0.6673812655337964,,,117.0,31.0,653.0,57.0,858.0,174.0,684.0,0.8317901922168656,0.1177468654481941,0.028985507246376815,0.09957653388503324,0.14492753623188406,0.9957653388503324,dwt;frequency;mfcc;time
rf_importance,30,r0f3,1,30,0.25757959254089047,2.07160099997418,0.8997668997668997,0.8192932042750555,0.6839080459770115,0.9546783625730995,0.7933333333333333,0.7345679012345679,0.6760208450094168,,,119.0,31.0,653.0,55.0,858.0,174.0,684.0,0.8363931460195828,0.11452479778629203,0.043478260869565216,0.09957653388503324,0.21739130434782608,0.9957653388503324,dwt;frequency;mfcc;time
rf_importance,40,r0f3,1,40,0.2765353859417472,2.422295500000473,0.8986013986013986,0.8057067957249446,0.6494252873563219,0.9619883040935673,0.8129496402877698,0.7220447284345048,0.6672151797755863,,,113.0,26.0,658.0,61.0,858.0,174.0,684.0,0.830017374908628,0.11898783756396036,0.05797101449275363,0.09957653388503324,0.2898550724637681,0.9957653388503324,dwt;frequency;mfcc;time
rf_importance,50,r0f3,1,50,0.284858503316491,2.3624752000323497,0.9020979020979021,0.820755192579149,0.6839080459770115,0.9576023391812866,0.8040540540540541,0.7391304347826086,0.6827258303655888,,,119.0,29.0,655.0,55.0,858.0,174.0,684.0,0.8394360925706443,0.11239473520054896,0.07246376811594203,0.1,0.36231884057971014,1.0,chroma;dwt;envelope;frequency;mfcc;time
rf_importance,60,r0f3,1,60,0.29498208992094865,2.3538030000054277,0.9090909090909091,0.8165708812260537,0.6609195402298851,0.9722222222222222,0.8582089552238806,0.7467532467532467,0.7012646603486897,,,115.0,19.0,665.0,59.0,858.0,174.0,684.0,0.8456777597402597,0.10802556818181819,0.08695652173913043,0.1,0.43478260869565216,1.0,chroma;dwt;envelope;frequency;mfcc;time
rf_importance,70,r0f3,1,70,0.3072426281644326,2.5489661999745294,0.9114219114219114,0.8180328695301472,0.6609195402298851,0.9751461988304093,0.8712121212121212,0.7516339869281046,0.7088419350696823,,,115.0,17.0,667.0,59.0,858.0,174.0,684.0,0.8488666388541233,0.1057933528021137,0.10144927536231885,0.1,0.5072463768115942,1.0,chroma;dwt;envelope;frequency;mfcc;time
rf_importance,80,r0f3,1,80,0.32007714918765123,2.8248924000072293,0.9125874125874126,0.820906432748538,0.6666666666666666,0.9751461988304093,0.8721804511278195,0.755700325732899,0.713043901403772,,,116.0,17.0,667.0,58.0,858.0,174.0,684.0,0.8512355425683658,0.10413512020214397,0.11594202898550726,0.1,0.5797101449275363,1.0,chroma;dwt;envelope;frequency;mfcc;time
rf_importance,100,r0f3,1,100,0.35238812109786677,2.9863032999564894,0.9102564102564102,0.8151593063117564,0.6551724137931034,0.9751461988304093,0.8702290076335878,0.7475409836065574,0.7046280915613551,,,114.0,17.0,667.0,60.0,858.0,174.0,684.0,0.8464848787628818,0.10746058486598273,0.14492753623188406,0.1,0.7246376811594203,1.0,chroma;dwt;envelope;frequency;mfcc;time
rf_importance,120,r0f3,1,120,0.37804816368040484,2.995062300004065,0.9125874125874126,0.820906432748538,0.6666666666666666,0.9751461988304093,0.8721804511278195,0.755700325732899,0.713043901403772,,,116.0,17.0,667.0,58.0,858.0,174.0,684.0,0.8512355425683658,0.10413512020214397,0.17391304347826086,0.1,0.8695652173913043,1.0,chroma;dwt;envelope;frequency;mfcc;time
rf_importance,138,r0f3,1,138,0.41246592981831554,3.169293100014329,0.9055944055944056,0.8100927606372252,0.6494252873563219,0.9707602339181286,0.849624060150376,0.7361563517915309,0.6890162654205643,,,113.0,20.0,664.0,61.0,858.0,174.0,684.0,0.839334385973835,0.11246592981831548,0.2,0.1,1.0,1.0,chroma;dwt;envelope;frequency;mfcc;time
gb_importance,10,r0f3,1,10,0.25256439180792367,1.855394600017462,0.8787878787878788,0.7868521879411172,0.632183908045977,0.9415204678362573,0.7333333333333333,0.6790123456790124,0.6073353766643376,,,110.0,40.0,644.0,64.0,858.0,174.0,684.0,0.8021498510004257,0.13849510429970202,0.014492753623188408,0.09957653388503324,0.07246376811594203,0.9957653388503324,dwt;frequency;mfcc;time
gb_importance,20,r0f3,1,20,0.24232225969373572,1.9787385999807157,0.9020979020979021,0.8164700544464609,0.6724137931034483,0.9605263157894737,0.8125,0.7358490566037735,0.6809809147494186,,,117.0,27.0,657.0,57.0,858.0,174.0,684.0,0.8378816098469511,0.11348287310713419,0.028985507246376815,0.09985387934022472,0.14492753623188406,0.9985387934022472,dwt;envelope;frequency;mfcc;time
gb_importance,30,r0f3,1,30,0.24234067498690454,2.304039400012698,0.914918414918415,0.8352238354506958,0.7011494252873564,0.9692982456140351,0.8531468531468531,0.7697160883280757,0.7233467287671582,,,122.0,21.0,663.0,52.0,858.0,174.0,684.0,0.8587679798323724,0.09886241411733931,0.043478260869565216,0.1,0.21739130434782608,1.0,chroma;dwt;envelope;frequency;mfcc;time
gb_importance,40,r0f3,1,40,0.2594311284528676,2.2413303999928758,0.9137529137529138,0.8280651340996168,0.6839080459770115,0.9722222222222222,0.8623188405797102,0.7628205128205128,0.7181033560628368,,,119.0,19.0,665.0,55.0,858.0,174.0,684.0,0.85505698005698,0.10146011396011395,0.05797101449275363,0.1,0.2898550724637681,1.0,chroma;dwt;envelope;frequency;mfcc;time
gb_importance,50,r0f3,1,50,0.2771891386477641,2.4489413000410423,0.9114219114219114,0.8223180076628352,0.6724137931034483,0.9722222222222222,0.8602941176470589,0.7548387096774194,0.7097071614466903,,,117.0,19.0,665.0,57.0,858.0,174.0,684.0,0.8503923278116827,0.10472537053182208,0.07246376811594203,0.1,0.36231884057971014,1.0,chroma;dwt;envelope;frequency;mfcc;time
gb_importance,60,r0f3,1,60,0.2866724308300395,2.4465799999888986,0.916083916083916,0.8273845533373664,0.6781609195402298,0.9766081871345029,0.8805970149253731,0.7662337662337663,0.7252189990133595,,,118.0,16.0,668.0,56.0,858.0,174.0,684.0,0.8575487012987013,0.09971590909090908,0.08695652173913043,0.1,0.43478260869565216,1.0,chroma;dwt;envelope;frequency;mfcc;time
gb_importance,70,r0f3,1,70,0.3067049571805006,2.557993999973405,0.9114219114219114,0.8201754385964912,0.6666666666666666,0.9736842105263158,0.8656716417910447,0.7532467532467533,0.7092494399035797,,,116.0,18.0,666.0,58.0,858.0,174.0,684.0,0.8496347402597403,0.10525568181818179,0.10144927536231885,0.1,0.5072463768115942,1.0,chroma;dwt;envelope;frequency;mfcc;time
gb_importance,80,r0f3,1,80,0.3161673105875098,2.6407885999651626,0.916083916083916,0.8252419842710224,0.6724137931034483,0.9780701754385965,0.8863636363636364,0.7647058823529411,0.7249098429265365,,,117.0,15.0,669.0,57.0,858.0,174.0,684.0,0.8568210262828535,0.10022528160200254,0.11594202898550726,0.1,0.5797101449275363,1.0,chroma;dwt;envelope;frequency;mfcc;time
gb_importance,100,r0f3,1,100,0.35350492463405336,2.907999799994286,0.9090909090909091,0.8144283121597096,0.6551724137931034,0.9736842105263158,0.8636363636363636,0.7450980392156863,0.7008079811412553,,,114.0,18.0,666.0,60.0,858.0,174.0,684.0,0.844889445139758,0.10857738840216935,0.14492753623188406,0.1,0.7246376811594203,1.0,chroma;dwt;envelope;frequency;mfcc;time
gb_importance,120,r0f3,1,120,0.38360203675785254,3.0469579999917187,0.9079254079254079,0.8136973180076628,0.6551724137931034,0.9722222222222222,0.8571428571428571,0.742671009771987,0.6970254774149669,,,114.0,19.0,665.0,60.0,858.0,174.0,684.0,0.8433014381720119,0.10968899327959168,0.17391304347826086,0.1,0.8695652173913043,1.0,chroma;dwt;envelope;frequency;mfcc;time
gb_importance,138,r0f3,1,138,0.41246592981831554,3.216423699981533,0.9055944055944056,0.8100927606372252,0.6494252873563219,0.9707602339181286,0.849624060150376,0.7361563517915309,0.6890162654205643,,,113.0,20.0,664.0,61.0,858.0,174.0,684.0,0.839334385973835,0.11246592981831548,0.2,0.1,1.0,1.0,chroma;dwt;envelope;frequency;mfcc;time
mutual_info,10,r0f3,2,10,0.2337452140585593,1.831873600021936,0.875725900116144,0.8691232581287325,0.8579545454545454,0.8802919708029197,0.648068669527897,0.7383863080684596,0.6701086800941916,,,151.0,82.0,603.0,25.0,861.0,176.0,685.0,0.8284467717036891,0.12008725980741763,0.014492753623188408,0.09916520062795325,0.07246376811594203,0.9916520062795325,dwt;mfcc;time
mutual_info,20,r0f3,2,20,0.24979926956967394,1.9705232999986038,0.8768873403019745,0.8592982747179827,0.8295454545454546,0.8890510948905109,0.6576576576576577,0.7336683417085427,0.6624602601661218,,,146.0,76.0,609.0,30.0,861.0,176.0,685.0,0.8268039593739087,0.12123722843826389,0.028985507246376815,0.09957653388503324,0.14492753623188406,0.9957653388503324,dwt;frequency;mfcc;time
mutual_info,30,r0f3,2,30,0.2585169833620206,2.2232502999831922,0.8826945412311266,0.8692808560053085,0.8465909090909091,0.891970802919708,0.6681614349775785,0.7468671679197995,0.6798696249160274,,,149.0,74.0,611.0,27.0,861.0,176.0,685.0,0.8352627600747902,0.11531606794764687,0.043478260869565216,0.09972265454480853,0.21739130434782608,0.9972265454480852,chroma;dwt;frequency;mfcc;time
mutual_info,40,r0f3,2,40,0.2611391319457057,2.1465487999957986,0.8966318234610917,0.8801509621765096,0.8522727272727273,0.908029197080292,0.704225352112676,0.7712082262210797,0.7105757869363577,,,150.0,63.0,622.0,26.0,861.0,176.0,685.0,0.8522207672740807,0.1034454629081435,0.05797101449275363,0.09972265454480853,0.2898550724637681,0.9972265454480852,chroma;dwt;frequency;mfcc;time
mutual_info,50,r0f3,2,50,0.2772625285295497,2.4049019000376575,0.8954703832752613,0.8773100530856005,0.8465909090909091,0.908029197080292,0.7028301886792453,0.7680412371134021,0.7063821450151355,,,149.0,63.0,622.0,27.0,861.0,176.0,685.0,0.8502874851234177,0.10479876041360763,0.07246376811594203,0.1,0.36231884057971014,1.0,chroma;dwt;envelope;frequency;mfcc;time
mutual_info,60,r0f3,2,60,0.29641300483778726,2.3230255999951623,0.8908246225319396,0.8701683808891838,0.8352272727272727,0.9051094890510949,0.6933962264150944,0.7577319587628866,0.6930118420405809,,,147.0,65.0,620.0,29.0,861.0,176.0,685.0,0.8436335955733474,0.10945648309865683,0.08695652173913043,0.1,0.43478260869565216,1.0,chroma;dwt;envelope;frequency;mfcc;time
mutual_info,70,r0f3,2,70,0.30429591369187736,2.4772957999957725,0.8977932636469221,0.8787699071001991,0.8465909090909091,0.910948905109489,0.7095238095238096,0.772020725388601,0.7113886651233489,,,149.0,61.0,624.0,27.0,861.0,176.0,685.0,0.8530762309577735,0.10284663832955854,0.10144927536231885,0.1,0.5072463768115942,1.0,chroma;dwt;envelope;frequency;mfcc;time
mutual_info,80,r0f3,2,80,0.3152180506342641,2.5426074999850243,0.9024390243902439,0.8795786330457864,0.8409090909090909,0.9182481751824818,0.7254901960784313,0.7789473684210526,0.7200051524174002,,,148.0,56.0,629.0,28.0,861.0,176.0,685.0,0.8581771119303474,0.09927602164875682,0.11594202898550726,0.1,0.5797101449275363,1.0,chroma;dwt;envelope;frequency;mfcc;time
mutual_info,100,r0f3,2,100,0.35325058069543025,2.82747289998224,0.8931475029036005,0.8674062707365626,0.8238636363636364,0.910948905109489,0.7038834951456311,0.7591623036649214,0.6945826318804078,,,145.0,61.0,624.0,31.0,861.0,176.0,685.0,0.8452527936235055,0.10832304446354617,0.14492753623188406,0.1,0.7246376811594203,1.0,chroma;dwt;envelope;frequency;mfcc;time
mutual_info,120,r0f3,2,120,0.38150559493099734,2.9252049999777228,0.8954703832752613,0.8625331785003318,0.8068181818181818,0.9182481751824818,0.7171717171717171,0.7593582887700535,0.6948483246083342,,,142.0,56.0,629.0,34.0,861.0,176.0,685.0,0.8462963550675193,0.10759255145273647,0.17391304347826086,0.1,0.8695652173913043,1.0,chroma;dwt;envelope;frequency;mfcc;time
mutual_info,138,r0f3,2,138,0.4047975087730391,3.197112899972126,0.8977932636469221,0.86821499668215,0.8181818181818182,0.9182481751824818,0.72,0.7659574468085106,0.7032623381567596,,,144.0,56.0,629.0,32.0,861.0,176.0,685.0,0.8502892731813727,0.1047975087730391,0.2,0.1,1.0,1.0,chroma;dwt;envelope;frequency;mfcc;time
anova_f,10,r0f3,2,10,0.24541055488433933,1.8273023999645375,0.8652729384436701,0.8456660583941606,0.8125,0.8788321167883212,0.6327433628318584,0.7114427860696517,0.633646835845659,,,143.0,83.0,602.0,33.0,861.0,176.0,685.0,0.8117819990954319,0.13175260063319766,0.014492753623188408,0.09916520062795325,0.07246376811594203,0.9916520062795325,dwt;mfcc;time
anova_f,20,r0f3,2,20,0.2460124405654753,1.9822859999840148,0.883855981416957,0.855233908427339,0.8068181818181818,0.9036496350364963,0.6826923076923077,0.7395833333333334,0.6693569411726512,,,142.0,66.0,619.0,34.0,861.0,176.0,685.0,0.8324224588938715,0.11730427877428998,0.028985507246376815,0.09972265454480853,0.14492753623188406,0.9972265454480852,chroma;dwt;frequency;mfcc;time
anova_f,30,r0f3,2,30,0.261541178754637,2.142984999984037,0.8815331010452961,0.8579960185799602,0.8181818181818182,0.8978102189781022,0.6728971962616822,0.7384615384615385,0.6681143272716107,,,144.0,70.0,615.0,32.0,861.0,176.0,685.0,0.830942480942481,0.11834026334026328,0.043478260869565216,0.09972265454480853,0.21739130434782608,0.9972265454480852,chroma;dwt;frequency;mfcc;time
anova_f,40,r0f3,2,40,0.2787030358982271,2.3739107999717817,0.8780487804878049,0.8579172196416722,0.8238636363636364,0.891970802919708,0.6621004566210046,0.7341772151898734,0.6628643109691641,,,145.0,74.0,611.0,31.0,861.0,176.0,685.0,0.8275256837064665,0.12073202140547344,0.05797101449275363,0.1,0.2898550724637681,1.0,chroma;dwt;envelope;frequency;mfcc;time
anova_f,50,r0f3,2,50,0.2836965144272223,2.4829062999924645,0.8896631823461092,0.8652164897146649,0.8238636363636364,0.9065693430656935,0.69377990430622,0.7532467532467533,0.6870447926942412,,,145.0,64.0,621.0,31.0,861.0,176.0,685.0,0.841096076698171,0.1112327463112803,0.07246376811594203,0.1,0.36231884057971014,1.0,chroma;dwt;envelope;frequency;mfcc;time
anova_f,60,r0f3,2,60,0.3108399724542805,2.9332659000065178,0.8768873403019745,0.8466323822163238,0.7954545454545454,0.8978102189781022,0.6666666666666666,0.7253886010362695,0.6510294061142627,,,140.0,70.0,615.0,36.0,861.0,176.0,685.0,0.8230236418354999,0.12388345071515004,0.08695652173913043,0.1,0.43478260869565216,1.0,chroma;dwt;envelope;frequency;mfcc;time
anova_f,70,r0f3,2,70,0.31406138298563724,2.50790699996287,0.8885017421602788,0.8623755806237559,0.8181818181818182,0.9065693430656935,0.6923076923076923,0.75,0.6828137867688792,,,144.0,64.0,621.0,32.0,861.0,176.0,685.0,0.8391255605381166,0.11261210762331837,0.10144927536231885,0.1,0.5072463768115942,1.0,chroma;dwt;envelope;frequency;mfcc;time
anova_f,80,r0f3,2,80,0.32620805103333983,2.5839730000006966,0.8908246225319396,0.8659464167219642,0.8238636363636364,0.908029197080292,0.6971153846153846,0.7552083333333334,0.6895422095669931,,,145.0,63.0,622.0,31.0,861.0,176.0,685.0,0.8424771113602392,0.11026602204783258,0.11594202898550726,0.1,0.5797101449275363,1.0,chroma;dwt;envelope;frequency;mfcc;time
anova_f,100,r0f3,2,100,0.3483361722055758,2.9246764999697916,0.8989547038327527,0.8710559057730591,0.8238636363636364,0.9182481751824818,0.7213930348258707,0.7692307692307693,0.7074584970197366,,,145.0,56.0,629.0,31.0,861.0,176.0,685.0,0.8522733771804404,0.10340863597369172,0.14492753623188406,0.1,0.7246376811594203,1.0,chroma;dwt;envelope;frequency;mfcc;time
anova_f,120,r0f3,2,120,0.3806838768115942,2.9839984999853186,0.8954703832752613,0.8667551426675515,0.8181818181818182,0.9153284671532846,0.7128712871287128,0.7619047619047619,0.698054667888857,,,144.0,58.0,627.0,32.0,861.0,176.0,685.0,0.8474702380952381,0.1067708333333333,0.17391304347826086,0.1,0.8695652173913043,1.0,chroma;dwt;envelope;frequency;mfcc;time
anova_f,138,r0f3,2,138,0.4047975087730391,3.1990961999981664,0.8977932636469221,0.86821499668215,0.8181818181818182,0.9182481751824818,0.72,0.7659574468085106,0.7032623381567596,,,144.0,56.0,629.0,32.0,861.0,176.0,685.0,0.8502892731813727,0.1047975087730391,0.2,0.1,1.0,1.0,chroma;dwt;envelope;frequency;mfcc;time
rf_importance,10,r0f3,2,10,0.24943245698731187,1.7875685999752022,0.8606271777003485,0.8427463503649635,0.8125,0.872992700729927,0.6217391304347826,0.7044334975369458,0.6247781843903435,,,143.0,87.0,598.0,33.0,861.0,176.0,685.0,0.8066240436012997,0.13536316947909022,0.014492753623188408,0.09957653388503324,0.07246376811594203,0.9957653388503324,dwt;frequency;mfcc;time
rf_importance,20,r0f3,2,20,0.24347668487783503,1.9915423999773338,0.8826945412311266,0.8713918380889184,0.8522727272727273,0.8905109489051095,0.6666666666666666,0.7481296758104738,0.681779837661767,,,150.0,75.0,610.0,26.0,861.0,176.0,685.0,0.8358362232193929,0.11491464374642497,0.028985507246376815,0.09957653388503324,0.14492753623188406,0.9957653388503324,dwt;frequency;mfcc;time
rf_importance,30,r0f3,2,30,0.2470961481380571,2.0253864000551403,0.8954703832752613,0.8815320172528202,0.8579545454545454,0.9051094890510949,0.6990740740740741,0.7704081632653061,0.7098324858815791,,,151.0,65.0,620.0,25.0,861.0,176.0,685.0,0.8513694951664876,0.10404135338345866,0.043478260869565216,0.09957653388503324,0.21739130434782608,0.9957653388503324,dwt;frequency;mfcc;time
rf_importance,40,r0f3,2,40,0.26894845810177626,2.270447899994906,0.8885017421602788,0.8708195089581952,0.8409090909090909,0.9007299270072993,0.6851851851851852,0.7551020408163265,0.6899020841093945,,,148.0,68.0,617.0,28.0,861.0,176.0,685.0,0.8414607948442534,0.1109774436090226,0.05797101449275363,0.1,0.2898550724637681,1.0,chroma;dwt;envelope;frequency;mfcc;time
rf_importance,50,r0f3,2,50,0.2857532418001526,2.472406500019133,0.8861788617886179,0.8672486728599866,0.8352272727272727,0.8992700729927007,0.6805555555555556,0.75,0.6832586168519996,,,147.0,69.0,616.0,29.0,861.0,176.0,685.0,0.8381578947368421,0.11328947368421052,0.07246376811594203,0.1,0.36231884057971014,1.0,chroma;dwt;envelope;frequency;mfcc;time
rf_importance,60,r0f3,2,60,0.2968154308638862,2.3532220000051893,0.8908246225319396,0.868057398805574,0.8295454545454546,0.9065693430656935,0.6952380952380952,0.7564766839378239,0.6912689121203202,,,146.0,64.0,621.0,30.0,861.0,176.0,685.0,0.843058701250349,0.1098589091247557,0.08695652173913043,0.1,0.43478260869565216,1.0,chroma;dwt;envelope;frequency;mfcc;time
rf_importance,70,r0f3,2,70,0.317365505728811,2.459716299956199,0.8850174216027874,0.8580748175182482,0.8125,0.9036496350364963,0.6842105263157895,0.7428571428571429,0.6736098881051554,,,143.0,66.0,619.0,33.0,861.0,176.0,685.0,0.8344053851907255,0.11591623036649215,0.10144927536231885,0.1,0.5072463768115942,1.0,chroma;dwt;envelope;frequency;mfcc;time
rf_importance,80,r0f3,2,80,0.3260627173196232,2.527911600016523,0.89198606271777,0.8624543795620438,0.8125,0.9124087591240876,0.7044334975369458,0.7546174142480211,0.6886903557654325,,,143.0,60.0,625.0,33.0,861.0,176.0,685.0,0.842684730951263,0.11012068833411592,0.11594202898550726,0.1,0.5797101449275363,1.0,chroma;dwt;envelope;frequency;mfcc;time
rf_importance,100,r0f3,2,100,0.346346986862916,2.919834699947387,0.9012775842044135,0.8725157597876576,0.8238636363636364,0.9211678832116789,0.7286432160804021,0.7733333333333333,0.7127229332382876,,,145.0,54.0,631.0,31.0,861.0,176.0,685.0,0.8551150705270972,0.10141945063103193,0.14492753623188406,0.1,0.7246376811594203,1.0,chroma;dwt;envelope;frequency;mfcc;time
rf_importance,120,r0f3,2,120,0.37929735812058685,2.893705599999521,0.8966318234610917,0.8695960517584604,0.8238636363636364,0.9153284671532846,0.7142857142857143,0.7651715039577837,0.7022600656187201,,,145.0,58.0,627.0,31.0,861.0,176.0,685.0,0.8494509790823914,0.105384314642326,0.17391304347826086,0.1,0.8695652173913043,1.0,chroma;dwt;envelope;frequency;mfcc;time
rf_importance,138,r0f3,2,138,0.4047975087730391,3.089764299977105,0.8977932636469221,0.86821499668215,0.8181818181818182,0.9182481751824818,0.72,0.7659574468085106,0.7032623381567596,,,144.0,56.0,629.0,32.0,861.0,176.0,685.0,0.8502892731813727,0.1047975087730391,0.2,0.1,1.0,1.0,chroma;dwt;envelope;frequency;mfcc;time
gb_importance,10,r0f3,2,10,0.2357608150746137,1.8366636999999173,0.8745644599303136,0.8662823490378235,0.8522727272727273,0.8802919708029197,0.646551724137931,0.7352941176470589,0.6658528928098566,,,150.0,82.0,603.0,26.0,861.0,176.0,685.0,0.8265511684125706,0.12141418211120057,0.014492753623188408,0.09985387934022472,0.07246376811594203,0.9985387934022472,dwt;envelope;frequency;mfcc;time
gb_importance,20,r0f3,2,20,0.23668888585715536,1.9863662000279874,0.89198606271777,0.8751202720637027,0.8465909090909091,0.9036496350364963,0.6930232558139535,0.7621483375959079,0.6989830767671568,,,149.0,66.0,619.0,27.0,861.0,176.0,685.0,0.8461380305560307,0.10770337861077854,0.028985507246376815,0.1,0.14492753623188406,1.0,chroma;dwt;envelope;frequency;mfcc;time
gb_importance,30,r0f3,2,30,0.24617902307957212,2.123916700016707,0.8966318234610917,0.8843729263437292,0.8636363636363636,0.9051094890510949,0.7004608294930875,0.7735368956743003,0.7140220191829367,,,152.0,65.0,620.0,24.0,861.0,176.0,685.0,0.8532846254142759,0.1027007622100069,0.043478260869565216,0.1,0.21739130434782608,1.0,chroma;dwt;envelope;frequency;mfcc;time
gb_importance,40,r0f3,2,40,0.25749505066600453,2.1914298000046983,0.9012775842044135,0.8830706702057067,0.8522727272727273,0.9138686131386862,0.7177033492822966,0.7792207792207793,0.7206320541669557,,,150.0,59.0,626.0,26.0,861.0,176.0,685.0,0.8578228054667845,0.09952403617325087,0.05797101449275363,0.1,0.2898550724637681,1.0,chroma;dwt;envelope;frequency;mfcc;time
gb_importance,50,r0f3,2,50,0.27920204485421873,2.41145700000925,0.8931475029036005,0.8758501990710019,0.8465909090909091,0.9051094890510949,0.6962616822429907,0.764102564102564,0.701434903950298,,,149.0,65.0,620.0,27.0,861.0,176.0,685.0,0.8475167475167475,0.10673827673827671,0.07246376811594203,0.1,0.36231884057971014,1.0,chroma;dwt;envelope;frequency;mfcc;time
gb_importance,60,r0f3,2,60,0.29430325440425864,2.394053200026974,0.8943089430894309,0.868136197743862,0.8238636363636364,0.9124087591240876,0.7073170731707317,0.7611548556430446,0.6971260113352243,,,145.0,60.0,625.0,31.0,861.0,176.0,685.0,0.8466475247641025,0.10734673266512822,0.08695652173913043,0.1,0.43478260869565216,1.0,chroma;dwt;envelope;frequency;mfcc;time
gb_importance,70,r0f3,2,70,0.3020972163128549,2.528574700001627,0.9012775842044135,0.8767377239548773,0.8352272727272727,0.9182481751824818,0.7241379310344828,0.7757255936675461,0.7158297754720078,,,147.0,56.0,629.0,29.0,861.0,176.0,685.0,0.8562172272135199,0.10064794095053607,0.10144927536231885,0.1,0.5072463768115942,1.0,chroma;dwt;envelope;frequency;mfcc;time
gb_importance,80,r0f3,2,80,0.3209294928008525,2.5907670000451617,0.8966318234610917,0.8717070338420704,0.8295454545454546,0.9138686131386862,0.7121951219512195,0.7664041994750657,0.7038879726460971,,,146.0,59.0,626.0,30.0,861.0,176.0,685.0,0.8500179088352211,0.10498746381534522,0.11594202898550726,0.1,0.5797101449275363,1.0,chroma;dwt;envelope;frequency;mfcc;time
gb_importance,100,r0f3,2,100,0.3499150000472293,3.155074199952651,0.8966318234610917,0.8717070338420704,0.8295454545454546,0.9138686131386862,0.7121951219512195,0.7664041994750657,0.7038879726460971,,,146.0,59.0,626.0,30.0,861.0,176.0,685.0,0.8500179088352211,0.10498746381534522,0.14492753623188406,0.1,0.7246376811594203,1.0,chroma;dwt;envelope;frequency;mfcc;time
gb_importance,120,r0f3,2,120,0.37911464934315875,2.969081200018991,0.8977932636469221,0.8661040145985401,0.8125,0.9197080291970803,0.7222222222222222,0.7647058823529411,0.7016923588304014,,,143.0,55.0,630.0,33.0,861.0,176.0,685.0,0.8497119916215744,0.1052016058648979,0.17391304347826086,0.1,0.8695652173913043,1.0,chroma;dwt;envelope;frequency;mfcc;time
gb_importance,138,r0f3,2,138,0.4047975087730391,3.399482499982696,0.8977932636469221,0.86821499668215,0.8181818181818182,0.9182481751824818,0.72,0.7659574468085106,0.7032623381567596,,,144.0,56.0,629.0,32.0,861.0,176.0,685.0,0.8502892731813727,0.1047975087730391,0.2,0.1,1.0,1.0,chroma;dwt;envelope;frequency;mfcc;time
mutual_info,10,r0f4,0,10,0.27068548491818234,1.7792747000348754,0.8364269141531323,0.8148605221309303,0.7784090909090909,0.8513119533527697,0.5732217573221757,0.6602409638554216,0.5670529640925159,,,137.0,102.0,584.0,39.0,862.0,176.0,686.0,0.7762625751286276,0.15661619740996066,0.014492753623188408,0.09957653388503324,0.07246376811594203,0.9957653388503324,dwt;frequency;mfcc;time
mutual_info,20,r0f4,0,20,0.2783262506126709,1.9497330999583937,0.8526682134570766,0.8039441425921018,0.7215909090909091,0.8862973760932945,0.6195121951219512,0.6666666666666666,0.575549327078685,,,127.0,78.0,608.0,49.0,862.0,176.0,686.0,0.7860511293124844,0.14976420948126087,0.028985507246376815,0.09957653388503324,0.14492753623188406,0.9957653388503324,dwt;frequency;mfcc;time
mutual_info,30,r0f4,0,30,0.2779855954242576,2.087324300024193,0.8689095127610209,0.8225964086933475,0.7443181818181818,0.9008746355685131,0.6582914572864321,0.6986666666666667,0.6171981467019297,,,131.0,68.0,618.0,45.0,862.0,176.0,686.0,0.8074504571287373,0.13478468000988386,0.043478260869565216,0.09972265454480853,0.21739130434782608,0.9972265454480852,chroma;dwt;frequency;mfcc;time
mutual_info,40,r0f4,0,40,0.3012919555677859,2.1756249999743886,0.8584686774941995,0.8139245958123509,0.7386363636363636,0.8892128279883382,0.6310679611650486,0.680628272251309,0.593455557636296,,,130.0,76.0,610.0,46.0,862.0,176.0,686.0,0.794859590671109,0.1435982865302237,0.05797101449275363,0.09972265454480853,0.2898550724637681,0.9972265454480852,chroma;dwt;frequency;mfcc;time
mutual_info,50,r0f4,0,50,0.31515250313352117,2.3686058999737725,0.8596287703016241,0.8146534587861118,0.7386363636363636,0.89067055393586,0.6341463414634146,0.6824146981627297,0.5958285128408111,,,130.0,75.0,611.0,46.0,862.0,176.0,686.0,0.7961589499748869,0.14268873501757917,0.07246376811594203,0.1,0.36231884057971014,1.0,chroma;dwt;envelope;frequency;mfcc;time
mutual_info,60,r0f4,0,60,0.3287328375286041,2.4342730999924242,0.8607888631090487,0.8153823217598728,0.7386363636363636,0.892128279883382,0.6372549019607843,0.6842105263157895,0.5982155569299131,,,130.0,74.0,612.0,46.0,862.0,176.0,686.0,0.7974624060150376,0.14177631578947367,0.08695652173913043,0.1,0.43478260869565216,1.0,chroma;dwt;envelope;frequency;mfcc;time
mutual_info,70,r0f4,0,70,0.3417795188920042,2.559721499972511,0.8619489559164734,0.8182232308507819,0.7443181818181818,0.892128279883382,0.6390243902439025,0.6876640419947506,0.6025882414281865,,,131.0,74.0,612.0,45.0,862.0,176.0,686.0,0.7995282235290209,0.14033024352968537,0.10144927536231885,0.1,0.5072463768115942,1.0,chroma;dwt;envelope;frequency;mfcc;time
mutual_info,80,r0f4,0,80,0.3472790936621241,2.7182234000065364,0.8700696055684455,0.8338855022528492,0.7727272727272727,0.8950437317784257,0.6538461538461539,0.7083333333333334,0.6291082893059936,,,136.0,72.0,614.0,40.0,862.0,176.0,686.0,0.8123756218905474,0.13133706467661685,0.11594202898550726,0.1,0.5797101449275363,1.0,chroma;dwt;envelope;frequency;mfcc;time
mutual_info,100,r0f4,0,100,0.38461208466079944,2.85356459999457,0.8607888631090487,0.8238305062284654,0.7613636363636364,0.8862973760932945,0.6320754716981132,0.6907216494845361,0.6062357417118345,,,134.0,78.0,608.0,42.0,862.0,176.0,686.0,0.8004506451015494,0.13968454842891542,0.14492753623188406,0.1,0.7246376811594203,1.0,chroma;dwt;envelope;frequency;mfcc;time
mutual_info,120,r0f4,0,120,0.4019962529879191,2.867763299960643,0.8747099767981439,0.8346889080307448,0.7670454545454546,0.902332361516035,0.6683168316831684,0.7142857142857143,0.637003846086053,,,135.0,67.0,619.0,41.0,862.0,176.0,686.0,0.8170239864147739,0.12808320950965826,0.17391304347826086,0.1,0.8695652173913043,1.0,chroma;dwt;envelope;frequency;mfcc;time
mutual_info,138,r0f4,0,138,0.4313913546703809,3.0931353000341915,0.87122969837587,0.8303902729923138,0.7613636363636364,0.8994169096209913,0.6600985221674877,0.7071240105540897,0.6277473874666695,,,134.0,69.0,617.0,42.0,862.0,176.0,686.0,0.8122980647565987,0.13139135467038088,0.2,0.1,1.0,1.0,chroma;dwt;envelope;frequency;mfcc;time
anova_f,10,r0f4,0,10,0.30280992127544915,1.9951659999787807,0.7900232018561485,0.785706003180493,0.7784090909090909,0.793002915451895,0.4910394265232975,0.6021978021978022,0.4923017438725487,,,137.0,142.0,544.0,39.0,862.0,176.0,686.0,0.7297829042509894,0.18915196702430745,0.014492753623188408,0.09916520062795325,0.07246376811594203,0.9916520062795325,dwt;mfcc;time
anova_f,20,r0f4,0,20,0.28657535869349293,1.9182716000359505,0.8375870069605569,0.8071412006360986,0.7556818181818182,0.858600583090379,0.5782608695652174,0.6551724137931034,0.5598401066840121,,,133.0,97.0,589.0,43.0,862.0,176.0,686.0,0.7744754329967034,0.1578671969023076,0.028985507246376815,0.09972265454480853,0.14492753623188406,0.9972265454480852,chroma;dwt;frequency;mfcc;time
anova_f,30,r0f4,0,30,0.2996741001335721,2.0485341000021435,0.8387470997679815,0.8099821097270077,0.7613636363636364,0.858600583090379,0.5800865800865801,0.6584766584766585,0.5642406194040369,,,134.0,97.0,589.0,42.0,862.0,176.0,686.0,0.7764668789725737,0.15647318471919838,0.043478260869565216,0.09972265454480853,0.21739130434782608,0.9972265454480852,chroma;dwt;frequency;mfcc;time
anova_f,40,r0f4,0,40,0.3191974089952788,2.3362176999798976,0.8352668213457076,0.7993473363371323,0.7386363636363636,0.8600583090379009,0.5752212389380531,0.6467661691542289,0.5487076411106045,,,130.0,96.0,590.0,46.0,862.0,176.0,686.0,0.7696765792821069,0.16122639450252518,0.05797101449275363,0.1,0.2898550724637681,1.0,chroma;dwt;envelope;frequency;mfcc;time
anova_f,50,r0f4,0,50,0.3121483165448574,2.3581867999746464,0.8607888631090487,0.8238305062284654,0.7613636363636364,0.8862973760932945,0.6320754716981132,0.6907216494845361,0.6062357417118345,,,134.0,78.0,608.0,42.0,862.0,176.0,686.0,0.8004506451015494,0.13968454842891542,0.07246376811594203,0.1,0.36231884057971014,1.0,chroma;dwt;envelope;frequency;mfcc;time
anova_f,60,r0f4,0,60,0.3287328375286041,2.374717900005635,0.8607888631090487,0.8153823217598728,0.7386363636363636,0.892128279883382,0.6372549019607843,0.6842105263157895,0.5982155569299131,,,130.0,74.0,612.0,46.0,862.0,176.0,686.0,0.7974624060150376,0.14177631578947367,0.08695652173913043,0.1,0.43478260869565216,1.0,chroma;dwt;envelope;frequency;mfcc;time
anova_f,70,r0f4,0,70,0.33982225421804013,2.569284700031858,0.8631090487238979,0.8231761860588391,0.7556818181818182,0.89067055393586,0.6394230769230769,0.6927083333333334,0.6089297564107602,,,133.0,75.0,611.0,43.0,862.0,176.0,686.0,0.8023243159203981,0.1383729788557213,0.10144927536231885,0.1,0.5072463768115942,1.0,chroma;dwt;envelope;frequency;mfcc;time
anova_f,80,r0f4,0,80,0.3511409723568132,2.573362499999348,0.8677494199535963,0.8239795918367347,0.75,0.8979591836734694,0.6534653465346535,0.6984126984126984,0.6166211102353942,,,132.0,70.0,616.0,44.0,862.0,176.0,686.0,0.8068586523267058,0.1351989433713059,0.11594202898550726,0.1,0.5797101449275363,1.0,chroma;dwt;envelope;frequency;mfcc;time
anova_f,100,r0f4,0,100,0.3796150362318841,2.941982900025323,0.8677494199535963,0.8260916379538829,0.7556818181818182,0.8965014577259475,0.6519607843137255,0.7,0.6185289325040078,,,133.0,71.0,615.0,43.0,862.0,176.0,686.0,0.8075892857142857,0.13468750000000002,0.14492753623188406,0.1,0.7246376811594203,1.0,chroma;dwt;envelope;frequency;mfcc;time
anova_f,120,r0f4,0,120,0.4067400755623509,2.905856799974572,0.8700696055684455,0.8275493639014048,0.7556818181818182,0.8994169096209913,0.6584158415841584,0.7037037037037037,0.6234153555189471,,,133.0,69.0,617.0,43.0,862.0,176.0,686.0,0.8102470970227285,0.13282703208409008,0.17391304347826086,0.1,0.8695652173913043,1.0,chroma;dwt;envelope;frequency;mfcc;time
anova_f,138,r0f4,0,138,0.4313913546703809,3.0618556999834254,0.87122969837587,0.8303902729923138,0.7613636363636364,0.8994169096209913,0.6600985221674877,0.7071240105540897,0.6277473874666695,,,134.0,69.0,617.0,42.0,862.0,176.0,686.0,0.8122980647565987,0.13139135467038088,0.2,0.1,1.0,1.0,chroma;dwt;envelope;frequency;mfcc;time
rf_importance,10,r0f4,0,10,0.28920473642463035,1.8194126000162214,0.8120649651972158,0.7953303074476544,0.7670454545454546,0.8236151603498543,0.52734375,0.625,0.5210748476177378,,,135.0,121.0,565.0,41.0,862.0,176.0,686.0,0.7498065015479876,0.1751354489164087,0.014492753623188408,0.09957653388503324,0.07246376811594203,0.9957653388503324,dwt;frequency;mfcc;time
rf_importance,20,r0f4,0,20,0.27200130408851053,2.004112199996598,0.857308584686775,0.8174198250728864,0.75,0.8848396501457726,0.6255924170616114,0.6821705426356589,0.5951832677166362,,,132.0,79.0,607.0,44.0,862.0,176.0,686.0,0.7950867672041422,0.14343926295710047,0.028985507246376815,0.09957653388503324,0.14492753623188406,0.9957653388503324,dwt;frequency;mfcc;time
rf_importance,30,r0f4,0,30,0.2783072134694863,2.17483600002015,0.8665893271461717,0.82747482109727,0.7613636363636364,0.8935860058309038,0.6473429951690821,0.6997389033942559,0.6180455421028885,,,134.0,73.0,613.0,42.0,862.0,176.0,686.0,0.8069910027784106,0.13510629805511254,0.043478260869565216,0.09972265454480853,0.21739130434782608,0.9972265454480852,chroma;dwt;frequency;mfcc;time
rf_importance,40,r0f4,0,40,0.29450709021001553,2.1628361000330187,0.8654292343387471,0.824633912006361,0.7556818181818182,0.8935860058309038,0.6456310679611651,0.6963350785340314,0.6137008754565622,,,133.0,73.0,613.0,43.0,862.0,176.0,686.0,0.8049484632610544,0.1365360757172619,0.05797101449275363,0.1,0.2898550724637681,1.0,chroma;dwt;envelope;frequency;mfcc;time
rf_importance,50,r0f4,0,50,0.3066457735622167,2.3647176999947987,0.8677494199535963,0.828203684071031,0.7613636363636364,0.8950437317784257,0.6504854368932039,0.7015706806282722,0.6204493147299842,,,134.0,72.0,614.0,42.0,862.0,176.0,686.0,0.8083114207910362,0.13418200544627462,0.07246376811594203,0.1,0.36231884057971014,1.0,chroma;dwt;envelope;frequency;mfcc;time
rf_importance,60,r0f4,0,60,0.3219849185537486,2.4504989000270143,0.8654292343387471,0.8309700503578055,0.7727272727272727,0.8892128279883382,0.6415094339622641,0.7010309278350515,0.6196015202518008,,,136.0,76.0,610.0,40.0,862.0,176.0,686.0,0.8071022902648312,0.13502839681461817,0.08695652173913043,0.1,0.43478260869565216,1.0,chroma;dwt;envelope;frequency;mfcc;time
rf_importance,70,r0f4,0,70,0.3393110596354974,2.5533324999851175,0.8631090487238979,0.8252882321759873,0.7613636363636364,0.8892128279883382,0.638095238095238,0.694300518134715,0.6109185249024106,,,134.0,76.0,610.0,42.0,862.0,176.0,686.0,0.8030545938954592,0.13786178427317855,0.10144927536231885,0.1,0.5072463768115942,1.0,chroma;dwt;envelope;frequency;mfcc;time
rf_importance,80,r0f4,0,80,0.34962439838849235,2.6215046000434086,0.8677494199535963,0.8303157301881792,0.7670454545454546,0.8935860058309038,0.6490384615384616,0.703125,0.6223821116742492,,,135.0,73.0,613.0,41.0,862.0,176.0,686.0,0.8090251865671642,0.13368236940298509,0.11594202898550726,0.1,0.5797101449275363,1.0,chroma;dwt;envelope;frequency;mfcc;time
rf_importance,100,r0f4,0,100,0.37681980493392153,2.827047099999618,0.87122969837587,0.8282782268751656,0.7556818181818182,0.9008746355685131,0.6616915422885572,0.7055702917771883,0.6258809138118058,,,133.0,68.0,618.0,43.0,862.0,176.0,686.0,0.8115824732828035,0.13189226870203752,0.14492753623188406,0.1,0.7246376811594203,1.0,chroma;dwt;envelope;frequency;mfcc;time
rf_importance,120,r0f4,0,120,0.4048093210563708,2.8546058000065386,0.87122969837587,0.832502319109462,0.7670454545454546,0.8979591836734694,0.6585365853658537,0.7086614173228346,0.6296271557776878,,,135.0,70.0,616.0,41.0,862.0,176.0,686.0,0.8130053177455573,0.1308962775781099,0.17391304347826086,0.1,0.8695652173913043,1.0,chroma;dwt;envelope;frequency;mfcc;time
rf_importance,138,r0f4,0,138,0.4313913546703809,3.0777988000190817,0.87122969837587,0.8303902729923138,0.7613636363636364,0.8994169096209913,0.6600985221674877,0.7071240105540897,0.6277473874666695,,,134.0,69.0,617.0,42.0,862.0,176.0,686.0,0.8122980647565987,0.13139135467038088,0.2,0.1,1.0,1.0,chroma;dwt;envelope;frequency;mfcc;time
gb_importance,10,r0f4,0,10,0.25953063191683257,1.881221599993296,0.8526682134570766,0.820840511529287,0.7670454545454546,0.8746355685131195,0.6108597285067874,0.6801007556675063,0.5923964344560935,,,135.0,86.0,600.0,41.0,862.0,176.0,686.0,0.7921980794162701,0.14546134440861094,0.014492753623188408,0.09957653388503324,0.07246376811594203,0.9957653388503324,dwt;frequency;mfcc;time
gb_importance,20,r0f4,0,20,0.27110603747494,2.0044147000298835,0.857308584686775,0.8216439173071826,0.7613636363636364,0.8819241982507289,0.6232558139534884,0.6854219948849105,0.5993111530384481,,,134.0,81.0,605.0,42.0,862.0,176.0,686.0,0.7965744633089219,0.14239787568375467,0.028985507246376815,0.09972265454480853,0.14492753623188406,0.9972265454480852,chroma;dwt;frequency;mfcc;time
gb_importance,30,r0f4,0,30,0.27839985878567963,2.0793831000337377,0.8677494199535963,0.8239795918367347,0.75,0.8979591836734694,0.6534653465346535,0.6984126984126984,0.6166211102353942,,,132.0,70.0,616.0,44.0,862.0,176.0,686.0,0.8068586523267058,0.1351989433713059,0.043478260869565216,0.09972265454480853,0.21739130434782608,0.9972265454480852,chroma;dwt;frequency;mfcc;time
gb_importance,40,r0f4,0,40,0.28943070948186034,2.2846056999987923,0.8723897911832946,0.8268950437317784,0.75,0.9037900874635568,0.6666666666666666,0.7058823529411765,0.6265274285921729,,,132.0,66.0,620.0,44.0,862.0,176.0,686.0,0.8122004357298476,0.1314596949891067,0.05797101449275363,0.1,0.2898550724637681,1.0,chroma;dwt;envelope;frequency;mfcc;time
gb_importance,50,r0f4,0,50,0.30715126811594207,2.33773679996375,0.8677494199535963,0.8260916379538829,0.7556818181818182,0.8965014577259475,0.6519607843137255,0.7,0.6185289325040078,,,133.0,71.0,615.0,43.0,862.0,176.0,686.0,0.8075892857142857,0.13468750000000002,0.07246376811594203,0.1,0.36231884057971014,1.0,chroma;dwt;envelope;frequency;mfcc;time
gb_importance,60,r0f4,0,60,0.3160260404557079,2.4589545999770053,0.8747099767981439,0.8304648157964485,0.7556818181818182,0.9052478134110787,0.6717171717171717,0.7112299465240641,0.6333692579659245,,,133.0,65.0,621.0,43.0,862.0,176.0,686.0,0.8156149732620321,0.12906951871657749,0.08695652173913043,0.1,0.43478260869565216,1.0,chroma;dwt;envelope;frequency;mfcc;time
gb_importance,70,r0f4,0,70,0.33377383676582767,2.844072600011714,0.8700696055684455,0.8296614100185529,0.7613636363636364,0.8979591836734694,0.6568627450980392,0.7052631578947368,0.6253000576953727,,,134.0,70.0,616.0,42.0,862.0,176.0,686.0,0.8109649122807017,0.13232456140350882,0.10144927536231885,0.1,0.5072463768115942,1.0,chroma;dwt;envelope;frequency;mfcc;time
gb_importance,80,r0f4,0,80,0.3478342976875448,2.7073654999840073,0.87122969837587,0.8282782268751656,0.7556818181818182,0.9008746355685131,0.6616915422885572,0.7055702917771883,0.6258809138118058,,,133.0,68.0,618.0,43.0,862.0,176.0,686.0,0.8115824732828035,0.13189226870203752,0.11594202898550726,0.1,0.5797101449275363,1.0,chroma;dwt;envelope;frequency;mfcc;time
gb_importance,100,r0f4,0,100,0.3783584863218309,3.208608200016897,0.87122969837587,0.8219420885237212,0.7386363636363636,0.9052478134110787,0.6666666666666666,0.7008086253369272,0.6203630491236656,,,130.0,65.0,621.0,46.0,862.0,176.0,686.0,0.8093843570143616,0.13343095008994685,0.14492753623188406,0.1,0.7246376811594203,1.0,chroma;dwt;envelope;frequency;mfcc;time
gb_importance,120,r0f4,0,120,0.4001055114370966,2.8543735000421293,0.877030162412993,0.8361466339782666,0.7670454545454546,0.9052478134110787,0.675,0.7180851063829787,0.6419972409614023,,,135.0,65.0,621.0,41.0,862.0,176.0,686.0,0.8197250457730918,0.12619246795883574,0.17391304347826086,0.1,0.8695652173913043,1.0,chroma;dwt;envelope;frequency;mfcc;time
gb_importance,138,r0f4,0,138,0.4313913546703809,3.190749200002756,0.87122969837587,0.8303902729923138,0.7613636363636364,0.8994169096209913,0.6600985221674877,0.7071240105540897,0.6277473874666695,,,134.0,69.0,617.0,42.0,862.0,176.0,686.0,0.8122980647565987,0.13139135467038088,0.2,0.1,1.0,1.0,chroma;dwt;envelope;frequency;mfcc;time
mutual_info,10,r0f4,1,10,0.2514379626263648,1.7406486999825574,0.8745684695051784,0.7957224641186905,0.6611111111111111,0.93033381712627,0.7125748502994012,0.6858789625360231,0.6083218050415471,,,119.0,48.0,641.0,61.0,869.0,180.0,689.0,0.8037590355455098,0.13736867511814316,0.014492753623188408,0.09957653388503324,0.07246376811594203,0.9957653388503324,dwt;frequency;mfcc;time
mutual_info,20,r0f4,1,20,0.2600920532400418,1.8793880000011995,0.8849252013808976,0.7919932268988872,0.6333333333333333,0.9506531204644412,0.7702702702702703,0.6951219512195121,0.629578874335247,,,114.0,34.0,655.0,66.0,869.0,180.0,689.0,0.8120999827019546,0.13153001210863177,0.028985507246376815,0.09957653388503324,0.14492753623188406,0.9957653388503324,dwt;frequency;mfcc;time
mutual_info,30,r0f4,1,30,0.2765077951284193,2.0654997999663465,0.8814729574223246,0.7939203354297695,0.6444444444444445,0.9433962264150944,0.7483870967741936,0.6925373134328359,0.6222867283504044,,,116.0,39.0,650.0,64.0,869.0,180.0,689.0,0.8095616004085063,0.13330687971404556,0.043478260869565216,0.09972265454480853,0.21739130434782608,0.9972265454480852,chroma;dwt;frequency;mfcc;time
mutual_info,40,r0f4,1,40,0.2990433435105301,2.4178793000173755,0.8745684695051784,0.783409933881632,0.6277777777777778,0.9390420899854862,0.7290322580645161,0.6746268656716418,0.6000341564639579,,,113.0,42.0,647.0,67.0,869.0,180.0,689.0,0.7984681014031765,0.14107232901777644,0.05797101449275363,0.1,0.2898550724637681,1.0,chroma;dwt;envelope;frequency;mfcc;time
mutual_info,50,r0f4,1,50,0.30017246920764884,2.2554036999936216,0.8872266973532796,0.7996008708272859,0.65,0.9492017416545718,0.7697368421052632,0.7048192771084337,0.6392011662910327,,,117.0,35.0,654.0,63.0,869.0,180.0,689.0,0.8175589984404188,0.12770870109170684,0.07246376811594203,0.1,0.36231884057971014,1.0,chroma;dwt;envelope;frequency;mfcc;time
mutual_info,60,r0f4,1,60,0.3218644835932001,2.2800183000508696,0.8803222094361335,0.7911425576519916,0.6388888888888888,0.9433962264150944,0.7467532467532467,0.688622754491018,0.6179711076637465,,,115.0,39.0,650.0,65.0,869.0,180.0,689.0,0.8072743402084719,0.13490796185406967,0.08695652173913043,0.1,0.43478260869565216,1.0,chroma;dwt;envelope;frequency;mfcc;time
mutual_info,70,r0f4,1,70,0.33993312127885156,2.474932200042531,0.8768699654775605,0.7869134010643444,0.6333333333333333,0.9404934687953556,0.7354838709677419,0.6805970149253732,0.6074516804261068,,,114.0,41.0,648.0,66.0,869.0,180.0,689.0,0.8021659344049532,0.13848384591653273,0.10144927536231885,0.1,0.5072463768115942,1.0,chroma;dwt;envelope;frequency;mfcc;time
mutual_info,80,r0f4,1,80,0.3494289721498698,2.906090700009372,0.8791714614499425,0.7986252217384293,0.6611111111111111,0.9361393323657474,0.7300613496932515,0.6938775510204082,0.6200207036955511,,,119.0,44.0,645.0,61.0,869.0,180.0,689.0,0.8093043669080535,0.13348694316436252,0.11594202898550726,0.1,0.5797101449275363,1.0,chroma;dwt;envelope;frequency;mfcc;time
mutual_info,100,r0f4,1,100,0.38341138214841675,2.8974570999853313,0.8768699654775605,0.7869134010643444,0.6333333333333333,0.9404934687953556,0.7354838709677419,0.6805970149253732,0.6074516804261068,,,114.0,41.0,648.0,66.0,869.0,180.0,689.0,0.8021659344049532,0.13848384591653273,0.14492753623188406,0.1,0.7246376811594203,1.0,chroma;dwt;envelope;frequency;mfcc;time
mutual_info,120,r0f4,1,120,0.40944064463680685,2.937311299960129,0.8803222094361335,0.7890904692791485,0.6333333333333333,0.9448476052249637,0.75,0.6867469879518072,0.6167771295744324,,,114.0,38.0,651.0,66.0,869.0,180.0,689.0,0.8063891412020772,0.13552760115854598,0.17391304347826086,0.1,0.8695652173913043,1.0,chroma;dwt;envelope;frequency;mfcc;time
mutual_info,138,r0f4,1,138,0.43813390118082574,3.093145099992398,0.8780207134637514,0.7855870020964361,0.6277777777777778,0.9433962264150944,0.743421052631579,0.6807228915662651,0.609302450668899,,,113.0,39.0,650.0,67.0,869.0,180.0,689.0,0.8026658554559633,0.13813390118082572,0.2,0.1,1.0,1.0,chroma;dwt;envelope;frequency;mfcc;time
anova_f,10,r0f4,1,10,0.2644990248376553,1.7946937999804504,0.859608745684695,0.7821843251088534,0.65,0.9143686502177069,0.6647727272727273,0.6573033707865169,0.5690963414603633,,,117.0,59.0,630.0,63.0,869.0,180.0,689.0,0.7845127563049805,0.15084107058651364,0.014492753623188408,0.09916520062795325,0.07246376811594203,0.9916520062795325,dwt;mfcc;time
anova_f,20,r0f4,1,20,0.2700129706935227,2.0047852999996394,0.8676639815880323,0.7975245928076117,0.6777777777777778,0.9172714078374455,0.6815642458100558,0.6796657381615598,0.5962764645842444,,,122.0,57.0,632.0,58.0,869.0,180.0,689.0,0.7981359872823752,0.14130480890233732,0.028985507246376815,0.09972265454480853,0.14492753623188406,0.9972265454480852,chroma;dwt;frequency;mfcc;time
anova_f,30,r0f4,1,30,0.276896793090064,2.1785757000325248,0.8768699654775605,0.8033301080470892,0.6777777777777778,0.9288824383164006,0.7134502923976608,0.6951566951566952,0.6183944916763847,,,122.0,49.0,640.0,58.0,869.0,180.0,689.0,0.8090058890347283,0.13369587767569022,0.043478260869565216,0.09972265454480853,0.21739130434782608,0.9972265454480852,chroma;dwt;frequency;mfcc;time
anova_f,40,r0f4,1,40,0.2951237922705314,2.2431428999989294,0.8734177215189873,0.799100951459442,0.6722222222222223,0.9259796806966618,0.7034883720930233,0.6875,0.6084333923695026,,,121.0,51.0,638.0,59.0,869.0,180.0,689.0,0.8040674603174602,0.13715277777777782,0.05797101449275363,0.1,0.2898550724637681,1.0,chroma;dwt;envelope;frequency;mfcc;time
anova_f,50,r0f4,1,50,0.3041773915110918,2.319005199999083,0.8826237054085155,0.7966981132075472,0.65,0.9433962264150944,0.75,0.6964285714285714,0.626590173221036,,,117.0,39.0,650.0,63.0,869.0,180.0,689.0,0.8118376808640717,0.1317136233951498,0.07246376811594203,0.1,0.36231884057971014,1.0,chroma;dwt;envelope;frequency;mfcc;time
anova_f,60,r0f4,1,60,0.3150864352506888,2.397784100030549,0.8860759493670886,0.8009272697951944,0.6555555555555556,0.9462989840348331,0.7612903225806451,0.7044776119402985,0.6371217762747022,,,118.0,37.0,652.0,62.0,869.0,180.0,689.0,0.8169572664120595,0.12812991351155836,0.08695652173913043,0.1,0.43478260869565216,1.0,chroma;dwt;envelope;frequency;mfcc;time
anova_f,70,r0f4,1,70,0.32756492838188644,2.471590700035449,0.8883774453394706,0.8023786486050637,0.6555555555555556,0.9492017416545718,0.7712418300653595,0.7087087087087087,0.6434647407998852,,,118.0,35.0,654.0,62.0,869.0,180.0,689.0,0.8198347814006177,0.1261156530195676,0.10144927536231885,0.1,0.5072463768115942,1.0,chroma;dwt;envelope;frequency;mfcc;time
anova_f,80,r0f4,1,80,0.34625703009949377,2.5737232999526896,0.8849252013808976,0.7960974036445735,0.6444444444444445,0.9477503628447025,0.7631578947368421,0.6987951807228916,0.6317264873854993,,,116.0,36.0,653.0,64.0,869.0,180.0,689.0,0.813835712694305,0.1303150011139865,0.11594202898550726,0.1,0.5797101449275363,1.0,chroma;dwt;envelope;frequency;mfcc;time
anova_f,100,r0f4,1,100,0.37684949742290774,3.026672200008761,0.8837744533947065,0.7933196258667956,0.6388888888888888,0.9477503628447025,0.7615894039735099,0.6948640483383686,0.6274314526869194,,,115.0,36.0,653.0,65.0,869.0,180.0,689.0,0.8115400554413947,0.13192196119102367,0.14492753623188406,0.1,0.7246376811594203,1.0,chroma;dwt;envelope;frequency;mfcc;time
anova_f,120,r0f4,1,120,0.40661795751804164,3.2207319000153802,0.8814729574223246,0.7959724238026125,0.65,0.941944847605225,0.7452229299363057,0.6943620178041543,0.6235011878726122,,,117.0,40.0,649.0,63.0,869.0,180.0,689.0,0.8104215513717417,0.13270491403978082,0.17391304347826086,0.1,0.8695652173913043,1.0,chroma;dwt;envelope;frequency;mfcc;time
anova_f,138,r0f4,1,138,0.43813390118082574,3.049155000015162,0.8780207134637514,0.7855870020964361,0.6277777777777778,0.9433962264150944,0.743421052631579,0.6807228915662651,0.609302450668899,,,113.0,39.0,650.0,67.0,869.0,180.0,689.0,0.8026658554559633,0.13813390118082572,0.2,0.1,1.0,1.0,chroma;dwt;envelope;frequency;mfcc;time
rf_importance,10,r0f4,1,10,0.2887832265822963,1.815758900018409,0.8296892980437284,0.7592122238348653,0.6388888888888888,0.8795355587808418,0.5808080808080808,0.6084656084656085,0.5008843724333025,,,115.0,83.0,606.0,65.0,869.0,180.0,689.0,0.7498210395269219,0.17512527233115466,0.014492753623188408,0.09916520062795325,0.07246376811594203,0.9916520062795325,dwt;mfcc;time
rf_importance,20,r0f4,1,20,0.26341019010059646,1.985852799960412,0.8768699654775605,0.799225931301403,0.6666666666666666,0.9317851959361393,0.718562874251497,0.69164265129683,0.6155286822290579,,,120.0,47.0,642.0,60.0,869.0,180.0,689.0,0.8073597871868765,0.13484814896918643,0.028985507246376815,0.09957653388503324,0.14492753623188406,0.9957653388503324,dwt;frequency;mfcc;time
rf_importance,30,r0f4,1,30,0.27103173660429963,2.01824810000835,0.8849252013808976,0.8043057571359458,0.6666666666666666,0.941944847605225,0.75,0.7058823529411765,0.6363600672585928,,,120.0,40.0,649.0,60.0,869.0,180.0,689.0,0.8171757973575697,0.12797694184970118,0.043478260869565216,0.09957653388503324,0.21739130434782608,0.9957653388503324,dwt;frequency;mfcc;time
rf_importance,40,r0f4,1,40,0.2817906570284134,2.2442810999928042,0.8895281933256617,0.8072085147556846,0.6666666666666666,0.9477503628447025,0.7692307692307693,0.7142857142857143,0.6487868574381116,,,120.0,36.0,653.0,60.0,869.0,180.0,689.0,0.8229060525779499,0.12396576319543505,0.05797101449275363,0.09985387934022472,0.2898550724637681,0.9985387934022472,dwt;envelope;frequency;mfcc;time
rf_importance,50,r0f4,1,50,0.3000150932609741,2.4117950999643654,0.8860759493670886,0.8029793581680373,0.6611111111111111,0.9448476052249637,0.7579617834394905,0.7062314540059347,0.6382621302741297,,,119.0,38.0,651.0,61.0,869.0,180.0,689.0,0.8177838212213828,0.127551325145032,0.07246376811594203,0.1,0.36231884057971014,1.0,chroma;dwt;envelope;frequency;mfcc;time
rf_importance,60,r0f4,1,60,0.31408133194777293,2.4602804000023752,0.8872266973532796,0.801652959200129,0.6555555555555556,0.9477503628447025,0.7662337662337663,0.7065868263473054,0.6402801941094903,,,118.0,36.0,653.0,62.0,869.0,180.0,689.0,0.8183931282733679,0.1271248102086425,0.08695652173913043,0.1,0.43478260869565216,1.0,chroma;dwt;envelope;frequency;mfcc;time
rf_importance,70,r0f4,1,70,0.3347561550763644,2.74913180002477,0.8814729574223246,0.7939203354297695,0.6444444444444445,0.9433962264150944,0.7483870967741936,0.6925373134328359,0.6222867283504044,,,116.0,39.0,650.0,64.0,869.0,180.0,689.0,0.8095616004085063,0.13330687971404556,0.10144927536231885,0.1,0.5072463768115942,1.0,chroma;dwt;envelope;frequency;mfcc;time
rf_importance,80,r0f4,1,80,0.353183126187259,2.580423800041899,0.8768699654775605,0.7910175778100307,0.6444444444444445,0.9375907111756169,0.7295597484276729,0.6843657817109144,0.6100526870049391,,,116.0,43.0,646.0,64.0,869.0,180.0,689.0,0.8039412897117832,0.1372410972017517,0.11594202898550726,0.1,0.5797101449275363,1.0,chroma;dwt;envelope;frequency;mfcc;time
rf_importance,100,r0f4,1,100,0.3792237796936053,2.854816200037021,0.8803222094361335,0.7931946460248347,0.6444444444444445,0.941944847605225,0.7435897435897436,0.6904761904761905,0.6191912784820109,,,116.0,40.0,649.0,64.0,869.0,180.0,689.0,0.8081482236261124,0.1342962434617213,0.14492753623188406,0.1,0.7246376811594203,1.0,chroma;dwt;envelope;frequency;mfcc;time
rf_importance,120,r0f4,1,120,0.40882100533233057,3.099924899986945,0.8803222094361335,0.7911425576519916,0.6388888888888888,0.9433962264150944,0.7467532467532467,0.688622754491018,0.6179711076637465,,,115.0,39.0,650.0,65.0,869.0,180.0,689.0,0.8072743402084719,0.13490796185406967,0.17391304347826086,0.1,0.8695652173913043,1.0,chroma;dwt;envelope;frequency;mfcc;time
rf_importance,138,r0f4,1,138,0.43813390118082574,3.110298999992665,0.8780207134637514,0.7855870020964361,0.6277777777777778,0.9433962264150944,0.743421052631579,0.6807228915662651,0.609302450668899,,,113.0,39.0,650.0,67.0,869.0,180.0,689.0,0.8026658554559633,0.13813390118082572,0.2,0.1,1.0,1.0,chroma;dwt;envelope;frequency;mfcc;time
gb_importance,10,r0f4,1,10,0.22668899633595874,1.7802396999904886,0.8987341772151899,0.8253265602322206,0.7,0.9506531204644412,0.7875,0.7411764705882353,0.6803184852592064,,,126.0,34.0,655.0,54.0,869.0,180.0,689.0,0.8391147016746613,0.11261970882773709,0.014492753623188408,0.09957653388503324,0.07246376811594203,0.9957653388503324,dwt;frequency;mfcc;time
gb_importance,20,r0f4,1,20,0.2444034280633747,1.9039259999990463,0.8964326812428078,0.8197710046766651,0.6888888888888889,0.9506531204644412,0.7848101265822784,0.7337278106508875,0.6719726493573592,,,124.0,34.0,655.0,56.0,869.0,180.0,689.0,0.8347210481825866,0.11569526627218935,0.028985507246376815,0.09972265454480853,0.14492753623188406,0.9972265454480852,chroma;dwt;frequency;mfcc;time
gb_importance,30,r0f4,1,30,0.261192921127376,2.109646300028544,0.8929804372842347,0.8216981132075472,0.7,0.9433962264150944,0.7636363636363637,0.7304347826086957,0.6648077463617895,,,126.0,39.0,650.0,54.0,869.0,180.0,689.0,0.8318361996316989,0.11771466025781079,0.043478260869565216,0.1,0.21739130434782608,1.0,chroma;dwt;envelope;frequency;mfcc;time
gb_importance,40,r0f4,1,40,0.29106703401644296,2.296186000050511,0.8803222094361335,0.7972988227705209,0.6555555555555556,0.9390420899854862,0.7375,0.6941176470588235,0.6217072612583884,,,118.0,42.0,647.0,62.0,869.0,180.0,689.0,0.8098628292518724,0.13309601952368932,0.05797101449275363,0.1,0.2898550724637681,1.0,chroma;dwt;envelope;frequency;mfcc;time
gb_importance,50,r0f4,1,50,0.30059368162750044,2.3774523999891244,0.8860759493670886,0.8009272697951944,0.6555555555555556,0.9462989840348331,0.7612903225806451,0.7044776119402985,0.6371217762747022,,,118.0,37.0,652.0,62.0,869.0,180.0,689.0,0.8169572664120595,0.12812991351155836,0.07246376811594203,0.1,0.36231884057971014,1.0,chroma;dwt;envelope;frequency;mfcc;time
gb_importance,60,r0f4,1,60,0.3139366023276672,2.3601976999780163,0.8860759493670886,0.8050314465408805,0.6666666666666666,0.9433962264150944,0.7547169811320755,0.7079646017699115,0.6394296007258352,,,120.0,39.0,650.0,60.0,869.0,180.0,689.0,0.818599884873519,0.12698008058853671,0.08695652173913043,0.1,0.43478260869565216,1.0,chroma;dwt;envelope;frequency;mfcc;time
gb_importance,70,r0f4,1,70,0.3295791888738772,2.478655999992043,0.8860759493670886,0.8009272697951944,0.6555555555555556,0.9462989840348331,0.7612903225806451,0.7044776119402985,0.6371217762747022,,,118.0,37.0,652.0,62.0,869.0,180.0,689.0,0.8169572664120595,0.12812991351155836,0.10144927536231885,0.1,0.5072463768115942,1.0,chroma;dwt;envelope;frequency;mfcc;time
gb_importance,80,r0f4,1,80,0.34507303231408554,2.641033799969591,0.8849252013808976,0.8002015803902596,0.6555555555555556,0.9448476052249637,0.7564102564102564,0.7023809523809523,0.6339890679600613,,,118.0,38.0,651.0,62.0,869.0,180.0,689.0,0.815527138102031,0.12913100332857827,0.11594202898550726,0.1,0.5797101449275363,1.0,chroma;dwt;envelope;frequency;mfcc;time
gb_importance,100,r0f4,1,100,0.3788441574794662,2.938768499996513,0.8814729574223246,0.7918682470569263,0.6388888888888888,0.9448476052249637,0.7516339869281046,0.6906906906906907,0.6210985028426934,,,115.0,38.0,651.0,65.0,869.0,180.0,689.0,0.8086905410748827,0.1339166212475821,0.14492753623188406,0.1,0.7246376811594203,1.0,chroma;dwt;envelope;frequency;mfcc;time
gb_importance,120,r0f4,1,120,0.41204694465908653,2.8877365000080317,0.8780207134637514,0.7855870020964361,0.6277777777777778,0.9433962264150944,0.743421052631579,0.6807228915662651,0.609302450668899,,,113.0,39.0,650.0,67.0,869.0,180.0,689.0,0.8026658554559633,0.13813390118082572,0.17391304347826086,0.1,0.8695652173913043,1.0,chroma;dwt;envelope;frequency;mfcc;time
gb_importance,138,r0f4,1,138,0.43813390118082574,3.0737020000233315,0.8780207134637514,0.7855870020964361,0.6277777777777778,0.9433962264150944,0.743421052631579,0.6807228915662651,0.609302450668899,,,113.0,39.0,650.0,67.0,869.0,180.0,689.0,0.8026658554559633,0.13813390118082572,0.2,0.1,1.0,1.0,chroma;dwt;envelope;frequency;mfcc;time
mutual_info,10,r0f4,2,10,0.23595620853309154,1.7640987999620847,0.8868360277136259,0.8225845962895217,0.7134831460674157,0.9316860465116279,0.7298850574712644,0.7215909090909091,0.6506540990736461,,,127.0,47.0,641.0,51.0,866.0,178.0,688.0,0.825288208168643,0.12229825428194989,0.014492753623188408,0.09916520062795325,0.07246376811594203,0.9916520062795325,dwt;mfcc;time
mutual_info,20,r0f4,2,20,0.25471821239568737,1.9738110000034794,0.8810623556581986,0.8231153645152861,0.7247191011235955,0.9215116279069767,0.7049180327868853,0.7146814404432132,0.6396699201879308,,,129.0,54.0,634.0,49.0,866.0,178.0,688.0,0.8197768981938895,0.1261561712642773,0.028985507246376815,0.09957653388503324,0.14492753623188406,0.9957653388503324,dwt;frequency;mfcc;time
mutual_info,30,r0f4,2,30,0.269875115618469,2.1173684000386856,0.8810623556581986,0.8210331199372877,0.7191011235955056,0.9229651162790697,0.7071823204419889,0.713091922005571,0.6381157767176819,,,128.0,53.0,635.0,50.0,866.0,178.0,688.0,0.8190368568512925,0.12667420020409528,0.043478260869565216,0.09972265454480853,0.21739130434782608,0.9972265454480852,chroma;dwt;frequency;mfcc;time
mutual_info,40,r0f4,2,40,0.28412718575703094,2.177641899965238,0.8810623556581986,0.8231153645152861,0.7247191011235955,0.9215116279069767,0.7049180327868853,0.7146814404432132,0.6396699201879308,,,129.0,54.0,634.0,49.0,866.0,178.0,688.0,0.8197768981938895,0.1261561712642773,0.05797101449275363,0.1,0.2898550724637681,1.0,chroma;dwt;envelope;frequency;mfcc;time
mutual_info,50,r0f4,2,50,0.2897702569169961,2.447752700012643,0.8914549653579676,0.8296560621897047,0.7247191011235955,0.934593023255814,0.7413793103448276,0.7329545454545454,0.6649172670219509,,,129.0,45.0,643.0,49.0,866.0,178.0,688.0,0.8324193017127799,0.11730648880105407,0.07246376811594203,0.1,0.36231884057971014,1.0,chroma;dwt;envelope;frequency;mfcc;time
mutual_info,60,r0f4,2,60,0.30823216192726743,2.4503274000016972,0.8868360277136259,0.8267490854455186,0.7247191011235955,0.9287790697674418,0.7247191011235955,0.7247191011235955,0.6534981708910373,,,129.0,49.0,639.0,49.0,866.0,178.0,688.0,0.8267490854455186,0.12127564018813695,0.08695652173913043,0.1,0.43478260869565216,1.0,chroma;dwt;envelope;frequency;mfcc;time
mutual_info,70,r0f4,2,70,0.32323307731881024,2.6018247000174597,0.8868360277136259,0.8246668408675202,0.7191011235955056,0.9302325581395349,0.7272727272727273,0.7231638418079096,0.6520655736061866,,,128.0,48.0,640.0,50.0,866.0,178.0,688.0,0.8260231400621552,0.12178380195649138,0.10144927536231885,0.1,0.5072463768115942,1.0,chroma;dwt;envelope;frequency;mfcc;time
mutual_info,80,r0f4,2,80,0.3362198067632851,2.6704713000217453,0.8868360277136259,0.8309135746015155,0.7359550561797753,0.9258720930232558,0.7197802197802198,0.7277777777777777,0.6564249111596484,,,131.0,51.0,637.0,47.0,866.0,178.0,688.0,0.8281746031746031,0.1202777777777778,0.11594202898550726,0.1,0.5797101449275363,1.0,chroma;dwt;envelope;frequency;mfcc;time
mutual_info,100,r0f4,2,100,0.36025602130353396,2.896160200005397,0.8926096997690531,0.8345472955317481,0.7359550561797753,0.9331395348837209,0.7401129943502824,0.7380281690140845,0.6704949253096526,,,131.0,46.0,642.0,47.0,866.0,178.0,688.0,0.8352450213262144,0.11532848507164993,0.14492753623188406,0.1,0.7246376811594203,1.0,chroma;dwt;envelope;frequency;mfcc;time
mutual_info,120,r0f4,2,120,0.38872364953886696,3.1695462000207044,0.8937644341801386,0.8331917951397962,0.7303370786516854,0.936046511627907,0.7471264367816092,0.7386363636363636,0.6720488509961032,,,130.0,44.0,644.0,48.0,866.0,178.0,688.0,0.8359848484848484,0.11481060606060609,0.17391304347826086,0.1,0.8695652173913043,1.0,chroma;dwt;envelope;frequency;mfcc;time
mutual_info,138,r0f4,2,138,0.40824280778685795,3.099117000005208,0.9006928406466512,0.8396345048340736,0.7359550561797753,0.9433139534883721,0.7705882352941177,0.7528735632183908,0.6910618858489773,,,131.0,39.0,649.0,47.0,866.0,178.0,688.0,0.8453674174473458,0.10824280778685795,0.2,0.1,1.0,1.0,chroma;dwt;envelope;frequency;mfcc;time
anova_f,10,r0f4,2,10,0.24695532935327089,1.864962599996943,0.8648960739030023,0.8400101254246146,0.797752808988764,0.8822674418604651,0.6367713004484304,0.7082294264339152,0.6284462634235926,,,142.0,81.0,607.0,36.0,866.0,178.0,688.0,0.8101627973642154,0.13288604184504924,0.014492753623188408,0.09957653388503324,0.07246376811594203,0.9957653388503324,dwt;frequency;mfcc;time
anova_f,20,r0f4,2,20,0.25723387205368853,1.9049731999984942,0.8775981524249422,0.823017376535145,0.7303370786516854,0.9156976744186046,0.6914893617021277,0.7103825136612022,0.6332370688527903,,,130.0,58.0,630.0,48.0,866.0,178.0,688.0,0.8163918424821384,0.12852571026250315,0.028985507246376815,0.09972265454480853,0.14492753623188406,0.9972265454480852,chroma;dwt;frequency;mfcc;time
anova_f,30,r0f4,2,30,0.27372469360399965,2.137283199990634,0.8764434180138568,0.8181261431931016,0.7191011235955056,0.9171511627906976,0.6918918918918919,0.7052341597796143,0.6272983657530687,,,128.0,57.0,631.0,50.0,866.0,178.0,688.0,0.8135374597291058,0.1305237781896259,0.043478260869565216,0.09972265454480853,0.21739130434782608,0.9972265454480852,chroma;dwt;frequency;mfcc;time
anova_f,40,r0f4,2,40,0.2865768201505119,2.1549821000080556,0.8787528868360277,0.8195796315651946,0.7191011235955056,0.9200581395348837,0.6994535519125683,0.7091412742382271,0.6326702468131171,,,128.0,55.0,633.0,50.0,866.0,178.0,688.0,0.8162774204889167,0.12860580565775828,0.05797101449275363,0.1,0.2898550724637681,1.0,chroma;dwt;envelope;frequency;mfcc;time
anova_f,50,r0f4,2,50,0.29725790513833994,2.4190685999928974,0.8845265588914549,0.8190488633394304,0.7078651685393258,0.9302325581395349,0.7241379310344828,0.7159090909090909,0.6435225150994938,,,126.0,48.0,640.0,52.0,866.0,178.0,688.0,0.8217226613965745,0.12479413702239787,0.07246376811594203,0.1,0.36231884057971014,1.0,chroma;dwt;envelope;frequency;mfcc;time
anova_f,60,r0f4,2,60,0.3101949561922218,2.3572561000473797,0.8845265588914549,0.8252955970734257,0.7247191011235955,0.9258720930232558,0.7166666666666667,0.7206703910614525,0.6479091162269537,,,129.0,51.0,637.0,49.0,866.0,178.0,688.0,0.8239450936384409,0.12323843445309134,0.08695652173913043,0.1,0.43478260869565216,1.0,chroma;dwt;envelope;frequency;mfcc;time
anova_f,70,r0f4,2,70,0.3251999286155197,2.472164699982386,0.8845265588914549,0.8232133524954273,0.7191011235955056,0.9273255813953488,0.7191011235955056,0.7191011235955056,0.6464267049908544,,,128.0,50.0,638.0,50.0,866.0,178.0,688.0,0.8232133524954273,0.1237506532532009,0.10144927536231885,0.1,0.5072463768115942,1.0,chroma;dwt;envelope;frequency;mfcc;time
anova_f,80,r0f4,2,80,0.3307912268464698,2.6771359999547713,0.8926096997690531,0.8366295401097466,0.7415730337078652,0.9316860465116279,0.7374301675977654,0.7394957983193278,0.6718642853653153,,,132.0,47.0,641.0,46.0,866.0,178.0,688.0,0.8359297173414821,0.1148491978609625,0.11594202898550726,0.1,0.5797101449275363,1.0,chroma;dwt;envelope;frequency;mfcc;time
anova_f,100,r0f4,2,100,0.35225049407114617,2.876897700014524,0.9006928406466512,0.8437989939900705,0.7471910112359551,0.940406976744186,0.764367816091954,0.7556818181818182,0.6934436029185602,,,133.0,41.0,647.0,45.0,866.0,178.0,688.0,0.8466814888010541,0.10732295783926213,0.14492753623188406,0.1,0.7246376811594203,1.0,chroma;dwt;envelope;frequency;mfcc;time
anova_f,120,r0f4,2,120,0.3877167820466627,2.976098799961619,0.894919168591224,0.8339185393258427,0.7303370786516854,0.9375,0.7514450867052023,0.7407407407407407,0.6749709458928738,,,130.0,43.0,645.0,48.0,866.0,178.0,688.0,0.8374232306165688,0.11380373856840185,0.17391304347826086,0.1,0.8695652173913043,1.0,chroma;dwt;envelope;frequency;mfcc;time
anova_f,138,r0f4,2,138,0.40824280778685795,2.9735700000310317,0.9006928406466512,0.8396345048340736,0.7359550561797753,0.9433139534883721,0.7705882352941177,0.7528735632183908,0.6910618858489773,,,131.0,39.0,649.0,47.0,866.0,178.0,688.0,0.8453674174473458,0.10824280778685795,0.2,0.1,1.0,1.0,chroma;dwt;envelope;frequency;mfcc;time
rf_importance,10,r0f4,2,10,0.2615421800109101,1.83857080002781,0.8637413394919169,0.7851450222106089,0.651685393258427,0.9186046511627907,0.6744186046511628,0.6628571428571428,0.5776383938536567,,,116.0,56.0,632.0,62.0,866.0,178.0,688.0,0.7887368203431879,0.14788422575976845,0.014492753623188408,0.09916520062795325,0.07246376811594203,0.9916520062795325,dwt;mfcc;time
rf_importance,20,r0f4,2,20,0.2507810029144045,1.9767744000419043,0.8833718244803695,0.8328978311993729,0.7471910112359551,0.9186046511627907,0.7037037037037037,0.7247956403269755,0.6513582905864613,,,133.0,56.0,632.0,45.0,866.0,178.0,688.0,0.8254014831671508,0.12221896178299445,0.028985507246376815,0.09957653388503324,0.14492753623188406,0.9957653388503324,dwt;frequency;mfcc;time
rf_importance,30,r0f4,2,30,0.26381978578985976,2.0508765000267886,0.8856812933025404,0.8322690749934675,0.7415730337078652,0.9229651162790697,0.7135135135135136,0.7272727272727273,0.6551861649646583,,,132.0,53.0,635.0,46.0,866.0,178.0,688.0,0.8274785842353409,0.12076499103526134,0.043478260869565216,0.09957653388503324,0.21739130434782608,0.9957653388503324,dwt;frequency;mfcc;time
rf_importance,40,r0f4,2,40,0.27027881971110873,2.241455000010319,0.8937644341801386,0.8436030180297883,0.7584269662921348,0.9287790697674418,0.7336956521739131,0.7458563535911602,0.6788754237666679,,,135.0,49.0,639.0,43.0,866.0,178.0,688.0,0.8393515344598137,0.1124539258781304,0.05797101449275363,0.09985387934022472,0.2898550724637681,0.9985387934022472,dwt;envelope;frequency;mfcc;time
rf_importance,50,r0f4,2,50,0.28788299429866393,2.422250500007067,0.8903002309468823,0.8414227854716487,0.7584269662921348,0.9244186046511628,0.7219251336898396,0.7397260273972602,0.6706115463850489,,,135.0,52.0,636.0,43.0,866.0,178.0,688.0,0.8351153911675402,0.11541922618272187,0.07246376811594203,0.1,0.36231884057971014,1.0,chroma;dwt;envelope;frequency;mfcc;time
rf_importance,60,r0f4,2,60,0.30772151277439175,2.3283905999851413,0.8856812933025404,0.8322690749934675,0.7415730337078652,0.9229651162790697,0.7135135135135136,0.7272727272727273,0.6551861649646583,,,132.0,53.0,635.0,46.0,866.0,178.0,688.0,0.8274785842353409,0.12076499103526134,0.08695652173913043,0.1,0.43478260869565216,1.0,chroma;dwt;envelope;frequency;mfcc;time
rf_importance,70,r0f4,2,70,0.32465396318617123,2.497615100000985,0.8833718244803695,0.828733342043376,0.7359550561797753,0.9215116279069767,0.7081081081081081,0.721763085399449,0.6482142151617609,,,131.0,54.0,634.0,47.0,866.0,178.0,688.0,0.8239933031087823,0.1232046878238524,0.10144927536231885,0.1,0.5072463768115942,1.0,chroma;dwt;envelope;frequency;mfcc;time
rf_importance,80,r0f4,2,80,0.3337506965318163,2.7880603999947198,0.8903002309468823,0.8310115625816566,0.7303370786516854,0.9316860465116279,0.7344632768361582,0.7323943661971831,0.6634086596845835,,,130.0,47.0,641.0,48.0,866.0,178.0,688.0,0.8317019035052727,0.11780866754630907,0.11594202898550726,0.1,0.5797101449275363,1.0,chroma;dwt;envelope;frequency;mfcc;time
rf_importance,100,r0f4,2,100,0.35676980333478436,3.0083429000223987,0.8960739030023095,0.838809772667886,0.7415730337078652,0.936046511627907,0.75,0.7457627118644068,0.680470442154625,,,132.0,44.0,644.0,46.0,866.0,178.0,688.0,0.8402253327101424,0.11184226710290028,0.14492753623188406,0.1,0.7246376811594203,1.0,chroma;dwt;envelope;frequency;mfcc;time
rf_importance,120,r0f4,2,120,0.38317968072505837,3.1046303000184707,0.8995381062355658,0.8389077606480272,0.7359550561797753,0.9418604651162791,0.7660818713450293,0.7507163323782235,0.6880583542165665,,,131.0,40.0,648.0,47.0,866.0,178.0,688.0,0.8439048039331465,0.10926663724679746,0.17391304347826086,0.1,0.8695652173913043,1.0,chroma;dwt;envelope;frequency;mfcc;time
rf_importance,138,r0f4,2,138,0.40824280778685795,3.1314323999686167,0.9006928406466512,0.8396345048340736,0.7359550561797753,0.9433139534883721,0.7705882352941177,0.7528735632183908,0.6910618858489773,,,131.0,39.0,649.0,47.0,866.0,178.0,688.0,0.8453674174473458,0.10824280778685795,0.2,0.1,1.0,1.0,chroma;dwt;envelope;frequency;mfcc;time
gb_importance,10,r0f4,2,10,0.2434763083810869,2.0520035999943502,0.8752886836027713,0.8257283773190489,0.7415730337078652,0.9098837209302325,0.6804123711340206,0.7096774193548387,0.6313996113176609,,,132.0,62.0,626.0,46.0,866.0,178.0,688.0,0.8151328273244782,0.12940702087286524,0.014492753623188408,0.09957653388503324,0.07246376811594203,0.9957653388503324,dwt;frequency;mfcc;time
gb_importance,20,r0f4,2,20,0.2429377752962728,2.1668769999523647,0.8926096997690531,0.838711784687745,0.7471910112359551,0.9302325581395349,0.7348066298342542,0.7409470752089137,0.6732555619547106,,,133.0,48.0,640.0,45.0,866.0,178.0,688.0,0.836606094050196,0.11437573416486277,0.028985507246376815,0.09957653388503324,0.14492753623188406,0.9957653388503324,dwt;frequency;mfcc;time
gb_importance,30,r0f4,2,30,0.26472893092853034,2.1916754000121728,0.8845265588914549,0.8336245753854195,0.7471910112359551,0.9200581395348837,0.7074468085106383,0.726775956284153,0.6540312180119938,,,133.0,55.0,633.0,45.0,866.0,178.0,688.0,0.8267847570586212,0.12125067005896516,0.043478260869565216,0.1,0.21739130434782608,1.0,chroma;dwt;envelope;frequency;mfcc;time
gb_importance,40,r0f4,2,40,0.2772748831387276,2.2824580000014976,0.8868360277136259,0.8350780637575124,0.7471910112359551,0.9229651162790697,0.7150537634408602,0.7307692307692307,0.6594308863031423,,,133.0,53.0,635.0,45.0,866.0,178.0,688.0,0.8295659019343229,0.11930386864597396,0.05797101449275363,0.1,0.2898550724637681,1.0,chroma;dwt;envelope;frequency;mfcc;time
gb_importance,50,r0f4,2,50,0.2848430907540882,2.6958685999852605,0.894919168591224,0.840165273059838,0.7471910112359551,0.9331395348837209,0.7430167597765364,0.7450980392156863,0.6789211012673937,,,133.0,46.0,642.0,45.0,866.0,178.0,688.0,0.8394581105169341,0.11237932263814614,0.07246376811594203,0.1,0.36231884057971014,1.0,chroma;dwt;envelope;frequency;mfcc;time
gb_importance,60,r0f4,2,60,0.302325002464754,2.479262500011828,0.8914549653579676,0.8379850405016984,0.7471910112359551,0.9287790697674418,0.7307692307692307,0.7388888888888889,0.6704523996991736,,,133.0,49.0,639.0,45.0,866.0,178.0,688.0,0.8351878846776806,0.1153684807256236,0.08695652173913043,0.1,0.43478260869565216,1.0,chroma;dwt;envelope;frequency;mfcc;time
gb_importance,70,r0f4,2,70,0.3092293043058789,2.6231909000198357,0.9006928406466512,0.8417167494120721,0.7415730337078652,0.9418604651162791,0.7674418604651163,0.7542857142857143,0.6922397338484485,,,132.0,40.0,648.0,46.0,866.0,178.0,688.0,0.8460285300806285,0.10778002894356004,0.10144927536231885,0.1,0.5072463768115942,1.0,chroma;dwt;envelope;frequency;mfcc;time
gb_importance,80,r0f4,2,80,0.32979262997845205,2.6029453999944963,0.8937644341801386,0.8373562842957931,0.7415730337078652,0.9331395348837209,0.7415730337078652,0.7415730337078652,0.6747125685915861,,,132.0,46.0,642.0,46.0,866.0,178.0,688.0,0.8373562842957931,0.1138506009929448,0.11594202898550726,0.1,0.5797101449275363,1.0,chroma;dwt;envelope;frequency;mfcc;time
gb_importance,100,r0f4,2,100,0.3622340250329381,2.9103904999792576,0.8914549653579676,0.8296560621897047,0.7247191011235955,0.934593023255814,0.7413793103448276,0.7329545454545454,0.6649172670219509,,,129.0,45.0,643.0,49.0,866.0,178.0,688.0,0.8324193017127799,0.11730648880105407,0.14492753623188406,0.1,0.7246376811594203,1.0,chroma;dwt;envelope;frequency;mfcc;time
gb_importance,120,r0f4,2,120,0.3907484708509701,2.9282643999904394,0.8903002309468823,0.8351760517376535,0.7415730337078652,0.9287790697674418,0.7292817679558011,0.7353760445682451,0.6662276049073048,,,132.0,49.0,639.0,46.0,866.0,178.0,688.0,0.8330922466104154,0.11683542737270923,0.17391304347826086,0.1,0.8695652173913043,1.0,chroma;dwt;envelope;frequency;mfcc;time
gb_importance,138,r0f4,2,138,0.40824280778685795,3.192662500019651,0.9006928406466512,0.8396345048340736,0.7359550561797753,0.9433139534883721,0.7705882352941177,0.7528735632183908,0.6910618858489773,,,131.0,39.0,649.0,47.0,866.0,178.0,688.0,0.8453674174473458,0.10824280778685795,0.2,0.1,1.0,1.0,chroma;dwt;envelope;frequency;mfcc;time
