subband,index,time_sec,coefficient
cA5,0,0.0,-1.2220193576381584
cA5,1,0.015748031496062992,-1.180847044526577
cA5,2,0.031496062992125984,-1.1820712238490168
cA5,3,0.047244094488188976,-1.2507829668564532
cA5,4,0.06299212598425197,-0.6593333479983335
cA5,5,0.07874015748031496,-4.184652719594698
cA5,6,0.09448818897637795,9.39973911147648
cA5,7,0.11023622047244094,-14.378300389731102
cA5,8,0.12598425196850394,14.156616326555547
cA5,9,0.14173228346456693,-9.130630082915125
cA5,10,0.15748031496062992,4.017404944018635
cA5,11,0.1732283464566929,-1.4037295686406526
cA5,12,0.1889763779527559,0.6712523077366552
cA5,13,0.2047244094488189,-0.783828264707834
cA5,14,0.2204724409448819,1.2217889187398532
cA5,15,0.23622047244094488,-1.4366413783978682
cA5,16,0.25196850393700787,1.0460145427732626
cA5,17,0.26771653543307083,-0.464735578178847
cA5,18,0.28346456692913385,0.2853602232729855
cA5,19,0.2992125984251969,-0.30578583978405355
cA5,20,0.31496062992125984,0.15849318080543817
cA5,21,0.3307086614173228,0.061532127688529434
cA5,22,0.3464566929133858,-0.11412168278236197
cA5,23,0.36220472440944884,-0.040975800988404115
cA5,24,0.3779527559055118,0.20550065609149692
cA5,25,0.39370078740157477,-0.18017167626112982
cA5,26,0.4094488188976378,0.07037743912890987
cA5,27,0.4251968503937008,-0.12859555900980937
cA5,28,0.4409448818897638,0.266743634400435
cA5,29,0.45669291338582674,-0.12923113973454872
cA5,30,0.47244094488188976,0.21963682608159493
cA5,31,0.4881889763779528,-1.265777195083704
cA5,32,0.5039370078740157,2.2997521301654187
cA5,33,0.5196850393700787,-1.8582137529555807
cA5,34,0.5354330708661417,0.32575687635379774
cA5,35,0.5511811023622047,0.8456478202196648
cA5,36,0.5669291338582677,-1.0120975184412695
cA5,37,0.5826771653543307,0.621640885544705
cA5,38,0.5984251968503937,-0.28220516872523915
cA5,39,0.6141732283464567,0.1539255753435314
cA5,40,0.6299212598425197,-0.10042544157172771
cA5,41,0.6456692913385826,0.08153943150676443
cA5,42,0.6614173228346456,-0.15683556377533936
cA5,43,0.6771653543307087,0.2957942241595116
cA5,44,0.6929133858267716,-0.37644908902043067
cA5,45,0.7086614173228346,0.41127065281977493
cA5,46,0.7244094488188977,-0.4441714207789706
cA5,47,0.7401574803149606,0.39068429719422615
cA5,48,0.7559055118110236,-0.21263124958789076
cA5,49,0.7716535433070866,0.03922901404282708
cA5,50,0.7874015748031495,0.025862215587781547
cA5,51,0.8031496062992126,0.06075280366086271
cA5,52,0.8188976377952756,-0.22416741447199479
cA5,53,0.8346456692913385,0.29145560410185833
cA5,54,0.8503937007874016,-0.19885751413487068
cA5,55,0.8661417322834646,0.06127779361716497
cA5,56,0.8818897637795275,0.031528079534177106
cA5,57,0.8976377952755905,-0.10952462845731065
cA5,58,0.9133858267716535,0.22136005913653106
cA5,59,0.9291338582677166,-0.28281001039585635
cA5,60,0.9448818897637795,0.2643061310187353
cA5,61,0.9606299212598425,-0.22929544302937988
cA5,62,0.9763779527559056,0.16107291312615052
cA5,63,0.9921259842519685,0.047714431437532276
cA5,64,1.0078740157480315,-0.40602661658854733
cA5,65,1.0236220472440944,0.6398071610213323
cA5,66,1.0393700787401574,-0.37775739062979147
cA5,67,1.0551181102362204,-0.23709712563552968
cA5,68,1.0708661417322833,0.6190573490318572
cA5,69,1.0866141732283465,-0.5033286559724679
cA5,70,1.1023622047244095,0.2708467886137128
cA5,71,1.1181102362204725,-0.2528014123480303
cA5,72,1.1338582677165354,0.9241926858984542
cA5,73,1.1496062992125984,-3.3740832882363256
cA5,74,1.1653543307086613,6.5724630882822055
cA5,75,1.1811023622047243,-7.070392048301617
cA5,76,1.1968503937007875,4.591759096289017
cA5,77,1.2125984251968505,-2.148941837380101
cA5,78,1.2283464566929134,0.9297142949374017
cA5,79,1.2440944881889764,-0.21746563557800486
cA5,80,1.2598425196850394,-0.44983602267047046
cA5,81,1.2755905511811023,1.2832980058251613
cA5,82,1.2913385826771653,-2.0467743228969875
cA5,83,1.3070866141732282,2.054716493608918
cA5,84,1.3228346456692912,-1.236881515459843
cA5,85,1.3385826771653544,0.27417975547969076
cA5,86,1.3543307086614174,0.2520073699458582
cA5,87,1.3700787401574803,-0.18384005563039868
cA5,88,1.3858267716535433,-0.06773447528277325
cA5,89,1.4015748031496063,0.09355979050651125
cA5,90,1.4173228346456692,-0.09425760300712571
cA5,91,1.4330708661417322,0.37172722477519715
cA5,92,1.4488188976377954,-0.8294238011496864
cA5,93,1.4645669291338583,0.8580061274007439
cA5,94,1.4803149606299213,0.37881320853978023
cA5,95,1.4960629921259843,-2.675012112713966
cA5,96,1.5118110236220472,4.648410815654859
cA5,97,1.5275590551181102,-5.036419712614699
cA5,98,1.5433070866141732,3.424814183175772
cA5,99,1.5590551181102361,-0.502648307273948
cA5,100,1.574803149606299,-1.9803842878318236
cA5,101,1.5905511811023623,2.57180695265346
cA5,102,1.6062992125984252,-1.5247943497450123
cA5,103,1.6220472440944882,0.20608112334312528
cA5,104,1.6377952755905512,0.5614264375029591
cA5,105,1.6535433070866141,-0.809207727244289
cA5,106,1.669291338582677,0.7744029021139088
cA5,107,1.68503937007874,-0.5883481315736395
cA5,108,1.7007874015748032,0.3973925973304372
cA5,109,1.7165354330708662,-0.25642003712996736
cA5,110,1.7322834645669292,0.09886793142307364
cA5,111,1.7480314960629921,0.09365736705027192
cA5,112,1.763779527559055,-0.25973765770850465
cA5,113,1.779527559055118,0.338403421276254
cA5,114,1.795275590551181,-0.29456296825371037
cA5,115,1.811023622047244,0.1279660935887051
cA5,116,1.826771653543307,0.18519609788465477
cA5,117,1.8425196850393701,-0.541311948924878
cA5,118,1.858267716535433,0.7345890681885316
cA5,119,1.874015748031496,-0.6285840521052923
cA5,120,1.889763779527559,0.2707599314613593
cA5,121,1.905511811023622,0.10224392741994708
cA5,122,1.921259842519685,-0.3192619787683892
cA5,123,1.937007874015748,0.4754940268698279
cA5,124,1.952755905511811,-0.5885617309524889
cA5,125,1.968503937007874,0.5307320028829581
cA5,126,1.984251968503937,-0.30982797744704393
cA5,127,2.0,0.0485517013717593
cA5,128,2.015748031496063,0.19407629168074425
cA5,129,2.031496062992126,-0.3444544367430031
cA5,130,2.047244094488189,0.3910471782956034
cA5,131,2.062992125984252,-0.469536018202087
cA5,132,2.078740157480315,0.6311653888061598
cA5,133,2.094488188976378,-0.024175454151475637
cA5,134,2.1102362204724407,-2.7678636057842168
cA5,135,2.1259842519685037,6.48033680471041
cA5,136,2.1417322834645667,-7.009719903885894
cA5,137,2.15748031496063,3.7385752196280424
cA5,138,2.173228346456693,-0.6427199781315385
cA5,139,2.188976377952756,-0.002890127048146507
cA5,140,2.204724409448819,-0.8870162031303223
cA5,141,2.220472440944882,2.166351047409737
cA5,142,2.236220472440945,-3.1036726990610517
cA5,143,2.251968503937008,3.2740823319743924
cA5,144,2.267716535433071,-2.7216052758027556
cA5,145,2.283464566929134,1.6713962667124234
cA5,146,2.2992125984251968,-0.45020657763669214
cA5,147,2.3149606299212597,-0.36864271765870704
cA5,148,2.3307086614173227,0.516544560984604
cA5,149,2.3464566929133857,-0.3753235325972344
cA5,150,2.3622047244094486,0.257318950374405
cA5,151,2.3779527559055116,0.010538896678966264
cA5,152,2.393700787401575,-0.47892487650485194
cA5,153,2.409448818897638,0.8521406584090052
cA5,154,2.425196850393701,-0.9203904368130688
cA5,155,2.440944881889764,0.48704393624334535
cA5,156,2.456692913385827,0.9122148986689966
cA5,157,2.47244094488189,-2.9673375518682743
cA5,158,2.4881889763779528,4.550212938025153
cA5,159,2.5039370078740157,-4.979249934034668
cA5,160,2.5196850393700787,3.8627313958101
cA5,161,2.5354330708661417,-1.3507198317445224
cA5,162,2.5511811023622046,-1.046983372375568
cA5,163,2.5669291338582676,1.9575275650787936
cA5,164,2.5826771653543306,-1.5949631198358933
cA5,165,2.5984251968503935,0.9464465162103897
cA5,166,2.6141732283464565,-0.4598887810953025
cA5,167,2.6299212598425195,0.018646569760897347
cA5,168,2.6456692913385824,0.42814441862842256
cA5,169,2.661417322834646,-0.7006026272925094
cA5,170,2.677165354330709,0.692450352562446
cA5,171,2.6929133858267718,-0.4171206340997729
cA5,172,2.7086614173228347,0.02692181410583358
cA5,173,2.7244094488188977,0.19254301385376255
cA5,174,2.7401574803149606,-0.17662375585748136
cA5,175,2.7559055118110236,0.18280900462809885
cA5,176,2.7716535433070866,-0.2987351478438134
cA5,177,2.7874015748031495,0.3934243802466796
cA5,178,2.8031496062992125,-0.4000252691004933
cA5,179,2.8188976377952755,0.41317813790810887
cA5,180,2.8346456692913384,-0.487719354796936
cA5,181,2.8503937007874014,0.482918611504832
cA5,182,2.8661417322834644,-0.2836879261836274
cA5,183,2.8818897637795273,0.04383451383074345
cA5,184,2.8976377952755907,0.033490964465646346
cA5,185,2.9133858267716537,0.12831784771293664
cA5,186,2.9291338582677167,-0.4155180093409726
cA5,187,2.9448818897637796,0.6175562722167548
cA5,188,2.9606299212598426,-0.6350763616908943
cA5,189,2.9763779527559056,0.5225624365095498
cA5,190,2.9921259842519685,-0.3457945005594343
cA5,191,3.0078740157480315,0.16182443215239384
cA5,192,3.0236220472440944,0.24301424317676654
cA5,193,3.0393700787401574,-2.3504160898376867
cA5,194,3.0551181102362204,8.06778319256379
cA5,195,3.0708661417322833,-14.650195735145356
cA5,196,3.0866141732283463,15.66904564595266
cA5,197,3.1023622047244093,-10.755143742345592
cA5,198,3.1181102362204722,5.866399328798159
cA5,199,3.133858267716535,-4.063554172910152
cA5,200,3.149606299212598,3.8934013444039537
cA5,201,3.1653543307086616,-3.407515191943261
cA5,202,3.1811023622047245,1.9486877779600702
cA5,203,3.1968503937007875,-0.12253028086201201
cA5,204,3.2125984251968505,-1.0049803439241454
cA5,205,3.2283464566929134,0.9571840825528488
cA5,206,3.2440944881889764,-0.16702584301863801
cA5,207,3.2598425196850394,-0.4834456844862672
cA5,208,3.2755905511811023,0.4523226885407928
cA5,209,3.2913385826771653,0.08441350799917088
cA5,210,3.3070866141732282,-0.5274799417845976
cA5,211,3.322834645669291,0.517644302797134
cA5,212,3.338582677165354,-0.16931087089026678
cA5,213,3.354330708661417,-0.08634386671412175
cA5,214,3.37007874015748,0.026021234813181693
cA5,215,3.385826771653543,0.4496698858251225
cA5,216,3.4015748031496065,-1.9230625460078996
cA5,217,3.4173228346456694,3.947465179310902
cA5,218,3.4330708661417324,-4.035391079150914
cA5,219,3.4488188976377954,1.055754870957076
cA5,220,3.4645669291338583,2.743532311835765
cA5,221,3.4803149606299213,-4.444004141910885
cA5,222,3.4960629921259843,3.3174832654165827
cA5,223,3.5118110236220472,-0.9714656810696443
cA5,224,3.52755905511811,-0.6195000062978986
cA5,225,3.543307086614173,0.9542405211863028
cA5,226,3.559055118110236,-0.6815305649680852
cA5,227,3.574803149606299,0.37371307926020886
cA5,228,3.590551181102362,-0.07498151651591331
cA5,229,3.606299212598425,-0.3008243239956583
cA5,230,3.622047244094488,0.5972383753597524
cA5,231,3.637795275590551,-0.5222775902263879
cA5,232,3.653543307086614,0.05285726150001609
cA5,233,3.6692913385826773,0.4784567289052742
cA5,234,3.6850393700787403,-0.6846438983560871
cA5,235,3.7007874015748032,0.6047408656640727
cA5,236,3.716535433070866,-0.6684601994875203
cA5,237,3.732283464566929,1.008496896834819
cA5,238,3.748031496062992,-1.2235948138741022
cA5,239,3.763779527559055,1.1152455242972033
cA5,240,3.779527559055118,-0.87546980763011
cA5,241,3.795275590551181,0.6756876232181255
cA5,242,3.811023622047244,-0.539301304106212
cA5,243,3.826771653543307,0.3829583102556158
cA5,244,3.84251968503937,-0.17734609007921745
cA5,245,3.858267716535433,0.10764984148110683
cA5,246,3.874015748031496,-0.17616478358751386
cA5,247,3.889763779527559,0.06283856997078506
cA5,248,3.905511811023622,0.31558981136001585
cA5,249,3.921259842519685,-0.5690732253923656
cA5,250,3.937007874015748,0.367504594085308
cA5,251,3.952755905511811,0.1079082905735219
cA5,252,3.968503937007874,-0.26347131744533514
cA5,253,3.984251968503937,0.15430557625826397
cA5,254,4.0,-0.458501184541236
cA5,255,4.015748031496063,0.7523187772885784
cA5,256,4.031496062992126,-0.13663613604335834
cA5,257,4.047244094488189,-0.5419803593226415
cA5,258,4.062992125984252,0.2138344380751276
cA5,259,4.078740157480315,0.3065174054102484
cA5,260,4.094488188976378,-0.1341377973264672
cA5,261,4.110236220472441,-0.20039500324931458
cA5,262,4.125984251968504,0.02255854498346549
cA5,263,4.141732283464567,0.6395247637284256
cA5,264,4.15748031496063,-1.2116850131391228
cA5,265,4.173228346456693,1.2229848736593156
cA5,266,4.188976377952756,-0.8520736679852331
cA5,267,4.2047244094488185,0.6073964514403369
cA5,268,4.2204724409448815,-0.6035503653679852
cA5,269,4.2362204724409445,0.4717048226866872
cA5,270,4.251968503937007,-0.04217021471147464
cA5,271,4.26771653543307,-0.3239699759660609
cA5,272,4.283464566929133,0.39361182979114634
cA5,273,4.299212598425197,-0.2714779171745045
cA5,274,4.31496062992126,0.09294487890482339
cA5,275,4.330708661417323,0.15500122433612126
cA5,276,4.346456692913386,-0.16467654316505434
cA5,277,4.362204724409449,-1.0151332231163086
cA5,278,4.377952755905512,3.159659006896775
cA5,279,4.393700787401575,-4.010934376593115
cA5,280,4.409448818897638,2.331372108798111
cA5,281,4.425196850393701,0.4482210371283955
cA5,282,4.440944881889764,-2.132497666172855
cA5,283,4.456692913385827,1.8665032852032413
cA5,284,4.47244094488189,-0.5991672449741116
cA5,285,4.488188976377953,-0.2642794517987477
cA5,286,4.503937007874016,0.429041929981709
cA5,287,4.519685039370079,-0.38291335255665404
cA5,288,4.535433070866142,0.33176881138103365
cA5,289,4.551181102362205,-0.16799524377634198
cA5,290,4.566929133858268,-0.04307854147349969
cA5,291,4.582677165354331,0.15043708376796033
cA5,292,4.5984251968503935,-0.09695139650557034
cA5,293,4.6141732283464565,-0.07374185350831014
cA5,294,4.6299212598425195,0.215534491528117
cA5,295,4.645669291338582,-0.13883796871530935
cA5,296,4.661417322834645,-0.08879658110862407
cA5,297,4.677165354330708,0.16870804570968898
cA5,298,4.692913385826771,0.024347413973396622
cA5,299,4.708661417322834,-0.2798049741284429
cA5,300,4.724409448818897,0.34919047887517846
cA5,301,4.74015748031496,-0.25134290450919033
cA5,302,4.755905511811023,0.22836265018418156
cA5,303,4.771653543307086,-0.3331520036650054
cA5,304,4.78740157480315,0.4332511293036838
cA5,305,4.803149606299213,-0.3805000520877499
cA5,306,4.818897637795276,0.1296368795960003
cA5,307,4.834645669291339,0.12604524122722865
cA5,308,4.850393700787402,-0.20338725980091898
cA5,309,4.866141732283465,0.18164468752871646
cA5,310,4.881889763779528,-0.13771179666736633
cA5,311,4.897637795275591,0.0727633974740717
cA5,312,4.913385826771654,0.04771350123145068
cA5,313,4.929133858267717,-0.20748251916525753
cA5,314,4.94488188976378,0.2613323648955221
cA5,315,4.960629921259843,-0.06357841229332684
cA5,316,4.9763779527559056,-0.28667321032246296
cA5,317,4.9921259842519685,0.4992964858904524
cA5,318,5.0078740157480315,-0.3466464951912385
cA5,319,5.0236220472440944,-0.07376446508639853
cA5,320,5.039370078740157,0.339842231214457
cA5,321,5.05511811023622,-0.13966101419534455
cA5,322,5.070866141732283,0.257076417355106
cA5,323,5.086614173228346,-2.835684160722425
cA5,324,5.102362204724409,8.722958349186674
cA5,325,5.118110236220472,-14.117479126912208
cA5,326,5.133858267716535,13.975043552900202
cA5,327,5.149606299212598,-8.972364478765268
cA5,328,5.165354330708661,4.04101335155447
cA5,329,5.181102362204724,-1.6685921180787875
cA5,330,5.196850393700787,1.1347823914566737
cA5,331,5.21259842519685,-1.3779263219326299
cA5,332,5.228346456692913,1.8408900539853437
cA5,333,5.244094488188976,-2.021640930267786
cA5,334,5.259842519685039,1.606144782935068
cA5,335,5.275590551181102,-0.9268645663254775
cA5,336,5.291338582677165,0.6018654420866241
cA5,337,5.307086614173229,-0.597961918060742
cA5,338,5.322834645669292,0.414362826748642
cA5,339,5.338582677165355,0.04135386602372823
cA5,340,5.354330708661418,-0.37074729885964514
cA5,341,5.3700787401574805,0.35969641988710177
cA5,342,5.3858267716535435,-0.1706638670079948
cA5,343,5.4015748031496065,0.020150625964445515
cA5,344,5.417322834645669,-0.020777277024389973
cA5,345,5.433070866141732,0.05849777606735911
cA5,346,5.448818897637795,0.11842264768788074
cA5,347,5.464566929133858,-0.28046093087094437
cA5,348,5.480314960629921,0.35284866260075426
cA5,349,5.496062992125984,-0.8294329668064977
cA5,350,5.511811023622047,1.3839851246761048
cA5,351,5.52755905511811,-1.1005839505458241
cA5,352,5.543307086614173,0.18261709353047775
cA5,353,5.559055118110236,0.4288039829740833
cA5,354,5.574803149606299,-0.40073793951178527
cA5,355,5.590551181102362,0.1215020080539646
cA5,356,5.606299212598425,0.11003302916940795
cA5,357,5.622047244094488,-0.3295706818265572
cA5,358,5.637795275590551,0.579160593359826
cA5,359,5.653543307086614,-0.7326229626463366
cA5,360,5.669291338582677,0.6291647071674148
cA5,361,5.68503937007874,-0.2678020698891249
cA5,362,5.700787401574803,-0.12434487535465957
cA5,363,5.716535433070866,0.3528567314804479
cA5,364,5.732283464566929,-0.4193688371683878
cA5,365,5.748031496062992,0.4697677679544734
cA5,366,5.763779527559055,-0.557019201192548
cA5,367,5.779527559055118,0.5563561968079935
cA5,368,5.7952755905511815,-0.3640347720769893
cA5,369,5.811023622047244,0.10002248654355493
cA5,370,5.826771653543307,0.07844599423781291
cA5,371,5.84251968503937,-0.18613465155143943
cA5,372,5.858267716535433,0.3207336812692471
cA5,373,5.874015748031496,-0.43286359926172163
cA5,374,5.889763779527559,0.4207391729816155
cA5,375,5.905511811023622,-0.32738650774900946
cA5,376,5.921259842519685,0.30799568620305273
cA5,377,5.937007874015748,-0.3550664409574776
cA5,378,5.952755905511811,0.285500463380742
cA5,379,5.968503937007874,0.03438420488423814
cA5,380,5.984251968503937,-1.0489683751862557
cD5,0,0.0,0.0023325993045820136
cD5,1,0.015748031496062992,0.01153008516065959
cD5,2,0.031496062992125984,0.19656451563517452
cD5,3,0.047244094488188976,-0.5354816904667368
cD5,4,0.06299212598425197,5.172767453291894
cD5,5,0.07874015748031496,-13.596836020224792
cD5,6,0.09448818897637795,-3.2494133348131746
cD5,7,0.11023622047244094,13.914519162374015
cD5,8,0.12598425196850394,-6.848525672178988
cD5,9,0.14173228346456693,1.4748873227630033
cD5,10,0.15748031496062992,-0.9121369794780131
cD5,11,0.1732283464566929,0.4842531439373742
cD5,12,0.1889763779527559,-0.6657642047077791
cD5,13,0.2047244094488189,-0.813057560860801
cD5,14,0.2204724409448819,0.9875874516032979
cD5,15,0.23622047244094488,1.5305489285446812
cD5,16,0.25196850393700787,1.6634972018147236
cD5,17,0.26771653543307083,0.1712093031187384
cD5,18,0.28346456692913385,-0.3879893363077055
cD5,19,0.2992125984251969,0.5176347144016473
cD5,20,0.31496062992125984,-1.079236097554844
cD5,21,0.3307086614173228,1.4633817489165797
cD5,22,0.3464566929133858,0.06311332271169272
cD5,23,0.36220472440944884,0.31433802588332244
cD5,24,0.3779527559055118,-0.09896746583934393
cD5,25,0.39370078740157477,0.1821787298552824
cD5,26,0.4094488188976378,1.3767356581949526
cD5,27,0.4251968503937008,-0.3076400596861247
cD5,28,0.4409448818897638,-9.263143701956885
cD5,29,0.45669291338582674,3.5185732921928623
cD5,30,0.47244094488188976,-2.02352077065088
cD5,31,0.4881889763779528,0.6251191089934391
cD5,32,0.5039370078740157,-0.5223366687581117
cD5,33,0.5196850393700787,-1.0906685360015702
cD5,34,0.5354330708661417,-0.02228856140817028
cD5,35,0.5511811023622047,-0.27121499092531004
cD5,36,0.5669291338582677,-0.11534839611704545
cD5,37,0.5826771653543307,-0.299353339933022
cD5,38,0.5984251968503937,-0.08492876439201079
cD5,39,0.6141732283464567,-0.11478503978922545
cD5,40,0.6299212598425197,-0.293386983985
cD5,41,0.6456692913385826,0.114613377693383
cD5,42,0.6614173228346456,0.12294539670201886
cD5,43,0.6771653543307087,-0.46426533650473695
cD5,44,0.6929133858267716,-0.6473905062725452
cD5,45,0.7086614173228346,0.3317844873421474
cD5,46,0.7244094488188977,-0.09098236338765493
cD5,47,0.7401574803149606,0.22455848398862052
cD5,48,0.7559055118110236,-0.06259497493919763
cD5,49,0.7716535433070866,-0.5537218641728024
cD5,50,0.7874015748031495,-0.2943614238770428
cD5,51,0.8031496062992126,-0.0825556022370022
cD5,52,0.8188976377952756,-0.014685035433126156
cD5,53,0.8346456692913385,0.5126381508479265
cD5,54,0.8503937007874016,-0.6059900455485001
cD5,55,0.8661417322834646,1.0410588482176526
cD5,56,0.8818897637795275,-0.046529585810379116
cD5,57,0.8976377952755905,-0.09302047625438614
cD5,58,0.9133858267716535,-0.8717660434244536
cD5,59,0.9291338582677166,-0.0648240898515989
cD5,60,0.9448818897637795,-0.4107739450873595
cD5,61,0.9606299212598425,-0.013184132483653278
cD5,62,0.9763779527559056,-0.26329219804328363
cD5,63,0.9921259842519685,0.7951917827182746
cD5,64,1.0078740157480315,0.611770342284503
cD5,65,1.0236220472440944,-0.8079030577006534
cD5,66,1.0393700787401574,0.3352685280299791
cD5,67,1.0551181102362204,-0.2328383231455562
cD5,68,1.0708661417322833,0.04590709373220203
cD5,69,1.0866141732283465,-0.07739140699136955
cD5,70,1.1023622047244095,-0.9438920755980279
cD5,71,1.1181102362204725,-4.181491654123901
cD5,72,1.1338582677165354,30.944895381703102
cD5,73,1.1496062992125984,-20.142995590189017
cD5,74,1.1653543307086613,0.7710227487529948
cD5,75,1.1811023622047243,-1.7546489233763074
cD5,76,1.1968503937007875,-0.030730383782618803
cD5,77,1.2125984251968505,-1.0487696793659325
cD5,78,1.2283464566929134,1.5775911917089707
cD5,79,1.2440944881889764,-2.8188737509226915
cD5,80,1.2598425196850394,0.5829700811124984
cD5,81,1.2755905511811023,-0.2849780291191947
cD5,82,1.2913385826771653,1.245272593798704
cD5,83,1.3070866141732282,1.9806835092481498
cD5,84,1.3228346456692912,0.8788057622673145
cD5,85,1.3385826771653544,0.7329571001888266
cD5,86,1.3543307086614174,-1.9161205289019694
cD5,87,1.3700787401574803,-0.20257081350395767
cD5,88,1.3858267716535433,0.11024610937568453
cD5,89,1.4015748031496063,-0.17177418579991902
cD5,90,1.4173228346456692,0.5058273066000519
cD5,91,1.4330708661417322,1.0623590601924027
cD5,92,1.4488188976377954,0.6893456498493064
cD5,93,1.4645669291338583,-3.4610613320192396
cD5,94,1.4803149606299213,-3.7482793866810926
cD5,95,1.4960629921259843,4.200637332879062
cD5,96,1.5118110236220472,-2.9800615285039505
cD5,97,1.5275590551181102,-1.15554239821863
cD5,98,1.5433070866141732,0.819303489388226
cD5,99,1.5590551181102361,-1.1372805569423319
cD5,100,1.574803149606299,1.670059516453013
cD5,101,1.5905511811023623,0.564708047802976
cD5,102,1.6062992125984252,-0.22486752580852978
cD5,103,1.6220472440944882,1.368347983565388
cD5,104,1.6377952755905512,0.14332331830675296
cD5,105,1.6535433070866141,0.01739244651454339
cD5,106,1.669291338582677,-0.21065767060319196
cD5,107,1.68503937007874,-0.16664454235900836
cD5,108,1.7007874015748032,-0.9620186969232538
cD5,109,1.7165354330708662,-0.08165926121024634
cD5,110,1.7322834645669292,0.14506166810545798
cD5,111,1.7480314960629921,-0.3550599085576731
cD5,112,1.763779527559055,0.17109272722158841
cD5,113,1.779527559055118,0.25430090436857483
cD5,114,1.795275590551181,-0.07847281137011129
cD5,115,1.811023622047244,-1.2994903844973527
cD5,116,1.826771653543307,0.34458682265284324
cD5,117,1.8425196850393701,-1.0737631716773848
cD5,118,1.858267716535433,-0.25562977610116494
cD5,119,1.874015748031496,0.19771462410661875
cD5,120,1.889763779527559,0.8599769530772808
cD5,121,1.905511811023622,-0.46190279583862937
cD5,122,1.921259842519685,-0.47609254456327355
cD5,123,1.937007874015748,0.3589835833040083
cD5,124,1.952755905511811,0.19051704494869534
cD5,125,1.968503937007874,0.40711709252608014
cD5,126,1.984251968503937,0.33900953390412364
cD5,127,2.0,0.09041673387728745
cD5,128,2.015748031496063,-0.30173678416819416
cD5,129,2.031496062992126,0.35206644728145314
cD5,130,2.047244094488189,-0.061038872615782655
cD5,131,2.062992125984252,-0.5370388237746404
cD5,132,2.078740157480315,-0.31042861572845143
cD5,133,2.094488188976378,7.980311689346578
cD5,134,2.1102362204724407,9.112479004779638
cD5,135,2.1259842519685037,-30.533410326018984
cD5,136,2.1417322834645667,15.455075406411801
cD5,137,2.15748031496063,-2.671372274004565
cD5,138,2.173228346456693,3.03187696372263
cD5,139,2.188976377952756,-1.6444602070267638
cD5,140,2.204724409448819,2.074872509329416
cD5,141,2.220472440944882,-1.8757716291319417
cD5,142,2.236220472440945,1.1104330468525776
cD5,143,2.251968503937008,1.2445617028005311
cD5,144,2.267716535433071,-1.4551861802505535
cD5,145,2.283464566929134,-1.177738167752778
cD5,146,2.2992125984251968,0.4969900669175533
cD5,147,2.3149606299212597,-1.1190449101071551
cD5,148,2.3307086614173227,0.33283437145926814
cD5,149,2.3464566929133857,1.124400300575539
cD5,150,2.3622047244094486,-0.664210999271544
cD5,151,2.3779527559055116,0.11746185118567537
cD5,152,2.393700787401575,0.1318376102531138
cD5,153,2.409448818897638,0.31099206074591446
cD5,154,2.425196850393701,-0.5214587641194933
cD5,155,2.440944881889764,-5.109953403828433
cD5,156,2.456692913385827,-7.947843520031634
cD5,157,2.47244094488189,7.871592135484874
cD5,158,2.4881889763779528,-3.8031342973300775
cD5,159,2.5039370078740157,1.3127267522500046
cD5,160,2.5196850393700787,1.325584232005639
cD5,161,2.5354330708661417,-1.3233864427514654
cD5,162,2.5511811023622046,0.5036394006262368
cD5,163,2.5669291338582676,-0.005361100070315435
cD5,164,2.5826771653543306,-0.08211185964396955
cD5,165,2.5984251968503935,0.386462092409986
cD5,166,2.6141732283464565,-0.5511165980180149
cD5,167,2.6299212598425195,0.0018439130021155013
cD5,168,2.6456692913385824,-0.0461569490328541
cD5,169,2.661417322834646,-0.9054653648629838
cD5,170,2.677165354330709,-0.25728873787250117
cD5,171,2.6929133858267718,0.13284201298421688
cD5,172,2.7086614173228347,1.143244679687647
cD5,173,2.7244094488188977,-0.38620720317824403
cD5,174,2.7401574803149606,-0.24371962747043416
cD5,175,2.7559055118110236,0.010911677509362014
cD5,176,2.7716535433070866,-0.3212064699001008
cD5,177,2.7874015748031495,-0.4187235815129038
cD5,178,2.8031496062992125,-0.6731939104069156
cD5,179,2.8188976377952755,0.5993788270712882
cD5,180,2.8346456692913384,0.3535058531909428
cD5,181,2.8503937007874014,-0.2789457393878483
cD5,182,2.8661417322834644,0.5031525660308941
cD5,183,2.8818897637795273,-0.6045065308110253
cD5,184,2.8976377952755907,0.07927957366977789
cD5,185,2.9133858267716537,0.014313020262562438
cD5,186,2.9291338582677167,0.07456952466740013
cD5,187,2.9448818897637796,0.7121232021233415
cD5,188,2.9606299212598426,-0.6286802570048702
cD5,189,2.9763779527559056,0.341914907608751
cD5,190,2.9921259842519685,-0.419740499883301
cD5,191,3.0078740157480315,0.7346461192090612
cD5,192,3.0236220472440944,0.9094474976833457
cD5,193,3.0393700787401574,-23.320086540646138
cD5,194,3.0551181102362204,2.296745875920745
cD5,195,3.0708661417322833,17.837287730471424
cD5,196,3.0866141732283463,-5.371214655152837
cD5,197,3.1023622047244093,1.95192534144616
cD5,198,3.1181102362204722,0.6150506653673756
cD5,199,3.133858267716535,-1.6253093918625716
cD5,200,3.149606299212598,1.1124464091136002
cD5,201,3.1653543307086616,-0.4775910680940165
cD5,202,3.1811023622047245,2.027216824472841
cD5,203,3.1968503937007875,-1.9238843931688305
cD5,204,3.2125984251968505,1.4777626464492335
cD5,205,3.2283464566929134,0.44524610315852936
cD5,206,3.2440944881889764,0.3601431586509271
cD5,207,3.2598425196850394,-0.06637368656181461
cD5,208,3.2755905511811023,0.3892119684165804
cD5,209,3.2913385826771653,-0.2993191594171615
cD5,210,3.3070866141732282,0.06322845307860117
cD5,211,3.322834645669291,-2.445583418883763
cD5,212,3.338582677165354,-0.8629746698012201
cD5,213,3.354330708661417,-0.7151530966270452
cD5,214,3.37007874015748,1.6834673334253714
cD5,215,3.385826771653543,8.482735702089867
cD5,216,3.4015748031496065,-7.371360235962096
cD5,217,3.4173228346456694,1.1871287563347763
cD5,218,3.4330708661417324,-1.6724669553831637
cD5,219,3.4488188976377954,-0.8297089885091448
cD5,220,3.4645669291338583,0.10306634630216356
cD5,221,3.4803149606299213,-0.28371798559135974
cD5,222,3.4960629921259843,1.026551951211593
cD5,223,3.5118110236220472,-0.8780818217251632
cD5,224,3.52755905511811,0.5179296152034946
cD5,225,3.543307086614173,0.5340218307019781
cD5,226,3.559055118110236,-0.8165461539251403
cD5,227,3.574803149606299,0.19395285939055193
cD5,228,3.590551181102362,0.38708075354461524
cD5,229,3.606299212598425,-0.059543996272967116
cD5,230,3.622047244094488,0.2873302290244605
cD5,231,3.637795275590551,-0.19526046952801637
cD5,232,3.653543307086614,0.10084592163638245
cD5,233,3.6692913385826773,-0.3095326544860699
cD5,234,3.6850393700787403,-0.518825043605786
cD5,235,3.7007874015748032,1.3913183224290637
cD5,236,3.716535433070866,0.3224714609614634
cD5,237,3.732283464566929,-2.751953293414803
cD5,238,3.748031496062992,0.0723657838111008
cD5,239,3.763779527559055,-0.6625544923828317
cD5,240,3.779527559055118,-0.34055891842994224
cD5,241,3.795275590551181,0.020983097330964963
cD5,242,3.811023622047244,0.7987049876308869
cD5,243,3.826771653543307,-0.023096961347643236
cD5,244,3.84251968503937,-0.5086286385308918
cD5,245,3.858267716535433,1.3670948061329515
cD5,246,3.874015748031496,1.0284798186773831
cD5,247,3.889763779527559,0.46423878015251485
cD5,248,3.905511811023622,0.8859701345227597
cD5,249,3.921259842519685,-0.43718830316569096
cD5,250,3.937007874015748,-1.4688880345709734
cD5,251,3.952755905511811,-1.0977728910619446
cD5,252,3.968503937007874,-3.28288700695591
cD5,253,3.984251968503937,-2.0426494939414312
cD5,254,4.0,16.530412120742454
cD5,255,4.015748031496063,-24.21831406560796
cD5,256,4.031496062992126,8.971537726099251
cD5,257,4.047244094488189,-1.7775688811930224
cD5,258,4.062992125984252,2.5439893372984246
cD5,259,4.078740157480315,-1.5652730166491964
cD5,260,4.094488188976378,2.8510748906381
cD5,261,4.110236220472441,-1.6723799034592715
cD5,262,4.125984251968504,1.256935705349798
cD5,263,4.141732283464567,-1.157051310250372
cD5,264,4.15748031496063,0.7059312746490802
cD5,265,4.173228346456693,0.6442014974161999
cD5,266,4.188976377952756,-0.6145241340798269
cD5,267,4.2047244094488185,1.8737219572565167
cD5,268,4.2204724409448815,1.3285191232501052
cD5,269,4.2362204724409445,0.9719616059989766
cD5,270,4.251968503937007,-0.02844190082045253
cD5,271,4.26771653543307,-0.019763715511056074
cD5,272,4.283464566929133,-0.35240281954604274
cD5,273,4.299212598425197,0.030875780329284036
cD5,274,4.31496062992126,-0.7078542891797497
cD5,275,4.330708661417323,2.682909491853882
cD5,276,4.346456692913386,8.89090138986124
cD5,277,4.362204724409449,-3.9491292535349167
cD5,278,4.377952755905512,1.7968929375023444
cD5,279,4.393700787401575,-0.04594489651622857
cD5,280,4.409448818897638,-0.37054118503922495
cD5,281,4.425196850393701,0.3744311519770803
cD5,282,4.440944881889764,0.4080419003620466
cD5,283,4.456692913385827,0.8639815836886713
cD5,284,4.47244094488189,-0.6758684135219006
cD5,285,4.488188976377953,-0.07429402100336571
cD5,286,4.503937007874016,0.4498144881329198
cD5,287,4.519685039370079,0.3202165133934926
cD5,288,4.535433070866142,-0.056509578639664486
cD5,289,4.551181102362205,-1.0273733149728197
cD5,290,4.566929133858268,0.3646046768415349
cD5,291,4.582677165354331,-0.4530592627555671
cD5,292,4.5984251968503935,-0.1702732874259731
cD5,293,4.6141732283464565,-0.7416489521520775
cD5,294,4.6299212598425195,-0.8318040676971861
cD5,295,4.645669291338582,-0.2974110613556003
cD5,296,4.661417322834645,0.025216314884004946
cD5,297,4.677165354330708,-0.19082930802924858
cD5,298,4.692913385826771,0.02214818484689457
cD5,299,4.708661417322834,0.4630092717475488
cD5,300,4.724409448818897,0.2515312696555832
cD5,301,4.74015748031496,-1.0015968816404464
cD5,302,4.755905511811023,-0.3890997323620899
cD5,303,4.771653543307086,-0.8669045487241777
cD5,304,4.78740157480315,-0.46533788925304465
cD5,305,4.803149606299213,0.32978680226673973
cD5,306,4.818897637795276,1.053682297070718
cD5,307,4.834645669291339,0.27548566372522804
cD5,308,4.850393700787402,0.15010264812188362
cD5,309,4.866141732283465,0.03334883852994142
cD5,310,4.881889763779528,-0.22894545421987852
cD5,311,4.897637795275591,-0.17139939665530873
cD5,312,4.913385826771654,-0.12922111484834717
cD5,313,4.929133858267717,0.05208358372821509
cD5,314,4.94488188976378,-0.6823179979891796
cD5,315,4.960629921259843,0.14233458900442586
cD5,316,4.9763779527559056,-0.4094860060535602
cD5,317,4.9921259842519685,0.21466405903173738
cD5,318,5.0078740157480315,-0.181914694291247
cD5,319,5.0236220472440944,-0.7541930951245931
cD5,320,5.039370078740157,0.29405014768371013
cD5,321,5.05511811023622,-0.4228982343729662
cD5,322,5.070866141732283,6.6318195336338785
cD5,323,5.086614173228346,-12.47319632690335
cD5,324,5.102362204724409,-4.297007223846727
cD5,325,5.118110236220472,15.888228240598941
cD5,326,5.133858267716535,-5.609808152618718
cD5,327,5.149606299212598,1.6779090202074969
cD5,328,5.165354330708661,-0.8096776930556615
cD5,329,5.181102362204724,1.5152864824358705
cD5,330,5.196850393700787,-0.9515856129734158
cD5,331,5.21259842519685,0.30430985781155667
cD5,332,5.228346456692913,0.2037706791570162
cD5,333,5.244094488188976,0.9977688943064262
cD5,334,5.259842519685039,0.9455867364498654
cD5,335,5.275590551181102,-1.371750407999342
cD5,336,5.291338582677165,0.5319185768048007
cD5,337,5.307086614173229,0.1877964321576754
cD5,338,5.322834645669292,0.019295530862997266
cD5,339,5.338582677165355,-0.19584998547903426
cD5,340,5.354330708661418,-0.3196588767627476
cD5,341,5.3700787401574805,0.037251055869682116
cD5,342,5.3858267716535435,0.39580947884763956
cD5,343,5.4015748031496065,0.09493017022300573
cD5,344,5.417322834645669,0.14017116337895977
cD5,345,5.433070866141732,-2.862525848113266
cD5,346,5.448818897637795,-8.383555872445731
cD5,347,5.464566929133858,4.620708526148843
cD5,348,5.480314960629921,-2.863943408235836
cD5,349,5.496062992125984,0.5106784617479435
cD5,350,5.511811023622047,0.12369097327569042
cD5,351,5.52755905511811,-1.257141889877469
cD5,352,5.543307086614173,0.8082898726917652
cD5,353,5.559055118110236,-0.4084059930958423
cD5,354,5.574803149606299,-0.2645731623985052
cD5,355,5.590551181102362,-0.20962507567589192
cD5,356,5.606299212598425,-0.26137226879775177
cD5,357,5.622047244094488,0.26101052027143323
cD5,358,5.637795275590551,0.07048662312898933
cD5,359,5.653543307086614,0.6454202013251661
cD5,360,5.669291338582677,0.0003835751481883025
cD5,361,5.68503937007874,0.5818592347092607
cD5,362,5.700787401574803,-0.25393468294145666
cD5,363,5.716535433070866,0.30599781533051257
cD5,364,5.732283464566929,-0.5106211706808015
cD5,365,5.748031496062992,0.4122303376984462
cD5,366,5.763779527559055,-0.0200947977292397
cD5,367,5.779527559055118,0.13714379746183095
cD5,368,5.7952755905511815,-0.3806560114294086
cD5,369,5.811023622047244,0.5636497020443069
cD5,370,5.826771653543307,0.07184099311628074
cD5,371,5.84251968503937,-0.12529924213191984
cD5,372,5.858267716535433,0.522469656211909
cD5,373,5.874015748031496,-0.12187479626909725
cD5,374,5.889763779527559,0.26482029067617396
cD5,375,5.905511811023622,0.13905711901229656
cD5,376,5.921259842519685,-0.0691944918481098
cD5,377,5.937007874015748,0.3605714125451456
cD5,378,5.952755905511811,-0.10306541276607986
cD5,379,5.968503937007874,-0.3072851740545554
cD5,380,5.984251968503937,0.11943066660591611
cD4,0,0.0,-0.0008038356781910703
cD4,1,0.007936507936507936,0.001016745133430386
cD4,2,0.015873015873015872,0.064268865222812
cD4,3,0.023809523809523808,-0.19074127794585188
cD4,4,0.031746031746031744,0.3881772212912064
cD4,5,0.03968253968253968,-0.9331400705258378
cD4,6,0.047619047619047616,1.2737818379335548
cD4,7,0.05555555555555555,-3.231709945833853
cD4,8,0.06349206349206349,4.156019058589318
cD4,9,0.07142857142857142,2.18438365004153
cD4,10,0.07936507936507936,-5.292713118970479
cD4,11,0.0873015873015873,0.7919235109353226
cD4,12,0.09523809523809523,3.981076248379366
cD4,13,0.10317460317460317,-5.257919738559735
cD4,14,0.1111111111111111,3.385728908715322
cD4,15,0.11904761904761904,-1.7201823573017359
cD4,16,0.12698412698412698,1.4944358453294753
cD4,17,0.1349206349206349,-0.7745744684278338
cD4,18,0.14285714285714285,0.46998727719133837
cD4,19,0.15079365079365079,-0.48481858549042045
cD4,20,0.15873015873015872,0.9547373744638755
cD4,21,0.16666666666666666,0.605231266908671
cD4,22,0.1746031746031746,0.4410656114988992
cD4,23,0.18253968253968253,-0.43970792199276854
cD4,24,0.19047619047619047,-1.2442972375943775
cD4,25,0.1984126984126984,0.3165327954847707
cD4,26,0.20634920634920634,-0.3302582833849928
cD4,27,0.21428571428571427,0.26238671507222183
cD4,28,0.2222222222222222,-0.09955533237911816
cD4,29,0.23015873015873015,-0.13981208710045012
cD4,30,0.23809523809523808,0.7986861138990422
cD4,31,0.24603174603174602,-1.6328425995257887
cD4,32,0.25396825396825395,0.8135634187785783
cD4,33,0.26190476190476186,-0.6574354325138083
cD4,34,0.2698412698412698,0.6153401947610904
cD4,35,0.2777777777777778,-0.9856638648283567
cD4,36,0.2857142857142857,0.8144216995591183
cD4,37,0.2936507936507936,-0.37234053974642084
cD4,38,0.30158730158730157,-0.5041762523281849
cD4,39,0.30952380952380953,0.5492747213515718
cD4,40,0.31746031746031744,-1.092447095831642
cD4,41,0.32539682539682535,0.3663344895585812
cD4,42,0.3333333333333333,-0.43463061242690715
cD4,43,0.3412698412698413,0.2970348270960896
cD4,44,0.3492063492063492,0.028348471131438274
cD4,45,0.3571428571428571,0.11892081998351003
cD4,46,0.36507936507936506,0.21678376276252853
cD4,47,0.373015873015873,0.021015362025022598
cD4,48,0.38095238095238093,-0.2669194248078926
cD4,49,0.38888888888888884,-0.1738877253891892
cD4,50,0.3968253968253968,-0.8923610920608673
cD4,51,0.40476190476190477,-4.062402224574612
cD4,52,0.4126984126984127,4.657562640321666
cD4,53,0.4206349206349206,-3.4740745319360626
cD4,54,0.42857142857142855,-0.5516095721403794
cD4,55,0.4365079365079365,1.5595643673508162
cD4,56,0.4444444444444444,0.02211235836560539
cD4,57,0.45238095238095233,-0.11722159558476047
cD4,58,0.4603174603174603,-0.06898610988906474
cD4,59,0.46825396825396826,0.20442768281725412
cD4,60,0.47619047619047616,-0.004663780211715871
cD4,61,0.4841269841269841,-0.1538072222752136
cD4,62,0.49206349206349204,0.4364727669910744
cD4,63,0.5,-0.14779003771303253
cD4,64,0.5079365079365079,0.12987965718625544
cD4,65,0.5158730158730158,-0.18627995693451307
cD4,66,0.5238095238095237,-0.053118180730108336
cD4,67,0.5317460317460317,-0.20333679943985922
cD4,68,0.5396825396825397,-0.006035705939184157
cD4,69,0.5476190476190476,0.026921572664133663
cD4,70,0.5555555555555556,-0.11692359598148666
cD4,71,0.5634920634920635,0.0358482551382792
cD4,72,0.5714285714285714,-0.15424207936112602
cD4,73,0.5793650793650793,0.01771514289081639
cD4,74,0.5873015873015872,0.08746717526514941
cD4,75,0.5952380952380952,0.22268806219112916
cD4,76,0.6031746031746031,0.19948290010104305
cD4,77,0.611111111111111,-0.06908916092213903
cD4,78,0.6190476190476191,-0.04718738878278286
cD4,79,0.626984126984127,-0.016772254350200688
cD4,80,0.6349206349206349,0.16213732276596987
cD4,81,0.6428571428571428,-0.17697217501938647
cD4,82,0.6507936507936507,0.27595287412977393
cD4,83,0.6587301587301587,-0.14265877108147038
cD4,84,0.6666666666666666,-0.144387224127785
cD4,85,0.6746031746031745,-0.3009623266586176
cD4,86,0.6825396825396826,-0.3302512902966607
cD4,87,0.6904761904761905,0.36726971050221147
cD4,88,0.6984126984126984,-0.4492735889285753
cD4,89,0.7063492063492063,-0.03575844410488726
cD4,90,0.7142857142857142,0.38704686556997814
cD4,91,0.7222222222222222,-0.40930947966773307
cD4,92,0.7301587301587301,0.5126623278385852
cD4,93,0.738095238095238,0.12280263577245784
cD4,94,0.746031746031746,0.13193013971755918
cD4,95,0.753968253968254,-0.09164330392805313
cD4,96,0.7619047619047619,-0.4264322225840662
cD4,97,0.7698412698412698,0.013198119172274748
cD4,98,0.7777777777777777,-0.17161116905753493
cD4,99,0.7857142857142857,0.2250620199073332
cD4,100,0.7936507936507936,-0.09338098873992495
cD4,101,0.8015873015873015,0.18939594506665025
cD4,102,0.8095238095238095,-0.29497823826857467
cD4,103,0.8174603174603174,0.30354833092111244
cD4,104,0.8253968253968254,-0.04192363186168114
cD4,105,0.8333333333333333,-0.05584135403953674
cD4,106,0.8412698412698412,0.20292930323387934
cD4,107,0.8492063492063492,0.15963381294739828
cD4,108,0.8571428571428571,-0.16595617214429775
cD4,109,0.865079365079365,-0.06418563173783802
cD4,110,0.873015873015873,0.20509849867274935
cD4,111,0.8809523809523809,-0.1700826427478107
cD4,112,0.8888888888888888,0.05640088085409604
cD4,113,0.8968253968253967,-0.1117796517005039
cD4,114,0.9047619047619047,0.5143396297291805
cD4,115,0.9126984126984127,-0.7538617483663397
cD4,116,0.9206349206349206,0.35411420959623474
cD4,117,0.9285714285714285,-0.47146437752615855
cD4,118,0.9365079365079365,0.013956575300505925
cD4,119,0.9444444444444444,-0.042724829888968544
cD4,120,0.9523809523809523,0.1415265685990294
cD4,121,0.9603174603174602,-0.125716951298235
cD4,122,0.9682539682539681,0.15496684430669297
cD4,123,0.9761904761904762,0.22768574821965412
cD4,124,0.9841269841269841,0.18578287116063524
cD4,125,0.992063492063492,-0.036843979676904455
cD4,126,1.0,-0.27018469583369403
cD4,127,1.007936507936508,-0.13710034375249572
cD4,128,1.0158730158730158,0.19439564745830004
cD4,129,1.0238095238095237,0.17516845868146924
cD4,130,1.0317460317460316,-0.0694634954182379
cD4,131,1.0396825396825395,-0.08636773216433268
cD4,132,1.0476190476190474,-0.04460369923333481
cD4,133,1.0555555555555556,0.07025511988458123
cD4,134,1.0634920634920635,0.049605884416215634
cD4,135,1.0714285714285714,0.021425107955517553
cD4,136,1.0793650793650793,0.11671420622778429
cD4,137,1.0873015873015872,-0.3783889903204241
cD4,138,1.0952380952380951,0.14018085058599766
cD4,139,1.103174603174603,0.5408910945552453
cD4,140,1.1111111111111112,-4.07280227507049
cD4,141,1.119047619047619,5.149813936594226
cD4,142,1.126984126984127,1.6317954202836864
cD4,143,1.1349206349206349,-4.122513292078442
cD4,144,1.1428571428571428,2.515917468703179
cD4,145,1.1507936507936507,2.000405278550565
cD4,146,1.1587301587301586,-3.1730313428984327
cD4,147,1.1666666666666665,1.5772223283354645
cD4,148,1.1746031746031744,-0.251851470005736
cD4,149,1.1825396825396826,0.6292876312068716
cD4,150,1.1904761904761905,-0.2291147835422457
cD4,151,1.1984126984126984,-0.09966028999690504
cD4,152,1.2063492063492063,0.25341561470334634
cD4,153,1.2142857142857142,0.032198736449837694
cD4,154,1.222222222222222,-0.014619039051816425
cD4,155,1.23015873015873,0.03490545023844499
cD4,156,1.2380952380952381,-0.43807572260884703
cD4,157,1.246031746031746,1.1960470077038101
cD4,158,1.253968253968254,0.011812080496223586
cD4,159,1.2619047619047619,0.037430701357732826
cD4,160,1.2698412698412698,-0.4345333123028385
cD4,161,1.2777777777777777,-0.15964717771756837
cD4,162,1.2857142857142856,1.0268920189645627
cD4,163,1.2936507936507935,-0.9994299759825518
cD4,164,1.3015873015873014,2.1014199829887166
cD4,165,1.3095238095238095,-1.0965805350859357
cD4,166,1.3174603174603174,1.1622312951203126
cD4,167,1.3253968253968254,-0.4174258065948665
cD4,168,1.3333333333333333,1.2512971250708256
cD4,169,1.3412698412698412,-0.7823268811009967
cD4,170,1.349206349206349,0.10937838607143352
cD4,171,1.357142857142857,0.1554111336589496
cD4,172,1.3650793650793651,-0.49616844279692424
cD4,173,1.373015873015873,0.4360262557410547
cD4,174,1.380952380952381,-0.014990471052489816
cD4,175,1.3888888888888888,-0.4793292850750926
cD4,176,1.3968253968253967,-0.030588024294329552
cD4,177,1.4047619047619047,-0.5157687414411581
cD4,178,1.4126984126984126,0.19708445080722642
cD4,179,1.4206349206349205,0.45198316010972933
cD4,180,1.4285714285714284,-0.010583892731499733
cD4,181,1.4365079365079365,0.19735228052380538
cD4,182,1.4444444444444444,-0.6049058553847431
cD4,183,1.4523809523809523,0.29947757647390266
cD4,184,1.4603174603174602,0.3133313625507687
cD4,185,1.4682539682539681,0.33239879453947935
cD4,186,1.476190476190476,-2.9596888859154107
cD4,187,1.484126984126984,3.172812494051402
cD4,188,1.492063492063492,-2.2205591387508314
cD4,189,1.5,0.2723878321446272
cD4,190,1.507936507936508,0.6750148207289269
cD4,191,1.5158730158730158,-0.4167293561444352
cD4,192,1.5238095238095237,0.05169046699564175
cD4,193,1.5317460317460316,0.3168555242848756
cD4,194,1.5396825396825395,-0.36426386972021574
cD4,195,1.5476190476190474,-0.3287292627293262
cD4,196,1.5555555555555554,0.014057317526453549
cD4,197,1.5634920634920635,0.010125995010195935
cD4,198,1.5714285714285714,0.13869098199536323
cD4,199,1.5793650793650793,-0.009922022734572458
cD4,200,1.5873015873015872,0.3993929586003202
cD4,201,1.5952380952380951,-0.44993670656260504
cD4,202,1.603174603174603,-0.09039690369646189
cD4,203,1.611111111111111,-0.43881057110599575
cD4,204,1.619047619047619,0.09871035233339398
cD4,205,1.626984126984127,-0.08841086793567303
cD4,206,1.6349206349206349,-0.20209329540415558
cD4,207,1.6428571428571428,-0.17101957079772373
cD4,208,1.6507936507936507,0.520889829033742
cD4,209,1.6587301587301586,0.1102395358061602
cD4,210,1.6666666666666665,0.025898604363886565
cD4,211,1.6746031746031744,-0.2718848797159585
cD4,212,1.6825396825396823,0.3432667910040091
cD4,213,1.6904761904761905,0.14858304459194308
cD4,214,1.6984126984126984,0.1049324838867485
cD4,215,1.7063492063492063,0.07658540640160363
cD4,216,1.7142857142857142,0.1048470597868216
cD4,217,1.722222222222222,0.06241134838394943
cD4,218,1.73015873015873,0.204026493665672
cD4,219,1.738095238095238,0.09750576412400758
cD4,220,1.746031746031746,-0.3688155781901984
cD4,221,1.753968253968254,-0.0997189185902228
cD4,222,1.7619047619047619,0.10040087946922242
cD4,223,1.7698412698412698,-0.07593935507780283
cD4,224,1.7777777777777777,-0.1264097166102209
cD4,225,1.7857142857142856,0.2847794840913423
cD4,226,1.7936507936507935,0.037159485345130486
cD4,227,1.8015873015873014,-0.024000271497142706
cD4,228,1.8095238095238093,0.4043667406288471
cD4,229,1.8174603174603174,-0.13438545742186733
cD4,230,1.8253968253968254,-0.1850938923186099
cD4,231,1.8333333333333333,0.16981187786142596
cD4,232,1.8412698412698412,0.037737462349181704
cD4,233,1.849206349206349,0.00967390982012688
cD4,234,1.857142857142857,-0.20489045735285136
cD4,235,1.865079365079365,0.02940545140607047
cD4,236,1.873015873015873,-0.12653848320665664
cD4,237,1.880952380952381,0.27301419451244263
cD4,238,1.8888888888888888,-0.03753694052969014
cD4,239,1.8968253968253967,-0.08884381668464018
cD4,240,1.9047619047619047,0.3706865190609368
cD4,241,1.9126984126984126,-0.2790006099732872
cD4,242,1.9206349206349205,0.23855714551176685
cD4,243,1.9285714285714284,-0.30917372480678135
cD4,244,1.9365079365079363,0.412170479747827
cD4,245,1.9444444444444444,-0.8154081416209618
cD4,246,1.9523809523809523,0.7061439656050534
cD4,247,1.9603174603174602,-0.5102342782260636
cD4,248,1.9682539682539681,0.2094546987773306
cD4,249,1.976190476190476,0.2119081590515855
cD4,250,1.984126984126984,-0.018515476933348096
cD4,251,1.9920634920634919,0.3987323510141428
cD4,252,2.0,-0.27714915208014596
cD4,253,2.007936507936508,-0.4262242084193314
cD4,254,2.015873015873016,-0.1592159104472783
cD4,255,2.0238095238095237,0.2847340996141993
cD4,256,2.0317460317460316,-0.1904271669109484
cD4,257,2.0396825396825395,0.2753110192030444
cD4,258,2.0476190476190474,-0.02898702085457776
cD4,259,2.0555555555555554,0.01857111177946425
cD4,260,2.0634920634920633,0.09743290427733103
cD4,261,2.071428571428571,0.011908336012651892
cD4,262,2.079365079365079,-0.23690124441931787
cD4,263,2.087301587301587,0.20183446697717938
cD4,264,2.095238095238095,1.574684697951343
cD4,265,2.1031746031746033,-4.696590660758069
cD4,266,2.111111111111111,7.424206548955779
cD4,267,2.119047619047619,-10.703795430115145
cD4,268,2.126984126984127,5.575038565486721
cD4,269,2.134920634920635,3.1227852227408026
cD4,270,2.142857142857143,-4.9644469773336075
cD4,271,2.1507936507936507,3.6449817852100925
cD4,272,2.1587301587301586,-1.8182047095476628
cD4,273,2.1666666666666665,0.8172830286141108
cD4,274,2.1746031746031744,-0.3419679240898757
cD4,275,2.1825396825396823,0.19719162358366185
cD4,276,2.1904761904761902,-0.7863817030046265
cD4,277,2.198412698412698,0.9163441356999316
cD4,278,2.206349206349206,-0.06646819322333175
cD4,279,2.214285714285714,-0.4486916899375463
cD4,280,2.2222222222222223,-0.16069167569923737
cD4,281,2.2301587301587302,0.5508243115487997
cD4,282,2.238095238095238,-0.4180590053960232
cD4,283,2.246031746031746,-0.2808715980738044
cD4,284,2.253968253968254,-0.016866977841676158
cD4,285,2.261904761904762,-0.5252812644459997
cD4,286,2.2698412698412698,1.101019573093266
cD4,287,2.2777777777777777,-0.9688786564301193
cD4,288,2.2857142857142856,0.41241675567966724
cD4,289,2.2936507936507935,-0.46080710703583516
cD4,290,2.3015873015873014,1.120446768730446
cD4,291,2.3095238095238093,-1.1889746156400793
cD4,292,2.317460317460317,0.5245592952517123
cD4,293,2.325396825396825,0.1333131567781343
cD4,294,2.333333333333333,-0.9191292785063003
cD4,295,2.341269841269841,0.5088646900576606
cD4,296,2.349206349206349,-0.5504581665183106
cD4,297,2.357142857142857,0.2853846305973301
cD4,298,2.365079365079365,-0.45394169024468667
cD4,299,2.373015873015873,0.5564072560579874
cD4,300,2.380952380952381,-0.10127872625747486
cD4,301,2.388888888888889,-0.042065368671003134
cD4,302,2.3968253968253967,0.4049679074966261
cD4,303,2.4047619047619047,-0.020228263585478988
cD4,304,2.4126984126984126,0.4367236254661943
cD4,305,2.4206349206349205,0.09268477050250287
cD4,306,2.4285714285714284,0.11106533614818191
cD4,307,2.4365079365079363,0.027105023037894915
cD4,308,2.444444444444444,2.054958986912026
cD4,309,2.452380952380952,-0.9494270937452177
cD4,310,2.46031746031746,-2.2999823196903297
cD4,311,2.468253968253968,2.4029009203134994
cD4,312,2.4761904761904763,-0.8502213836974872
cD4,313,2.484126984126984,-0.759774115073632
cD4,314,2.492063492063492,0.16739313221913857
cD4,315,2.5,-0.5207653311522884
cD4,316,2.507936507936508,0.0681548282848547
cD4,317,2.515873015873016,0.30497789798390357
cD4,318,2.5238095238095237,0.09233083012337497
cD4,319,2.5317460317460316,-0.13291483895257977
cD4,320,2.5396825396825395,-0.035310191035484384
cD4,321,2.5476190476190474,-0.10588002701914229
cD4,322,2.5555555555555554,0.12090217013826288
cD4,323,2.5634920634920633,0.04670903061194764
cD4,324,2.571428571428571,-0.20340385922254509
cD4,325,2.579365079365079,-0.28340513164941983
cD4,326,2.587301587301587,0.12943356275654205
cD4,327,2.595238095238095,-0.26127263545575236
cD4,328,2.603174603174603,0.12905823449701287
cD4,329,2.611111111111111,-0.29028635241854184
cD4,330,2.619047619047619,0.0880290850636536
cD4,331,2.626984126984127,-0.46460212150033764
cD4,332,2.634920634920635,0.3618549238691192
cD4,333,2.642857142857143,-0.12521368086065862
cD4,334,2.6507936507936507,0.35735922673273246
cD4,335,2.6587301587301586,-0.3003096601652091
cD4,336,2.6666666666666665,0.19138845419719422
cD4,337,2.6746031746031744,0.01845485084317798
cD4,338,2.6825396825396823,0.15968420963522337
cD4,339,2.6904761904761902,-0.05163580924495275
cD4,340,2.698412698412698,0.1000572652389116
cD4,341,2.706349206349206,-0.17412604631855302
cD4,342,2.714285714285714,0.5411947319750157
cD4,343,2.722222222222222,-0.5969558215705517
cD4,344,2.7301587301587302,0.31230246534695866
cD4,345,2.738095238095238,-0.5276439785483988
cD4,346,2.746031746031746,0.31309089955368735
cD4,347,2.753968253968254,-0.2614756616807381
cD4,348,2.761904761904762,0.23328686489987419
cD4,349,2.7698412698412698,0.10496412734577808
cD4,350,2.7777777777777777,0.10381169712623459
cD4,351,2.7857142857142856,-0.24750454009876635
cD4,352,2.7936507936507935,-0.007773028438820499
cD4,353,2.8015873015873014,-0.20247746558394283
cD4,354,2.8095238095238093,0.02089953549127423
cD4,355,2.817460317460317,-0.14594518510434584
cD4,356,2.825396825396825,-0.32486835089204863
cD4,357,2.833333333333333,0.28522917441614654
cD4,358,2.841269841269841,-0.40524219150060387
cD4,359,2.849206349206349,0.4514225058827123
cD4,360,2.8571428571428568,-0.4303277922745726
cD4,361,2.865079365079365,-0.12371300588583965
cD4,362,2.873015873015873,-0.23664278692895635
cD4,363,2.880952380952381,0.16781302592420158
cD4,364,2.888888888888889,0.2404369859900653
cD4,365,2.8968253968253967,-0.3892635084740124
cD4,366,2.9047619047619047,-0.15221688789561935
cD4,367,2.9126984126984126,-0.26352708641381023
cD4,368,2.9206349206349205,0.15055578231133548
cD4,369,2.9285714285714284,-0.07228825716504854
cD4,370,2.9365079365079363,0.15112045748429437
cD4,371,2.944444444444444,0.5870796775924079
cD4,372,2.952380952380952,-0.1901361055699995
cD4,373,2.96031746031746,0.016075426222603856
cD4,374,2.968253968253968,0.11471581432488562
cD4,375,2.976190476190476,-0.08400773881481453
cD4,376,2.984126984126984,-0.08440285485720883
cD4,377,2.992063492063492,0.14170829928169765
cD4,378,3.0,-0.549392491584213
cD4,379,3.007936507936508,0.41260162801590233
cD4,380,3.015873015873016,-0.31825944561003733
cD4,381,3.0238095238095237,0.36776938622447397
cD4,382,3.0317460317460316,0.08136307578101815
cD4,383,3.0396825396825395,-0.5651096893224379
cD4,384,3.0476190476190474,0.6444725309300104
cD4,385,3.0555555555555554,4.49843130368608
cD4,386,3.0634920634920633,-11.2493228261643
cD4,387,3.071428571428571,5.947572678247532
cD4,388,3.079365079365079,-0.17565227211798695
cD4,389,3.087301587301587,-3.2657109688254824
cD4,390,3.095238095238095,2.345706216192685
cD4,391,3.103174603174603,-1.0830523584505705
cD4,392,3.1111111111111107,0.8378130943824383
cD4,393,3.119047619047619,-0.15764840846079414
cD4,394,3.126984126984127,-0.6274577072945743
cD4,395,3.134920634920635,0.1536763638048714
cD4,396,3.142857142857143,-0.001007350537754595
cD4,397,3.1507936507936507,0.20323712864005514
cD4,398,3.1587301587301586,0.18417116092095098
cD4,399,3.1666666666666665,0.46946789982182985
cD4,400,3.1746031746031744,0.5599154288144168
cD4,401,3.1825396825396823,0.012978444680636952
cD4,402,3.1904761904761902,-0.14173317716324524
cD4,403,3.198412698412698,0.27085510575644134
cD4,404,3.206349206349206,-0.6078172276713616
cD4,405,3.214285714285714,0.9318601741378627
cD4,406,3.222222222222222,-0.30544716337659444
cD4,407,3.23015873015873,0.4307398801273488
cD4,408,3.238095238095238,-0.08789174813875227
cD4,409,3.246031746031746,0.5188565337470423
cD4,410,3.253968253968254,-0.4575241765504738
cD4,411,3.261904761904762,-0.11276247025364185
cD4,412,3.2698412698412698,0.4082043172358424
cD4,413,3.2777777777777777,-0.3370228525250428
cD4,414,3.2857142857142856,-0.2683586561488714
cD4,415,3.2936507936507935,0.6678719582137811
cD4,416,3.3015873015873014,-0.5112561416377138
cD4,417,3.3095238095238093,0.0026420029286537534
cD4,418,3.317460317460317,1.0641850435340743
cD4,419,3.325396825396825,-0.6306710869727742
cD4,420,3.333333333333333,0.4421839478343794
cD4,421,3.341269841269841,0.036267205247729604
cD4,422,3.349206349206349,0.16110094002042266
cD4,423,3.3571428571428568,0.39624865858413183
cD4,424,3.3650793650793647,-0.5752551443198171
cD4,425,3.373015873015873,0.23173027385340733
cD4,426,3.380952380952381,1.061016131033834
cD4,427,3.388888888888889,0.19918200558714533
cD4,428,3.3968253968253967,-0.5440305398830391
cD4,429,3.4047619047619047,-2.414836441618975
cD4,430,3.4126984126984126,3.505616254047139
cD4,431,3.4206349206349205,-2.6649214984980896
cD4,432,3.4285714285714284,1.1105937495152642
cD4,433,3.4365079365079363,0.6532596212763178
cD4,434,3.444444444444444,-0.22494868557423572
cD4,435,3.452380952380952,0.136497305577882
cD4,436,3.46031746031746,0.05571482852607482
cD4,437,3.468253968253968,0.3610609846643357
cD4,438,3.476190476190476,-0.7121121201214187
cD4,439,3.4841269841269837,0.6867720956362732
cD4,440,3.492063492063492,-0.1976341286494978
cD4,441,3.5,-0.3788661594119405
cD4,442,3.507936507936508,0.18042525941369938
cD4,443,3.515873015873016,0.06926442613213679
cD4,444,3.5238095238095237,-0.22525299729378517
cD4,445,3.5317460317460316,0.12173445645533922
cD4,446,3.5396825396825395,-0.4127570502766816
cD4,447,3.5476190476190474,-0.014252434855926196
cD4,448,3.5555555555555554,0.10976530748496507
cD4,449,3.5634920634920633,-0.6295581041742806
cD4,450,3.571428571428571,0.7691503755753155
cD4,451,3.579365079365079,-0.7950817158115574
cD4,452,3.587301587301587,0.7510728350334177
cD4,453,3.595238095238095,-0.44427300225862154
cD4,454,3.603174603174603,0.3901517332380429
cD4,455,3.6111111111111107,-0.20960505384345227
cD4,456,3.6190476190476186,0.2913236580877591
cD4,457,3.626984126984127,-0.22155088232737824
cD4,458,3.634920634920635,0.054133407890730956
cD4,459,3.642857142857143,-0.5361582890726967
cD4,460,3.6507936507936507,0.106340974165875
cD4,461,3.6587301587301586,0.1664358130123291
cD4,462,3.6666666666666665,-0.2450879665175132
cD4,463,3.6746031746031744,0.08698350616630818
cD4,464,3.6825396825396823,0.21440813365548766
cD4,465,3.6904761904761902,-0.42769634112851473
cD4,466,3.698412698412698,0.23384686359272638
cD4,467,3.706349206349206,0.08400684523734339
cD4,468,3.714285714285714,0.6670533476082575
cD4,469,3.722222222222222,-1.678517896818626
cD4,470,3.73015873015873,2.6887095342006417
cD4,471,3.7380952380952377,-2.4234388279188157
cD4,472,3.746031746031746,1.3943496192941127
cD4,473,3.753968253968254,-0.5281772046631615
cD4,474,3.761904761904762,0.3111958502990484
cD4,475,3.7698412698412698,-0.07416652167964496
cD4,476,3.7777777777777777,0.07193383516921378
cD4,477,3.7857142857142856,-0.4029066275522496
cD4,478,3.7936507936507935,1.099078530508174
cD4,479,3.8015873015873014,-0.36883593982580587
cD4,480,3.8095238095238093,-0.28878987521394067
cD4,481,3.817460317460317,0.29855536930573
cD4,482,3.825396825396825,-0.033272511970468426
cD4,483,3.833333333333333,-0.3687607243462399
cD4,484,3.841269841269841,0.6079013492446601
cD4,485,3.849206349206349,-0.29549341527662387
cD4,486,3.8571428571428568,-0.30746003605714595
cD4,487,3.8650793650793647,0.3052953452639274
cD4,488,3.8730158730158726,-0.4287406211240616
cD4,489,3.880952380952381,0.209048258339517
cD4,490,3.888888888888889,-0.5229477404931081
cD4,491,3.8968253968253967,0.24033549869169035
cD4,492,3.9047619047619047,-0.04246373566412087
cD4,493,3.9126984126984126,0.22489196983245835
cD4,494,3.9206349206349205,-0.6471596793072115
cD4,495,3.9285714285714284,0.6875684071178559
cD4,496,3.9365079365079363,-0.6586306772379175
cD4,497,3.944444444444444,0.6289432389282211
cD4,498,3.952380952380952,-0.1318392571401973
cD4,499,3.96031746031746,0.7409954957108
cD4,500,3.968253968253968,-0.49032197524388094
cD4,501,3.976190476190476,0.16283401934323197
cD4,502,3.9841269841269837,-0.5007442966959588
cD4,503,3.9920634920634916,1.8065570396648596
cD4,504,4.0,-3.630029098563795
cD4,505,4.007936507936508,4.585916523247761
cD4,506,4.015873015873016,3.1195613156176134
cD4,507,4.023809523809524,-6.500585439733185
cD4,508,4.031746031746032,1.2154367007491553
cD4,509,4.0396825396825395,5.071741141993071
cD4,510,4.0476190476190474,-5.989783121225737
cD4,511,4.055555555555555,3.4075814108129725
cD4,512,4.063492063492063,-1.5501527352711229
cD4,513,4.071428571428571,1.1514872218855228
cD4,514,4.079365079365079,-0.15461402512539002
cD4,515,4.087301587301587,0.008792385796003412
cD4,516,4.095238095238095,-0.24045747006100215
cD4,517,4.103174603174603,0.8127768098109801
cD4,518,4.111111111111111,-0.3515618471799944
cD4,519,4.119047619047619,-0.7056440128589768
cD4,520,4.1269841269841265,1.254571161152788
cD4,521,4.134920634920634,-1.5966884886459818
cD4,522,4.142857142857142,0.9796265522984496
cD4,523,4.15079365079365,-0.18775277646495436
cD4,524,4.158730158730158,-0.10622256324973371
cD4,525,4.166666666666666,-0.5355432203407592
cD4,526,4.174603174603174,-0.07315478828989994
cD4,527,4.182539682539682,-0.5191116295248793
cD4,528,4.19047619047619,-0.21985071989063568
cD4,529,4.198412698412699,0.08267540383409577
cD4,530,4.2063492063492065,-0.694556749801702
cD4,531,4.214285714285714,0.9024681559317895
cD4,532,4.222222222222222,-0.8832762903804859
cD4,533,4.23015873015873,1.056660141526353
cD4,534,4.238095238095238,-1.3187842332150133
cD4,535,4.246031746031746,0.693529909285875
cD4,536,4.253968253968254,-0.7347307971199404
cD4,537,4.261904761904762,0.5620580078385353
cD4,538,4.26984126984127,-0.3329571498869231
cD4,539,4.277777777777778,0.1669558228455592
cD4,540,4.285714285714286,0.03785045946561558
cD4,541,4.2936507936507935,-0.3614909756755869
cD4,542,4.301587301587301,0.09854790425344084
cD4,543,4.309523809523809,-0.14116245335890806
cD4,544,4.317460317460317,0.01905759377172297
cD4,545,4.325396825396825,0.11781666586096984
cD4,546,4.333333333333333,-0.23187438230166202
cD4,547,4.341269841269841,0.179061884637602
cD4,548,4.349206349206349,1.6057300084879043
cD4,549,4.357142857142857,0.9603459664449415
cD4,550,4.365079365079365,-1.552310017588496
cD4,551,4.373015873015873,-1.5594812602062
cD4,552,4.3809523809523805,2.9279324421272346
cD4,553,4.388888888888888,-2.0413701356353235
cD4,554,4.396825396825396,-0.056706658454343
cD4,555,4.404761904761904,0.1498044047968211
cD4,556,4.412698412698412,-0.1681319306580749
cD4,557,4.42063492063492,-0.23395887636515658
cD4,558,4.428571428571428,0.3514191439173158
cD4,559,4.436507936507936,-0.3177391745905289
cD4,560,4.444444444444445,-0.24984809519528037
cD4,561,4.4523809523809526,0.036164213706778796
cD4,562,4.4603174603174605,-0.1503412364710218
cD4,563,4.468253968253968,0.41744932317570094
cD4,564,4.476190476190476,-0.1841460560699079
cD4,565,4.484126984126984,-0.15572735399315704
cD4,566,4.492063492063492,-0.05288481204108494
cD4,567,4.5,0.14178067811093195
cD4,568,4.507936507936508,-0.275022718188546
cD4,569,4.515873015873016,0.01802035533058634
cD4,570,4.523809523809524,0.27657119532849694
cD4,571,4.531746031746032,-0.11927371320219284
cD4,572,4.5396825396825395,0.12026376313054654
cD4,573,4.5476190476190474,-0.24721659137008017
cD4,574,4.555555555555555,0.24346701275928032
cD4,575,4.563492063492063,-0.2012772245872446
cD4,576,4.571428571428571,-0.4846044228653367
cD4,577,4.579365079365079,0.20098721120763546
cD4,578,4.587301587301587,-0.01609737457859246
cD4,579,4.595238095238095,-0.09186058092684055
cD4,580,4.603174603174603,0.05135814087233942
cD4,581,4.611111111111111,-0.2595795995610899
cD4,582,4.619047619047619,0.20966011600011844
cD4,583,4.6269841269841265,-0.03109285767780326
cD4,584,4.634920634920634,-0.18400396135501645
cD4,585,4.642857142857142,-0.01376302592149968
cD4,586,4.65079365079365,0.05332805198013689
cD4,587,4.658730158730158,0.21985531441748127
cD4,588,4.666666666666666,-0.4884612273975041
cD4,589,4.674603174603174,0.1758997309975361
cD4,590,4.682539682539682,-0.2037268019269974
cD4,591,4.69047619047619,0.016482238044642286
cD4,592,4.698412698412698,-0.07988209457386312
cD4,593,4.7063492063492065,0.065856839018152
cD4,594,4.714285714285714,-0.19697438379460264
cD4,595,4.722222222222222,-0.16138811215282065
cD4,596,4.73015873015873,-0.1760297039382417
cD4,597,4.738095238095238,-0.013645105171250511
cD4,598,4.746031746031746,0.04769983451525543
cD4,599,4.753968253968254,-0.2839585593274493
cD4,600,4.761904761904762,0.012629618358874585
cD4,601,4.76984126984127,-0.2137246042491743
cD4,602,4.777777777777778,0.21651132802595954
cD4,603,4.785714285714286,-0.07354195473786572
cD4,604,4.7936507936507935,0.014348586317533076
cD4,605,4.801587301587301,-0.01615775479813145
cD4,606,4.809523809523809,-0.3093213846232621
cD4,607,4.817460317460317,0.3538029271375608
cD4,608,4.825396825396825,-0.16424377187922293
cD4,609,4.833333333333333,0.26674784910729543
cD4,610,4.841269841269841,-0.03969871840220039
cD4,611,4.849206349206349,-0.32723692719252095
cD4,612,4.857142857142857,0.6277753606931977
cD4,613,4.865079365079365,-0.07907227161682852
cD4,614,4.873015873015873,0.14808630329661682
cD4,615,4.8809523809523805,0.24046998084106574
cD4,616,4.888888888888888,-0.1570058466339289
cD4,617,4.896825396825396,0.17295554825118947
cD4,618,4.904761904761904,-0.09202743466625785
cD4,619,4.912698412698412,0.2095133663140845
cD4,620,4.92063492063492,-0.23788723304947035
cD4,621,4.928571428571428,0.07434868962127672
cD4,622,4.936507936507936,-0.3116844269168865
cD4,623,4.944444444444444,-0.1308314978252699
cD4,624,4.9523809523809526,-0.16111307548572748
cD4,625,4.9603174603174605,-0.08688240812222042
cD4,626,4.968253968253968,0.3051577092320699
cD4,627,4.976190476190476,-0.2793844374329894
cD4,628,4.984126984126984,0.11355021069411872
cD4,629,4.992063492063492,-0.20479789440294932
cD4,630,5.0,0.08897662152460883
cD4,631,5.007936507936508,0.10132596208859569
cD4,632,5.015873015873016,0.04019220140881975
cD4,633,5.023809523809524,-0.03909165707019638
cD4,634,5.031746031746032,-0.14054949293380184
cD4,635,5.0396825396825395,-0.115240193799102
cD4,636,5.0476190476190474,-0.1553823058560603
cD4,637,5.055555555555555,0.017113157684008538
cD4,638,5.063492063492063,-0.05866308242210363
cD4,639,5.071428571428571,0.040954090797037525
cD4,640,5.079365079365079,0.24781252081968916
cD4,641,5.087301587301587,-0.37160730140177073
cD4,642,5.095238095238095,1.1197537507522304
cD4,643,5.103174603174603,-2.9186117416897135
cD4,644,5.111111111111111,3.78060320765136
cD4,645,5.119047619047619,2.186854303364772
cD4,646,5.1269841269841265,-4.7883414338168295
cD4,647,5.134920634920634,0.6370888617635019
cD4,648,5.142857142857142,3.842187815191126
cD4,649,5.15079365079365,-5.146673154768616
cD4,650,5.158730158730158,3.7580360652369578
cD4,651,5.166666666666666,-1.6171062736605089
cD4,652,5.174603174603174,0.9148974333020463
cD4,653,5.182539682539682,-0.39005339007552897
cD4,654,5.19047619047619,-0.5921254945311826
cD4,655,5.198412698412698,-0.31141573892641683
cD4,656,5.206349206349206,0.48108650692909205
cD4,657,5.214285714285714,-0.073202065566143
cD4,658,5.222222222222222,-0.9815784096396244
cD4,659,5.23015873015873,1.0583988612895883
cD4,660,5.238095238095238,-1.6221028361847476
cD4,661,5.246031746031746,0.7777266000553149
cD4,662,5.253968253968254,-1.6218120742288464
cD4,663,5.261904761904762,1.2041457358232885
cD4,664,5.26984126984127,0.0622790599584335
cD4,665,5.277777777777778,0.35796152126754194
cD4,666,5.285714285714286,-0.23194299331273763
cD4,667,5.2936507936507935,-0.055982355083508836
cD4,668,5.301587301587301,0.1319615871508925
cD4,669,5.309523809523809,-0.39744616978397695
cD4,670,5.317460317460317,0.19206724595882238
cD4,671,5.325396825396825,0.12608544817121997
cD4,672,5.333333333333333,-0.2420334635830207
cD4,673,5.341269841269841,0.3225068408058207
cD4,674,5.349206349206349,-0.11927757657107559
cD4,675,5.357142857142857,-0.42442999349413324
cD4,676,5.365079365079365,0.5672138235642838
cD4,677,5.373015873015873,-0.41951051806167144
cD4,678,5.3809523809523805,0.6129856909506147
cD4,679,5.388888888888888,-0.14488854271299928
cD4,680,5.396825396825396,0.13459510554329804
cD4,681,5.404761904761904,0.16661176434724087
cD4,682,5.412698412698412,0.04519648057923941
cD4,683,5.42063492063492,0.2671130938871677
cD4,684,5.428571428571428,0.02076096856202113
cD4,685,5.436507936507936,-0.31156708530048394
cD4,686,5.444444444444444,0.3896576318738219
cD4,687,5.452380952380952,-1.4943833385422298
cD4,688,5.4603174603174605,1.966020225265916
cD4,689,5.468253968253968,-2.554390479796737
cD4,690,5.476190476190476,-0.8293423648786299
cD4,691,5.484126984126984,1.3588563830149933
cD4,692,5.492063492063492,-0.08159938698133117
cD4,693,5.5,-0.3760709495995669
cD4,694,5.507936507936508,0.8291928446891699
cD4,695,5.515873015873016,-0.4844234518028167
cD4,696,5.523809523809524,0.21827923907754984
cD4,697,5.531746031746032,-0.05191305468725926
cD4,698,5.5396825396825395,0.622755020721154
cD4,699,5.5476190476190474,-0.45398497651966074
cD4,700,5.555555555555555,-0.10374189127194028
cD4,701,5.563492063492063,-0.09931049260094399
cD4,702,5.571428571428571,-0.015588775157667269
cD4,703,5.579365079365079,0.45315460690541615
cD4,704,5.587301587301587,0.13403644542170445
cD4,705,5.595238095238095,-0.29696977828853593
cD4,706,5.603174603174603,0.3245428135953475
cD4,707,5.611111111111111,-0.5387887561166981
cD4,708,5.619047619047619,-0.3011740587848253
cD4,709,5.6269841269841265,0.3210198942342363
cD4,710,5.634920634920634,-0.07597961385560659
cD4,711,5.642857142857142,0.4499196230111479
cD4,712,5.65079365079365,-0.5111511797720331
cD4,713,5.658730158730158,0.07238152411940504
cD4,714,5.666666666666666,0.05151655077132742
cD4,715,5.674603174603174,0.053155251566800156
cD4,716,5.682539682539682,0.017963807828768937
cD4,717,5.69047619047619,-0.08165885672244055
cD4,718,5.698412698412698,0.04460604162623995
cD4,719,5.706349206349206,-0.2795135150807584
cD4,720,5.7142857142857135,-0.11247793708053547
cD4,721,5.722222222222222,-0.1355109203908427
cD4,722,5.73015873015873,0.0760155871547668
cD4,723,5.738095238095238,0.6664414065553073
cD4,724,5.746031746031746,-0.5411949981055971
cD4,725,5.753968253968254,0.17375377614128024
cD4,726,5.761904761904762,-0.030243505434453914
cD4,727,5.76984126984127,0.4215694188806508
cD4,728,5.777777777777778,-0.2813883299427371
cD4,729,5.785714285714286,-0.28422246175654836
cD4,730,5.7936507936507935,0.2442243597022088
cD4,731,5.801587301587301,-0.2808694919779099
cD4,732,5.809523809523809,-0.08160996603154133
cD4,733,5.817460317460317,-0.16809881920533573
cD4,734,5.825396825396825,-0.25565266494195593
cD4,735,5.833333333333333,-0.18640938795896272
cD4,736,5.841269841269841,-0.27636720754188054
cD4,737,5.849206349206349,0.10508071295883184
cD4,738,5.857142857142857,-0.002706919187564429
cD4,739,5.865079365079365,-0.18540038655717853
cD4,740,5.873015873015873,-0.08318750651414333
cD4,741,5.8809523809523805,0.5319744256135002
cD4,742,5.888888888888888,0.11552151000437506
cD4,743,5.896825396825396,-0.33974954236116073
cD4,744,5.904761904761904,-0.0028324360943326223
cD4,745,5.912698412698412,-0.2195380323830029
cD4,746,5.92063492063492,-0.021899415791882884
cD4,747,5.928571428571428,-0.4523450560890625
cD4,748,5.936507936507936,0.4420380092845804
cD4,749,5.944444444444444,-0.14188933171677662
cD4,750,5.952380952380952,0.30769765026541496
cD4,751,5.96031746031746,-0.08326854173611475
cD4,752,5.968253968253968,-0.25798511763251036
cD4,753,5.976190476190476,0.07349775273390388
cD4,754,5.984126984126984,0.2914243110575404
cD4,755,5.992063492063492,-0.13078236545836505
cD3,0,0.0,-0.012159412202048962
cD3,1,0.00398406374501992,-0.03903207591397195
cD3,2,0.00796812749003984,0.017424857685441535
cD3,3,0.01195219123505976,-0.0723471280492251
cD3,4,0.01593625498007968,0.007865957885941913
cD3,5,0.0199203187250996,0.017563414896846617
cD3,6,0.02390438247011952,0.07550987277950359
cD3,7,0.027888446215139442,-0.14612760458878718
cD3,8,0.03187250996015936,0.09936332816737133
cD3,9,0.03585657370517928,0.32146735378563346
cD3,10,0.0398406374501992,-0.07452549646737688
cD3,11,0.043824701195219126,-0.4702568806455672
cD3,12,0.04780876494023904,-0.11336292138900372
cD3,13,0.05179282868525896,0.5655746456172099
cD3,14,0.055776892430278883,-0.2753848118188865
cD3,15,0.05976095617529881,0.5183054348388704
cD3,16,0.06374501992031872,-0.664431057648713
cD3,17,0.06772908366533864,-0.26172827567220924
cD3,18,0.07171314741035856,0.6322895811235195
cD3,19,0.07569721115537849,-0.3293201318150058
cD3,20,0.0796812749003984,0.09961690125602683
cD3,21,0.08366533864541832,0.3576733331121791
cD3,22,0.08764940239043825,-0.22434944366811468
cD3,23,0.09163346613545817,-0.7237613804279265
cD3,24,0.09561752988047809,0.6211614926761615
cD3,25,0.099601593625498,0.1833554766460277
cD3,26,0.10358565737051792,-0.20907979889771797
cD3,27,0.10756972111553785,-0.07230862936275795
cD3,28,0.11155378486055777,-0.039043847333251766
cD3,29,0.11553784860557768,0.09338507517326673
cD3,30,0.11952191235059761,-0.19198348365200799
cD3,31,0.12350597609561753,0.021065953093524693
cD3,32,0.12749003984063745,0.04939715652798031
cD3,33,0.13147410358565736,0.08936524881369903
cD3,34,0.13545816733067728,-0.15023460806462643
cD3,35,0.1394422310756972,0.1261531216278979
cD3,36,0.14342629482071712,-0.08610059847150403
cD3,37,0.14741035856573706,-0.10116997904439542
cD3,38,0.15139442231075698,0.17512616877269552
cD3,39,0.1553784860557769,0.005876377827550073
cD3,40,0.1593625498007968,-0.17790679295858983
cD3,41,0.16334661354581673,-0.2328707823791203
cD3,42,0.16733067729083664,0.053249561990882474
cD3,43,0.17131474103585656,-0.19327644565676605
cD3,44,0.1752988047808765,0.46780768137953227
cD3,45,0.17928286852589642,-0.3813109992205518
cD3,46,0.18326693227091634,0.45371056942823645
cD3,47,0.18725099601593626,-0.13407764175520848
cD3,48,0.19123505976095617,-0.25219513132696697
cD3,49,0.1952191235059761,0.16548325675680728
cD3,50,0.199203187250996,-0.11175905723274143
cD3,51,0.20318725099601592,0.07514028529675844
cD3,52,0.20717131474103584,0.01469766685337058
cD3,53,0.21115537848605578,0.05577983627963208
cD3,54,0.2151394422310757,0.04619768313680053
cD3,55,0.21912350597609562,-0.09316311590944966
cD3,56,0.22310756972111553,0.18978635678178613
cD3,57,0.22709163346613545,0.00980656354206302
cD3,58,0.23107569721115537,-0.12135239439928465
cD3,59,0.23505976095617528,-0.1905646377826973
cD3,60,0.23904382470119523,0.15977520014582827
cD3,61,0.24302788844621515,0.3099678439410582
cD3,62,0.24701195219123506,-0.23722690473542157
cD3,63,0.250996015936255,0.10811114967001334
cD3,64,0.2549800796812749,-0.13370135493740568
cD3,65,0.2589641434262948,0.07639060298952119
cD3,66,0.26294820717131473,-0.04743027442675726
cD3,67,0.26693227091633465,0.013963299858053502
cD3,68,0.27091633466135456,-0.24441043424607217
cD3,69,0.2749003984063745,0.24836826060399148
cD3,70,0.2788844621513944,-0.14895779619489552
cD3,71,0.2828685258964143,-0.05144357848749782
cD3,72,0.28685258964143423,-0.0139665605232314
cD3,73,0.2908366533864542,-0.07227840039400057
cD3,74,0.2948207171314741,0.05738336386822558
cD3,75,0.29880478087649404,-0.009532849497026416
cD3,76,0.30278884462151395,0.10325046723034527
cD3,77,0.30677290836653387,-0.17817065408672206
cD3,78,0.3107569721115538,0.10342054140686685
cD3,79,0.3147410358565737,-0.0647602557850906
cD3,80,0.3187250996015936,-0.04467889809218128
cD3,81,0.32270916334661354,-0.08653742628021188
cD3,82,0.32669322709163345,-0.11431139181680171
cD3,83,0.33067729083665337,0.22489332626680844
cD3,84,0.3346613545816733,-0.14912478594798786
cD3,85,0.3386454183266932,0.13429157597448663
cD3,86,0.3426294820717131,-0.06423666948643697
cD3,87,0.34661354581673304,-0.07918980228499531
cD3,88,0.350597609561753,0.07874814508929158
cD3,89,0.3545816733067729,-0.028205743891513355
cD3,90,0.35856573705179284,-0.006216935207923257
cD3,91,0.36254980079681276,0.047261706113474994
cD3,92,0.3665338645418327,0.011397345333565812
cD3,93,0.3705179282868526,-0.02909879302741625
cD3,94,0.3745019920318725,-0.000638239075274023
cD3,95,0.3784860557768924,-0.039789183386352005
cD3,96,0.38247011952191234,-0.037845984555288814
cD3,97,0.38645418326693226,0.10978763996857642
cD3,98,0.3904382470119522,-0.04033007022067708
cD3,99,0.3944223107569721,0.9362571503761868
cD3,100,0.398406374501992,-1.0955372701709831
cD3,101,0.40239043824701193,1.565452050973095
cD3,102,0.40637450199203184,-0.37927357348431806
cD3,103,0.41035856573705176,-1.3766449169969877
cD3,104,0.4143426294820717,1.5729371861230654
cD3,105,0.41832669322709165,-1.1391987066617035
cD3,106,0.42231075697211157,1.0224993252973318
cD3,107,0.4262948207171315,-0.3149520292291838
cD3,108,0.4302788844621514,-0.1781376850895452
cD3,109,0.4342629482071713,0.06505289471888702
cD3,110,0.43824701195219123,0.2372961826271817
cD3,111,0.44223107569721115,-0.32771687329451143
cD3,112,0.44621513944223107,0.2919006208034693
cD3,113,0.450199203187251,-0.005080947694968394
cD3,114,0.4541832669322709,0.018922068060592597
cD3,115,0.4581673306772908,0.0013559205580888772
cD3,116,0.46215139442231074,0.03090989069667816
cD3,117,0.46613545816733065,-0.15691578097786055
cD3,118,0.47011952191235057,0.15926339747266596
cD3,119,0.4741035856573705,-0.042426030056686
cD3,120,0.47808764940239046,-0.10948494416119395
cD3,121,0.4820717131474104,0.2641771177777116
cD3,122,0.4860557768924303,-0.2543426698283052
cD3,123,0.4900398406374502,0.12068313140704018
cD3,124,0.4940239043824701,-0.2763657921534839
cD3,125,0.49800796812749004,0.1063682188781086
cD3,126,0.50199203187251,0.04636600688480948
cD3,127,0.5059760956175299,0.005869665934528001
cD3,128,0.5099601593625498,-0.005751066473445082
cD3,129,0.5139442231075697,0.027544491106561386
cD3,130,0.5179282868525896,0.03622623550005044
cD3,131,0.5219123505976095,-0.06332489920401244
cD3,132,0.5258964143426295,-0.05740823823595678
cD3,133,0.5298804780876494,0.025372864651697663
cD3,134,0.5338645418326693,-0.0186475391797595
cD3,135,0.5378486055776892,0.1142541704381587
cD3,136,0.5418326693227091,-0.10469609100564164
cD3,137,0.545816733067729,0.14004131262128403
cD3,138,0.549800796812749,-0.25375041531011666
cD3,139,0.5537848605577689,0.26380308326020735
cD3,140,0.5577689243027888,-0.2207869877183467
cD3,141,0.5617529880478087,0.0860076207914899
cD3,142,0.5657370517928286,0.09362308796726258
cD3,143,0.5697211155378485,-0.09836094916429208
cD3,144,0.5737051792828685,-0.03914696180358144
cD3,145,0.5776892430278885,0.07410865594370464
cD3,146,0.5816733067729084,-0.07025428616850214
cD3,147,0.5856573705179283,0.04566546846890062
cD3,148,0.5896414342629482,0.008645136331210487
cD3,149,0.5936254980079682,-0.0197266318093595
cD3,150,0.5976095617529881,0.08063900139918963
cD3,151,0.601593625498008,-0.03875912322302216
cD3,152,0.6055776892430279,-0.003270909921574967
cD3,153,0.6095617529880478,-0.01778979595527523
cD3,154,0.6135458167330677,-0.004914582890681281
cD3,155,0.6175298804780877,0.006885265537863372
cD3,156,0.6215139442231076,-0.014883480589696619
cD3,157,0.6254980079681275,0.0939161711247474
cD3,158,0.6294820717131474,-0.008444741505352661
cD3,159,0.6334661354581673,0.009246924615661407
cD3,160,0.6374501992031872,0.0009325990927248156
cD3,161,0.6414342629482072,-0.06015852816723895
cD3,162,0.6454183266932271,0.013923873515862452
cD3,163,0.649402390438247,0.01817538225002473
cD3,164,0.6533864541832669,-0.00014167776015281287
cD3,165,0.6573705179282868,0.004523011761010361
cD3,166,0.6613545816733067,-0.03339854468746378
cD3,167,0.6653386454183267,0.08516831438224258
cD3,168,0.6693227091633466,-0.11134383339038267
cD3,169,0.6733067729083665,0.06377986572228483
cD3,170,0.6772908366533864,-0.07050069824809914
cD3,171,0.6812749003984063,0.20780072924285248
cD3,172,0.6852589641434262,-0.1179039414572893
cD3,173,0.6892430278884462,0.05682545380991216
cD3,174,0.6932270916334661,-0.010776119766925702
cD3,175,0.697211155378486,0.03469815036013507
cD3,176,0.701195219123506,-0.14691598301851996
cD3,177,0.7051792828685259,0.09812546028717506
cD3,178,0.7091633466135459,-0.03863455447779305
cD3,179,0.7131474103585658,0.08682446123015632
cD3,180,0.7171314741035857,-0.016120507000958177
cD3,181,0.7211155378486056,0.03704553402991023
cD3,182,0.7250996015936255,-0.011546159659165861
cD3,183,0.7290836653386454,-0.14059729452582906
cD3,184,0.7330677290836654,0.13847005185894312
cD3,185,0.7370517928286853,-0.04188065511642915
cD3,186,0.7410358565737052,0.07968015921659957
cD3,187,0.7450199203187251,-0.015090787654797419
cD3,188,0.749003984063745,0.01305741449843344
cD3,189,0.7529880478087649,-0.08834869277846616
cD3,190,0.7569721115537849,0.03288907645969373
cD3,191,0.7609561752988048,-0.07538689388776207
cD3,192,0.7649402390438247,0.10560386043361235
cD3,193,0.7689243027888446,-0.016443585348201745
cD3,194,0.7729083665338645,0.0814742040585875
cD3,195,0.7768924302788844,-0.09857371043652136
cD3,196,0.7808764940239044,0.06276043944280071
cD3,197,0.7848605577689243,-0.03128060821053143
cD3,198,0.7888446215139442,-0.059991714420284586
cD3,199,0.7928286852589641,0.04501366350629327
cD3,200,0.796812749003984,0.018099974989965725
cD3,201,0.8007968127490039,-0.0272088513847883
cD3,202,0.8047808764940239,0.09861679112144285
cD3,203,0.8087649402390438,-0.16486361920067433
cD3,204,0.8127490039840637,0.1713560897427741
cD3,205,0.8167330677290836,-0.09069496357422395
cD3,206,0.8207171314741035,-0.012690735814035351
cD3,207,0.8247011952191234,0.019332989683570504
cD3,208,0.8286852589641434,0.06654043818700123
cD3,209,0.8326693227091634,0.04806240373928305
cD3,210,0.8366533864541833,-0.07127934487722085
cD3,211,0.8406374501992032,-0.009033251265497172
cD3,212,0.8446215139442231,0.09167299390418172
cD3,213,0.848605577689243,-0.1173408043997191
cD3,214,0.852589641434263,0.04070695731803738
cD3,215,0.8565737051792829,-0.03737157746352255
cD3,216,0.8605577689243028,0.150519867868789
cD3,217,0.8645418326693227,-0.05498675067203958
cD3,218,0.8685258964143426,0.05028068711868488
cD3,219,0.8725099601593626,-0.11513484568040938
cD3,220,0.8764940239043825,-0.0320521410056861
cD3,221,0.8804780876494024,-0.007003100737325404
cD3,222,0.8844621513944223,0.012557845952758561
cD3,223,0.8884462151394422,0.032762578471375245
cD3,224,0.8924302788844621,-0.09671607727244685
cD3,225,0.896414342629482,0.03170647976396341
cD3,226,0.900398406374502,0.12082617204426525
cD3,227,0.9043824701195219,-0.13667779694171805
cD3,228,0.9083665338645418,-0.06617024331276489
cD3,229,0.9123505976095617,0.2614987873461412
cD3,230,0.9163346613545816,-0.11179308728638178
cD3,231,0.9203187250996016,0.11994978144678711
cD3,232,0.9243027888446215,-0.03825460195083099
cD3,233,0.9282868525896414,-0.0319631759669337
cD3,234,0.9322709163346613,-0.004433305216508842
cD3,235,0.9362549800796812,0.13726918635871282
cD3,236,0.9402390438247011,-0.003970833541879405
cD3,237,0.944223107569721,0.031912704241043144
cD3,238,0.948207171314741,0.1037962081882394
cD3,239,0.9521912350597609,-0.06990356619229915
cD3,240,0.9561752988047809,-0.010664373282112508
cD3,241,0.9601593625498008,-0.008222025284540501
cD3,242,0.9641434262948207,0.027285895334649812
cD3,243,0.9681274900398407,-0.05351053303146696
cD3,244,0.9721115537848606,0.04024762743335878
cD3,245,0.9760956175298805,0.029222064257431703
cD3,246,0.9800796812749004,0.0010864198383859825
cD3,247,0.9840637450199203,0.0026875138086610816
cD3,248,0.9880478087649402,0.07668262035499948
cD3,249,0.9920318725099602,-0.06555721765583208
cD3,250,0.9960159362549801,0.025496521862698712
cD3,251,1.0,0.057303033241232953
cD3,252,1.00398406374502,-0.033621285700719636
cD3,253,1.0079681274900398,-0.025716858916651195
cD3,254,1.0119521912350598,-0.07837470843059137
cD3,255,1.0159362549800797,0.09238407199419331
cD3,256,1.0199203187250996,-0.12379917098915166
cD3,257,1.0239043824701195,0.09089837501695561
cD3,258,1.0278884462151394,-0.04118749383701355
cD3,259,1.0318725099601593,0.12584752381888578
cD3,260,1.0358565737051793,0.021468434184487656
cD3,261,1.0398406374501992,0.026093200096066794
cD3,262,1.043824701195219,0.04365599015084288
cD3,263,1.047808764940239,0.008426177964464591
cD3,264,1.051792828685259,-0.12365113785762856
cD3,265,1.0557768924302788,0.1364760682711323
cD3,266,1.0597609561752988,-0.15494538506357133
cD3,267,1.0637450199203187,0.1942595413390843
cD3,268,1.0677290836653386,-0.03261110806973808
cD3,269,1.0717131474103585,-0.01342085724793542
cD3,270,1.0756972111553784,0.014003933382845061
cD3,271,1.0796812749003983,-0.13937025857004884
cD3,272,1.0836653386454183,0.22076529882543494
cD3,273,1.0876494023904382,-0.08486612144240342
cD3,274,1.091633466135458,0.020009599718129854
cD3,275,1.095617529880478,0.03350303389550441
cD3,276,1.099601593625498,0.03729504250168393
cD3,277,1.1035856573705178,-0.07291144422026793
cD3,278,1.1075697211155378,-0.6853520148157358
cD3,279,1.1115537848605577,1.0718259816913422
cD3,280,1.1155378486055776,-0.42557337085592223
cD3,281,1.1195219123505975,0.6927371068613398
cD3,282,1.1235059760956174,-0.9317614931274831
cD3,283,1.1274900398406373,-0.3360564411476908
cD3,284,1.1314741035856573,1.2114087977828774
cD3,285,1.1354581673306772,-0.6027311459920085
cD3,286,1.139442231075697,0.36669564778556946
cD3,287,1.143426294820717,0.00025834095609804375
cD3,288,1.147410358565737,-0.2840704349959358
cD3,289,1.151394422310757,-0.4981868189151167
cD3,290,1.155378486055777,0.7809807753917278
cD3,291,1.159362549800797,-0.269915448787855
cD3,292,1.1633466135458168,-0.02106229157122632
cD3,293,1.1673306772908367,-0.18356395952454593
cD3,294,1.1713147410358566,0.08895939324306869
cD3,295,1.1752988047808766,0.10326318399084014
cD3,296,1.1792828685258965,-0.24804686920486443
cD3,297,1.1832669322709164,0.014400722622666607
cD3,298,1.1872509960159363,0.19584370146189323
cD3,299,1.1912350597609562,-0.21852106425827794
cD3,300,1.1952191235059761,0.07389747278929869
cD3,301,1.199203187250996,-0.09787667699083029
cD3,302,1.203187250996016,0.13140532238283928
cD3,303,1.207171314741036,-0.11523995156395145
cD3,304,1.2111553784860558,0.29838391980867385
cD3,305,1.2151394422310757,-0.1829733169867704
cD3,306,1.2191235059760956,0.0737449848113012
cD3,307,1.2231075697211156,-0.19735839025262977
cD3,308,1.2270916334661355,0.05585938096024479
cD3,309,1.2310756972111554,-0.01567723897317278
cD3,310,1.2350597609561753,0.18783602350400178
cD3,311,1.2390438247011952,0.22219954098625655
cD3,312,1.2430278884462151,-0.725213457740164
cD3,313,1.247011952191235,0.456340255697453
cD3,314,1.250996015936255,0.10338460143502404
cD3,315,1.254980079681275,-0.3364373069603181
cD3,316,1.2589641434262948,0.18061643085519113
cD3,317,1.2629482071713147,-0.2441660936514405
cD3,318,1.2669322709163346,0.1324781802170773
cD3,319,1.2709163346613546,0.023105312736063935
cD3,320,1.2749003984063745,-0.032877818585956974
cD3,321,1.2788844621513944,0.044922751737521235
cD3,322,1.2828685258964143,-0.0359754469871562
cD3,323,1.2868525896414342,0.02985915814831426
cD3,324,1.2908366533864541,-0.09044200120964811
cD3,325,1.294820717131474,0.3252822753460276
cD3,326,1.298804780876494,-0.27888207296267636
cD3,327,1.302788844621514,-0.07983365581879699
cD3,328,1.3067729083665338,0.23881085095759563
cD3,329,1.3107569721115537,0.007822748276412113
cD3,330,1.3147410358565736,-0.21629533185559016
cD3,331,1.3187250996015936,0.1080997224893932
cD3,332,1.3227091633466135,0.02249829950953073
cD3,333,1.3266932270916334,0.189152974041115
cD3,334,1.3306772908366533,-0.07423831167914365
cD3,335,1.3346613545816732,-0.11656320934686099
cD3,336,1.3386454183266931,0.09165496645264204
cD3,337,1.342629482071713,0.0007217395139983186
cD3,338,1.346613545816733,-0.1431643757522506
cD3,339,1.350597609561753,0.23478330025921862
cD3,340,1.3545816733067728,-0.15325642036238168
cD3,341,1.3585657370517927,0.09433763009844555
cD3,342,1.3625498007968126,-0.05750139217474583
cD3,343,1.3665338645418326,-0.020768059522367852
cD3,344,1.3705179282868525,-0.1067528774028507
cD3,345,1.3745019920318724,-0.0889644025730353
cD3,346,1.3784860557768923,0.050643056597028314
cD3,347,1.3824701195219122,0.11631820666916663
cD3,348,1.3864541832669321,-0.04429541967981095
cD3,349,1.390438247011952,-0.04639840326404196
cD3,350,1.394422310756972,0.03056205577155649
cD3,351,1.398406374501992,0.09645688295292627
cD3,352,1.402390438247012,-0.10645216665586536
cD3,353,1.406374501992032,0.2804446559853536
cD3,354,1.4103585657370519,-0.11852306621146125
cD3,355,1.4143426294820718,-0.041703329773830004
cD3,356,1.4183266932270917,0.2546621048514054
cD3,357,1.4223107569721116,-0.15220358934795122
cD3,358,1.4262948207171315,-0.11851616687939642
cD3,359,1.4302788844621515,-0.016701114521696828
cD3,360,1.4342629482071714,0.3026913524746573
cD3,361,1.4382470119521913,-0.39528252556775395
cD3,362,1.4422310756972112,0.1338656646920076
cD3,363,1.4462151394422311,0.3377138527535512
cD3,364,1.450199203187251,0.29196883957386366
cD3,365,1.454183266932271,-0.0796399048993301
cD3,366,1.4581673306772909,0.18998002829413765
cD3,367,1.4621513944223108,0.028446588710195574
cD3,368,1.4661354581673307,-0.7751318967275949
cD3,369,1.4701195219123506,0.3303451373948175
cD3,370,1.4741035856573705,0.07375034699485339
cD3,371,1.4780876494023905,0.34879380490737283
cD3,372,1.4820717131474104,-0.0923272841874648
cD3,373,1.4860557768924303,-0.48433189036556457
cD3,374,1.4900398406374502,0.15191019040559342
cD3,375,1.4940239043824701,0.07243862875373235
cD3,376,1.49800796812749,-0.020711753906970137
cD3,377,1.50199203187251,-0.1202747374592647
cD3,378,1.5059760956175299,0.3671296546131328
cD3,379,1.5099601593625498,-0.4641710634583343
cD3,380,1.5139442231075697,0.3355833474953537
cD3,381,1.5179282868525896,-0.10303679899450549
cD3,382,1.5219123505976095,-0.08272651299350033
cD3,383,1.5258964143426295,0.22687857943233966
cD3,384,1.5298804780876494,-0.12926012452401875
cD3,385,1.5338645418326693,0.1297723005815221
cD3,386,1.5378486055776892,0.12925839689706156
cD3,387,1.5418326693227091,-0.05817467062089043
cD3,388,1.545816733067729,-0.11067864812814482
cD3,389,1.549800796812749,0.11518410609179541
cD3,390,1.5537848605577689,0.05491093512265824
cD3,391,1.5577689243027888,-0.08009137728293055
cD3,392,1.5617529880478087,0.1496899829700698
cD3,393,1.5657370517928286,-0.08531251967268143
cD3,394,1.5697211155378485,-0.08633212871140891
cD3,395,1.5737051792828685,0.06927253467107398
cD3,396,1.5776892430278884,0.0018497329972468825
cD3,397,1.5816733067729083,0.013009334129249558
cD3,398,1.5856573705179282,0.025609910864553297
cD3,399,1.5896414342629481,-0.06257526658703387
cD3,400,1.593625498007968,0.1443598425583578
cD3,401,1.597609561752988,-0.03964311517496023
cD3,402,1.6015936254980079,-0.2284126511381545
cD3,403,1.6055776892430278,0.08240188345937692
cD3,404,1.6095617529880477,-0.03238224125648248
cD3,405,1.6135458167330676,0.019704383105675818
cD3,406,1.6175298804780875,-0.09321024356365742
cD3,407,1.6215139442231075,0.07956532477744545
cD3,408,1.6254980079681274,0.04795491070166442
cD3,409,1.6294820717131473,-0.006997791159418194
cD3,410,1.6334661354581672,-0.06727144104896576
cD3,411,1.6374501992031871,0.08198908907698191
cD3,412,1.641434262948207,-0.08080805767388623
cD3,413,1.645418326693227,0.026468590215773437
cD3,414,1.6494023904382469,0.052707058565724156
cD3,415,1.6533864541832668,-0.06315353892090393
cD3,416,1.6573705179282867,-0.044803228478667634
cD3,417,1.6613545816733069,-0.2939980639874218
cD3,418,1.6653386454183268,0.2883263108379607
cD3,419,1.6693227091633467,-0.1422008859742458
cD3,420,1.6733067729083666,0.1083388706779252
cD3,421,1.6772908366533865,-0.007376455072443536
cD3,422,1.6812749003984064,0.14616092403829123
cD3,423,1.6852589641434264,-0.007960354298381642
cD3,424,1.6892430278884463,-0.05814649028385831
cD3,425,1.6932270916334662,-0.024116414011800882
cD3,426,1.697211155378486,0.0625822974240663
cD3,427,1.701195219123506,0.043076873402507494
cD3,428,1.705179282868526,-0.08213618149467909
cD3,429,1.7091633466135459,0.05117553886390644
cD3,430,1.7131474103585658,0.0942054769338745
cD3,431,1.7171314741035857,-0.11026589016056039
cD3,432,1.7211155378486056,0.0124436329844434
cD3,433,1.7250996015936255,-0.01844288845506075
cD3,434,1.7290836653386454,-0.06551780590714293
cD3,435,1.7330677290836654,-0.03222584918115819
cD3,436,1.7370517928286853,0.024962459387273615
cD3,437,1.7410358565737052,0.07524756873525415
cD3,438,1.745019920318725,-0.012078492908730934
cD3,439,1.749003984063745,-0.14049470270495645
cD3,440,1.752988047808765,0.08672825616215801
cD3,441,1.7569721115537849,0.0763688649695223
cD3,442,1.7609561752988048,-0.10967347286379686
cD3,443,1.7649402390438247,0.09983892526920417
cD3,444,1.7689243027888446,0.15557938708492236
cD3,445,1.7729083665338645,-0.20651978683290975
cD3,446,1.7768924302788844,0.10425059384039888
cD3,447,1.7808764940239044,-0.08401737337795838
cD3,448,1.7848605577689243,0.11368470783758942
cD3,449,1.7888446215139442,-0.05540046815522059
cD3,450,1.792828685258964,0.019478752683587505
cD3,451,1.796812749003984,0.024675140860097648
cD3,452,1.800796812749004,-0.08027779675843366
cD3,453,1.8047808764940239,0.03303550947623442
cD3,454,1.8087649402390438,0.07323842134299549
cD3,455,1.8127490039840637,-0.18424139423688682
cD3,456,1.8167330677290836,0.1946384579601291
cD3,457,1.8207171314741035,-0.12995168474854377
cD3,458,1.8247011952191234,0.057192894576685735
cD3,459,1.8286852589641434,-0.048740340369087705
cD3,460,1.8326693227091633,-0.07158482443996388
cD3,461,1.8366533864541832,-0.023979551479498918
cD3,462,1.840637450199203,-0.04419743842412557
cD3,463,1.844621513944223,0.22878297258557523
cD3,464,1.848605577689243,-0.15550342273661308
cD3,465,1.8525896414342629,0.0632455704828282
cD3,466,1.8565737051792828,0.03620292612458387
cD3,467,1.8605577689243027,-0.00815180300443713
cD3,468,1.8645418326693226,-0.10255619748605196
cD3,469,1.8685258964143425,-0.016376592900607712
cD3,470,1.8725099601593624,0.038101372088301014
cD3,471,1.8764940239043824,0.10657688004578993
cD3,472,1.8804780876494023,-0.012693974788702309
cD3,473,1.8844621513944222,0.01530958825694376
cD3,474,1.888446215139442,-0.046071712078512725
cD3,475,1.892430278884462,-0.04962619895582352
cD3,476,1.896414342629482,0.038448007957945146
cD3,477,1.9003984063745019,-0.026927214951657934
cD3,478,1.9043824701195218,0.09436033414912377
cD3,479,1.9083665338645417,-0.07606813697737155
cD3,480,1.9123505976095618,-0.10417170770364538
cD3,481,1.9163346613545817,0.19301932219851028
cD3,482,1.9203187250996017,-0.16615923771015856
cD3,483,1.9243027888446216,0.17945737371107773
cD3,484,1.9282868525896415,-0.1586206352400939
cD3,485,1.9322709163346614,0.19492743941253035
cD3,486,1.9362549800796813,0.0210161680284993
cD3,487,1.9402390438247012,-0.19865155051997863
cD3,488,1.9442231075697212,0.22699810003383059
cD3,489,1.948207171314741,0.047303720431366554
cD3,490,1.952191235059761,-0.14820909751742103
cD3,491,1.956175298804781,-0.0783825950150905
cD3,492,1.9601593625498008,0.08605857173442802
cD3,493,1.9641434262948207,-0.003877007067860217
cD3,494,1.9681274900398407,-0.03702173768758018
cD3,495,1.9721115537848606,0.04692609516912482
cD3,496,1.9760956175298805,0.023090244029266804
cD3,497,1.9800796812749004,-0.07239347286842641
cD3,498,1.9840637450199203,0.02733007039370261
cD3,499,1.9880478087649402,0.035484951637215524
cD3,500,1.9920318725099602,0.004011718824260078
cD3,501,1.99601593625498,0.03415363184222999
cD3,502,2.0,0.09535923010720511
cD3,503,2.00398406374502,-0.12795671579874499
cD3,504,2.00796812749004,-0.01889602287564225
cD3,505,2.0119521912350598,-0.09954561216580379
cD3,506,2.0159362549800797,-0.08051756279061938
cD3,507,2.0199203187250996,-0.023124278803455994
cD3,508,2.0239043824701195,0.03420679970494384
cD3,509,2.0278884462151394,-0.03378835660680218
cD3,510,2.0318725099601593,0.07215435116748517
cD3,511,2.0358565737051793,0.031662204373121144
cD3,512,2.039840637450199,0.007595611773545786
cD3,513,2.043824701195219,0.05180364545831942
cD3,514,2.047808764940239,-0.12680995462852723
cD3,515,2.051792828685259,0.1521183230930664
cD3,516,2.055776892430279,-0.12841839306191888
cD3,517,2.0597609561752988,0.10569844393089521
cD3,518,2.0637450199203187,0.08554254593521537
cD3,519,2.0677290836653386,-0.20568114504810883
cD3,520,2.0717131474103585,-0.07742715462527207
cD3,521,2.0756972111553784,0.18151308360757848
cD3,522,2.0796812749003983,-0.1515065993275972
cD3,523,2.0836653386454183,0.08335468230067909
cD3,524,2.087649402390438,-0.002459892531911614
cD3,525,2.091633466135458,-0.040855960079512296
cD3,526,2.095617529880478,0.0025926801851039287
cD3,527,2.099601593625498,-0.6602836926650201
cD3,528,2.103585657370518,0.5045813551316122
cD3,529,2.1075697211155378,0.6472337631116837
cD3,530,2.1115537848605577,-0.13165808841081925
cD3,531,2.1155378486055776,-0.5090030102502417
cD3,532,2.1195219123505975,-0.913938729144483
cD3,533,2.1235059760956174,1.5998075265469078
cD3,534,2.1274900398406373,-0.7417976447033098
cD3,535,2.1314741035856573,0.5150408943514946
cD3,536,2.135458167330677,-0.17502078916541747
cD3,537,2.139442231075697,-0.3042181484786931
cD3,538,2.143426294820717,-0.043675103166120846
cD3,539,2.147410358565737,0.5198775879581095
cD3,540,2.151394422310757,-0.17346693880440017
cD3,541,2.1553784860557768,-0.16815153459333468
cD3,542,2.1593625498007967,0.013144251584059618
cD3,543,2.1633466135458166,0.2628662275569058
cD3,544,2.1673306772908365,-0.1627238045685832
cD3,545,2.1713147410358564,-0.03807010691805045
cD3,546,2.1752988047808763,-0.03457944850037723
cD3,547,2.1792828685258963,0.15133033820609276
cD3,548,2.183266932270916,0.06558167548340725
cD3,549,2.187250996015936,-0.15676416646991748
cD3,550,2.191235059760956,-0.08815246780365693
cD3,551,2.195219123505976,0.17687939257087182
cD3,552,2.199203187250996,-0.0950344905516888
cD3,553,2.2031872509960158,-0.015977470078680448
cD3,554,2.2071713147410357,-0.04033556811070818
cD3,555,2.2111553784860556,0.04660000462957062
cD3,556,2.2151394422310755,-0.2914342272010678
cD3,557,2.2191235059760954,0.13960737898106695
cD3,558,2.2231075697211153,-0.047444430923077804
cD3,559,2.2270916334661353,-0.034056565090264175
cD3,560,2.231075697211155,0.16362575939227295
cD3,561,2.235059760956175,0.26590401629242
cD3,562,2.239043824701195,0.006742717707591297
cD3,563,2.243027888446215,0.18104839111014953
cD3,564,2.247011952191235,-0.6755680501718208
cD3,565,2.2509960159362548,0.43199018201096695
cD3,566,2.2549800796812747,-0.10377872852579467
cD3,567,2.2589641434262946,0.21501402835132075
cD3,568,2.2629482071713145,-0.4056073176075952
cD3,569,2.2669322709163344,0.43586427540553
cD3,570,2.2709163346613543,-0.04088945622075167
cD3,571,2.2749003984063743,-0.28432959909305716
cD3,572,2.278884462151394,0.08328509141369667
cD3,573,2.282868525896414,-0.1560987412602906
cD3,574,2.286852589641434,0.14684441452438307
cD3,575,2.290836653386454,0.0344640136355781
cD3,576,2.294820717131474,-0.0677575803729586
cD3,577,2.298804780876494,0.002775433316702802
cD3,578,2.302788844621514,0.18700483889672395
cD3,579,2.306772908366534,-0.5175719193436449
cD3,580,2.310756972111554,0.3554364371340008
cD3,581,2.314741035856574,-0.2503493621177517
cD3,582,2.318725099601594,0.2591000310252266
cD3,583,2.3227091633466137,-0.24203541238715304
cD3,584,2.3266932270916336,0.17932642955377434
cD3,585,2.3306772908366535,-0.09161691074249255
cD3,586,2.3346613545816735,-0.10216845811048617
cD3,587,2.3386454183266934,0.21666195099695468
cD3,588,2.3426294820717133,-0.19541014391488598
cD3,589,2.346613545816733,0.05965683020350918
cD3,590,2.350597609561753,-0.025295118019149194
cD3,591,2.354581673306773,0.08334442898431473
cD3,592,2.358565737051793,-0.09040756441396838
cD3,593,2.362549800796813,0.009261307215411092
cD3,594,2.366533864541833,-0.1011948205591572
cD3,595,2.3705179282868527,0.2299219703954786
cD3,596,2.3745019920318726,-0.1581542434160466
cD3,597,2.3784860557768925,0.15177735047484928
cD3,598,2.3824701195219125,0.017061367422218334
cD3,599,2.3864541832669324,-0.019710383191188494
cD3,600,2.3904382470119523,-0.02695535603991618
cD3,601,2.394422310756972,-0.05374958142775799
cD3,602,2.398406374501992,0.05100297676107977
cD3,603,2.402390438247012,0.02381999609588476
cD3,604,2.406374501992032,-0.09555270464969454
cD3,605,2.410358565737052,0.21806183057939385
cD3,606,2.414342629482072,-0.17147325477705674
cD3,607,2.4183266932270917,0.022175586714715388
cD3,608,2.4223107569721116,0.002222894121820306
cD3,609,2.4262948207171315,-0.022667403311192356
cD3,610,2.4302788844621515,-0.026945546919252487
cD3,611,2.4342629482071714,0.1326951098473179
cD3,612,2.4382470119521913,-0.37492439917214826
cD3,613,2.442231075697211,0.739641413731692
cD3,614,2.446215139442231,-0.042590274059295274
cD3,615,2.450199203187251,0.13838510869338236
cD3,616,2.454183266932271,-0.6319562633626254
cD3,617,2.458167330677291,-0.027276882486568253
cD3,618,2.462151394422311,0.41304498810622303
cD3,619,2.4661354581673307,0.175020828572144
cD3,620,2.4701195219123506,-0.18909497391411698
cD3,621,2.4741035856573705,-0.013257549323115549
cD3,622,2.4780876494023905,0.009992517569841177
cD3,623,2.4820717131474104,-0.2600174859493322
cD3,624,2.4860557768924303,0.37527363111379947
cD3,625,2.49003984063745,-0.11582872745670608
cD3,626,2.49402390438247,-0.018354213176541314
cD3,627,2.49800796812749,0.05772726356410511
cD3,628,2.50199203187251,-0.10183411159348536
cD3,629,2.50597609561753,0.08374101614493043
cD3,630,2.50996015936255,-0.2961309721593711
cD3,631,2.5139442231075697,0.3128045140692201
cD3,632,2.5179282868525896,0.017196153454040228
cD3,633,2.5219123505976095,0.01779217284446026
cD3,634,2.5258964143426295,0.027571487878301083
cD3,635,2.5298804780876494,-0.01413321915900518
cD3,636,2.5338645418326693,0.04700613930296076
cD3,637,2.537848605577689,-0.03948333454499138
cD3,638,2.541832669322709,0.008106226595676322
cD3,639,2.545816733067729,0.012991403654600378
cD3,640,2.549800796812749,-0.1316923528605338
cD3,641,2.553784860557769,0.25895860610037263
cD3,642,2.557768924302789,-0.16646408743111793
cD3,643,2.5617529880478087,0.08650824009086955
cD3,644,2.5657370517928286,-0.05301119291041141
cD3,645,2.5697211155378485,-0.04096431704227947
cD3,646,2.5737051792828685,0.09920614571783881
cD3,647,2.5776892430278884,-0.045558205931981594
cD3,648,2.5816733067729083,-0.024110033493900274
cD3,649,2.585657370517928,0.1566576826919566
cD3,650,2.589641434262948,-0.03566439179449125
cD3,651,2.593625498007968,-0.029275157576146148
cD3,652,2.597609561752988,-0.011294598432471159
cD3,653,2.601593625498008,-0.10095401311526435
cD3,654,2.605577689243028,0.10636274031019768
cD3,655,2.6095617529880477,0.0005108582241192529
cD3,656,2.6135458167330676,0.08424304444507491
cD3,657,2.6175298804780875,-0.12727453987581447
cD3,658,2.6215139442231075,0.13542304377506337
cD3,659,2.6254980079681274,-0.07137072377957646
cD3,660,2.6294820717131473,-0.055797999912298994
cD3,661,2.633466135458167,0.05691967611995373
cD3,662,2.637450199203187,0.03584577142982959
cD3,663,2.641434262948207,-0.04274773640207027
cD3,664,2.645418326693227,0.02973364649472829
cD3,665,2.649402390438247,-0.04866502151053697
cD3,666,2.653386454183267,0.1520743732573072
cD3,667,2.6573705179282867,-0.10769486125835863
cD3,668,2.6613545816733066,0.03659069917302068
cD3,669,2.6653386454183265,-0.0051492603214935975
cD3,670,2.6693227091633465,0.10501013538747311
cD3,671,2.6733067729083664,0.02702118908907256
cD3,672,2.6772908366533863,-2.5557819378170185e-06
cD3,673,2.681274900398406,-0.07054549455845838
cD3,674,2.685258964143426,0.06374947429689276
cD3,675,2.689243027888446,0.03685433477130428
cD3,676,2.693227091633466,-0.05110448498612765
cD3,677,2.697211155378486,0.09509319054202592
cD3,678,2.701195219123506,-0.020110554532465706
cD3,679,2.7051792828685257,0.0167175850459187
cD3,680,2.7091633466135456,-0.0816205266377809
cD3,681,2.7131474103585655,-0.01796848476804352
cD3,682,2.7171314741035855,0.0732996001078527
cD3,683,2.7211155378486054,-0.11741958196338848
cD3,684,2.7250996015936253,0.11966549040777781
cD3,685,2.729083665338645,-0.13037835273813037
cD3,686,2.733067729083665,0.12219283659672678
cD3,687,2.737051792828685,-0.14324257543319302
cD3,688,2.741035856573705,0.055547973547341166
cD3,689,2.745019920318725,0.038876341979619894
cD3,690,2.749003984063745,-0.17272872648945584
cD3,691,2.7529880478087647,0.02696954750062911
cD3,692,2.7569721115537846,0.026249932511037948
cD3,693,2.7609561752988045,0.03446101742453171
cD3,694,2.7649402390438245,-0.033420310312949585
cD3,695,2.7689243027888444,0.002538144927010527
cD3,696,2.7729083665338643,-0.040783327820950926
cD3,697,2.776892430278884,0.049663688473594036
cD3,698,2.780876494023904,-0.08732659819112425
cD3,699,2.784860557768924,0.1283674907159599
cD3,700,2.788844621513944,-0.052039330231985786
cD3,701,2.792828685258964,0.0037000461629638623
cD3,702,2.796812749003984,0.08213600621716034
cD3,703,2.8007968127490037,-0.06698538179072411
cD3,704,2.804780876494024,-0.09851302489470325
cD3,705,2.808764940239044,-0.007190773107576846
cD3,706,2.812749003984064,0.10216083895926498
cD3,707,2.816733067729084,-0.0923427912335199
cD3,708,2.8207171314741037,0.07774267272167044
cD3,709,2.8247011952191237,-0.09305059508916798
cD3,710,2.8286852589641436,-0.10715114618970958
cD3,711,2.8326693227091635,0.03224036517595122
cD3,712,2.8366533864541834,-0.005446081946400644
cD3,713,2.8406374501992033,-0.006140652069297477
cD3,714,2.8446215139442232,-0.07939882411363103
cD3,715,2.848605577689243,0.09911603719827139
cD3,716,2.852589641434263,0.06255858597527165
cD3,717,2.856573705179283,-0.10993849049906167
cD3,718,2.860557768924303,0.08544577085828593
cD3,719,2.864541832669323,-0.09326330575642297
cD3,720,2.8685258964143427,0.04117142078208139
cD3,721,2.8725099601593627,-0.0603663367867762
cD3,722,2.8764940239043826,0.14910161213076187
cD3,723,2.8804780876494025,-0.09378963353269759
cD3,724,2.8844621513944224,0.05302852645991191
cD3,725,2.8884462151394423,0.022949137386871644
cD3,726,2.8924302788844622,0.02719323483478512
cD3,727,2.896414342629482,-0.054013333182672894
cD3,728,2.900398406374502,0.03879578732878472
cD3,729,2.904382470119522,-0.04097822496277896
cD3,730,2.908366533864542,0.005563907930563338
cD3,731,2.912350597609562,0.11884510989352995
cD3,732,2.9163346613545817,-0.044571691695530574
cD3,733,2.9203187250996017,-0.1443839412226399
cD3,734,2.9243027888446216,0.07030733245891124
cD3,735,2.9282868525896415,-0.05053016059289436
cD3,736,2.9322709163346614,0.057946785107404204
cD3,737,2.9362549800796813,-0.01043642224235994
cD3,738,2.9402390438247012,-0.007327667698139451
cD3,739,2.944223107569721,0.09899959656174595
cD3,740,2.948207171314741,-0.08389428250392701
cD3,741,2.952191235059761,-0.08368231555304435
cD3,742,2.956175298804781,0.07218891221828247
cD3,743,2.960159362549801,-0.01629642542962263
cD3,744,2.9641434262948207,-0.022427005189034142
cD3,745,2.9681274900398407,0.022523268708855154
cD3,746,2.9721115537848606,-0.05810359142263204
cD3,747,2.9760956175298805,0.015380109253992694
cD3,748,2.9800796812749004,-0.03309425653312025
cD3,749,2.9840637450199203,0.03226633216944573
cD3,750,2.9880478087649402,-0.09749550532528425
cD3,751,2.99203187250996,0.18052100323517117
cD3,752,2.99601593625498,-0.11961523721003224
cD3,753,3.0,0.08804441867656831
cD3,754,3.00398406374502,-0.13157432094365026
cD3,755,3.00796812749004,0.16656686627689102
cD3,756,3.0119521912350598,-0.05184024317015669
cD3,757,3.0159362549800797,-0.05706314158522883
cD3,758,3.0199203187250996,0.06190713939771826
cD3,759,3.0239043824701195,-0.03956128022274026
cD3,760,3.0278884462151394,0.07253899050556868
cD3,761,3.0318725099601593,-0.15576228856941904
cD3,762,3.0358565737051793,0.17897536257658414
cD3,763,3.039840637450199,0.12257518970327333
cD3,764,3.043824701195219,-0.5762706077861157
cD3,765,3.047808764940239,0.025192783327141064
cD3,766,3.051792828685259,1.020239756133064
cD3,767,3.055776892430279,-0.23192230596684998
cD3,768,3.0597609561752988,-0.22461881990307342
cD3,769,3.0637450199203187,-1.200836948963439
cD3,770,3.0677290836653386,0.8292145069157548
cD3,771,3.0717131474103585,0.27046065350116333
cD3,772,3.0756972111553784,-0.07944815178598309
cD3,773,3.0796812749003983,0.20652619116271703
cD3,774,3.0836653386454183,-0.46002091847851334
cD3,775,3.087649402390438,-0.05310479706443193
cD3,776,3.091633466135458,0.16800654581844965
cD3,777,3.095617529880478,0.2783172170131677
cD3,778,3.099601593625498,-0.33739896714254647
cD3,779,3.103585657370518,0.07066424021301797
cD3,780,3.1075697211155378,0.09459478318337165
cD3,781,3.1115537848605577,0.10424223623416522
cD3,782,3.1155378486055776,-0.12345208718359008
cD3,783,3.1195219123505975,-0.009844624998935216
cD3,784,3.1235059760956174,0.05661464395238988
cD3,785,3.1274900398406373,-0.17930886472465637
cD3,786,3.1314741035856573,-0.015502675885770121
cD3,787,3.135458167330677,0.1254571364062481
cD3,788,3.139442231075697,0.015072176954593852
cD3,789,3.143426294820717,-0.00904871477313273
cD3,790,3.147410358565737,0.020255997470330373
cD3,791,3.151394422310757,0.07006987670455914
cD3,792,3.1553784860557768,0.0015305514462326808
cD3,793,3.1593625498007967,-0.144722024613439
cD3,794,3.1633466135458166,0.2704039488967553
cD3,795,3.1673306772908365,-0.13496750122700976
cD3,796,3.1713147410358564,0.09442810867377115
cD3,797,3.1752988047808763,-0.10309564850264918
cD3,798,3.1792828685258963,-0.13225206862050043
cD3,799,3.183266932270916,0.32320402346257354
cD3,800,3.187250996015936,-0.34454857618253953
cD3,801,3.191235059760956,0.4925589552289656
cD3,802,3.195219123505976,0.003728536728640191
cD3,803,3.199203187250996,-0.3506597961241992
cD3,804,3.2031872509960158,0.35636122235856826
cD3,805,3.2071713147410357,-0.2817732983659084
cD3,806,3.2111553784860556,0.07720485078436225
cD3,807,3.2151394422310755,0.0240807993327814
cD3,808,3.2191235059760954,-0.1032247431820924
cD3,809,3.2231075697211153,0.06036775335485123
cD3,810,3.2270916334661353,-0.044955089607427945
cD3,811,3.231075697211155,-0.01775697604770971
cD3,812,3.235059760956175,0.003977473724799399
cD3,813,3.239043824701195,-0.12232911597763335
cD3,814,3.243027888446215,0.03137246957704194
cD3,815,3.247011952191235,-0.03365766485544671
cD3,816,3.2509960159362548,0.10357648109317483
cD3,817,3.2549800796812747,-0.058460296599504136
cD3,818,3.2589641434262946,-0.043290398223273484
cD3,819,3.2629482071713145,0.04813283713599571
cD3,820,3.2669322709163344,-0.10458397649338429
cD3,821,3.2709163346613543,0.12722528291310908
cD3,822,3.2749003984063743,-0.07950409397578119
cD3,823,3.278884462151394,0.013156378789992465
cD3,824,3.282868525896414,0.20218777454028933
cD3,825,3.286852589641434,0.007402361017450478
cD3,826,3.290836653386454,-0.26448509982444723
cD3,827,3.294820717131474,0.1153248393528056
cD3,828,3.2988047808764938,-0.12393882736771304
cD3,829,3.3027888446215137,-0.06136269028255971
cD3,830,3.3067729083665336,0.0908009359519395
cD3,831,3.3107569721115535,0.09299293840117681
cD3,832,3.3147410358565734,-0.21799342716184933
cD3,833,3.318725099601594,0.17413794548570974
cD3,834,3.3227091633466137,-0.03280905287416819
cD3,835,3.3266932270916336,-0.02118154526497443
cD3,836,3.3306772908366535,-0.031002002171215706
cD3,837,3.3346613545816735,0.02321763296884087
cD3,838,3.3386454183266934,0.05718520178931495
cD3,839,3.3426294820717133,0.023940329856293262
cD3,840,3.346613545816733,-0.10631257936610998
cD3,841,3.350597609561753,-0.00029624127817459874
cD3,842,3.354581673306773,0.040761129478174875
cD3,843,3.358565737051793,-0.0076102298912274135
cD3,844,3.362549800796813,-0.03554917307798222
cD3,845,3.366533864541833,-0.0083024233059588
cD3,846,3.3705179282868527,0.05747670885123076
cD3,847,3.3745019920318726,0.09099332487252296
cD3,848,3.3784860557768925,-0.09760510841086303
cD3,849,3.3824701195219125,0.16922064300875075
cD3,850,3.3864541832669324,0.4036425618311933
cD3,851,3.3904382470119523,0.027423281576004627
cD3,852,3.394422310756972,0.16075517727577052
cD3,853,3.398406374501992,0.16638492848260825
cD3,854,3.402390438247012,-0.6224091546096514
cD3,855,3.406374501992032,0.419230057134427
cD3,856,3.410358565737052,-0.3219870291783618
cD3,857,3.414342629482072,0.3660901186404576
cD3,858,3.4183266932270917,-0.22322649232644337
cD3,859,3.4223107569721116,-0.1727348066394923
cD3,860,3.4262948207171315,0.15711814093223503
cD3,861,3.4302788844621515,0.32437701846650113
cD3,862,3.4342629482071714,-0.3716698036857075
cD3,863,3.4382470119521913,0.08445781958777196
cD3,864,3.442231075697211,0.10931871204626406
cD3,865,3.446215139442231,-0.2554927885609746
cD3,866,3.450199203187251,0.23912109701832862
cD3,867,3.454183266932271,-0.08173174390697734
cD3,868,3.458167330677291,0.013670354500088116
cD3,869,3.462151394422311,0.052569120755213423
cD3,870,3.4661354581673307,0.0985830094842742
cD3,871,3.4701195219123506,-0.04966405358320688
cD3,872,3.4741035856573705,-0.05063768245675296
cD3,873,3.4780876494023905,0.017174349238200194
cD3,874,3.4820717131474104,-0.007537751946506976
cD3,875,3.4860557768924303,0.010744822032305777
cD3,876,3.49003984063745,0.09438158979743419
cD3,877,3.49402390438247,-0.09583572656363674
cD3,878,3.49800796812749,0.04234938809778866
cD3,879,3.50199203187251,-0.05804207314637337
cD3,880,3.50597609561753,-0.05456040920219056
cD3,881,3.50996015936255,0.11397474959897777
cD3,882,3.5139442231075697,-0.10593283117437353
cD3,883,3.5179282868525896,0.06519159415822295
cD3,884,3.5219123505976095,0.06833251562197282
cD3,885,3.5258964143426295,-0.17682771101431022
cD3,886,3.5298804780876494,-0.03289444332677968
cD3,887,3.5338645418326693,0.07737590138381356
cD3,888,3.537848605577689,0.062050812088927
cD3,889,3.541832669322709,-0.11283298949591274
cD3,890,3.545816733067729,0.14659745455921414
cD3,891,3.549800796812749,-0.0943003029311198
cD3,892,3.553784860557769,0.030027832974448193
cD3,893,3.557768924302789,0.0444282974362102
cD3,894,3.5617529880478087,-0.11665536932392288
cD3,895,3.5657370517928286,-0.1444864348150108
cD3,896,3.5697211155378485,0.13342110183470982
cD3,897,3.5737051792828685,-0.07402213123173836
cD3,898,3.5776892430278884,0.14911284560993268
cD3,899,3.5816733067729083,-0.0932896381965062
cD3,900,3.585657370517928,-0.035445791950944855
cD3,901,3.589641434262948,-0.003497581314349762
cD3,902,3.593625498007968,-0.002945961429953299
cD3,903,3.597609561752988,-0.1863257915240968
cD3,904,3.601593625498008,0.14279555327851434
cD3,905,3.605577689243028,0.09043443122556129
cD3,906,3.6095617529880477,-0.11529923214034164
cD3,907,3.6135458167330676,-0.01890565746644087
cD3,908,3.6175298804780875,-0.016074280961787393
cD3,909,3.6215139442231075,0.015318346111041997
cD3,910,3.6254980079681274,-0.06389539029898475
cD3,911,3.6294820717131473,0.20895109822526042
cD3,912,3.633466135458167,-0.05038633794417088
cD3,913,3.637450199203187,0.058681633771786444
cD3,914,3.641434262948207,0.027070774917466546
cD3,915,3.645418326693227,-0.044003286933473704
cD3,916,3.649402390438247,-0.12838698893570122
cD3,917,3.653386454183267,0.0791133593789249
cD3,918,3.6573705179282867,-0.03962747118238472
cD3,919,3.6613545816733066,-0.037174660630757715
cD3,920,3.6653386454183265,0.09373445104322858
cD3,921,3.6693227091633465,-0.10859485568297236
cD3,922,3.6733067729083664,-0.023677194832128566
cD3,923,3.6772908366533863,-0.015108358088174997
cD3,924,3.681274900398406,-0.06420831112093604
cD3,925,3.685258964143426,0.02642741659201254
cD3,926,3.689243027888446,-0.018909593945112713
cD3,927,3.693227091633466,-0.062116695091476985
cD3,928,3.697211155378486,0.21824204692260007
cD3,929,3.701195219123506,-0.23948938766855007
cD3,930,3.7051792828685257,0.1990179518081246
cD3,931,3.7091633466135456,-0.19540629190260678
cD3,932,3.7131474103585655,0.03598164691318213
cD3,933,3.7171314741035855,-0.03719951555649513
cD3,934,3.7211155378486054,0.474007163702698
cD3,935,3.7250996015936253,-0.7923253915902353
cD3,936,3.729083665338645,0.061830666428415545
cD3,937,3.733067729083665,0.29589273580518827
cD3,938,3.737051792828685,-0.11526609495159296
cD3,939,3.741035856573705,-0.3173510738788186
cD3,940,3.745019920318725,0.11464100394553173
cD3,941,3.749003984063745,0.22722334173689207
cD3,942,3.7529880478087647,-0.16821561437061391
cD3,943,3.7569721115537846,0.07844401167022359
cD3,944,3.7609561752988045,-0.08545821317355556
cD3,945,3.7649402390438245,0.1671199742349452
cD3,946,3.7689243027888444,-0.18221495999208523
cD3,947,3.7729083665338643,0.07002416649786787
cD3,948,3.776892430278884,0.03272387389781442
cD3,949,3.780876494023904,-0.10539886033831398
cD3,950,3.784860557768924,0.17134218069751694
cD3,951,3.788844621513944,-0.16919547398774565
cD3,952,3.792828685258964,-0.12584733801743528
cD3,953,3.796812749003984,0.050049004710095
cD3,954,3.8007968127490037,-0.0820672701228737
cD3,955,3.8047808764940236,-0.14210537314591903
cD3,956,3.8087649402390436,0.18995594183250442
cD3,957,3.8127490039840635,-0.09982867748769077
cD3,958,3.8167330677290834,-0.022896463638593583
cD3,959,3.8207171314741033,0.04634749932667201
cD3,960,3.8247011952191237,-0.05808291319689583
cD3,961,3.8286852589641436,0.1361654633617393
cD3,962,3.8326693227091635,-0.0551779108948501
cD3,963,3.8366533864541834,0.08303727534913315
cD3,964,3.8406374501992033,-0.03900171434048943
cD3,965,3.8446215139442232,-0.0413977019323011
cD3,966,3.848605577689243,0.0001505965227114035
cD3,967,3.852589641434263,-0.1694337719613378
cD3,968,3.856573705179283,0.1534910169316691
cD3,969,3.860557768924303,-0.09065591173389766
cD3,970,3.864541832669323,0.04351338943242928
cD3,971,3.8685258964143427,0.07412703606952045
cD3,972,3.8725099601593627,0.21631272817432895
cD3,973,3.8764940239043826,-0.245677455497299
cD3,974,3.8804780876494025,0.12749642204169978
cD3,975,3.8844621513944224,-0.1854472357257102
cD3,976,3.8884462151394423,0.06288311486519312
cD3,977,3.8924302788844622,0.03275227931608348
cD3,978,3.896414342629482,-0.12208639221211671
cD3,979,3.900398406374502,0.22801812469914623
cD3,980,3.904382470119522,0.006641984224082687
cD3,981,3.908366533864542,0.026431515276738957
cD3,982,3.912350597609562,-0.0524798300345586
cD3,983,3.9163346613545817,-0.06398808549645853
cD3,984,3.9203187250996017,0.1156716755063604
cD3,985,3.9243027888446216,-0.05121083295627716
cD3,986,3.9282868525896415,0.01539791030606158
cD3,987,3.9322709163346614,0.01312328320662914
cD3,988,3.9362549800796813,-0.013883074333979856
cD3,989,3.9402390438247012,-0.15818262656728146
cD3,990,3.944223107569721,-0.004169207476030142
cD3,991,3.948207171314741,0.059167593301161184
cD3,992,3.952191235059761,-0.08688483146750575
cD3,993,3.956175298804781,0.06049742576613347
cD3,994,3.960159362549801,-0.023124330455680034
cD3,995,3.9641434262948207,0.11110364052481775
cD3,996,3.9681274900398407,-0.17421809853169085
cD3,997,3.9721115537848606,-0.021279636448036442
cD3,998,3.9760956175298805,0.048342827369957514
cD3,999,3.9800796812749004,0.11099733086270323
cD3,1000,3.9840637450199203,-0.199818060886781
cD3,1001,3.9880478087649402,0.10942848301712617
cD3,1002,3.99203187250996,0.08448350719942203
cD3,1003,3.99601593625498,0.12908092544385527
cD3,1004,4.0,-0.2129555363632066
cD3,1005,4.00398406374502,-0.6465075758910718
cD3,1006,4.00796812749004,0.09282221258222309
cD3,1007,4.01195219123506,0.71059163157171
cD3,1008,4.01593625498008,-0.15112707547053164
cD3,1009,4.0199203187251,0.11845004269815086
cD3,1010,4.0239043824701195,-0.030232117803118186
cD3,1011,4.027888446215139,-0.47652756915041866
cD3,1012,4.031872509960159,-0.06547339248323086
cD3,1013,4.035856573705179,0.44742247629061244
cD3,1014,4.039840637450199,-0.2306650667879284
cD3,1015,4.043824701195219,0.786132287082705
cD3,1016,4.047808764940239,-0.4111098106685079
cD3,1017,4.051792828685259,-0.6601652778816738
cD3,1018,4.055776892430279,0.5118684509261159
cD3,1019,4.059760956175299,0.23856447246717621
cD3,1020,4.063745019920319,-0.29030578567420295
cD3,1021,4.067729083665339,-0.05795185229569426
cD3,1022,4.0717131474103585,0.12968577411414856
cD3,1023,4.075697211155378,0.117499120360745
cD3,1024,4.079681274900398,-0.2583593590457496
cD3,1025,4.083665338645418,-0.004792831485567316
cD3,1026,4.087649402390438,-0.06188039382931697
cD3,1027,4.091633466135458,-0.005306771896673555
cD3,1028,4.095617529880478,0.029598674561541555
cD3,1029,4.099601593625498,0.08972092409004083
cD3,1030,4.103585657370518,-0.12045866362323362
cD3,1031,4.107569721115538,0.2108189084879272
cD3,1032,4.111553784860558,-0.029616067459701446
cD3,1033,4.115537848605578,-0.045213892766914045
cD3,1034,4.1195219123505975,0.24360435187575513
cD3,1035,4.123505976095617,-0.40016269092336987
cD3,1036,4.127490039840637,0.0069443722045037255
cD3,1037,4.131474103585657,0.2002455452876157
cD3,1038,4.135458167330677,0.3095664042476979
cD3,1039,4.139442231075697,-0.19780193739661944
cD3,1040,4.143426294820717,-0.1650241943675491
cD3,1041,4.147410358565737,0.1507195586357655
cD3,1042,4.151394422310757,-0.6000489825616182
cD3,1043,4.155378486055777,0.5721390963775265
cD3,1044,4.159362549800797,-0.27564238497304117
cD3,1045,4.163346613545817,0.2875250297886726
cD3,1046,4.1673306772908365,-0.08802528326539667
cD3,1047,4.171314741035856,-0.04748009407398631
cD3,1048,4.175298804780876,0.14436589470954145
cD3,1049,4.179282868525896,-0.20743799445635056
cD3,1050,4.183266932270916,0.10167292974908233
cD3,1051,4.187250996015936,0.10591847279619113
cD3,1052,4.191235059760956,-0.14527368291995818
cD3,1053,4.195219123505976,0.31404770991717457
cD3,1054,4.199203187250996,-0.39203122971026355
cD3,1055,4.203187250996016,0.4082897056768635
cD3,1056,4.207171314741036,-0.2588439368070756
cD3,1057,4.211155378486056,0.06230923845968042
cD3,1058,4.2151394422310755,0.062385839592928725
cD3,1059,4.219123505976095,0.038020543094837767
cD3,1060,4.223107569721115,0.05906570830700764
cD3,1061,4.227091633466135,-0.024582289098876817
cD3,1062,4.231075697211155,-0.19309008181640502
cD3,1063,4.235059760956175,0.16576559141932734
cD3,1064,4.239043824701195,0.08437743684242424
cD3,1065,4.243027888446215,-0.15870113328651406
cD3,1066,4.247011952191235,-0.12264125053619632
cD3,1067,4.250996015936255,0.2511527122513418
cD3,1068,4.254980079681275,-0.11005085092644837
cD3,1069,4.258964143426295,0.026315972079433026
cD3,1070,4.2629482071713145,-0.08694586181042495
cD3,1071,4.266932270916334,0.0682455507717041
cD3,1072,4.270916334661354,-0.007720715188967135
cD3,1073,4.274900398406374,0.011542896101059491
cD3,1074,4.278884462151394,-0.0015244817787399714
cD3,1075,4.282868525896414,-0.030743426299971312
cD3,1076,4.286852589641434,-0.04542545612266987
cD3,1077,4.290836653386454,0.19519102901784569
cD3,1078,4.294820717131474,-0.16130533324129126
cD3,1079,4.298804780876494,0.05442822251664219
cD3,1080,4.302788844621514,-0.0026612779438016285
cD3,1081,4.306772908366534,0.10000144884293594
cD3,1082,4.3107569721115535,-0.05690775453206485
cD3,1083,4.314741035856573,0.08727699886524348
cD3,1084,4.318725099601593,-0.06199166065728718
cD3,1085,4.322709163346613,-0.020411947865844347
cD3,1086,4.326693227091633,0.0017593014943406747
cD3,1087,4.330677290836653,0.0998407508274725
cD3,1088,4.334661354581673,-0.022483136306011803
cD3,1089,4.338645418326693,0.006329310612698804
cD3,1090,4.342629482071713,-0.030592156148175835
cD3,1091,4.346613545816733,0.16352924912677064
cD3,1092,4.350597609561753,-0.2702680631674381
cD3,1093,4.354581673306773,0.11260439585508189
cD3,1094,4.3585657370517925,0.8573774973211132
cD3,1095,4.362549800796812,-0.4715161598164114
cD3,1096,4.366533864541832,0.6676923417766111
cD3,1097,4.370517928286852,0.3175323312318669
cD3,1098,4.374501992031872,-1.401597754760029
cD3,1099,4.378486055776892,0.7976253366612839
cD3,1100,4.382470119521912,-0.361830145755438
cD3,1101,4.386454183266932,0.3450803534363817
cD3,1102,4.390438247011952,0.07091452992425504
cD3,1103,4.394422310756972,-0.5034238278294897
cD3,1104,4.398406374501992,0.4491126698099425
cD3,1105,4.402390438247012,-0.1894058844019253
cD3,1106,4.4063745019920315,-0.09108811871815505
cD3,1107,4.410358565737051,-0.002131314819944642
cD3,1108,4.414342629482071,0.07044811658968286
cD3,1109,4.418326693227091,-0.06220926303088809
cD3,1110,4.422310756972111,-0.03070253898192024
cD3,1111,4.426294820717131,0.11320768214369807
cD3,1112,4.430278884462151,-0.09198273958467873
cD3,1113,4.434262948207171,0.07304886208852604
cD3,1114,4.438247011952191,0.03563189301059072
cD3,1115,4.442231075697211,-0.10786193818286838
cD3,1116,4.446215139442231,0.017270968094103757
cD3,1117,4.450199203187251,0.0025532477878479577
cD3,1118,4.4541832669322705,0.022820521456776027
cD3,1119,4.45816733067729,0.013581332993227443
cD3,1120,4.46215139442231,-0.034905969775389685
cD3,1121,4.46613545816733,0.04377212501290504
cD3,1122,4.47011952191235,-0.1648812631228418
cD3,1123,4.47410358565737,0.16755710272461244
cD3,1124,4.47808764940239,-0.06309970077796317
cD3,1125,4.48207171314741,-0.04866808764081007
cD3,1126,4.48605577689243,0.15103633194480576
cD3,1127,4.49003984063745,-0.10992290721000982
cD3,1128,4.49402390438247,0.13104427376395222
cD3,1129,4.49800796812749,-0.18484187442925837
cD3,1130,4.5019920318725095,0.06090227981414149
cD3,1131,4.505976095617529,-0.0988659352381732
cD3,1132,4.509960159362549,0.08042098274593577
cD3,1133,4.513944223107569,-0.10021428767624582
cD3,1134,4.517928286852589,0.13028639750777937
cD3,1135,4.521912350597609,-0.01054449745211187
cD3,1136,4.525896414342629,-0.051383306438788794
cD3,1137,4.529880478087649,0.010323011947962011
cD3,1138,4.533864541832669,-0.1187448674171455
cD3,1139,4.537848605577689,0.15248533164223027
cD3,1140,4.541832669322709,-0.05163307920579177
cD3,1141,4.545816733067729,0.01089416712338796
cD3,1142,4.5498007968127485,-0.007863559591063132
cD3,1143,4.553784860557768,-0.05193758871125205
cD3,1144,4.557768924302788,-0.027085983530817485
cD3,1145,4.561752988047808,0.018017957686062132
cD3,1146,4.565737051792828,0.05829376390042226
cD3,1147,4.569721115537848,-0.003913063754111897
cD3,1148,4.573705179282868,-0.03775442133506476
cD3,1149,4.577689243027888,-0.062262608792075645
cD3,1150,4.581673306772908,0.122390692149847
cD3,1151,4.585657370517928,-0.09276606829055348
cD3,1152,4.589641434262948,-0.007195662455511329
cD3,1153,4.5936254980079685,-0.04868597536797634
cD3,1154,4.597609561752988,0.06921586365711917
cD3,1155,4.601593625498008,-0.028244827947894405
cD3,1156,4.605577689243028,-0.025966918859270608
cD3,1157,4.609561752988048,-0.01610230714064866
cD3,1158,4.613545816733068,0.04080672362367174
cD3,1159,4.617529880478088,-0.054288740156820156
cD3,1160,4.621513944223108,-0.007901403420651525
cD3,1161,4.625498007968128,0.1801060741776608
cD3,1162,4.629482071713148,-0.11349363047191877
cD3,1163,4.633466135458168,-0.026836901180451168
cD3,1164,4.637450199203188,0.005522558325196821
cD3,1165,4.6414342629482075,-0.027638313455357708
cD3,1166,4.645418326693227,0.05031434028147163
cD3,1167,4.649402390438247,-0.04574086996768051
cD3,1168,4.653386454183267,0.014686238812699053
cD3,1169,4.657370517928287,0.0035061877884082376
cD3,1170,4.661354581673307,-0.006927028639777458
cD3,1171,4.665338645418327,0.1907626089762439
cD3,1172,4.669322709163347,-0.1324699197466918
cD3,1173,4.673306772908367,-0.053605963083050025
cD3,1174,4.677290836653387,0.12318647577816155
cD3,1175,4.681274900398407,-0.04206954428706051
cD3,1176,4.685258964143427,0.01410913874055947
cD3,1177,4.6892430278884465,0.0274954916541784
cD3,1178,4.693227091633466,0.037641989360782245
cD3,1179,4.697211155378486,-0.0542827311885326
cD3,1180,4.701195219123506,-0.018847067034282714
cD3,1181,4.705179282868526,0.04143275125843828
cD3,1182,4.709163346613546,-0.025913327594734508
cD3,1183,4.713147410358566,0.021090648256900133
cD3,1184,4.717131474103586,-0.00920014044358344
cD3,1185,4.721115537848606,-0.0133876734747656
cD3,1186,4.725099601593626,0.0755110977300593
cD3,1187,4.729083665338646,-0.202776574283795
cD3,1188,4.733067729083666,0.12347210654227042
cD3,1189,4.7370517928286855,-0.13347848551887964
cD3,1190,4.741035856573705,0.1608350466082102
cD3,1191,4.745019920318725,-0.10823602430594069
cD3,1192,4.749003984063745,0.15506843042138202
cD3,1193,4.752988047808765,-0.19637533657570508
cD3,1194,4.756972111553785,0.08039852136653525
cD3,1195,4.760956175298805,-0.10481383386239553
cD3,1196,4.764940239043825,-0.03667861163074695
cD3,1197,4.768924302788845,0.049122905419643564
cD3,1198,4.772908366533865,0.041105929909568927
cD3,1199,4.776892430278885,0.04238092324847943
cD3,1200,4.780876494023905,-0.0481549106150782
cD3,1201,4.7848605577689245,-0.024541715080840028
cD3,1202,4.788844621513944,0.02512327669116787
cD3,1203,4.792828685258964,-0.10321245746053262
cD3,1204,4.796812749003984,0.044914748580027336
cD3,1205,4.800796812749004,-0.007601778276138739
cD3,1206,4.804780876494024,0.09574575360233281
cD3,1207,4.808764940239044,0.06777426268163952
cD3,1208,4.812749003984064,-0.05703572751481236
cD3,1209,4.816733067729084,-0.05555400814773175
cD3,1210,4.820717131474104,-0.035255591567774545
cD3,1211,4.824701195219124,0.05097971968601613
cD3,1212,4.828685258964144,0.0008305041757743156
cD3,1213,4.8326693227091635,-0.007837760728350565
cD3,1214,4.836653386454183,0.08903286328898027
cD3,1215,4.840637450199203,-0.10383973439055869
cD3,1216,4.844621513944223,0.12945314377825323
cD3,1217,4.848605577689243,-0.015411833654897929
cD3,1218,4.852589641434263,0.049880154088801164
cD3,1219,4.856573705179283,-0.05357485520342033
cD3,1220,4.860557768924303,0.11939017402381691
cD3,1221,4.864541832669323,0.04101808900705516
cD3,1222,4.868525896414343,-0.08616624782445555
cD3,1223,4.872509960159363,-0.05456189641585664
cD3,1224,4.876494023904383,0.05140017792540972
cD3,1225,4.8804780876494025,-0.02363537312555046
cD3,1226,4.884462151394422,-0.11378914977669445
cD3,1227,4.888446215139442,0.13329146595968816
cD3,1228,4.892430278884462,-0.008341306331444217
cD3,1229,4.896414342629482,-0.004587939977625288
cD3,1230,4.900398406374502,0.013511547046303966
cD3,1231,4.904382470119522,0.003283274811010548
cD3,1232,4.908366533864542,-0.07905693607080505
cD3,1233,4.912350597609562,0.00773561784356616
cD3,1234,4.916334661354582,-0.039877362459621236
cD3,1235,4.920318725099602,0.07907040558419
cD3,1236,4.924302788844622,-0.046774332453935585
cD3,1237,4.9282868525896415,-0.02030307481213143
cD3,1238,4.932270916334661,0.03793864787727733
cD3,1239,4.936254980079681,-0.04947244600655591
cD3,1240,4.940239043824701,0.016534555140850095
cD3,1241,4.944223107569721,-0.06516919722119564
cD3,1242,4.948207171314741,0.08977786068132183
cD3,1243,4.952191235059761,0.053612531218816824
cD3,1244,4.956175298804781,-0.06075861603663054
cD3,1245,4.960159362549801,0.009391271663533257
cD3,1246,4.964143426294821,-0.05857498452253367
cD3,1247,4.968127490039841,0.058933105672258596
cD3,1248,4.972111553784861,-0.1118855193067107
cD3,1249,4.9760956175298805,0.14331780144098016
cD3,1250,4.9800796812749,-0.1014109964009699
cD3,1251,4.98406374501992,0.11257185055596798
cD3,1252,4.98804780876494,-0.11269433003755172
cD3,1253,4.99203187250996,0.09980695716317527
cD3,1254,4.99601593625498,-0.1376323258363505
cD3,1255,5.0,0.08697030311892764
cD3,1256,5.00398406374502,-0.06302640113777212
cD3,1257,5.00796812749004,0.118135715060984
cD3,1258,5.01195219123506,-0.05944943839167482
cD3,1259,5.01593625498008,0.10962970353234444
cD3,1260,5.0199203187251,-0.06800015522863631
cD3,1261,5.0239043824701195,-0.01773992288502052
cD3,1262,5.027888446215139,-0.05746917526116993
cD3,1263,5.031872509960159,-0.03392357129238558
cD3,1264,5.035856573705179,0.02268218474001002
cD3,1265,5.039840637450199,0.03431742272026397
cD3,1266,5.043824701195219,-0.020412428029418717
cD3,1267,5.047808764940239,-0.0851834671947417
cD3,1268,5.051792828685259,0.042762060263673685
cD3,1269,5.055776892430279,-0.16620926990152196
cD3,1270,5.059760956175299,0.0750912765585332
cD3,1271,5.063745019920319,-0.0630368069918453
cD3,1272,5.067729083665339,0.10853870115905813
cD3,1273,5.0717131474103585,-0.027236779199374773
cD3,1274,5.075697211155378,0.05156164242125804
cD3,1275,5.079681274900398,-0.07321041833638504
cD3,1276,5.083665338645418,0.011267253330724076
cD3,1277,5.087649402390438,-0.06815226504205996
cD3,1278,5.091633466135458,0.1639283346187499
cD3,1279,5.095617529880478,-0.08611170553808177
cD3,1280,5.099601593625498,0.18668924975797005
cD3,1281,5.103585657370518,0.2559338787760057
cD3,1282,5.107569721115538,-0.1184589697313902
cD3,1283,5.111553784860558,-0.4877568674764304
cD3,1284,5.115537848605578,-0.2874763155465969
cD3,1285,5.1195219123505975,0.8550689913243046
cD3,1286,5.123505976095617,-0.5952192882807693
cD3,1287,5.127490039840637,0.9111915353233333
cD3,1288,5.131474103585657,-1.237594689749752
cD3,1289,5.135458167330677,0.20343215739990478
cD3,1290,5.139442231075697,0.3743810685505546
cD3,1291,5.143426294820717,-0.22285579343722217
cD3,1292,5.147410358565737,0.10335586500503312
cD3,1293,5.151394422310757,0.6102668669185033
cD3,1294,5.155378486055777,-0.5810458355985493
cD3,1295,5.159362549800797,-0.4552264919324774
cD3,1296,5.163346613545817,0.5063363177837303
cD3,1297,5.1673306772908365,0.19135102089983208
cD3,1298,5.171314741035856,-0.437343251549125
cD3,1299,5.175298804780876,0.013582741019109005
cD3,1300,5.179282868525896,0.032304328888962855
cD3,1301,5.183266932270916,0.16334516352627243
cD3,1302,5.187250996015936,-0.14445347453368498
cD3,1303,5.191235059760956,-0.11116885970511672
cD3,1304,5.195219123505976,0.09683028361851563
cD3,1305,5.199203187250996,-0.12015009536854014
cD3,1306,5.203187250996016,-0.061053870938039476
cD3,1307,5.207171314741036,0.19997952149064663
cD3,1308,5.211155378486056,-0.0716820866229327
cD3,1309,5.2151394422310755,0.24095157269934853
cD3,1310,5.219123505976095,-0.4945161030156771
cD3,1311,5.223107569721115,0.3271839789979143
cD3,1312,5.227091633466135,-0.10927908010100926
cD3,1313,5.231075697211155,0.1512478520364917
cD3,1314,5.235059760956175,-0.15118463310458602
cD3,1315,5.239043824701195,0.3949862354444101
cD3,1316,5.243027888446215,-0.2506981220399357
cD3,1317,5.247011952191235,-0.1787512356201629
cD3,1318,5.250996015936255,0.21815879719139034
cD3,1319,5.254980079681275,0.007803201230150161
cD3,1320,5.258964143426295,-0.054476438190205506
cD3,1321,5.2629482071713145,-0.2198743923638387
cD3,1322,5.266932270916334,0.06436896334168994
cD3,1323,5.270916334661354,0.2838200558410928
cD3,1324,5.274900398406374,-0.1893094911964402
cD3,1325,5.278884462151394,0.21276867322974236
cD3,1326,5.282868525896414,-0.20719680087396553
cD3,1327,5.286852589641434,0.05626223196901936
cD3,1328,5.290836653386454,0.12472050332799099
cD3,1329,5.294820717131474,-0.21964256348229722
cD3,1330,5.298804780876494,0.08884426573180429
cD3,1331,5.302788844621514,0.0693232882971595
cD3,1332,5.306772908366534,-0.04316496763724021
cD3,1333,5.3107569721115535,-0.08577297793332163
cD3,1334,5.314741035856573,0.08593034421786086
cD3,1335,5.318725099601593,-0.06201850542877066
cD3,1336,5.322709163346613,-0.06325995454407886
cD3,1337,5.326693227091633,0.11040378666301018
cD3,1338,5.330677290836653,0.01561194778181965
cD3,1339,5.334661354581673,0.10273554103205669
cD3,1340,5.338645418326693,-0.038579874247672494
cD3,1341,5.342629482071713,0.09151051624250678
cD3,1342,5.346613545816733,-0.20088795768812626
cD3,1343,5.350597609561753,0.10532060994873359
cD3,1344,5.354581673306773,0.07750168678899728
cD3,1345,5.3585657370517925,-0.14432983173433936
cD3,1346,5.362549800796812,0.2768666582617199
cD3,1347,5.366533864541832,-0.20680317069532342
cD3,1348,5.370517928286852,0.05416148119865037
cD3,1349,5.374501992031872,-0.009154308720809377
cD3,1350,5.378486055776892,-0.10682180079505857
cD3,1351,5.382470119521912,0.0675397995132586
cD3,1352,5.386454183266932,-0.060956808158066075
cD3,1353,5.390438247011952,0.11934558476179657
cD3,1354,5.394422310756972,0.03294110973615881
cD3,1355,5.398406374501992,-0.08814422275635336
cD3,1356,5.402390438247012,0.09068173632366723
cD3,1357,5.4063745019920315,-0.03460970331478872
cD3,1358,5.410358565737051,0.023710097430199657
cD3,1359,5.414342629482071,0.11368507176593601
cD3,1360,5.418326693227091,-0.07802312400407654
cD3,1361,5.422310756972111,0.11161649604212043
cD3,1362,5.426294820717131,-0.13633541532588794
cD3,1363,5.430278884462151,0.12082468350139175
cD3,1364,5.434262948207171,-0.046059165963380826
cD3,1365,5.438247011952191,-0.07894135048274661
cD3,1366,5.442231075697211,0.16880483733389823
cD3,1367,5.446215139442231,-0.09908086096526685
cD3,1368,5.450199203187251,0.1131971911315229
cD3,1369,5.4541832669322705,-0.1279667677213638
cD3,1370,5.45816733067729,0.4727113296926964
cD3,1371,5.46215139442231,-0.41799452692962924
cD3,1372,5.46613545816733,-1.2497884361143954
cD3,1373,5.47011952191235,1.2090794912020861
cD3,1374,5.47410358565737,-0.4822739273291439
cD3,1375,5.47808764940239,-0.20543808503294347
cD3,1376,5.48207171314741,0.3483108152065271
cD3,1377,5.48605577689243,-0.5453940093193468
cD3,1378,5.49003984063745,0.7065039947453997
cD3,1379,5.49402390438247,-0.3407908058774243
cD3,1380,5.49800796812749,0.08307390878183797
cD3,1381,5.5019920318725095,-0.13848220563428756
cD3,1382,5.505976095617529,0.29297256009719136
cD3,1383,5.509960159362549,-0.20110937384887875
cD3,1384,5.513944223107569,0.07897695104583767
cD3,1385,5.517928286852589,0.0018327514502281088
cD3,1386,5.521912350597609,0.08602144180487883
cD3,1387,5.525896414342629,-0.1999880519097274
cD3,1388,5.529880478087649,0.17390511059174069
cD3,1389,5.533864541832669,0.001620335228396453
cD3,1390,5.537848605577689,0.023655483414225804
cD3,1391,5.541832669322709,-0.019738719953396728
cD3,1392,5.545816733067729,-0.05661853554536503
cD3,1393,5.5498007968127485,0.02816713170948791
cD3,1394,5.553784860557768,0.06119179275465888
cD3,1395,5.557768924302788,-0.08163727279540588
cD3,1396,5.561752988047808,0.036484336198214465
cD3,1397,5.565737051792828,-0.01903528462365108
cD3,1398,5.569721115537848,0.05752842281638838
cD3,1399,5.573705179282868,-0.0437083248884187
cD3,1400,5.577689243027888,-0.04916862823027155
cD3,1401,5.581673306772908,0.018563963326910418
cD3,1402,5.585657370517928,-0.12643834240875543
cD3,1403,5.589641434262948,0.2036820449121879
cD3,1404,5.593625498007968,-0.1310722375839576
cD3,1405,5.5976095617529875,-0.004384602449297533
cD3,1406,5.601593625498007,0.09393028427475464
cD3,1407,5.605577689243027,-0.11608850207456017
cD3,1408,5.609561752988048,-0.052304247925808275
cD3,1409,5.613545816733068,0.12507954404913615
cD3,1410,5.617529880478088,-0.019566803266932362
cD3,1411,5.621513944223108,-0.10057675556542162
cD3,1412,5.625498007968128,0.25570305800900595
cD3,1413,5.629482071713148,-0.20595006380809103
cD3,1414,5.633466135458168,0.033551113569052986
cD3,1415,5.637450199203188,0.018501467742783467
cD3,1416,5.6414342629482075,0.043665642777227905
cD3,1417,5.645418326693227,-0.019597075705995448
cD3,1418,5.649402390438247,-0.0300269750186188
cD3,1419,5.653386454183267,0.11568727408102684
cD3,1420,5.657370517928287,-0.0007301889406575064
cD3,1421,5.661354581673307,-0.08930431300433314
cD3,1422,5.665338645418327,-0.05088313292938437
cD3,1423,5.669322709163347,0.13010677599331588
cD3,1424,5.673306772908367,-0.17926210421391148
cD3,1425,5.677290836653387,0.13493716770873596
cD3,1426,5.681274900398407,-0.05183003006823563
cD3,1427,5.685258964143427,0.015323408247961568
cD3,1428,5.6892430278884465,-0.07720631275879715
cD3,1429,5.693227091633466,0.0386755191508947
cD3,1430,5.697211155378486,-0.09243879244247231
cD3,1431,5.701195219123506,0.050758240741202866
cD3,1432,5.705179282868526,-0.1044695516364435
cD3,1433,5.709163346613546,0.06935005617947632
cD3,1434,5.713147410358566,-0.022099749232363186
cD3,1435,5.717131474103586,0.0351417160581731
cD3,1436,5.721115537848606,-0.023621122242827825
cD3,1437,5.725099601593626,0.06034772219330535
cD3,1438,5.729083665338646,-0.11341679887981922
cD3,1439,5.733067729083666,0.04117847062672696
cD3,1440,5.7370517928286855,0.015572034118277988
cD3,1441,5.741035856573705,0.10124391942768278
cD3,1442,5.745019920318725,-0.014444667637691566
cD3,1443,5.749003984063745,-0.07534074640252961
cD3,1444,5.752988047808765,0.1923778966397321
cD3,1445,5.756972111553785,-0.29076091074375293
cD3,1446,5.760956175298805,0.13637319697432523
cD3,1447,5.764940239043825,-0.026542580240104488
cD3,1448,5.768924302788845,-0.07171891557852196
cD3,1449,5.772908366533865,0.06650209678865371
cD3,1450,5.776892430278885,-0.023494817297021613
cD3,1451,5.780876494023905,0.07983081267731827
cD3,1452,5.7848605577689245,-0.08745813785049045
cD3,1453,5.788844621513944,-0.09324799347417079
cD3,1454,5.792828685258964,0.10914834308158129
cD3,1455,5.796812749003984,-0.046492950227216175
cD3,1456,5.800796812749004,-0.02356248442906728
cD3,1457,5.804780876494024,0.14105268194594806
cD3,1458,5.808764940239044,-0.08936013961538969
cD3,1459,5.812749003984064,-0.04158805472699407
cD3,1460,5.816733067729084,0.09465431169798469
cD3,1461,5.820717131474104,-0.06523640520140771
cD3,1462,5.824701195219124,-0.01070723079130868
cD3,1463,5.828685258964144,-0.015576541669762236
cD3,1464,5.8326693227091635,0.04486637243977633
cD3,1465,5.836653386454183,-0.08105331728522279
cD3,1466,5.840637450199203,0.012806622322314986
cD3,1467,5.844621513944223,-0.0019976394952533724
cD3,1468,5.848605577689243,0.0012078630659458777
cD3,1469,5.852589641434263,-0.037888304655282784
cD3,1470,5.856573705179283,0.04959650579350692
cD3,1471,5.860557768924303,-0.0017399042993269393
cD3,1472,5.864541832669323,-0.023052017743878606
cD3,1473,5.868525896414343,-0.03990929800452201
cD3,1474,5.872509960159363,-0.0034679238822054414
cD3,1475,5.876494023904383,-0.13033847228259313
cD3,1476,5.8804780876494025,0.13688597346237963
cD3,1477,5.884462151394422,-0.06223924116969355
cD3,1478,5.888446215139442,0.07550625156365232
cD3,1479,5.892430278884462,-0.08176851869793204
cD3,1480,5.896414342629482,0.1575327289367197
cD3,1481,5.900398406374502,-0.37101902517853225
cD3,1482,5.904382470119522,0.21020394490465905
cD3,1483,5.908366533864542,-0.1236757617586694
cD3,1484,5.912350597609562,0.14701153435639558
cD3,1485,5.916334661354582,-0.07379936747788483
cD3,1486,5.920318725099602,0.16291926917035643
cD3,1487,5.924302788844622,-0.19275315249909253
cD3,1488,5.9282868525896415,0.036581996345503236
cD3,1489,5.932270916334661,-0.05120452833998325
cD3,1490,5.936254980079681,0.0757487396782371
cD3,1491,5.940239043824701,-0.03371003994662048
cD3,1492,5.944223107569721,-0.016221165710374574
cD3,1493,5.948207171314741,0.08775806095086044
cD3,1494,5.952191235059761,-0.03898392916197347
cD3,1495,5.956175298804781,-0.11714905926084776
cD3,1496,5.960159362549801,0.1120848434633281
cD3,1497,5.964143426294821,-0.07870258661878803
cD3,1498,5.968127490039841,-0.041012248564209285
cD3,1499,5.972111553784861,0.04508519270149966
cD3,1500,5.9760956175298805,0.07739052416008974
cD3,1501,5.9800796812749,-0.09970686558270046
cD3,1502,5.98406374501992,0.054749688365494625
cD3,1503,5.98804780876494,-0.03182787269440549
cD3,1504,5.99203187250996,0.07530757376531119
cD3,1505,5.99601593625498,-0.11903420035516923
cD2,0,0.0,0.01255950711998775
cD2,1,0.0019966722129783694,0.0391869607855334
cD2,2,0.003993344425956739,-0.007073061563175593
cD2,3,0.005990016638935109,-0.0137577999896522
cD2,4,0.007986688851913478,0.007404509025662771
cD2,5,0.009983361064891847,0.0311027941795307
cD2,6,0.011980033277870217,-0.029739287866828383
cD2,7,0.013976705490848586,0.0007843387241515658
cD2,8,0.015973377703826955,0.0007926790653757648
cD2,9,0.017970049916805324,0.023821324040467416
cD2,10,0.019966722129783693,0.005063912168913694
cD2,11,0.021963394342762062,-0.024363462459789736
cD2,12,0.023960066555740435,-0.008510557262260384
cD2,13,0.025956738768718804,0.018919218993555635
cD2,14,0.027953410981697173,-0.028482865980516893
cD2,15,0.029950083194675542,0.06713234137701031
cD2,16,0.03194675540765391,-0.018739636323923458
cD2,17,0.03394342762063228,-0.06892086207114329
cD2,18,0.03594009983361065,0.1174595724863471
cD2,19,0.03793677204658902,-0.13185224769132037
cD2,20,0.03993344425956739,0.061674292066651856
cD2,21,0.041930116472545756,-0.004292223016683003
cD2,22,0.043926788685524125,-0.03935098311909199
cD2,23,0.045923460898502494,0.0733137095694836
cD2,24,0.04792013311148087,0.038293191463202605
cD2,25,0.04991680532445924,-0.02381605592767959
cD2,26,0.05191347753743761,-0.08903206609116805
cD2,27,0.05391014975041598,0.10776516078024818
cD2,28,0.055906821963394346,0.016603170954256598
cD2,29,0.057903494176372715,-0.08602836581591909
cD2,30,0.059900166389351084,-0.0450303793311424
cD2,31,0.06189683860232945,0.00831146455733947
cD2,32,0.06389351081530782,0.021549677974652043
cD2,33,0.0658901830282862,0.011717584352871416
cD2,34,0.06788685524126456,0.11098297230006929
cD2,35,0.06988352745424294,-0.10788570691281214
cD2,36,0.0718801996672213,-0.02669079336124941
cD2,37,0.07387687188019967,0.03129759203565609
cD2,38,0.07587354409317804,0.03828159214317227
cD2,39,0.07787021630615641,0.005981336391178774
cD2,40,0.07986688851913477,-0.0034256702365845076
cD2,41,0.08186356073211315,0.0015509889477683704
cD2,42,0.08386023294509151,-0.033271611179308214
cD2,43,0.08585690515806989,-0.06263762743547902
cD2,44,0.08785357737104825,0.037972589332425415
cD2,45,0.08985024958402663,0.032361144866322036
cD2,46,0.09184692179700499,0.011410474129940229
cD2,47,0.09384359400998336,0.007524220950794903
cD2,48,0.09584026622296174,0.0003414914754209311
cD2,49,0.0978369384359401,-0.021060994722355064
cD2,50,0.09983361064891848,-0.011948119780843005
cD2,51,0.10183028286189684,-0.00028951254539074127
cD2,52,0.10382695507487522,0.03465248919414899
cD2,53,0.10582362728785358,-0.03411797842331359
cD2,54,0.10782029950083195,0.01603459511853388
cD2,55,0.10981697171381032,0.005807197342349663
cD2,56,0.11181364392678869,0.02832840700465679
cD2,57,0.11381031613976705,-0.03718886489015257
cD2,58,0.11580698835274543,-0.004200467626673128
cD2,59,0.11780366056572379,0.008342851548295437
cD2,60,0.11980033277870217,0.009328544870937823
cD2,61,0.12179700499168053,-0.0038686701991265185
cD2,62,0.1237936772046589,-0.0004116659119865196
cD2,63,0.12579034941763728,-0.01908060762405184
cD2,64,0.12778702163061564,0.04267915570699457
cD2,65,0.129783693843594,-0.02594992896534107
cD2,66,0.1317803660565724,0.0006279625425576101
cD2,67,0.13377703826955076,0.016274154779556262
cD2,68,0.13577371048252912,-0.029489684717161017
cD2,69,0.13777038269550748,-0.007117345869199084
cD2,70,0.13976705490848587,0.05120641941642617
cD2,71,0.14176372712146423,-0.03151536903336895
cD2,72,0.1437603993344426,-0.009214560631132115
cD2,73,0.14575707154742096,0.05177477399413768
cD2,74,0.14775374376039935,-0.05068307078528806
cD2,75,0.1497504159733777,-0.04429618570169786
cD2,76,0.15174708818635607,0.13591021741875062
cD2,77,0.15374376039933443,-0.10035424133772029
cD2,78,0.15574043261231282,0.007849889734197415
cD2,79,0.15773710482529119,-0.015591883243276063
cD2,80,0.15973377703826955,0.04857829208732719
cD2,81,0.16173044925124794,0.01569928667638086
cD2,82,0.1637271214642263,-0.08828706100776051
cD2,83,0.16572379367720466,0.081471641468669
cD2,84,0.16772046589018302,-0.096880746104352
cD2,85,0.1697171381031614,0.10649289479024278
cD2,86,0.17171381031613978,-0.01958045688051112
cD2,87,0.17371048252911814,-0.02992584326490167
cD2,88,0.1757071547420965,-0.059533153792591824
cD2,89,0.1777038269550749,0.06766010827248624
cD2,90,0.17970049916805325,0.03993060538067038
cD2,91,0.1816971713810316,-0.06491683565634498
cD2,92,0.18369384359400998,0.031064291744869917
cD2,93,0.18569051580698837,-0.035981242361916306
cD2,94,0.18768718801996673,0.010481087205696519
cD2,95,0.1896838602329451,0.04118077983002323
cD2,96,0.19168053244592348,-0.04139516856844778
cD2,97,0.19367720465890184,0.018446635198336992
cD2,98,0.1956738768718802,-0.009213306182636773
cD2,99,0.19767054908485857,0.021248340776974017
cD2,100,0.19966722129783696,-0.027427851548990433
cD2,101,0.20166389351081532,0.037628043434652494
cD2,102,0.20366056572379368,-0.037899112858857685
cD2,103,0.20565723793677204,0.029307385863000624
cD2,104,0.20765391014975043,-0.005512924946410478
cD2,105,0.2096505823627288,-0.02090662722005802
cD2,106,0.21164725457570716,0.02224896343071115
cD2,107,0.21364392678868552,-0.029649894951498616
cD2,108,0.2156405990016639,0.019511967326332674
cD2,109,0.21763727121464227,-0.004533295777495142
cD2,110,0.21963394342762063,0.0026706192186949536
cD2,111,0.221630615640599,-0.0011408644607059822
cD2,112,0.22362728785357738,0.026028750620268687
cD2,113,0.22562396006655575,-0.019924753767984162
cD2,114,0.2276206322795341,-0.0012688791653443147
cD2,115,0.2296173044925125,-0.012004272334870204
cD2,116,0.23161397670549086,-0.017754687526938172
cD2,117,0.23361064891846922,0.05280180071412339
cD2,118,0.23560732113144758,-0.017094833236000157
cD2,119,0.23760399334442597,0.021846568804610802
cD2,120,0.23960066555740434,-0.023248583576172828
cD2,121,0.2415973377703827,-0.055792526306326876
cD2,122,0.24359400998336106,0.08014177933969995
cD2,123,0.24559068219633945,-0.01945091460023949
cD2,124,0.2475873544093178,-0.013617186553467442
cD2,125,0.24958402662229617,0.019404906040214095
cD2,126,0.25158069883527456,-0.016917942832009328
cD2,127,0.2535773710482529,0.021021915191798524
cD2,128,0.2555740432612313,-0.014013218665051697
cD2,129,0.2575707154742097,-0.006488950561395242
cD2,130,0.259567387687188,-0.00445917986951946
cD2,131,0.2615640599001664,0.013520590799388972
cD2,132,0.2635607321131448,0.010852398090566474
cD2,133,0.2655574043261231,-0.060907238622759506
cD2,134,0.2675540765391015,0.054327548670385695
cD2,135,0.26955074875207985,0.010162317513269343
cD2,136,0.27154742096505824,0.001566098380186974
cD2,137,0.27354409317803663,-0.04303192282803671
cD2,138,0.27554076539101496,0.02940951107337398
cD2,139,0.27753743760399335,-0.019936343809367946
cD2,140,0.27953410981697174,0.012619572949547705
cD2,141,0.2815307820299501,-0.0036011979186487252
cD2,142,0.28352745424292847,0.007292219359797092
cD2,143,0.2855241264559068,0.012116283563862835
cD2,144,0.2875207986688852,-0.041769592145310314
cD2,145,0.2895174708818636,0.004956114054783859
cD2,146,0.2915141430948419,0.046635858357953835
cD2,147,0.2935108153078203,-0.04640141263864239
cD2,148,0.2955074875207987,0.03815041240491107
cD2,149,0.29750415973377703,-0.019781896356562287
cD2,150,0.2995008319467554,0.02885773922804656
cD2,151,0.3014975041597338,-0.031038434207309163
cD2,152,0.30349417637271214,-0.001027048257339261
cD2,153,0.30549084858569053,-0.004507462293282872
cD2,154,0.30748752079866887,0.03520395766861414
cD2,155,0.30948419301164726,-0.021118078025135104
cD2,156,0.31148086522462565,0.013656994061960788
cD2,157,0.313477537437604,-0.020737164334868975
cD2,158,0.31547420965058237,0.022225207214503096
cD2,159,0.31747088186356076,-0.018598173494541216
cD2,160,0.3194675540765391,-0.004267309162513279
cD2,161,0.3214642262895175,0.003916663395653847
cD2,162,0.3234608985024959,0.001180345890886256
cD2,163,0.3254575707154742,0.00524895439447665
cD2,164,0.3274542429284526,-0.005679573356752739
cD2,165,0.32945091514143093,-0.019594091784439167
cD2,166,0.3314475873544093,0.02845950101105545
cD2,167,0.3334442595673877,-0.005577027680897109
cD2,168,0.33544093178036605,-0.008408232159251586
cD2,169,0.33743760399334444,-0.010944686045997683
cD2,170,0.3394342762063228,0.020443035936015392
cD2,171,0.34143094841930116,-0.02517933246273601
cD2,172,0.34342762063227955,0.01369328758428414
cD2,173,0.3454242928452579,0.027010802758327374
cD2,174,0.3474209650582363,-0.04052753167929137
cD2,175,0.34941763727121466,0.011028573167730621
cD2,176,0.351414309484193,0.012953113718829427
cD2,177,0.3534109816971714,-0.002651025336505654
cD2,178,0.3554076539101498,-0.022234303321061737
cD2,179,0.3574043261231281,0.016502931152655446
cD2,180,0.3594009983361065,-0.015070094578476722
cD2,181,0.3613976705490849,0.014674078601888022
cD2,182,0.3633943427620632,0.00917584077159947
cD2,183,0.3653910149750416,-0.03355237278048676
cD2,184,0.36738768718801995,0.03731966016745695
cD2,185,0.36938435940099834,-0.034950819162312734
cD2,186,0.37138103161397673,0.03512298745177948
cD2,187,0.37337770382695507,-0.0046076920306203605
cD2,188,0.37537437603993346,-0.016369496973798383
cD2,189,0.37737104825291184,-0.003905059082470155
cD2,190,0.3793677204658902,0.014890632476782958
cD2,191,0.38136439267886857,0.015518775132448086
cD2,192,0.38336106489184696,-0.031029483273905725
cD2,193,0.3853577371048253,-0.006455588183197505
cD2,194,0.3873544093178037,0.009131657433602568
cD2,195,0.389351081530782,0.11536395060919548
cD2,196,0.3913477537437604,-0.17222806611968916
cD2,197,0.3933444259567388,-0.0898664221044415
cD2,198,0.39534109816971713,0.20548264002817876
cD2,199,0.3973377703826955,0.07022518642887142
cD2,200,0.3993344425956739,-0.107447470700487
cD2,201,0.40133111480865225,-0.06791151284287983
cD2,202,0.40332778702163063,0.1617658104798099
cD2,203,0.40532445923460897,-0.159372459328686
cD2,204,0.40732113144758736,-0.05873548597419839
cD2,205,0.40931780366056575,0.2344611003014081
cD2,206,0.4113144758735441,-0.07275644686003467
cD2,207,0.4133111480865225,-0.14398648826388188
cD2,208,0.41530782029950086,0.09303455154806214
cD2,209,0.4173044925124792,0.04034590572363068
cD2,210,0.4193011647254576,0.004425009233761008
cD2,211,0.421297836938436,-0.03702000342166501
cD2,212,0.4232945091514143,0.024925585639354257
cD2,213,0.4252911813643927,-0.029551143644278757
cD2,214,0.42728785357737104,-0.016621670218211947
cD2,215,0.4292845257903494,-0.005231358299571219
cD2,216,0.4312811980033278,0.046818308594934646
cD2,217,0.43327787021630615,-0.0023803150122564207
cD2,218,0.43527454242928454,-0.0311454772717713
cD2,219,0.43727121464226293,0.01040685692928471
cD2,220,0.43926788685524126,0.006589553222610964
cD2,221,0.44126455906821965,0.028095276856021624
cD2,222,0.443261231281198,-0.04583514531035286
cD2,223,0.4452579034941764,0.0044911536879091805
cD2,224,0.44725457570715477,0.027350115208666564
cD2,225,0.4492512479201331,-0.03241188909482411
cD2,226,0.4512479201331115,0.03862238957458605
cD2,227,0.4532445923460899,-0.030855370291841686
cD2,228,0.4552412645590682,0.015780255742629788
cD2,229,0.4572379367720466,-0.008659128201056576
cD2,230,0.459234608985025,0.0045840725783019495
cD2,231,0.46123128119800333,-0.025713813145278777
cD2,232,0.4632279534109817,0.021929465360548836
cD2,233,0.46522462562396005,0.03035713155645718
cD2,234,0.46722129783693844,-0.022276000166677044
cD2,235,0.46921797004991683,-0.0069065909907563856
cD2,236,0.47121464226289517,0.011453493412614132
cD2,237,0.47321131447587356,-0.0123103899337712
cD2,238,0.47520798668885195,-0.020488977941236896
cD2,239,0.4772046589018303,0.014327488128482675
cD2,240,0.47920133111480867,0.051598746149451535
cD2,241,0.48119800332778706,-0.06266817932515555
cD2,242,0.4831946755407654,0.022614575151661757
cD2,243,0.4851913477537438,0.004327469762038744
cD2,244,0.4871880199667221,-0.0027430934357495634
cD2,245,0.4891846921797005,-0.011808037888840203
cD2,246,0.4911813643926789,0.005227695671801339
cD2,247,0.49317803660565723,0.010814538162419151
cD2,248,0.4951747088186356,-0.009493146324882204
cD2,249,0.497171381031614,-0.0022360715369819347
cD2,250,0.49916805324459235,0.002064409139253753
cD2,251,0.5011647254575707,-0.007411023551885575
cD2,252,0.5031613976705491,-0.0069845102204154855
cD2,253,0.5051580698835275,0.019535563439344424
cD2,254,0.5071547420965058,0.011578879427544347
cD2,255,0.5091514143094842,-0.0016366156415743153
cD2,256,0.5111480865224626,-0.009646142621963123
cD2,257,0.513144758735441,-0.03297411816777143
cD2,258,0.5151414309484194,0.05356417043578991
cD2,259,0.5171381031613976,-0.03968626945192759
cD2,260,0.519134775374376,0.013617085810768238
cD2,261,0.5211314475873544,0.00399576040046519
cD2,262,0.5231281198003328,-0.029283169474478992
cD2,263,0.5251247920133112,0.04012608692781751
cD2,264,0.5271214642262896,-0.030157487358727413
cD2,265,0.5291181364392679,0.029906568621197657
cD2,266,0.5311148086522463,-0.042167079062024986
cD2,267,0.5331114808652246,0.028213099995857714
cD2,268,0.535108153078203,0.008624167928096347
cD2,269,0.5371048252911814,-0.02701528888293397
cD2,270,0.5391014975041597,0.029765720717486777
cD2,271,0.5410981697171381,-0.02126673064978089
cD2,272,0.5430948419301165,0.02258381676570128
cD2,273,0.5450915141430949,-0.029497298773730793
cD2,274,0.5470881863560733,0.003138228971760627
cD2,275,0.5490848585690516,0.050312634215878164
cD2,276,0.5510815307820299,-0.03931995146368301
cD2,277,0.5530782029950083,-0.015931172546526196
cD2,278,0.5550748752079867,0.0023322933373574315
cD2,279,0.5570715474209651,0.014013433575997228
cD2,280,0.5590682196339435,-0.0172253691396696
cD2,281,0.5610648918469218,0.006248163537961883
cD2,282,0.5630615640599002,0.022672266138772615
cD2,283,0.5650582362728785,-0.015910274952717577
cD2,284,0.5670549084858569,-0.008236286966807357
cD2,285,0.5690515806988353,0.02836106550940341
cD2,286,0.5710482529118136,-0.025008369874520858
cD2,287,0.573044925124792,0.013221818391450728
cD2,288,0.5750415973377704,-0.0003096325769430185
cD2,289,0.5770382695507488,-0.009715088067516656
cD2,290,0.5790349417637272,0.014570868229432762
cD2,291,0.5810316139767056,-0.01939438389891128
cD2,292,0.5830282861896838,0.01983969161271507
cD2,293,0.5850249584026622,0.0020908785596265274
cD2,294,0.5870216306156406,-0.03616022562444007
cD2,295,0.589018302828619,0.023401742272913677
cD2,296,0.5910149750415974,0.002905067250561281
cD2,297,0.5930116472545757,0.008881126100330958
cD2,298,0.5950083194675541,-0.005891482293779294
cD2,299,0.5970049916805324,-0.03092648509813751
cD2,300,0.5990016638935108,0.03290084330304925
cD2,301,0.6009983361064892,0.002470342810547128
cD2,302,0.6029950083194676,-0.007494506020661606
cD2,303,0.6049916805324459,0.0026232322351541068
cD2,304,0.6069883527454243,0.005058610505990637
cD2,305,0.6089850249584027,-0.017259007305800614
cD2,306,0.6109816971713811,0.013758964618646832
cD2,307,0.6129783693843595,-0.010798059518255021
cD2,308,0.6149750415973377,0.0075853339920511085
cD2,309,0.6169717138103161,0.0038073597168332865
cD2,310,0.6189683860232945,-0.0053667731012655845
cD2,311,0.6209650582362729,0.0012864469252421582
cD2,312,0.6229617304492513,-0.00620411888643434
cD2,313,0.6249584026622297,0.0015220675237783501
cD2,314,0.626955074875208,0.016794690931996224
cD2,315,0.6289517470881864,-0.008808108626623373
cD2,316,0.6309484193011647,0.004273668375866243
cD2,317,0.6329450915141431,-0.016392365683035613
cD2,318,0.6349417637271215,0.02443331971752712
cD2,319,0.6369384359400998,-0.00297550066737026
cD2,320,0.6389351081530782,-0.013004169238830729
cD2,321,0.6409317803660566,0.009453540455538704
cD2,322,0.642928452579035,-0.017978887046211034
cD2,323,0.6449251247920134,0.03484534655885745
cD2,324,0.6469217970049917,-0.015054099949014393
cD2,325,0.64891846921797,-0.00955581167576805
cD2,326,0.6509151414309484,0.0005341867757623628
cD2,327,0.6529118136439268,0.015015171280354261
cD2,328,0.6549084858569052,-0.023160127372777665
cD2,329,0.6569051580698836,0.002245357240382107
cD2,330,0.6589018302828619,0.019308348462317344
cD2,331,0.6608985024958403,0.008783774619220213
cD2,332,0.6628951747088186,-0.051561298545786845
cD2,333,0.664891846921797,0.01414542885256832
cD2,334,0.6668885191347754,0.030122803142382
cD2,335,0.6688851913477537,0.010423015605418895
cD2,336,0.6708818635607321,-0.046261523718717446
cD2,337,0.6728785357737105,0.02814931597713633
cD2,338,0.6748752079866889,0.0040638256131565065
cD2,339,0.6768718801996673,-0.002197436072720291
cD2,340,0.6788685524126457,0.012201191822884046
cD2,341,0.6808652246256239,-0.03510810660199383
cD2,342,0.6828618968386023,0.01141668962741737
cD2,343,0.6848585690515807,0.005837442207975296
cD2,344,0.6868552412645591,-0.007171829520870459
cD2,345,0.6888519134775375,0.006428657313413298
cD2,346,0.6908485856905158,-0.0002318116830812766
cD2,347,0.6928452579034942,0.004123377784040988
cD2,348,0.6948419301164726,-0.010035602149975816
cD2,349,0.6968386023294509,0.0004971275525138719
cD2,350,0.6988352745424293,-0.006339185636003319
cD2,351,0.7008319467554077,0.018012873077642596
cD2,352,0.702828618968386,-0.015529270127646695
cD2,353,0.7048252911813644,0.01428729868217184
cD2,354,0.7068219633943428,-0.009673850308179254
cD2,355,0.7088186356073212,0.007064655424813572
cD2,356,0.7108153078202996,0.016812139086454733
cD2,357,0.7128119800332778,-0.028245983264104102
cD2,358,0.7148086522462562,0.015132007931399488
cD2,359,0.7168053244592346,-0.005040858163526441
cD2,360,0.718801996672213,-0.0006219310086096239
cD2,361,0.7207986688851914,0.007076655086432113
cD2,362,0.7227953410981698,-0.009649565009609238
cD2,363,0.7247920133111481,-0.009495978453875013
cD2,364,0.7267886855241265,0.015767962815727878
cD2,365,0.7287853577371048,0.0421948468489445
cD2,366,0.7307820299500832,-0.060258866396897766
cD2,367,0.7327787021630616,0.028804915569023568
cD2,368,0.7347753743760399,-0.017313498984716544
cD2,369,0.7367720465890183,0.04347576752549666
cD2,370,0.7387687188019967,-0.03522361397561263
cD2,371,0.7407653910149751,-0.0046064579593869896
cD2,372,0.7427620632279535,3.0933829783415506e-06
cD2,373,0.7447587354409319,0.013300788887955297
cD2,374,0.7467554076539101,-0.009003013043791242
cD2,375,0.7487520798668885,-0.002000454289870183
cD2,376,0.7507487520798669,-0.003940424043097668
cD2,377,0.7527454242928453,-0.006376782186133391
cD2,378,0.7547420965058237,0.04412764069418819
cD2,379,0.756738768718802,-0.010534788989129726
cD2,380,0.7587354409317804,-0.04123594101691419
cD2,381,0.7607321131447587,0.029471406822832325
cD2,382,0.7627287853577371,-0.00809762903172042
cD2,383,0.7647254575707155,-0.000722672888361039
cD2,384,0.7667221297836939,-0.01661448187960113
cD2,385,0.7687188019966722,0.009855068368711044
cD2,386,0.7707154742096506,0.023179232553739833
cD2,387,0.772712146422629,-0.026562289541632506
cD2,388,0.7747088186356074,-0.00860000643191464
cD2,389,0.7767054908485858,0.0006399125992465089
cD2,390,0.778702163061564,0.014447208075625186
cD2,391,0.7806988352745424,-0.023159238133156762
cD2,392,0.7826955074875208,0.02052708029772026
cD2,393,0.7846921797004992,-0.0034136760376091463
cD2,394,0.7866888519134776,-0.004450195162924805
cD2,395,0.7886855241264559,0.025220043939682732
cD2,396,0.7906821963394343,-0.022582103145431912
cD2,397,0.7926788685524127,0.009384193137385734
cD2,398,0.794675540765391,0.004316589515169218
cD2,399,0.7966722129783694,-0.006670038699701869
cD2,400,0.7986688851913478,-0.016595905644073528
cD2,401,0.8006655574043261,0.013518310007793386
cD2,402,0.8026622296173045,0.01900524833267417
cD2,403,0.8046589018302829,-0.037747025826963966
cD2,404,0.8066555740432613,0.03390932057617234
cD2,405,0.8086522462562397,0.009535359506959638
cD2,406,0.8106489184692179,-0.02124562838073419
cD2,407,0.8126455906821963,-0.01981522978409976
cD2,408,0.8146422628951747,0.01919777261208637
cD2,409,0.8166389351081531,0.03130571138108096
cD2,410,0.8186356073211315,-0.04280922005797749
cD2,411,0.8206322795341099,0.015790440758436924
cD2,412,0.8226289517470882,-0.014644195161583507
cD2,413,0.8246256239600666,0.02090521352230138
cD2,414,0.826622296173045,-0.023088545549384512
cD2,415,0.8286189683860233,0.025669898511794503
cD2,416,0.8306156405990017,0.004652124166183516
cD2,417,0.83261231281198,-0.02946244389013318
cD2,418,0.8346089850249584,0.005935626483887825
cD2,419,0.8366056572379368,0.012735890643172227
cD2,420,0.8386023294509152,-0.000954564161723551
cD2,421,0.8405990016638936,0.0050879884525252845
cD2,422,0.842595673876872,-0.007553685552350843
cD2,423,0.8445923460898502,-0.013660988934774687
cD2,424,0.8465890183028286,0.003967025805945897
cD2,425,0.848585690515807,0.006337886589196533
cD2,426,0.8505823627287854,-0.021557504828773152
cD2,427,0.8525790349417638,0.02049737366518294
cD2,428,0.8545757071547421,-0.035028819872744255
cD2,429,0.8565723793677205,0.035980616953741176
cD2,430,0.8585690515806988,-0.011713325932986515
cD2,431,0.8605657237936772,0.006928658486212833
cD2,432,0.8625623960066556,-0.00637959478939599
cD2,433,0.864559068219634,-0.0036034979058253633
cD2,434,0.8665557404326123,-0.0004684317321606806
cD2,435,0.8685524126455907,-0.005368710296771795
cD2,436,0.8705490848585691,0.004020499152269967
cD2,437,0.8725457570715475,-0.023637233023423944
cD2,438,0.8745424292845259,0.01014817937865866
cD2,439,0.8765391014975041,0.024679494660233676
cD2,440,0.8785357737104825,-0.036011529184982544
cD2,441,0.8805324459234609,0.023682108729943953
cD2,442,0.8825291181364393,-0.007167284478874194
cD2,443,0.8845257903494177,0.0017155639503962778
cD2,444,0.886522462562396,0.0011411822718688414
cD2,445,0.8885191347753744,-0.02025994498471031
cD2,446,0.8905158069883528,0.01715099839924212
cD2,447,0.8925124792013311,-0.0023139994013080716
cD2,448,0.8945091514143095,0.006455721043144782
cD2,449,0.8965058236272879,0.003342017374970749
cD2,450,0.8985024958402662,-0.0040275676209869885
cD2,451,0.9004991680532446,-0.00844458803581601
cD2,452,0.902495840266223,-0.017680402476712563
cD2,453,0.9044925124792014,0.03227292948776492
cD2,454,0.9064891846921798,-0.02829874492067415
cD2,455,0.908485856905158,0.03728944889630883
cD2,456,0.9104825291181364,-0.013044351350500537
cD2,457,0.9124792013311148,-0.024750093285132217
cD2,458,0.9144758735440932,0.039005184234634234
cD2,459,0.9164725457570716,-0.017526848802451832
cD2,460,0.91846921797005,-0.018932863011415026
cD2,461,0.9204658901830283,0.008429247261439246
cD2,462,0.9224625623960067,0.01094985801043662
cD2,463,0.924459234608985,0.011384803881705381
cD2,464,0.9264559068219634,-0.030408465553119407
cD2,465,0.9284525790349418,0.02294927797999115
cD2,466,0.9304492512479201,-0.017058773426753653
cD2,467,0.9324459234608985,0.02445618023604728
cD2,468,0.9344425956738769,-0.019946105582719774
cD2,469,0.9364392678868553,-0.005392987387151363
cD2,470,0.9384359400998337,0.023858321887483457
cD2,471,0.940432612312812,-0.025081167359240097
cD2,472,0.9424292845257903,0.008169974611680848
cD2,473,0.9444259567387687,0.0028334591299367714
cD2,474,0.9464226289517471,0.03319077898396237
cD2,475,0.9484193011647255,-0.05137796242447975
cD2,476,0.9504159733777039,0.03261775509515507
cD2,477,0.9524126455906822,-0.028010882712806984
cD2,478,0.9544093178036606,0.01750327021830862
cD2,479,0.956405990016639,-0.005226855202618432
cD2,480,0.9584026622296173,0.0063153519635739865
cD2,481,0.9603993344425957,0.007781181403603416
cD2,482,0.9623960066555741,-0.022735238450312962
cD2,483,0.9643926788685524,0.011391477730054911
cD2,484,0.9663893510815308,0.0027167657401661514
cD2,485,0.9683860232945092,0.03192522639678415
cD2,486,0.9703826955074876,-0.07428382409431937
cD2,487,0.972379367720466,0.015876013718694355
cD2,488,0.9743760399334442,0.02413865535516294
cD2,489,0.9763727121464226,0.003805915859372457
cD2,490,0.978369384359401,-0.017851916683390357
cD2,491,0.9803660565723794,-0.011531496065224769
cD2,492,0.9823627287853578,0.026060630345539383
cD2,493,0.9843594009983361,0.00473886665036266
cD2,494,0.9863560732113145,-0.0019760027708703833
cD2,495,0.9883527454242929,0.012727233976198335
cD2,496,0.9903494176372712,-0.03255884097423246
cD2,497,0.9923460898502496,0.03252294363057045
cD2,498,0.994342762063228,-0.025690124877969713
cD2,499,0.9963394342762063,0.022847738145246238
cD2,500,0.9983361064891847,-0.016685553887513433
cD2,501,1.0003327787021632,-0.007184021537740871
cD2,502,1.0023294509151415,0.014978951485882162
cD2,503,1.0043261231281198,-0.010309364401553826
cD2,504,1.0063227953410983,0.01910338443397953
cD2,505,1.0083194675540765,-0.02282323473087273
cD2,506,1.010316139767055,-0.008379144948422701
cD2,507,1.0123128119800333,0.023724324095397965
cD2,508,1.0143094841930116,0.00809777162252816
cD2,509,1.01630615640599,-0.012902716979033424
cD2,510,1.0183028286189684,-0.027504035623995938
cD2,511,1.0202995008319469,0.04418841627599275
cD2,512,1.0222961730449251,-0.03455788245834236
cD2,513,1.0242928452579034,0.0221949436513821
cD2,514,1.026289517470882,-0.01654918884021326
cD2,515,1.0282861896838602,0.027861763839139853
cD2,516,1.0302828618968387,-0.02396339051554874
cD2,517,1.032279534109817,-0.005721472608921814
cD2,518,1.0342762063227953,0.029172156663103153
cD2,519,1.0362728785357738,-0.022849934598527116
cD2,520,1.038269550748752,0.00722959131602201
cD2,521,1.0402662229617305,-0.017266189407164567
cD2,522,1.0422628951747088,0.014217983011394522
cD2,523,1.044259567387687,-0.0034483913721744764
cD2,524,1.0462562396006656,0.023300526231010695
cD2,525,1.0482529118136439,-0.0355419138659092
cD2,526,1.0502495840266224,-0.005409219180273651
cD2,527,1.0522462562396007,0.020834741270115743
cD2,528,1.0542429284525792,0.013699685682279358
cD2,529,1.0562396006655574,-0.038320500408113224
cD2,530,1.0582362728785357,0.021120082288580536
cD2,531,1.0602329450915142,0.00718168401236576
cD2,532,1.0622296173044925,-0.007873735650026864
cD2,533,1.064226289517471,-0.014942938733954055
cD2,534,1.0662229617304493,0.028272144762445474
cD2,535,1.0682196339434276,-0.02424691419487435
cD2,536,1.070216306156406,0.003871758058236848
cD2,537,1.0722129783693843,-0.0014327547568889739
cD2,538,1.0742096505823628,0.028870303189858393
cD2,539,1.0762063227953411,-0.01105109696062008
cD2,540,1.0782029950083194,-0.05517034337896448
cD2,541,1.080199667221298,0.07064297776022689
cD2,542,1.0821963394342762,-0.03912755517918
cD2,543,1.0841930116472547,0.011809289957328292
cD2,544,1.086189683860233,-0.004265145395762019
cD2,545,1.0881863560732112,0.00603705609616405
cD2,546,1.0901830282861897,0.005987312875537145
cD2,547,1.092179700499168,-0.009189892888543594
cD2,548,1.0941763727121465,-0.005621831121853755
cD2,549,1.0961730449251248,0.0028823824803577633
cD2,550,1.0981697171381033,0.01068557056957263
cD2,551,1.1001663893510816,-0.012427415119473251
cD2,552,1.1021630615640599,-0.007098778689837697
cD2,553,1.1041597337770384,-0.07221449713893312
cD2,554,1.1061564059900166,0.05063907729906468
cD2,555,1.1081530782029951,0.07477478360627485
cD2,556,1.1101497504159734,0.0081108103117805
cD2,557,1.1121464226289517,-0.01838339242560634
cD2,558,1.1141430948419302,-0.08301783832584965
cD2,559,1.1161397670549085,0.13713883180746
cD2,560,1.118136439267887,-0.03391856767985456
cD2,561,1.1201331114808653,-0.10297046913155158
cD2,562,1.1221297836938435,-0.005396143674182008
cD2,563,1.124126455906822,-0.05099886403178483
cD2,564,1.1261231281198003,0.10192614400288662
cD2,565,1.1281198003327788,0.0204021733271186
cD2,566,1.130116472545757,0.04598276225934754
cD2,567,1.1321131447587354,-0.09740611464855345
cD2,568,1.1341098169717139,0.012951637853097747
cD2,569,1.1361064891846921,0.033234530482556285
cD2,570,1.1381031613976706,0.02998226558063119
cD2,571,1.140099833610649,-0.017642373201964025
cD2,572,1.1420965058236272,-0.01342432689972943
cD2,573,1.1440931780366057,0.0016612967759033822
cD2,574,1.146089850249584,-0.046572873903579205
cD2,575,1.1480865224625625,-0.054412514733090514
cD2,576,1.1500831946755408,0.07185580075731406
cD2,577,1.1520798668885193,0.036626695050701714
cD2,578,1.1540765391014975,0.00880130932786659
cD2,579,1.1560732113144758,-0.03622920289993799
cD2,580,1.1580698835274543,0.0032037432891494945
cD2,581,1.1600665557404326,-0.010736313859517354
cD2,582,1.162063227953411,0.029457323467936884
cD2,583,1.1640599001663894,-0.05899243507458395
cD2,584,1.1660565723793677,0.060716421906815476
cD2,585,1.1680532445923462,0.01240455453739109
cD2,586,1.1700499168053244,-0.047086010403010914
cD2,587,1.172046589018303,0.027954823282746462
cD2,588,1.1740432612312812,0.0106008310488967
cD2,589,1.1760399334442595,-0.03720540160752478
cD2,590,1.178036605657238,0.0010414223901682035
cD2,591,1.1800332778702163,0.003086360492651423
cD2,592,1.1820299500831948,-0.009112992020531169
cD2,593,1.184026622296173,0.024729799595106093
cD2,594,1.1860232945091513,-0.008634740910037143
cD2,595,1.1880199667221298,-0.006035282420517234
cD2,596,1.1900166389351081,0.0006557341586181961
cD2,597,1.1920133111480866,-0.017385948891101247
cD2,598,1.194009983361065,0.0236853183737678
cD2,599,1.1960066555740434,-0.024189677175437123
cD2,600,1.1980033277870217,0.026384659438470667
cD2,601,1.2,-0.0072802408497754725
cD2,602,1.2019966722129785,-0.016061171216501746
cD2,603,1.2039933444259567,-0.0024096612614583736
cD2,604,1.2059900166389352,0.03042767504060925
cD2,605,1.2079866888519135,-0.03532817677035326
cD2,606,1.2099833610648918,0.041045926651960746
cD2,607,1.2119800332778703,-0.0475932548887649
cD2,608,1.2139767054908486,0.04153455826080273
cD2,609,1.215973377703827,-0.006679651259893135
cD2,610,1.2179700499168054,-0.00010867284660561697
cD2,611,1.2199667221297836,-0.026921051432155237
cD2,612,1.2219633943427621,0.02572326225196281
cD2,613,1.2239600665557404,0.02591379156561495
cD2,614,1.225956738768719,-0.07006688738504233
cD2,615,1.2279534109816972,0.07027604272564504
cD2,616,1.2299500831946755,-0.05827808009179244
cD2,617,1.231946755407654,0.04543729283216337
cD2,618,1.2339434276206322,-0.02722143742956228
cD2,619,1.2359400998336108,-0.012597826490492868
cD2,620,1.237936772046589,0.09236864761954124
cD2,621,1.2399334442595673,-0.07833359182020098
cD2,622,1.2419301164725458,-0.060390348655751776
cD2,623,1.243926788685524,0.12140693807972741
cD2,624,1.2459234608985026,-0.06535666737287481
cD2,625,1.2479201331114809,-0.008522305273866
cD2,626,1.2499168053244594,0.07073592034456354
cD2,627,1.2519134775374376,-0.09613057978995111
cD2,628,1.253910149750416,0.043547781401479795
cD2,629,1.2559068219633944,0.0012666896100762739
cD2,630,1.2579034941763727,0.012707548513830887
cD2,631,1.2599001663893512,-0.01690173337498148
cD2,632,1.2618968386023295,-0.028908613421553826
cD2,633,1.2638935108153078,0.06408329839902244
cD2,634,1.2658901830282863,-0.03118298005661046
cD2,635,1.2678868552412645,0.00961218335814054
cD2,636,1.269883527454243,-0.027365811769442545
cD2,637,1.2718801996672213,0.010387681118114531
cD2,638,1.2738768718801996,0.011088523767397811
cD2,639,1.275873544093178,-0.006825552717578978
cD2,640,1.2778702163061564,0.0014599528225187775
cD2,641,1.2798668885191349,0.02468127734192623
cD2,642,1.2818635607321132,-0.07295898630793775
cD2,643,1.2838602329450914,0.06220481284616594
cD2,644,1.28585690515807,-0.03797741763363113
cD2,645,1.2878535773710482,0.005347695574354412
cD2,646,1.2898502495840267,0.008979403931573485
cD2,647,1.291846921797005,0.016776002316806822
cD2,648,1.2938435940099835,0.021957514344546483
cD2,649,1.2958402662229618,-0.04021611353387511
cD2,650,1.29783693843594,-0.03859288988176259
cD2,651,1.2998336106489186,0.00475932016133389
cD2,652,1.3018302828618968,0.041844477334817665
cD2,653,1.3038269550748753,-0.015990565504878526
cD2,654,1.3058236272878536,0.016270630067213323
cD2,655,1.307820299500832,-0.025690858857882352
cD2,656,1.3098169717138104,0.038186266508993795
cD2,657,1.3118136439267887,-0.03769775042314667
cD2,658,1.3138103161397672,0.007511734761253861
cD2,659,1.3158069883527455,-0.015003544595061421
cD2,660,1.3178036605657237,0.018161579299544876
cD2,661,1.3198003327787022,0.009845729984817884
cD2,662,1.3217970049916805,-0.029420673158655347
cD2,663,1.323793677204659,0.008565769290971106
cD2,664,1.3257903494176373,0.03006753343291505
cD2,665,1.3277870216306156,-0.03237873245337789
cD2,666,1.329783693843594,0.011536494618259415
cD2,667,1.3317803660565724,-0.04106540631635478
cD2,668,1.3337770382695509,0.025455744508760682
cD2,669,1.3357737104825291,0.01022172877850352
cD2,670,1.3377703826955074,0.011444973499644026
cD2,671,1.339767054908486,-0.02286316270283734
cD2,672,1.3417637271214642,0.00704308375519595
cD2,673,1.3437603993344427,0.012888346093641513
cD2,674,1.345757071547421,-0.01781655939799567
cD2,675,1.3477537437603995,0.028385124428916872
cD2,676,1.3497504159733777,-0.028315845575092924
cD2,677,1.351747088186356,0.0154693611961758
cD2,678,1.3537437603993345,0.0006789882484516977
cD2,679,1.3557404326123128,-0.005592124604680909
cD2,680,1.3577371048252913,0.008348830997876863
cD2,681,1.3597337770382696,-0.031192214625992934
cD2,682,1.3617304492512479,0.05759189894650335
cD2,683,1.3637271214642264,-0.07171418294430554
cD2,684,1.3657237936772046,0.04998875355456229
cD2,685,1.3677204658901831,-0.023997354917988316
cD2,686,1.3697171381031614,0.0009244060034123247
cD2,687,1.3717138103161397,-0.007819996074592819
cD2,688,1.3737104825291182,0.020460696691045232
cD2,689,1.3757071547420965,0.011515475000512265
cD2,690,1.377703826955075,-0.05530025656196001
cD2,691,1.3797004991680533,0.055351502760205624
cD2,692,1.3816971713810315,-0.038175847830024756
cD2,693,1.38369384359401,-0.018805637547912202
cD2,694,1.3856905158069883,0.04326159474371699
cD2,695,1.3876871880199668,-0.0017743639697989004
cD2,696,1.389683860232945,-0.0036006728596125756
cD2,697,1.3916805324459236,0.023388045538431716
cD2,698,1.3936772046589019,-0.04106790325340528
cD2,699,1.3956738768718802,0.03171771492774125
cD2,700,1.3976705490848587,-0.01625578607436149
cD2,701,1.399667221297837,-0.03131881175683417
cD2,702,1.4016638935108154,0.02241304880320189
cD2,703,1.4036605657237937,0.044813183222352136
cD2,704,1.405657237936772,-0.04270725094257653
cD2,705,1.4076539101497505,-0.0198228331739439
cD2,706,1.4096505823627288,0.04464577169274002
cD2,707,1.4116472545757073,-0.04095569403501776
cD2,708,1.4136439267886856,0.02680189404001676
cD2,709,1.4156405990016638,-0.005946793964534494
cD2,710,1.4176372712146423,0.012216936565934231
cD2,711,1.4196339434276206,-0.05412513462070892
cD2,712,1.4216306156405991,0.07739707041451163
cD2,713,1.4236272878535774,-0.05436219932557107
cD2,714,1.4256239600665557,-0.014278707139461048
cD2,715,1.4276206322795342,0.020158704625682037
cD2,716,1.4296173044925125,-0.009541528168579791
cD2,717,1.431613976705491,0.0508584653886323
cD2,718,1.4336106489184692,-0.00738704895067725
cD2,719,1.4356073211314475,-0.05233088086099123
cD2,720,1.437603993344426,0.005060937904318075
cD2,721,1.4396006655574043,0.038878481495627254
cD2,722,1.4415973377703828,-0.02679394212022695
cD2,723,1.443594009983361,-0.005417576649813317
cD2,724,1.4455906821963396,0.008645565023747007
cD2,725,1.4475873544093179,0.031275901213292025
cD2,726,1.4495840266222961,-0.010154091309587152
cD2,727,1.4515806988352746,-0.08594622208380429
cD2,728,1.453577371048253,0.124919702127907
cD2,729,1.4555740432612314,-0.012943270679491338
cD2,730,1.4575707154742097,-0.08254645261456181
cD2,731,1.459567387687188,0.060098238140849004
cD2,732,1.4615640599001665,0.042350570388203085
cD2,733,1.4635607321131447,-0.09167847096304174
cD2,734,1.4655574043261232,-0.008981022298096004
cD2,735,1.4675540765391015,0.13254364565842017
cD2,736,1.4695507487520798,-0.19676655740475063
cD2,737,1.4715474209650583,0.10933346659820409
cD2,738,1.4735440931780366,0.048788993761084795
cD2,739,1.475540765391015,-0.026923814292485394
cD2,740,1.4775374376039934,0.02060314631479756
cD2,741,1.4795341098169716,-0.06599655258434522
cD2,742,1.4815307820299501,0.07031597014108018
cD2,743,1.4835274542429284,-0.06724923760140188
cD2,744,1.485524126455907,-0.0021269530565521423
cD2,745,1.4875207986688852,0.04146694282838033
cD2,746,1.4895174708818637,0.006992977967463895
cD2,747,1.491514143094842,0.049178647465058956
cD2,748,1.4935108153078203,-0.12890160583240706
cD2,749,1.4955074875207988,0.06682696396809024
cD2,750,1.497504159733777,0.021995431894217644
cD2,751,1.4995008319467555,-0.04910148868820294
cD2,752,1.5014975041597338,0.018121036390336007
cD2,753,1.503494176372712,0.032780978110795285
cD2,754,1.5054908485856906,0.012866356184706988
cD2,755,1.5074875207986689,-0.09009819119213791
cD2,756,1.5094841930116474,0.042194629960813385
cD2,757,1.5114808652246257,0.05204205101384288
cD2,758,1.513477537437604,-0.061216029822091934
cD2,759,1.5154742096505824,0.005453644462598434
cD2,760,1.5174708818635607,0.02566819775580525
cD2,761,1.5194675540765392,-0.0038050796401139196
cD2,762,1.5214642262895175,-0.016515536968048188
cD2,763,1.5234608985024958,0.03365837965410692
cD2,764,1.5254575707154743,-0.03105332725898126
cD2,765,1.5274542429284526,0.0017615295837147757
cD2,766,1.529450915141431,0.0016473780598030294
cD2,767,1.5314475873544093,0.016182621121678578
cD2,768,1.5334442595673878,-0.026483594923035012
cD2,769,1.5354409317803661,-0.005497248677841843
cD2,770,1.5374376039933444,0.06976855414111968
cD2,771,1.539434276206323,-0.0746416999250321
cD2,772,1.5414309484193012,0.015521452329891728
cD2,773,1.5434276206322797,0.014286610836438295
cD2,774,1.545424292845258,-0.010196617801446315
cD2,775,1.5474209650582362,0.020697231825502847
cD2,776,1.5494176372712147,-0.039854294881364216
cD2,777,1.551414309484193,0.019928578982743812
cD2,778,1.5534109816971715,0.013144489016679667
cD2,779,1.5554076539101498,-0.015563476896463655
cD2,780,1.557404326123128,-0.0002987735628905042
cD2,781,1.5594009983361066,0.003379610964657182
cD2,782,1.5613976705490848,0.03036801774429961
cD2,783,1.5633943427620633,-0.0356750339406452
cD2,784,1.5653910149750416,0.008630240495151343
cD2,785,1.56738768718802,0.008395243849676104
cD2,786,1.5693843594009984,-0.042347390975531266
cD2,787,1.5713810316139767,0.04166048894332116
cD2,788,1.5733777038269552,0.0063541314839357715
cD2,789,1.5753743760399335,-0.03730283327291474
cD2,790,1.5773710482529117,0.01822778117759784
cD2,791,1.5793677204658902,0.011139786778180012
cD2,792,1.5813643926788685,-0.025823910722221233
cD2,793,1.583361064891847,0.03449360687802507
cD2,794,1.5853577371048253,-0.035011486393868176
cD2,795,1.5873544093178038,0.026428897184833697
cD2,796,1.589351081530782,-0.013521336071867238
cD2,797,1.5913477537437604,0.0006344677278872909
cD2,798,1.5933444259567389,0.016298258795954472
cD2,799,1.5953410981697171,-0.018102302599526773
cD2,800,1.5973377703826956,0.01971063217148753
cD2,801,1.599334442595674,-0.029766476698633106
cD2,802,1.6013311148086522,0.024042564652660928
cD2,803,1.6033277870216307,0.00859215594467959
cD2,804,1.605324459234609,-0.027350614805283925
cD2,805,1.6073211314475875,-0.022950673052310747
cD2,806,1.6093178036605658,0.037956560613807
cD2,807,1.611314475873544,0.02034307913615644
cD2,808,1.6133111480865225,-0.047499710740656696
cD2,809,1.6153078202995008,0.030409953063014444
cD2,810,1.6173044925124793,0.0008558457406304528
cD2,811,1.6193011647254576,-0.006342776910460086
cD2,812,1.6212978369384359,-0.01204346904572629
cD2,813,1.6232945091514144,0.02456908633206118
cD2,814,1.6252911813643927,-0.016530750359774884
cD2,815,1.6272878535773712,0.009777445139768446
cD2,816,1.6292845257903494,0.00867190216045218
cD2,817,1.631281198003328,-0.023659797042167696
cD2,818,1.6332778702163062,0.004100701575815256
cD2,819,1.6352745424292845,0.00624393852058101
cD2,820,1.637271214642263,0.0007306770609704595
cD2,821,1.6392678868552413,0.0055661466804166945
cD2,822,1.6412645590682198,-0.009473863296996381
cD2,823,1.643261231281198,0.017170463235737458
cD2,824,1.6452579034941763,-0.015465596674437986
cD2,825,1.6472545757071548,0.02993037287668406
cD2,826,1.6492512479201331,-0.04168823921355968
cD2,827,1.6512479201331116,0.017764337281346132
cD2,828,1.65324459234609,0.015128917483339378
cD2,829,1.6552412645590682,-0.02064014495236143
cD2,830,1.6572379367720467,0.02946790965058545
cD2,831,1.659234608985025,-0.04217599116745806
cD2,832,1.6612312811980035,-0.014853849803377218
cD2,833,1.6632279534109817,0.07971212545817943
cD2,834,1.66522462562396,-0.05431163459160348
cD2,835,1.6672212978369385,0.0076784046131217
cD2,836,1.6692179700499168,-0.02463510564064713
cD2,837,1.6712146422628953,0.03279822167742161
cD2,838,1.6732113144758736,-0.009431368798408649
cD2,839,1.6752079866888518,0.004107329680796726
cD2,840,1.6772046589018303,-0.005232034963376934
cD2,841,1.6792013311148086,0.012124895046863132
cD2,842,1.6811980033277871,-0.016015279136313093
cD2,843,1.6831946755407654,0.0053824290958110225
cD2,844,1.685191347753744,0.01937444309455476
cD2,845,1.6871880199667222,-0.02451425615283532
cD2,846,1.6891846921797005,0.014797846318841392
cD2,847,1.691181364392679,-0.025767774543489597
cD2,848,1.6931780366056572,0.0274617109567688
cD2,849,1.6951747088186357,-0.006210381317565453
cD2,850,1.697171381031614,-0.023265936671372014
cD2,851,1.6991680532445923,0.02610001487245265
cD2,852,1.7011647254575708,-0.00430628587480508
cD2,853,1.703161397670549,-0.012874444394279538
cD2,854,1.7051580698835276,-0.000439769390514378
cD2,855,1.7071547420965059,0.03510778588435352
cD2,856,1.7091514143094841,-0.02476755496358271
cD2,857,1.7111480865224626,-0.000465309787023687
cD2,858,1.713144758735441,0.006215391514551048
cD2,859,1.7151414309484194,-0.02000025451093256
cD2,860,1.7171381031613977,0.029968850610630045
cD2,861,1.719134775374376,-0.019088418044507602
cD2,862,1.7211314475873545,0.004068841131146565
cD2,863,1.7231281198003328,0.008507609859007498
cD2,864,1.7251247920133113,-0.011068537711825139
cD2,865,1.7271214642262895,0.00288755835266461
cD2,866,1.729118136439268,0.0033418679664618594
cD2,867,1.7311148086522463,-0.00581840906822371
cD2,868,1.7331114808652246,0.0014622454222063598
cD2,869,1.735108153078203,0.021479552546721743
cD2,870,1.7371048252911814,-0.033340260823700986
cD2,871,1.7391014975041599,0.028129683652701642
cD2,872,1.7410981697171382,-0.0148416585712511
cD2,873,1.7430948419301164,-0.010325432959413567
cD2,874,1.745091514143095,0.03832737229846456
cD2,875,1.7470881863560732,-0.031355641108458274
cD2,876,1.7490848585690517,-0.003998668280362517
cD2,877,1.75108153078203,0.022411095609656328
cD2,878,1.7530782029950083,-0.01962910877997986
cD2,879,1.7550748752079868,0.000587023899497721
cD2,880,1.757071547420965,0.012784119262874106
cD2,881,1.7590682196339436,-0.005015503436867111
cD2,882,1.7610648918469218,-0.003122448155951098
cD2,883,1.7630615640599,0.009693838478634443
cD2,884,1.7650582362728786,-0.02705492263700595
cD2,885,1.767054908485857,0.0152117047545395
cD2,886,1.7690515806988354,0.03461930230953949
cD2,887,1.7710482529118137,-0.05519797222749586
cD2,888,1.773044925124792,0.002683601297597057
cD2,889,1.7750415973377704,0.0250090261318738
cD2,890,1.7770382695507487,-0.015340446359429414
cD2,891,1.7790349417637272,0.030286706509667766
cD2,892,1.7810316139767055,-0.015636420803753902
cD2,893,1.783028286189684,0.004690491200490771
cD2,894,1.7850249584026623,-0.017094927167842267
cD2,895,1.7870216306156406,0.0035145838348467043
cD2,896,1.789018302828619,0.012343712932476778
cD2,897,1.7910149750415973,-0.026703040193591758
cD2,898,1.7930116472545758,0.015456021360500546
cD2,899,1.7950083194675541,0.0038667888258227343
cD2,900,1.7970049916805324,-0.002140097523011208
cD2,901,1.799001663893511,-0.024983959117444634
cD2,902,1.8009983361064892,0.03467719679090083
cD2,903,1.8029950083194677,-0.05168523131394311
cD2,904,1.804991680532446,0.03811864869948386
cD2,905,1.8069883527454242,0.010000264134555424
cD2,906,1.8089850249584027,-0.011585360459919088
cD2,907,1.810981697171381,-0.01911181688287226
cD2,908,1.8129783693843595,0.0025044183515273294
cD2,909,1.8149750415973378,0.02842866912701094
cD2,910,1.816971713810316,-0.010755212660191733
cD2,911,1.8189683860232946,-0.006558652336806813
cD2,912,1.8209650582362729,-0.001330820649968343
cD2,913,1.8229617304492514,-0.0025647587061590153
cD2,914,1.8249584026622296,0.010417220547236858
cD2,915,1.8269550748752081,-0.008729592937148761
cD2,916,1.8289517470881864,0.025981987939785435
cD2,917,1.8309484193011647,-0.045685941380494276
cD2,918,1.8329450915141432,0.018578502802336156
cD2,919,1.8349417637271215,0.006569912215424754
cD2,920,1.8369384359401,0.004743866560081507
cD2,921,1.8389351081530783,0.0027846046687744668
cD2,922,1.8409317803660565,-0.026311368995555084
cD2,923,1.842928452579035,0.06117857539666153
cD2,924,1.8449251247920133,-0.05205212376440109
cD2,925,1.8469217970049918,-0.011023553606722815
cD2,926,1.84891846921797,0.03132613245547614
cD2,927,1.8509151414309484,-0.002646685676602937
cD2,928,1.8529118136439269,-0.00801824501731517
cD2,929,1.8549084858569052,0.0014205187030148264
cD2,930,1.8569051580698837,-0.0028313492466998766
cD2,931,1.858901830282862,0.025523269013271843
cD2,932,1.8608985024958402,-0.012192415030788557
cD2,933,1.8628951747088187,-0.03251753783315871
cD2,934,1.864891846921797,0.05175447722294082
cD2,935,1.8668885191347755,-0.029801400862850744
cD2,936,1.8688851913477538,-0.00824214553656724
cD2,937,1.870881863560732,0.02456800230254342
cD2,938,1.8728785357737106,-0.013801557160600691
cD2,939,1.8748752079866888,0.018568426735782767
cD2,940,1.8768718801996673,-0.029127341133611446
cD2,941,1.8788685524126456,0.007990394642323935
cD2,942,1.880865224625624,0.020495472354034417
cD2,943,1.8828618968386024,-0.02157339750416956
cD2,944,1.8848585690515807,0.0006090734328982177
cD2,945,1.8868552412645592,0.004059985075060538
cD2,946,1.8888519134775374,-0.011342687410856422
cD2,947,1.890848585690516,0.012796927661972346
cD2,948,1.8928452579034942,0.0008734290923666783
cD2,949,1.8948419301164725,-0.004003277121369655
cD2,950,1.896838602329451,-0.005678495725986423
cD2,951,1.8988352745424293,0.016986105293611775
cD2,952,1.9008319467554078,-0.014941700235541071
cD2,953,1.902828618968386,0.02594119274422744
cD2,954,1.9048252911813643,-0.012047716509199252
cD2,955,1.9068219633943428,-0.0014490822174482183
cD2,956,1.9088186356073211,-0.01571978065113871
cD2,957,1.9108153078202996,0.03501583162978551
cD2,958,1.912811980033278,-0.04753408457666474
cD2,959,1.9148086522462562,0.06609856149940674
cD2,960,1.9168053244592347,-0.02604635865072757
cD2,961,1.918801996672213,-0.02487546703321184
cD2,962,1.9207986688851915,0.014074525377959586
cD2,963,1.9227953410981697,0.034334855728966496
cD2,964,1.9247920133111482,-0.033098719840334995
cD2,965,1.9267886855241265,-0.014082383096694871
cD2,966,1.9287853577371048,0.008654482957672979
cD2,967,1.9307820299500833,0.031605970771142515
cD2,968,1.9327787021630616,-0.03090861644065966
cD2,969,1.93477537437604,0.009754823940638634
cD2,970,1.9367720465890184,0.009384817811942857
cD2,971,1.9387687188019966,-0.007581690260000451
cD2,972,1.9407653910149751,-0.03322767624139133
cD2,973,1.9427620632279534,0.05023624376410029
cD2,974,1.944758735440932,-0.010321705458140477
cD2,975,1.9467554076539102,-0.021693527208541348
cD2,976,1.9487520798668885,0.04617065040415128
cD2,977,1.950748752079867,-0.028255405446159836
cD2,978,1.9527454242928453,-0.007607189322095717
cD2,979,1.9547420965058238,0.024873098697838797
cD2,980,1.956738768718802,-0.04743616844394306
cD2,981,1.9587354409317803,0.05729535585933958
cD2,982,1.9607321131447588,-0.02391639734124721
cD2,983,1.962728785357737,0.006415474223249111
cD2,984,1.9647254575707156,-0.005102560912959754
cD2,985,1.9667221297836939,0.007336557503352089
cD2,986,1.9687188019966722,-0.025817036710968938
cD2,987,1.9707154742096507,0.016642770851262485
cD2,988,1.972712146422629,0.02975143279082502
cD2,989,1.9747088186356074,-0.025601873405949115
cD2,990,1.9767054908485857,-0.0018623438124082373
cD2,991,1.9787021630615642,-0.008153926438057282
cD2,992,1.9806988352745425,0.02260565250977458
cD2,993,1.9826955074875208,0.0027693781419235253
cD2,994,1.9846921797004993,-0.015763434791763207
cD2,995,1.9866888519134775,-0.00015010226613035077
cD2,996,1.988685524126456,0.0012795675580303584
cD2,997,1.9906821963394343,0.021869322944720437
cD2,998,1.9926788685524126,-0.020811793793547056
cD2,999,1.994675540765391,-0.002363597298668021
cD2,1000,1.9966722129783694,0.010302291357929852
cD2,1001,1.9986688851913479,-0.023772925416892802
cD2,1002,2.0006655574043264,0.01948862244362788
cD2,1003,2.0026622296173047,0.01931042024843489
cD2,1004,2.004658901830283,-0.034277393407138985
cD2,1005,2.0066555740432612,0.001110469344051616
cD2,1006,2.0086522462562395,0.055101776626262595
cD2,1007,2.0106489184692182,-0.06753665535954749
cD2,1008,2.0126455906821965,0.021380320033612104
cD2,1009,2.014642262895175,0.0018136351695274332
cD2,1010,2.016638935108153,0.0008786708048589089
cD2,1011,2.0186356073211313,0.0017947419146461733
cD2,1012,2.02063227953411,-0.0026815738574260325
cD2,1013,2.0226289517470883,-0.002491518940667452
cD2,1014,2.0246256239600666,-0.0019028589030161262
cD2,1015,2.026622296173045,0.022162962490498924
cD2,1016,2.028618968386023,-0.044200900026714465
cD2,1017,2.030615640599002,0.022518591800196056
cD2,1018,2.03261231281198,-0.008375957107744424
cD2,1019,2.0346089850249585,0.006753981348794049
cD2,1020,2.0366056572379367,0.018727477967173816
cD2,1021,2.038602329450915,-0.021490698806299783
cD2,1022,2.0405990016638937,0.003322049565316778
cD2,1023,2.042595673876872,-0.0008867576889650527
cD2,1024,2.0445923460898503,0.024577452752655354
cD2,1025,2.0465890183028286,-0.031242153293984283
cD2,1026,2.048585690515807,0.011509544195292046
cD2,1027,2.0505823627287856,0.0023314759215410925
cD2,1028,2.052579034941764,0.006987521251097644
cD2,1029,2.054575707154742,-0.017009413741541645
cD2,1030,2.0565723793677204,0.007481335735765669
cD2,1031,2.0585690515806987,0.002874256775177989
cD2,1032,2.0605657237936774,-0.0031737166680758503
cD2,1033,2.0625623960066557,-0.021335481792538406
cD2,1034,2.064559068219634,0.05239520832296925
cD2,1035,2.0665557404326123,-0.047824971546379526
cD2,1036,2.0685524126455905,0.020826191822543857
cD2,1037,2.0705490848585693,0.0014441662064200924
cD2,1038,2.0725457570715475,-0.034332296386749284
cD2,1039,2.074542429284526,0.04622837321079738
cD2,1040,2.076539101497504,0.0017240871462756455
cD2,1041,2.0785357737104824,-0.05268953611639643
cD2,1042,2.080532445923461,0.06285817712282914
cD2,1043,2.0825291181364394,-0.005094565746687305
cD2,1044,2.0845257903494177,-0.0272204511557864
cD2,1045,2.086522462562396,0.008781448508096597
cD2,1046,2.088519134775374,0.03044263997182728
cD2,1047,2.090515806988353,-0.04047607879928529
cD2,1048,2.092512479201331,0.04030713300926306
cD2,1049,2.0945091514143095,0.006452815523175188
cD2,1050,2.0965058236272878,-0.06668924264382285
cD2,1051,2.0985024958402665,-0.05131314707806348
cD2,1052,2.1004991680532448,0.06165463885329211
cD2,1053,2.102495840266223,0.0035758711027206805
cD2,1054,2.1044925124792013,0.050378619692086485
cD2,1055,2.1064891846921796,0.04719862850492508
cD2,1056,2.1084858569051583,-0.05446590786810483
cD2,1057,2.1104825291181366,0.01356376329650541
cD2,1058,2.112479201331115,0.008944524917361278
cD2,1059,2.114475873544093,-0.06363102216540717
cD2,1060,2.1164725457570714,-0.024973046027755408
cD2,1061,2.11846921797005,-0.07857530348526387
cD2,1062,2.1204658901830284,0.08787628455045728
cD2,1063,2.1224625623960067,0.12048168170484816
cD2,1064,2.124459234608985,-0.028060158205401014
cD2,1065,2.1264559068219633,-0.08052818955619594
cD2,1066,2.128452579034942,0.020479840040490124
cD2,1067,2.1304492512479203,0.05372681320986637
cD2,1068,2.1324459234608986,0.00542969627710399
cD2,1069,2.134442595673877,-0.009434384151301427
cD2,1070,2.136439267886855,-0.05025762130598342
cD2,1071,2.138435940099834,0.019230171528216856
cD2,1072,2.140432612312812,-0.03814623455179119
cD2,1073,2.1424292845257904,0.028178996179588807
cD2,1074,2.1444259567387687,0.002166922082812897
cD2,1075,2.146422628951747,-0.007181099690127427
cD2,1076,2.1484193011647257,0.0905676327322412
cD2,1077,2.150415973377704,-0.07590415472344281
cD2,1078,2.1524126455906822,-0.008985439447972783
cD2,1079,2.1544093178036605,-0.010511530418686816
cD2,1080,2.156405990016639,0.015726689546568404
cD2,1081,2.1584026622296175,0.006312391182624646
cD2,1082,2.160399334442596,-0.005557023475113572
cD2,1083,2.162396006655574,0.03826133026803506
cD2,1084,2.1643926788685524,-0.06001865367454617
cD2,1085,2.1663893510815306,0.022620303986713775
cD2,1086,2.1683860232945094,0.007632444095366585
cD2,1087,2.1703826955074876,-0.003777800194468073
cD2,1088,2.172379367720466,-0.025582281557115734
cD2,1089,2.174376039933444,0.038938182282329224
cD2,1090,2.1763727121464225,-0.0206190019678753
cD2,1091,2.178369384359401,0.005040966855495625
cD2,1092,2.1803660565723795,0.0026538566664495392
cD2,1093,2.1823627287853578,-0.021751658043396974
cD2,1094,2.184359400998336,0.03832126415326259
cD2,1095,2.1863560732113143,-0.02103337854496632
cD2,1096,2.188352745424293,-0.0022523536447245484
cD2,1097,2.1903494176372713,0.00316898007239806
cD2,1098,2.1923460898502496,0.010748233802016028
cD2,1099,2.194342762063228,-0.025465942037436552
cD2,1100,2.1963394342762066,0.028804286332756904
cD2,1101,2.198336106489185,-0.0008052598147873409
cD2,1102,2.200332778702163,-0.031830190685089334
cD2,1103,2.2023294509151414,0.009224052442667847
cD2,1104,2.2043261231281197,0.028543486225078678
cD2,1105,2.2063227953410984,-0.036089806751266225
cD2,1106,2.2083194675540767,0.015235243185709586
cD2,1107,2.210316139767055,-0.014735584268162348
cD2,1108,2.2123128119800333,0.050628560824094684
cD2,1109,2.2143094841930115,-0.05927065194552578
cD2,1110,2.2163061564059903,-0.007330811230563738
cD2,1111,2.2183028286189685,0.08744155379276133
cD2,1112,2.220299500831947,-0.10379306858716617
cD2,1113,2.222296173044925,0.04513325656035854
cD2,1114,2.2242928452579034,-0.02193929295624164
cD2,1115,2.226289517470882,0.045402235276954854
cD2,1116,2.2282861896838604,-0.05902865524345884
cD2,1117,2.2302828618968387,0.07082407063429164
cD2,1118,2.232279534109817,-0.06946307272268436
cD2,1119,2.234276206322795,0.0395548390658111
cD2,1120,2.236272878535774,-0.004173705228189309
cD2,1121,2.2382695507487522,-0.045246071419957644
cD2,1122,2.2402662229617305,0.0646577215167003
cD2,1123,2.242262895174709,-0.06512981622420747
cD2,1124,2.244259567387687,0.10243146026792083
cD2,1125,2.246256239600666,-0.08814392013286328
cD2,1126,2.248252911813644,-0.02191002803981303
cD2,1127,2.2502495840266223,0.1413209806103822
cD2,1128,2.2522462562396006,-0.15617711009302956
cD2,1129,2.254242928452579,0.08450982881879043
cD2,1130,2.2562396006655576,-0.051643056107082114
cD2,1131,2.258236272878536,0.05045390606642915
cD2,1132,2.260232945091514,0.0038793724452321427
cD2,1133,2.2622296173044925,-0.05644709611212267
cD2,1134,2.2642262895174707,0.030343752050272187
cD2,1135,2.2662229617304495,0.010829708812242628
cD2,1136,2.2682196339434277,0.014185877911059071
cD2,1137,2.270216306156406,-0.03466073927921701
cD2,1138,2.2722129783693843,0.021146983762712894
cD2,1139,2.2742096505823626,-0.00704198275073162
cD2,1140,2.2762063227953413,-0.0001315764276882544
cD2,1141,2.2782029950083196,-0.015343508744485526
cD2,1142,2.280199667221298,0.011519720585064753
cD2,1143,2.282196339434276,-0.005356231567675703
cD2,1144,2.2841930116472544,0.007531312091419105
cD2,1145,2.286189683860233,0.019899870770800045
cD2,1146,2.2881863560732114,-0.038062007680315584
cD2,1147,2.2901830282861897,0.039431500037221644
cD2,1148,2.292179700499168,-0.03292532150973763
cD2,1149,2.2941763727121467,-0.0012558091004786687
cD2,1150,2.296173044925125,0.020906048332243934
cD2,1151,2.2981697171381033,-0.0014940141645474563
cD2,1152,2.3001663893510815,0.0011572089169475885
cD2,1153,2.30216306156406,0.0010736923106920376
cD2,1154,2.3041597337770385,0.02734778440693886
cD2,1155,2.306156405990017,-0.06305000329677676
cD2,1156,2.308153078202995,-0.0014740698180559786
cD2,1157,2.3101497504159734,0.05362299554076821
cD2,1158,2.3121464226289516,-0.012869807896537726
cD2,1159,2.3141430948419304,0.005531765611598204
cD2,1160,2.3161397670549086,-0.04528756381002136
cD2,1161,2.318136439267887,0.06093707437680685
cD2,1162,2.320133111480865,-0.027814331705893307
cD2,1163,2.3221297836938435,-0.030158772866508164
cD2,1164,2.324126455906822,0.0326337309383025
cD2,1165,2.3261231281198005,0.011559563480908508
cD2,1166,2.3281198003327788,-0.011974604953744923
cD2,1167,2.330116472545757,-0.011675453258779346
cD2,1168,2.3321131447587353,0.01875404293108355
cD2,1169,2.334109816971714,-0.042823268758134185
cD2,1170,2.3361064891846923,0.021795215128197234
cD2,1171,2.3381031613976706,0.04892817179058258
cD2,1172,2.340099833610649,-0.02102916634502243
cD2,1173,2.342096505823627,-0.02648594124647118
cD2,1174,2.344093178036606,0.005379100319830493
cD2,1175,2.346089850249584,0.05174349488727575
cD2,1176,2.3480865224625624,-0.06154378689930635
cD2,1177,2.3500831946755407,0.009352359642550231
cD2,1178,2.352079866888519,0.018637404215913714
cD2,1179,2.3540765391014977,-0.03269719470299292
cD2,1180,2.356073211314476,0.0348868966580182
cD2,1181,2.3580698835274543,-0.02682724914833939
cD2,1182,2.3600665557404326,0.012785739746794911
cD2,1183,2.362063227953411,-0.0014031229183023323
cD2,1184,2.3640599001663896,-0.009629789643071143
cD2,1185,2.366056572379368,0.022682570312554128
cD2,1186,2.368053244592346,-0.027175867239531543
cD2,1187,2.3700499168053244,0.033690602427862495
cD2,1188,2.3720465890183027,-0.028601902188507528
cD2,1189,2.3740432612312814,0.00016737464574217574
cD2,1190,2.3760399334442597,0.0002874919913628611
cD2,1191,2.378036605657238,0.006772521717249592
cD2,1192,2.3800332778702162,-0.012761701657062141
cD2,1193,2.3820299500831945,0.015025230094455085
cD2,1194,2.3840266222961732,0.0020281570972616953
cD2,1195,2.3860232945091515,-0.02016127371246418
cD2,1196,2.38801996672213,0.031604360506532946
cD2,1197,2.390016638935108,-0.033231550438338156
cD2,1198,2.392013311148087,0.02303760002536585
cD2,1199,2.394009983361065,-0.001641583865417422
cD2,1200,2.3960066555740434,-0.006510422571002024
cD2,1201,2.3980033277870216,0.01931161900080515
cD2,1202,2.4,-0.016466939770912493
cD2,1203,2.4019966722129786,-0.01160788286808177
cD2,1204,2.403993344425957,0.034138521858335956
cD2,1205,2.405990016638935,-0.010576954605820343
cD2,1206,2.4079866888519135,-0.04495506529161245
cD2,1207,2.4099833610648917,0.043360104362013666
cD2,1208,2.4119800332778705,0.012323943225086873
cD2,1209,2.4139767054908488,-0.03963072154773512
cD2,1210,2.415973377703827,0.009273939944136701
cD2,1211,2.4179700499168053,0.007551460911789498
cD2,1212,2.4199667221297836,0.007313410006513993
cD2,1213,2.4219633943427623,-0.020733337118803614
cD2,1214,2.4239600665557406,0.008245198956227244
cD2,1215,2.425956738768719,0.008837555616830747
cD2,1216,2.427953410981697,0.004895203748855164
cD2,1217,2.4299500831946754,-0.00020884785647527684
cD2,1218,2.431946755407654,-0.04041825952303262
cD2,1219,2.4339434276206324,0.09890764894158731
cD2,1220,2.4359400998336107,-0.11223819502397454
cD2,1221,2.437936772046589,0.09374234862220553
cD2,1222,2.4399334442595673,-0.18087135515770286
cD2,1223,2.441930116472546,0.17751583593897205
cD2,1224,2.4439267886855243,-0.004861119676106095
cD2,1225,2.4459234608985025,-0.03205265713582024
cD2,1226,2.447920133111481,0.012439615602496994
cD2,1227,2.449916805324459,-0.021276232184420884
cD2,1228,2.451913477537438,0.037256885376553375
cD2,1229,2.453910149750416,-0.09484736730197915
cD2,1230,2.4559068219633944,0.06572577747884714
cD2,1231,2.4579034941763727,0.015312587040592664
cD2,1232,2.459900166389351,-0.09586078712622517
cD2,1233,2.4618968386023297,0.04804325854827059
cD2,1234,2.463893510815308,0.0821022621502599
cD2,1235,2.465890183028286,-0.04962031203338222
cD2,1236,2.4678868552412645,-0.0009172697340804614
cD2,1237,2.4698835274542428,-0.014296388629790352
cD2,1238,2.4718801996672215,-0.008140939682783732
cD2,1239,2.4738768718802,0.01631534372282701
cD2,1240,2.475873544093178,-0.019581354008186103
cD2,1241,2.4778702163061563,0.011181930832893738
cD2,1242,2.4798668885191346,0.02948643750967478
cD2,1243,2.4818635607321133,-0.01887608574373783
cD2,1244,2.4838602329450916,-0.06659380186515015
cD2,1245,2.48585690515807,0.09277424363880987
cD2,1246,2.487853577371048,-0.03490406683447885
cD2,1247,2.489850249584027,-0.0031556789436750976
cD2,1248,2.491846921797005,-0.0068667925191724785
cD2,1249,2.4938435940099835,0.0013669811535040365
cD2,1250,2.4958402662229617,0.02417847652066973
cD2,1251,2.49783693843594,-0.018745611640815747
cD2,1252,2.4998336106489187,-0.012194800805274285
cD2,1253,2.501830282861897,-0.0017513737332165297
cD2,1254,2.5038269550748753,0.03609893979750701
cD2,1255,2.5058236272878536,-0.011946015566032111
cD2,1256,2.507820299500832,-0.002924153115414439
cD2,1257,2.5098169717138106,-0.010748007911107377
cD2,1258,2.511813643926789,-0.035120595055000176
cD2,1259,2.513810316139767,0.060856477691652686
cD2,1260,2.5158069883527454,-0.029872909695181173
cD2,1261,2.5178036605657237,0.003393420260406897
cD2,1262,2.5198003327787024,-0.0028094075405938447
cD2,1263,2.5217970049916807,0.014783754399009513
cD2,1264,2.523793677204659,-0.0016771440093409661
cD2,1265,2.5257903494176372,-0.014980890083235181
cD2,1266,2.5277870216306155,-0.002205394926632501
cD2,1267,2.5297836938435942,0.008099400657086617
cD2,1268,2.5317803660565725,-0.013186099390540806
cD2,1269,2.533777038269551,0.01567018568852689
cD2,1270,2.535773710482529,0.009926743653188654
cD2,1271,2.5377703826955074,-0.029689583103525898
cD2,1272,2.539767054908486,0.01838015896357931
cD2,1273,2.5417637271214644,0.007243755741289651
cD2,1274,2.5437603993344426,-0.017910854016057895
cD2,1275,2.545757071547421,0.02774496672553166
cD2,1276,2.547753743760399,-0.018284989333637952
cD2,1277,2.549750415973378,0.004396108641279331
cD2,1278,2.551747088186356,-0.024816075080621496
cD2,1279,2.5537437603993345,0.04742972570269385
cD2,1280,2.5557404326123128,-0.019079252963434414
cD2,1281,2.557737104825291,-0.02353660727964039
cD2,1282,2.5597337770382698,0.01305976514162786
cD2,1283,2.561730449251248,-0.008691321880425205
cD2,1284,2.5637271214642263,0.03700984815869918
cD2,1285,2.5657237936772046,-0.04313619047454273
cD2,1286,2.567720465890183,0.027633769358896276
cD2,1287,2.5697171381031616,-0.002524020380534728
cD2,1288,2.57171381031614,-0.023585974916119926
cD2,1289,2.573710482529118,0.019086693214180037
cD2,1290,2.5757071547420964,0.012749508629659505
cD2,1291,2.5777038269550747,-0.04259021400280906
cD2,1292,2.5797004991680534,0.03797816455310318
cD2,1293,2.5816971713810317,-0.014176224257319962
cD2,1294,2.58369384359401,-0.009884449850215941
cD2,1295,2.5856905158069883,0.024670391812458916
cD2,1296,2.587687188019967,-0.0061575689876510265
cD2,1297,2.5896838602329453,-0.02789307874359322
cD2,1298,2.5916805324459236,0.04030397855384034
cD2,1299,2.593677204658902,-0.028735097693547117
cD2,1300,2.59567387687188,0.007011529570700434
cD2,1301,2.597670549084859,0.002062827632153349
cD2,1302,2.599667221297837,0.015486925490815926
cD2,1303,2.6016638935108154,-0.01778379707505181
cD2,1304,2.6036605657237937,0.00575864363212175
cD2,1305,2.605657237936772,0.016203357077879812
cD2,1306,2.6076539101497507,-0.02384812445840597
cD2,1307,2.609650582362729,-0.0005988210661619555
cD2,1308,2.6116472545757072,0.011678527926628214
cD2,1309,2.6136439267886855,-0.018527144669708465
cD2,1310,2.615640599001664,0.038522894301104546
cD2,1311,2.6176372712146425,-0.05055869573939304
cD2,1312,2.619633943427621,0.02453568193331984
cD2,1313,2.621630615640599,0.027018612466621187
cD2,1314,2.6236272878535774,-0.03330811843395348
cD2,1315,2.6256239600665556,0.0024531716910579397
cD2,1316,2.6276206322795344,0.024178176720230142
cD2,1317,2.6296173044925126,-0.022266990543434687
cD2,1318,2.631613976705491,0.015024038562645572
cD2,1319,2.633610648918469,0.0022190067467111434
cD2,1320,2.6356073211314475,-0.026590198399745427
cD2,1321,2.637603993344426,0.019633160588648363
cD2,1322,2.6396006655574045,-0.0019353911950778166
cD2,1323,2.6415973377703827,-0.020502181341579197
cD2,1324,2.643594009983361,0.042138855379159616
cD2,1325,2.6455906821963393,-0.041361865876745965
cD2,1326,2.647587354409318,0.02404558288629319
cD2,1327,2.6495840266222963,-0.005106871775450952
cD2,1328,2.6515806988352746,-0.002219538303241648
cD2,1329,2.653577371048253,0.016900838648082152
cD2,1330,2.655574043261231,-0.011662063042031644
cD2,1331,2.65757071547421,-0.02397627989945683
cD2,1332,2.659567387687188,0.0356088835584574
cD2,1333,2.6615640599001664,-0.02871302134775201
cD2,1334,2.6635607321131447,0.010305859604927163
cD2,1335,2.665557404326123,0.016818400706691643
cD2,1336,2.6675540765391017,-0.017576346628248026
cD2,1337,2.66955074875208,0.01804761465784265
cD2,1338,2.6715474209650583,0.004512838386809885
cD2,1339,2.6735440931780365,-0.011844690928807558
cD2,1340,2.675540765391015,-0.0002445737657393186
cD2,1341,2.6775374376039935,0.004989253855947009
cD2,1342,2.679534109816972,0.018908142584519897
cD2,1343,2.68153078202995,-0.05359719356486743
cD2,1344,2.6835274542429284,0.0576318953238674
cD2,1345,2.685524126455907,0.011156038198871739
cD2,1346,2.6875207986688854,-0.04712869888718202
cD2,1347,2.6895174708818637,0.025701301760641296
cD2,1348,2.691514143094842,-0.013392062457255938
cD2,1349,2.69351081530782,0.011856029774671173
cD2,1350,2.695507487520799,-0.008651739386488546
cD2,1351,2.697504159733777,0.004311610429856496
cD2,1352,2.6995008319467555,-0.007492158357117369
cD2,1353,2.7014975041597338,-0.010719624514677457
cD2,1354,2.703494176372712,0.043729996494208764
cD2,1355,2.7054908485856908,-0.046235339646938614
cD2,1356,2.707487520798669,0.02675409521876629
cD2,1357,2.7094841930116473,-0.02478851837601765
cD2,1358,2.7114808652246256,0.024956624348252212
cD2,1359,2.713477537437604,-0.001320302512919599
cD2,1360,2.7154742096505826,-0.015901668986169844
cD2,1361,2.717470881863561,0.036989111523183967
cD2,1362,2.719467554076539,-0.02118261512057858
cD2,1363,2.7214642262895175,-0.020040116119562284
cD2,1364,2.7234608985024957,0.022099766422704274
cD2,1365,2.7254575707154745,-0.0032077711998927784
cD2,1366,2.7274542429284527,0.018744124584067746
cD2,1367,2.729450915141431,-0.01648325430260354
cD2,1368,2.7314475873544093,-0.010617544715651734
cD2,1369,2.7334442595673876,0.03282556641150233
cD2,1370,2.7354409317803663,-0.01656900582606084
cD2,1371,2.7374376039933446,-0.020291832505470217
cD2,1372,2.739434276206323,0.018624738062086813
cD2,1373,2.741430948419301,-0.007567890597658778
cD2,1374,2.7434276206322794,-0.0059756381321442705
cD2,1375,2.745424292845258,0.039735463575801676
cD2,1376,2.7474209650582364,-0.03328180336469371
cD2,1377,2.7494176372712147,-0.014792764071072322
cD2,1378,2.751414309484193,0.01792523710875138
cD2,1379,2.7534109816971712,0.014983067086864064
cD2,1380,2.75540765391015,-0.04762578024631948
cD2,1381,2.7574043261231282,0.03936583218683691
cD2,1382,2.7594009983361065,-0.023822008498012713
cD2,1383,2.761397670549085,0.018316724712584696
cD2,1384,2.763394342762063,-0.0006040724612635656
cD2,1385,2.765391014975042,-0.0292358309085543
cD2,1386,2.76738768718802,0.029695478711021857
cD2,1387,2.7693843594009984,-0.020840659010928304
cD2,1388,2.7713810316139766,0.02568489918696538
cD2,1389,2.773377703826955,-0.008574713827353387
cD2,1390,2.7753743760399336,-0.00995541884304587
cD2,1391,2.777371048252912,0.010396565703551255
cD2,1392,2.77936772046589,0.01800604995522284
cD2,1393,2.7813643926788685,-0.00433879984602133
cD2,1394,2.783361064891847,-0.03667270675988671
cD2,1395,2.7853577371048255,0.039218084736673604
cD2,1396,2.7873544093178038,-0.0280677580402906
cD2,1397,2.789351081530782,0.003815664224353435
cD2,1398,2.7913477537437603,0.01330446283099417
cD2,1399,2.793344425956739,0.010185643882357362
cD2,1400,2.7953410981697173,-0.025954535539024274
cD2,1401,2.7973377703826956,0.002369193719147178
cD2,1402,2.799334442595674,0.019178537637560767
cD2,1403,2.801331114808652,-0.01474694656798336
cD2,1404,2.803327787021631,0.003904561412388279
cD2,1405,2.805324459234609,-0.020930255054602574
cD2,1406,2.8073211314475874,0.022934586591933745
cD2,1407,2.8093178036605657,-0.011815200014886836
cD2,1408,2.811314475873544,-0.0023953533877818663
cD2,1409,2.8133111480865227,0.024208355024157878
cD2,1410,2.815307820299501,0.011213485789460647
cD2,1411,2.8173044925124793,-0.0311588646062694
cD2,1412,2.8193011647254576,0.020903838978843816
cD2,1413,2.821297836938436,-0.024918180128006485
cD2,1414,2.8232945091514146,0.021061977948224744
cD2,1415,2.825291181364393,-0.010669929812117536
cD2,1416,2.827287853577371,-0.0050063181601460605
cD2,1417,2.8292845257903494,0.0005275971907353532
cD2,1418,2.8312811980033277,0.004155345187667329
cD2,1419,2.8332778702163064,0.02016732687233181
cD2,1420,2.8352745424292847,-0.021098714502586526
cD2,1421,2.837271214642263,-0.001207286059523499
cD2,1422,2.8392678868552412,0.004197498908884578
cD2,1423,2.8412645590682195,0.01702842475923985
cD2,1424,2.8432612312811982,-0.02556031230297967
cD2,1425,2.8452579034941765,0.002605880761459422
cD2,1426,2.847254575707155,0.01610214813926573
cD2,1427,2.849251247920133,-0.019224932723062343
cD2,1428,2.8512479201331113,0.011261072235746447
cD2,1429,2.85324459234609,0.009439223381026752
cD2,1430,2.8552412645590683,-0.008148454495005205
cD2,1431,2.8572379367720466,0.003539271686861341
cD2,1432,2.859234608985025,0.002478621311233135
cD2,1433,2.861231281198003,-0.019779789017598793
cD2,1434,2.863227953410982,0.036262406293721905
cD2,1435,2.86522462562396,-0.04840865100357356
cD2,1436,2.8672212978369385,0.005402057663403086
cD2,1437,2.8692179700499167,0.015889747306963103
cD2,1438,2.871214642262895,0.017590629453853878
cD2,1439,2.8732113144758737,-0.021736379853865704
cD2,1440,2.875207986688852,-0.012189006276083087
cD2,1441,2.8772046589018303,0.0021081186116116667
cD2,1442,2.8792013311148086,0.02698133611557803
cD2,1443,2.8811980033277873,-0.04060034142714564
cD2,1444,2.8831946755407656,0.018780039935264017
cD2,1445,2.885191347753744,0.0038735252651888245
cD2,1446,2.887188019966722,-0.02847022837635338
cD2,1447,2.8891846921797004,0.006707213221024727
cD2,1448,2.891181364392679,0.029423945441181515
cD2,1449,2.8931780366056574,-0.019673300404562704
cD2,1450,2.8951747088186357,-0.0015610933623209297
cD2,1451,2.897171381031614,2.0679835604944623e-06
cD2,1452,2.8991680532445923,0.001803111550520079
cD2,1453,2.901164725457571,-0.02080124124611998
cD2,1454,2.9031613976705493,0.02019567679896648
cD2,1455,2.9051580698835275,0.01910765567262483
cD2,1456,2.907154742096506,-0.032073282890207076
cD2,1457,2.909151414309484,0.023282104737738146
cD2,1458,2.911148086522463,-0.008649191474938256
cD2,1459,2.913144758735441,0.01631077858071683
cD2,1460,2.9151414309484194,-0.02982160820399617
cD2,1461,2.9171381031613977,0.002334024799708995
cD2,1462,2.919134775374376,0.05351564535104688
cD2,1463,2.9211314475873547,-0.04768809073570203
cD2,1464,2.923128119800333,-0.002019391003343139
cD2,1465,2.925124792013311,0.023347624688946068
cD2,1466,2.9271214642262895,-0.025824521044281002
cD2,1467,2.9291181364392678,0.014332586621728243
cD2,1468,2.9311148086522465,0.010910458196434781
cD2,1469,2.9331114808652248,-0.022105571309788997
cD2,1470,2.935108153078203,0.018874637337144826
cD2,1471,2.9371048252911813,-0.00729683707877596
cD2,1472,2.9391014975041596,0.005851249377326268
cD2,1473,2.9410981697171383,-0.001668266577888419
cD2,1474,2.9430948419301166,-0.005336591778542525
cD2,1475,2.945091514143095,-0.004973661257175047
cD2,1476,2.947088186356073,0.01926009309126793
cD2,1477,2.9490848585690514,-0.0154373024304417
cD2,1478,2.95108153078203,0.010739586564483193
cD2,1479,2.9530782029950084,-0.007704743438083375
cD2,1480,2.9550748752079867,-0.01268296953801317
cD2,1481,2.957071547420965,0.03620349887272695
cD2,1482,2.9590682196339433,-0.02672240407542229
cD2,1483,2.961064891846922,-0.007801084487257836
cD2,1484,2.9630615640599003,0.024960284996903483
cD2,1485,2.9650582362728786,-0.01268599630579538
cD2,1486,2.967054908485857,0.009443678799051333
cD2,1487,2.969051580698835,-0.012432172418298446
cD2,1488,2.971048252911814,0.005501952948540025
cD2,1489,2.973044925124792,0.014474115709543161
cD2,1490,2.9750415973377704,-0.019441022674026497
cD2,1491,2.9770382695507487,0.0038987601552094766
cD2,1492,2.9790349417637274,0.02255249084212981
cD2,1493,2.9810316139767057,-0.012621068925508436
cD2,1494,2.983028286189684,0.005461486104774634
cD2,1495,2.9850249584026622,-0.011154294213907434
cD2,1496,2.9870216306156405,-0.007318461021196055
cD2,1497,2.9890183028286192,0.026776962921979643
cD2,1498,2.9910149750415975,-0.012559812939119773
cD2,1499,2.993011647254576,0.00973013133683505
cD2,1500,2.995008319467554,-0.0027580995369328376
cD2,1501,2.9970049916805324,-0.00016837969830044454
cD2,1502,2.999001663893511,0.00028405170419039237
cD2,1503,3.0009983361064894,-0.0018997520848785428
cD2,1504,3.0029950083194676,-0.004424594231103476
cD2,1505,3.004991680532446,-0.009071909987843034
cD2,1506,3.006988352745424,0.0035595975750778138
cD2,1507,3.008985024958403,0.047676929587493276
cD2,1508,3.010981697171381,-0.03461912824551823
cD2,1509,3.0129783693843595,-0.004789947781601889
cD2,1510,3.0149750415973378,0.010926129354784387
cD2,1511,3.016971713810316,-0.014406221693619645
cD2,1512,3.0189683860232948,-0.009714712980971839
cD2,1513,3.020965058236273,0.022681964053856297
cD2,1514,3.0229617304492513,-0.008021354879226237
cD2,1515,3.0249584026622296,-0.019019986108730097
cD2,1516,3.026955074875208,0.036372974663729726
cD2,1517,3.0289517470881866,-0.009670688726288904
cD2,1518,3.030948419301165,-0.006236096790876685
cD2,1519,3.032945091514143,-0.001590715425315933
cD2,1520,3.0349417637271214,0.0006708050537369368
cD2,1521,3.0369384359400997,0.030263954890420962
cD2,1522,3.0389351081530784,-0.0270132330489553
cD2,1523,3.0409317803660567,0.01045009477007273
cD2,1524,3.042928452579035,-0.009745478006652784
cD2,1525,3.0449251247920133,-0.018461523105330856
cD2,1526,3.0469217970049916,-0.04193519485712708
cD2,1527,3.0489184692179703,0.020456666632322477
cD2,1528,3.0509151414309486,0.034647634672352094
cD2,1529,3.052911813643927,0.07213002065770191
cD2,1530,3.054908485856905,0.016378347588959674
cD2,1531,3.0569051580698834,-0.0858152387627264
cD2,1532,3.058901830282862,0.05851151589845777
cD2,1533,3.0608985024958404,-0.06706150436693616
cD2,1534,3.0628951747088187,0.055269035275822456
cD2,1535,3.064891846921797,-0.08601919716285249
cD2,1536,3.0668885191347757,-0.09321850685548612
cD2,1537,3.068885191347754,0.0990548053161636
cD2,1538,3.0708818635607322,0.13146203919662158
cD2,1539,3.0728785357737105,-0.07889578120778183
cD2,1540,3.074875207986689,-0.002849632087072368
cD2,1541,3.0768718801996675,0.01701575922032257
cD2,1542,3.078868552412646,0.0162130665792401
cD2,1543,3.080865224625624,-0.00915653898575372
cD2,1544,3.0828618968386023,-0.013765863298777561
cD2,1545,3.0848585690515806,-0.03287730558879136
cD2,1546,3.0868552412645593,0.010744666057342662
cD2,1547,3.0888519134775376,0.004472348114891327
cD2,1548,3.090848585690516,-0.0189654750831863
cD2,1549,3.092845257903494,0.03596089474288963
cD2,1550,3.0948419301164725,0.012533305759212219
cD2,1551,3.096838602329451,-0.0008928676385724617
cD2,1552,3.0988352745424295,-0.007551295249871153
cD2,1553,3.1008319467554077,-0.01629285425992121
cD2,1554,3.102828618968386,-0.02692830687422694
cD2,1555,3.1048252911813643,0.014903217602929092
cD2,1556,3.106821963394343,0.021333798532033616
cD2,1557,3.1088186356073213,0.0017483491431104174
cD2,1558,3.1108153078202996,-0.004495199548927313
cD2,1559,3.112811980033278,0.028495106047434455
cD2,1560,3.114808652246256,-0.03186027719961383
cD2,1561,3.116805324459235,0.001217904353885843
cD2,1562,3.118801996672213,-0.004241441695349288
cD2,1563,3.1207986688851914,-0.003178607381121269
cD2,1564,3.1227953410981697,0.009598744738587434
cD2,1565,3.124792013311148,0.01019734108623325
cD2,1566,3.1267886855241267,-0.010339545624937312
cD2,1567,3.128785357737105,-0.008685648800453345
cD2,1568,3.1307820299500833,0.007079498261704216
cD2,1569,3.1327787021630615,0.0018447219019865277
cD2,1570,3.13477537437604,-0.02028561854954118
cD2,1571,3.1367720465890185,0.04374474479720822
cD2,1572,3.138768718801997,-0.028364390940989834
cD2,1573,3.140765391014975,-0.009639682342052229
cD2,1574,3.1427620632279534,0.04354646192228796
cD2,1575,3.1447587354409317,-0.036897505275057314
cD2,1576,3.1467554076539104,0.022945915918108677
cD2,1577,3.1487520798668887,-0.01877909566399654
cD2,1578,3.150748752079867,0.0261896027185105
cD2,1579,3.152745424292845,0.003673363010404487
cD2,1580,3.1547420965058235,-0.02571940371188837
cD2,1581,3.156738768718802,-0.004820492980777738
cD2,1582,3.1587354409317805,0.026269195634428713
cD2,1583,3.1607321131447588,-0.03721923767021497
cD2,1584,3.162728785357737,0.004365329606198736
cD2,1585,3.1647254575707158,0.043493547776554745
cD2,1586,3.166722129783694,-0.0495321322971507
cD2,1587,3.1687188019966723,-0.019957413015933043
cD2,1588,3.1707154742096506,0.0824791511566785
cD2,1589,3.172712146422629,-0.05758507049716572
cD2,1590,3.1747088186356076,0.025337579888628906
cD2,1591,3.176705490848586,-0.056882677179430435
cD2,1592,3.178702163061564,0.08522726441691908
cD2,1593,3.1806988352745424,-0.011716729939321824
cD2,1594,3.1826955074875207,-0.07711145449199033
cD2,1595,3.1846921797004994,0.07466546804966695
cD2,1596,3.1866888519134777,0.005845417550338889
cD2,1597,3.188685524126456,-0.04838131869015646
cD2,1598,3.1906821963394343,0.0024525803429573632
cD2,1599,3.1926788685524126,0.08937924806092915
cD2,1600,3.1946755407653913,-0.09967648138054887
cD2,1601,3.1966722129783696,-0.01638193733873851
cD2,1602,3.198668885191348,0.1212170327829213
cD2,1603,3.200665557404326,-0.11847645710496331
cD2,1604,3.2026622296173044,0.016127324211742677
cD2,1605,3.204658901830283,0.07114327836735905
cD2,1606,3.2066555740432614,-0.0423734381929731
cD2,1607,3.2086522462562397,-0.031239131120352082
cD2,1608,3.210648918469218,0.043905596851229266
cD2,1609,3.2126455906821962,-0.010561314962727154
cD2,1610,3.214642262895175,-0.010205943983421107
cD2,1611,3.2166389351081532,0.02479695227717993
cD2,1612,3.2186356073211315,-0.006758054751240366
cD2,1613,3.22063227953411,0.021343494572324418
cD2,1614,3.222628951747088,-0.04837023822066598
cD2,1615,3.224625623960067,0.02629376078180189
cD2,1616,3.226622296173045,-0.004751580921497114
cD2,1617,3.2286189683860234,0.005165194198689353
cD2,1618,3.2306156405990016,-0.0014813078701364439
cD2,1619,3.23261231281198,-0.015862814508920894
cD2,1620,3.2346089850249586,0.030397630003322743
cD2,1621,3.236605657237937,-0.011475257522846052
cD2,1622,3.238602329450915,-0.0184288791000069
cD2,1623,3.2405990016638935,0.03265186446845598
cD2,1624,3.2425956738768718,-0.03240640833841069
cD2,1625,3.2445923460898505,0.0325607338544523
cD2,1626,3.2465890183028288,-0.01725642329988462
cD2,1627,3.248585690515807,-0.011626572375274811
cD2,1628,3.2505823627287853,0.013679656288979105
cD2,1629,3.2525790349417636,0.05126408100757974
cD2,1630,3.2545757071547423,-0.07917931921923996
cD2,1631,3.2565723793677206,0.03361027293023629
cD2,1632,3.258569051580699,0.012040055511262773
cD2,1633,3.260565723793677,-0.0389051540275334
cD2,1634,3.262562396006656,0.011973463890883279
cD2,1635,3.264559068219634,0.037673747954964316
cD2,1636,3.2665557404326124,-0.04165280620776089
cD2,1637,3.2685524126455907,0.00024989322868573626
cD2,1638,3.270549084858569,0.005967393817557347
cD2,1639,3.2725457570715477,0.013613758084974276
cD2,1640,3.274542429284526,0.008227594841400546
cD2,1641,3.2765391014975043,-0.027262608969216187
cD2,1642,3.2785357737104825,0.009329602776870217
cD2,1643,3.280532445923461,0.008324338284426355
cD2,1644,3.2825291181364395,-0.03921600672049342
cD2,1645,3.284525790349418,0.047821714108993565
cD2,1646,3.286522462562396,0.010314929975230267
cD2,1647,3.2885191347753744,-0.05690187658847921
cD2,1648,3.2905158069883527,0.07004620503669265
cD2,1649,3.2925124792013314,-0.06463643065139404
cD2,1650,3.2945091514143097,0.021603639916906933
cD2,1651,3.296505823627288,0.010465992687071025
cD2,1652,3.2985024958402662,0.00997084390480554
cD2,1653,3.3004991680532445,-0.0036910918271376484
cD2,1654,3.3024958402662232,-0.029403840590149256
cD2,1655,3.3044925124792015,0.04482145776674896
cD2,1656,3.30648918469218,-0.03893550539988775
cD2,1657,3.308485856905158,0.01476220722461093
cD2,1658,3.3104825291181363,0.029757333916522553
cD2,1659,3.312479201331115,-0.024244751153730936
cD2,1660,3.3144758735440933,-0.0193853676894598
cD2,1661,3.3164725457570716,0.007881877514360966
cD2,1662,3.31846921797005,0.00034351429651968734
cD2,1663,3.320465890183028,0.0034679030510355708
cD2,1664,3.322462562396007,0.016687659896787325
cD2,1665,3.324459234608985,0.006450831893679661
cD2,1666,3.3264559068219635,-0.048280688235277855
cD2,1667,3.3284525790349417,0.03662840514383613
cD2,1668,3.33044925124792,-0.004639029430801576
cD2,1669,3.3324459234608987,0.0009240978642511164
cD2,1670,3.334442595673877,0.006634309502336568
cD2,1671,3.3364392678868553,-0.007882470919820434
cD2,1672,3.3384359400998336,0.023469057088341395
cD2,1673,3.340432612312812,-0.027678003126422768
cD2,1674,3.3424292845257906,0.008716533325773625
cD2,1675,3.344425956738769,0.019213437076187306
cD2,1676,3.346422628951747,-0.0365854293629565
cD2,1677,3.3484193011647254,-0.023394656301504134
cD2,1678,3.3504159733777037,0.045192850415247836
cD2,1679,3.3524126455906824,-0.014536809562132054
cD2,1680,3.3544093178036607,0.01450631910247677
cD2,1681,3.356405990016639,-0.013629449187670374
cD2,1682,3.3584026622296173,-0.0025739972908762863
cD2,1683,3.360399334442596,0.010015130941750347
cD2,1684,3.3623960066555743,-0.019287459829021164
cD2,1685,3.3643926788685525,0.03398785011101941
cD2,1686,3.366389351081531,-0.03696344178720127
cD2,1687,3.368386023294509,0.020613399557138277
cD2,1688,3.370382695507488,-0.015684566707491222
cD2,1689,3.372379367720466,0.009264491270409656
cD2,1690,3.3743760399334444,0.0008349052042591393
cD2,1691,3.3763727121464226,-0.0016847942489719887
cD2,1692,3.378369384359401,-0.025960290247404726
cD2,1693,3.3803660565723797,0.02867668930768071
cD2,1694,3.382362728785358,-0.010328802820485655
cD2,1695,3.384359400998336,-0.0008593351800729358
cD2,1696,3.3863560732113145,0.036633661316391695
cD2,1697,3.3883527454242928,-0.0015586737833787447
cD2,1698,3.3903494176372715,-0.07763261149221586
cD2,1699,3.3923460898502498,-0.02354898002020814
cD2,1700,3.394342762063228,0.19014905257555226
cD2,1701,3.3963394342762063,-0.14301659601293132
cD2,1702,3.3983361064891846,0.04220340887578765
cD2,1703,3.4003327787021633,0.05700974890641061
cD2,1704,3.4023294509151416,-0.08141169768022019
cD2,1705,3.40432612312812,-0.03526576293724913
cD2,1706,3.406322795341098,0.03475063787917761
cD2,1707,3.4083194675540764,0.06745246336440971
cD2,1708,3.410316139767055,-0.0944866651270366
cD2,1709,3.4123128119800334,0.006672182682660581
cD2,1710,3.4143094841930117,0.05219586696261272
cD2,1711,3.41630615640599,-0.002675099446130192
cD2,1712,3.4183028286189683,0.019550605048349587
cD2,1713,3.420299500831947,-0.022489701631194355
cD2,1714,3.4222961730449253,-0.004879386617032813
cD2,1715,3.4242928452579036,0.037182645251690266
cD2,1716,3.426289517470882,-0.09679756902366586
cD2,1717,3.42828618968386,0.05251839482448737
cD2,1718,3.430282861896839,-0.0022187200935931232
cD2,1719,3.432279534109817,0.016500902204419736
cD2,1720,3.4342762063227954,0.016890719752161984
cD2,1721,3.4362728785357737,-0.06564495996263008
cD2,1722,3.438269550748752,0.02711656281348438
cD2,1723,3.4402662229617307,0.017582953598727885
cD2,1724,3.442262895174709,-0.026392980390386678
cD2,1725,3.4442595673876872,0.03399114220752169
cD2,1726,3.4462562396006655,-0.023103110144319525
cD2,1727,3.448252911813644,-0.01810735999805523
cD2,1728,3.4502495840266225,0.019621158983089488
cD2,1729,3.452246256239601,0.029694303904684142
cD2,1730,3.454242928452579,-0.04102369558714257
cD2,1731,3.4562396006655574,0.014434948953516508
cD2,1732,3.458236272878536,0.012895705055212219
cD2,1733,3.4602329450915144,-0.02116550702918593
cD2,1734,3.4622296173044926,0.010036339173824422
cD2,1735,3.464226289517471,-0.03282469588574055
cD2,1736,3.466222961730449,0.0516803182482593
cD2,1737,3.468219633943428,-0.02652174979587255
cD2,1738,3.470216306156406,0.028809155283058614
cD2,1739,3.4722129783693845,-0.036447609831972275
cD2,1740,3.4742096505823628,0.03573095253048113
cD2,1741,3.476206322795341,-0.02888984627507528
cD2,1742,3.4782029950083198,0.014498588186623302
cD2,1743,3.480199667221298,-0.010624228938377753
cD2,1744,3.4821963394342763,0.002839915416095247
cD2,1745,3.4841930116472546,-0.00013928437087240564
cD2,1746,3.486189683860233,-0.008871582434168352
cD2,1747,3.4881863560732116,0.03211446022760238
cD2,1748,3.49018302828619,-0.02685810815444364
cD2,1749,3.492179700499168,0.02402448536768588
cD2,1750,3.4941763727121464,-0.031468020514679826
cD2,1751,3.4961730449251247,0.005532979857612891
cD2,1752,3.4981697171381034,0.029644884782482485
cD2,1753,3.5001663893510817,-0.028140606752647124
cD2,1754,3.50216306156406,0.004740219085506214
cD2,1755,3.5041597337770383,0.0022712739410667634
cD2,1756,3.5061564059900165,-0.013839522640663186
cD2,1757,3.5081530782029953,-0.005996890659884709
cD2,1758,3.5101497504159735,0.042639886058157356
cD2,1759,3.512146422628952,0.004528647078489667
cD2,1760,3.51414309484193,-0.03637402675634242
cD2,1761,3.5161397670549084,0.00310838459612815
cD2,1762,3.518136439267887,-0.009256594518840432
cD2,1763,3.5201331114808654,0.026807484887390806
cD2,1764,3.5221297836938437,-0.015301658311999587
cD2,1765,3.524126455906822,0.0064338922742158975
cD2,1766,3.5261231281198,0.016137321256234908
cD2,1767,3.528119800332779,-0.04787227489077668
cD2,1768,3.5301164725457572,0.03517528540325231
cD2,1769,3.5321131447587355,-0.011540025792653381
cD2,1770,3.534109816971714,-0.0038327973015237927
cD2,1771,3.536106489184692,0.00998165082209011
cD2,1772,3.538103161397671,0.010863007294552418
cD2,1773,3.540099833610649,-0.016624048270337127
cD2,1774,3.5420965058236273,-0.001998169116331699
cD2,1775,3.5440931780366056,0.0018036166654596289
cD2,1776,3.546089850249584,-0.007703309377561392
cD2,1777,3.5480865224625626,0.029322154713998703
cD2,1778,3.550083194675541,-0.006766682796838923
cD2,1779,3.552079866888519,0.003520908401448455
cD2,1780,3.5540765391014975,-0.01862667194737553
cD2,1781,3.556073211314476,0.0024608375649957776
cD2,1782,3.5580698835274545,0.006158542115339579
cD2,1783,3.5600665557404327,-0.0021402262713445153
cD2,1784,3.562063227953411,0.0186624551166987
cD2,1785,3.5640599001663893,-0.045340447792811225
cD2,1786,3.566056572379368,0.03909904809732963
cD2,1787,3.5680532445923463,-0.011600821999750974
cD2,1788,3.5700499168053246,-0.03945521960598703
cD2,1789,3.572046589018303,0.03731946834225336
cD2,1790,3.574043261231281,0.004182397300218535
cD2,1791,3.57603993344426,-0.025982693293289366
cD2,1792,3.578036605657238,0.005799130631370314
cD2,1793,3.5800332778702164,0.0440302203244516
cD2,1794,3.5820299500831947,-0.042580698460812555
cD2,1795,3.584026622296173,0.014293354279857203
cD2,1796,3.5860232945091517,-0.015284371711883238
cD2,1797,3.58801996672213,-0.008049422893423157
cD2,1798,3.5900166389351083,0.04319225889431244
cD2,1799,3.5920133111480865,-0.032536039678690086
cD2,1800,3.594009983361065,0.03245297293540511
cD2,1801,3.5960066555740435,-0.03638827327792761
cD2,1802,3.598003327787022,0.022141632305303256
cD2,1803,3.6,-0.021299859402418443
cD2,1804,3.6019966722129784,-0.012282061679636958
cD2,1805,3.6039933444259566,0.04581078220215157
cD2,1806,3.6059900166389354,-0.047010910099271504
cD2,1807,3.6079866888519136,0.03227628537524784
cD2,1808,3.609983361064892,0.006947250811618098
cD2,1809,3.61198003327787,-0.04696665964237669
cD2,1810,3.6139767054908485,0.023691492587819666
cD2,1811,3.615973377703827,0.0012099757817182143
cD2,1812,3.6179700499168055,-0.0031769438035363995
cD2,1813,3.6199667221297838,0.0035425298442411644
cD2,1814,3.621963394342762,0.00530388292127751
cD2,1815,3.6239600665557403,-0.0035708033508326737
cD2,1816,3.625956738768719,-0.00423484991655885
cD2,1817,3.6279534109816973,0.009544310342264214
cD2,1818,3.6299500831946756,-0.02725946098798033
cD2,1819,3.631946755407654,0.03274439182829839
cD2,1820,3.633943427620632,-0.004937904342846345
cD2,1821,3.635940099833611,-0.028650639624570744
cD2,1822,3.637936772046589,0.05345425743500632
cD2,1823,3.6399334442595674,-0.035951654972683655
cD2,1824,3.6419301164725457,-0.009125895630363225
cD2,1825,3.643926788685524,0.025173098031352512
cD2,1826,3.6459234608985027,-0.010900079729817599
cD2,1827,3.647920133111481,-0.001747257171737764
cD2,1828,3.6499168053244593,-0.008248650704282262
cD2,1829,3.6519134775374376,-0.02342139827987958
cD2,1830,3.6539101497504163,0.050873710375892
cD2,1831,3.6559068219633946,0.011889017454323426
cD2,1832,3.657903494176373,-0.05982124419621027
cD2,1833,3.659900166389351,0.012919765466786122
cD2,1834,3.6618968386023294,0.028716563302241187
cD2,1835,3.663893510815308,-0.03738404126765088
cD2,1836,3.6658901830282864,0.026532741128886133
cD2,1837,3.6678868552412647,0.003058108511302628
cD2,1838,3.669883527454243,-0.008751109696881348
cD2,1839,3.6718801996672212,-0.01624468515674364
cD2,1840,3.6738768718802,0.026980711627445936
cD2,1841,3.6758735440931782,-0.03242622656350422
cD2,1842,3.6778702163061565,0.024343025903153143
cD2,1843,3.679866888519135,-0.000789965908253897
cD2,1844,3.681863560732113,-0.004260910702426282
cD2,1845,3.683860232945092,-0.004675966771409679
cD2,1846,3.68585690515807,-0.004039925806908918
cD2,1847,3.6878535773710484,0.0017657902485284844
cD2,1848,3.6898502495840266,-0.0017238985602145399
cD2,1849,3.691846921797005,0.025061553791531167
cD2,1850,3.6938435940099836,-0.009119592473255715
cD2,1851,3.695840266222962,-0.010036410565905297
cD2,1852,3.69783693843594,-0.021684032157596962
cD2,1853,3.6998336106489185,0.0159295231522407
cD2,1854,3.7018302828618967,0.05296368492380503
cD2,1855,3.7038269550748755,-0.07149160716136992
cD2,1856,3.7058236272878537,0.002868706563421564
cD2,1857,3.707820299500832,0.04218404543711594
cD2,1858,3.7098169717138103,-0.019135312654168048
cD2,1859,3.7118136439267886,-0.017473447545412173
cD2,1860,3.7138103161397673,0.01715392752267762
cD2,1861,3.7158069883527456,0.0023071916025513635
cD2,1862,3.717803660565724,-0.008049361542221323
cD2,1863,3.719800332778702,-0.014706566060287732
cD2,1864,3.7217970049916804,0.01901254926109426
cD2,1865,3.723793677204659,0.0021198235818836045
cD2,1866,3.7257903494176374,0.042973118503776345
cD2,1867,3.7277870216306157,-0.14674610128063278
cD2,1868,3.729783693843594,0.12208142497445285
cD2,1869,3.7317803660565723,-0.02776179715437445
cD2,1870,3.733777038269551,-0.008368425519561028
cD2,1871,3.7357737104825293,0.02024724646244283
cD2,1872,3.7377703826955075,0.046069107734418475
cD2,1873,3.739767054908486,-0.05891441224407249
cD2,1874,3.741763727121464,0.00775041799998759
cD2,1875,3.743760399334443,-0.035202553529424
cD2,1876,3.745757071547421,0.011507794550862423
cD2,1877,3.7477537437603994,0.015185671997717927
cD2,1878,3.7497504159733777,-0.009936199642148555
cD2,1879,3.7517470881863564,0.033598509505322616
cD2,1880,3.7537437603993347,-0.011238870126429937
cD2,1881,3.755740432612313,-0.02397030012544269
cD2,1882,3.757737104825291,0.010504479987897955
cD2,1883,3.7597337770382695,-0.0042995050911069956
cD2,1884,3.761730449251248,0.004125905973027728
cD2,1885,3.7637271214642265,0.0007306947239523505
cD2,1886,3.765723793677205,-0.0024940190870211057
cD2,1887,3.767720465890183,0.007260010985805464
cD2,1888,3.7697171381031613,0.013153048547346356
cD2,1889,3.77171381031614,-0.04135333664402775
cD2,1890,3.7737104825291183,0.021764386735519007
cD2,1891,3.7757071547420966,0.023193520432634937
cD2,1892,3.777703826955075,-0.02448590581159632
cD2,1893,3.779700499168053,0.003425043966957173
cD2,1894,3.781697171381032,0.008579644207384947
cD2,1895,3.78369384359401,-0.0071226417740927524
cD2,1896,3.7856905158069885,-0.0024351591063700457
cD2,1897,3.7876871880199667,0.013193967787779266
cD2,1898,3.789683860232945,-0.0009131846158167423
cD2,1899,3.7916805324459237,-0.021298186350272964
cD2,1900,3.793677204658902,0.011116248050223
cD2,1901,3.7956738768718803,-0.015490646893348899
cD2,1902,3.7976705490848586,0.00852066636908883
cD2,1903,3.799667221297837,-0.011553729671407421
cD2,1904,3.8016638935108156,0.03624224586181441
cD2,1905,3.803660565723794,0.0028209124714161328
cD2,1906,3.805657237936772,-0.043445634072248565
cD2,1907,3.8076539101497504,0.018759358024332165
cD2,1908,3.8096505823627287,-0.020869908803700224
cD2,1909,3.8116472545757074,0.042692510438341366
cD2,1910,3.8136439267886857,-0.034292269803200055
cD2,1911,3.815640599001664,0.016514749752388418
cD2,1912,3.8176372712146422,-0.01747654190617265
cD2,1913,3.8196339434276205,-0.019036527601426583
cD2,1914,3.8216306156405992,0.03564315813698856
cD2,1915,3.8236272878535775,-0.0052383035944708785
cD2,1916,3.825623960066556,-0.001511035940753662
cD2,1917,3.827620632279534,-0.013045730630563815
cD2,1918,3.8296173044925124,0.0017152883071273706
cD2,1919,3.831613976705491,0.03618208722747434
cD2,1920,3.8336106489184694,-0.023102312672452465
cD2,1921,3.8356073211314476,-0.028588163014482113
cD2,1922,3.837603993344426,0.017497976025408223
cD2,1923,3.839600665557404,0.019262643305953467
cD2,1924,3.841597337770383,-0.019285993488644
cD2,1925,3.843594009983361,-0.02317214324871182
cD2,1926,3.8455906821963395,0.027927641162682787
cD2,1927,3.8475873544093178,-0.0018183405894389864
cD2,1928,3.8495840266222965,-0.0011851468108479701
cD2,1929,3.8515806988352748,3.07517779468045e-05
cD2,1930,3.853577371048253,-0.0043581550110745795
cD2,1931,3.8555740432612313,-0.029719941281744114
cD2,1932,3.8575707154742096,0.024144650124276426
cD2,1933,3.8595673876871883,0.006184008989052959
cD2,1934,3.8615640599001666,0.016882630247455944
cD2,1935,3.863560732113145,-0.019437473656079444
cD2,1936,3.865557404326123,0.002882603253704562
cD2,1937,3.8675540765391014,-0.005030041479149159
cD2,1938,3.86955074875208,-0.006508583963246439
cD2,1939,3.8715474209650584,0.01710193073660187
cD2,1940,3.8735440931780367,-0.04184848776876917
cD2,1941,3.875540765391015,0.03592751319311661
cD2,1942,3.8775374376039933,0.04683395434318958
cD2,1943,3.879534109816972,-0.07536038023022579
cD2,1944,3.8815307820299503,0.028172295022215098
cD2,1945,3.8835274542429286,-0.007772070654158473
cD2,1946,3.885524126455907,0.012191992550755535
cD2,1947,3.887520798668885,-0.03629122625293427
cD2,1948,3.889517470881864,0.043886872357019095
cD2,1949,3.891514143094842,-0.009052030734627833
cD2,1950,3.8935108153078204,-0.017034463162636786
cD2,1951,3.8955074875207987,0.04915310265616007
cD2,1952,3.897504159733777,-0.0579772699429192
cD2,1953,3.8995008319467557,0.011935216830449851
cD2,1954,3.901497504159734,0.017559451549489517
cD2,1955,3.9034941763727122,0.003425817805986949
cD2,1956,3.9054908485856905,-0.005910192243050925
cD2,1957,3.907487520798669,-0.025547592970725286
cD2,1958,3.9094841930116475,0.03373558459461201
cD2,1959,3.911480865224626,-0.017226412179024625
cD2,1960,3.913477537437604,0.015046594375381661
cD2,1961,3.9154742096505823,-0.03552164954341327
cD2,1962,3.9174708818635606,0.02697958207068385
cD2,1963,3.9194675540765394,-0.02880348726983986
cD2,1964,3.9214642262895176,0.018181585086385857
cD2,1965,3.923460898502496,0.019947264240438058
cD2,1966,3.925457570715474,-0.027991539573234112
cD2,1967,3.9274542429284525,-0.007594692669365091
cD2,1968,3.929450915141431,-0.0052136830304252485
cD2,1969,3.9314475873544095,-0.00042384013564702745
cD2,1970,3.9334442595673877,0.0016301104541362093
cD2,1971,3.935440931780366,0.0017221585764919996
cD2,1972,3.9374376039933443,0.022432926690797817
cD2,1973,3.939434276206323,0.006276726106767766
cD2,1974,3.9414309484193013,-0.022461566350723865
cD2,1975,3.9434276206322796,-0.01181917293969089
cD2,1976,3.945424292845258,0.015698380107101957
cD2,1977,3.9474209650582366,-0.008170528229118445
cD2,1978,3.949417637271215,0.007755829272340787
cD2,1979,3.951414309484193,0.006688826799099183
cD2,1980,3.9534109816971714,0.0022328661461654842
cD2,1981,3.9554076539101497,0.0005532886597265556
cD2,1982,3.9574043261231284,-0.026840539024049627
cD2,1983,3.9594009983361067,-0.02162048916018187
cD2,1984,3.961397670549085,0.06447272139018084
cD2,1985,3.9633943427620633,-0.028260497944684753
cD2,1986,3.9653910149750415,0.001613608874013581
cD2,1987,3.9673876871880203,0.007277644885741995
cD2,1988,3.9693843594009985,-0.001143001295699918
cD2,1989,3.971381031613977,-0.019397144985224667
cD2,1990,3.973377703826955,-0.006420225544420051
cD2,1991,3.9753743760399334,0.010464171604101753
cD2,1992,3.977371048252912,0.0007190014732942236
cD2,1993,3.9793677204658904,0.016799705482873458
cD2,1994,3.9813643926788687,0.00027904024042153027
cD2,1995,3.983361064891847,0.0022503082163742947
cD2,1996,3.985357737104825,-0.0343985131959409
cD2,1997,3.987354409317804,-0.02005211830729704
cD2,1998,3.989351081530782,0.04269849435081176
cD2,1999,3.9913477537437605,-0.004535636821468924
cD2,2000,3.9933444259567388,-0.011586911094041653
cD2,2001,3.995341098169717,0.007459888082974235
cD2,2002,3.9973377703826958,0.018872907929961127
cD2,2003,3.999334442595674,-0.007074377906622795
cD2,2004,4.001331114808653,0.03374793172772847
cD2,2005,4.003327787021631,-0.06233265296844609
cD2,2006,4.005324459234609,0.017437918955128272
cD2,2007,4.007321131447587,-0.0043266288284891374
cD2,2008,4.009317803660566,-0.06524308884127154
cD2,2009,4.011314475873545,0.11813361851309419
cD2,2010,4.0133111480865225,-0.1298030042281682
cD2,2011,4.015307820299501,0.12317773068295076
cD2,2012,4.017304492512479,-0.0032253980889866835
cD2,2013,4.019301164725458,-0.009130567100712611
cD2,2014,4.0212978369384365,-0.07972253531091886
cD2,2015,4.023294509151414,0.005517288639621289
cD2,2016,4.025291181364393,0.1550098600911249
cD2,2017,4.027287853577371,-0.055973736346395214
cD2,2018,4.02928452579035,-0.11755816160986723
cD2,2019,4.031281198003328,0.021576458627123984
cD2,2020,4.033277870216306,0.013758696008692922
cD2,2021,4.035274542429285,-0.02527177784746587
cD2,2022,4.037271214642263,0.057429254594882205
cD2,2023,4.039267886855241,0.05331565330434436
cD2,2024,4.04126455906822,-0.11191683571691143
cD2,2025,4.043261231281198,0.01543535178307695
cD2,2026,4.045257903494177,0.053707112385049584
cD2,2027,4.0472545757071545,0.027197736347686782
cD2,2028,4.049251247920133,0.00876075553585759
cD2,2029,4.051247920133112,-0.05775245381027125
cD2,2030,4.05324459234609,-0.02791822546591606
cD2,2031,4.0552412645590685,-0.031102664144197628
cD2,2032,4.057237936772046,0.02333819382457243
cD2,2033,4.059234608985025,0.03233576909165779
cD2,2034,4.061231281198004,0.02831195229519662
cD2,2035,4.063227953410982,-0.019360991084325818
cD2,2036,4.06522462562396,0.0049872251806458625
cD2,2037,4.067221297836938,-0.02209661296240254
cD2,2038,4.069217970049917,0.0006238775116686746
cD2,2039,4.071214642262896,0.011309695488081153
cD2,2040,4.0732113144758735,-0.014482556487238323
cD2,2041,4.075207986688852,0.03273984858694206
cD2,2042,4.07720465890183,-0.018753931647503566
cD2,2043,4.079201331114809,0.011215679658268585
cD2,2044,4.0811980033277875,0.012436385475212877
cD2,2045,4.083194675540765,-0.04211276226753642
cD2,2046,4.085191347753744,0.015848526405214038
cD2,2047,4.087188019966722,0.02041558428886717
cD2,2048,4.089184692179701,-0.03443638022369476
cD2,2049,4.091181364392679,0.03700904236590955
cD2,2050,4.093178036605657,-0.035009234273800316
cD2,2051,4.095174708818636,0.03126210403415002
cD2,2052,4.097171381031614,-0.021300261109071343
cD2,2053,4.099168053244592,0.029043944081810925
cD2,2054,4.101164725457571,-0.058904701410383675
cD2,2055,4.103161397670549,0.037005511912899025
cD2,2056,4.105158069883528,-0.0007618725574197776
cD2,2057,4.1071547420965056,-0.007619567694539841
cD2,2058,4.109151414309484,-0.013384611588052236
cD2,2059,4.111148086522463,0.02879154459908905
cD2,2060,4.113144758735441,-0.003238008763307652
cD2,2061,4.1151414309484196,-0.004355914087243477
cD2,2062,4.117138103161397,0.003521989873427814
cD2,2063,4.119134775374376,-0.0075945098179199914
cD2,2064,4.121131447587355,-0.011399905022380748
cD2,2065,4.123128119800333,0.0018245688931540962
cD2,2066,4.125124792013311,0.05607165887584708
cD2,2067,4.127121464226289,-0.08893572354180926
cD2,2068,4.129118136439268,0.025055414729685067
cD2,2069,4.131114808652247,0.02246796434831183
cD2,2070,4.1331114808652245,-0.03113896397792368
cD2,2071,4.135108153078203,0.0546432574103277
cD2,2072,4.137104825291181,-0.05605924054699615
cD2,2073,4.13910149750416,0.038722656377297576
cD2,2074,4.1410981697171385,-0.002788858508470351
cD2,2075,4.143094841930116,-0.05127409745443628
cD2,2076,4.145091514143095,0.0908224196385762
cD2,2077,4.147088186356073,-0.1179179783939542
cD2,2078,4.149084858569052,0.09705913152174594
cD2,2079,4.15108153078203,-0.034657258325952754
cD2,2080,4.153078202995008,0.018048842368278764
cD2,2081,4.155074875207987,-0.016015397825001606
cD2,2082,4.157071547420965,-0.06439774266317763
cD2,2083,4.1590682196339435,0.10269055378079947
cD2,2084,4.161064891846922,-0.03289323439453945
cD2,2085,4.1630615640599,-0.04186269467121811
cD2,2086,4.165058236272879,0.04010742101607869
cD2,2087,4.167054908485857,-0.0021318737107044114
cD2,2088,4.169051580698835,-0.005483079678335438
cD2,2089,4.171048252911814,-0.04875017150434207
cD2,2090,4.173044925124792,0.09191010887025959
cD2,2091,4.175041597337771,-0.02433651765822864
cD2,2092,4.177038269550748,-0.051305020742442295
cD2,2093,4.179034941763727,0.02568703790290108
cD2,2094,4.181031613976706,0.03589985045483047
cD2,2095,4.183028286189684,-0.04793281753680331
cD2,2096,4.185024958402662,0.00261504241486361
cD2,2097,4.187021630615641,0.012315732738571778
cD2,2098,4.189018302828619,-0.013103038063005397
cD2,2099,4.191014975041598,0.022858846216103488
cD2,2100,4.1930116472545755,-0.0054156029709835855
cD2,2101,4.195008319467554,-0.03088396206196837
cD2,2102,4.197004991680533,0.0314147107578406
cD2,2103,4.199001663893511,0.01205181481436659
cD2,2104,4.2009983361064895,-0.003369767212796828
cD2,2105,4.202995008319467,-0.049894749049224134
cD2,2106,4.204991680532446,0.037445784280191866
cD2,2107,4.206988352745425,0.03154277804832905
cD2,2108,4.208985024958403,-0.01470427821757038
cD2,2109,4.210981697171381,-0.04626278538397404
cD2,2110,4.212978369384359,0.046160260095023706
cD2,2111,4.214975041597338,0.01987647093674549
cD2,2112,4.216971713810317,-0.07048862881717292
cD2,2113,4.2189683860232945,0.04077673485081207
cD2,2114,4.220965058236273,0.002144704712300132
cD2,2115,4.222961730449251,0.0028901174602468426
cD2,2116,4.22495840266223,-0.015729582484206275
cD2,2117,4.2269550748752085,0.01157413263789488
cD2,2118,4.228951747088186,-2.2558400455370466e-05
cD2,2119,4.230948419301165,-0.02012181776390617
cD2,2120,4.232945091514143,0.005409105144423489
cD2,2121,4.234941763727122,0.009023531702626979
cD2,2122,4.2369384359401,-0.026601774001789716
cD2,2123,4.238935108153078,0.04564803706299366
cD2,2124,4.240931780366057,-0.012461665771455004
cD2,2125,4.242928452579035,0.008183197482144619
cD2,2126,4.2449251247920134,-0.005435622711014075
cD2,2127,4.246921797004992,-0.02404143843361954
cD2,2128,4.24891846921797,0.025340572331365174
cD2,2129,4.250915141430949,-0.011881040603260631
cD2,2130,4.252911813643927,-0.011372130784851319
cD2,2131,4.254908485856905,0.03547875472200205
cD2,2132,4.256905158069884,-0.022286544628318465
cD2,2133,4.258901830282862,-0.0072934570450913505
cD2,2134,4.260898502495841,0.026365353551960076
cD2,2135,4.262895174708818,0.010176756625638198
cD2,2136,4.264891846921797,-0.04298373500763378
cD2,2137,4.266888519134776,-0.0037229158936340923
cD2,2138,4.268885191347754,0.039586038978906696
cD2,2139,4.270881863560732,-0.016266738220576258
cD2,2140,4.27287853577371,-0.011234687011587379
cD2,2141,4.274875207986689,0.026500727638275483
cD2,2142,4.276871880199668,-0.022441517539924623
cD2,2143,4.2788685524126455,0.011900180702013954
cD2,2144,4.280865224625624,-0.006009682603126978
cD2,2145,4.282861896838602,-0.013796170048623357
cD2,2146,4.284858569051581,0.0373726089496386
cD2,2147,4.2868552412645595,-0.039574504174325675
cD2,2148,4.288851913477537,0.03512190893079685
cD2,2149,4.290848585690516,-0.015793764691881467
cD2,2150,4.292845257903494,-0.01957702148288715
cD2,2151,4.294841930116473,0.039619844581095076
cD2,2152,4.296838602329451,-0.0033777576089330155
cD2,2153,4.298835274542429,-0.047447770984836754
cD2,2154,4.300831946755408,0.038196758969032865
cD2,2155,4.302828618968386,0.004626228434452773
cD2,2156,4.3048252911813645,-0.02576938224679542
cD2,2157,4.306821963394343,0.00666124395334904
cD2,2158,4.308818635607321,0.014339258754046487
cD2,2159,4.3108153078203,0.00017985140529301223
cD2,2160,4.312811980033278,2.108753613893808e-05
cD2,2161,4.314808652246256,-0.018886354244742245
cD2,2162,4.316805324459235,0.02405990930105818
cD2,2163,4.318801996672213,-0.016593093027564197
cD2,2164,4.320798668885192,0.015178460655391034
cD2,2165,4.322795341098169,-0.03844957135079125
cD2,2166,4.324792013311148,0.050674509994354154
cD2,2167,4.326788685524127,-0.03126086068249223
cD2,2168,4.328785357737105,0.000881755067445263
cD2,2169,4.330782029950083,0.02300233307803819
cD2,2170,4.332778702163061,-0.027316102097710404
cD2,2171,4.33477537437604,0.001448854466336339
cD2,2172,4.336772046589019,0.017048567384109124
cD2,2173,4.3387687188019965,-0.020290121720640056
cD2,2174,4.340765391014975,-0.012944241088459554
cD2,2175,4.342762063227953,0.029967332160455204
cD2,2176,4.344758735440932,0.0009775539119373485
cD2,2177,4.3467554076539106,-0.019765098202507762
cD2,2178,4.348752079866888,0.018303710696449177
cD2,2179,4.350748752079867,-0.006545168034636008
cD2,2180,4.352745424292845,0.0038811609193529885
cD2,2181,4.354742096505824,-0.021205072283974252
cD2,2182,4.356738768718802,-0.0011525857622905014
cD2,2183,4.35873544093178,0.051244153438982434
cD2,2184,4.360732113144759,-0.11664204824357455
cD2,2185,4.362728785357737,0.23018733040615086
cD2,2186,4.3647254575707155,-0.240308499782057
cD2,2187,4.366722129783694,-0.029844825662429037
cD2,2188,4.368718801996672,0.19535229177465796
cD2,2189,4.370715474209651,0.025046387453552615
cD2,2190,4.372712146422629,-0.1704512579735046
cD2,2191,4.374708818635607,0.0837614059041249
cD2,2192,4.376705490848586,0.050718231692437006
cD2,2193,4.378702163061564,-0.18922748187056673
cD2,2194,4.380698835274543,0.109806335873559
cD2,2195,4.382695507487521,0.10290118622025413
cD2,2196,4.384692179700499,-0.16107393482695104
cD2,2197,4.386688851913478,0.0445330469735679
cD2,2198,4.388685524126456,0.05622334058081004
cD2,2199,4.3906821963394345,-0.0103497832861769
cD2,2200,4.392678868552413,-0.022610881763830984
cD2,2201,4.394675540765391,0.04666891380937673
cD2,2202,4.39667221297837,-0.042234124748812954
cD2,2203,4.398668885191348,-0.0370064053644433
cD2,2204,4.400665557404326,0.0064212800410535535
cD2,2205,4.402662229617305,0.0321669050246766
cD2,2206,4.404658901830283,0.039422551513181796
cD2,2207,4.406655574043262,-0.05162560575824735
cD2,2208,4.408652246256239,-0.008425255087351032
cD2,2209,4.410648918469218,0.026525757137959745
cD2,2210,4.412645590682197,-0.013956899967797733
cD2,2211,4.414642262895175,-0.004514376701380458
cD2,2212,4.416638935108153,0.02371768289534362
cD2,2213,4.418635607321131,-0.022449257021234292
cD2,2214,4.42063227953411,0.0006155174476673402
cD2,2215,4.422628951747089,0.016553583574781677
cD2,2216,4.4246256239600665,-0.02380052692681204
cD2,2217,4.426622296173045,-0.0011371110610899466
cD2,2218,4.428618968386023,-0.003372427426555231
cD2,2219,4.430615640599002,0.020773886341910176
cD2,2220,4.4326123128119805,-0.016553603379220624
cD2,2221,4.434608985024958,-0.008365491940483133
cD2,2222,4.436605657237937,0.008138584685444313
cD2,2223,4.438602329450915,0.013559789279597553
cD2,2224,4.440599001663894,0.0030863766095602634
cD2,2225,4.442595673876872,-0.020853554293420205
cD2,2226,4.44459234608985,0.011038473684151038
cD2,2227,4.446589018302829,-0.004901645678232825
cD2,2228,4.448585690515807,-0.0031666142819174545
cD2,2229,4.4505823627287855,0.011383174361041649
cD2,2230,4.452579034941764,-0.007064827003332114
cD2,2231,4.454575707154742,-0.002492313352566001
cD2,2232,4.456572379367721,-0.004256244972035093
cD2,2233,4.458569051580699,0.010394730308933021
cD2,2234,4.460565723793677,-0.011111283984102771
cD2,2235,4.462562396006656,0.006786715918902633
cD2,2236,4.464559068219634,0.007129349656057155
cD2,2237,4.466555740432613,0.0019864812138700454
cD2,2238,4.46855241264559,-0.0105947487470871
cD2,2239,4.470549084858569,0.021157965218057385
cD2,2240,4.472545757071548,-0.013736280946175586
cD2,2241,4.474542429284526,-0.011519191429553183
cD2,2242,4.4765391014975044,-0.011679176785905982
cD2,2243,4.478535773710482,0.03403851763533646
cD2,2244,4.480532445923461,-0.008904295690668
cD2,2245,4.48252911813644,-0.005914985709968795
cD2,2246,4.484525790349418,-0.011309334980951104
cD2,2247,4.486522462562396,0.025059555358143415
cD2,2248,4.488519134775374,-0.03248895248879109
cD2,2249,4.490515806988353,0.037166077608504385
cD2,2250,4.492512479201332,0.004623060542498894
cD2,2251,4.494509151414309,-0.03903119302625105
cD2,2252,4.496505823627288,0.011169603614064928
cD2,2253,4.498502495840266,0.007607984694060619
cD2,2254,4.500499168053245,0.021527703783950265
cD2,2255,4.502495840266223,-0.04135281993813357
cD2,2256,4.504492512479201,0.02137554093051477
cD2,2257,4.50648918469218,0.00011206492948360785
cD2,2258,4.508485856905158,-0.0058524178355450615
cD2,2259,4.5104825291181365,0.030122289458194302
cD2,2260,4.512479201331115,-0.03902853139270472
cD2,2261,4.514475873544093,0.03187011948164793
cD2,2262,4.516472545757072,-0.017727376330225614
cD2,2263,4.51846921797005,0.012463529533821736
cD2,2264,4.520465890183028,-0.0234156932774562
cD2,2265,4.522462562396007,0.014505963921402413
cD2,2266,4.524459234608985,-0.004585222179219491
cD2,2267,4.526455906821964,0.003728745376472288
cD2,2268,4.5284525790349415,0.014432262096418312
cD2,2269,4.53044925124792,-0.030624416739419312
cD2,2270,4.532445923460899,0.007642155867947061
cD2,2271,4.534442595673877,0.019673861333598646
cD2,2272,4.5364392678868555,-0.004687988496035971
cD2,2273,4.538435940099833,0.009279411391205984
cD2,2274,4.540432612312812,-0.040301363866989716
cD2,2275,4.542429284525791,0.0193161565268619
cD2,2276,4.544425956738769,0.0072599520743467025
cD2,2277,4.546422628951747,-0.006992202661183597
cD2,2278,4.548419301164725,0.018038743487721824
cD2,2279,4.550415973377704,-0.036125372974151304
cD2,2280,4.552412645590683,0.03347759212287806
cD2,2281,4.55440931780366,-0.01575431098661113
cD2,2282,4.556405990016639,0.002273427622936898
cD2,2283,4.558402662229617,0.006352566904897111
cD2,2284,4.560399334442596,-0.004964503967172998
cD2,2285,4.562396006655574,-0.00572459016777361
cD2,2286,4.564392678868552,0.006599058624481747
cD2,2287,4.566389351081531,0.02866733051372104
cD2,2288,4.568386023294509,-0.022200809065658158
cD2,2289,4.5703826955074875,-0.012585206648212138
cD2,2290,4.572379367720466,0.013197293894042795
cD2,2291,4.574376039933444,0.0006736552229451129
cD2,2292,4.576372712146423,-0.010946030761376334
cD2,2293,4.5783693843594016,0.007030966932936147
cD2,2294,4.580366056572379,0.014949104435935357
cD2,2295,4.582362728785358,0.0009688316074550076
cD2,2296,4.584359400998336,-0.039107862377755265
cD2,2297,4.586356073211315,0.02318033672801134
cD2,2298,4.588352745424293,0.032973306303682094
cD2,2299,4.590349417637271,-0.016196400874472418
cD2,2300,4.59234608985025,-0.022498569824229864
cD2,2301,4.594342762063228,0.022442909585760933
cD2,2302,4.5963394342762065,-0.0203678896847134
cD2,2303,4.598336106489185,-0.006498032633553584
cD2,2304,4.600332778702163,0.013235105093894663
cD2,2305,4.602329450915142,0.0034599304353643808
cD2,2306,4.60432612312812,-0.008711437664956698
cD2,2307,4.606322795341098,0.012059395949727072
cD2,2308,4.608319467554077,-0.029918659632746772
cD2,2309,4.610316139767055,0.031192472665557372
cD2,2310,4.612312811980034,0.003754498573939805
cD2,2311,4.6143094841930115,-0.026216597759631352
cD2,2312,4.61630615640599,0.025474092872531825
cD2,2313,4.618302828618969,-0.03790184959575274
cD2,2314,4.620299500831947,0.034553103477687995
cD2,2315,4.6222961730449255,-0.0006943719556441403
cD2,2316,4.624292845257903,-0.02902872184903783
cD2,2317,4.626289517470882,0.022453787477708487
cD2,2318,4.628286189683861,-0.019308186030714998
cD2,2319,4.630282861896839,0.029643022648644993
cD2,2320,4.632279534109817,0.0010853629199945778
cD2,2321,4.634276206322795,-0.025243381238654904
cD2,2322,4.636272878535774,0.006160305251648823
cD2,2323,4.638269550748753,0.011339098619998995
cD2,2324,4.64026622296173,-0.018932474483382637
cD2,2325,4.642262895174709,0.019221621433984135
cD2,2326,4.644259567387687,-0.01814408581741742
cD2,2327,4.646256239600666,0.004644216833178968
cD2,2328,4.648252911813644,0.007262157407381118
cD2,2329,4.650249584026622,0.02087286623853334
cD2,2330,4.652246256239601,-0.01680274087514375
cD2,2331,4.654242928452579,-0.008384191522404662
cD2,2332,4.6562396006655575,0.0027776755531753157
cD2,2333,4.658236272878536,-0.01503190319634606
cD2,2334,4.660232945091514,0.012754483054361727
cD2,2335,4.662229617304493,-0.023961345158420903
cD2,2336,4.664226289517471,0.03815619128935155
cD2,2337,4.666222961730449,-0.004610619474609622
cD2,2338,4.668219633943428,-0.02233646769680583
cD2,2339,4.670216306156406,0.0070399118926707666
cD2,2340,4.672212978369385,0.021720106987341736
cD2,2341,4.6742096505823625,-0.038916611244998844
cD2,2342,4.676206322795341,0.05025149174974253
cD2,2343,4.67820299500832,-0.04149762624523986
cD2,2344,4.680199667221298,-0.024304620166852114
cD2,2345,4.6821963394342765,0.04763730994660609
cD2,2346,4.684193011647254,-0.009813435793551603
cD2,2347,4.686189683860233,0.0057957807084965795
cD2,2348,4.688186356073212,-0.03811469650635606
cD2,2349,4.69018302828619,0.03888272676902865
cD2,2350,4.692179700499168,-0.030024812914433298
cD2,2351,4.694176372712146,0.004988166864556602
cD2,2352,4.696173044925125,0.0035690154112153387
cD2,2353,4.698169717138104,-0.020743595488875888
cD2,2354,4.700166389351081,0.05711621734042002
cD2,2355,4.70216306156406,-0.05001138823543849
cD2,2356,4.704159733777038,0.007165648061540944
cD2,2357,4.706156405990017,-0.01041254727432872
cD2,2358,4.7081530782029954,0.036980508577077895
cD2,2359,4.710149750415973,-0.0033927917853192407
cD2,2360,4.712146422628952,-0.012294362173119931
cD2,2361,4.71414309484193,-0.008373834995489585
cD2,2362,4.716139767054909,0.012835905742844576
cD2,2363,4.718136439267887,0.010128274067118281
cD2,2364,4.720133111480865,-0.005273574496537221
cD2,2365,4.722129783693844,-0.024329367357070607
cD2,2366,4.724126455906822,0.015483447576430831
cD2,2367,4.7261231281198,0.005395949566289927
cD2,2368,4.728119800332779,-0.009140546140470584
cD2,2369,4.730116472545757,0.007769748233979897
cD2,2370,4.732113144758736,1.1231384084381922e-05
cD2,2371,4.7341098169717135,0.004879307176976642
cD2,2372,4.736106489184692,-0.024830815029242344
cD2,2373,4.738103161397671,0.031262001686506384
cD2,2374,4.740099833610649,-0.0005054539803091866
cD2,2375,4.7420965058236275,0.008667529033296335
cD2,2376,4.744093178036605,-0.04623040868057882
cD2,2377,4.746089850249584,0.041524785209783505
cD2,2378,4.748086522462563,-0.0007182563561945079
cD2,2379,4.750083194675541,-0.032830048290369715
cD2,2380,4.752079866888519,0.02228674957911709
cD2,2381,4.754076539101497,0.00605763409171199
cD2,2382,4.756073211314476,0.016149707830224406
cD2,2383,4.758069883527455,-0.04824866914225673
cD2,2384,4.7600665557404325,0.02887705172054372
cD2,2385,4.762063227953411,0.02655111663249325
cD2,2386,4.764059900166389,-0.04041686182823391
cD2,2387,4.766056572379368,0.00569762127089845
cD2,2388,4.7680532445923465,0.013213117395748371
cD2,2389,4.770049916805324,-0.012064670767324946
cD2,2390,4.772046589018303,0.01183355045603732
cD2,2391,4.774043261231282,-0.01797975265598456
cD2,2392,4.77603993344426,0.002750536735885936
cD2,2393,4.778036605657238,0.018055585342194303
cD2,2394,4.780033277870216,-0.005256398566778776
cD2,2395,4.782029950083195,0.011446181051406844
cD2,2396,4.784026622296174,-0.022753204519882376
cD2,2397,4.786023294509151,0.00490002322283533
cD2,2398,4.78801996672213,0.0022213870206156134
cD2,2399,4.790016638935108,-0.00887322856605691
cD2,2400,4.792013311148087,0.018988818668102602
cD2,2401,4.794009983361065,0.0020713259507007344
cD2,2402,4.796006655574043,-0.015060485746772332
cD2,2403,4.798003327787022,-0.009966623896074776
cD2,2404,4.8,0.009511549838366619
cD2,2405,4.8019966722129785,0.009312128059037524
cD2,2406,4.803993344425957,-0.01437439703159955
cD2,2407,4.805990016638935,0.01136747972310499
cD2,2408,4.807986688851914,-0.002917149551207405
cD2,2409,4.809983361064892,0.00765644664979929
cD2,2410,4.81198003327787,-0.009007668327092818
cD2,2411,4.813976705490849,0.011405573384735015
cD2,2412,4.815973377703827,0.0010302832267480545
cD2,2413,4.817970049916806,-0.01946581194003299
cD2,2414,4.8199667221297835,0.01209487001729742
cD2,2415,4.821963394342762,0.006586173760938896
cD2,2416,4.823960066555741,-0.019087724960769634
cD2,2417,4.825956738768719,0.030406325687926134
cD2,2418,4.8279534109816975,-0.010093029495543058
cD2,2419,4.829950083194675,-0.003972305698578813
cD2,2420,4.831946755407654,-0.01512233825253804
cD2,2421,4.833943427620633,0.04054414849771019
cD2,2422,4.835940099833611,-0.044273607497842066
cD2,2423,4.837936772046589,0.011712771053970828
cD2,2424,4.839933444259567,0.002783860343044384
cD2,2425,4.841930116472546,-0.00047218311880604653
cD2,2426,4.843926788685525,0.01580023439346335
cD2,2427,4.8459234608985025,-0.0369215975528301
cD2,2428,4.847920133111481,0.031737556577261225
cD2,2429,4.849916805324459,0.006678644111419229
cD2,2430,4.851913477537438,0.013650893029743611
cD2,2431,4.8539101497504165,-0.03852657182142848
cD2,2432,4.855906821963394,0.0318078445833546
cD2,2433,4.857903494176373,-0.0016722512412002334
cD2,2434,4.859900166389351,0.009315111547346964
cD2,2435,4.86189683860233,-0.022002512682909058
cD2,2436,4.863893510815308,-0.009798475595321135
cD2,2437,4.865890183028286,0.026184667440858043
cD2,2438,4.867886855241265,-0.011290965661633567
cD2,2439,4.869883527454243,0.00955309597283544
cD2,2440,4.871880199667221,0.016739487026762884
cD2,2441,4.8738768718802,-0.04248151092340798
cD2,2442,4.875873544093178,0.025617279943003873
cD2,2443,4.877870216306157,-0.023996728144597253
cD2,2444,4.8798668885191345,0.033502725966617485
cD2,2445,4.881863560732113,-0.001101222275477065
cD2,2446,4.883860232945092,-0.02285808629352429
cD2,2447,4.88585690515807,0.02467720082615304
cD2,2448,4.8878535773710485,-0.01975020838099729
cD2,2449,4.889850249584026,0.02098218377437241
cD2,2450,4.891846921797005,-0.02358819830807999
cD2,2451,4.893843594009984,0.01575996145276538
cD2,2452,4.895840266222962,0.01919020104535387
cD2,2453,4.89783693843594,-0.023619183546046887
cD2,2454,4.899833610648918,0.004013855575177992
cD2,2455,4.901830282861897,-0.009376179555053328
cD2,2456,4.903826955074876,-0.0011311425940913953
cD2,2457,4.9058236272878535,-0.016234801339860657
cD2,2458,4.907820299500832,0.039998642015570365
cD2,2459,4.90981697171381,-0.020420748105279593
cD2,2460,4.911813643926789,0.01710537626299464
cD2,2461,4.9138103161397675,-0.013674954660078793
cD2,2462,4.915806988352745,-0.005415346360960706
cD2,2463,4.917803660565724,-0.008703588213359712
cD2,2464,4.919800332778702,0.019632143453342146
cD2,2465,4.921797004991681,0.005468748491737995
cD2,2466,4.923793677204659,-0.024606637089584216
cD2,2467,4.925790349417637,0.014688351862872262
cD2,2468,4.927787021630616,0.03176687574177747
cD2,2469,4.929783693843594,-0.053531077903484395
cD2,2470,4.931780366056572,0.053289224089183504
cD2,2471,4.933777038269551,-0.03585463216844299
cD2,2472,4.935773710482529,-0.0030501459168440267
cD2,2473,4.937770382695508,0.013545682430557933
cD2,2474,4.9397670549084856,0.008842384666741017
cD2,2475,4.941763727121464,-0.02141685037247447
cD2,2476,4.943760399334443,-0.0032247151067091072
cD2,2477,4.945757071547421,0.02920661489890745
cD2,2478,4.9477537437604,-0.02492466395905611
cD2,2479,4.949750415973377,0.006636509529503933
cD2,2480,4.951747088186356,0.0018809379378374187
cD2,2481,4.953743760399335,0.010578885564057125
cD2,2482,4.955740432612313,-0.012405595400400761
cD2,2483,4.957737104825291,0.007134562773586084
cD2,2484,4.959733777038269,0.020294822978772914
cD2,2485,4.961730449251248,-0.07306818021163304
cD2,2486,4.963727121464227,0.06875479321364086
cD2,2487,4.9657237936772045,-0.018816012833657504
cD2,2488,4.967720465890183,-0.007851481516589206
cD2,2489,4.969717138103162,0.01830672170298468
cD2,2490,4.97171381031614,-0.025229448835549024
cD2,2491,4.9737104825291185,0.03709055166487634
cD2,2492,4.975707154742096,-0.05640538271268827
cD2,2493,4.977703826955075,0.03206997561517534
cD2,2494,4.979700499168054,-0.032693734371039784
cD2,2495,4.981697171381032,0.05060998483876898
cD2,2496,4.98369384359401,-0.0036986210502072047
cD2,2497,4.985690515806988,-0.020543752391367784
cD2,2498,4.987687188019967,0.0035499452321405274
cD2,2499,4.989683860232946,0.003934903549652767
cD2,2500,4.9916805324459235,0.005540766671826977
cD2,2501,4.993677204658902,-0.03317128264709108
cD2,2502,4.99567387687188,0.0164741926024963
cD2,2503,4.997670549084859,0.03868005367151486
cD2,2504,4.9996672212978375,-0.037650877041422316
cD2,2505,5.001663893510815,-0.0075010423176635
cD2,2506,5.003660565723794,0.02932583819284008
cD2,2507,5.005657237936772,-0.002873354571514307
cD2,2508,5.007653910149751,-0.02881101014725624
cD2,2509,5.009650582362729,0.011569938533848842
cD2,2510,5.011647254575707,0.0137124915174402
cD2,2511,5.013643926788686,-0.0018463777713597297
cD2,2512,5.015640599001664,-0.0007815830850175435
cD2,2513,5.017637271214642,-0.00020677024381924192
cD2,2514,5.019633943427621,0.004424076463499521
cD2,2515,5.021630615640599,-0.001380755251374011
cD2,2516,5.023627287853578,-0.002961714995012841
cD2,2517,5.0256239600665555,-0.011979015646328483
cD2,2518,5.027620632279534,0.00657158234142513
cD2,2519,5.029617304492513,0.0022687247682065775
cD2,2520,5.031613976705491,0.0026941648597353595
cD2,2521,5.0336106489184695,-0.001772397755055367
cD2,2522,5.035607321131447,-0.003029784102898966
cD2,2523,5.037603993344426,0.0036025331768622243
cD2,2524,5.039600665557405,-0.01079958180437694
cD2,2525,5.041597337770383,0.02970777084795975
cD2,2526,5.043594009983361,-0.014208511749077762
cD2,2527,5.045590682196339,0.0007898829840968169
cD2,2528,5.047587354409318,-0.005859938107950209
cD2,2529,5.049584026622297,-0.016044099120537326
cD2,2530,5.0515806988352745,0.034053080082398796
cD2,2531,5.053577371048253,-0.007567177305832741
cD2,2532,5.055574043261231,-0.027390972204557853
cD2,2533,5.05757071547421,0.017122174186763393
cD2,2534,5.0595673876871885,0.007513598895417321
cD2,2535,5.061564059900166,-0.013638241018945639
cD2,2536,5.063560732113145,-0.029487513374017935
cD2,2537,5.065557404326123,0.05786756071586264
cD2,2538,5.067554076539102,-0.014992866275782297
cD2,2539,5.06955074875208,0.001070783005247317
cD2,2540,5.071547420965058,-0.027772357180457646
cD2,2541,5.073544093178037,0.010634276854931781
cD2,2542,5.075540765391015,0.0269100792904699
cD2,2543,5.0775374376039935,-0.035663450739513075
cD2,2544,5.079534109816972,0.017346970608133307
cD2,2545,5.08153078202995,-0.0033722932668108045
cD2,2546,5.083527454242929,-0.005247888212204502
cD2,2547,5.085524126455907,-0.013220169322290776
cD2,2548,5.087520798668885,0.045814615539488464
cD2,2549,5.089517470881864,-0.024923917183754453
cD2,2550,5.091514143094842,-0.0121473902254357
cD2,2551,5.093510815307821,0.021220878935363594
cD2,2552,5.095507487520798,-0.02451368790428038
cD2,2553,5.097504159733777,0.02169205841615747
cD2,2554,5.099500831946756,0.0022579572024114198
cD2,2555,5.101497504159734,-0.015926169775897413
cD2,2556,5.103494176372712,0.009421170640695094
cD2,2557,5.10549084858569,0.0028048713137802162
cD2,2558,5.107487520798669,-0.011255642798686558
cD2,2559,5.109484193011648,0.016274202808965056
cD2,2560,5.1114808652246255,0.028984359327504945
cD2,2561,5.113477537437604,-0.08964068466557612
cD2,2562,5.115474209650582,0.10793193385071714
cD2,2563,5.117470881863561,-0.17002276394951507
cD2,2564,5.1194675540765395,0.13512071149486346
cD2,2565,5.121464226289517,-0.04713792033310481
cD2,2566,5.123460898502496,-0.04106527902711545
cD2,2567,5.125457570715474,0.09007892329369277
cD2,2568,5.127454242928453,0.044698851426558404
cD2,2569,5.129450915141431,-0.07210069682379422
cD2,2570,5.131447587354409,-0.046317751379721994
cD2,2571,5.133444259567388,0.09628949598231168
cD2,2572,5.135440931780366,0.02245485648939403
cD2,2573,5.1374376039933445,-0.11501162769897204
cD2,2574,5.139434276206323,-0.05315008160899014
cD2,2575,5.141430948419301,0.06379144888472256
cD2,2576,5.14342762063228,-0.008654194229965356
cD2,2577,5.145424292845258,0.004833764925434546
cD2,2578,5.147420965058236,0.08394526957517148
cD2,2579,5.149417637271215,-0.02959933534901027
cD2,2580,5.151414309484193,-0.09451475505726682
cD2,2581,5.153410981697172,0.0677361789668717
cD2,2582,5.155407653910149,0.03174686645825652
cD2,2583,5.157404326123128,0.02638700658295158
cD2,2584,5.159400998336107,-0.014125841011923268
cD2,2585,5.161397670549085,-0.045888274349818264
cD2,2586,5.163394342762063,-0.020627043987962588
cD2,2587,5.165391014975042,-0.02655185786450448
cD2,2588,5.16738768718802,-0.0028522455932432147
cD2,2589,5.169384359400999,0.0764977893447647
cD2,2590,5.1713810316139766,-0.007193125818509878
cD2,2591,5.173377703826955,-0.011739049561499282
cD2,2592,5.175374376039934,0.012946024730490748
cD2,2593,5.177371048252912,-0.006069452453401193
cD2,2594,5.179367720465891,-0.04920336686928127
cD2,2595,5.181364392678868,0.026603194623594936
cD2,2596,5.183361064891847,0.01882279316036287
cD2,2597,5.185357737104826,-0.010883347807118157
cD2,2598,5.187354409317804,-0.015662499230984613
cD2,2599,5.189351081530782,0.03110562449278767
cD2,2600,5.19134775374376,-0.00028876612616588783
cD2,2601,5.193344425956739,-0.04572041256165155
cD2,2602,5.195341098169718,0.06634982482543665
cD2,2603,5.1973377703826955,-0.05941577327433289
cD2,2604,5.199334442595674,0.0192485143743557
cD2,2605,5.201331114808652,0.008866126736972686
cD2,2606,5.203327787021631,-0.011808675461873978
cD2,2607,5.2053244592346095,0.010257571435952182
cD2,2608,5.207321131447587,-0.004884603740331517
cD2,2609,5.209317803660566,0.003378194683985529
cD2,2610,5.211314475873544,-0.020136897910947117
cD2,2611,5.213311148086523,0.04241107926430672
cD2,2612,5.215307820299501,-0.03780250018322014
cD2,2613,5.217304492512479,-0.013788251682620298
cD2,2614,5.219301164725458,0.038885122230148735
cD2,2615,5.221297836938436,-0.010604915478185501
cD2,2616,5.2232945091514145,0.014252846118397043
cD2,2617,5.225291181364393,-0.0488403502429867
cD2,2618,5.227287853577371,-0.011010297604199096
cD2,2619,5.22928452579035,0.0765249935500237
cD2,2620,5.231281198003328,-0.06466072318204927
cD2,2621,5.233277870216306,0.019885324060231774
cD2,2622,5.235274542429285,0.006426309933127025
cD2,2623,5.237271214642263,-0.004187150451238407
cD2,2624,5.239267886855242,0.008070631006581995
cD2,2625,5.241264559068219,-0.029066651279602583
cD2,2626,5.243261231281198,0.04795879051693464
cD2,2627,5.245257903494177,-0.030225323937609922
cD2,2628,5.247254575707155,0.043321488359197746
cD2,2629,5.249251247920133,-0.06343326542299646
cD2,2630,5.251247920133111,0.03603670307955225
cD2,2631,5.25324459234609,-0.0032072469737489634
cD2,2632,5.255241264559069,-0.05774461207600533
cD2,2633,5.2572379367720465,0.019536281952016774
cD2,2634,5.259234608985025,0.06315408568929072
cD2,2635,5.261231281198003,-0.017735921995160282
cD2,2636,5.263227953410982,-0.02432293798855956
cD2,2637,5.2652246256239605,-0.009558952597642294
cD2,2638,5.267221297836938,0.04011856763875255
cD2,2639,5.269217970049917,-0.040681896161600506
cD2,2640,5.271214642262895,-0.014052627840485086
cD2,2641,5.273211314475874,0.021012774349863976
cD2,2642,5.275207986688852,-1.0476501338693364e-05
cD2,2643,5.27720465890183,0.04711980608687204
cD2,2644,5.279201331114809,-0.03481859961203976
cD2,2645,5.281198003327787,-0.03900145122385181
cD2,2646,5.2831946755407655,0.01648164302824678
cD2,2647,5.285191347753744,0.011819107865072507
cD2,2648,5.287188019966722,0.03043483305229438
cD2,2649,5.289184692179701,-0.02880201543622474
cD2,2650,5.291181364392679,-0.022079600328121986
cD2,2651,5.293178036605657,0.01180543907217214
cD2,2652,5.295174708818636,0.028754068801900387
cD2,2653,5.297171381031614,-0.011156258847372976
cD2,2654,5.299168053244593,0.004313116350485841
cD2,2655,5.3011647254575704,-0.01290013163596995
cD2,2656,5.303161397670549,-0.011302680816765314
cD2,2657,5.305158069883528,0.026686727448121946
cD2,2658,5.307154742096506,-0.035285131390000564
cD2,2659,5.3091514143094845,0.03500273373357626
cD2,2660,5.311148086522462,-0.014188608775527262
cD2,2661,5.313144758735441,-7.514705304920589e-05
cD2,2662,5.31514143094842,-0.0011542143870259935
cD2,2663,5.317138103161398,-0.02171555240500482
cD2,2664,5.319134775374376,0.022739741534021363
cD2,2665,5.321131447587354,0.005782497272220774
cD2,2666,5.323128119800333,0.00027299313580955026
cD2,2667,5.325124792013312,-0.019972273966101572
cD2,2668,5.327121464226289,0.00933815999004031
cD2,2669,5.329118136439268,0.0036546125899905467
cD2,2670,5.331114808652246,-0.017979487893704967
cD2,2671,5.333111480865225,0.04207716445709241
cD2,2672,5.335108153078203,-0.04542398962288633
cD2,2673,5.337104825291181,0.0019758798757504113
cD2,2674,5.33910149750416,0.0110639926722571
cD2,2675,5.341098169717138,-0.01219661884798447
cD2,2676,5.3430948419301165,0.06384077577683753
cD2,2677,5.345091514143095,-0.06893162874286922
cD2,2678,5.347088186356073,0.021698375362864286
cD2,2679,5.349084858569052,0.0034579651154629477
cD2,2680,5.35108153078203,0.026345834083438022
cD2,2681,5.353078202995008,-0.06042383535901118
cD2,2682,5.355074875207987,0.035587350044454145
cD2,2683,5.357071547420965,0.012681758832591506
cD2,2684,5.359068219633944,-0.024680774538317064
cD2,2685,5.361064891846922,0.032113742125114454
cD2,2686,5.3630615640599,-0.02556397973121395
cD2,2687,5.365058236272879,0.0011668533187345728
cD2,2688,5.367054908485857,-0.0017789916158540392
cD2,2689,5.3690515806988355,0.03540493117315676
cD2,2690,5.371048252911814,-0.006554617417074304
cD2,2691,5.373044925124792,-0.04286973213230582
cD2,2692,5.375041597337771,0.025781425013741862
cD2,2693,5.377038269550749,-0.0104295413014338
cD2,2694,5.379034941763727,0.013081718473748241
cD2,2695,5.381031613976706,-0.013084328031898879
cD2,2696,5.383028286189684,0.042981210158344545
cD2,2697,5.385024958402663,-0.010462150350826016
cD2,2698,5.38702163061564,-0.03901052431066329
cD2,2699,5.389018302828619,0.051313941653909345
cD2,2700,5.391014975041598,-0.04571617970564862
cD2,2701,5.393011647254576,0.007208263645628434
cD2,2702,5.395008319467554,0.02114611544480631
cD2,2703,5.397004991680532,-0.02262051325013299
cD2,2704,5.399001663893511,0.016183690894837968
cD2,2705,5.40099833610649,-0.01492937414470942
cD2,2706,5.4029950083194676,0.008826992149828353
cD2,2707,5.404991680532446,-0.013229765043813386
cD2,2708,5.406988352745424,0.020266681814880335
cD2,2709,5.408985024958403,-0.004203030032360732
cD2,2710,5.4109816971713816,0.0048940202543070275
cD2,2711,5.412978369384359,-0.021702710225504473
cD2,2712,5.414975041597338,0.022652673426026476
cD2,2713,5.416971713810316,0.010140117905127456
cD2,2714,5.418968386023295,-0.05052663653350226
cD2,2715,5.420965058236273,0.030042740137381507
cD2,2716,5.422961730449251,0.023145082057241858
cD2,2717,5.42495840266223,-0.01949241891192671
cD2,2718,5.426955074875208,-0.005405430249062197
cD2,2719,5.4289517470881865,-0.0045343920901912685
cD2,2720,5.430948419301165,0.012014792608429426
cD2,2721,5.432945091514143,-0.006842279564652509
cD2,2722,5.434941763727122,-0.0010833771796102678
cD2,2723,5.4369384359401,0.031118636625727156
cD2,2724,5.438935108153078,-0.02246765922455843
cD2,2725,5.440931780366057,0.007599135261475541
cD2,2726,5.442928452579035,-0.019324510025715332
cD2,2727,5.444925124792014,0.02443906388389589
cD2,2728,5.4469217970049915,-0.03085733394703333
cD2,2729,5.44891846921797,0.037326231349878655
cD2,2730,5.450915141430949,-0.008244183127506171
cD2,2731,5.452911813643927,-0.0205290093205287
cD2,2732,5.4549084858569055,0.0004533053423488717
cD2,2733,5.456905158069883,0.023741729997251753
cD2,2734,5.458901830282862,0.010811377888713143
cD2,2735,5.460898502495841,-0.013855575946800425
cD2,2736,5.462895174708819,-0.017354034484213878
cD2,2737,5.464891846921797,0.001573871808423144
cD2,2738,5.466888519134775,0.1090362020254104
cD2,2739,5.468885191347754,-0.23673849727509882
cD2,2740,5.470881863560733,0.28541876031409047
cD2,2741,5.47287853577371,-0.2449016463943276
cD2,2742,5.474875207986689,0.03281642204958611
cD2,2743,5.476871880199667,0.17366908420479188
cD2,2744,5.478868552412646,-0.0664252674587717
cD2,2745,5.480865224625624,-0.09405519497164734
cD2,2746,5.482861896838602,0.14845283987615002
cD2,2747,5.484858569051581,-0.023201842824479554
cD2,2748,5.486855241264559,-0.18242391427805948
cD2,2749,5.4888519134775375,0.11267192226208558
cD2,2750,5.490848585690516,0.05868809458288313
cD2,2751,5.492845257903494,-0.07615359989160608
cD2,2752,5.494841930116473,-0.02822097566603271
cD2,2753,5.496838602329451,0.09842054875644478
cD2,2754,5.498835274542429,-0.01210726001361389
cD2,2755,5.500831946755408,-0.005630203881275761
cD2,2756,5.502828618968386,-0.03732838514979037
cD2,2757,5.504825291181365,0.03293132753414767
cD2,2758,5.5068219633943425,-0.0292740422451045
cD2,2759,5.508818635607321,-0.015573065127474178
cD2,2760,5.5108153078203,0.05306150282059641
cD2,2761,5.512811980033278,0.002912628401973349
cD2,2762,5.5148086522462565,-0.01945505415535232
cD2,2763,5.516805324459234,-0.03252242649144613
cD2,2764,5.518801996672213,0.030578564283752
cD2,2765,5.520798668885192,0.009094959533822286
cD2,2766,5.52279534109817,-0.01801763496727007
cD2,2767,5.524792013311148,-0.005247404300995236
cD2,2768,5.526788685524126,0.014093418560449069
cD2,2769,5.528785357737105,0.040260591509424314
cD2,2770,5.530782029950084,-0.04348599837609682
cD2,2771,5.5327787021630614,-0.0037268353727864167
cD2,2772,5.53477537437604,-0.0009726921562331389
cD2,2773,5.536772046589018,0.026198022552747356
cD2,2774,5.538768718801997,-0.0022255591528612464
cD2,2775,5.5407653910149754,-0.030386031972375944
cD2,2776,5.542762063227953,0.02178290219837492
cD2,2777,5.544758735440932,-0.010632203922114437
cD2,2778,5.54675540765391,0.02897982684086167
cD2,2779,5.548752079866889,-0.03085074705371638
cD2,2780,5.550748752079867,0.03630038505117533
cD2,2781,5.552745424292845,-0.01922296451549547
cD2,2782,5.554742096505824,-0.005284878617933081
cD2,2783,5.556738768718803,-0.014348670311207724
cD2,2784,5.55873544093178,0.028220905056060296
cD2,2785,5.560732113144759,-0.00586988142871454
cD2,2786,5.562728785357737,-0.006668258212448603
cD2,2787,5.564725457570716,0.005728439927311351
cD2,2788,5.566722129783694,-0.0040498425650655045
cD2,2789,5.568718801996672,-0.010204453609962132
cD2,2790,5.570715474209651,0.021726358547415177
cD2,2791,5.572712146422629,0.020457085837119655
cD2,2792,5.5747088186356075,-0.060075490918778486
cD2,2793,5.576705490848586,0.025046267787657665
cD2,2794,5.578702163061564,0.019112510014817327
cD2,2795,5.580698835274543,-0.009217322478108227
cD2,2796,5.582695507487521,-0.01655190213007531
cD2,2797,5.584692179700499,0.017452999749949353
cD2,2798,5.586688851913478,-0.008875003254817224
cD2,2799,5.588685524126456,0.01041685319394663
cD2,2800,5.590682196339435,-0.017130336132970946
cD2,2801,5.5926788685524125,0.017884472811982518
cD2,2802,5.594675540765391,-0.037523978591953194
cD2,2803,5.59667221297837,0.0432350219937443
cD2,2804,5.598668885191348,-0.002450668846302972
cD2,2805,5.6006655574043265,-0.008787177481656146
cD2,2806,5.602662229617304,-0.012897588502763365
cD2,2807,5.604658901830283,0.011753152331146346
cD2,2808,5.606655574043262,-0.008022165959775554
cD2,2809,5.60865224625624,0.04141982145012848
cD2,2810,5.610648918469218,-0.027437270375137573
cD2,2811,5.612645590682196,-0.00833026145470469
cD2,2812,5.614642262895175,-0.007352540382353972
cD2,2813,5.616638935108154,0.0036427442124778225
cD2,2814,5.618635607321131,0.03099357723571285
cD2,2815,5.62063227953411,-0.022950285908303142
cD2,2816,5.622628951747088,-0.002740817582924071
cD2,2817,5.624625623960067,-0.009469532065481382
cD2,2818,5.626622296173045,0.047371934273699255
cD2,2819,5.628618968386023,-0.019705603364804442
cD2,2820,5.630615640599002,-0.03486242779529498
cD2,2821,5.63261231281198,0.041633549856949635
cD2,2822,5.6346089850249585,0.01627925518724579
cD2,2823,5.636605657237937,-0.04373851526516158
cD2,2824,5.638602329450915,0.0020399089196612434
cD2,2825,5.640599001663894,-0.0018260693749326982
cD2,2826,5.642595673876872,0.01970047798429993
cD2,2827,5.64459234608985,0.02013757964665036
cD2,2828,5.646589018302829,-0.0515866463644489
cD2,2829,5.648585690515807,0.05877254543200263
cD2,2830,5.650582362728786,-0.03996692778759243
cD2,2831,5.6525790349417635,0.01162126781528141
cD2,2832,5.654575707154742,-0.018238400071576
cD2,2833,5.656572379367721,0.017131129433264843
cD2,2834,5.658569051580699,-0.02841714848956254
cD2,2835,5.6605657237936775,0.05484599794139135
cD2,2836,5.662562396006655,-0.03482222765293012
cD2,2837,5.664559068219634,0.005715334132080559
cD2,2838,5.666555740432613,0.00020135318016180435
cD2,2839,5.668552412645591,-0.018051440880099117
cD2,2840,5.670549084858569,0.023154969096509746
cD2,2841,5.672545757071547,-0.022076095981535593
cD2,2842,5.674542429284526,0.011638033721010231
cD2,2843,5.676539101497505,0.00751976304502386
cD2,2844,5.6785357737104825,-0.0004915657636079894
cD2,2845,5.680532445923461,0.0036311189694263894
cD2,2846,5.682529118136439,-0.028841676857968443
cD2,2847,5.684525790349418,0.035075782355452584
cD2,2848,5.6865224625623965,-0.007347880654578609
cD2,2849,5.688519134775374,0.0063353893968962054
cD2,2850,5.690515806988353,-0.009048029872204466
cD2,2851,5.692512479201331,-0.019073465913807097
cD2,2852,5.69450915141431,0.027714274857342198
cD2,2853,5.696505823627288,-0.023540630653343126
cD2,2854,5.698502495840266,0.017741450693884622
cD2,2855,5.700499168053245,-0.0033986989751842362
cD2,2856,5.702495840266223,-0.009186418102616237
cD2,2857,5.704492512479201,-0.010774743253408926
cD2,2858,5.70648918469218,0.016926499328339156
cD2,2859,5.708485856905158,0.004532773250266587
cD2,2860,5.710482529118137,-0.010742853643280106
cD2,2861,5.7124792013311145,0.010080062832744898
cD2,2862,5.714475873544093,-0.017542796879692915
cD2,2863,5.716472545757072,0.017288876564065234
cD2,2864,5.71846921797005,-0.015041648207972973
cD2,2865,5.7204658901830285,0.010339737254277857
cD2,2866,5.722462562396006,-0.0016501334951048705
cD2,2867,5.724459234608985,-0.0023775537871236854
cD2,2868,5.726455906821964,0.005121386989486442
cD2,2869,5.728452579034942,-0.015175362175191496
cD2,2870,5.73044925124792,0.013367659737981128
cD2,2871,5.732445923460898,0.014632977308119617
cD2,2872,5.734442595673877,-0.01672438959295842
cD2,2873,5.736439267886856,-0.008049497853466288
cD2,2874,5.7384359400998335,-0.002034192501167737
cD2,2875,5.740432612312812,0.013443606911190554
cD2,2876,5.74242928452579,-0.02307225315112529
cD2,2877,5.744425956738769,0.04055018253042117
cD2,2878,5.7464226289517475,-0.04760124460746719
cD2,2879,5.748419301164725,0.02972413459076294
cD2,2880,5.750415973377704,-0.0048355848433345155
cD2,2881,5.752412645590683,-0.017738759325285305
cD2,2882,5.754409317803661,0.027007378758235175
cD2,2883,5.756405990016639,-0.01647436441054955
cD2,2884,5.758402662229617,0.009704831080417416
cD2,2885,5.760399334442596,0.006790986902604181
cD2,2886,5.762396006655575,0.00012207797689718354
cD2,2887,5.7643926788685524,-0.03323783095280013
cD2,2888,5.766389351081531,0.021644091684671178
cD2,2889,5.768386023294509,0.028627059094157085
cD2,2890,5.770382695507488,-0.03353953781041527
cD2,2891,5.7723793677204664,0.008885765915050206
cD2,2892,5.774376039933444,0.00653212510598357
cD2,2893,5.776372712146423,-0.004273831498540708
cD2,2894,5.778369384359401,-0.02301904888569549
cD2,2895,5.78036605657238,0.0016338408195119482
cD2,2896,5.782362728785358,0.03357304007199264
cD2,2897,5.784359400998336,-0.03306601010266441
cD2,2898,5.786356073211315,0.01274041994384633
cD2,2899,5.788352745424293,-0.019509211349972376
cD2,2900,5.790349417637271,0.041673273010865305
cD2,2901,5.79234608985025,-0.03887694274670372
cD2,2902,5.794342762063228,0.020669568083731587
cD2,2903,5.796339434276207,-0.011786308906929846
cD2,2904,5.7983361064891845,0.002406595311118344
cD2,2905,5.800332778702163,0.009171433229258761
cD2,2906,5.802329450915142,-0.004046534311556559
cD2,2907,5.80432612312812,0.014646669070614253
cD2,2908,5.8063227953410985,-0.0529912174412756
cD2,2909,5.808319467554076,0.026853712160661874
cD2,2910,5.810316139767055,-0.00458747380956586
cD2,2911,5.812312811980034,-0.0006026574199497876
cD2,2912,5.814309484193012,0.03279231079192387
cD2,2913,5.81630615640599,-0.0549664721856836
cD2,2914,5.818302828618968,0.04213281120115189
cD2,2915,5.820299500831947,0.0068596730399562555
cD2,2916,5.822296173044926,-0.06306446079808607
cD2,2917,5.8242928452579035,0.04751710732547017
cD2,2918,5.826289517470882,0.010357033891792553
cD2,2919,5.82828618968386,-0.018583267120521992
cD2,2920,5.830282861896839,0.005378464128020249
cD2,2921,5.8322795341098175,0.004574505207900716
cD2,2922,5.834276206322795,-0.0012645871222470046
cD2,2923,5.836272878535774,-0.007637486064766119
cD2,2924,5.838269550748752,-0.029380920409924856
cD2,2925,5.840266222961731,0.023424302993889756
cD2,2926,5.842262895174709,0.014472113029114723
cD2,2927,5.844259567387687,-0.0028570206461949986
cD2,2928,5.846256239600666,-0.01520558802139469
cD2,2929,5.848252911813644,0.01529246348982705
cD2,2930,5.850249584026622,-0.01814727779701904
cD2,2931,5.852246256239601,0.00682571389978655
cD2,2932,5.854242928452579,-0.007898032511377464
cD2,2933,5.856239600665558,0.00505910999400108
cD2,2934,5.8582362728785355,0.004226471119906084
cD2,2935,5.860232945091514,0.030800304914792666
cD2,2936,5.862229617304493,-0.06481486402562472
cD2,2937,5.864226289517471,0.04083302443768862
cD2,2938,5.8662229617304495,-0.007207157789209922
cD2,2939,5.868219633943427,0.0021263679286080777
cD2,2940,5.870216306156406,0.003311484669674742
cD2,2941,5.872212978369385,-0.02001295252757608
cD2,2942,5.874209650582363,0.02164063238176995
cD2,2943,5.876206322795341,-0.025132683119845296
cD2,2944,5.878202995008319,0.017537146838263153
cD2,2945,5.880199667221298,-0.003021897974118192
cD2,2946,5.882196339434277,-0.008295973964367199
cD2,2947,5.8841930116472545,0.01534670142808189
cD2,2948,5.886189683860233,-0.01832357710688049
cD2,2949,5.888186356073211,0.03547683219931499
cD2,2950,5.89018302828619,-0.028811678070445233
cD2,2951,5.8921797004991685,0.020509458899845602
cD2,2952,5.894176372712146,-0.037281782743241655
cD2,2953,5.896173044925125,0.022874397409732957
cD2,2954,5.898169717138103,0.007817147122878551
cD2,2955,5.900166389351082,-0.00800810081072785
cD2,2956,5.90216306156406,-0.0023917086369924997
cD2,2957,5.904159733777038,0.015435580300184784
cD2,2958,5.906156405990017,-0.0006350626800745241
cD2,2959,5.908153078202995,-0.03748478090804686
cD2,2960,5.9101497504159735,0.014531429379191054
cD2,2961,5.912146422628952,0.0657469232039307
cD2,2962,5.91414309484193,-0.0932221260299028
cD2,2963,5.916139767054909,0.036406112098952344
cD2,2964,5.918136439267887,-0.005509988989652685
cD2,2965,5.920133111480865,0.005485157833162214
cD2,2966,5.922129783693844,0.017632691605395164
cD2,2967,5.924126455906822,-0.013764680378113483
cD2,2968,5.926123128119801,-0.004016271736484199
cD2,2969,5.928119800332778,-0.006353524989682535
cD2,2970,5.930116472545757,0.04594500606268544
cD2,2971,5.932113144758736,-0.07042777223900519
cD2,2972,5.934109816971714,0.011987427965682003
cD2,2973,5.936106489184692,0.04731571115043044
cD2,2974,5.93810316139767,-0.023425861509472717
cD2,2975,5.940099833610649,-0.0005053791786791476
cD2,2976,5.942096505823628,-0.007718709329948208
cD2,2977,5.9440931780366055,0.017567928444221042
cD2,2978,5.946089850249584,-0.010599740125981909
cD2,2979,5.948086522462563,-0.005136826639481662
cD2,2980,5.950083194675541,0.011204471356151114
cD2,2981,5.9520798668885195,-0.0027983578563794444
cD2,2982,5.954076539101497,0.009911887879734441
cD2,2983,5.956073211314476,-0.014288514204070669
cD2,2984,5.958069883527455,0.020284541426373738
cD2,2985,5.960066555740433,-0.01932746510039559
cD2,2986,5.962063227953411,0.02659965869672277
cD2,2987,5.964059900166389,-0.041272057462550193
cD2,2988,5.966056572379368,0.029578839460336504
cD2,2989,5.968053244592347,-0.006369689490230387
cD2,2990,5.9700499168053245,0.007584474930391006
cD2,2991,5.972046589018303,-0.007976461781856103
cD2,2992,5.974043261231281,0.010824449057199112
cD2,2993,5.97603993344426,0.015476321889134188
cD2,2994,5.9780366056572385,-0.0350088560286847
cD2,2995,5.980033277870216,0.011184668401678605
cD2,2996,5.982029950083195,0.005865443037893639
cD2,2997,5.984026622296173,-0.015068553558693056
cD2,2998,5.986023294509152,0.040869339781926965
cD2,2999,5.98801996672213,-0.032332048448463775
cD2,3000,5.990016638935108,-0.02144720496491473
cD2,3001,5.992013311148087,0.038091817337181866
cD2,3002,5.994009983361065,-0.03325196072142923
cD2,3003,5.996006655574043,0.039795741182095216
cD2,3004,5.998003327787022,-0.0049903630671514956
cD1,0,0.0,0.00018839711477021664
cD1,1,0.0009995002498750624,-0.0016428397560217262
cD1,2,0.001999000499750125,0.005470024129596726
cD1,3,0.0029985007496251873,-0.0037234295165926743
cD1,4,0.00399800099950025,-0.0014351124782581459
cD1,5,0.004997501249375312,0.0033505734422250937
cD1,6,0.005997001499250375,-0.0030796827349486404
cD1,7,0.0069965017491254375,0.0028075901031235765
cD1,8,0.0079960019990005,0.0013904915569165205
cD1,9,0.008995502248875561,-0.0070937781403462696
cD1,10,0.009995002498750623,0.006572554579084477
cD1,11,0.010994502748625687,-0.002272704342689169
cD1,12,0.01199400299850075,-0.00033921615499776705
cD1,13,0.012993503248375811,0.0026190488369031255
cD1,14,0.013993003498250875,-0.0042490247179316305
cD1,15,0.014992503748125937,0.00487714958513368
cD1,16,0.015992003998001,-0.002112195780883988
cD1,17,0.01699150424787606,-0.0016026672794933385
cD1,18,0.017991004497751123,0.005083733218213249
cD1,19,0.018990504747626185,-0.005336082569349789
cD1,20,0.019990004997501247,0.00038911359241255387
cD1,21,0.020989505247376312,0.0003492524068626525
cD1,22,0.021989005497251374,-0.0016752692374841904
cD1,23,0.022988505747126436,-0.00020212234753846925
cD1,24,0.0239880059970015,0.007425751770637783
cD1,25,0.02498750624687656,-0.0039725732167218055
cD1,26,0.025987006496751622,-0.006561925671736794
cD1,27,0.026986506746626684,0.01106853930065185
cD1,28,0.02798600699650175,-0.0010937090916912917
cD1,29,0.028985507246376812,-0.004730429245863308
cD1,30,0.029985007496251874,0.002470323309703131
cD1,31,0.030984507746126936,-0.00669279624852976
cD1,32,0.031984007996002,0.0008581650014777356
cD1,33,0.03298350824587706,0.012309234294118562
cD1,34,0.03398300849575212,-0.0037734858830951387
cD1,35,0.03498250874562719,-0.013439370894796328
cD1,36,0.035982008995502246,0.0023703093835692676
cD1,37,0.03698150924537731,0.006224491596521159
cD1,38,0.03798100949525237,0.0014730399830326776
cD1,39,0.038980509745127435,-0.002397973172949496
cD1,40,0.039980009995002494,-0.0016095793053708604
cD1,41,0.04097951024487756,-0.0030416158117299655
cD1,42,0.041979010494752625,0.0023197037580999502
cD1,43,0.04297851074462768,0.005017068050359411
cD1,44,0.04397801099450275,0.002367060267074547
cD1,45,0.04497751124437781,-0.0007822127580756413
cD1,46,0.04597701149425287,0.004134512833412665
cD1,47,0.04697651174412793,-0.0037742610474553046
cD1,48,0.047976011994003,-0.0040553771677102925
cD1,49,0.04897551224387806,-0.006194230598727653
cD1,50,0.04997501249375312,0.003918733984533384
cD1,51,0.050974512743628186,0.00889365146176029
cD1,52,0.051974012993503245,0.00035301770666582716
cD1,53,0.05297351324337831,-0.0015915313920575325
cD1,54,0.05397301349325337,0.001561094204344006
cD1,55,0.054972513743128434,-0.0076981018952493735
cD1,56,0.0559720139930035,-0.0029330061320019113
cD1,57,0.05697151424287856,0.00032658595760461095
cD1,58,0.057971014492753624,-0.003220832211092192
cD1,59,0.05897051474262868,0.0016658100992060013
cD1,60,0.05997001499250375,0.0032287583045778473
cD1,61,0.060969515242378806,0.0010423646280550009
cD1,62,0.06196901549225387,-0.0037040952296305205
cD1,63,0.06296851574212893,0.000913428566677258
cD1,64,0.063968015992004,0.00567443309137807
cD1,65,0.06496751624187906,0.003398924351755969
cD1,66,0.06596701649175413,0.007632562550355201
cD1,67,0.06696651674162918,-0.011421627673107747
cD1,68,0.06796601699150424,-0.009941352060886872
cD1,69,0.06896551724137931,0.006846423482803246
cD1,70,0.06996501749125437,-0.0031159430259162443
cD1,71,0.07096451774112943,0.00017658193660828603
cD1,72,0.07196401799100449,0.00893601584590406
cD1,73,0.07296351824087956,-0.0017415270881383157
cD1,74,0.07396301849075462,-2.5089508716116815e-05
cD1,75,0.07496251874062969,0.001785203455208266
cD1,76,0.07596201899050474,-0.002474036790741093
cD1,77,0.0769615192403798,0.0009220671459845078
cD1,78,0.07796101949025487,0.00032350525781774174
cD1,79,0.07896051974012994,0.0015894994648592356
cD1,80,0.07996001999000499,-0.0053859668778502914
cD1,81,0.08095952023988005,-0.0015307511537234718
cD1,82,0.08195902048975512,0.0018275571108428146
cD1,83,0.08295852073963018,-0.006911477861316427
cD1,84,0.08395802098950525,0.0005795454823949858
cD1,85,0.0849575212393803,0.003152479985350419
cD1,86,0.08595702148925537,0.0035041253644013427
cD1,87,0.08695652173913043,-0.0005810277141141372
cD1,88,0.0879560219890055,0.0029477770361163226
cD1,89,0.08895552223888056,0.0014951471984201853
cD1,90,0.08995502248875561,-0.005045736164383774
cD1,91,0.09095452273863068,0.0029897330986539527
cD1,92,0.09195402298850575,0.0010903857363198672
cD1,93,0.09295352323838081,-0.0012013062359096938
cD1,94,0.09395302348825586,-0.00034857468497899967
cD1,95,0.09495252373813093,-0.0015543188727088612
cD1,96,0.095952023988006,-9.647023800145934e-05
cD1,97,0.09695152423788106,0.0002692799010840358
cD1,98,0.09795102448775612,-0.0024482970011891455
cD1,99,0.09895052473763118,0.0019022042628686177
cD1,100,0.09995002498750624,-0.0011945134902095283
cD1,101,0.10094952523738131,0.0023841861208922527
cD1,102,0.10194902548725637,0.002073535285949015
cD1,103,0.10294852573713142,-0.005259944661516429
cD1,104,0.10394802598700649,0.0007506546720497881
cD1,105,0.10494752623688156,0.0018485641921303572
cD1,106,0.10594702648675662,0.0015119908236006759
cD1,107,0.10694652673663169,0.0022896839121944023
cD1,108,0.10794602698650674,-0.007454975702892223
cD1,109,0.1089455272363818,0.004131990734448991
cD1,110,0.10994502748625687,0.006192030742606585
cD1,111,0.11094452773613193,-0.006048648447905266
cD1,112,0.111944027986007,-0.0047658846197576
cD1,113,0.11294352823588205,0.0034137788229559457
cD1,114,0.11394302848575712,0.0006403129659609992
cD1,115,0.11494252873563218,-0.00010946979166724484
cD1,116,0.11594202898550725,2.7349251722353328e-05
cD1,117,0.1169415292353823,0.0011835171668739498
cD1,118,0.11794102948525736,-0.0014131626462521238
cD1,119,0.11894052973513243,-0.0011666771265052122
cD1,120,0.1199400299850075,0.0032132078368912013
cD1,121,0.12093953023488256,-0.0016293647655335791
cD1,122,0.12193903048475761,-0.00054904960350734
cD1,123,0.12293853073463268,-0.0008557317112923798
cD1,124,0.12393803098450774,0.0006092080621788336
cD1,125,0.12493753123438281,0.005830256444685426
cD1,126,0.12593703148425786,-0.00509815892788325
cD1,127,0.12693653173413294,-0.0006498707380850719
cD1,128,0.127936031984008,-0.00015156693511522734
cD1,129,0.12893553223388304,-0.0012642442677758576
cD1,130,0.12993503248375812,0.0036376515842917144
cD1,131,0.13093453273363317,-0.001529148357609126
cD1,132,0.13193403298350825,0.002575326649591283
cD1,133,0.1329335332333833,-0.0025632057824648774
cD1,134,0.13393303348325836,-0.0031788836611514855
cD1,135,0.13493253373313344,0.003258294080848434
cD1,136,0.1359320339830085,-0.003038953471118447
cD1,137,0.13693153423288357,0.004888522854336261
cD1,138,0.13793103448275862,0.002579761124197251
cD1,139,0.13893053473263367,-0.004698981824009775
cD1,140,0.13993003498250875,-0.0022904594591811557
cD1,141,0.1409295352323838,0.0005625574014840192
cD1,142,0.14192903548225885,0.003297475002182964
cD1,143,0.14292853573213393,0.004236763804206401
cD1,144,0.14392803598200898,-0.004368415299260448
cD1,145,0.14492753623188406,-0.0034493130526882456
cD1,146,0.14592703648175911,-0.0003356682953739509
cD1,147,0.14692653673163417,-0.005247968516162737
cD1,148,0.14792603698150925,0.006921114756529324
cD1,149,0.1489255372313843,0.009704025191548253
cD1,150,0.14992503748125938,-0.0016364504469179803
cD1,151,0.15092453773113443,-0.009992783416379911
cD1,152,0.15192403798100948,-0.0013450814869105665
cD1,153,0.15292353823088456,0.0021645804850518946
cD1,154,0.1539230384807596,0.00396317924310699
cD1,155,0.1549225387306347,-0.0015761924864528404
cD1,156,0.15592203898050974,-0.006870077217093923
cD1,157,0.1569215392303848,0.004852645707848576
cD1,158,0.15792103948025987,0.010246504065756114
cD1,159,0.15892053973013492,-0.0050645355657022734
cD1,160,0.15992003998000998,-0.0031587780129829733
cD1,161,0.16091954022988506,-0.006694856580496169
cD1,162,0.1619190404797601,0.004576810250350426
cD1,163,0.1629185407296352,0.00812642374663552
cD1,164,0.16391804097951024,-0.00592020962548761
cD1,165,0.1649175412293853,-0.007443610658980952
cD1,166,0.16591704147926037,0.0018844995771892304
cD1,167,0.16691654172913542,0.008821996534529402
cD1,168,0.1679160419790105,0.00333610221019403
cD1,169,0.16891554222888555,-0.006014286975684297
cD1,170,0.1699150424787606,-5.475041125262495e-05
cD1,171,0.17091454272863568,-0.002528722890546565
cD1,172,0.17191404297851073,0.0017246272814861164
cD1,173,0.1729135432283858,-0.00414924145836051
cD1,174,0.17391304347826086,-0.0037019915359454173
cD1,175,0.17491254372813592,0.008499121021280321
cD1,176,0.175912043978011,0.0035286830247308323
cD1,177,0.17691154422788605,0.0012855906584150556
cD1,178,0.17791104447776113,-0.004119819730847449
cD1,179,0.17891054472763618,-0.004278452072307933
cD1,180,0.17991004497751123,0.0012705985581544271
cD1,181,0.1809095452273863,0.002733898859909502
cD1,182,0.18190904547726136,0.0010421417984456385
cD1,183,0.1829085457271364,-0.002483368631914162
cD1,184,0.1839080459770115,-0.0045952754651449644
cD1,185,0.18490754622688654,0.004084785278760032
cD1,186,0.18590704647676162,0.0015178203591957335
cD1,187,0.18690654672663667,0.00312024700350072
cD1,188,0.18790604697651173,-0.0029437325720193877
cD1,189,0.1889055472263868,-0.0029352795964234777
cD1,190,0.18990504747626186,0.0003458373748628932
cD1,191,0.19090454772613694,0.001795142741621937
cD1,192,0.191904047976012,0.0001940537485747196
cD1,193,0.19290354822588704,-0.0019140644550913375
cD1,194,0.19390304847576212,0.0008237457197821031
cD1,195,0.19490254872563717,0.00015573413723583601
cD1,196,0.19590204897551225,0.0035001404285665665
cD1,197,0.1969015492253873,-0.004408173883204147
cD1,198,0.19790104947526235,-0.00034250587582420906
cD1,199,0.19890054972513743,0.004669666415346188
cD1,200,0.19990004997501248,-0.0012056433576455384
cD1,201,0.20089955022488756,-0.004914037545779491
cD1,202,0.20189905047476261,0.0038121914399466476
cD1,203,0.20289855072463767,0.003386748275644162
cD1,204,0.20389805097451275,-0.005077632061919822
cD1,205,0.2048975512243878,0.0011557248413635551
cD1,206,0.20589705147426285,-3.191973513993335e-05
cD1,207,0.20689655172413793,-0.006044788113402892
cD1,208,0.20789605197401298,0.010056542085283768
cD1,209,0.20889555222388806,-0.0010281030983748574
cD1,210,0.2098950524737631,-0.0049606610611521275
cD1,211,0.21089455272363816,-0.0001165655898257775
cD1,212,0.21189405297351324,0.0013155679045785279
cD1,213,0.2128935532233883,0.0008542746050652788
cD1,214,0.21389305347326337,0.0006661424268319736
cD1,215,0.21489255372313842,-0.0013449051421039757
cD1,216,0.21589205397301348,0.0018148153377241629
cD1,217,0.21689155422288856,0.002488815650870502
cD1,218,0.2178910544727636,-0.007840754277702942
cD1,219,0.21889055472263869,0.002524202996663211
cD1,220,0.21989005497251374,0.0038324826219589274
cD1,221,0.2208895552223888,-0.0012415449312402405
cD1,222,0.22188905547226387,0.0016952141528851932
cD1,223,0.22288855572213892,-0.0022712281975436717
cD1,224,0.223888055972014,-0.0022140537717792973
cD1,225,0.22488755622188905,-0.0006105768686674069
cD1,226,0.2258870564717641,0.005541844891050221
cD1,227,0.22688655672163918,-0.0025770815178048096
cD1,228,0.22788605697151423,-0.004208700519636621
cD1,229,0.22888555722138929,0.0025956267734312368
cD1,230,0.22988505747126436,-0.002661494636892227
cD1,231,0.23088455772113942,0.004839001747776148
cD1,232,0.2318840579710145,0.0020937648707800042
cD1,233,0.23288355822088955,-0.005810042123415876
cD1,234,0.2338830584707646,0.0046440532322377034
cD1,235,0.23488255872063968,-0.0005719426461162306
cD1,236,0.23588205897051473,0.0024711742460673076
cD1,237,0.2368815592203898,-0.0013525999514836158
cD1,238,0.23788105947026486,-0.0058301448820964295
cD1,239,0.2388805597201399,-0.000575285072615925
cD1,240,0.239880059970015,0.0002724667346368616
cD1,241,0.24087956021989004,0.0105339972482322
cD1,242,0.24187906046976512,-0.008275810457369123
cD1,243,0.24287856071964017,-0.0019946590493115286
cD1,244,0.24387806096951523,0.007246971707504303
cD1,245,0.2448775612193903,-0.004026987399545358
cD1,246,0.24587706146926536,-0.0029939061683107848
cD1,247,0.2468765617191404,0.0039579002459217485
cD1,248,0.2478760619690155,-0.0004604683981840104
cD1,249,0.24887556221889054,-0.004770502673570984
cD1,250,0.24987506246876562,0.007056488278772793
cD1,251,0.25087456271864067,-0.0001764814549167484
cD1,252,0.2518740629685157,-0.003544422964458071
cD1,253,0.2528735632183908,-0.0007980451314042918
cD1,254,0.2538730634682659,0.00448990837734707
cD1,255,0.25487256371814093,-0.0011782759840444773
cD1,256,0.255872063968016,-0.0039237731937882565
cD1,257,0.25687156421789104,0.0035157443794153224
cD1,258,0.2578710644677661,-0.0025490893561331586
cD1,259,0.2588705647176412,0.0028409234618982588
cD1,260,0.25987006496751625,-0.0019328181369677902
cD1,261,0.2608695652173913,-0.0006056942503933258
cD1,262,0.26186906546726635,0.004815191769059572
cD1,263,0.2628685657171414,-0.007098108729228672
cD1,264,0.2638680659670165,-0.002645746280891512
cD1,265,0.26486756621689156,0.007621636493510378
cD1,266,0.2658670664667666,0.0020756354434548663
cD1,267,0.26686656671664166,0.0006493839251044044
cD1,268,0.2678660669665167,-0.006167904853973699
cD1,269,0.2688655672163918,0.002065509809069403
cD1,270,0.2698650674662669,0.002750843120063972
cD1,271,0.2708645677161419,-0.007412272940137488
cD1,272,0.271864067966017,0.004020291172260997
cD1,273,0.272863568215892,0.003095655340824518
cD1,274,0.27386306846576713,-0.0035403490816412423
cD1,275,0.2748625687156422,-0.0006367123606005679
cD1,276,0.27586206896551724,0.0008360106339202664
cD1,277,0.2768615692153923,0.00027812865887946736
cD1,278,0.27786106946526734,0.002064895362959249
cD1,279,0.2788605697151424,0.0002983598330935375
cD1,280,0.2798600699650175,-0.004803023011650057
cD1,281,0.28085957021489255,0.002282105664710893
cD1,282,0.2818590704647676,0.0033963277990120906
cD1,283,0.28285857071464265,-0.0007386426839750031
cD1,284,0.2838580709645177,-0.00252463392179148
cD1,285,0.2848575712143928,-0.0038687569618824397
cD1,286,0.28585707146426786,0.004233771490129812
cD1,287,0.2868565717141429,0.00018165329207470854
cD1,288,0.28785607196401797,-0.0026704516190502025
cD1,289,0.288855572213893,0.006112582729187763
cD1,290,0.2898550724637681,-0.0009582635846354737
cD1,291,0.2908545727136432,-0.004206458004825017
cD1,292,0.29185407296351823,-0.0011879495339640975
cD1,293,0.2928535732133933,0.005587683252905649
cD1,294,0.29385307346326833,-0.0020581480243830282
cD1,295,0.29485257371314344,-0.0033034319978396624
cD1,296,0.2958520739630185,0.004190450539679432
cD1,297,0.29685157421289354,0.0012639982188963992
cD1,298,0.2978510744627686,-0.001730336460967134
cD1,299,0.29885057471264365,-0.002059120767848083
cD1,300,0.29985007496251875,-0.0006551500583701362
cD1,301,0.3008495752123938,0.0004338300498740212
cD1,302,0.30184907546226886,0.00011377671664122065
cD1,303,0.3028485757121439,-0.001794412365639422
cD1,304,0.30384807596201896,0.003595957478466271
cD1,305,0.30484757621189407,0.0023440453842916674
cD1,306,0.3058470764617691,-0.0023462212663480425
cD1,307,0.30684657671164417,-0.00017006761926113226
cD1,308,0.3078460769615192,-0.00290794843735094
cD1,309,0.3088455772113943,0.0006248548545443837
cD1,310,0.3098450774612694,0.005789866881760617
cD1,311,0.31084457771114443,-0.004481979922726189
cD1,312,0.3118440779610195,-0.0025415258173448587
cD1,313,0.31284357821089454,0.003475005459524927
cD1,314,0.3138430784607696,0.0026804784551157676
cD1,315,0.3148425787106447,-0.002418305806243854
cD1,316,0.31584207896051975,-0.003622862507563717
cD1,317,0.3168415792103948,0.0018480176497525662
cD1,318,0.31784107946026985,0.002057282310578958
cD1,319,0.3188405797101449,0.0011060483704238863
cD1,320,0.31984007996001995,-0.005788561972069624
cD1,321,0.32083958020989506,0.0013630739346127893
cD1,322,0.3218390804597701,0.004880179290588473
cD1,323,0.32283858070964516,-0.003401871072232952
cD1,324,0.3238380809595202,0.0027065768309721947
cD1,325,0.32483758120939527,0.0009657871195712939
cD1,326,0.3258370814592704,-0.005524020717696923
cD1,327,0.3268365817091454,0.002803020089838475
cD1,328,0.3278360819590205,-0.0027554907513002744
cD1,329,0.3288355822088955,0.003833335937042956
cD1,330,0.3298350824587706,-0.0005482010930940419
cD1,331,0.3308345827086457,-0.0033852444785490558
cD1,332,0.33183408295852074,0.006096804790284857
cD1,333,0.3328335832083958,-0.002706730476657001
cD1,334,0.33383308345827084,-0.002427369812488868
cD1,335,0.3348325837081459,0.0018165820627874128
cD1,336,0.335832083958021,-0.001615810174489797
cD1,337,0.33683158420789605,0.0022920210834887923
cD1,338,0.3378310844577711,0.0010341124479185868
cD1,339,0.33883058470764615,-0.0021376644084687836
cD1,340,0.3398300849575212,-0.002538664899354462
cD1,341,0.3408295852073963,0.003710091793277459
cD1,342,0.34182908545727136,-0.0009658187319552798
cD1,343,0.3428285857071464,0.0013992137487085293
cD1,344,0.34382808595702147,0.0014747656877356049
cD1,345,0.3448275862068965,-0.005725269679436049
cD1,346,0.3458270864567716,0.0017836178824494732
cD1,347,0.3468265867066467,0.001074678010029701
cD1,348,0.34782608695652173,2.5845394754216112e-06
cD1,349,0.3488255872063968,0.0005350278351773842
cD1,350,0.34982508745627183,0.0011194014704186822
cD1,351,0.35082458770614694,-0.000892245862819162
cD1,352,0.351824087956022,-0.0005807243816149117
cD1,353,0.35282358820589704,-0.001371875340977987
cD1,354,0.3538230884557721,-0.00040040067012776337
cD1,355,0.35482258870564715,0.0011241258897229614
cD1,356,0.35582208895552225,0.002820570877445187
cD1,357,0.3568215892053973,-0.0015590533337105394
cD1,358,0.35782108945527236,-0.003297338266428417
cD1,359,0.3588205897051474,0.005184328900536783
cD1,360,0.35982008995502246,-0.003799076214519932
cD1,361,0.36081959020489757,0.0003970787826249539
cD1,362,0.3618190904547726,0.004207947958795537
cD1,363,0.36281859070464767,-0.004526130603084247
cD1,364,0.3638180909545227,-0.0022030348905735624
cD1,365,0.3648175912043978,0.006454424697207488
cD1,366,0.3658170914542728,-0.0027615965774866157
cD1,367,0.36681659170414793,-0.0037371735053367454
cD1,368,0.367816091954023,0.0029233452334561233
cD1,369,0.36881559220389803,0.003563753488560432
cD1,370,0.3698150924537731,-0.003339969199029609
cD1,371,0.37081459270364814,0.00041150495059180843
cD1,372,0.37181409295352325,0.00026366257031438514
cD1,373,0.3728135932033983,-0.0032723207114280493
cD1,374,0.37381309345327335,0.004193590887778151
cD1,375,0.3748125937031484,-0.00024617371503538683
cD1,376,0.37581209395302345,-0.0042368711985583014
cD1,377,0.37681159420289856,0.0047911195170465045
cD1,378,0.3778110944527736,-0.001564581057601428
cD1,379,0.37881059470264866,0.0012420616142854756
cD1,380,0.3798100949525237,0.000686403595204178
cD1,381,0.38080959520239877,-0.002567447377847994
cD1,382,0.3818090954522739,-0.002818418258328826
cD1,383,0.3828085957021489,-0.00017074178703247833
cD1,384,0.383808095952024,0.006083634529847355
cD1,385,0.384807596201899,0.0019513667992733766
cD1,386,0.3858070964517741,-0.011467555314581093
cD1,387,0.3868065967016492,0.009536345516070778
cD1,388,0.38780609695152424,0.01946109682985604
cD1,389,0.3888055972013993,-0.018611000619745244
cD1,390,0.38980509745127434,-0.02858928555848585
cD1,391,0.3908045977011494,0.009813701218129238
cD1,392,0.3918040979510245,0.009388587869957495
cD1,393,0.39280359820089955,0.011866976874849014
cD1,394,0.3938030984507746,0.00048648852490679184
cD1,395,0.39480259870064965,-9.588785108696415e-05
cD1,396,0.3958020989505247,0.008278913065375215
cD1,397,0.3968015992003998,-0.010893991471244792
cD1,398,0.39780109945027486,-0.012904582049906903
cD1,399,0.3988005997001499,-0.0008848646597100392
cD1,400,0.39980009995002497,0.01324285814136888
cD1,401,0.4007996001999,0.00846251204388053
cD1,402,0.4017991004497751,-0.0025163739425164942
cD1,403,0.4027986006996502,-0.008084192466221753
cD1,404,0.40379810094952523,-0.02022689912005954
cD1,405,0.4047976011994003,0.0023115474083692765
cD1,406,0.40579710144927533,0.01688931532534863
cD1,407,0.4067966016991504,0.008001436715121149
cD1,408,0.4077961019490255,0.00774677062076708
cD1,409,0.40879560219890054,-0.010984488916088568
cD1,410,0.4097951024487756,-0.007796951327932814
cD1,411,0.41079460269865065,-0.004458011879338591
cD1,412,0.4117941029485257,-0.0043380187026097776
cD1,413,0.4127936031984008,0.011428435680333773
cD1,414,0.41379310344827586,0.001770975368440536
cD1,415,0.4147926036981509,-0.0038644966666890636
cD1,416,0.41579210394802596,0.012285199093839003
cD1,417,0.416791604197901,-0.0004474241872017941
cD1,418,0.4177911044477761,-0.0149615350057152
cD1,419,0.41879060469765117,0.004221109181048427
cD1,420,0.4197901049475262,0.002773879539483338
cD1,421,0.4207896051974013,-0.0031251003352237624
cD1,422,0.4217891054472763,0.007966775708763757
cD1,423,0.42278860569715143,-0.004414693347986866
cD1,424,0.4237881059470265,-0.006418621177131783
cD1,425,0.42478760619690153,0.003648542007383325
cD1,426,0.4257871064467766,-0.002045339974169143
cD1,427,0.42678660669665164,-0.00257660853464947
cD1,428,0.42778610694652675,0.007735034256458698
cD1,429,0.4287856071964018,0.0016907467965255555
cD1,430,0.42978510744627685,-0.0035819164937069183
cD1,431,0.4307846076961519,0.0012716825794545123
cD1,432,0.43178410794602695,0.0010198795554852442
cD1,433,0.43278360819590206,-0.000734566067891726
cD1,434,0.4337831084457771,-0.007022922409089153
cD1,435,0.43478260869565216,0.005549362221991967
cD1,436,0.4357821089455272,-0.0015230406576451899
cD1,437,0.43678160919540227,-0.002657906040807163
cD1,438,0.43778110944527737,0.007288960688873368
cD1,439,0.4387806096951524,-0.002683888860575606
cD1,440,0.4397801099450275,0.0029743219025924485
cD1,441,0.4407796101949025,-0.0037946329016718653
cD1,442,0.4417791104447776,-0.004558483353742454
cD1,443,0.4427786106946527,0.003483229204276889
cD1,444,0.44377811094452774,0.002177654690837463
cD1,445,0.4447776111944028,0.0023492987139929486
cD1,446,0.44577711144427784,-0.0046205173855669475
cD1,447,0.4467766116941529,-0.0011809642351106227
cD1,448,0.447776111944028,0.0018365749531306314
cD1,449,0.44877561219390305,0.003386798355637396
cD1,450,0.4497751124437781,-0.001988886271669056
cD1,451,0.45077461269365315,-0.002854238455642484
cD1,452,0.4517741129435282,0.0017522531733046298
cD1,453,0.45277361319340326,0.0021544647636856135
cD1,454,0.45377311344327836,-0.0027473558248682873
cD1,455,0.4547726136931534,8.902664452139272e-05
cD1,456,0.45577211394302847,0.0013978886281915686
cD1,457,0.4567716141929035,0.0003961386998788687
cD1,458,0.45777111444277857,-0.0009404922803913571
cD1,459,0.4587706146926537,0.001141872572901909
cD1,460,0.45977011494252873,-0.006298702617640144
cD1,461,0.4607696151924038,0.006797048701162961
cD1,462,0.46176911544227883,-0.0021788481069942686
cD1,463,0.4627686156921539,0.0024758363236080977
cD1,464,0.463768115942029,0.00015303058170328598
cD1,465,0.46476761619190404,-0.00374305067441857
cD1,466,0.4657671164417791,0.0018727198033803858
cD1,467,0.46676661669165415,-0.0018962509206406927
cD1,468,0.4677661169415292,0.0022347369125055123
cD1,469,0.4687656171914043,0.00043122400251589224
cD1,470,0.46976511744127936,-0.0006401210681528432
cD1,471,0.4707646176911544,-0.0002366359910283538
cD1,472,0.47176411794102946,-0.0013673757403515536
cD1,473,0.4727636181909045,-0.00046650474118135497
cD1,474,0.4737631184407796,-0.0003570217320535906
cD1,475,0.47476261869065467,0.0030801228098211765
cD1,476,0.4757621189405297,-0.0017945885928514545
cD1,477,0.4767616191904048,0.006807366146704838
cD1,478,0.4777611194402798,-0.004540991983832919
cD1,479,0.47876061969015493,-0.005099628349722353
cD1,480,0.47976011994003,0.0015175669361335736
cD1,481,0.48075962018990503,0.0011493821018688753
cD1,482,0.4817591204397801,0.0027592388257825767
cD1,483,0.48275862068965514,-0.0014374466430445145
cD1,484,0.48375812093953025,-0.00012235411553763445
cD1,485,0.4847576211894053,0.00019715177199370595
cD1,486,0.48575712143928035,0.00020772442789127564
cD1,487,0.4867566216891554,0.0009758159244245392
cD1,488,0.48775612193903045,-0.006322031381847424
cD1,489,0.48875562218890556,0.0006503449526043506
cD1,490,0.4897551224387806,0.008741083537943787
cD1,491,0.49075462268865566,-0.0033950407760740416
cD1,492,0.4917541229385307,-0.002667330349786645
cD1,493,0.49275362318840576,0.0005778690688252697
cD1,494,0.4937531234382808,0.00151532035611043
cD1,495,0.4947526236881559,-0.0017015853067052556
cD1,496,0.495752123938031,0.0018311043196992875
cD1,497,0.496751624187906,0.000680790066554058
cD1,498,0.4977511244377811,-0.00278687694247221
cD1,499,0.49875062468765613,0.0012523968248455237
cD1,500,0.49975012493753124,0.0001410272735698139
cD1,501,0.5007496251874063,0.0021893124735828176
cD1,502,0.5017491254372813,-0.006986258350808029
cD1,503,0.5027486256871564,0.005767828034248081
cD1,504,0.5037481259370314,-0.0007286545372190045
cD1,505,0.5047476261869065,-0.001077306716017409
cD1,506,0.5057471264367815,0.0024651672613661794
cD1,507,0.5067466266866567,-0.004009580516682608
cD1,508,0.5077461269365318,0.00475945661465245
cD1,509,0.5087456271864068,-0.005337552373906915
cD1,510,0.5097451274362819,0.005112196563912876
cD1,511,0.5107446276861569,-0.0041710684750342775
cD1,512,0.511744127936032,-0.0009112071542440451
cD1,513,0.512743628185907,0.007796750781859101
cD1,514,0.5137431284357821,-0.0036969701893745867
cD1,515,0.5147426286856571,-0.0032594999578431927
cD1,516,0.5157421289355322,0.0010738797308533726
cD1,517,0.5167416291854072,0.0015371348041753534
cD1,518,0.5177411294352824,-0.001094983697337524
cD1,519,0.5187406296851574,-0.0011175449541576863
cD1,520,0.5197401299350325,0.0038350018122075688
cD1,521,0.5207396301849075,-0.004834686916817564
cD1,522,0.5217391304347826,0.0012370090127405563
cD1,523,0.5227386306846576,0.005967523503360725
cD1,524,0.5237381309345327,-0.005504795595763703
cD1,525,0.5247376311844077,-0.0015222485392205214
cD1,526,0.5257371314342828,0.002268281179959512
cD1,527,0.5267366316841579,0.0009823360389990092
cD1,528,0.527736131934033,0.0012019138616735925
cD1,529,0.5287356321839081,-0.00516633161795035
cD1,530,0.5297351324337831,0.0014169570224940296
cD1,531,0.5307346326836582,0.004078508571217721
cD1,532,0.5317341329335332,-0.0027899247121326723
cD1,533,0.5327336331834083,0.0019233420848004102
cD1,534,0.5337331334332833,-0.0010510329253427386
cD1,535,0.5347326336831584,-0.0021796375692628156
cD1,536,0.5357321339330334,-0.00019932173479908952
cD1,537,0.5367316341829085,0.0023997274904397
cD1,538,0.5377311344327836,0.0013052062493595948
cD1,539,0.5387306346826587,-0.004779063323930726
cD1,540,0.5397301349325337,0.004284757179869514
cD1,541,0.5407296351824088,0.001816175465226263
cD1,542,0.5417291354322838,-0.0036662167370208124
cD1,543,0.5427286356821589,-0.0006720143305431655
cD1,544,0.543728135932034,-0.0009921808339598754
cD1,545,0.544727636181909,-2.397737087620486e-05
cD1,546,0.545727136431784,0.002997260239681668
cD1,547,0.5467266366816591,0.0019299779470199141
cD1,548,0.5477261369315343,0.0010628334016207508
cD1,549,0.5487256371814093,-0.0062130512160761585
cD1,550,0.5497251374312844,0.0026824960258227727
cD1,551,0.5507246376811594,-0.0029814155154984727
cD1,552,0.5517241379310345,0.002574552881439638
cD1,553,0.5527236381809095,-0.0010517109660610206
cD1,554,0.5537231384307846,0.0019800803336408462
cD1,555,0.5547226386806596,0.0030622866862331627
cD1,556,0.5557221389305347,-0.006208980422725211
cD1,557,0.5567216391804097,0.0026216723261018563
cD1,558,0.5577211394302848,-0.0024284467705108915
cD1,559,0.55872063968016,0.001043389395934118
cD1,560,0.559720139930035,0.002382544206060121
cD1,561,0.56071964017991,0.0022055536365515487
cD1,562,0.5617191404297851,-0.004684947587006131
cD1,563,0.5627186406796602,-3.082718313601621e-05
cD1,564,0.5637181409295352,0.0018641598397329164
cD1,565,0.5647176411794103,-0.001784259249873485
cD1,566,0.5657171414292853,0.0005527299594376181
cD1,567,0.5667166416791604,0.004118219370831866
cD1,568,0.5677161419290354,-0.004654837785537853
cD1,569,0.5687156421789106,-0.0023180777878050378
cD1,570,0.5697151424287856,0.004898291878148973
cD1,571,0.5707146426786607,-0.0011083162278476538
cD1,572,0.5717141429285357,-0.00012764383498117522
cD1,573,0.5727136431784108,0.0004338462985364205
cD1,574,0.5737131434282858,-0.00038612716989504584
cD1,575,0.5747126436781609,-3.802464923411509e-05
cD1,576,0.5757121439280359,-0.0019054604171315106
cD1,577,0.576711644177911,0.001058953813043263
cD1,578,0.577711144427786,0.0029811695295373372
cD1,579,0.5787106446776612,-0.004346724456070778
cD1,580,0.5797101449275363,0.0017603213118974937
cD1,581,0.5807096451774113,0.0026130516076078793
cD1,582,0.5817091454272864,-0.003123513195221819
cD1,583,0.5827086456771614,-0.0008217182113114563
cD1,584,0.5837081459270365,0.005372672858180254
cD1,585,0.5847076461769115,-0.0055592158637382694
cD1,586,0.5857071464267866,-0.001608474706223688
cD1,587,0.5867066466766616,0.004922959441034279
cD1,588,0.5877061469265367,-0.0018354487371577254
cD1,589,0.5887056471764118,-0.00013631539561854479
cD1,590,0.5897051474262869,0.0015315400545265435
cD1,591,0.5907046476761619,7.748640820554411e-05
cD1,592,0.591704147926037,-0.0008840373650374957
cD1,593,0.592703648175912,-0.001188656951945832
cD1,594,0.5937031484257871,0.0020072644297889942
cD1,595,0.5947026486756621,-0.0043123089935499384
cD1,596,0.5957021489255372,0.0023006237187869934
cD1,597,0.5967016491754122,0.005104550530911816
cD1,598,0.5977011494252873,-0.006401865614359305
cD1,599,0.5987006496751623,0.0021982113599584843
cD1,600,0.5997001499250375,0.0012772406318087913
cD1,601,0.6006996501749126,-0.0037080536687196584
cD1,602,0.6016991504247876,0.004024082620615609
cD1,603,0.6026986506746627,-0.0016629835652852377
cD1,604,0.6036981509245377,-0.0004997314775679108
cD1,605,0.6046976511744128,-0.0006161226036925687
cD1,606,0.6056971514242878,0.0034735031269670256
cD1,607,0.6066966516741629,-0.0034670676285096127
cD1,608,0.6076961519240379,-1.7884951203315895e-05
cD1,609,0.608695652173913,0.002332640758975899
cD1,610,0.6096951524237881,-0.0005490446321023384
cD1,611,0.6106946526736632,2.6855418583386268e-05
cD1,612,0.6116941529235382,-0.0021288067979471584
cD1,613,0.6126936531734133,0.0030733350082066783
cD1,614,0.6136931534232883,-0.0027321476665876053
cD1,615,0.6146926536731634,0.0005662023009116166
cD1,616,0.6156921539230384,0.0017509270475382932
cD1,617,0.6166916541729135,-0.0019115955960487022
cD1,618,0.6176911544227885,9.707596792644794e-05
cD1,619,0.6186906546726636,-0.0009110580407563345
cD1,620,0.6196901549225388,0.0038274724303042997
cD1,621,0.6206896551724138,-0.0003316755333086538
cD1,622,0.6216891554222889,-0.004943743495711929
cD1,623,0.6226886556721639,0.0049889160807702285
cD1,624,0.623688155922039,-0.0037451497138273676
cD1,625,0.624687656171914,0.003477408762443215
cD1,626,0.6256871564217891,-0.002022308673735332
cD1,627,0.6266866566716641,-0.002186512971906472
cD1,628,0.6276861569215392,0.004391161830970897
cD1,629,0.6286856571714142,-0.0021074964697337124
cD1,630,0.6296851574212894,0.00033883267173351545
cD1,631,0.6306846576711644,-0.001025766243844483
cD1,632,0.6316841579210395,-0.00038330677536779984
cD1,633,0.6326836581709145,0.0034183586095476266
cD1,634,0.6336831584207896,-0.0019212044051282152
cD1,635,0.6346826586706646,-0.0003540382834849665
cD1,636,0.6356821589205397,0.0004822052100107671
cD1,637,0.6366816591704147,-0.0031570776981308508
cD1,638,0.6376811594202898,0.00476858706574173
cD1,639,0.6386806596701649,0.0005085076832782201
cD1,640,0.6396801599200399,-0.004150799252062196
cD1,641,0.6406796601699151,0.002599763957783397
cD1,642,0.6416791604197901,-0.0042908172821248865
cD1,643,0.6426786606696652,0.00433516324117833
cD1,644,0.6436781609195402,0.0015932840602515814
cD1,645,0.6446776611694153,-0.005402177084201889
cD1,646,0.6456771614192903,0.0047429158300025505
cD1,647,0.6466766616691654,-0.0030561559428810845
cD1,648,0.6476761619190404,0.0010755845183785802
cD1,649,0.6486756621689155,0.0014270797143029533
cD1,650,0.6496751624187905,-0.003310035246748997
cD1,651,0.6506746626686657,0.0026280824905481164
cD1,652,0.6516741629185407,0.0009516118757900137
cD1,653,0.6526736631684158,-0.0036360626123946435
cD1,654,0.6536731634182908,0.00184879380905983
cD1,655,0.6546726636681659,0.002052122927668592
cD1,656,0.655672163918041,-0.004920097826826325
cD1,657,0.656671664167916,0.004340589074804864
cD1,658,0.657671164417791,-0.00016400440953325863
cD1,659,0.6586706646676661,-0.0018223282463274695
cD1,660,0.6596701649175412,0.004619563261723602
cD1,661,0.6606696651674163,-0.005317427758984217
cD1,662,0.6616691654172914,-0.0031684764561404405
cD1,663,0.6626686656671664,0.007595127153757566
cD1,664,0.6636681659170415,-0.006999068842040398
cD1,665,0.6646676661669165,0.005685883319818204
cD1,666,0.6656671664167916,-6.92991847025602e-05
cD1,667,0.6666666666666666,-0.0012432618221551238
cD1,668,0.6676661669165417,0.0020496817826438003
cD1,669,0.6686656671664167,-0.005440633952518797
cD1,670,0.6696651674162918,0.0005944168458482494
cD1,671,0.670664667666167,0.004081242354383301
cD1,672,0.671664167916042,-0.002504876889344152
cD1,673,0.672663668165917,-0.0009383798978772491
cD1,674,0.6736631684157921,0.0044909895638184216
cD1,675,0.6746626686656672,-0.0033053212657313826
cD1,676,0.6756621689155422,0.0017452725761859457
cD1,677,0.6766616691654173,0.0017208353663432086
cD1,678,0.6776611694152923,-0.0037379307609313466
cD1,679,0.6786606696651674,-0.003509231981252999
cD1,680,0.6796601699150424,0.005880747181787476
cD1,681,0.6806596701649176,0.00016596333988872078
cD1,682,0.6816591704147926,-0.004114308505825311
cD1,683,0.6826586706646677,0.0035183336944400656
cD1,684,0.6836581709145427,-0.0008218480681811422
cD1,685,0.6846576711644178,0.00042569894206747174
cD1,686,0.6856571714142928,-0.0029028417714779386
cD1,687,0.6866566716641679,0.0012956480593773448
cD1,688,0.6876561719140429,0.0022930902849070027
cD1,689,0.688655672163918,-0.0020842286436252456
cD1,690,0.689655172413793,0.0014822422723037207
cD1,691,0.6906546726636681,0.00092865476335664
cD1,692,0.6916541729135433,-0.0024441223545740736
cD1,693,0.6926536731634183,0.0006981735349730603
cD1,694,0.6936531734132934,-0.0004640571990179784
cD1,695,0.6946526736631684,0.0007499297031698124
cD1,696,0.6956521739130435,-0.0015116389385005724
cD1,697,0.6966516741629185,-0.0009644557730106235
cD1,698,0.6976511744127936,0.003381165500186193
cD1,699,0.6986506746626686,0.0006885969279177193
cD1,700,0.6996501749125437,-0.002030470293657305
cD1,701,0.7006496751624187,-3.405932059596158e-05
cD1,702,0.7016491754122939,-0.00014362570623105745
cD1,703,0.7026486756621689,0.0030231588060717286
cD1,704,0.703648175912044,-0.00400853700019511
cD1,705,0.704647676161919,0.0006426075658711499
cD1,706,0.7056471764117941,0.00029000850698266767
cD1,707,0.7066466766616691,-0.0005539948608354057
cD1,708,0.7076461769115442,0.0022160805286212527
cD1,709,0.7086456771614192,0.0005461348874339134
cD1,710,0.7096451774112943,-0.0024692881801063648
cD1,711,0.7106446776611693,-0.004623087870476974
cD1,712,0.7116441779110445,0.008109174325572942
cD1,713,0.7126436781609196,-0.0014710491205433894
cD1,714,0.7136431784107946,-0.0024469323089249184
cD1,715,0.7146426786606697,0.002321199496977842
cD1,716,0.7156421789105447,-0.002076670296882147
cD1,717,0.7166416791604198,0.0020608347314237173
cD1,718,0.7176411794102948,-0.0021899705534257014
cD1,719,0.7186406796601699,0.002718952852548328
cD1,720,0.7196401799100449,-0.00230457931331559
cD1,721,0.72063968015992,0.0004823779657143672
cD1,722,0.7216391804097951,-0.0008434754521648839
cD1,723,0.7226386806596702,0.0005968128374794388
cD1,724,0.7236381809095452,-0.00218046190088318
cD1,725,0.7246376811594203,0.002852245853191426
cD1,726,0.7256371814092953,8.76196225254711e-05
cD1,727,0.7266366816591704,0.003079147224104054
cD1,728,0.7276361819090454,-0.000773329319735911
cD1,729,0.7286356821589205,-0.006610227531371061
cD1,730,0.7296351824087955,0.0016696713449062494
cD1,731,0.7306346826586706,0.0020385739770800372
cD1,732,0.7316341829085456,0.0022413138396712657
cD1,733,0.7326336831584208,-0.0018331213913358884
cD1,734,0.7336331834082959,-0.0033069599506987566
cD1,735,0.7346326836581709,0.00623118034836111
cD1,736,0.735632183908046,-0.0007511236092774447
cD1,737,0.736631684157921,-0.005924087872647004
cD1,738,0.7376311844077961,0.0043137141137873985
cD1,739,0.7386306846576711,-0.002150570164836882
cD1,740,0.7396301849075462,0.0016592069241482578
cD1,741,0.7406296851574212,0.0019392276506908822
cD1,742,0.7416291854072963,-0.005389328996845601
cD1,743,0.7426286856571714,0.004379506340805278
cD1,744,0.7436281859070465,-0.0005277128004546889
cD1,745,0.7446276861569215,-0.0019967657762368176
cD1,746,0.7456271864067966,0.0025730362644479313
cD1,747,0.7466266866566716,0.0011270119506725255
cD1,748,0.7476261869065467,-0.005901236876726006
cD1,749,0.7486256871564217,0.0026382989020515145
cD1,750,0.7496251874062968,0.0012315295183928869
cD1,751,0.7506246876561719,-0.0005333062482263102
cD1,752,0.7516241879060469,-0.002424474336133156
cD1,753,0.7526236881559221,0.005234084904543327
cD1,754,0.7536231884057971,0.0004909003432665114
cD1,755,0.7546226886556722,-0.0032643911556179232
cD1,756,0.7556221889055472,0.0010856384480242294
cD1,757,0.7566216891554223,-0.005212309911287115
cD1,758,0.7576211894052973,0.0034617786580971137
cD1,759,0.7586206896551724,0.0015055696890098748
cD1,760,0.7596201899050474,0.0009539081626799442
cD1,761,0.7606196901549225,-0.00018968059757779434
cD1,762,0.7616191904047975,-0.003720922826770836
cD1,763,0.7626186906546727,0.0006979892238054808
cD1,764,0.7636181909045477,0.004001214264045093
cD1,765,0.7646176911544228,-0.002926990128316164
cD1,766,0.7656171914042978,-0.0020432239378154003
cD1,767,0.7666166916541729,0.003613087938675099
cD1,768,0.767616191904048,-0.0016030638749472766
cD1,769,0.768615692153923,0.002253919093891557
cD1,770,0.769615192403798,-6.8270225008246026e-06
cD1,771,0.7706146926536731,-0.004214420103186919
cD1,772,0.7716141929035482,0.0030222924881129847
cD1,773,0.7726136931534232,-0.0023212894446676888
cD1,774,0.7736131934032984,0.002660776365787753
cD1,775,0.7746126936531734,0.0022976789168674882
cD1,776,0.7756121939030485,-0.006893956307521809
cD1,777,0.7766116941529235,0.006682047450255957
cD1,778,0.7776111944027986,-0.004104766349419477
cD1,779,0.7786106946526736,-0.0021545819876870277
cD1,780,0.7796101949025487,0.0039697609243516795
cD1,781,0.7806096951524237,0.0014326157847993853
cD1,782,0.7816091954022988,-0.0028999666526282144
cD1,783,0.7826086956521738,0.00279786265161758
cD1,784,0.783608195902049,-0.004224512053646104
cD1,785,0.784607696151924,0.001099564747505462
cD1,786,0.7856071964017991,0.0013268531299288333
cD1,787,0.7866066966516742,0.000634188215694829
cD1,788,0.7876061969015492,0.000820195114033392
cD1,789,0.7886056971514243,-0.003952321848854043
cD1,790,0.7896051974012993,0.00270307086122249
cD1,791,0.7906046976511744,0.000173409968757284
cD1,792,0.7916041979010494,-0.0006821282592386898
cD1,793,0.7926036981509245,0.00030927705304341254
cD1,794,0.7936031984007996,0.0004078847456652665
cD1,795,0.7946026986506747,-0.0022277814223537694
cD1,796,0.7956021989005497,0.003068005124063408
cD1,797,0.7966016991504248,-0.0019113169122463474
cD1,798,0.7976011994002998,-0.0023693384015655967
cD1,799,0.7986006996501749,0.002975548875023254
cD1,800,0.7996001999000499,0.0005010120996027659
cD1,801,0.800599700149925,0.0008299625319046406
cD1,802,0.8015992003998,0.00015684204465787714
cD1,803,0.8025987006496751,-0.0019606772503705998
cD1,804,0.8035982008995503,-0.004338271441749935
cD1,805,0.8045977011494253,0.005301212763635282
cD1,806,0.8055972013993004,0.0014940808855754472
cD1,807,0.8065967016491754,-0.0029608607106162035
cD1,808,0.8075962018990505,0.004073619225064667
cD1,809,0.8085957021489255,-0.003812279308254312
cD1,810,0.8095952023988006,-0.0008283598911271498
cD1,811,0.8105947026486756,-0.0010433219155910817
cD1,812,0.8115942028985507,0.002182908149979898
cD1,813,0.8125937031484257,0.0034905164991789256
cD1,814,0.8135932033983008,-0.006109325286185092
cD1,815,0.8145927036481759,0.00543770566946938
cD1,816,0.815592203898051,-0.0004988273622910802
cD1,817,0.816591704147926,-0.00827039987724069
cD1,818,0.8175912043978011,0.008828614020171346
cD1,819,0.8185907046476761,-0.001466674243880251
cD1,820,0.8195902048975512,-0.0017766482229308225
cD1,821,0.8205897051474262,0.00124875411416837
cD1,822,0.8215892053973013,-0.0031907858219091412
cD1,823,0.8225887056471763,0.0026001035070210817
cD1,824,0.8235882058970514,0.0028125285070922917
cD1,825,0.8245877061469266,-0.002557721225722206
cD1,826,0.8255872063968016,-0.00449827069932767
cD1,827,0.8265867066466767,0.004193775919969741
cD1,828,0.8275862068965517,0.0025665516496634453
cD1,829,0.8285857071464268,-0.003952006838745586
cD1,830,0.8295852073963018,0.004356533636938234
cD1,831,0.8305847076461769,-0.004401737971513837
cD1,832,0.8315842078960519,-0.00022967350951376506
cD1,833,0.832583708145927,0.002735935949409877
cD1,834,0.833583208395802,-0.0024891281879158137
cD1,835,0.8345827086456772,0.002520854648198136
cD1,836,0.8355822088955522,-0.001343033242042487
cD1,837,0.8365817091454273,-0.001450314646896668
cD1,838,0.8375812093953023,0.0035445108197598657
cD1,839,0.8385807096451774,-0.002773972820498222
cD1,840,0.8395802098950524,0.002936187983582056
cD1,841,0.8405797101449275,-0.0023116788472423862
cD1,842,0.8415792103948025,0.0007106599212197625
cD1,843,0.8425787106446776,-0.0008599948481377748
cD1,844,0.8435782108945526,-0.0007953267887970158
cD1,845,0.8445777111444278,0.0008012086442383648
cD1,846,0.8455772113943029,0.0008595345803227654
cD1,847,0.8465767116441779,-0.000548301987587142
cD1,848,0.847576211894053,0.001460269733790816
cD1,849,0.848575712143928,-0.002144974337771198
cD1,850,0.8495752123938031,-0.0007296535796999508
cD1,851,0.8505747126436781,0.003105740781592204
cD1,852,0.8515742128935532,-0.0007144541119752598
cD1,853,0.8525737131434282,-0.0028806021348179883
cD1,854,0.8535732133933033,-0.00047239552134137417
cD1,855,0.8545727136431783,0.0043244976477239405
cD1,856,0.8555722138930535,0.0001653173729638537
cD1,857,0.8565717141429285,-0.0008101288328917578
cD1,858,0.8575712143928036,-0.003461571496264963
cD1,859,0.8585707146426786,0.001035398259069596
cD1,860,0.8595702148925537,0.0036528609120055583
cD1,861,0.8605697151424287,-0.004713364329189967
cD1,862,0.8615692153923038,0.003964079899515193
cD1,863,0.8625687156421789,-0.0019196526768974586
cD1,864,0.8635682158920539,0.0004005479701239846
cD1,865,0.864567716141929,0.0007056442945941
cD1,866,0.8655672163918041,-0.0015618253385083478
cD1,867,0.8665667166416792,-0.00015792019076516428
cD1,868,0.8675662168915542,0.0005731576615972204
cD1,869,0.8685657171414293,-0.0026865004919897468
cD1,870,0.8695652173913043,0.007450148322353392
cD1,871,0.8705647176411794,-0.0031104624003449235
cD1,872,0.8715642178910544,-0.006258309953951518
cD1,873,0.8725637181409295,0.007048964080856506
cD1,874,0.8735632183908045,-0.003248958412323234
cD1,875,0.8745627186406796,0.0031066643812940305
cD1,876,0.8755622188905547,-0.0008540170928048798
cD1,877,0.8765617191404298,-0.004555493012151327
cD1,878,0.8775612193903048,0.0034067066695392906
cD1,879,0.8785607196401799,0.0023077688975349066
cD1,880,0.879560219890055,-0.003160946901630871
cD1,881,0.88055972013993,0.00030957260750802824
cD1,882,0.881559220389805,0.0013386426412387252
cD1,883,0.8825587206396801,-0.00030833330288757054
cD1,884,0.8835582208895552,-0.0006666407216135105
cD1,885,0.8845577211394302,0.0006117132827894666
cD1,886,0.8855572213893054,-0.00016617350701246666
cD1,887,0.8865567216391804,-0.0012769415161400744
cD1,888,0.8875562218890555,-0.0010107394640122033
cD1,889,0.8885557221389305,0.0031930013221695003
cD1,890,0.8895552223888056,-0.0020007597070703154
cD1,891,0.8905547226386806,-0.00037284488611779166
cD1,892,0.8915542228885557,0.0017140080886943205
cD1,893,0.8925537231384307,-0.0008244794846477659
cD1,894,0.8935532233883058,0.0015153005429422968
cD1,895,0.8945527236381808,0.0002756820042356203
cD1,896,0.895552223888056,-0.0013097854919561754
cD1,897,0.896551724137931,0.0013397884352541732
cD1,898,0.8975512243878061,-0.0026089296556726115
cD1,899,0.8985507246376812,-0.0006519521993823105
cD1,900,0.8995502248875562,0.0031503247298561928
cD1,901,0.9005497251374313,-0.0021785977817410955
cD1,902,0.9015492253873063,-0.0020155784979092447
cD1,903,0.9025487256371814,0.005685952544075872
cD1,904,0.9035482258870564,-0.003450093761076953
cD1,905,0.9045477261369315,-0.0035519341054851927
cD1,906,0.9055472263868065,0.005198586463405921
cD1,907,0.9065467266366817,0.001533071151366867
cD1,908,0.9075462268865567,-0.0010614926680077618
cD1,909,0.9085457271364318,0.0001827226171576702
cD1,910,0.9095452273863068,-0.003574296381576207
cD1,911,0.9105447276361819,-0.0013603231218346022
cD1,912,0.9115442278860569,0.0033403389717558424
cD1,913,0.912543728135932,0.001982411522600847
cD1,914,0.913543228385807,-0.0013044985451516103
cD1,915,0.9145427286356821,-0.004023012322873796
cD1,916,0.9155422288855571,0.007047800333240962
cD1,917,0.9165417291354323,-0.0022266004113015866
cD1,918,0.9175412293853074,-0.007305794835230312
cD1,919,0.9185407296351824,0.004629818954006685
cD1,920,0.9195402298850575,0.0026759430184954717
cD1,921,0.9205397301349325,-0.0009479020291477151
cD1,922,0.9215392303848076,-0.0006699991797818835
cD1,923,0.9225387306346826,0.002472152570432826
cD1,924,0.9235382308845577,-0.002991881015049886
cD1,925,0.9245377311344327,-0.0028177591930077218
cD1,926,0.9255372313843078,0.0037836215858746193
cD1,927,0.9265367316341829,0.0014857449650788031
cD1,928,0.927536231884058,-0.002504581935752322
cD1,929,0.928535732133933,4.14517509745399e-05
cD1,930,0.9295352323838081,-0.0008153569865371165
cD1,931,0.9305347326336831,0.002195367266899797
cD1,932,0.9315342328835582,0.001750874613258893
cD1,933,0.9325337331334332,-0.0017457561456786924
cD1,934,0.9335332333833083,-0.004122913267665918
cD1,935,0.9345327336331833,0.001594048303800814
cD1,936,0.9355322338830584,0.002555174533050083
cD1,937,0.9365317341329336,0.0015342502806559176
cD1,938,0.9375312343828086,-0.0031017611923234347
cD1,939,0.9385307346326837,-0.0017525149179877988
cD1,940,0.9395302348825587,0.0032869508643091593
cD1,941,0.9405297351324338,0.0015024064549005256
cD1,942,0.9415292353823088,-0.005192940664269327
cD1,943,0.9425287356321839,0.003601473651556777
cD1,944,0.9435282358820589,-0.0009325946227791257
cD1,945,0.944527736131934,0.0023566303372725183
cD1,946,0.945527236381809,-0.00027896015539336443
cD1,947,0.9465267366316841,-0.008127076446731982
cD1,948,0.9475262368815592,0.007426658574337011
cD1,949,0.9485257371314343,0.0004215978512723949
cD1,950,0.9495252373813093,-0.0009079826921970716
cD1,951,0.9505247376311844,-0.0015277651742036282
cD1,952,0.9515242378810594,-0.00102934875875468
cD1,953,0.9525237381309345,0.0033987472746915422
cD1,954,0.9535232383808095,-0.00168208254400496
cD1,955,0.9545227386306846,0.00018273200951552304
cD1,956,0.9555222388805596,-0.0006882219870162361
cD1,957,0.9565217391304347,0.0006972303704682075
cD1,958,0.9575212393803099,0.000254314106097839
cD1,959,0.9585207396301849,-0.0010214163785836944
cD1,960,0.95952023988006,0.0030025795276936453
cD1,961,0.960519740129935,-0.003727859091327914
cD1,962,0.9615192403798101,0.00012055788990783856
cD1,963,0.9625187406296851,0.0021412559925772304
cD1,964,0.9635182408795602,-0.0013350573000134583
cD1,965,0.9645177411294352,-0.00019190014119036778
cD1,966,0.9655172413793103,0.0015824029073979466
cD1,967,0.9665167416291853,-0.0005049118525360886
cD1,968,0.9675162418790605,0.00456976526403022
cD1,969,0.9685157421289355,-0.010975392319203385
cD1,970,0.9695152423788106,0.004721082551392185
cD1,971,0.9705147426286856,0.004430208433316146
cD1,972,0.9715142428785607,-0.006792941984983121
cD1,973,0.9725137431284357,0.008582239068467641
cD1,974,0.9735132433783108,-0.006905972544256517
cD1,975,0.9745127436281859,0.0021636182126810984
cD1,976,0.9755122438780609,0.0015251442965947518
cD1,977,0.976511744127936,-0.003796869037642785
cD1,978,0.9775112443778111,0.001400777069584081
cD1,979,0.9785107446276862,-0.0019516346392298078
cD1,980,0.9795102448775612,0.002594265182662965
cD1,981,0.9805097451274363,0.0033110676554166008
cD1,982,0.9815092453773113,-0.005226288652642371
cD1,983,0.9825087456271864,0.0021357861372810613
cD1,984,0.9835082458770614,0.001407291190438551
cD1,985,0.9845077461269365,-0.0020789104817503803
cD1,986,0.9855072463768115,0.0012266296609055004
cD1,987,0.9865067466266866,0.00041102247173612654
cD1,988,0.9875062468765616,-0.0001691740427518548
cD1,989,0.9885057471264368,-0.0034806903915566133
cD1,990,0.9895052473763118,0.0005245153413043764
cD1,991,0.9905047476261869,0.001659086416374161
cD1,992,0.991504247876062,0.0035268766178135286
cD1,993,0.992503748125937,-0.004958288478038411
cD1,994,0.993503248375812,0.0008197610268433648
cD1,995,0.9945027486256871,0.0037404027959021323
cD1,996,0.9955022488755622,-0.0028777260800977623
cD1,997,0.9965017491254372,-0.0005493822133809434
cD1,998,0.9975012493753123,-4.691116421221778e-05
cD1,999,0.9985007496251874,-0.0008320592261820698
cD1,1000,0.9995002498750625,0.0013736356372011614
cD1,1001,1.0004997501249375,0.0014248506558882338
cD1,1002,1.0014992503748126,-0.0014542495139111826
cD1,1003,1.0024987506246876,0.00046125996066329446
cD1,1004,1.0034982508745627,-0.002197409118985662
cD1,1005,1.0044977511244377,0.0012527320262794575
cD1,1006,1.0054972513743128,0.004586884627915354
cD1,1007,1.0064967516241878,-0.003472788838322805
cD1,1008,1.0074962518740629,-0.003514647858845656
cD1,1009,1.008495752123938,0.0032751441108749687
cD1,1010,1.009495252373813,-0.0020669019587205998
cD1,1011,1.010494752623688,0.0041596335426200715
cD1,1012,1.011494252873563,-0.002760034816693643
cD1,1013,1.0124937531234381,0.001334635103317424
cD1,1014,1.0134932533733134,0.0003165530961578801
cD1,1015,1.0144927536231885,-0.002411111434744253
cD1,1016,1.0154922538730635,0.0017332425070981543
cD1,1017,1.0164917541229386,-0.0021362009928451177
cD1,1018,1.0174912543728136,-0.0013306703734202018
cD1,1019,1.0184907546226887,0.006223959717152316
cD1,1020,1.0194902548725637,-0.001977934802806989
cD1,1021,1.0204897551224388,-0.002259426640266938
cD1,1022,1.0214892553723138,-0.0012565144996344955
cD1,1023,1.0224887556221889,0.0050255945798807905
cD1,1024,1.023488255872064,-0.0038134284826003683
cD1,1025,1.024487756121939,0.0005558506823034303
cD1,1026,1.025487256371814,-0.0014553089502097297
cD1,1027,1.026486756621689,0.0023677183060258145
cD1,1028,1.0274862568715641,0.0026680980990239113
cD1,1029,1.0284857571214392,-0.003256399261905871
cD1,1030,1.0294852573713142,-0.002566520479441459
cD1,1031,1.0304847576211893,0.0014548090943774566
cD1,1032,1.0314842578710643,0.0013974473663130628
cD1,1033,1.0324837581209394,0.002848156983479195
cD1,1034,1.0334832583708145,-0.0033307290233835353
cD1,1035,1.0344827586206897,-0.0017036929384294393
cD1,1036,1.0354822588705648,0.0029578413339962023
cD1,1037,1.0364817591204398,0.000281963489552289
cD1,1038,1.0374812593703149,-0.0025777139235992255
cD1,1039,1.03848075962019,-0.0006799507416929701
cD1,1040,1.039480259870065,0.0027483350723533856
cD1,1041,1.04047976011994,0.002760525270029021
cD1,1042,1.041479260369815,-0.006455002894926986
cD1,1043,1.0424787606196901,0.0035078834206267308
cD1,1044,1.0434782608695652,-0.0010275584005327966
cD1,1045,1.0444777611194402,0.0005365491629341311
cD1,1046,1.0454772613693153,0.0035300856647925917
cD1,1047,1.0464767616191903,-0.005649600675352912
cD1,1048,1.0474762618690654,0.0005312371122009221
cD1,1049,1.0484757621189404,0.0014225920881726752
cD1,1050,1.0494752623688155,-0.0017767844163353343
cD1,1051,1.0504747626186905,0.003985339188302272
cD1,1052,1.0514742628685656,-0.0024646063816299215
cD1,1053,1.0524737631184407,0.0013727651440957646
cD1,1054,1.0534732633683157,0.0013466991893454677
cD1,1055,1.054472763618191,-0.004029250037744517
cD1,1056,1.055472263868066,-0.001193566297990169
cD1,1057,1.056471764117941,0.0035639511347645104
cD1,1058,1.0574712643678161,-0.0005996292930058557
cD1,1059,1.0584707646176912,-0.001245577666974991
cD1,1060,1.0594702648675662,0.004216910720845454
cD1,1061,1.0604697651174413,-0.0012191860785523356
cD1,1062,1.0614692653673163,-0.004837912073573516
cD1,1063,1.0624687656171914,0.000967274945479658
cD1,1064,1.0634682658670664,0.0025260298266172186
cD1,1065,1.0644677661169415,0.0018090280159667833
cD1,1066,1.0654672663668165,-0.0024082883339463174
cD1,1067,1.0664667666166916,-0.0018563136330116549
cD1,1068,1.0674662668665666,0.002116890542225005
cD1,1069,1.0684657671164417,0.0005995192133774214
cD1,1070,1.0694652673663168,-0.0016339454773316826
cD1,1071,1.0704647676161918,0.0031921814815257295
cD1,1072,1.0714642678660669,-0.005384045655885617
cD1,1073,1.072463768115942,0.004701040112208652
cD1,1074,1.073463268365817,0.0007391518012697224
cD1,1075,1.074462768615692,-0.004875807906134695
cD1,1076,1.0754622688655673,0.005203127509738748
cD1,1077,1.0764617691154423,-0.006753519067405361
cD1,1078,1.0774612693653174,-0.00044061575295823807
cD1,1079,1.0784607696151924,0.008362720235085983
cD1,1080,1.0794602698650675,-0.00040360355441337
cD1,1081,1.0804597701149425,-0.0037184183610714746
cD1,1082,1.0814592703648176,-0.00251349403851559
cD1,1083,1.0824587706146926,0.004022106656885995
cD1,1084,1.0834582708645677,-0.0015094802565457685
cD1,1085,1.0844577711144427,-0.0008313894767335182
cD1,1086,1.0854572713643178,0.001815949669002108
cD1,1087,1.0864567716141929,0.00028356981055325473
cD1,1088,1.087456271864068,-0.0018727681444403376
cD1,1089,1.088455772113943,0.00022759920362769998
cD1,1090,1.089455272363818,0.003247511289373087
cD1,1091,1.090454772613693,-0.0026678538823469676
cD1,1092,1.091454272863568,3.22407530157897e-05
cD1,1093,1.0924537731134432,0.0012214269042419082
cD1,1094,1.0934532733633182,-0.0021842061695382595
cD1,1095,1.0944527736131933,0.0030164499598181547
cD1,1096,1.0954522738630685,-0.002999599632879546
cD1,1097,1.0964517741129436,0.003651653112982222
cD1,1098,1.0974512743628186,-0.0038961644694686815
cD1,1099,1.0984507746126937,-0.0012240869647244003
cD1,1100,1.0994502748625687,0.0040408478022558696
cD1,1101,1.1004497751124438,-0.002548697187423455
cD1,1102,1.1014492753623188,-0.0011855800187051697
cD1,1103,1.102448775612194,-0.0033564274673557933
cD1,1104,1.103448275862069,-0.005153455190543006
cD1,1105,1.104447776111944,0.0063640595632049185
cD1,1106,1.105447276361819,0.0061376649233518266
cD1,1107,1.106446776611694,0.00029348773573335124
cD1,1108,1.1074462768615692,0.004915973073886616
cD1,1109,1.1084457771114442,-0.0009886647111967198
cD1,1110,1.1094452773613193,-0.003617318995821635
cD1,1111,1.1104447776111943,0.0010219965842701156
cD1,1112,1.1114442778610694,-0.002502873168730574
cD1,1113,1.1124437781109444,-0.007014946911979547
cD1,1114,1.1134432783608195,0.0037634279845621876
cD1,1115,1.1144427786106945,0.012397135459595088
cD1,1116,1.1154422788605696,-0.0010127089801006336
cD1,1117,1.1164417791104448,-0.004399952667352068
cD1,1118,1.11744127936032,-0.002356050969463383
cD1,1119,1.118440779610195,-0.0049661532577006395
cD1,1120,1.11944027986007,-0.005023071879476856
cD1,1121,1.120439780109945,0.005723741245064529
cD1,1122,1.12143928035982,-0.00682638101223057
cD1,1123,1.1224387806096952,-0.005328815597667687
cD1,1124,1.1234382808595702,0.010224158148553306
cD1,1125,1.1244377811094453,0.004246213025370711
cD1,1126,1.1254372813593203,0.0003102515649284224
cD1,1127,1.1264367816091954,-0.0014046102744259374
cD1,1128,1.1274362818590704,0.006853839382137454
cD1,1129,1.1284357821089455,0.0036275963189208588
cD1,1130,1.1294352823588205,-0.009097319530086544
cD1,1131,1.1304347826086956,-0.0046694771483500735
cD1,1132,1.1314342828585706,0.0007494800953337724
cD1,1133,1.1324337831084457,0.0014234610438201706
cD1,1134,1.1334332833583207,0.0014107433638636535
cD1,1135,1.1344327836081958,0.0016128091801603517
cD1,1136,1.1354322838580708,0.0012146014697461752
cD1,1137,1.136431784107946,0.0017363289171669974
cD1,1138,1.1374312843578211,-0.0015180674098355315
cD1,1139,1.1384307846076962,-0.004295953128713368
cD1,1140,1.1394302848575713,0.006529661979063235
cD1,1141,1.1404297851074463,-0.006336619630156333
cD1,1142,1.1414292853573214,0.005871533607608753
cD1,1143,1.1424287856071964,0.0019689549904581653
cD1,1144,1.1434282858570715,-0.011105302081291776
cD1,1145,1.1444277861069465,0.0007150490673288531
cD1,1146,1.1454272863568216,0.0017461340840447745
cD1,1147,1.1464267866066966,-0.0073669644350593325
cD1,1148,1.1474262868565717,0.004134478677537752
cD1,1149,1.1484257871064467,0.00601319973091868
cD1,1150,1.1494252873563218,-0.00021644179610549527
cD1,1151,1.1504247876061968,0.002258701812625599
cD1,1152,1.1514242878560719,0.0005166406563349795
cD1,1153,1.152423788105947,0.0005848652225778983
cD1,1154,1.153423288355822,-0.001634136539033904
cD1,1155,1.154422788605697,-0.001555950431685959
cD1,1156,1.155422288855572,-0.0027339744908915246
cD1,1157,1.1564217891054471,0.0014243205675888554
cD1,1158,1.1574212893553224,0.001898904037271715
cD1,1159,1.1584207896051975,-0.0019056535959144107
cD1,1160,1.1594202898550725,-0.0009130085515315022
cD1,1161,1.1604197901049476,0.0034018454212462034
cD1,1162,1.1614192903548226,-0.00018871613257822467
cD1,1163,1.1624187906046977,-0.00577921795197538
cD1,1164,1.1634182908545727,-2.2947766345541437e-05
cD1,1165,1.1644177911044478,0.0060846648653002655
cD1,1166,1.1654172913543228,0.0019462634413139595
cD1,1167,1.1664167916041979,-0.0010501513256250261
cD1,1168,1.167416291854073,-0.002202083456098281
cD1,1169,1.168415792103948,-0.005266042088563742
cD1,1170,1.169415292353823,0.0058282997337835655
cD1,1171,1.170414792603698,0.00048002791673169365
cD1,1172,1.1714142928535731,-0.0008034127194323174
cD1,1173,1.1724137931034482,0.0007940246292625392
cD1,1174,1.1734132933533232,0.0009570925288237657
cD1,1175,1.1744127936031983,-0.003669942330393355
cD1,1176,1.1754122938530733,-0.0013627660470657225
cD1,1177,1.1764117941029484,0.0008135541128789486
cD1,1178,1.1774112943528237,0.0021127970153668185
cD1,1179,1.1784107946026987,-0.001494782561567167
cD1,1180,1.1794102948525738,0.0013309868247022702
cD1,1181,1.1804097951024488,-0.0005021415133447077
cD1,1182,1.1814092953523239,-0.0010619871779638376
cD1,1183,1.182408795602199,0.00373507054138718
cD1,1184,1.183408295852074,-0.0010433822563828336
cD1,1185,1.184407796101949,-0.00028935454373935207
cD1,1186,1.185407296351824,-0.0010896141814587062
cD1,1187,1.1864067966016991,0.0007569002513978713
cD1,1188,1.1874062968515742,-0.0025116988896305777
cD1,1189,1.1884057971014492,-0.0021256710036761917
cD1,1190,1.1894052973513243,0.008434273207679647
cD1,1191,1.1904047976011993,-0.005226916330885565
cD1,1192,1.1914042978510744,-0.0018351283653061544
cD1,1193,1.1924037981009494,0.005771624786052914
cD1,1194,1.1934032983508245,-0.003655318284726103
cD1,1195,1.1944027986006995,-0.0005965685613659951
cD1,1196,1.1954022988505746,-0.0010862490041302912
cD1,1197,1.1964017991004496,0.0021642971282180962
cD1,1198,1.1974012993503247,0.002450987746590471
cD1,1199,1.1984007996002,-0.003250317019555936
cD1,1200,1.199400299850075,0.0021578344221263816
cD1,1201,1.20039980009995,0.00013885236136732763
cD1,1202,1.2013993003498251,-0.004721563814530368
cD1,1203,1.2023988005997002,0.0047117661975348436
cD1,1204,1.2033983008495752,-0.004653372957184203
cD1,1205,1.2043978010994503,0.003438460500616257
cD1,1206,1.2053973013493253,0.002402879973900416
cD1,1207,1.2063968015992004,-0.007253659874671196
cD1,1208,1.2073963018490754,0.006672297963269612
cD1,1209,1.2083958020989505,0.006382778131294087
cD1,1210,1.2093953023488255,-0.013117431896427747
cD1,1211,1.2103948025987006,0.0016353826491104738
cD1,1212,1.2113943028485756,0.0021317651861000424
cD1,1213,1.2123938030984507,0.002872171557030973
cD1,1214,1.2133933033483257,-0.0015689544959951148
cD1,1215,1.2143928035982008,-0.001848603381316774
cD1,1216,1.2153923038480758,0.003137940632342043
cD1,1217,1.216391804097951,-0.0030116814525261134
cD1,1218,1.217391304347826,0.003663807774164361
cD1,1219,1.2183908045977012,-0.0019836464383222816
cD1,1220,1.2193903048475763,-0.005353118687922328
cD1,1221,1.2203898050974513,0.004823348492567328
cD1,1222,1.2213893053473264,0.002661729122024379
cD1,1223,1.2223888055972014,-0.0015347037091554133
cD1,1224,1.2233883058470765,0.002238821754553977
cD1,1225,1.2243878060969515,-0.007329767612223204
cD1,1226,1.2253873063468266,-0.00026281677270460725
cD1,1227,1.2263868065967016,0.007655212181143595
cD1,1228,1.2273863068465767,-5.6537799705956245e-05
cD1,1229,1.2283858070964517,-0.007744964381924501
cD1,1230,1.2293853073463268,0.00219957664512883
cD1,1231,1.2303848075962018,0.003484828824519068
cD1,1232,1.2313843078460769,0.002313877218098212
cD1,1233,1.232383808095952,-0.003134928289397182
cD1,1234,1.233383308345827,-0.004271714440799577
cD1,1235,1.234382808595702,0.000604910365151679
cD1,1236,1.235382308845577,0.004974535304451396
cD1,1237,1.2363818090954521,0.006304766921572102
cD1,1238,1.2373813093453272,-0.002638442278737276
cD1,1239,1.2383808095952022,-0.005741839638660706
cD1,1240,1.2393803098450775,-0.005708496838552611
cD1,1241,1.2403798100949526,-0.00531429022991853
cD1,1242,1.2413793103448276,0.012458300787068291
cD1,1243,1.2423788105947027,0.006718565186443998
cD1,1244,1.2433783108445777,-0.0052030535732020605
cD1,1245,1.2443778110944528,-0.004557088356548864
cD1,1246,1.2453773113443278,0.0002334426391000263
cD1,1247,1.2463768115942029,0.0002701856931507714
cD1,1248,1.247376311844078,0.0010355859139690267
cD1,1249,1.248375812093953,0.0067885331063941255
cD1,1250,1.249375312343828,-0.0031792833618091245
cD1,1251,1.250374812593703,-0.008158905091166638
cD1,1252,1.2513743128435781,0.00010906786016500261
cD1,1253,1.2523738130934532,0.005596697643995787
cD1,1254,1.2533733133433282,0.0014150329256442072
cD1,1255,1.2543728135932033,0.0011225830788915096
cD1,1256,1.2553723138430783,-0.006227326006127969
cD1,1257,1.2563718140929534,0.005758089592769538
cD1,1258,1.2573713143428284,-0.002802721694341856
cD1,1259,1.2583708145927035,-0.002253268840406139
cD1,1260,1.2593703148425788,0.002921550690615825
cD1,1261,1.2603698150924538,-0.0037904541284664098
cD1,1262,1.2613693153423289,0.0010775105367041675
cD1,1263,1.262368815592204,0.00812599222505532
cD1,1264,1.263368315842079,-0.006176644129668619
cD1,1265,1.264367816091954,-0.0032520807486639577
cD1,1266,1.265367316341829,0.005445089258883355
cD1,1267,1.2663668165917041,-0.002941887454826644
cD1,1268,1.2673663168415792,0.003028623302890006
cD1,1269,1.2683658170914542,-0.002154408326272641
cD1,1270,1.2693653173413293,-0.0035499367743524646
cD1,1271,1.2703648175912043,0.004251045166644789
cD1,1272,1.2713643178410794,-0.0011974448837812628
cD1,1273,1.2723638180909544,0.0007491326699610897
cD1,1274,1.2733633183408295,0.0005821648979499189
cD1,1275,1.2743628185907045,-0.0017005762340720001
cD1,1276,1.2753623188405796,0.001605952183451654
cD1,1277,1.2763618190904547,-0.00045364958594820096
cD1,1278,1.2773613193403297,0.000718531716757767
cD1,1279,1.2783608195902048,0.0025052917330252267
cD1,1280,1.2793603198400798,-0.0018617714370628275
cD1,1281,1.280359820089955,-0.0052093576685140865
cD1,1282,1.2813593203398301,-0.001949855879450044
cD1,1283,1.2823588205897052,0.005787542724363875
cD1,1284,1.2833583208395802,0.0049205852653011525
cD1,1285,1.2843578210894553,-0.008132124329943204
cD1,1286,1.2853573213393303,0.0020697014497997965
cD1,1287,1.2863568215892054,0.0035081004716191154
cD1,1288,1.2873563218390804,-0.006638890167677804
cD1,1289,1.2883558220889555,0.003051081969649553
cD1,1290,1.2893553223388305,0.002325681708670768
cD1,1291,1.2903548225887056,-0.00244323071307765
cD1,1292,1.2913543228385806,0.004935339794527817
cD1,1293,1.2923538230884557,-0.001451049083658229
cD1,1294,1.2933533233383308,0.0015906829763673485
cD1,1295,1.2943528235882058,-0.004284822796645858
cD1,1296,1.2953523238380809,-0.0008942833333255608
cD1,1297,1.296351824087956,-0.001450366163294095
cD1,1298,1.297351324337831,-0.001457332152376211
cD1,1299,1.298350824587706,0.0020384435381695064
cD1,1300,1.299350324837581,0.00010361707214303403
cD1,1301,1.3003498250874563,0.0036797063120519264
cD1,1302,1.3013493253373314,-4.63665902941373e-05
cD1,1303,1.3023488255872064,-0.0011986452761707476
cD1,1304,1.3033483258370815,-0.0014895561135252278
cD1,1305,1.3043478260869565,0.0037599704897074947
cD1,1306,1.3053473263368316,-0.0026678293173659174
cD1,1307,1.3063468265867066,-0.0015205988069885252
cD1,1308,1.3073463268365817,0.0009976077055782353
cD1,1309,1.3083458270864567,0.003676501951687048
cD1,1310,1.3093453273363318,-0.0006842310428942989
cD1,1311,1.3103448275862069,-0.0018751656244799409
cD1,1312,1.311344327836082,-0.004932034762968245
cD1,1313,1.312343828085957,0.0028717500449473524
cD1,1314,1.313343328335832,0.0018141907637218915
cD1,1315,1.314342828585707,-0.006091418674698588
cD1,1316,1.315342328835582,0.008658051872217777
cD1,1317,1.3163418290854572,0.0005719145848347687
cD1,1318,1.3173413293353322,-0.006628965957870718
cD1,1319,1.3183408295852073,0.004758476836148497
cD1,1320,1.3193403298350823,-0.00038225092635743845
cD1,1321,1.3203398300849576,-0.0038590823764327944
cD1,1322,1.3213393303348326,0.0012924290695195033
cD1,1323,1.3223388305847077,-2.4210737571642854e-06
cD1,1324,1.3233383308345827,0.0031878359491036502
cD1,1325,1.3243378310844578,0.0027878158020461204
cD1,1326,1.3253373313343328,-0.004623997859854444
cD1,1327,1.326336831584208,-0.0006249898940244973
cD1,1328,1.327336331834083,-0.00012190251848731917
cD1,1329,1.328335832083958,0.0009430254092938342
cD1,1330,1.329335332333833,0.00020843973749666393
cD1,1331,1.330334832583708,-0.005315811471235848
cD1,1332,1.3313343328335832,0.0041204865768290355
cD1,1333,1.3323338330834582,0.003469052470677983
cD1,1334,1.3333333333333333,-0.005033562431033794
cD1,1335,1.3343328335832083,0.005318214535284574
cD1,1336,1.3353323338330834,-0.005038680097374503
cD1,1337,1.3363318340829584,0.0016690111071031935
cD1,1338,1.3373313343328335,0.002564855837852093
cD1,1339,1.3383308345827085,-0.005526709153897242
cD1,1340,1.3393303348325836,0.004189807881742934
cD1,1341,1.3403298350824586,0.0012444228744474123
cD1,1342,1.341329335332334,-0.004453420729461219
cD1,1343,1.342328835582209,0.004819494017150957
cD1,1344,1.343328335832084,-0.00395355537469364
cD1,1345,1.344327836081959,-0.003061346642016672
cD1,1346,1.345327336331834,0.007454299460958618
cD1,1347,1.3463268365817092,-0.0008039028045411308
cD1,1348,1.3473263368315842,-0.0005389589922310963
cD1,1349,1.3483258370814593,0.000810766431109578
cD1,1350,1.3493253373313343,-0.007448309907499523
cD1,1351,1.3503248375812094,0.004783693668679123
cD1,1352,1.3513243378310844,0.0016919494045505934
cD1,1353,1.3523238380809595,-0.004097561404743325
cD1,1354,1.3533233383308345,0.004758304212224668
cD1,1355,1.3543228385807096,-0.0034009808087919428
cD1,1356,1.3553223388305846,0.001623313142838254
cD1,1357,1.3563218390804597,0.00043038690791374185
cD1,1358,1.3573213393303347,-0.0006190106267405952
cD1,1359,1.3583208395802098,-0.002746208773737784
cD1,1360,1.3593203398300848,0.0003743312089083843
cD1,1361,1.3603198400799599,0.002945757928469789
cD1,1362,1.3613193403298351,0.006314807339077784
cD1,1363,1.3623188405797102,-0.009108976784537409
cD1,1364,1.3633183408295853,-0.0034298894746077877
cD1,1365,1.3643178410794603,0.00994677759480186
cD1,1366,1.3653173413293354,-0.0033033490004056704
cD1,1367,1.3663168415792104,-0.001999744199368086
cD1,1368,1.3673163418290855,-0.00034734757759528076
cD1,1369,1.3683158420789605,-0.0005153159168260672
cD1,1370,1.3693153423288356,0.0035603100874904664
cD1,1371,1.3703148425787106,-0.0007557873069733869
cD1,1372,1.3713143428285857,-0.00504974169936196
cD1,1373,1.3723138430784607,0.0034047968574280364
cD1,1374,1.3733133433283358,0.003797325185488425
cD1,1375,1.3743128435782108,-0.003039865144396651
cD1,1376,1.3753123438280859,0.002287234717314252
cD1,1377,1.376311844077961,-0.005166607735066105
cD1,1378,1.377311344327836,-0.0009249344881874211
cD1,1379,1.378310844577711,0.00724659248677355
cD1,1380,1.379310344827586,-0.0009819572252133895
cD1,1381,1.3803098450774611,-0.003287272557402752
cD1,1382,1.3813093453273362,-0.0025185944423214797
cD1,1383,1.3823088455772115,0.0004018289728476153
cD1,1384,1.3833083458270865,0.001898667547597427
cD1,1385,1.3843078460769616,0.005566168987679863
cD1,1386,1.3853073463268366,-0.0055891415635581174
cD1,1387,1.3863068465767117,0.0043348983672605625
cD1,1388,1.3873063468265867,-0.0062390176858765495
cD1,1389,1.3883058470764618,0.0005285758378482756
cD1,1390,1.3893053473263368,0.0036724530237453694
cD1,1391,1.3903048475762119,-0.004034882383415767
cD1,1392,1.391304347826087,0.00789918507383667
cD1,1393,1.392303848075962,-0.008626198776442382
cD1,1394,1.393303348325837,0.0019123601874122004
cD1,1395,1.394302848575712,0.00397346718367376
cD1,1396,1.3953023488255871,-0.001519184077237481
cD1,1397,1.3963018490754622,-0.0014065764196699246
cD1,1398,1.3973013493253372,-0.0003024764937131888
cD1,1399,1.3983008495752123,-0.002880418689219994
cD1,1400,1.3993003498250873,0.0028053738280725566
cD1,1401,1.4002998500749624,0.004313199219071437
cD1,1402,1.4012993503248374,-0.007000643835947631
cD1,1403,1.4022988505747127,0.006839239677134437
cD1,1404,1.4032983508245878,0.0013041335911580317
cD1,1405,1.4042978510744628,-0.006102193609145614
cD1,1406,1.4052973513243379,-0.0008607845154155618
cD1,1407,1.406296851574213,-0.0017985791658704682
cD1,1408,1.407296351824088,0.0045337353307026
cD1,1409,1.408295852073963,0.002349517820912091
cD1,1410,1.409295352323838,-0.0020644848570062664
cD1,1411,1.4102948525737131,-0.0035602674052160775
cD1,1412,1.4112943528235882,0.0013361311251446832
cD1,1413,1.4122938530734632,0.001868738593611935
cD1,1414,1.4132933533233383,0.00153978892316071
cD1,1415,1.4142928535732133,-0.0014359232135250609
cD1,1416,1.4152923538230884,7.805404786948497e-05
cD1,1417,1.4162918540729634,0.0038790897327460744
cD1,1418,1.4172913543228385,-0.007092778684814734
cD1,1419,1.4182908545727135,-0.0031286805388193286
cD1,1420,1.4192903548225886,0.0050257436163595745
cD1,1421,1.4202898550724636,0.004344614218258641
cD1,1422,1.4212893553223387,0.0007240121090525795
cD1,1423,1.4222888555722137,-0.006527294634421567
cD1,1424,1.423288355822089,0.000288324243604927
cD1,1425,1.424287856071964,0.00012940259160543156
cD1,1426,1.4252873563218391,0.0006636046067235151
cD1,1427,1.4262868565717142,0.0038908884093779117
cD1,1428,1.4272863568215892,-0.005211212199877793
cD1,1429,1.4282858570714643,0.0026584016028060146
cD1,1430,1.4292853573213393,-0.0028181192180168585
cD1,1431,1.4302848575712144,0.0034958764606478464
cD1,1432,1.4312843578210894,0.004740613142454268
cD1,1433,1.4322838580709645,-0.006801430610897912
cD1,1434,1.4332833583208395,0.005148580941764115
cD1,1435,1.4342828585707146,-0.005652698709865331
cD1,1436,1.4352823588205896,-0.002895532977869872
cD1,1437,1.4362818590704647,0.002905796234309509
cD1,1438,1.4372813593203397,0.0018391473459947317
cD1,1439,1.4382808595702148,0.0025960998575557497
cD1,1440,1.4392803598200898,-0.0021796169634747324
cD1,1441,1.440279860069965,-0.0032687755042702738
cD1,1442,1.44127936031984,0.003149388522615792
cD1,1443,1.442278860569715,-0.0032510775687128878
cD1,1444,1.4432783608195903,0.006818460446043216
cD1,1445,1.4442778610694653,0.007391556396115359
cD1,1446,1.4452773613193404,-0.026971789240584805
cD1,1447,1.4462768615692154,0.007066686428593751
cD1,1448,1.4472763618190905,0.025548789600550702
cD1,1449,1.4482758620689655,-0.015273901920693247
cD1,1450,1.4492753623188406,-0.008537202032363234
cD1,1451,1.4502748625687156,-0.003624563614099745
cD1,1452,1.4512743628185907,0.01067691721284528
cD1,1453,1.4522738630684657,0.010246639616256666
cD1,1454,1.4532733633183408,-0.012347914760976101
cD1,1455,1.4542728635682158,-0.0029209661086051514
cD1,1456,1.4552723638180909,0.015431222986488805
cD1,1457,1.456271864067966,-0.015392321101565533
cD1,1458,1.457271364317841,-0.000152676568783318
cD1,1459,1.458270864567716,0.013608614499909168
cD1,1460,1.459270364817591,-0.012889954259894074
cD1,1461,1.4602698650674661,0.003947981506772872
cD1,1462,1.4612693653173412,0.011718933316904021
cD1,1463,1.4622688655672162,-0.013422348802382415
cD1,1464,1.4632683658170913,-0.008813774898221802
cD1,1465,1.4642678660669666,0.0029527192945738613
cD1,1466,1.4652673663168416,0.011802574392481419
cD1,1467,1.4662668665667167,0.006048704697857767
cD1,1468,1.4672663668165917,-0.005231371938980661
cD1,1469,1.4682658670664668,-0.013772545642983788
cD1,1470,1.4692653673163418,-0.005959100634612703
cD1,1471,1.4702648675662169,0.015508344037129545
cD1,1472,1.471264367816092,0.002612371274457589
cD1,1473,1.472263868065967,-0.0019407533695163862
cD1,1474,1.473263368315842,0.0027383480925951484
cD1,1475,1.474262868565717,-0.006403494902694169
cD1,1476,1.4752623688155921,0.00527211349129713
cD1,1477,1.4762618690654672,-0.0009448071664516847
cD1,1478,1.4772613693153422,0.0012681363980233326
cD1,1479,1.4782608695652173,-0.0053419293897968845
cD1,1480,1.4792603698150923,-0.0016487143148449061
cD1,1481,1.4802598700649674,0.011075490950537944
cD1,1482,1.4812593703148424,-0.006607737757011874
cD1,1483,1.4822588705647175,-0.004707976929696318
cD1,1484,1.4832583708145926,0.00019774103706919188
cD1,1485,1.4842578710644678,-0.0008407786026963702
cD1,1486,1.4852573713143429,0.005608598628131269
cD1,1487,1.486256871564218,0.004878270327470939
cD1,1488,1.487256371814093,-0.010528023109956522
cD1,1489,1.488255872063968,0.003915928770851011
cD1,1490,1.489255372313843,0.0051406136739754705
cD1,1491,1.4902548725637181,-0.0009322689928194677
cD1,1492,1.4912543728135932,0.0022179257211371196
cD1,1493,1.4922538730634682,-0.012714708628944539
cD1,1494,1.4932533733133433,9.389042051521738e-05
cD1,1495,1.4942528735632183,0.011121852685776323
cD1,1496,1.4952523738130934,-0.0053654708946175005
cD1,1497,1.4962518740629684,0.0026507460011850163
cD1,1498,1.4972513743128435,-0.00035186787259342163
cD1,1499,1.4982508745627185,-0.007538866758942349
cD1,1500,1.4992503748125936,0.00665403343782683
cD1,1501,1.5002498750624687,-0.00040898211510100556
cD1,1502,1.5012493753123437,0.00035600367012104657
cD1,1503,1.5022488755622188,0.005725341141631794
cD1,1504,1.5032483758120938,-0.006811280384339367
cD1,1505,1.5042478760619689,0.0029413470473562933
cD1,1506,1.5052473763118441,0.0016285411235577936
cD1,1507,1.5062468765617192,-0.01038638895900104
cD1,1508,1.5072463768115942,0.0023917500002125416
cD1,1509,1.5082458770614693,0.006741499458263957
cD1,1510,1.5092453773113443,-0.004894043413427699
cD1,1511,1.5102448775612194,0.004720745123368295
cD1,1512,1.5112443778110944,0.0035606402234085845
cD1,1513,1.5122438780609695,-0.008208140133347919
cD1,1514,1.5132433783108445,-0.0016013015518923572
cD1,1515,1.5142428785607196,0.0023911094206414004
cD1,1516,1.5152423788105946,0.0019455293032378407
cD1,1517,1.5162418790604697,0.0008588158816727996
cD1,1518,1.5172413793103448,0.00019064730261298193
cD1,1519,1.5182408795602198,0.0007427008141147537
cD1,1520,1.5192403798100949,-0.0044750566718832225
cD1,1521,1.52023988005997,-0.0012042378802188895
cD1,1522,1.521239380309845,0.004852463758806911
cD1,1523,1.52223888055972,-0.0019421959567648183
cD1,1524,1.523238380809595,0.005643737173318608
cD1,1525,1.5242378810594701,-0.004329301372469152
cD1,1526,1.5252373813093454,-0.004097442487233426
cD1,1527,1.5262368815592204,0.003597372316286583
cD1,1528,1.5272363818090955,-0.00019711574650156443
cD1,1529,1.5282358820589705,-0.0002278318847656715
cD1,1530,1.5292353823088456,-0.0005819915951674909
cD1,1531,1.5302348825587206,-4.0186221508993817e-05
cD1,1532,1.5312343828085957,0.004533034318995972
cD1,1533,1.5322338830584707,-0.004153920418035596
cD1,1534,1.5332333833083458,-0.002897384500975877
cD1,1535,1.5342328835582209,0.001591202432890522
cD1,1536,1.535232383808096,0.001929974552859216
cD1,1537,1.536231884057971,0.005092860350356416
cD1,1538,1.537231384307846,-0.0019504989994473683
cD1,1539,1.538230884557721,-0.009171632679057965
cD1,1540,1.539230384807596,0.006667490071542135
cD1,1541,1.5402298850574712,0.002853380350100831
cD1,1542,1.5412293853073462,-0.008586594158877907
cD1,1543,1.5422288855572213,0.00520992247201417
cD1,1544,1.5432283858070963,0.0007920819038611578
cD1,1545,1.5442278860569714,-0.0046256173882650185
cD1,1546,1.5452273863068464,0.005553700389045931
cD1,1547,1.5462268865567217,-0.0006152062445391442
cD1,1548,1.5472263868065967,-4.714876551171598e-05
cD1,1549,1.5482258870564718,-0.0021275079613536467
cD1,1550,1.5492253873063468,-0.002894159463900243
cD1,1551,1.550224887556222,0.004824755752394398
cD1,1552,1.551224387806097,-0.0008553539755987681
cD1,1553,1.552223888055972,0.0020135791454118607
cD1,1554,1.553223388305847,-0.003152114401391148
cD1,1555,1.554222888555722,-0.0011339691707372653
cD1,1556,1.5552223888055972,0.002627430358516152
cD1,1557,1.5562218890554722,-0.0020030582281981325
cD1,1558,1.5572213893053473,0.0016549842026726798
cD1,1559,1.5582208895552223,0.0003478796244221552
cD1,1560,1.5592203898050974,-0.0013648049744439594
cD1,1561,1.5602198900549724,0.003476954987509299
cD1,1562,1.5612193903048475,-0.0011656157511713032
cD1,1563,1.5622188905547225,-0.0055866484160262304
cD1,1564,1.5632183908045976,0.005390770934573266
cD1,1565,1.5642178910544726,-0.0010946862653932105
cD1,1566,1.5652173913043477,-0.00040274253303769665
cD1,1567,1.566216891554223,0.0016398380544299321
cD1,1568,1.567216391804098,-0.0014944694823259812
cD1,1569,1.568215892053973,-0.0030917318299372213
cD1,1570,1.569215392303848,0.0006599264780035402
cD1,1571,1.5702148925537232,0.005785613600305989
cD1,1572,1.5712143928035982,-0.004387362773122973
cD1,1573,1.5722138930534733,-0.00031056055267031173
cD1,1574,1.5732133933033483,0.0053211747894790435
cD1,1575,1.5742128935532234,-0.006501915093638006
cD1,1576,1.5752123938030984,0.0010221215374712767
cD1,1577,1.5762118940529735,0.0052105828391708926
cD1,1578,1.5772113943028485,-0.006826449666417914
cD1,1579,1.5782108945527236,0.0029113590104263717
cD1,1580,1.5792103948025986,0.0030523155592810164
cD1,1581,1.5802098950524737,-0.0040663286536404535
cD1,1582,1.5812093953023487,-0.0008502593370906548
cD1,1583,1.5822088955522238,0.0052714605051166685
cD1,1584,1.5832083958020988,-0.0022154376135761285
cD1,1585,1.5842078960519739,-0.0023969925361951136
cD1,1586,1.585207396301849,-0.0011924663086249395
cD1,1587,1.586206896551724,0.003314564642838232
cD1,1588,1.5872063968015993,9.430837100481843e-05
cD1,1589,1.5882058970514743,-0.0033424516376679963
cD1,1590,1.5892053973013494,0.003139247793712903
cD1,1591,1.5902048975512244,-0.001074486868640962
cD1,1592,1.5912043978010995,0.00046213143445178944
cD1,1593,1.5922038980509745,0.003188319041123599
cD1,1594,1.5932033983008496,-0.004297500693579708
cD1,1595,1.5942028985507246,0.0006146451775990307
cD1,1596,1.5952023988005997,-0.000431363450732239
cD1,1597,1.5962018990504747,0.0016862701050619309
cD1,1598,1.5972013993003498,0.0010518880545592108
cD1,1599,1.5982008995502248,-0.002090483567537703
cD1,1600,1.5992003998000999,-0.004449390734762519
cD1,1601,1.600199900049975,0.0024174144191380963
cD1,1602,1.60119940029985,0.007691460494210885
cD1,1603,1.602198900549725,-0.0027671048965553506
cD1,1604,1.6031984007996,-0.004344507807536651
cD1,1605,1.6041979010494751,-0.0008209889637938068
cD1,1606,1.6051974012993502,0.0032567783267324316
cD1,1607,1.6061969015492252,-0.0032711702955664944
cD1,1608,1.6071964017991005,0.0006097671398121725
cD1,1609,1.6081959020489756,0.007188135840348116
cD1,1610,1.6091954022988506,-0.006892661638651784
cD1,1611,1.6101949025487257,0.00601829936831046
cD1,1612,1.6111944027986007,-0.0040319538178422345
cD1,1613,1.6121939030484758,-0.003993444960524167
cD1,1614,1.6131934032983508,0.002696877148682684
cD1,1615,1.6141929035482259,0.003264829390068136
cD1,1616,1.615192403798101,-0.0038402067920746182
cD1,1617,1.616191904047976,-0.00016101209438851467
cD1,1618,1.617191404297851,0.0035026204062486746
cD1,1619,1.618190904547726,-0.004500160097806774
cD1,1620,1.6191904047976011,0.004817839572083195
cD1,1621,1.6201899050474762,-0.0007188209199475277
cD1,1622,1.6211894052973512,-0.00547969554835569
cD1,1623,1.6221889055472263,0.005677276511949753
cD1,1624,1.6231884057971013,0.0001691112227763257
cD1,1625,1.6241879060469764,-0.002636380786153594
cD1,1626,1.6251874062968514,0.000535763849709913
cD1,1627,1.6261869065467265,0.002302519788539045
cD1,1628,1.6271864067966015,-0.0032433746244641473
cD1,1629,1.6281859070464768,0.0007627502426641283
cD1,1630,1.6291854072963519,0.0024771651431755503
cD1,1631,1.630184907546227,-0.006106063348382349
cD1,1632,1.631184407796102,0.005348696922737277
cD1,1633,1.632183908045977,-0.0013521173234114937
cD1,1634,1.633183408295852,-0.00023807719444575583
cD1,1635,1.6341829085457271,0.002768822847993666
cD1,1636,1.6351824087956022,-0.003920601476245395
cD1,1637,1.6361819090454772,0.003288895347078628
cD1,1638,1.6371814092953523,-0.0038945438332806293
cD1,1639,1.6381809095452273,0.0003432615558134764
cD1,1640,1.6391804097951024,0.0038633238341966463
cD1,1641,1.6401799100449774,-0.004329880054064357
cD1,1642,1.6411794102948525,0.0029274096518960902
cD1,1643,1.6421789105447275,0.002157787778485583
cD1,1644,1.6431784107946026,-0.004125750066339216
cD1,1645,1.6441779110444776,0.0004037716979286795
cD1,1646,1.6451774112943527,0.0006608066873403447
cD1,1647,1.6461769115442277,0.001739371330191346
cD1,1648,1.6471764117941028,0.0010551829456420892
cD1,1649,1.648175912043978,-0.004167411842793783
cD1,1650,1.6491754122938531,-0.0016234820175547952
cD1,1651,1.6501749125437282,0.003333346953057346
cD1,1652,1.6511744127936032,-0.00012447077088858583
cD1,1653,1.6521739130434783,-0.0013280882136315981
cD1,1654,1.6531734132933533,0.005596786235367771
cD1,1655,1.6541729135432284,-0.002589113147450574
cD1,1656,1.6551724137931034,-0.006595635227734113
cD1,1657,1.6561719140429785,0.003986599123253729
cD1,1658,1.6571714142928535,0.007306149822647396
cD1,1659,1.6581709145427286,-0.007953661443426964
cD1,1660,1.6591704147926036,-0.0028708482074054032
cD1,1661,1.6601699150424787,0.002002545731037671
cD1,1662,1.6611694152923537,0.001534894391424999
cD1,1663,1.6621689155422288,0.008086805029319527
cD1,1664,1.6631684157921038,-0.005373064352207781
cD1,1665,1.664167916041979,-0.0043435641368014255
cD1,1666,1.665167416291854,0.0017559032563004783
cD1,1667,1.666166916541729,-0.0009467281611282958
cD1,1668,1.667166416791604,0.0038085628295571813
cD1,1669,1.668165917041479,-0.0029030031980170137
cD1,1670,1.6691654172913544,-0.002662775460194208
cD1,1671,1.6701649175412294,0.006311953163610303
cD1,1672,1.6711644177911045,-0.0023863577933757006
cD1,1673,1.6721639180409795,-0.0002133269542942452
cD1,1674,1.6731634182908546,-0.0011204193889837884
cD1,1675,1.6741629185407296,0.0004873879264289246
cD1,1676,1.6751624187906047,0.001445084124336073
cD1,1677,1.6761619190404797,-0.0011208401466247392
cD1,1678,1.6771614192903548,-0.0010431709008770058
cD1,1679,1.6781609195402298,0.0007542055837431976
cD1,1680,1.6791604197901049,0.0035112722794424056
cD1,1681,1.68015992003998,-0.0008124855377829022
cD1,1682,1.681159420289855,-0.007637364869010182
cD1,1683,1.68215892053973,0.003135229196182895
cD1,1684,1.683158420789605,0.005084767332729131
cD1,1685,1.6841579210394801,-0.0026485827861815834
cD1,1686,1.6851574212893552,0.0018728323735339044
cD1,1687,1.6861569215392302,-0.0018908603501363293
cD1,1688,1.6871564217891053,-0.002959244292736734
cD1,1689,1.6881559220389803,0.0024141433460270626
cD1,1690,1.6891554222888556,0.0018897356519811733
cD1,1691,1.6901549225387307,-0.005189745312447149
cD1,1692,1.6911544227886057,0.0033375461734509583
cD1,1693,1.6921539230384808,0.001726995193492147
cD1,1694,1.6931534232883558,-0.00039820867404829954
cD1,1695,1.6941529235382309,-0.0007756575170806542
cD1,1696,1.695152423788106,0.0005061356671632608
cD1,1697,1.696151924037981,-0.0006495600740516192
cD1,1698,1.697151424287856,-0.003316572331219421
cD1,1699,1.698150924537731,0.004750105686992826
cD1,1700,1.6991504247876061,-0.00030115726468100674
cD1,1701,1.7001499250374812,-0.0011645554638365777
cD1,1702,1.7011494252873562,-3.061107646729533e-05
cD1,1703,1.7021489255372313,-0.0008364024893691389
cD1,1704,1.7031484257871063,5.6587598920341793e-05
cD1,1705,1.7041479260369814,0.001545773946353135
cD1,1706,1.7051474262868564,-0.0036053399509706346
cD1,1707,1.7061469265367315,0.0034950008647697244
cD1,1708,1.7071464267866066,0.0024441990192267636
cD1,1709,1.7081459270364816,-0.007183405512039811
cD1,1710,1.7091454272863567,0.005910092453598658
cD1,1711,1.710144927536232,-0.002488114773925084
cD1,1712,1.711144427786107,0.0009217160957999651
cD1,1713,1.712143928035982,0.0022946756657522276
cD1,1714,1.713143428285857,-0.004478477099010907
cD1,1715,1.7141429285357321,0.0008294479255433742
cD1,1716,1.7151424287856072,-0.0007110945150335384
cD1,1717,1.7161419290354822,0.002044816608210447
cD1,1718,1.7171414292853573,0.0026622995090221802
cD1,1719,1.7181409295352323,-0.003011298704391373
cD1,1720,1.7191404297851074,-0.0017245965530862408
cD1,1721,1.7201399300349824,0.0024674046398669145
cD1,1722,1.7211394302848575,-0.001491190671677242
cD1,1723,1.7221389305347325,-0.00020469019525308897
cD1,1724,1.7231384307846076,0.0028436909770690197
cD1,1725,1.7241379310344827,-0.003984677774296667
cD1,1726,1.7251374312843577,0.003916468094346971
cD1,1727,1.7261369315342328,0.0015543927511736035
cD1,1728,1.7271364317841078,-0.007347249211617859
cD1,1729,1.7281359320339829,0.0027564510706204275
cD1,1730,1.729135432283858,0.0036672972807493434
cD1,1731,1.7301349325337332,-0.0038107549638854146
cD1,1732,1.7311344327836082,0.0011541779280761634
cD1,1733,1.7321339330334833,-6.1991812000052e-05
cD1,1734,1.7331334332833583,0.0005395364048350059
cD1,1735,1.7341329335332334,0.001795404368386552
cD1,1736,1.7351324337831084,-0.001130871637119872
cD1,1737,1.7361319340329835,-0.003171670178173903
cD1,1738,1.7371314342828585,0.0007232026350571558
cD1,1739,1.7381309345327336,0.0017666022875915302
cD1,1740,1.7391304347826086,0.002314472246426942
cD1,1741,1.7401299350324837,-0.00249735966528284
cD1,1742,1.7411294352823588,-0.0022114645131674103
cD1,1743,1.7421289355322338,-0.00010660276400623408
cD1,1744,1.7431284357821089,0.002422062134155593
cD1,1745,1.744127936031984,0.001042163373313425
cD1,1746,1.745127436281859,0.0029517819437174047
cD1,1747,1.746126936531734,-0.002573725524812893
cD1,1748,1.747126436781609,-0.00606276553512973
cD1,1749,1.7481259370314841,0.0028626553475076763
cD1,1750,1.7491254372813592,0.002362130029405043
cD1,1751,1.7501249375312342,-0.0007569018190432366
cD1,1752,1.7511244377811095,0.0020809902936228582
cD1,1753,1.7521239380309845,-0.002802197415419571
cD1,1754,1.7531234382808596,-0.000563729697233084
cD1,1755,1.7541229385307346,0.0005710018934693166
cD1,1756,1.7551224387806097,0.0016897569136760833
cD1,1757,1.7561219390304847,0.0019665593433828093
cD1,1758,1.7571214392803598,-0.004747067604038534
cD1,1759,1.7581209395302348,0.0014544027338405617
cD1,1760,1.75912043978011,0.0006067728401338809
cD1,1761,1.760119940029985,-0.0025777939582821647
cD1,1762,1.76111944027986,0.003848995662575969
cD1,1763,1.762118940529735,-0.0015963995064124188
cD1,1764,1.76311844077961,0.0018298653637212096
cD1,1765,1.7641179410294852,-0.0011692824148565577
cD1,1766,1.7651174412793602,-0.005165085960981649
cD1,1767,1.7661169415292353,0.003805543570298025
cD1,1768,1.7671164417791103,0.003204065542113047
cD1,1769,1.7681159420289854,0.0008521634256622135
cD1,1770,1.7691154422788604,-0.0015900336330425058
cD1,1771,1.7701149425287355,-0.005578429701630801
cD1,1772,1.7711144427786107,0.003131858653396225
cD1,1773,1.7721139430284858,0.000498187814794071
cD1,1774,1.7731134432783608,-0.0012690249126236697
cD1,1775,1.774112943528236,0.00484438913122931
cD1,1776,1.775112443778111,-0.003986988215816967
cD1,1777,1.776111944027986,0.0016402228667430545
cD1,1778,1.777111444277861,-0.0037698390587813982
cD1,1779,1.778110944527736,0.003683016025522768
cD1,1780,1.7791104447776112,0.0008451504879371974
cD1,1781,1.7801099450274862,-0.006976460763916435
cD1,1782,1.7811094452773613,0.009752630268230861
cD1,1783,1.7821089455272363,-0.004368112735505259
cD1,1784,1.7831084457771114,0.0005083791736808262
cD1,1785,1.7841079460269864,0.00047954074532207693
cD1,1786,1.7851074462768615,-0.0042594269101806454
cD1,1787,1.7861069465267365,0.0015220246845802999
cD1,1788,1.7871064467766116,0.0030766304413933124
cD1,1789,1.7881059470264866,-0.002345517543580157
cD1,1790,1.7891054472763617,0.0036899875336114446
cD1,1791,1.7901049475262367,-0.002478913233859418
cD1,1792,1.791104447776112,-0.003262765369178648
cD1,1793,1.792103948025987,0.0057065022750021205
cD1,1794,1.793103448275862,-0.004139024105550613
cD1,1795,1.7941029485257372,0.0008722187087247565
cD1,1796,1.7951024487756122,0.0021461374694447984
cD1,1797,1.7961019490254873,-0.002587471765265027
cD1,1798,1.7971014492753623,0.0024756158609781573
cD1,1799,1.7981009495252374,-0.0016468029387635276
cD1,1800,1.7991004497751124,-0.0037120980295751987
cD1,1801,1.8000999500249875,0.005035267123997971
cD1,1802,1.8010994502748625,0.0011540185991801611
cD1,1803,1.8020989505247376,-0.007233498263175585
cD1,1804,1.8030984507746126,0.0038794708356161087
cD1,1805,1.8040979510244877,0.006409974831566252
cD1,1806,1.8050974512743627,-0.008379949014870575
cD1,1807,1.8060969515242378,0.004825246317789645
cD1,1808,1.8070964517741128,-0.0005387592307821687
cD1,1809,1.8080959520239879,-0.003093357080976283
cD1,1810,1.809095452273863,0.0039553113658072105
cD1,1811,1.810094952523738,-0.0016473181663652359
cD1,1812,1.811094452773613,-0.0042143947046797805
cD1,1813,1.8120939530234883,0.004005464141212976
cD1,1814,1.8130934532733634,-0.0016435677733520385
cD1,1815,1.8140929535232384,0.0027394138455950046
cD1,1816,1.8150924537731135,0.0006565589230591081
cD1,1817,1.8160919540229885,-0.0010626923514984836
cD1,1818,1.8170914542728636,-0.0026200766899550794
cD1,1819,1.8180909545227386,0.00023480509789220545
cD1,1820,1.8190904547726137,0.0018825674195294315
cD1,1821,1.8200899550224887,-0.002020536708243311
cD1,1822,1.8210894552723638,0.0023565435969709566
cD1,1823,1.8220889555222388,0.00045984547159385594
cD1,1824,1.8230884557721139,-0.00348318521842934
cD1,1825,1.824087956021989,0.003876128263030771
cD1,1826,1.825087456271864,-0.0017020216317808429
cD1,1827,1.826086956521739,0.00024814599923185103
cD1,1828,1.827086456771614,-0.0021115173101752967
cD1,1829,1.8280859570214891,0.0007472848868005208
cD1,1830,1.8290854572713642,0.006660851756354454
cD1,1831,1.8300849575212392,-0.007324851969309319
cD1,1832,1.8310844577711143,-0.0018105446536596662
cD1,1833,1.8320839580209896,0.006074284263494251
cD1,1834,1.8330834582708646,-0.004249814992241213
cD1,1835,1.8340829585207397,0.0019468596076276667
cD1,1836,1.8350824587706147,-0.0002876550697657647
cD1,1837,1.8360819590204898,-0.0016729132458563217
cD1,1838,1.8370814592703648,0.0047569947699886515
cD1,1839,1.8380809595202399,-0.0013420843103410648
cD1,1840,1.839080459770115,-0.0029034503702965336
cD1,1841,1.84007996001999,-0.00023453253043480195
cD1,1842,1.841079460269865,-0.0007643444863473597
cD1,1843,1.84207896051974,0.00353851560003453
cD1,1844,1.8430784607696151,0.005582741909338626
cD1,1845,1.8440779610194902,-0.008787541402669356
cD1,1846,1.8450774612693652,-0.0005998123047268392
cD1,1847,1.8460769615192403,0.0018279020507736984
cD1,1848,1.8470764617691153,-0.0013288712508100113
cD1,1849,1.8480759620189904,0.004169442915161897
cD1,1850,1.8490754622688654,-0.0021479025282202164
cD1,1851,1.8500749625187405,-0.0006503048280670802
cD1,1852,1.8510744627686155,0.001770327873099393
cD1,1853,1.8520739630184906,-0.0017952921630496293
cD1,1854,1.8530734632683659,-0.00013410364822511996
cD1,1855,1.854072963518241,-0.0003065666980502184
cD1,1856,1.855072463768116,0.002540148307274773
cD1,1857,1.856071964017991,0.0002246166696235161
cD1,1858,1.857071464267866,-0.004326958343718641
cD1,1859,1.8580709645177411,0.005010305506940676
cD1,1860,1.8590704647676162,-0.0015510139389919985
cD1,1861,1.8600699650174912,-0.004782362752143918
cD1,1862,1.8610694652673663,0.008607098394519015
cD1,1863,1.8620689655172413,-0.005151224881578574
cD1,1864,1.8630684657671164,-0.004951482920034438
cD1,1865,1.8640679660169914,0.007656191373583726
cD1,1866,1.8650674662668665,0.00203852105897778
cD1,1867,1.8660669665167415,-0.005935400541591125
cD1,1868,1.8670664667666166,0.0011872139954592572
cD1,1869,1.8680659670164916,0.000610583182042672
cD1,1870,1.8690654672663667,-0.0020883981834895803
cD1,1871,1.8700649675162417,0.00337438191850423
cD1,1872,1.8710644677661168,-0.0001223401726143805
cD1,1873,1.8720639680159918,-0.0016226651533438365
cD1,1874,1.8730634682658671,-0.0018411998273860956
cD1,1875,1.8740629685157422,-0.0010773964959345406
cD1,1876,1.8750624687656172,0.009809390073155642
cD1,1877,1.8760619690154923,-0.007337200727274019
cD1,1878,1.8770614692653673,-0.0016590450805978106
cD1,1879,1.8780609695152424,0.0059200741087370515
cD1,1880,1.8790604697651174,-0.006331233978860525
cD1,1881,1.8800599700149925,0.004047323813350403
cD1,1882,1.8810594702648675,0.0006557709113189678
cD1,1883,1.8820589705147426,-0.005354837845063474
cD1,1884,1.8830584707646176,0.0056795121602570275
cD1,1885,1.8840579710144927,-0.000934362809312688
cD1,1886,1.8850574712643677,-0.003166550173286136
cD1,1887,1.8860569715142428,0.0028701598047809166
cD1,1888,1.8870564717641178,-0.000988728201431588
cD1,1889,1.888055972013993,-0.0007911603839317227
cD1,1890,1.889055472263868,0.0006974072619993043
cD1,1891,1.890054972513743,0.0033801849187705176
cD1,1892,1.891054472763618,-0.006161487500866489
cD1,1893,1.892053973013493,0.0015293393295562885
cD1,1894,1.8930534732633681,0.003791429427190002
cD1,1895,1.8940529735132434,-0.0030744240860905376
cD1,1896,1.8950524737631185,0.0007713078342488727
cD1,1897,1.8960519740129935,0.001344274992780729
cD1,1898,1.8970514742628686,-0.004226588867845159
cD1,1899,1.8980509745127436,0.0036385177972386284
cD1,1900,1.8990504747626187,0.00023606610622292157
cD1,1901,1.9000499750124937,-0.0024901280752103656
cD1,1902,1.9010494752623688,0.0012353418142266794
cD1,1903,1.9020489755122438,0.0030729385014533718
cD1,1904,1.9030484757621189,-0.0025552365837985262
cD1,1905,1.904047976011994,-0.0004548666877701817
cD1,1906,1.905047476261869,-0.0005186372431135051
cD1,1907,1.906046976511744,-0.0025535912179236895
cD1,1908,1.907046476761619,0.006486451876255969
cD1,1909,1.9080459770114941,-0.004151533819591548
cD1,1910,1.9090454772613692,-0.0008953038908788109
cD1,1911,1.9100449775112442,0.006614812950949963
cD1,1912,1.9110444777611193,-0.006232720950260656
cD1,1913,1.9120439780109943,-0.0034966099129124257
cD1,1914,1.9130434782608694,0.00408654048523695
cD1,1915,1.9140429785107447,0.0034398397756972366
cD1,1916,1.9150424787606197,0.0008477173083272708
cD1,1917,1.9160419790104948,-0.006303103726272243
cD1,1918,1.9170414792603698,0.005542804076348832
cD1,1919,1.9180409795102449,-0.003576998634106345
cD1,1920,1.91904047976012,-0.0019858878751549494
cD1,1921,1.920039980009995,0.003978322167445676
cD1,1922,1.92103948025987,-0.0020289022115731704
cD1,1923,1.922038980509745,0.0020458388707978933
cD1,1924,1.9230384807596201,0.003023254110744175
cD1,1925,1.9240379810094952,-0.006098561867401739
cD1,1926,1.9250374812593702,0.0011188756435736584
cD1,1927,1.9260369815092453,-0.0015839979965922677
cD1,1928,1.9270364817591203,0.002181484710778163
cD1,1929,1.9280359820089954,0.0010474536752177915
cD1,1930,1.9290354822588704,-0.0027831227118286584
cD1,1931,1.9300349825087455,0.0033692787733322817
cD1,1932,1.9310344827586206,0.002117158251008346
cD1,1933,1.9320339830084956,-0.004424326755394636
cD1,1934,1.9330334832583707,-0.0012402064433644974
cD1,1935,1.9340329835082457,0.0014519177540586862
cD1,1936,1.935032483758121,0.0026304262694935186
cD1,1937,1.936031984007996,-0.0005980821327851967
cD1,1938,1.937031484257871,-0.0013388715603381938
cD1,1939,1.9380309845077461,-0.00013807268550662102
cD1,1940,1.9390304847576212,-0.00017752103875308227
cD1,1941,1.9400299850074962,-0.0034091748436661314
cD1,1942,1.9410294852573713,0.0014210115275856221
cD1,1943,1.9420289855072463,0.004073599110262228
cD1,1944,1.9430284857571214,0.0007071392082319003
cD1,1945,1.9440279860069964,-0.002207273997844753
cD1,1946,1.9450274862568715,-0.0004687581420019134
cD1,1947,1.9460269865067465,-0.0009168339218350047
cD1,1948,1.9470264867566216,-5.059029615295642e-05
cD1,1949,1.9480259870064967,0.005852874237830395
cD1,1950,1.9490254872563717,-0.0042417375121120825
cD1,1951,1.9500249875062468,-0.0029682634902893777
cD1,1952,1.9510244877561218,0.003446274136117739
cD1,1953,1.9520239880059969,-0.0030239355537128097
cD1,1954,1.953023488255872,0.00215261199729983
cD1,1955,1.954022988505747,0.0017514874276083462
cD1,1956,1.9550224887556222,-0.0015022459932151017
cD1,1957,1.9560219890054973,-0.004374507242136838
cD1,1958,1.9570214892553723,0.0025007316199433887
cD1,1959,1.9580209895052474,0.006728473305627979
cD1,1960,1.9590204897551224,-0.0056519084310320475
cD1,1961,1.9600199900049975,-0.0020859744542627108
cD1,1962,1.9610194902548725,0.004851304883520414
cD1,1963,1.9620189905047476,-0.001022439158760608
cD1,1964,1.9630184907546226,-0.0021519571861568308
cD1,1965,1.9640179910044977,0.001225792183721557
cD1,1966,1.9650174912543728,-0.0009831138044876105
cD1,1967,1.9660169915042478,-9.199722311268189e-06
cD1,1968,1.9670164917541229,0.0024307183487461497
cD1,1969,1.968015992003998,-0.0028722574608139135
cD1,1970,1.969015492253873,-0.0017860341614848849
cD1,1971,1.970014992503748,0.0046616887868371395
cD1,1972,1.971014492753623,-0.0034195179625980472
cD1,1973,1.9720139930034981,0.0028548957400635986
cD1,1974,1.9730134932533732,0.001717512790035375
cD1,1975,1.9740129935032482,-0.005426285079216155
cD1,1976,1.9750124937531233,0.0034958949549720782
cD1,1977,1.9760119940029985,-0.00042019350353828596
cD1,1978,1.9770114942528736,-0.0014194940970050935
cD1,1979,1.9780109945027486,0.0022021164134555897
cD1,1980,1.9790104947526237,-0.004379242765801102
cD1,1981,1.9800099950024987,0.004417007978703035
cD1,1982,1.9810094952523738,-0.0005816151690645917
cD1,1983,1.9820089955022488,-0.0015773303282761953
cD1,1984,1.983008495752124,0.002447430656009306
cD1,1985,1.984007996001999,-0.0031794205879488065
cD1,1986,1.985007496251874,0.00031540593491056617
cD1,1987,1.986006996501749,-0.0013523025823473963
cD1,1988,1.987006496751624,0.004753564266237215
cD1,1989,1.9880059970014992,-0.0003926331021742264
cD1,1990,1.9890054972513742,-0.003938400309534729
cD1,1991,1.9900049975012493,0.0062977495219160694
cD1,1992,1.9910044977511243,-0.00497310452059197
cD1,1993,1.9920039980009994,-0.0017706382936084296
cD1,1994,1.9930034982508744,0.0036731584021750343
cD1,1995,1.9940029985007495,-0.00294784816699009
cD1,1996,1.9950024987506245,0.002676673184259434
cD1,1997,1.9960019990004998,0.001204526151670665
cD1,1998,1.9970014992503748,-0.0038702802164487246
cD1,1999,1.99800099950025,-0.0018628739065830238
cD1,2000,1.999000499750125,0.005998120379441131
cD1,2001,2.0,0.0026497813378533156
cD1,2002,2.000999500249875,-0.008797729592683035
cD1,2003,2.00199900049975,0.007171985329983799
cD1,2004,2.002998500749625,-0.003123255997162657
cD1,2005,2.0039980009995,-0.006468919679802991
cD1,2006,2.0049975012493753,0.00936683881288141
cD1,2007,2.0059970014992503,-0.0025741238315579638
cD1,2008,2.0069965017491254,-0.004858706365682334
cD1,2009,2.0079960019990004,0.004436424330668332
cD1,2010,2.0089955022488755,0.00882721558795497
cD1,2011,2.0099950024987505,-0.011273630884882509
cD1,2012,2.0109945027486256,-0.0024441332474060646
cD1,2013,2.0119940029985006,0.006323539918288467
cD1,2014,2.0129935032483757,-0.0013886189253787826
cD1,2015,2.0139930034982507,0.00028911205978371195
cD1,2016,2.0149925037481258,-0.001710249282135169
cD1,2017,2.015992003998001,-0.0014125750337287248
cD1,2018,2.016991504247876,0.0063320469946487445
cD1,2019,2.017991004497751,-0.0018459285268017122
cD1,2020,2.018990504747626,-0.004437304095116639
cD1,2021,2.019990004997501,0.0005640081585899194
cD1,2022,2.020989505247376,0.005237792281545657
cD1,2023,2.021989005497251,-0.0030361721803593388
cD1,2024,2.022988505747126,-0.0007010831996289658
cD1,2025,2.0239880059970012,0.0019989128096026404
cD1,2026,2.0249875062468763,-0.003539861802420744
cD1,2027,2.0259870064967513,0.0010723956835443698
cD1,2028,2.026986506746627,0.005530938286930548
cD1,2029,2.027986006996502,-0.0086299836819406
cD1,2030,2.028985507246377,0.003120825978502058
cD1,2031,2.029985007496252,0.0035854381744723192
cD1,2032,2.030984507746127,-0.0033740050281621877
cD1,2033,2.031984007996002,0.002527905688328869
cD1,2034,2.032983508245877,-0.004379677071980454
cD1,2035,2.033983008495752,0.0025979900707065774
cD1,2036,2.0349825087456272,0.0006425542745288912
cD1,2037,2.0359820089955023,8.262395785923256e-05
cD1,2038,2.0369815092453774,0.0010185097292534388
cD1,2039,2.0379810094952524,-0.0035908300716131865
cD1,2040,2.0389805097451275,0.0023496735322121594
cD1,2041,2.0399800099950025,0.00114947649446108
cD1,2042,2.0409795102448776,-0.004373248874114108
cD1,2043,2.0419790104947526,0.0007649514050732107
cD1,2044,2.0429785107446277,0.003841738952532439
cD1,2045,2.0439780109945027,-0.0007260200296887953
cD1,2046,2.0449775112443778,0.001017499246978969
cD1,2047,2.045977011494253,-0.003047210510450329
cD1,2048,2.046976511744128,-0.0013830246258525719
cD1,2049,2.047976011994003,0.0011242618908316865
cD1,2050,2.048975512243878,0.0029533120375955426
cD1,2051,2.049975012493753,-0.002569019713664043
cD1,2052,2.050974512743628,0.0020585842926072453
cD1,2053,2.051974012993503,0.0007774926318666491
cD1,2054,2.052973513243378,-0.003030027763932878
cD1,2055,2.0539730134932532,-0.0011312635657650277
cD1,2056,2.0549725137431283,0.002486064966321779
cD1,2057,2.0559720139930033,-0.0014883865168775557
cD1,2058,2.0569715142428784,0.0020505455231554087
cD1,2059,2.0579710144927534,-0.0010750846725894624
cD1,2060,2.0589705147426285,0.0008705912067292097
cD1,2061,2.0599700149925035,-0.00024431972027138356
cD1,2062,2.0609695152423786,-0.0011607183831070628
cD1,2063,2.0619690154922536,-0.00110347817674876
cD1,2064,2.0629685157421287,0.000991262999668166
cD1,2065,2.0639680159920037,0.006121789255018064
cD1,2066,2.064967516241879,-0.004937370444677597
cD1,2067,2.065967016491754,-0.004145579756752407
cD1,2068,2.066966516741629,0.002886970430633461
cD1,2069,2.0679660169915044,-0.0012052932334987872
cD1,2070,2.0689655172413794,0.006400408483595592
cD1,2071,2.0699650174912545,-0.00030983786619655836
cD1,2072,2.0709645177411296,-0.00827253452973022
cD1,2073,2.0719640179910046,0.0015816710576092377
cD1,2074,2.0729635182408797,0.0014899922448805263
cD1,2075,2.0739630184907547,0.003938423906157713
cD1,2076,2.0749625187406298,-0.001917830906452569
cD1,2077,2.075962018990505,-0.0003466706235468271
cD1,2078,2.07696151924038,0.0009714342113882319
cD1,2079,2.077961019490255,-0.005489977109777855
cD1,2080,2.07896051974013,0.0008153973426126358
cD1,2081,2.079960019990005,0.006641200294782975
cD1,2082,2.08095952023988,-0.0009967576273317126
cD1,2083,2.081959020489755,-0.0019206416090334737
cD1,2084,2.08295852073963,0.0007245860680000597
cD1,2085,2.0839580209895052,-0.003000764783185423
cD1,2086,2.0849575212393803,0.0006553344011376999
cD1,2087,2.0859570214892553,0.0012840666004532968
cD1,2088,2.0869565217391304,-0.0008198916395121165
cD1,2089,2.0879560219890054,0.002052894005306489
cD1,2090,2.0889555222388805,0.001499761630349353
cD1,2091,2.0899550224887555,-0.0055603926119300855
cD1,2092,2.0909545227386306,0.0012055931430475508
cD1,2093,2.0919540229885056,0.0031392225418042097
cD1,2094,2.0929535232383807,0.002633981956220983
cD1,2095,2.0939530234882557,-0.0008176660370750998
cD1,2096,2.094952523738131,-0.0030397000636914976
cD1,2097,2.095952023988006,-0.004542986618602246
cD1,2098,2.096951524237881,0.00038991171600723804
cD1,2099,2.097951024487756,-0.0023510612148918307
cD1,2100,2.098950524737631,-0.0031072260312086826
cD1,2101,2.099950024987506,0.007786626754844036
cD1,2102,2.100949525237381,0.0012189598502894763
cD1,2103,2.101949025487256,-0.002049734046648842
cD1,2104,2.102948525737131,0.0012841990038789733
cD1,2105,2.1039480259870063,0.003818375627805015
cD1,2106,2.1049475262368813,0.0025901705011784834
cD1,2107,2.1059470264867564,0.003498719577614849
cD1,2108,2.1069465267366314,-0.003459422831915082
cD1,2109,2.1079460269865065,-0.0015397510594152078
cD1,2110,2.108945527236382,-0.005570537955039573
cD1,2111,2.109945027486257,0.003524330993198311
cD1,2112,2.110944527736132,0.0034944951716671738
cD1,2113,2.111944027986007,-0.0018181441911940266
cD1,2114,2.112943528235882,-0.0017101379624499952
cD1,2115,2.113943028485757,-0.005251354985341974
cD1,2116,2.1149425287356323,0.001653481016953201
cD1,2117,2.1159420289855073,0.0005771435612278025
cD1,2118,2.1169415292353824,-0.008275717673703109
cD1,2119,2.1179410294852574,-0.002699134936514261
cD1,2120,2.1189405297351325,0.0009172895815017096
cD1,2121,2.1199400299850075,0.005670333096551315
cD1,2122,2.1209395302348826,0.007662986990895825
cD1,2123,2.1219390304847576,0.004226041584856108
cD1,2124,2.1229385307346327,0.0027250125521998403
cD1,2125,2.1239380309845077,-0.0038425777292836055
cD1,2126,2.124937531234383,-0.004522180205646799
cD1,2127,2.125937031484258,-0.0025929474345739237
cD1,2128,2.126936531734133,-0.003703623967493623
cD1,2129,2.127936031984008,0.003993905833937869
cD1,2130,2.128935532233883,0.0019415757604548528
cD1,2131,2.129935032483758,0.0013170887871133755
cD1,2132,2.130934532733633,0.004122191595826809
cD1,2133,2.131934032983508,-0.0020134928776678156
cD1,2134,2.132933533233383,-0.0009960261450429053
cD1,2135,2.1339330334832582,0.0007587605154195454
cD1,2136,2.1349325337331333,-0.0024762262255116933
cD1,2137,2.1359320339830083,-0.002604907354110172
cD1,2138,2.1369315342328834,-0.0017949834704999758
cD1,2139,2.1379310344827585,0.00288277131409255
cD1,2140,2.1389305347326335,0.001176341427052273
cD1,2141,2.1399300349825086,-0.003078711753351941
cD1,2142,2.1409295352323836,-0.004353680534490666
cD1,2143,2.1419290354822587,0.0044621095635264466
cD1,2144,2.1429285357321337,0.0026918680281504057
cD1,2145,2.1439280359820088,-0.0043486214049683215
cD1,2146,2.144927536231884,0.005154727253792036
cD1,2147,2.145927036481759,-0.0020128621674466215
cD1,2148,2.146926536731634,-0.0005184117645248626
cD1,2149,2.147926036981509,0.010266003975688314
cD1,2150,2.148925537231384,-0.004164252067789495
cD1,2151,2.1499250374812595,-0.008268173525545562
cD1,2152,2.1509245377311346,0.0040296080376528605
cD1,2153,2.1519240379810096,-0.0009116477136489358
cD1,2154,2.1529235382308847,-0.0011695031588094427
cD1,2155,2.1539230384807597,0.0014981343804568558
cD1,2156,2.1549225387306348,-0.0028507356173297616
cD1,2157,2.15592203898051,0.004518802290393238
cD1,2158,2.156921539230385,-0.0038515235686213405
cD1,2159,2.15792103948026,0.0006446466545719006
cD1,2160,2.158920539730135,0.003011126594881102
cD1,2161,2.15992003998001,-0.0034717772658962517
cD1,2162,2.160919540229885,0.0022215709716988698
cD1,2163,2.16191904047976,0.0003922861673651551
cD1,2164,2.162918540729635,0.005632651823932525
cD1,2165,2.1639180409795102,-0.0072275751785485145
cD1,2166,2.1649175412293853,-0.0036980001163339268
cD1,2167,2.1659170414792603,0.007007500009088877
cD1,2168,2.1669165417291354,-0.0033270832509580553
cD1,2169,2.1679160419790104,-0.0007338706030659558
cD1,2170,2.1689155422288855,0.0054442460312124595
cD1,2171,2.1699150424787605,-0.0025299098881887976
cD1,2172,2.1709145427286356,-0.0026070610296537655
cD1,2173,2.1719140429785107,-8.314970671305204e-06
cD1,2174,2.1729135432283857,-2.467102068341373e-05
cD1,2175,2.1739130434782608,0.00487995209848276
cD1,2176,2.174912543728136,-0.003966348218620118
cD1,2177,2.175912043978011,-0.002860571308339231
cD1,2178,2.176911544227886,0.004618688335593517
cD1,2179,2.177911044477761,-0.004171057884632456
cD1,2180,2.178910544727636,0.0060625834743020385
cD1,2181,2.179910044977511,-0.0009191084985586927
cD1,2182,2.180909545227386,-0.0045862613771287105
cD1,2183,2.181909045477261,0.0009549672182675604
cD1,2184,2.182908545727136,0.001258821987760078
cD1,2185,2.1839080459770113,0.005184260135937097
cD1,2186,2.1849075462268863,-0.006342320655288523
cD1,2187,2.1859070464767614,-3.986229920533444e-05
cD1,2188,2.1869065467266364,0.0013602635320733398
cD1,2189,2.1879060469765115,-0.00285851142267991
cD1,2190,2.1889055472263865,0.004467606317148272
cD1,2191,2.1899050474762616,-0.0012934017783327748
cD1,2192,2.190904547726137,-0.002828017727904344
cD1,2193,2.191904047976012,-0.0012221280815079118
cD1,2194,2.192903548225887,0.009427777957364164
cD1,2195,2.1939030484757622,-0.007418848173290202
cD1,2196,2.1949025487256373,0.00026666876816739196
cD1,2197,2.1959020489755123,0.006726549010764896
cD1,2198,2.1969015492253874,-0.007144168294995491
cD1,2199,2.1979010494752624,0.0012649164190466182
cD1,2200,2.1989005497251375,0.0032946439919013717
cD1,2201,2.1999000499750125,-0.006491823582223617
cD1,2202,2.2008995502248876,0.004114258834477076
cD1,2203,2.2018990504747626,0.0018709741805536112
cD1,2204,2.2028985507246377,-0.005443915439938763
cD1,2205,2.2038980509745127,0.003474769663415986
cD1,2206,2.204897551224388,0.004614680529087648
cD1,2207,2.205897051474263,-0.006676422530123679
cD1,2208,2.206896551724138,-0.00015353913549795472
cD1,2209,2.207896051974013,0.0025024070809376896
cD1,2210,2.208895552223888,0.0009651643875928338
cD1,2211,2.209895052473763,-0.0006167407941675539
cD1,2212,2.210894552723638,-0.004107057284464444
cD1,2213,2.211894052973513,0.005976479230549491
cD1,2214,2.212893553223388,0.0011029265997476306
cD1,2215,2.2138930534732633,-0.010514952392047286
cD1,2216,2.2148925537231383,0.007072687978357339
cD1,2217,2.2158920539730134,-0.00270091102271368
cD1,2218,2.2168915542228884,0.0009420395204765225
cD1,2219,2.2178910544727635,0.009084366787074062
cD1,2220,2.2188905547226385,-0.0047665418163220395
cD1,2221,2.2198900549725136,-0.01156540343460677
cD1,2222,2.2208895552223886,0.008082253853606485
cD1,2223,2.2218890554722637,0.0027982382592427095
cD1,2224,2.2228885557221387,-0.0024440092716473743
cD1,2225,2.2238880559720138,8.877291753110013e-05
cD1,2226,2.224887556221889,-0.0024566038226019908
cD1,2227,2.225887056471764,0.0052641170368079
cD1,2228,2.226886556721639,-0.0002649674904439429
cD1,2229,2.227886056971514,-0.008326443344122084
cD1,2230,2.228885557221389,0.005824729462763335
cD1,2231,2.229885057471264,0.005611077209077328
cD1,2232,2.230884557721139,-0.002811160177800207
cD1,2233,2.2318840579710146,-0.004730915653158796
cD1,2234,2.2328835582208897,-0.003851622488894311
cD1,2235,2.2338830584707647,0.002304418989463287
cD1,2236,2.23488255872064,0.012422425190689328
cD1,2237,2.235882058970515,-0.004372473382242311
cD1,2238,2.23688155922039,-0.010934758196250236
cD1,2239,2.237881059470265,0.0005929484419387432
cD1,2240,2.23888055972014,0.007815388146955352
cD1,2241,2.239880059970015,0.003987492426490415
cD1,2242,2.24087956021989,-0.007244469204005422
cD1,2243,2.241879060469765,-0.0031010576809624014
cD1,2244,2.24287856071964,0.0031907424080253473
cD1,2245,2.2438780609695153,0.010160604340353624
cD1,2246,2.2448775612193903,-0.006645665200491883
cD1,2247,2.2458770614692654,-0.008940124084441592
cD1,2248,2.2468765617191404,0.004215629453254211
cD1,2249,2.2478760619690155,-0.007023523489003115
cD1,2250,2.2488755622188905,0.013459321790661751
cD1,2251,2.2498750624687656,0.010924770155434627
cD1,2252,2.2508745627186406,-0.013173067548816189
cD1,2253,2.2518740629685157,-0.009203358297826815
cD1,2254,2.2528735632183907,0.0013500402903950798
cD1,2255,2.2538730634682658,0.007416644985403415
cD1,2256,2.254872563718141,0.0038047175022507783
cD1,2257,2.255872063968016,-0.007145035790358334
cD1,2258,2.256871564217891,-0.003026002911261879
cD1,2259,2.257871064467766,0.007627452462678645
cD1,2260,2.258870564717641,-2.66873455462952e-05
cD1,2261,2.259870064967516,-0.003007730980402511
cD1,2262,2.260869565217391,0.0034399494081043857
cD1,2263,2.261869065467266,-0.006303607144695262
cD1,2264,2.2628685657171412,-0.002069000076851423
cD1,2265,2.2638680659670163,0.0023189995886457675
cD1,2266,2.2648675662168913,0.007361677507806259
cD1,2267,2.2658670664667664,-0.0032145191480921573
cD1,2268,2.2668665667166414,-0.0006195150601543201
cD1,2269,2.2678660669665165,0.004852516836553062
cD1,2270,2.2688655672163915,-0.007900415963968049
cD1,2271,2.2698650674662666,-0.0031097746704936407
cD1,2272,2.2708645677161416,0.009935516926331048
cD1,2273,2.2718640679660167,-0.0009070550441046986
cD1,2274,2.272863568215892,-0.004961276379641284
cD1,2275,2.2738630684657672,0.005438139730291395
cD1,2276,2.2748625687156423,-0.008839156245298872
cD1,2277,2.2758620689655173,-0.0009294107061570212
cD1,2278,2.2768615692153924,0.012304401321742492
cD1,2279,2.2778610694652675,-0.008609701521238793
cD1,2280,2.2788605697151425,0.0006240732675123156
cD1,2281,2.2798600699650176,0.004058525083946332
cD1,2282,2.2808595702148926,-0.0034387252802316323
cD1,2283,2.2818590704647677,0.0034954467651490705
cD1,2284,2.2828585707146427,-0.006771548422228777
cD1,2285,2.2838580709645178,0.0018131599189432062
cD1,2286,2.284857571214393,0.006066545726495669
cD1,2287,2.285857071464268,-0.001958123255814448
cD1,2288,2.286856571714143,-0.00039579405364566266
cD1,2289,2.287856071964018,-0.0012948657628942184
cD1,2290,2.288855572213893,-0.0037009617575476435
cD1,2291,2.289855072463768,0.005597151269656146
cD1,2292,2.290854572713643,0.0013049155201352222
cD1,2293,2.291854072963518,-0.004013203917815808
cD1,2294,2.2928535732133932,-0.0023062683968878856
cD1,2295,2.2938530734632683,0.0019205054238680954
cD1,2296,2.2948525737131433,0.0008443037847247273
cD1,2297,2.2958520739630184,0.0016790189290383979
cD1,2298,2.2968515742128934,-0.0014623634477324903
cD1,2299,2.2978510744627685,0.00018926296014488823
cD1,2300,2.2988505747126435,-0.0003257652305016937
cD1,2301,2.2998500749625186,-0.002034128350509388
cD1,2302,2.3008495752123936,0.005954181459963818
cD1,2303,2.3018490754622687,-0.0010906315272796346
cD1,2304,2.3028485757121437,-0.004497895917851199
cD1,2305,2.303848075962019,0.005645516914541209
cD1,2306,2.304847576211894,-0.0018101136720566667
cD1,2307,2.305847076461769,-0.0067592601281920885
cD1,2308,2.306846576711644,0.0017472942350285417
cD1,2309,2.307846076961519,-0.0009455176390748077
cD1,2310,2.308845577211394,0.004160772316341609
cD1,2311,2.309845077461269,0.004610734566974522
cD1,2312,2.310844577711144,-0.004595469009595664
cD1,2313,2.311844077961019,0.0006483703732761805
cD1,2314,2.3128435782108943,-4.9637180079678545e-05
cD1,2315,2.3138430784607698,0.00023336235186417103
cD1,2316,2.314842578710645,-0.0008797058173575312
cD1,2317,2.31584207896052,-0.00575868415951605
cD1,2318,2.316841579210395,0.005617918414211693
cD1,2319,2.31784107946027,0.0038553402096315084
cD1,2320,2.318840579710145,-0.0013542838801597354
cD1,2321,2.31984007996002,-0.0024769507487995184
cD1,2322,2.320839580209895,-0.0006530789496884898
cD1,2323,2.32183908045977,-0.0015708267664916095
cD1,2324,2.322838580709645,-0.0003210529630489967
cD1,2325,2.3238380809595203,0.0030512796331407218
cD1,2326,2.3248375812093953,0.0018115384739465427
cD1,2327,2.3258370814592704,0.0002281401218563279
cD1,2328,2.3268365817091454,-0.002497845296361925
cD1,2329,2.3278360819590205,-0.0002806093172177688
cD1,2330,2.3288355822088955,0.0006574190275706604
cD1,2331,2.3298350824587706,-0.0025608299133243776
cD1,2332,2.3308345827086456,0.002455418858800502
cD1,2333,2.3318340829585207,-0.00017175105769066425
cD1,2334,2.3328335832083957,0.0012756668240046765
cD1,2335,2.333833083458271,-0.005005466756871027
cD1,2336,2.334832583708146,0.0015931634710206872
cD1,2337,2.335832083958021,0.004732643617058029
cD1,2338,2.336831584207896,-0.005668292688932149
cD1,2339,2.337831084457771,0.007066308006942318
cD1,2340,2.338830584707646,-0.001571810925396387
cD1,2341,2.339830084957521,-0.005617737224693424
cD1,2342,2.340829585207396,0.006313089290653372
cD1,2343,2.341829085457271,-0.006656251373029886
cD1,2344,2.3428285857071462,0.0031853611878264413
cD1,2345,2.3438280859570213,0.0004516899368502032
cD1,2346,2.3448275862068964,-0.0008476667179020507
cD1,2347,2.3458270864567714,0.005737811585373924
cD1,2348,2.3468265867066465,-0.0032799146480214803
cD1,2349,2.3478260869565215,-0.00824410422320345
cD1,2350,2.3488255872063966,0.007610115572904686
cD1,2351,2.3498250874562716,-0.002742457650481105
cD1,2352,2.3508245877061467,0.0015584690408845078
cD1,2353,2.3518240879560217,0.0006580020863298712
cD1,2354,2.3528235882058968,0.0010226323631304995
cD1,2355,2.353823088455772,-0.0038976081757809535
cD1,2356,2.3548225887056473,0.0013170642644406046
cD1,2357,2.3558220889555224,0.004460572226214656
cD1,2358,2.3568215892053974,-0.0032498499887364165
cD1,2359,2.3578210894552725,-0.0017404178030482795
cD1,2360,2.3588205897051475,0.0006464698184414991
cD1,2361,2.3598200899550226,0.0005045039386547012
cD1,2362,2.3608195902048976,0.0015443222087117411
cD1,2363,2.3618190904547727,-0.000772831962994357
cD1,2364,2.3628185907046477,-0.0009500325171473334
cD1,2365,2.3638180909545228,0.0009129571398684222
cD1,2366,2.364817591204398,-0.002578755035924087
cD1,2367,2.365817091454273,0.0028171729098858183
cD1,2368,2.366816591704148,0.0005279990213019146
cD1,2369,2.367816091954023,-0.005769529148259369
cD1,2370,2.368815592203898,0.00615633152229402
cD1,2371,2.369815092453773,0.000568709994908728
cD1,2372,2.370814592703648,0.00014132499261977605
cD1,2373,2.371814092953523,-0.0013035991650207652
cD1,2374,2.3728135932033982,-0.0033238453307182564
cD1,2375,2.3738130934532733,0.003489104161210325
cD1,2376,2.3748125937031483,-0.002481322991080743
cD1,2377,2.3758120939530234,0.001164091432348223
cD1,2378,2.3768115942028984,-0.0012789948461544966
cD1,2379,2.3778110944527735,-0.0018258963706923427
cD1,2380,2.3788105947026486,0.007978409610633754
cD1,2381,2.3798100949525236,-0.0028203312194394602
cD1,2382,2.3808095952023987,-0.006363050834848112
cD1,2383,2.3818090954522737,0.006311394337901838
cD1,2384,2.3828085957021488,-0.001503047985938372
cD1,2385,2.383808095952024,-0.0006264167298293749
cD1,2386,2.384807596201899,0.0011821550723362928
cD1,2387,2.385807096451774,-0.001844464038734169
cD1,2388,2.386806596701649,-0.0010769262933365523
cD1,2389,2.387806096951524,0.004191953494228548
cD1,2390,2.388805597201399,-0.0010171228687452087
cD1,2391,2.389805097451274,-0.0031983745441777943
cD1,2392,2.390804597701149,0.0005377268500300842
cD1,2393,2.391804097951024,0.0038222915287915837
cD1,2394,2.3928035982008993,-0.002884232417355954
cD1,2395,2.3938030984507743,0.001507584968632912
cD1,2396,2.3948025987006494,-0.0018722946239866107
cD1,2397,2.395802098950525,-0.0008191509369868811
cD1,2398,2.3968015992004,0.003438756912977697
cD1,2399,2.397801099450275,0.001534891873709765
cD1,2400,2.39880059970015,-0.004349918950794932
cD1,2401,2.399800099950025,0.00026643227172063627
cD1,2402,2.4007996001999,0.00028897981300938223
cD1,2403,2.401799100449775,-0.003021765101550691
cD1,2404,2.4027986006996502,0.004938832801811311
cD1,2405,2.4037981009495253,0.0019890567913767483
cD1,2406,2.4047976011994003,-0.0033845506680615406
cD1,2407,2.4057971014492754,-0.0004046785879689358
cD1,2408,2.4067966016991504,0.001896213924796228
cD1,2409,2.4077961019490255,-0.004995960545053808
cD1,2410,2.4087956021989005,0.0006248320549679365
cD1,2411,2.4097951024487756,0.0056799073454395785
cD1,2412,2.4107946026986506,-0.001777704126524899
cD1,2413,2.4117941029485257,0.0015139421236002142
cD1,2414,2.4127936031984007,-0.001304426907155414
cD1,2415,2.413793103448276,-0.003183537581620814
cD1,2416,2.414792603698151,0.00040688572919996306
cD1,2417,2.415792103948026,0.00206680799384592
cD1,2418,2.416791604197901,-0.0016866574060629895
cD1,2419,2.417791104447776,0.0013521339912654362
cD1,2420,2.418790604697651,-0.00031638724756450905
cD1,2421,2.419790104947526,-0.0008486121415005638
cD1,2422,2.420789605197401,0.004103892987113722
cD1,2423,2.421789105447276,-0.0017857948721527977
cD1,2424,2.4227886056971513,-0.004852729053187037
cD1,2425,2.4237881059470263,0.006419442877171661
cD1,2426,2.4247876061969014,-0.005681458013851384
cD1,2427,2.4257871064467764,0.0019384730545333794
cD1,2428,2.4267866066966515,0.0024038406284226333
cD1,2429,2.4277861069465265,-0.0027558871770506322
cD1,2430,2.4287856071964016,0.00328276308057302
cD1,2431,2.4297851074462766,-0.001306914647502361
cD1,2432,2.4307846076961517,-0.00033050980735131264
cD1,2433,2.4317841079460267,-0.0005406724528982144
cD1,2434,2.432783608195902,-0.006144122112601254
cD1,2435,2.433783108445777,0.009689695933613846
cD1,2436,2.434782608695652,0.00651066922127282
cD1,2437,2.435782108945527,-0.01667695851578708
cD1,2438,2.4367816091954024,0.002956975288617664
cD1,2439,2.4377811094452775,0.01263407389690131
cD1,2440,2.4387806096951525,-0.007816579928298161
cD1,2441,2.4397801099450276,-0.012519979992512637
cD1,2442,2.4407796101949026,-0.0033626833543968235
cD1,2443,2.4417791104447777,0.017850225400235883
cD1,2444,2.4427786106946527,0.008832050076766186
cD1,2445,2.443778110944528,-0.007789213404631144
cD1,2446,2.444777611194403,-0.0038830748302765526
cD1,2447,2.445777111444278,0.0017480711512217612
cD1,2448,2.446776611694153,-0.002615233703465905
cD1,2449,2.447776111944028,0.0013690082298748873
cD1,2450,2.448775612193903,0.002046218486508008
cD1,2451,2.449775112443778,-0.004521492301828205
cD1,2452,2.450774612693653,0.0036984384893363823
cD1,2453,2.451774112943528,0.004483107467107145
cD1,2454,2.4527736131934033,-0.007352889236543401
cD1,2455,2.4537731134432783,-0.005799466212259182
cD1,2456,2.4547726136931534,0.0009446188537107283
cD1,2457,2.4557721139430284,0.0035454222048015016
cD1,2458,2.4567716141929035,0.008314980702971084
cD1,2459,2.4577711144427785,-0.003246462733174771
cD1,2460,2.4587706146926536,-0.004825814936674486
cD1,2461,2.4597701149425286,-0.007501159624716008
cD1,2462,2.4607696151924037,0.0062611903477195596
cD1,2463,2.4617691154422787,0.004653893871516228
cD1,2464,2.4627686156921538,-0.0031314402796818464
cD1,2465,2.463768115942029,0.011402569586550396
cD1,2466,2.464767616191904,-0.008404042620254078
cD1,2467,2.465767116441779,-0.006083686507512814
cD1,2468,2.466766616691654,0.010925189750054798
cD1,2469,2.467766116941529,-0.0033763980815538844
cD1,2470,2.468765617191404,-0.0053561140043719355
cD1,2471,2.469765117441279,0.0014428979462313314
cD1,2472,2.470764617691154,0.0028168144172671106
cD1,2473,2.4717641179410292,-0.0015102699987674523
cD1,2474,2.4727636181909043,-0.0019105389844229549
cD1,2475,2.4737631184407793,0.0039254636126430705
cD1,2476,2.4747626186906544,-0.002234892051253487
cD1,2477,2.4757621189405294,-0.001041947165511009
cD1,2478,2.4767616191904045,0.00046478390708856905
cD1,2479,2.47776111944028,0.0026200518775257673
cD1,2480,2.478760619690155,-0.004054296643021033
cD1,2481,2.47976011994003,0.002547411094206281
cD1,2482,2.480759620189905,0.004331108657717209
cD1,2483,2.48175912043978,-0.0059622790667575205
cD1,2484,2.4827586206896552,0.0012763509158768196
cD1,2485,2.4837581209395303,-0.0060513772905674695
cD1,2486,2.4847576211894054,0.0014863521668809828
cD1,2487,2.4857571214392804,0.008310343810389233
cD1,2488,2.4867566216891555,0.0015545365573145335
cD1,2489,2.4877561219390305,-0.0048111100186871035
cD1,2490,2.4887556221889056,-0.0032084906124517838
cD1,2491,2.4897551224387806,0.0006150281889663418
cD1,2492,2.4907546226886557,0.004376222552605783
cD1,2493,2.4917541229385307,-0.0038713795799226987
cD1,2494,2.4927536231884058,0.001863689077255975
cD1,2495,2.493753123438281,0.0019654366399355972
cD1,2496,2.494752623688156,-0.00567207104439871
cD1,2497,2.495752123938031,0.0031195957334261776
cD1,2498,2.496751624187906,0.004641443961366752
cD1,2499,2.497751124437781,-0.0060177716063106205
cD1,2500,2.498750624687656,0.0024396641402535013
cD1,2501,2.499750124937531,0.0006311188889677939
cD1,2502,2.500749625187406,-0.005190806746608996
cD1,2503,2.5017491254372812,0.00297369988390948
cD1,2504,2.5027486256871563,-0.0003634957574037128
cD1,2505,2.5037481259370313,0.0011653067421568183
cD1,2506,2.5047476261869064,0.004319957887485023
cD1,2507,2.5057471264367814,-0.0038029110872161128
cD1,2508,2.5067466266866565,-0.0010876622203940013
cD1,2509,2.5077461269365315,-6.112013316361383e-05
cD1,2510,2.5087456271864066,0.002480452477562245
cD1,2511,2.5097451274362816,-0.0023440691922242103
cD1,2512,2.5107446276861567,-0.0009632478659552109
cD1,2513,2.5117441279360317,-0.00292164905832491
cD1,2514,2.512743628185907,0.0029662423339955972
cD1,2515,2.513743128435782,0.005370953140142979
cD1,2516,2.514742628685657,-0.0016598458159131088
cD1,2517,2.515742128935532,-0.001150236243735516
cD1,2518,2.516741629185407,-0.004372302945797706
cD1,2519,2.517741129435282,0.0015685696372568945
cD1,2520,2.5187406296851576,0.004842277444354962
cD1,2521,2.5197401299350326,-0.0009041764705003483
cD1,2522,2.5207396301849077,-0.006109075518251926
cD1,2523,2.5217391304347827,0.004185781095215613
cD1,2524,2.5227386306846578,0.0018790035636381205
cD1,2525,2.523738130934533,-0.0035574902791408883
cD1,2526,2.524737631184408,0.002766333916349751
cD1,2527,2.525737131434283,-0.0038438439341074437
cD1,2528,2.526736631684158,0.003964514845382063
cD1,2529,2.527736131934033,0.0005547307588927982
cD1,2530,2.528735632183908,-0.00579823767481622
cD1,2531,2.529735132433783,0.0033096547432203815
cD1,2532,2.530734632683658,0.0022298665458023777
cD1,2533,2.531734132933533,-0.0023431660837946768
cD1,2534,2.5327336331834083,-0.0011309451170431126
cD1,2535,2.5337331334332833,0.004138760429659125
cD1,2536,2.5347326336831584,-0.0038761680107721793
cD1,2537,2.5357321339330334,0.0013860187430864567
cD1,2538,2.5367316341829085,0.0018536317471114548
cD1,2539,2.5377311344327835,-0.0048309400279865355
cD1,2540,2.5387306346826586,0.0023514149377920337
cD1,2541,2.5397301349325336,0.003119901477985656
cD1,2542,2.5407296351824087,-0.004424500357715054
cD1,2543,2.5417291354322837,0.002610767916225442
cD1,2544,2.542728635682159,0.00021642682393851402
cD1,2545,2.543728135932034,-0.0020394623921819017
cD1,2546,2.544727636181909,-1.0156786243472118e-05
cD1,2547,2.545727136431784,0.0031727622044873957
cD1,2548,2.546726636681659,-0.00121088051831502
cD1,2549,2.547726136931534,-0.0031459982692924435
cD1,2550,2.548725637181409,0.0036830926672917525
cD1,2551,2.549725137431284,-0.0007620542408239518
cD1,2552,2.550724637681159,-0.0016009053035095518
cD1,2553,2.5517241379310343,-0.0014049000701430855
cD1,2554,2.5527236381809093,0.001145890617823186
cD1,2555,2.5537231384307844,0.004051540126639188
cD1,2556,2.5547226386806594,1.7820693952544722e-05
cD1,2557,2.5557221389305345,-0.002219692720041135
cD1,2558,2.5567216391804095,-0.0016222753752053961
cD1,2559,2.5577211394302846,-0.0021066701167753517
cD1,2560,2.5587206396801596,0.003472581372987157
cD1,2561,2.559720139930035,-0.00043881172391669655
cD1,2562,2.56071964017991,0.0008947426568307429
cD1,2563,2.561719140429785,0.0015143396083994298
cD1,2564,2.5627186406796603,-0.0061887460352585445
cD1,2565,2.5637181409295353,0.006395014375853517
cD1,2566,2.5647176411794104,3.52258045825571e-05
cD1,2567,2.5657171414292854,-0.007188607708257402
cD1,2568,2.5667166416791605,0.004983515362018944
cD1,2569,2.5677161419290355,0.0016103153907766035
cD1,2570,2.5687156421789106,-0.002148326706249789
cD1,2571,2.5697151424287856,-0.00036129230693152494
cD1,2572,2.5707146426786607,0.0017841596635372048
cD1,2573,2.5717141429285357,-0.0036634377554685825
cD1,2574,2.572713643178411,0.0015592867038060664
cD1,2575,2.573713143428286,0.002461185758913546
cD1,2576,2.574712643678161,-0.002106926167503583
cD1,2577,2.575712143928036,0.0015125467999233778
cD1,2578,2.576711644177911,0.0009576629383353506
cD1,2579,2.577711144427786,-0.003637186649585334
cD1,2580,2.578710644677661,-0.0013902896414786396
cD1,2581,2.579710144927536,0.007486175417024099
cD1,2582,2.580709645177411,-0.0062068907307785
cD1,2583,2.5817091454272862,-0.0009730196358668966
cD1,2584,2.5827086456771613,0.005030320085320191
cD1,2585,2.5837081459270363,-0.0027410770674907176
cD1,2586,2.5847076461769114,-0.001333973116682873
cD1,2587,2.5857071464267865,0.004886200305054768
cD1,2588,2.5867066466766615,-0.002707264631621275
cD1,2589,2.5877061469265366,0.000701649048191243
cD1,2590,2.5887056471764116,-0.001956955511068735
cD1,2591,2.5897051474262867,-0.0028032947367452104
cD1,2592,2.5907046476761617,0.004061464487969709
cD1,2593,2.5917041479260368,0.002940852821576709
cD1,2594,2.592703648175912,-0.0029142103243040398
cD1,2595,2.593703148425787,-0.001778418030526938
cD1,2596,2.594702648675662,0.0008144496739461151
cD1,2597,2.595702148925537,0.0011207904226644182
cD1,2598,2.596701649175412,-0.0014310046378083882
cD1,2599,2.597701149425287,0.0005938700837129052
cD1,2600,2.598700649675162,1.1697912702320805e-05
cD1,2601,2.5997001499250376,-0.0006702073408801734
cD1,2602,2.6006996501749127,0.004759139061692357
cD1,2603,2.6016991504247877,-0.0026662599977250595
cD1,2604,2.6026986506746628,-0.004874777044777423
cD1,2605,2.603698150924538,0.0027359783359632217
cD1,2606,2.604697651174413,0.0024368445209240275
cD1,2607,2.605697151424288,-0.0019644898357800726
cD1,2608,2.606696651674163,0.003284997075538103
cD1,2609,2.607696151924038,-0.003350695634530054
cD1,2610,2.608695652173913,-0.0010860586908024846
cD1,2611,2.609695152423788,0.001929914060835911
cD1,2612,2.610694652673663,-0.0008071942477971472
cD1,2613,2.6116941529235382,0.002705339391919862
cD1,2614,2.6126936531734133,-0.003976845001195693
cD1,2615,2.6136931534232883,-0.0012434038547019625
cD1,2616,2.6146926536731634,0.004207578931401271
cD1,2617,2.6156921539230384,0.0019726999623940872
cD1,2618,2.6166916541729135,-0.001889906072207259
cD1,2619,2.6176911544227885,-0.00305812309790867
cD1,2620,2.6186906546726636,-0.00133918656341626
cD1,2621,2.6196901549225386,0.005669237003437671
cD1,2622,2.6206896551724137,-0.004533647790276886
cD1,2623,2.6216891554222888,0.002477520502799443
cD1,2624,2.622688655672164,0.0035174247701699607
cD1,2625,2.623688155922039,-0.005846870847790909
cD1,2626,2.624687656171914,0.0011852368673395436
cD1,2627,2.625687156421789,0.0035636280439171803
cD1,2628,2.626686656671664,-0.006748851323530441
cD1,2629,2.627686156921539,0.005279908471618297
cD1,2630,2.628685657171414,-0.00017677152581300695
cD1,2631,2.629685157421289,-0.005151652979029108
cD1,2632,2.630684657671164,0.004876787359570391
cD1,2633,2.6316841579210393,-0.0017194434746068622
cD1,2634,2.6326836581709143,0.0026272878344251877
cD1,2635,2.6336831584207894,-0.0011238743314937079
cD1,2636,2.6346826586706644,-0.00010899758078770742
cD1,2637,2.6356821589205395,-0.0015231550684520314
cD1,2638,2.6366816591704145,-0.0008031485487257468
cD1,2639,2.6376811594202896,0.003741215832820107
cD1,2640,2.6386806596701646,-0.002209724948661451
cD1,2641,2.6396801599200397,0.0008037428176335395
cD1,2642,2.640679660169915,-0.0006500877406252159
cD1,2643,2.6416791604197902,-0.0007513458859807979
cD1,2644,2.6426786606696653,-0.0016682226075024676
cD1,2645,2.6436781609195403,0.00426239065431937
cD1,2646,2.6446776611694154,0.000973649209560716
cD1,2647,2.6456771614192904,-0.006591010490802233
cD1,2648,2.6466766616691655,0.0037937321825178764
cD1,2649,2.6476761619190405,0.003037602316611848
cD1,2650,2.6486756621689156,-0.004928576655520987
cD1,2651,2.6496751624187906,0.0006175246374803077
cD1,2652,2.6506746626686657,0.002528320786831728
cD1,2653,2.6516741629185407,-0.002707059198827469
cD1,2654,2.652673663168416,0.002127225644808127
cD1,2655,2.653673163418291,0.00040486245027632905
cD1,2656,2.654672663668166,0.0006552331262547793
cD1,2657,2.655672163918041,-0.001331737044111568
cD1,2658,2.656671664167916,-0.0012882367223158464
cD1,2659,2.657671164417791,-0.0016986496893502349
cD1,2660,2.658670664667666,0.001610148975093637
cD1,2661,2.659670164917541,0.002779765694628989
cD1,2662,2.660669665167416,-0.0006290000653813038
cD1,2663,2.6616691654172913,-0.0030135760059810026
cD1,2664,2.6626686656671663,0.001239201705151159
cD1,2665,2.6636681659170414,0.003246154103554908
cD1,2666,2.6646676661669164,-0.005633066720542591
cD1,2667,2.6656671664167915,0.003820918090612774
cD1,2668,2.6666666666666665,0.0006548201955351059
cD1,2669,2.6676661669165416,-0.0033551367004092366
cD1,2670,2.6686656671664166,0.0013985527420995267
cD1,2671,2.6696651674162917,0.0015236014951995817
cD1,2672,2.6706646676661667,-0.0003539437868618979
cD1,2673,2.6716641679160418,0.0005922974835308767
cD1,2674,2.672663668165917,-0.001880106905349193
cD1,2675,2.673663168415792,-0.0024109565693047168
cD1,2676,2.674662668665667,0.005902190706412095
cD1,2677,2.675662168915542,-0.001009242291555047
cD1,2678,2.676661669165417,-0.005167182222618161
cD1,2679,2.677661169415292,0.003715199178384509
cD1,2680,2.678660669665167,-0.00045586342632763935
cD1,2681,2.679660169915042,-0.00040456064090659276
cD1,2682,2.6806596701649172,0.0032926617521088115
cD1,2683,2.6816591704147927,-0.006510432012476969
cD1,2684,2.682658670664668,5.027689649444989e-05
cD1,2685,2.683658170914543,0.008405849251870478
cD1,2686,2.684657671164418,-0.0050714077766194415
cD1,2687,2.685657171414293,-0.00021561324746710618
cD1,2688,2.686656671664168,0.004891846953166602
cD1,2689,2.687656171914043,-0.008778436372703575
cD1,2690,2.688655672163918,0.0032902040910128246
cD1,2691,2.689655172413793,0.0014253185772379702
cD1,2692,2.690654672663668,0.0015314466108921555
cD1,2693,2.6916541729135433,-0.0012530924024762896
cD1,2694,2.6926536731634183,-0.00276341335657424
cD1,2695,2.6936531734132934,0.003114791266089909
cD1,2696,2.6946526736631684,-0.0007232115207262925
cD1,2697,2.6956521739130435,-0.0023295070742182736
cD1,2698,2.6966516741629185,0.0030649107996927136
cD1,2699,2.6976511744127936,-0.0019634123910030714
cD1,2700,2.6986506746626686,0.0026058326674279204
cD1,2701,2.6996501749125437,-0.0007814533334860891
cD1,2702,2.7006496751624187,-0.00219160290771566
cD1,2703,2.7016491754122938,0.0023920034954863327
cD1,2704,2.702648675662169,-0.004143000422531707
cD1,2705,2.703648175912044,0.005207394528141539
cD1,2706,2.704647676161919,0.000594868619987577
cD1,2707,2.705647176411794,-0.008708062604305788
cD1,2708,2.706646676661669,0.007596240170349671
cD1,2709,2.707646176911544,0.0007007514953826812
cD1,2710,2.708645677161419,-0.0029087657924903375
cD1,2711,2.709645177411294,0.00021893885715384758
cD1,2712,2.7106446776611692,-0.0021822522007076267
cD1,2713,2.7116441779110443,0.0030491937746450403
cD1,2714,2.7126436781609193,0.0018635485237441598
cD1,2715,2.7136431784107944,-0.0006835490848357863
cD1,2716,2.7146426786606694,-0.0031834058221817917
cD1,2717,2.7156421789105445,0.0003576215660084401
cD1,2718,2.7166416791604195,0.000784374221254948
cD1,2719,2.7176411794102946,0.0031637316039860833
cD1,2720,2.7186406796601696,-0.0015403011833581576
cD1,2721,2.7196401799100447,-0.003027023189088412
cD1,2722,2.7206396801599197,0.0022505146706628333
cD1,2723,2.721639180409795,-0.003389324428149971
cD1,2724,2.7226386806596703,0.0020367585203663837
cD1,2725,2.7236381809095453,0.0021496274086920428
cD1,2726,2.7246376811594204,-0.001970567943388162
cD1,2727,2.7256371814092955,1.523111044630487e-05
cD1,2728,2.7266366816591705,0.0010683858209950595
cD1,2729,2.7276361819090456,0.0007954854802410356
cD1,2730,2.7286356821589206,0.0005608909776061099
cD1,2731,2.7296351824087957,-0.0015553602444460337
cD1,2732,2.7306346826586707,-0.0016863462585756095
cD1,2733,2.7316341829085458,-0.00012406147883437739
cD1,2734,2.732633683158421,0.0012655585180554965
cD1,2735,2.733633183408296,0.0018556587887536716
cD1,2736,2.734632683658171,0.0005397195479133075
cD1,2737,2.735632183908046,-0.0033887258012358307
cD1,2738,2.736631684157921,0.002842724718597006
cD1,2739,2.737631184407796,-0.0013625172146317062
cD1,2740,2.738630684657671,-0.0034997713340419105
cD1,2741,2.739630184907546,0.003930958618360187
cD1,2742,2.7406296851574212,0.00011784367758670925
cD1,2743,2.7416291854072963,-0.0025700504397682226
cD1,2744,2.7426286856571713,0.0031204487160855785
cD1,2745,2.7436281859070464,0.0003177781043532046
cD1,2746,2.7446276861569214,-0.005327864300547
cD1,2747,2.7456271864067965,0.005582611790952685
cD1,2748,2.7466266866566715,0.001535941814557093
cD1,2749,2.7476261869065466,-0.008189582672152428
cD1,2750,2.7486256871564216,0.008478278077911638
cD1,2751,2.7496251874062967,-0.0007584805863394221
cD1,2752,2.7506246876561717,-0.009535584689775396
cD1,2753,2.751624187906047,0.007139133992675347
cD1,2754,2.752623688155922,0.0017107706288407183
cD1,2755,2.753623188405797,-0.0007870166721307658
cD1,2756,2.754622688655672,-0.0004159880892594934
cD1,2757,2.755622188905547,-0.0034624692766812054
cD1,2758,2.756621689155422,-0.0003501818484097088
cD1,2759,2.757621189405297,0.005388571822527855
cD1,2760,2.758620689655172,-0.0016239471689130677
cD1,2761,2.759620189905047,-0.0017520220236672559
cD1,2762,2.7606196901549223,-0.0006188273996304071
cD1,2763,2.7616191904047973,0.0029041445765801708
cD1,2764,2.7626186906546724,-0.001300196602788297
cD1,2765,2.763618190904548,-0.0012840211788437677
cD1,2766,2.764617691154423,0.0037592888493090523
cD1,2767,2.765617191404298,-0.0029570692171147304
cD1,2768,2.766616691654173,-0.0031846632433812872
cD1,2769,2.767616191904048,0.006756936727125613
cD1,2770,2.768615692153923,-0.003947989527463818
cD1,2771,2.769615192403798,-0.0017446557438139765
cD1,2772,2.770614692653673,0.0025965913184175385
cD1,2773,2.7716141929035483,0.0013748263055521504
cD1,2774,2.7726136931534233,-0.0005966925425333028
cD1,2775,2.7736131934032984,-0.0003510701769412227
cD1,2776,2.7746126936531734,-0.001509251561029643
cD1,2777,2.7756121939030485,-0.00013799312278364663
cD1,2778,2.7766116941529235,0.00021103363385002765
cD1,2779,2.7776111944027986,0.0006187922579793436
cD1,2780,2.7786106946526736,0.0005030599952637513
cD1,2781,2.7796101949025487,0.0008207336275598764
cD1,2782,2.7806096951524237,0.0001019763158813386
cD1,2783,2.781609195402299,-0.002361901863324197
cD1,2784,2.782608695652174,0.0030569248398185913
cD1,2785,2.783608195902049,-0.0055037817864362825
cD1,2786,2.784607696151924,0.002888534213259774
cD1,2787,2.785607196401799,0.005134821611457702
cD1,2788,2.786606696651674,-0.004544065602842738
cD1,2789,2.787606196901549,0.0011906105506834786
cD1,2790,2.788605697151424,-0.004736991748151585
cD1,2791,2.789605197401299,0.0023457254952900753
cD1,2792,2.7906046976511742,0.002381175066227703
cD1,2793,2.7916041979010493,6.374615068396351e-05
cD1,2794,2.7926036981509244,-0.001657968802958738
cD1,2795,2.7936031984007994,0.001142490151452198
cD1,2796,2.7946026986506745,0.000814105079947593
cD1,2797,2.7956021989005495,-0.004828650195550775
cD1,2798,2.7966016991504246,0.004263224664516689
cD1,2799,2.7976011994002996,-0.0007230672180479592
cD1,2800,2.7986006996501747,-0.000830068169699257
cD1,2801,2.7996001999000497,0.003750430108381026
cD1,2802,2.8005997001499248,-0.003356668978272642
cD1,2803,2.8015992003998,-0.000383978134449959
cD1,2804,2.802598700649675,0.0005527740531704657
cD1,2805,2.80359820089955,-0.0010463283558918846
cD1,2806,2.8045977011494254,0.003078947094871216
cD1,2807,2.8055972013993005,-0.0018562967969850647
cD1,2808,2.8065967016491755,-0.00389809064162395
cD1,2809,2.8075962018990506,0.004415802915889633
cD1,2810,2.8085957021489256,0.001828770205600131
cD1,2811,2.8095952023988007,-0.0008240566873303015
cD1,2812,2.8105947026486757,-0.004679682110266372
cD1,2813,2.8115942028985508,0.004038929022193304
cD1,2814,2.812593703148426,-0.0028501265376626125
cD1,2815,2.813593203398301,0.002737038583414153
cD1,2816,2.814592703648176,0.0005827731772584427
cD1,2817,2.815592203898051,-0.0017434906894620772
cD1,2818,2.816591704147926,0.0034286424917435426
cD1,2819,2.817591204397801,-0.005257779975559955
cD1,2820,2.818590704647676,0.0009197318196761096
cD1,2821,2.819590204897551,0.0012590587619223806
cD1,2822,2.8205897051474262,0.0017345499628796533
cD1,2823,2.8215892053973013,-0.005169063323856335
cD1,2824,2.8225887056471763,0.004518363778094617
cD1,2825,2.8235882058970514,0.0020193498204615756
cD1,2826,2.8245877061469264,-0.0039971717597719805
cD1,2827,2.8255872063968015,0.0019823159353791224
cD1,2828,2.8265867066466766,-0.002485836888542562
cD1,2829,2.8275862068965516,1.1475173789187408e-06
cD1,2830,2.8285857071464267,0.0023853210370793224
cD1,2831,2.8295852073963017,0.0003829843523278395
cD1,2832,2.8305847076461768,-0.0044767893470061566
cD1,2833,2.831584207896052,0.0017819623744055589
cD1,2834,2.832583708145927,0.003013427832237614
cD1,2835,2.833583208395802,-0.00037413699218639637
cD1,2836,2.834582708645677,-0.0010022799909865758
cD1,2837,2.835582208895552,-0.0038223043081037134
cD1,2838,2.836581709145427,0.00630973995781013
cD1,2839,2.837581209395302,-0.0011453577947246108
cD1,2840,2.838580709645177,-0.004304012994399186
cD1,2841,2.839580209895052,0.004422374324571373
cD1,2842,2.8405797101449273,-0.002684988571493658
cD1,2843,2.8415792103948023,0.0020699851578262008
cD1,2844,2.8425787106446774,0.0002687026897261851
cD1,2845,2.8435782108945524,-0.0037480972797042113
cD1,2846,2.8445777111444275,0.0020947255648737944
cD1,2847,2.845577211394303,0.0005332995627263433
cD1,2848,2.846576711644178,-0.0022361617734072774
cD1,2849,2.847576211894053,0.0011782019267381444
cD1,2850,2.848575712143928,0.003786161698218262
cD1,2851,2.849575212393803,-0.0034566350011613406
cD1,2852,2.8505747126436782,-0.0008974723538334574
cD1,2853,2.8515742128935533,0.004926775461406994
cD1,2854,2.8525737131434283,-0.00667224251150059
cD1,2855,2.8535732133933034,0.0023941704471057363
cD1,2856,2.8545727136431784,0.003889016916797312
cD1,2857,2.8555722138930535,-0.0023726354881246628
cD1,2858,2.8565717141429285,-0.0033621370921451056
cD1,2859,2.8575712143928036,0.0016625291153491988
cD1,2860,2.8585707146426786,0.0015923708815685279
cD1,2861,2.8595702148925537,-0.0036598987333202986
cD1,2862,2.8605697151424287,0.006039943557305894
cD1,2863,2.861569215392304,-0.004323015848620161
cD1,2864,2.862568715642179,-0.0006594919632695831
cD1,2865,2.863568215892054,0.00411400099983306
cD1,2866,2.864567716141929,0.0011754236863282638
cD1,2867,2.865567216391804,-0.004933417648911078
cD1,2868,2.866566716641679,-0.0011684758316276144
cD1,2869,2.867566216891554,0.0050178758345985255
cD1,2870,2.868565717141429,-0.005742750579082462
cD1,2871,2.869565217391304,0.004732974705721982
cD1,2872,2.8705647176411793,-0.0015515502269225646
cD1,2873,2.8715642178910543,-0.00011754388420902589
cD1,2874,2.8725637181409294,0.004368986864338096
cD1,2875,2.8735632183908044,-0.004183921831051857
cD1,2876,2.8745627186406795,-0.0012385311238875233
cD1,2877,2.8755622188905545,0.0005953469003513324
cD1,2878,2.8765617191404296,-0.0006178644182398738
cD1,2879,2.8775612193903046,-0.00048492735472899055
cD1,2880,2.8785607196401797,0.0036198018523653673
cD1,2881,2.8795602198900547,0.0023247398187657103
cD1,2882,2.88055972013993,-0.004876487255948809
cD1,2883,2.881559220389805,-0.0019291347220479751
cD1,2884,2.88255872063968,0.002375907810430389
cD1,2885,2.883558220889555,0.0016644554684376901
cD1,2886,2.88455772113943,-0.0015421708030453351
cD1,2887,2.885557221389305,0.0010166527377178298
cD1,2888,2.8865567216391805,0.0003471642719476149
cD1,2889,2.8875562218890556,-0.0014161709384951132
cD1,2890,2.8885557221389306,-0.003143735859580873
cD1,2891,2.8895552223888057,0.0036401072004908957
cD1,2892,2.8905547226386807,-0.0009020820391101135
cD1,2893,2.891554222888556,0.0032360085138154106
cD1,2894,2.892553723138431,-0.0015374324605661525
cD1,2895,2.893553223388306,-0.002002348824957974
cD1,2896,2.894552723638181,0.001486384771226484
cD1,2897,2.895552223888056,0.000117878524927338
cD1,2898,2.896551724137931,-0.0013333034627821773
cD1,2899,2.897551224387806,0.0016501168723315148
cD1,2900,2.898550724637681,-0.0019704387007613497
cD1,2901,2.899550224887556,0.0006129396937270346
cD1,2902,2.9005497251374313,0.0010211551946157893
cD1,2903,2.9015492253873063,-0.0025998696281414675
cD1,2904,2.9025487256371814,0.0014113567717564499
cD1,2905,2.9035482258870564,0.0048450116157946685
cD1,2906,2.9045477261369315,-0.0070831090520805055
cD1,2907,2.9055472263868065,0.005676137785885805
cD1,2908,2.9065467266366816,-0.002151721818383773
cD1,2909,2.9075462268865566,-0.004446715352616932
cD1,2910,2.9085457271364317,0.004091141653428627
cD1,2911,2.9095452273863067,5.264715462136938e-05
cD1,2912,2.9105447276361818,0.0005591439203908185
cD1,2913,2.911544227886057,-0.002043753388235212
cD1,2914,2.912543728135932,0.0016552935287942672
cD1,2915,2.913543228385807,0.00016040095729669926
cD1,2916,2.914542728635682,0.001734690846227793
cD1,2917,2.915542228885557,-0.001939432947833173
cD1,2918,2.916541729135432,-0.0048918398157338765
cD1,2919,2.917541229385307,0.0032649608016914852
cD1,2920,2.918540729635182,0.000640540327731122
cD1,2921,2.9195402298850572,0.0017847265204746837
cD1,2922,2.9205397301349323,0.004276503983276225
cD1,2923,2.9215392303848073,-0.007712867397275354
cD1,2924,2.9225387306346824,-0.00014286235900621525
cD1,2925,2.9235382308845574,-2.091508724254938e-05
cD1,2926,2.9245377311344325,0.00404796666370061
cD1,2927,2.9255372313843075,0.0010860310706898423
cD1,2928,2.9265367316341826,-0.0033093427995958364
cD1,2929,2.927536231884058,-0.0002374624601462841
cD1,2930,2.928535732133933,-0.0006889181529096854
cD1,2931,2.929535232383808,0.00226079269236143
cD1,2932,2.9305347326336832,-0.0015543239239137854
cD1,2933,2.9315342328835583,-0.0005928318576288461
cD1,2934,2.9325337331334334,0.004400510270949008
cD1,2935,2.9335332333833084,-0.0047579823088677135
cD1,2936,2.9345327336331835,0.000818062634802216
cD1,2937,2.9355322338830585,0.0036526012557283917
cD1,2938,2.9365317341329336,-0.004066575463496328
cD1,2939,2.9375312343828086,0.0002468370147159589
cD1,2940,2.9385307346326837,0.0019232993521828238
cD1,2941,2.9395302348825587,-0.0007971923684200622
cD1,2942,2.9405297351324338,0.00027786469903055095
cD1,2943,2.941529235382309,-0.00021440281591955505
cD1,2944,2.942528735632184,-0.00021649740305298835
cD1,2945,2.943528235882059,-0.00016691801988272508
cD1,2946,2.944527736131934,-0.0014773526797427947
cD1,2947,2.945527236381809,-0.0023045045156730635
cD1,2948,2.946526736631684,0.00725843561733434
cD1,2949,2.947526236881559,-0.0007787329131286893
cD1,2950,2.948525737131434,-0.0023662936937649116
cD1,2951,2.9495252373813092,0.0032172951693808455
cD1,2952,2.9505247376311843,-0.007544022379860542
cD1,2953,2.9515242378810593,0.0038648050383277266
cD1,2954,2.9525237381309344,0.0023148466265718124
cD1,2955,2.9535232383808094,-0.003968743800542823
cD1,2956,2.9545227386306845,0.0025960615543802056
cD1,2957,2.9555222388805595,-0.0016968357556754964
cD1,2958,2.9565217391304346,-5.818570596765205e-05
cD1,2959,2.9575212393803096,0.004756463796139931
cD1,2960,2.9585207396301847,-0.003303544703540692
cD1,2961,2.9595202398800597,-0.002874114122158434
cD1,2962,2.960519740129935,0.003518964959468785
cD1,2963,2.96151924037981,-0.0014097980383554645
cD1,2964,2.962518740629685,-0.0013595553324929688
cD1,2965,2.96351824087956,0.004427977936584073
cD1,2966,2.964517741129435,-0.002626698130136069
cD1,2967,2.96551724137931,-0.00035464638792531234
cD1,2968,2.966516741629185,-0.0004018883865988265
cD1,2969,2.96751624187906,0.0004931694383598997
cD1,2970,2.9685157421289357,0.0013175905636797567
cD1,2971,2.9695152423788107,-0.0024150320851755534
cD1,2972,2.9705147426286858,0.0014267290625891867
cD1,2973,2.971514242878561,0.0019195603042387
cD1,2974,2.972513743128436,-0.0038467923891768404
cD1,2975,2.973513243378311,0.003821863605461407
cD1,2976,2.974512743628186,-0.0020007552084410065
cD1,2977,2.975512243878061,-0.003212283285639758
cD1,2978,2.976511744127936,0.005388895166012582
cD1,2979,2.977511244377811,0.0004914157364122834
cD1,2980,2.978510744627686,-0.006431579302443158
cD1,2981,2.979510244877561,0.005545470837670069
cD1,2982,2.9805097451274363,-0.00042346815286208007
cD1,2983,2.9815092453773113,-0.004231730738853883
cD1,2984,2.9825087456271864,0.0045966254287748524
cD1,2985,2.9835082458770614,-0.003090947488806322
cD1,2986,2.9845077461269365,0.0032485578167540654
cD1,2987,2.9855072463768115,-0.0026498708290551088
cD1,2988,2.9865067466266866,0.000951497168394561
cD1,2989,2.9875062468765616,0.0018954118383894057
cD1,2990,2.9885057471264367,-0.005537668179493882
cD1,2991,2.9895052473763117,0.006862455688068946
cD1,2992,2.990504747626187,-0.004412615567429634
cD1,2993,2.991504247876062,-0.0025857666008249174
cD1,2994,2.992503748125937,0.005918771575032869
cD1,2995,2.993503248375812,-0.003887372402622434
cD1,2996,2.994502748625687,0.004303969846796812
cD1,2997,2.995502248875562,-0.00023832605117589604
cD1,2998,2.996501749125437,-0.005188286548221788
cD1,2999,2.997501249375312,0.0024766942341068006
cD1,3000,2.998500749625187,0.0007923611475031491
cD1,3001,2.9995002498750623,-0.0027656341959717595
cD1,3002,3.0004997501249373,0.004518748294718305
cD1,3003,3.0014992503748124,-0.001818861127178725
cD1,3004,3.0024987506246874,-0.0008739882612032498
cD1,3005,3.0034982508745625,0.0023492129758841546
cD1,3006,3.0044977511244375,-0.004726957022011849
cD1,3007,3.0054972513743126,0.0012184140750663417
cD1,3008,3.0064967516241876,0.0013692931740952523
cD1,3009,3.0074962518740627,0.0005491864801021248
cD1,3010,3.0084957521239377,-0.002089304464841649
cD1,3011,3.009495252373813,0.005986593833479739
cD1,3012,3.0104947526236883,-0.002267681154759486
cD1,3013,3.0114942528735633,-0.005306141204981565
cD1,3014,3.0124937531234384,0.004733782064755224
cD1,3015,3.0134932533733134,-0.0033574679559537903
cD1,3016,3.0144927536231885,0.0026322548164385397
cD1,3017,3.0154922538730635,4.45057604815096e-05
cD1,3018,3.0164917541229386,0.00017386225453633873
cD1,3019,3.0174912543728136,-0.0005970147123921933
cD1,3020,3.0184907546226887,-0.0015796954604607649
cD1,3021,3.0194902548725637,0.0013722253996163612
cD1,3022,3.020489755122439,-0.0021814659889338108
cD1,3023,3.021489255372314,0.00327100593098274
cD1,3024,3.022488755622189,-0.0002157820635068148
cD1,3025,3.023488255872064,-0.0017317724005537667
cD1,3026,3.024487756121939,0.0014055062188716282
cD1,3027,3.025487256371814,-0.0006965747598079373
cD1,3028,3.026486756621689,-0.0031737552892998067
cD1,3029,3.027486256871564,0.0058363574256492835
cD1,3030,3.028485757121439,-0.001524397391567041
cD1,3031,3.0294852573713142,-0.002445250443789599
cD1,3032,3.0304847576211893,0.003135227003059111
cD1,3033,3.0314842578710643,-0.0012894446527627161
cD1,3034,3.0324837581209394,-0.001659528851706231
cD1,3035,3.0334832583708145,0.0017927426379267045
cD1,3036,3.0344827586206895,-0.002116383719240912
cD1,3037,3.0354822588705646,-0.00021396392520564057
cD1,3038,3.0364817591204396,0.0032560096675637376
cD1,3039,3.0374812593703147,0.0005839501940799376
cD1,3040,3.0384807596201897,0.00013635122869346504
cD1,3041,3.0394802598700648,-0.0031223111630469865
cD1,3042,3.04047976011994,0.0006991868661508759
cD1,3043,3.041479260369815,0.0007359833503892028
cD1,3044,3.04247876061969,0.002130763454588883
cD1,3045,3.043478260869565,0.0015153761814197808
cD1,3046,3.04447776111944,-0.009105651880738471
cD1,3047,3.045477261369315,0.004444315224995187
cD1,3048,3.04647676161919,-0.0031205147519799224
cD1,3049,3.047476261869065,-0.003575043608273763
cD1,3050,3.0484757621189402,0.001996179191829657
cD1,3051,3.0494752623688153,0.000910241295681475
cD1,3052,3.0504747626186908,0.0018606599479180086
cD1,3053,3.051474262868566,0.002090453523398303
cD1,3054,3.052473763118441,0.0005799753860948262
cD1,3055,3.053473263368316,0.005318265643965661
cD1,3056,3.054472763618191,0.0014300089122561074
cD1,3057,3.055472263868066,-0.001819293679290103
cD1,3058,3.056471764117941,0.0026169001767876662
cD1,3059,3.057471264367816,-0.0073695010704549375
cD1,3060,3.058470764617691,-0.0033783175629275293
cD1,3061,3.0594702648675662,0.009724701861448214
cD1,3062,3.0604697651174413,-0.001688102545818325
cD1,3063,3.0614692653673163,-0.004671681045151754
cD1,3064,3.0624687656171914,-0.004622677681590762
cD1,3065,3.0634682658670664,0.009691032974850952
cD1,3066,3.0644677661169415,-0.0037776393859922514
cD1,3067,3.0654672663668165,-0.008916959616160514
cD1,3068,3.0664667666166916,0.0002346202164075495
cD1,3069,3.0674662668665666,-0.009700947768411364
cD1,3070,3.0684657671164417,0.0069816332362378705
cD1,3071,3.0694652673663168,0.006099029420729044
cD1,3072,3.070464767616192,0.00357878934481279
cD1,3073,3.071464267866067,0.007262322535954633
cD1,3074,3.072463768115942,0.003489526942615999
cD1,3075,3.073463268365817,-0.00805551338427507
cD1,3076,3.074462768615692,-0.007036379916932692
cD1,3077,3.075462268865567,0.006566398433418948
cD1,3078,3.076461769115442,-0.0030732437407277047
cD1,3079,3.077461269365317,-4.263450312048944e-05
cD1,3080,3.078460769615192,0.004539064151669971
cD1,3081,3.0794602698650673,-0.004009479328432611
cD1,3082,3.0804597701149423,0.005753826171151895
cD1,3083,3.0814592703648174,-0.004515787066482261
cD1,3084,3.0824587706146924,0.0023546507788536914
cD1,3085,3.0834582708645675,0.0007889980317246297
cD1,3086,3.0844577711144425,-0.006994931697480996
cD1,3087,3.0854572713643176,0.0011368907059236093
cD1,3088,3.0864567716141926,-0.0002685792956231142
cD1,3089,3.0874562718640677,0.0009901843832162346
cD1,3090,3.0884557721139427,5.22185986083501e-07
cD1,3091,3.089455272363818,-5.849129955032284e-05
cD1,3092,3.090454772613693,0.00033600497612978203
cD1,3093,3.0914542728635683,-0.0013423374802552616
cD1,3094,3.0924537731134434,-0.0020662645100495945
cD1,3095,3.0934532733633184,0.002141970282750606
cD1,3096,3.0944527736131935,0.005441025146464203
cD1,3097,3.0954522738630685,-0.006030398108005329
cD1,3098,3.0964517741129436,0.008884401430340343
cD1,3099,3.0974512743628186,-0.001963767240590164
cD1,3100,3.0984507746126937,-0.005348931794435605
cD1,3101,3.0994502748625687,0.004566999625424747
cD1,3102,3.100449775112444,-0.004753771799775024
cD1,3103,3.101449275362319,-0.0011616910088616864
cD1,3104,3.102448775612194,0.003918403471518411
cD1,3105,3.103448275862069,-0.0040822374808943815
cD1,3106,3.104447776111944,-0.0007992074806071193
cD1,3107,3.105447276361819,0.0033590476519182004
cD1,3108,3.106446776611694,-0.0009221357205095415
cD1,3109,3.107446276861569,0.0031736539369818404
cD1,3110,3.108445777111444,-0.0033110379469797942
cD1,3111,3.1094452773613193,0.00039866231806747615
cD1,3112,3.1104447776111943,0.002494418536485179
cD1,3113,3.1114442778610694,-0.0020318897548661473
cD1,3114,3.1124437781109444,-4.636995778850399e-05
cD1,3115,3.1134432783608195,0.0020984125198731437
cD1,3116,3.1144427786106945,0.0014190989322204767
cD1,3117,3.1154422788605696,-0.004686831317891249
cD1,3118,3.1164417791104446,0.0008834481878500951
cD1,3119,3.1174412793603197,0.0004329658467218194
cD1,3120,3.1184407796101947,9.931029097821534e-05
cD1,3121,3.1194402798600698,-0.0004748603025662712
cD1,3122,3.120439780109945,5.08793609171926e-05
cD1,3123,3.12143928035982,0.00019931273965968083
cD1,3124,3.122438780609695,-0.0006573667004493673
cD1,3125,3.12343828085957,0.001494939062013507
cD1,3126,3.124437781109445,-0.0002500153460669244
cD1,3127,3.12543728135932,0.0009521396673341257
cD1,3128,3.126436781609195,-0.0008195888637139246
cD1,3129,3.12743628185907,-0.0018511408867142075
cD1,3130,3.1284357821089452,0.0038016383922123732
cD1,3131,3.1294352823588203,0.0010184861621610614
cD1,3132,3.1304347826086953,-0.009138095256082874
cD1,3133,3.1314342828585704,0.00494920916032671
cD1,3134,3.132433783108446,0.0022843570206302517
cD1,3135,3.133433283358321,-0.0029586264551972035
cD1,3136,3.134432783608196,0.0022676725689072816
cD1,3137,3.135432283858071,-0.001585676061206371
cD1,3138,3.136431784107946,-0.0019495969751865574
cD1,3139,3.137431284357821,0.005689412413246758
cD1,3140,3.138430784607696,-0.0009540805972428216
cD1,3141,3.1394302848575713,-0.0042947039040349905
cD1,3142,3.1404297851074463,0.00245253517419593
cD1,3143,3.1414292853573214,-0.0012106245624071586
cD1,3144,3.1424287856071964,-0.0004291498063282457
cD1,3145,3.1434282858570715,0.004757209351664918
cD1,3146,3.1444277861069465,-0.002208271603799699
cD1,3147,3.1454272863568216,-0.005460416249287076
cD1,3148,3.1464267866066966,0.005574549270382485
cD1,3149,3.1474262868565717,-0.00022087475506904312
cD1,3150,3.1484257871064467,-0.0006013692596954882
cD1,3151,3.1494252873563218,-0.0019121389797682187
cD1,3152,3.150424787606197,0.0012370584148173464
cD1,3153,3.151424287856072,0.0020008015297771258
cD1,3154,3.152423788105947,-0.0005976847418759108
cD1,3155,3.153423288355822,-0.0016328309049476902
cD1,3156,3.154422788605697,0.0037580259337810953
cD1,3157,3.155422288855572,-0.004665977277777436
cD1,3158,3.156421789105447,0.00023726099968473385
cD1,3159,3.157421289355322,-0.0002022768945912478
cD1,3160,3.1584207896051972,0.0017809863365800451
cD1,3161,3.1594202898550723,0.0023164654306863245
cD1,3162,3.1604197901049473,-0.002826709578585128
cD1,3163,3.1614192903548224,-0.0032220870123984384
cD1,3164,3.1624187906046974,0.0029574754802230915
cD1,3165,3.1634182908545725,0.00033303038368180486
cD1,3166,3.1644177911044475,-0.0011274514843770114
cD1,3167,3.1654172913543226,0.0054057517413463214
cD1,3168,3.1664167916041976,-0.0014829967736253655
cD1,3169,3.1674162918540727,-0.002778475943486251
cD1,3170,3.1684157921039477,-0.004937043842891553
cD1,3171,3.169415292353823,0.0013580462585092911
cD1,3172,3.170414792603698,0.0019249529484531049
cD1,3173,3.171414292853573,0.005200684397964255
cD1,3174,3.172413793103448,0.002325587578055968
cD1,3175,3.1734132933533234,-0.006716385272094994
cD1,3176,3.1744127936031985,-0.0023166434191479626
cD1,3177,3.1754122938530736,0.00563137440989101
cD1,3178,3.1764117941029486,-0.002524077578315698
cD1,3179,3.1774112943528237,-0.005872895108295944
cD1,3180,3.1784107946026987,0.003893773244097675
cD1,3181,3.1794102948525738,0.007691651225302373
cD1,3182,3.180409795102449,-0.0021326436344974043
cD1,3183,3.181409295352324,-0.0005564822350876504
cD1,3184,3.182408795602199,-0.00377823317149351
cD1,3185,3.183408295852074,-0.005774363863252509
cD1,3186,3.184407796101949,0.0020499964430287397
cD1,3187,3.185407296351824,0.003700183843676194
cD1,3188,3.186406796601699,0.007623219392060386
cD1,3189,3.187406296851574,-0.004443149728126413
cD1,3190,3.1884057971014492,-0.001525747660915384
cD1,3191,3.1894052973513243,-0.001356725903258465
cD1,3192,3.1904047976011993,-0.003586476267989318
cD1,3193,3.1914042978510744,0.0025627070559180874
cD1,3194,3.1924037981009494,0.0009806761849036382
cD1,3195,3.1934032983508245,0.004556564803317635
cD1,3196,3.1944027986006995,0.0056657271799033255
cD1,3197,3.1954022988505746,-0.011418512013973474
cD1,3198,3.1964017991004496,-0.006612145840729241
cD1,3199,3.1974012993503247,0.0024911497104448867
cD1,3200,3.1984007996001997,0.007479011605201556
cD1,3201,3.199400299850075,0.007765193643434163
cD1,3202,3.20039980009995,-0.00567276267951632
cD1,3203,3.201399300349825,-0.011715099136421915
cD1,3204,3.2023988005997,0.005832299974436188
cD1,3205,3.203398300849575,0.00046594496034501384
cD1,3206,3.20439780109945,0.0016123371243123826
cD1,3207,3.205397301349325,0.007911293881307516
cD1,3208,3.2063968015992,-0.006674296084059422
cD1,3209,3.207396301849075,-0.0026657709694478896
cD1,3210,3.2083958020989503,0.0018693273208381734
cD1,3211,3.2093953023488253,-0.00404754081341842
cD1,3212,3.2103948025987004,0.0015133791579901544
cD1,3213,3.2113943028485754,0.003279237647200878
cD1,3214,3.2123938030984505,0.0008873585099141154
cD1,3215,3.2133933033483255,-0.003191230279669509
cD1,3216,3.214392803598201,0.0019526125491727028
cD1,3217,3.215392303848076,-0.0015421137828737063
cD1,3218,3.216391804097951,0.00025305868988553804
cD1,3219,3.217391304347826,0.002797056283549177
cD1,3220,3.218390804597701,-0.0018548203730282603
cD1,3221,3.2193903048475763,-0.0019778954967226573
cD1,3222,3.2203898050974513,0.00430305686305608
cD1,3223,3.2213893053473264,-0.0002740347067969001
cD1,3224,3.2223888055972014,-0.0019091616129012128
cD1,3225,3.2233883058470765,-0.005768581908418443
cD1,3226,3.2243878060969515,0.005496400528837971
cD1,3227,3.2253873063468266,-0.00011421501548239833
cD1,3228,3.2263868065967016,0.0010088114854272141
cD1,3229,3.2273863068465767,-9.667343670548842e-05
cD1,3230,3.2283858070964517,-0.0021929560813550636
cD1,3231,3.229385307346327,0.002587169354547879
cD1,3232,3.230384807596202,-0.002389349374304674
cD1,3233,3.231384307846077,-0.000749111265455361
cD1,3234,3.232383808095952,0.0034011682044225466
cD1,3235,3.233383308345827,-0.0032365830071545854
cD1,3236,3.234382808595702,-0.00015800392242024727
cD1,3237,3.235382308845577,0.0031507829731671866
cD1,3238,3.236381809095452,0.0009281597414472955
cD1,3239,3.237381309345327,-0.0016181111962411654
cD1,3240,3.2383808095952022,-0.001399025790011269
cD1,3241,3.2393803098450773,0.0005666573999069087
cD1,3242,3.2403798100949524,-0.0016168811376993833
cD1,3243,3.2413793103448274,0.00573208904646189
cD1,3244,3.2423788105947025,-0.005209703149397395
cD1,3245,3.2433783108445775,-0.002906491722267541
cD1,3246,3.2443778110944526,0.005638199284314369
cD1,3247,3.2453773113443276,0.002056752413443226
cD1,3248,3.2463768115942027,-0.005038420700669496
cD1,3249,3.2473763118440777,-0.0005459889347185943
cD1,3250,3.2483758120939528,0.0030337955309594983
cD1,3251,3.249375312343828,-0.003613253623660262
cD1,3252,3.250374812593703,0.0026646787634554666
cD1,3253,3.251374312843578,0.0021982074869396923
cD1,3254,3.252373813093453,-0.0043823146579951636
cD1,3255,3.253373313343328,0.005278614875325396
cD1,3256,3.254372813593203,0.002135472883302499
cD1,3257,3.2553723138430786,-0.011368077173192992
cD1,3258,3.2563718140929536,0.004456675185277998
cD1,3259,3.2573713143428287,0.0037578690036924683
cD1,3260,3.2583708145927037,-0.0031942762525963876
cD1,3261,3.2593703148425788,9.583880920723941e-05
cD1,3262,3.260369815092454,0.004522529557615609
cD1,3263,3.261369315342329,-0.0068326975982884106
cD1,3264,3.262368815592204,0.0021071330270465713
cD1,3265,3.263368315842079,0.003533679808896309
cD1,3266,3.264367816091954,-0.00472698682449988
cD1,3267,3.265367316341829,0.006277455694295255
cD1,3268,3.266366816591704,-0.0024781713069612315
cD1,3269,3.267366316841579,-0.005844015593367129
cD1,3270,3.2683658170914542,0.005758550965613626
cD1,3271,3.2693653173413293,-0.0011661533978922828
cD1,3272,3.2703648175912043,-0.0024557396828847945
cD1,3273,3.2713643178410794,0.002725047524668883
cD1,3274,3.2723638180909544,-0.0008073555776985638
cD1,3275,3.2733633183408295,0.0015894055633461758
cD1,3276,3.2743628185907045,-0.000991892607135233
cD1,3277,3.2753623188405796,-0.0002361614508911967
cD1,3278,3.2763618190904547,0.0024172115710518974
cD1,3279,3.2773613193403297,-0.004436627215312028
cD1,3280,3.2783608195902048,0.0014056811150130332
cD1,3281,3.27936031984008,0.0017642496706740988
cD1,3282,3.280359820089955,-0.0026073910963568844
cD1,3283,3.28135932033983,3.956062614062102e-05
cD1,3284,3.282358820589705,0.004802432120983413
cD1,3285,3.28335832083958,-0.0043062547347577015
cD1,3286,3.284357821089455,-0.00457388343199559
cD1,3287,3.28535732133933,0.008290949801641346
cD1,3288,3.286356821589205,-0.0007506432748819107
cD1,3289,3.28735632183908,-0.0014275370490994745
cD1,3290,3.2883558220889553,0.0019532362626675354
cD1,3291,3.2893553223388303,-0.006603386623267409
cD1,3292,3.2903548225887054,0.0021418685883385627
cD1,3293,3.2913543228385804,0.008071057493945365
cD1,3294,3.2923538230884555,-0.005515332707933995
cD1,3295,3.2933533233383305,-0.006724351962092555
cD1,3296,3.2943528235882056,0.005339061535368788
cD1,3297,3.2953523238380806,-0.0012932382395509545
cD1,3298,3.296351824087956,0.00454598475964601
cD1,3299,3.297351324337831,0.0017785860962684261
cD1,3300,3.2983508245877062,-0.008392766470806966
cD1,3301,3.2993503248375813,0.004161202564329959
cD1,3302,3.3003498250874563,0.0033777916522187788
cD1,3303,3.3013493253373314,-0.0029100432214389594
cD1,3304,3.3023488255872064,-0.0012331264266995734
cD1,3305,3.3033483258370815,-0.001497162375610291
cD1,3306,3.3043478260869565,0.0004132460642454435
cD1,3307,3.3053473263368316,0.004536138777922184
cD1,3308,3.3063468265867066,-0.0021767354654707205
cD1,3309,3.3073463268365817,-0.005719298224040666
cD1,3310,3.3083458270864567,0.006871864048038675
cD1,3311,3.309345327336332,0.0011987796825150892
cD1,3312,3.310344827586207,-0.00653653810123407
cD1,3313,3.311344327836082,0.005686572111183638
cD1,3314,3.312343828085957,0.00017376763930148308
cD1,3315,3.313343328335832,-0.0076936180207675675
cD1,3316,3.314342828585707,0.010901160340473623
cD1,3317,3.315342328835582,-0.0037839176910349744
cD1,3318,3.316341829085457,-0.0065464076998823575
cD1,3319,3.317341329335332,0.0075128752615683985
cD1,3320,3.3183408295852073,-0.005508803953553781
cD1,3321,3.3193403298350823,-0.00016597516986058736
cD1,3322,3.3203398300849574,0.005234756764615671
cD1,3323,3.3213393303348324,-0.0031666845065302877
cD1,3324,3.3223388305847075,0.0012823883774470612
cD1,3325,3.3233383308345825,0.002003742048274784
cD1,3326,3.3243378310844576,-0.001503568713125924
cD1,3327,3.3253373313343326,0.00153782658318081
cD1,3328,3.3263368315842077,-0.0014874753501839658
cD1,3329,3.3273363318340827,-0.002715406458557856
cD1,3330,3.328335832083958,-0.002226741854956602
cD1,3331,3.329335332333833,0.0057645841692713345
cD1,3332,3.330334832583708,-0.0010199170511079325
cD1,3333,3.331334332833583,-0.0008398957424596018
cD1,3334,3.332333833083458,-0.00025103804052129756
cD1,3335,3.333333333333333,0.0006996760915770179
cD1,3336,3.334332833583208,-0.0013727292629367245
cD1,3337,3.335332333833083,-3.753793031221976e-05
cD1,3338,3.336331834082958,0.002250717228560135
cD1,3339,3.3373313343328337,-0.0033888036838662086
cD1,3340,3.3383308345827087,0.002454887932017169
cD1,3341,3.339330334832584,-0.0006426658961597512
cD1,3342,3.340329835082459,0.004111215851440515
cD1,3343,3.341329335332334,-0.005051734243231772
cD1,3344,3.342328835582209,0.0008676610789695076
cD1,3345,3.343328335832084,0.0032683626729239986
cD1,3346,3.344327836081959,-0.005037466381628728
cD1,3347,3.345327336331834,0.001986375725605327
cD1,3348,3.346326836581709,0.00475397696911518
cD1,3349,3.347326336831584,-0.007766541504543396
cD1,3350,3.3483258370814593,0.004163275024355494
cD1,3351,3.3493253373313343,0.0014270552734119341
cD1,3352,3.3503248375812094,-0.009220496247889558
cD1,3353,3.3513243378310844,0.011634845304643485
cD1,3354,3.3523238380809595,-0.0058251938345497065
cD1,3355,3.3533233383308345,-0.0033640028634104174
cD1,3356,3.3543228385807096,0.007293486667094383
cD1,3357,3.3553223388305846,-0.005121202865422325
cD1,3358,3.3563218390804597,0.006400300798139054
cD1,3359,3.3573213393303347,-0.0030271268215280537
cD1,3360,3.3583208395802098,-0.002982878954218708
cD1,3361,3.359320339830085,0.0026893737700782122
cD1,3362,3.36031984007996,-0.0017673378133927346
cD1,3363,3.361319340329835,-0.00024353510441478063
cD1,3364,3.36231884057971,0.004155900498375957
cD1,3365,3.363318340829585,-0.0035553452776740588
cD1,3366,3.36431784107946,-0.0009058802354795321
cD1,3367,3.365317341329335,0.005481453637825423
cD1,3368,3.36631684157921,-0.0037583809629203407
cD1,3369,3.3673163418290852,-0.003885551297431312
cD1,3370,3.3683158420789603,0.003584129241693695
cD1,3371,3.3693153423288353,-0.0008722046135658354
cD1,3372,3.3703148425787104,0.002944282397994198
cD1,3373,3.3713143428285854,-0.0034135778517004845
cD1,3374,3.3723138430784605,0.0006961948394035434
cD1,3375,3.3733133433283355,0.000736503900600403
cD1,3376,3.3743128435782106,0.0008745663206706509
cD1,3377,3.3753123438280856,-0.0013029072702471878
cD1,3378,3.3763118440779607,0.0018657524747953923
cD1,3379,3.3773113443278358,-0.0014064906525969316
cD1,3380,3.3783108445777112,0.0018261559050550516
cD1,3381,3.3793103448275863,0.0002484724558995976
cD1,3382,3.3803098450774614,-0.007743274749730554
cD1,3383,3.3813093453273364,0.007439611549050819
cD1,3384,3.3823088455772115,-0.0009087549448542056
cD1,3385,3.3833083458270865,-0.003386045058130242
cD1,3386,3.3843078460769616,0.0033976830281602813
cD1,3387,3.3853073463268366,-0.001714116619150693
cD1,3388,3.3863068465767117,0.0009779797051851652
cD1,3389,3.3873063468265867,0.004457520709523193
cD1,3390,3.3883058470764618,-0.006054556544166887
cD1,3391,3.389305347326337,-0.0053784327505943036
cD1,3392,3.390304847576212,0.020833271978478358
cD1,3393,3.391304347826087,-0.007834220833107157
cD1,3394,3.392303848075962,-0.028356857113468102
cD1,3395,3.393303348325837,0.010931588309780985
cD1,3396,3.394302848575712,0.015923375138820212
cD1,3397,3.395302348825587,0.007025329821297447
cD1,3398,3.396301849075462,-0.004988829160235887
cD1,3399,3.3973013493253372,-0.015889909647020584
cD1,3400,3.3983008495752123,0.01062876315554437
cD1,3401,3.3993003498250873,0.005086878251004638
cD1,3402,3.4002998500749624,-0.01053675453613281
cD1,3403,3.4012993503248374,0.007505036478171261
cD1,3404,3.4022988505747125,0.00569295599086175
cD1,3405,3.4032983508245875,-0.013737452238091717
cD1,3406,3.4042978510744626,0.0028644090185826476
cD1,3407,3.4052973513243376,-0.00043082908373708734
cD1,3408,3.4062968515742127,-0.004497568524076151
cD1,3409,3.4072963518240877,0.005250063043697684
cD1,3410,3.408295852073963,0.003685549305034907
cD1,3411,3.409295352323838,0.0045698854930665625
cD1,3412,3.410294852573713,-0.004383390273110599
cD1,3413,3.411294352823588,-0.005581265207787325
cD1,3414,3.412293853073463,-0.004694893717616042
cD1,3415,3.413293353323338,0.002233677542735568
cD1,3416,3.414292853573213,0.005459043323709607
cD1,3417,3.415292353823088,-0.0011675017922257135
cD1,3418,3.416291854072963,0.005151960145527195
cD1,3419,3.4172913543228383,-0.0030177764608314145
cD1,3420,3.4182908545727133,-0.0013029639142550578
cD1,3421,3.419290354822589,0.0008969627777647496
cD1,3422,3.420289855072464,0.006657567406692485
cD1,3423,3.421289355322339,-0.0009495233552944994
cD1,3424,3.422288855572214,-0.01324615286372733
cD1,3425,3.423288355822089,0.005890965499001257
cD1,3426,3.424287856071964,0.004629166037305885
cD1,3427,3.425287356321839,-0.0013938973168713305
cD1,3428,3.426286856571714,0.0007637601263981294
cD1,3429,3.427286356821589,-0.009956275902204048
cD1,3430,3.4282858570714643,0.0014814078187432213
cD1,3431,3.4292853573213393,0.004344064765136263
cD1,3432,3.4302848575712144,0.005127729038641062
cD1,3433,3.4312843578210894,-0.0006073840168719074
cD1,3434,3.4322838580709645,-0.008333513592440318
cD1,3435,3.4332833583208395,0.005316832052325892
cD1,3436,3.4342828585707146,0.004081711241406925
cD1,3437,3.4352823588205896,-0.001203541297302939
cD1,3438,3.4362818590704647,-0.0018436872790032043
cD1,3439,3.4372813593203397,-0.003710058215843028
cD1,3440,3.438280859570215,-0.0020048866670571777
cD1,3441,3.43928035982009,0.004973859041552141
cD1,3442,3.440279860069965,-0.0011095611559400736
cD1,3443,3.44127936031984,-0.0005611146097977207
cD1,3444,3.442278860569715,0.004074370234111174
cD1,3445,3.44327836081959,-0.005724588345683109
cD1,3446,3.444277861069465,0.003869894578194267
cD1,3447,3.44527736131934,0.005657423624119842
cD1,3448,3.446276861569215,-0.0090892967820772
cD1,3449,3.4472763618190903,0.0022155517121296873
cD1,3450,3.4482758620689653,-0.0007855001444708612
cD1,3451,3.4492753623188404,-0.003359325052691222
cD1,3452,3.4502748625687154,0.0041893821203141755
cD1,3453,3.4512743628185905,-0.0010661263373903448
cD1,3454,3.4522738630684655,0.0025921610743814614
cD1,3455,3.4532733633183406,0.0011895504659081828
cD1,3456,3.4542728635682156,-0.00036730708944229806
cD1,3457,3.4552723638180907,-0.003753627590510994
cD1,3458,3.4562718640679657,-0.00015148565250855308
cD1,3459,3.4572713643178408,0.0026457745248208908
cD1,3460,3.458270864567716,-0.0015144420190704453
cD1,3461,3.459270364817591,2.4903906362770158e-05
cD1,3462,3.4602698650674664,0.0030532758872429044
cD1,3463,3.4612693653173414,-0.0044517335893239154
cD1,3464,3.4622688655672165,0.0015833914421245973
cD1,3465,3.4632683658170915,0.001259032224673379
cD1,3466,3.4642678660669666,-0.001409010627071744
cD1,3467,3.4652673663168416,-0.0021966571668192636
cD1,3468,3.4662668665667167,0.0011039763400004952
cD1,3469,3.4672663668165917,0.007359295437997978
cD1,3470,3.468265867066467,-0.007389829344904753
cD1,3471,3.469265367316342,-0.0015314397793145806
cD1,3472,3.470264867566217,0.005305670343679207
cD1,3473,3.471264367816092,-0.00015204735182254656
cD1,3474,3.472263868065967,-0.000645895394885119
cD1,3475,3.473263368315842,-0.003071431392590487
cD1,3476,3.474262868565717,0.00023376234451476805
cD1,3477,3.475262368815592,0.0033618043645783037
cD1,3478,3.476261869065467,0.0005368710183184062
cD1,3479,3.4772613693153422,-0.0037288805621037285
cD1,3480,3.4782608695652173,6.516397108440562e-05
cD1,3481,3.4792603698150923,0.002080486197440513
cD1,3482,3.4802598700649674,-0.0010801125774624783
cD1,3483,3.4812593703148424,-0.002793052905775176
cD1,3484,3.4822588705647175,0.0050750003579974196
cD1,3485,3.4832583708145926,-0.0011147396531603435
cD1,3486,3.4842578710644676,-0.0031341944869050196
cD1,3487,3.4852573713143427,0.0009379107050550553
cD1,3488,3.4862568715642177,0.002776208612091817
cD1,3489,3.4872563718140928,-0.0017816345939905662
cD1,3490,3.488255872063968,-0.0015650269363308045
cD1,3491,3.489255372313843,0.0044330988593981645
cD1,3492,3.490254872563718,-0.0016235424619083594
cD1,3493,3.491254372813593,-0.004647532698402499
cD1,3494,3.492253873063468,0.005330221341126392
cD1,3495,3.493253373313343,-0.0006517633790664415
cD1,3496,3.494252873563218,0.0011307219668921214
cD1,3497,3.495252373813093,-0.002415033637309562
cD1,3498,3.4962518740629682,-0.0026610787092077536
cD1,3499,3.4972513743128433,0.002953911073902019
cD1,3500,3.4982508745627183,-0.0011426810627952369
cD1,3501,3.4992503748125934,0.0005416738879983835
cD1,3502,3.5002498750624684,0.004728766596130622
cD1,3503,3.501249375312344,-0.006897300222036749
cD1,3504,3.502248875562219,0.003112301476527359
cD1,3505,3.503248375812094,0.0002584119845595173
cD1,3506,3.504247876061969,-0.0003306603756805483
cD1,3507,3.505247376311844,0.0021231460522860247
cD1,3508,3.506246876561719,-0.004286149365633741
cD1,3509,3.5072463768115942,0.000733606335623852
cD1,3510,3.5082458770614693,0.001170616000440701
cD1,3511,3.5092453773113443,0.0008412355600841854
cD1,3512,3.5102448775612194,-0.00483260282835087
cD1,3513,3.5112443778110944,0.0060452365885311134
cD1,3514,3.5122438780609695,0.000316155227634085
cD1,3515,3.5132433783108445,-0.004542986000589376
cD1,3516,3.5142428785607196,0.007210637839642892
cD1,3517,3.5152423788105946,-0.008023062105407177
cD1,3518,3.5162418790604697,0.002405532620733192
cD1,3519,3.5172413793103448,0.0007530715844134214
cD1,3520,3.51824087956022,-0.0006760318673226977
cD1,3521,3.519240379810095,0.0008369181996760854
cD1,3522,3.52023988005997,-0.0028668731323180053
cD1,3523,3.521239380309845,0.003973884025680642
cD1,3524,3.52223888055972,-5.4527286846149225e-05
cD1,3525,3.523238380809595,-0.003037880902323154
cD1,3526,3.52423788105947,0.0019605166933275068
cD1,3527,3.525237381309345,-0.000404751684867448
cD1,3528,3.52623688155922,0.0005333122228024538
cD1,3529,3.5272363818090953,-0.00023604824221485688
cD1,3530,3.5282358820589703,0.0027534510003946067
cD1,3531,3.5292353823088454,-0.005657878222176745
cD1,3532,3.5302348825587204,-0.000807055853594357
cD1,3533,3.5312343828085955,0.0041938082415360345
cD1,3534,3.5322338830584705,0.002020348764943497
cD1,3535,3.5332333833083456,-0.001719326994749044
cD1,3536,3.5342328835582206,-0.003644400193337572
cD1,3537,3.5352323838080957,0.0010284157754331259
cD1,3538,3.5362318840579707,0.0034461541492408405
cD1,3539,3.537231384307846,0.0004540904108326256
cD1,3540,3.538230884557721,-0.004204256257504083
cD1,3541,3.539230384807596,0.0032177716284887293
cD1,3542,3.540229885057471,-0.0013399614452671755
cD1,3543,3.541229385307346,-0.005650949259104886
cD1,3544,3.5422288855572215,0.010851523085270156
cD1,3545,3.5432283858070965,-0.0031156539511085087
cD1,3546,3.5442278860569716,-0.005084575935470236
cD1,3547,3.5452273863068466,0.006624507268792051
cD1,3548,3.5462268865567217,-0.006598138666670096
cD1,3549,3.5472263868065967,0.0025883010437562056
cD1,3550,3.548225887056472,-0.0015108626636861234
cD1,3551,3.549225387306347,0.0007859247435437135
cD1,3552,3.550224887556222,0.005267935942455196
cD1,3553,3.551224387806097,-0.004303229585313419
cD1,3554,3.552223888055972,-2.8441112754902347e-06
cD1,3555,3.553223388305847,0.00015292671426435627
cD1,3556,3.554222888555722,0.000958525724169662
cD1,3557,3.555222388805597,-0.004495988567410806
cD1,3558,3.556221889055472,0.005389134078171479
cD1,3559,3.5572213893053473,-0.0009651219214101217
cD1,3560,3.5582208895552223,-0.0024668962210537735
cD1,3561,3.5592203898050974,0.0028926008622338524
cD1,3562,3.5602198900549724,-0.001678044707412234
cD1,3563,3.5612193903048475,-0.00015726159586072752
cD1,3564,3.5622188905547225,0.0009003396234741188
cD1,3565,3.5632183908045976,-0.00031168868133643656
cD1,3566,3.5642178910544726,0.003154069623269963
cD1,3567,3.5652173913043477,-0.005624771825474555
cD1,3568,3.5662168915542227,-0.0006645946919363664
cD1,3569,3.5672163918040978,0.004567516940817742
cD1,3570,3.568215892053973,0.0020852161921861056
cD1,3571,3.569215392303848,-0.0012928638033788803
cD1,3572,3.570214892553723,-0.005154078154588496
cD1,3573,3.571214392803598,-0.001074023144339264
cD1,3574,3.572213893053473,0.0028971777983555044
cD1,3575,3.573213393303348,0.002947675164572905
cD1,3576,3.574212893553223,-0.0018201116301824792
cD1,3577,3.575212393803098,0.0008923865015575223
cD1,3578,3.5762118940529732,-0.00025927783774738885
cD1,3579,3.5772113943028483,-0.0024117683010685506
cD1,3580,3.5782108945527233,0.0007868491872181933
cD1,3581,3.5792103948025984,0.0025718916000907017
cD1,3582,3.5802098950524734,-0.003923686693444794
cD1,3583,3.5812093953023485,0.0063288985588108365
cD1,3584,3.582208895552224,-0.001387576486667398
cD1,3585,3.583208395802099,-0.004413817012692961
cD1,3586,3.584207896051974,-0.00013556103108626602
cD1,3587,3.585207396301849,0.0009327685450058014
cD1,3588,3.586206896551724,0.00298424234949998
cD1,3589,3.5872063968015993,-0.0034953649670713613
cD1,3590,3.5882058970514743,0.000800986246683561
cD1,3591,3.5892053973013494,0.001709597446595962
cD1,3592,3.5902048975512244,-0.00524601474462126
cD1,3593,3.5912043978010995,0.0051675843910255655
cD1,3594,3.5922038980509745,0.0037814741592027104
cD1,3595,3.5932033983008496,-0.005593857872296807
cD1,3596,3.5942028985507246,-0.0022153615711712885
cD1,3597,3.5952023988005997,0.003053809296463157
cD1,3598,3.5962018990504747,0.00505511941928769
cD1,3599,3.5972013993003498,-0.0065607492094785485
cD1,3600,3.598200899550225,-0.0005594648810192614
cD1,3601,3.5992003998001,0.004734550569260705
cD1,3602,3.600199900049975,-0.00299147030857816
cD1,3603,3.60119940029985,-0.0018763273947272788
cD1,3604,3.602198900549725,0.002072738597881289
cD1,3605,3.6031984007996,-0.0017915635725195079
cD1,3606,3.604197901049475,0.0009555509130824095
cD1,3607,3.60519740129935,0.005426248278847135
cD1,3608,3.6061969015492252,-0.0035498351327913355
cD1,3609,3.6071964017991003,-0.0028146912006811885
cD1,3610,3.6081959020489753,-0.0005632726431698291
cD1,3611,3.6091954022988504,0.003807404092964458
cD1,3612,3.6101949025487254,0.0003609318179065144
cD1,3613,3.6111944027986005,-0.0015547529286351446
cD1,3614,3.6121939030484755,0.00248093913319018
cD1,3615,3.6131934032983506,-0.0054927718905685395
cD1,3616,3.6141929035482256,0.0008770019188073077
cD1,3617,3.6151924037981007,0.00454470504531202
cD1,3618,3.6161919040479757,-0.004047681741285168
cD1,3619,3.617191404297851,0.0013013113978158485
cD1,3620,3.618190904547726,0.0005193324965557125
cD1,3621,3.619190404797601,-0.002114778300914277
cD1,3622,3.620189905047476,0.0034179393897611175
cD1,3623,3.621189405297351,0.00015210032849845962
cD1,3624,3.622188905547226,-0.004131827229030905
cD1,3625,3.6231884057971016,0.0014644257483248618
cD1,3626,3.6241879060469766,0.0030068318714872263
cD1,3627,3.6251874062968517,-0.0032415546249558048
cD1,3628,3.6261869065467267,0.0018377785897047846
cD1,3629,3.6271864067966018,-0.000761984412555749
cD1,3630,3.628185907046477,8.41471907108318e-05
cD1,3631,3.629185407296352,0.002166638039593702
cD1,3632,3.630184907546227,-0.003024557565936897
cD1,3633,3.631184407796102,-0.00071088036036074
cD1,3634,3.632183908045977,-0.0008008879716547557
cD1,3635,3.633183408295852,0.0025532693311315978
cD1,3636,3.634182908545727,0.0032439494803193163
cD1,3637,3.635182408795602,-0.0012555971507776514
cD1,3638,3.6361819090454772,-0.004907192008250666
cD1,3639,3.6371814092953523,-0.0007117313170168353
cD1,3640,3.6381809095452273,0.0034519977809137153
cD1,3641,3.6391804097951024,0.002774118292073603
cD1,3642,3.6401799100449774,-0.0007732081674093061
cD1,3643,3.6411794102948525,-0.006448317492804565
cD1,3644,3.6421789105447275,0.007463690007487794
cD1,3645,3.6431784107946026,-0.0013085207178450448
cD1,3646,3.6441779110444776,-0.006625180943262341
cD1,3647,3.6451774112943527,0.00574312104210036
cD1,3648,3.6461769115442277,0.0016652866774860067
cD1,3649,3.647176411794103,-0.00367678591896882
cD1,3650,3.648175912043978,0.0017218739201685926
cD1,3651,3.649175412293853,0.00011457211414543167
cD1,3652,3.650174912543728,-0.0015269573027912155
cD1,3653,3.651174412793603,-0.00040638381987519265
cD1,3654,3.652173913043478,0.002322109041519383
cD1,3655,3.653173413293353,-0.0001740421023222209
cD1,3656,3.654172913543228,-0.007086193354471049
cD1,3657,3.655172413793103,0.00817907593285032
cD1,3658,3.6561719140429783,0.001761698240577684
cD1,3659,3.6571714142928533,-0.00368108235608683
cD1,3660,3.6581709145427284,0.0035160275048190352
cD1,3661,3.6591704147926034,-0.008948762900342128
cD1,3662,3.6601699150424785,0.0050907946691163275
cD1,3663,3.6611694152923535,0.001996164145903232
cD1,3664,3.6621689155422286,-0.004696007915928623
cD1,3665,3.6631684157921036,0.004809148221034037
cD1,3666,3.664167916041979,0.00029227724693932226
cD1,3667,3.665167416291854,-0.0043524147763426895
cD1,3668,3.666166916541729,0.00017486939129845308
cD1,3669,3.6671664167916043,0.004061866444986686
cD1,3670,3.6681659170414793,-0.002084314895399411
cD1,3671,3.6691654172913544,-6.547305994162407e-05
cD1,3672,3.6701649175412294,0.001869499184714561
cD1,3673,3.6711644177911045,-0.0020356282842576667
cD1,3674,3.6721639180409795,0.0003512487810974061
cD1,3675,3.6731634182908546,-0.0004903154083654004
cD1,3676,3.6741629185407296,-0.0019317247122925812
cD1,3677,3.6751624187906047,0.0025184782537323053
cD1,3678,3.6761619190404797,0.003005687689772065
cD1,3679,3.677161419290355,-0.004320642846436268
cD1,3680,3.67816091954023,-0.0017842676644747282
cD1,3681,3.679160419790105,0.004739104353087451
cD1,3682,3.68015992003998,-0.000752258879618566
cD1,3683,3.681159420289855,0.0007800886778120989
cD1,3684,3.68215892053973,-0.0033853711389425964
cD1,3685,3.683158420789605,0.0002044562345623266
cD1,3686,3.68415792103948,0.003254042316173859
cD1,3687,3.685157421289355,-0.0019098252050621244
cD1,3688,3.6861569215392302,-0.0011826223522956305
cD1,3689,3.6871564217891053,0.0007421614016289179
cD1,3690,3.6881559220389803,3.293604422024629e-05
cD1,3691,3.6891554222888554,6.762242757779526e-05
cD1,3692,3.6901549225387305,0.0005044100497094028
cD1,3693,3.6911544227886055,0.0007588521589179639
cD1,3694,3.6921539230384806,-0.0021268737936112263
cD1,3695,3.6931534232883556,0.004554044890893726
cD1,3696,3.6941529235382307,-0.0039808484112397995
cD1,3697,3.6951524237881057,-0.003235024775973173
cD1,3698,3.6961519240379808,0.008908204716556841
cD1,3699,3.697151424287856,-0.005543233128112609
cD1,3700,3.698150924537731,-0.0004663177064532457
cD1,3701,3.699150424787606,0.000739231914623537
cD1,3702,3.700149925037481,-0.0034680514019689813
cD1,3703,3.701149425287356,0.0031259860804321764
cD1,3704,3.702148925537231,0.0017695885732554356
cD1,3705,3.703148425787106,0.0034445322761484146
cD1,3706,3.704147926036981,-0.002283898733613237
cD1,3707,3.7051474262868567,-0.008719876458590289
cD1,3708,3.7061469265367317,0.006719998297750291
cD1,3709,3.7071464267866068,-0.0010175309055119445
cD1,3710,3.708145927036482,-0.0010104909418162766
cD1,3711,3.709145427286357,0.00664646223206663
cD1,3712,3.710144927536232,-0.004803311622410739
cD1,3713,3.711144427786107,-0.0007315972788057728
cD1,3714,3.712143928035982,0.0012874579823196565
cD1,3715,3.713143428285857,-0.002099271687345486
cD1,3716,3.714142928535732,-0.0004257196792983428
cD1,3717,3.715142428785607,0.0006908073079885046
cD1,3718,3.7161419290354822,0.004255182546495305
cD1,3719,3.7171414292853573,-0.00108895587832358
cD1,3720,3.7181409295352323,-0.003950541374665415
cD1,3721,3.7191404297851074,0.0002601877330374565
cD1,3722,3.7201399300349824,0.0034273961767814286
cD1,3723,3.7211394302848575,-0.003357315537792617
cD1,3724,3.7221389305347325,0.0002446515036227811
cD1,3725,3.7231384307846076,0.003128481045931884
cD1,3726,3.7241379310344827,-0.0028967001323558566
cD1,3727,3.7251374312843577,-0.0015314634589954574
cD1,3728,3.7261369315342328,0.0082104931391588
cD1,3729,3.727136431784108,0.0010823735272535748
cD1,3730,3.728135932033983,-0.005032340865632087
cD1,3731,3.729135432283858,-0.007358512783471316
cD1,3732,3.730134932533733,-0.00776162872680308
cD1,3733,3.731134432783608,0.014253087152850872
cD1,3734,3.732133933033483,0.008588019567441253
cD1,3735,3.733133433283358,-0.008374874731973965
cD1,3736,3.734132933533233,-0.006629622898514627
cD1,3737,3.735132433783108,0.0013458300899942422
cD1,3738,3.7361319340329833,0.008307071280612607
cD1,3739,3.7371314342828583,-0.002399953955176502
cD1,3740,3.7381309345327334,-0.0023765893631090725
cD1,3741,3.7391304347826084,0.004214645127452182
cD1,3742,3.7401299350324835,0.002952192953731024
cD1,3743,3.7411294352823585,-0.009341346946190194
cD1,3744,3.7421289355322336,0.002903552701198485
cD1,3745,3.7431284357821086,0.0010970498673418556
cD1,3746,3.7441279360319837,-0.0009942978645905605
cD1,3747,3.7451274362818587,-0.0019300137463214469
cD1,3748,3.7461269365317342,-0.0017980715904824668
cD1,3749,3.7471264367816093,0.003116932243623338
cD1,3750,3.7481259370314843,-0.0006768453768231097
cD1,3751,3.7491254372813594,0.0014349655571389642
cD1,3752,3.7501249375312344,-0.00014396608067079094
cD1,3753,3.7511244377811095,-0.00033072695724033956
cD1,3754,3.7521239380309845,-0.0015365833442386799
cD1,3755,3.7531234382808596,0.0033424624501150356
cD1,3756,3.7541229385307346,0.0016841893546611312
cD1,3757,3.7551224387806097,-0.0033344981861437393
cD1,3758,3.7561219390304847,0.0014965848707582932
cD1,3759,3.75712143928036,-0.0014678801464739098
cD1,3760,3.758120939530235,-0.00225290016051546
cD1,3761,3.75912043978011,0.002653203028631661
cD1,3762,3.760119940029985,4.0498758636311734e-05
cD1,3763,3.76111944027986,-0.0010391483289295261
cD1,3764,3.762118940529735,0.001132906531535683
cD1,3765,3.76311844077961,0.0020518217414879085
cD1,3766,3.764117941029485,-0.005177153620229874
cD1,3767,3.76511744127936,0.002494565334349155
cD1,3768,3.7661169415292353,0.000346431034753034
cD1,3769,3.7671164417791103,-0.0016680946467201399
cD1,3770,3.7681159420289854,0.0015881803353380022
cD1,3771,3.7691154422788604,-0.0007758962540546693
cD1,3772,3.7701149425287355,0.0021280248706935186
cD1,3773,3.7711144427786105,0.000284347878757502
cD1,3774,3.7721139430284856,-0.0005172705907074866
cD1,3775,3.7731134432783606,-0.0020884862013769603
cD1,3776,3.7741129435282357,-0.0028005055548007817
cD1,3777,3.7751124437781107,0.005093528082447027
cD1,3778,3.776111944027986,-0.001307430249303891
cD1,3779,3.777111444277861,0.002796505326569527
cD1,3780,3.778110944527736,-0.0026453756343024267
cD1,3781,3.779110444777611,-0.002458364872074804
cD1,3782,3.780109945027486,0.002261389176946053
cD1,3783,3.781109445277361,-0.001812371522259559
cD1,3784,3.782108945527236,0.003244472296796748
cD1,3785,3.783108445777111,0.0004007943913717435
cD1,3786,3.784107946026986,-0.0035054749943357047
cD1,3787,3.7851074462768612,0.00028237414101355083
cD1,3788,3.7861069465267363,0.0018816105723925341
cD1,3789,3.787106446776612,-0.0032450714971312767
cD1,3790,3.788105947026487,0.004571379443468359
cD1,3791,3.789105447276362,-0.000891678259129437
cD1,3792,3.790104947526237,-0.0002140862830697671
cD1,3793,3.791104447776112,4.587201386574294e-05
cD1,3794,3.792103948025987,0.00017571861366275267
cD1,3795,3.793103448275862,-0.0015082848915471776
cD1,3796,3.794102948525737,-0.001492921036765547
cD1,3797,3.795102448775612,0.0008969860669597923
cD1,3798,3.7961019490254873,0.0037442842248752673
cD1,3799,3.7971014492753623,-0.0018957041621459234
cD1,3800,3.7981009495252374,-0.005005149145281265
cD1,3801,3.7991004497751124,0.0024186262579092193
cD1,3802,3.8000999500249875,0.004906220227482803
cD1,3803,3.8010994502748625,-0.002047474231294497
cD1,3804,3.8020989505247376,-0.005166220589120328
cD1,3805,3.8030984507746126,0.006409351135213058
cD1,3806,3.8040979510244877,0.0014489712499838217
cD1,3807,3.8050974512743627,-0.0012394303899482548
cD1,3808,3.8060969515242378,-0.0028497544239476243
cD1,3809,3.807096451774113,-0.004703966740627432
cD1,3810,3.808095952023988,0.006303794627313411
cD1,3811,3.809095452273863,-0.0009541283844344555
cD1,3812,3.810094952523738,-0.0008845117878984506
cD1,3813,3.811094452773613,-0.0018348436677482352
cD1,3814,3.812093953023488,0.0021712535435651206
cD1,3815,3.813093453273363,0.003835402579545516
cD1,3816,3.814092953523238,-0.001996702633973931
cD1,3817,3.8150924537731132,-0.002350645659357483
cD1,3818,3.8160919540229883,-0.000582325439399246
cD1,3819,3.8170914542728633,0.002337698526080921
cD1,3820,3.8180909545227384,-0.0003407495704334184
cD1,3821,3.8190904547726134,-0.003519366765687922
cD1,3822,3.8200899550224885,0.004705636582023216
cD1,3823,3.8210894552723635,-0.0013467623783778625
cD1,3824,3.8220889555222386,-0.004879490994624547
cD1,3825,3.8230884557721136,0.007876658822038592
cD1,3826,3.8240879560219887,-0.003479287999322774
cD1,3827,3.8250874562718638,-0.0013687672090802543
cD1,3828,3.826086956521739,0.0031524695763150835
cD1,3829,3.827086456771614,-0.0031207044218941075
cD1,3830,3.8280859570214893,0.003310928339921596
cD1,3831,3.8290854572713644,-0.001333874408073557
cD1,3832,3.8300849575212395,-0.002739793963486667
cD1,3833,3.8310844577711145,0.003624472151960533
cD1,3834,3.8320839580209896,-0.004221348168097527
cD1,3835,3.8330834582708646,0.0020989308619834483
cD1,3836,3.8340829585207397,0.006291320366597312
cD1,3837,3.8350824587706147,-0.008619922381675223
cD1,3838,3.8360819590204898,0.004488959319370766
cD1,3839,3.837081459270365,-0.004124067204188251
cD1,3840,3.83808095952024,0.0019376026150655058
cD1,3841,3.839080459770115,0.004233677943920693
cD1,3842,3.84007996001999,-0.006964727627058074
cD1,3843,3.841079460269865,0.003798423077132786
cD1,3844,3.84207896051974,0.002818416984937899
cD1,3845,3.843078460769615,-0.005372958239438114
cD1,3846,3.84407796101949,0.0022983788652431204
cD1,3847,3.8450774612693652,-0.0030745221565409504
cD1,3848,3.8460769615192403,0.002341112742494482
cD1,3849,3.8470764617691153,0.003537308570475509
cD1,3850,3.8480759620189904,-0.0033920965731704697
cD1,3851,3.8490754622688654,0.0024867022428689653
cD1,3852,3.8500749625187405,-0.003755739127219845
cD1,3853,3.8510744627686155,-0.0011776820082669405
cD1,3854,3.8520739630184906,0.007230450232096269
cD1,3855,3.8530734632683656,-0.0032650308234337274
cD1,3856,3.8540729635182407,-0.002532650027846465
cD1,3857,3.8550724637681157,0.0002605081725084062
cD1,3858,3.856071964017991,0.003508464215828557
cD1,3859,3.857071464267866,-0.0032604921232050983
cD1,3860,3.858070964517741,-0.0032868862247304085
cD1,3861,3.859070464767616,0.005150118032044734
cD1,3862,3.860069965017491,-3.4385388835159875e-05
cD1,3863,3.861069465267366,0.0009317552447977513
cD1,3864,3.862068965517241,-0.0030785223449562864
cD1,3865,3.863068465767116,0.0026057454791039584
cD1,3866,3.864067966016991,0.00026896686488282317
cD1,3867,3.8650674662668663,-0.0046010520905966105
cD1,3868,3.8660669665167413,0.004283068510834625
cD1,3869,3.8670664667666164,-0.00240502787694508
cD1,3870,3.8680659670164914,0.0012101239250960467
cD1,3871,3.869065467266367,-0.002838690919069374
cD1,3872,3.870064967516242,0.005197864532331161
cD1,3873,3.871064467766117,-0.0017422272030815779
cD1,3874,3.872063968015992,-0.0029668034460859586
cD1,3875,3.873063468265867,0.0036011669074548576
cD1,3876,3.874062968515742,0.0009607534482050082
cD1,3877,3.875062468765617,-0.002084810722562582
cD1,3878,3.8760619690154923,-0.006352045884319507
cD1,3879,3.8770614692653673,0.008118199224597406
cD1,3880,3.8780609695152424,-0.0006031368607356243
cD1,3881,3.8790604697651174,0.0026151744076080663
cD1,3882,3.8800599700149925,-0.0008654312246021894
cD1,3883,3.8810594702648675,-0.009954587468536133
cD1,3884,3.8820589705147426,0.006594589751169439
cD1,3885,3.8830584707646176,-1.534953432128297e-05
cD1,3886,3.8840579710144927,0.0010587915870446584
cD1,3887,3.8850574712643677,-0.0017884591928600188
cD1,3888,3.886056971514243,0.0011861784494776
cD1,3889,3.887056471764118,0.001289152238590173
cD1,3890,3.888055972013993,-0.0012331714884731696
cD1,3891,3.889055472263868,-0.0013676651649625238
cD1,3892,3.890054972513743,-0.003488871414193074
cD1,3893,3.891054472763618,0.004860264023224924
cD1,3894,3.892053973013493,0.00421667502259589
cD1,3895,3.893053473263368,-0.003280560212266241
cD1,3896,3.894052973513243,-0.0025648857296017985
cD1,3897,3.8950524737631183,0.0013292840282818485
cD1,3898,3.8960519740129933,-0.0015186270440723354
cD1,3899,3.8970514742628684,0.004553896417175959
cD1,3900,3.8980509745127434,0.00046866186854366905
cD1,3901,3.8990504747626185,-0.007274447852898744
cD1,3902,3.9000499750124935,0.0018005110632256169
cD1,3903,3.9010494752623686,0.002504432531044113
cD1,3904,3.9020489755122436,-0.0024833417242918878
cD1,3905,3.9030484757621187,0.0020620882041107154
cD1,3906,3.9040479760119937,0.0007573846421852809
cD1,3907,3.9050474762618688,-0.002692173586098856
cD1,3908,3.906046976511744,0.005371235899705566
cD1,3909,3.907046476761619,-0.002244379188868596
cD1,3910,3.908045977011494,-0.003103767159050234
cD1,3911,3.909045477261369,-0.0011934926542451966
cD1,3912,3.9100449775112445,0.003939226212038371
cD1,3913,3.9110444777611195,0.0031698195833811975
cD1,3914,3.9120439780109946,-0.005542299839517073
cD1,3915,3.9130434782608696,-0.00043369244998286353
cD1,3916,3.9140429785107447,0.0034921748269568904
cD1,3917,3.9150424787606197,-0.0015895540963043655
cD1,3918,3.9160419790104948,0.0016088117930596155
cD1,3919,3.91704147926037,-0.004870952123707504
cD1,3920,3.918040979510245,0.0025223583514819873
cD1,3921,3.91904047976012,0.0024340379125275926
cD1,3922,3.920039980009995,-0.001256664547548462
cD1,3923,3.92103948025987,-0.0019778450274176886
cD1,3924,3.922038980509745,-0.0003792533752070117
cD1,3925,3.92303848075962,0.002773962301024233
cD1,3926,3.924037981009495,-0.00046001466803278655
cD1,3927,3.9250374812593702,0.0010556614497075991
cD1,3928,3.9260369815092453,0.0007901600885427331
cD1,3929,3.9270364817591203,-0.004862385871906159
cD1,3930,3.9280359820089954,0.004423508355981041
cD1,3931,3.9290354822588704,-0.0008264878099496441
cD1,3932,3.9300349825087455,-0.0026739092256322975
cD1,3933,3.9310344827586206,0.0038372864300483065
cD1,3934,3.9320339830084956,-0.006087726405044563
cD1,3935,3.9330334832583707,0.001148184109918935
cD1,3936,3.9340329835082457,0.005414862342816807
cD1,3937,3.9350324837581208,-0.0013766583287506161
cD1,3938,3.936031984007996,-0.003688747689005641
cD1,3939,3.937031484257871,0.004516757415472898
cD1,3940,3.938030984507746,-0.004467606205623635
cD1,3941,3.939030484757621,0.003009923341709927
cD1,3942,3.940029985007496,0.001894219337780519
cD1,3943,3.941029485257371,-0.0021593784222792576
cD1,3944,3.942028985507246,0.0008148513184223973
cD1,3945,3.943028485757121,-0.005195724333201085
cD1,3946,3.9440279860069962,0.00720244818219052
cD1,3947,3.9450274862568713,-0.0022601219403503812
cD1,3948,3.9460269865067463,-0.005466918364300509
cD1,3949,3.9470264867566214,0.004095746659261467
cD1,3950,3.9480259870064964,0.0027262403575958067
cD1,3951,3.9490254872563715,-0.002294928137216498
cD1,3952,3.9500249875062465,-0.0020274544610475293
cD1,3953,3.951024487756122,0.0015259241803849243
cD1,3954,3.952023988005997,0.0026578713762600613
cD1,3955,3.953023488255872,0.00020240403519262615
cD1,3956,3.954022988505747,-0.003803625302063602
cD1,3957,3.9550224887556222,0.0014292166311030087
cD1,3958,3.9560219890054973,0.0017897299743660266
cD1,3959,3.9570214892553723,-0.0025517251773206472
cD1,3960,3.9580209895052474,0.002089723988345285
cD1,3961,3.9590204897551224,-0.004279175324580161
cD1,3962,3.9600199900049975,0.0022664475021235177
cD1,3963,3.9610194902548725,-0.0014097476415650743
cD1,3964,3.9620189905047476,-0.0006708642810609674
cD1,3965,3.9630184907546226,0.009460143573978702
cD1,3966,3.9640179910044977,-0.006824032941704634
cD1,3967,3.9650174912543728,-0.0010889041447372828
cD1,3968,3.966016991504248,0.0014630852911601605
cD1,3969,3.967016491754123,-0.0015642456084969817
cD1,3970,3.968015992003998,0.0021250165910199313
cD1,3971,3.969015492253873,-0.0020094740582498744
cD1,3972,3.970014992503748,0.003937610844735565
cD1,3973,3.971014492753623,-0.0021335408805235245
cD1,3974,3.972013993003498,0.0006180177979565386
cD1,3975,3.973013493253373,0.0004948312544700653
cD1,3976,3.974012993503248,-0.005095873024077284
cD1,3977,3.9750124937531233,0.002931136232775136
cD1,3978,3.9760119940029983,-0.0010631042464968156
cD1,3979,3.9770114942528734,0.0003431564875233063
cD1,3980,3.9780109945027484,0.0017373672557757466
cD1,3981,3.9790104947526235,-0.0014773681884160362
cD1,3982,3.9800099950024985,0.0014748775198050032
cD1,3983,3.9810094952523736,0.002318758652390003
cD1,3984,3.9820089955022486,-0.004333193636001086
cD1,3985,3.9830084957521237,-0.0006811142375499897
cD1,3986,3.9840079960019987,0.006202832184995878
cD1,3987,3.985007496251874,-0.005457051789150092
cD1,3988,3.986006996501749,0.005106094135534667
cD1,3989,3.987006496751624,-0.00387030596372213
cD1,3990,3.988005997001499,-0.0022413222117320408
cD1,3991,3.989005497251374,0.0037518574707195293
cD1,3992,3.990004997501249,-0.0068591767828544495
cD1,3993,3.991004497751124,0.00851275144109567
cD1,3994,3.9920039980009996,-0.0030893488767903756
cD1,3995,3.9930034982508746,-0.003171500149592406
cD1,3996,3.9940029985007497,0.006850973139623625
cD1,3997,3.9950024987506247,-0.004348503106966633
cD1,3998,3.9960019990005,-0.0014419087406232038
cD1,3999,3.997001499250375,0.000981054861393666
cD1,4000,3.99800099950025,0.0029821784026331823
cD1,4001,3.999000499750125,-0.0006384153016702524
cD1,4002,4.0,0.0004715682177802667
cD1,4003,4.000999500249875,-0.0012038736759777896
cD1,4004,4.00199900049975,9.98120949731408e-05
cD1,4005,4.002998500749625,0.00044591003453787505
cD1,4006,4.0039980009995,0.005581462856552161
cD1,4007,4.004997501249375,-0.009584334369699467
cD1,4008,4.00599700149925,0.0008680846334611254
cD1,4009,4.006996501749125,0.0034153808942349977
cD1,4010,4.007996001999,-7.134467127180993e-05
cD1,4011,4.008995502248875,0.002572530258603843
cD1,4012,4.0099950024987505,-0.011094312453255019
cD1,4013,4.010994502748625,-0.005018162459983402
cD1,4014,4.011994002998501,0.014601130710668113
cD1,4015,4.012993503248376,0.005681373025745855
cD1,4016,4.013993003498251,-0.008290829760037283
cD1,4017,4.014992503748126,-0.010170166011119752
cD1,4018,4.015992003998001,0.004927629524457272
cD1,4019,4.016991504247876,0.008037185928621127
cD1,4020,4.017991004497751,0.006952277918971149
cD1,4021,4.018990504747626,-0.004250328034695397
cD1,4022,4.019990004997501,-0.004807993696066493
cD1,4023,4.0209895052473765,0.0026298598485553007
cD1,4024,4.021989005497251,-6.350089306280532e-05
cD1,4025,4.022988505747127,-0.005762751503263448
cD1,4026,4.023988005997001,-0.004975004755529821
cD1,4027,4.024987506246877,0.004021058179388802
cD1,4028,4.025987006496751,0.0038423924769135087
cD1,4029,4.026986506746627,0.010425066784095473
cD1,4030,4.0279860069965014,0.0017767803781858632
cD1,4031,4.028985507246377,-0.008138768736439875
cD1,4032,4.0299850074962515,-0.002720834649334751
cD1,4033,4.030984507746127,-0.00729652398707329
cD1,4034,4.031984007996002,-0.0006961706110925892
cD1,4035,4.032983508245877,0.004505761469704508
cD1,4036,4.033983008495752,-0.00017029198876511442
cD1,4037,4.034982508745627,0.00245848185988979
cD1,4038,4.035982008995502,-0.005209582444745488
cD1,4039,4.036981509245377,-0.0012252430350677274
cD1,4040,4.037981009495252,0.003705792691684211
cD1,4041,4.0389805097451275,0.00042695412939591174
cD1,4042,4.039980009995002,0.00881324414541695
cD1,4043,4.040979510244878,0.001914710058632644
cD1,4044,4.041979010494752,-0.007281557306575925
cD1,4045,4.042978510744628,-0.006131216766729557
cD1,4046,4.043978010994502,-0.000890364453435849
cD1,4047,4.044977511244378,0.002797192445079498
cD1,4048,4.045977011494252,0.0023457314045084027
cD1,4049,4.046976511744128,0.0034197904832216353
cD1,4050,4.0479760119940025,-0.0013086512386614596
cD1,4051,4.048975512243878,-0.0006607736390975838
cD1,4052,4.049975012493753,0.00840452108647418
cD1,4053,4.050974512743628,-0.002697150936080611
cD1,4054,4.051974012993503,-0.004088192691326792
cD1,4055,4.052973513243378,-0.0018275117965237397
cD1,4056,4.053973013493254,-0.0008792354675981988
cD1,4057,4.054972513743128,0.001389070993575759
cD1,4058,4.055972013993004,-0.006778757447183877
cD1,4059,4.056971514242878,0.002535578592851223
cD1,4060,4.057971014492754,-0.003519477097157213
cD1,4061,4.0589705147426285,0.002525660332687016
cD1,4062,4.059970014992504,0.0033315158894807774
cD1,4063,4.060969515242379,-0.0010578696679100531
cD1,4064,4.061969015492254,0.0037052276604958648
cD1,4065,4.062968515742129,-0.0005445955724247757
cD1,4066,4.063968015992004,0.002071252682681245
cD1,4067,4.064967516241879,-0.0035319839152114047
cD1,4068,4.065967016491754,0.0019142332428986487
cD1,4069,4.066966516741629,0.001741424952775128
cD1,4070,4.067966016991504,-0.0038450978793812774
cD1,4071,4.068965517241379,0.0016317513180604708
cD1,4072,4.0699650174912545,-0.004090851942870131
cD1,4073,4.070964517741129,0.002193747169111095
cD1,4074,4.071964017991005,8.185988424642965e-05
cD1,4075,4.072963518240879,0.00019325227554145086
cD1,4076,4.073963018490755,0.0004753639672764507
cD1,4077,4.074962518740629,-0.001648146387786254
cD1,4078,4.075962018990505,-0.0005274852584754735
cD1,4079,4.076961519240379,0.0019206727458124895
cD1,4080,4.077961019490255,0.0033755877292676742
cD1,4081,4.0789605197401295,-0.0049186405314517265
cD1,4082,4.079960019990005,0.0009435794307039464
cD1,4083,4.08095952023988,-0.00032569823427557217
cD1,4084,4.081959020489755,0.0035791455302098436
cD1,4085,4.08295852073963,-0.0024076587714441412
cD1,4086,4.083958020989505,0.0038109833633939248
cD1,4087,4.08495752123938,-0.002440606778679866
cD1,4088,4.085957021489255,-0.00791678754814458
cD1,4089,4.08695652173913,0.006170293544531172
cD1,4090,4.087956021989005,0.001685790908374812
cD1,4091,4.08895552223888,-0.0006981421495433023
cD1,4092,4.0899550224887555,0.00027083571401987413
cD1,4093,4.09095452273863,-0.004497439150766329
cD1,4094,4.091954022988506,0.004249549437979581
cD1,4095,4.09295352323838,0.004737722995801968
cD1,4096,4.093953023488256,-0.008088195352968548
cD1,4097,4.094952523738131,-0.00098923331456961
cD1,4098,4.095952023988006,0.003918118794962471
cD1,4099,4.096951524237881,-0.00033571626818711033
cD1,4100,4.097951024487756,0.0018573759770440933
cD1,4101,4.098950524737631,-0.004690500328916469
cD1,4102,4.099950024987506,0.003669887162104787
cD1,4103,4.1009495252373815,0.0004546849858079511
cD1,4104,4.101949025487256,0.0014161249808933732
cD1,4105,4.102948525737132,-0.006295797766846896
cD1,4106,4.103948025987006,0.0009770028746721791
cD1,4107,4.104947526236882,0.0064665528359779175
cD1,4108,4.105947026486756,-0.0047249579456358146
cD1,4109,4.106946526736632,0.003053482091039164
cD1,4110,4.1079460269865065,-0.004057039131564294
cD1,4111,4.108945527236382,-0.0006743378181886094
cD1,4112,4.109945027486257,0.004313484582798689
cD1,4113,4.110944527736132,-0.003561022878021591
cD1,4114,4.111944027986007,-0.00011442168667646305
cD1,4115,4.112943528235882,0.0030461019732442958
cD1,4116,4.113943028485757,0.0010014026069967465
cD1,4117,4.114942528735632,-0.0008319313619836602
cD1,4118,4.115942028985507,-0.0018292233401241758
cD1,4119,4.116941529235382,0.000357484862407516
cD1,4120,4.117941029485257,0.000927550179004386
cD1,4121,4.1189405297351325,-0.0008384045196887452
cD1,4122,4.119940029985007,0.0006934576051083954
cD1,4123,4.120939530234883,-0.0019964127629214356
cD1,4124,4.121939030484757,0.0023290068228700314
cD1,4125,4.122938530734633,-0.0013120901842129393
cD1,4126,4.123938030984507,-0.0020235984495559096
cD1,4127,4.124937531234383,0.0008113868625948669
cD1,4128,4.125937031484257,0.0031397921211000846
cD1,4129,4.126936531734133,0.0035423745832136545
cD1,4130,4.1279360319840075,-0.002001583826450953
cD1,4131,4.128935532233883,-0.007983114490432347
cD1,4132,4.129935032483758,0.0005566475240468896
cD1,4133,4.130934532733633,0.0030731206100518835
cD1,4134,4.131934032983508,0.002842957497435194
cD1,4135,4.132933533233383,0.0029224387378978863
cD1,4136,4.133933033483258,-0.007985814565654442
cD1,4137,4.134932533733133,0.0006744384422866763
cD1,4138,4.135932033983009,0.0017614217289196824
cD1,4139,4.136931534232883,0.0017260610438206113
cD1,4140,4.137931034482759,0.005077403674158847
cD1,4141,4.1389305347326335,-0.0073224767701581435
cD1,4142,4.139930034982509,-0.0028233081575127364
cD1,4143,4.140929535232384,0.006382133331209456
cD1,4144,4.141929035482259,0.0023359394879186595
cD1,4145,4.142928535732134,0.0014915174707153152
cD1,4146,4.143928035982009,-0.011737338957009973
cD1,4147,4.144927536231884,-1.853539468254519e-05
cD1,4148,4.145927036481759,0.00538243140913939
cD1,4149,4.146926536731634,0.003158385759836864
cD1,4150,4.147926036981509,0.0032924418297402116
cD1,4151,4.148925537231384,-0.01394363833642188
cD1,4152,4.1499250374812595,0.0015507760243681154
cD1,4153,4.150924537731134,0.010200248969654033
cD1,4154,4.15192403798101,0.002535261186584624
cD1,4155,4.152923538230884,-0.003407673453340771
cD1,4156,4.15392303848076,-0.007411701909282005
cD1,4157,4.154922538730634,0.006335728070098971
cD1,4158,4.15592203898051,0.002415221332950892
cD1,4159,4.156921539230384,-0.0010153698456490056
cD1,4160,4.15792103948026,-0.009244707542336184
cD1,4161,4.1589205397301345,-0.004137173051593334
cD1,4162,4.15992003998001,0.011180136113745702
cD1,4163,4.160919540229885,0.00456901897066347
cD1,4164,4.16191904047976,-0.0017506826839697905
cD1,4165,4.162918540729635,-0.0014988022867432435
cD1,4166,4.16391804097951,-0.0045874945573899355
cD1,4167,4.164917541229385,-0.0014279125896980468
cD1,4168,4.16591704147926,0.002254920945753403
cD1,4169,4.166916541729135,0.003079288408928899
cD1,4170,4.1679160419790104,-0.001611330491905392
cD1,4171,4.168915542228885,-0.0025618288942140317
cD1,4172,4.1699150424787605,0.007010058732147453
cD1,4173,4.170914542728635,-0.0019569528781370037
cD1,4174,4.171914042978511,-0.005879370919889779
cD1,4175,4.172913543228385,0.0002054845478111715
cD1,4176,4.173913043478261,-0.00016719132532117014
cD1,4177,4.174912543728135,0.010278355802162424
cD1,4178,4.175912043978011,-0.004783636771921311
cD1,4179,4.176911544227886,-0.0041770490017872175
cD1,4180,4.177911044477761,0.005092501462410063
cD1,4181,4.1789105447276365,-0.007951958709578263
cD1,4182,4.179910044977511,0.001970914446592947
cD1,4183,4.180909545227387,0.0019965306399885524
cD1,4184,4.181909045477261,0.002361961977912639
cD1,4185,4.182908545727137,0.0017305564409878706
cD1,4186,4.183908045977011,-0.00017531152476006964
cD1,4187,4.184907546226887,-0.002421863040127418
cD1,4188,4.185907046476761,-0.0052627912907076465
cD1,4189,4.186906546726637,0.003267785062520526
cD1,4190,4.1879060469765115,0.0025247041677537393
cD1,4191,4.188905547226387,-0.0003939297140012317
cD1,4192,4.189905047476262,-0.00038162884339337517
cD1,4193,4.190904547726137,0.0013896085663652798
cD1,4194,4.191904047976012,-0.00554759084671585
cD1,4195,4.192903548225887,0.003797478312768875
cD1,4196,4.193903048475762,0.0033371829115515753
cD1,4197,4.194902548725637,-0.0030448599600476647
cD1,4198,4.195902048975512,-0.0012065023479731003
cD1,4199,4.196901549225387,-0.0019407807152343449
cD1,4200,4.197901049475262,0.0012542449829668174
cD1,4201,4.1989005497251375,0.003013244282802515
cD1,4202,4.199900049975012,-0.0004586727416425136
cD1,4203,4.200899550224888,0.0016006226636709356
cD1,4204,4.201899050474762,-0.001289789149380037
cD1,4205,4.202898550724638,0.0020635562775357203
cD1,4206,4.203898050974512,-0.005685452526977355
cD1,4207,4.204897551224388,-0.002632483770221205
cD1,4208,4.205897051474262,0.0028591022922618706
cD1,4209,4.206896551724138,0.002444145711424717
cD1,4210,4.2078960519740125,-0.00024104443346289767
cD1,4211,4.208895552223888,0.0013141958935898397
cD1,4212,4.209895052473763,0.0025346816072027607
cD1,4213,4.210894552723638,-0.003189383933492579
cD1,4214,4.211894052973513,-0.001238293878597871
cD1,4215,4.212893553223388,-0.0038877433042514018
cD1,4216,4.213893053473263,0.002739201549076535
cD1,4217,4.214892553723138,0.0037326553433880932
cD1,4218,4.215892053973013,-0.0003663392164200065
cD1,4219,4.216891554222888,0.0015353833241428336
cD1,4220,4.217891054472764,-0.0017435273639690016
cD1,4221,4.2188905547226385,-0.005755789503856348
cD1,4222,4.219890054972514,-0.00020082700545283425
cD1,4223,4.220889555222389,0.0036005847043164138
cD1,4224,4.221889055472264,0.004026824109071306
cD1,4225,4.222888555722139,-0.001706247042615898
cD1,4226,4.223888055972014,-0.0031874534772314547
cD1,4227,4.224887556221889,0.0014297892031624833
cD1,4228,4.225887056471764,0.00234518242447133
cD1,4229,4.226886556721639,-0.0034868468065296946
cD1,4230,4.227886056971514,0.0020138788347725703
cD1,4231,4.228885557221389,0.002825183009356396
cD1,4232,4.2298850574712645,-0.004971537301568763
cD1,4233,4.230884557721139,0.002900436640257356
cD1,4234,4.231884057971015,-0.0015031789281358737
cD1,4235,4.232883558220889,-0.0028983910951518423
cD1,4236,4.233883058470765,0.004640994348797891
cD1,4237,4.234882558720639,0.0016445574127950174
cD1,4238,4.235882058970515,-0.007673542342108549
cD1,4239,4.2368815592203894,0.005475572675989785
cD1,4240,4.237881059470265,-0.0015689291956384492
cD1,4241,4.2388805597201396,-0.0038270122277408065
cD1,4242,4.239880059970015,0.003915480317443133
cD1,4243,4.24087956021989,0.0032801455995814994
cD1,4244,4.241879060469765,-0.0023604460954365298
cD1,4245,4.24287856071964,-0.002068904156114784
cD1,4246,4.243878060969515,0.0039645960543182295
cD1,4247,4.24487756121939,-0.0007042101700428733
cD1,4248,4.245877061469265,-0.001434501215509215
cD1,4249,4.24687656171914,0.00015614891980673387
cD1,4250,4.2478760619690155,0.001114141799545219
cD1,4251,4.24887556221889,-0.00034271850122878124
cD1,4252,4.249875062468766,-0.005513222417767116
cD1,4253,4.25087456271864,0.006540813069902757
cD1,4254,4.251874062968516,-0.003062324484297778
cD1,4255,4.25287356321839,-0.0038033185803368606
cD1,4256,4.253873063468266,0.007192643860715024
cD1,4257,4.25487256371814,-0.005739312865351852
cD1,4258,4.255872063968016,0.0034012204475278108
cD1,4259,4.2568715642178905,0.003775045410157691
cD1,4260,4.257871064467766,-0.003463200272680227
cD1,4261,4.2588705647176415,9.409402707400392e-05
cD1,4262,4.259870064967516,-0.0016106027261642937
cD1,4263,4.260869565217392,0.001334652284671927
cD1,4264,4.261869065467266,-0.0020313144666230486
cD1,4265,4.262868565717142,0.0031022878472483726
cD1,4266,4.263868065967016,0.00017808901186356884
cD1,4267,4.264867566216892,-0.001778723632682287
cD1,4268,4.265867066466766,0.003435829652921163
cD1,4269,4.266866566716642,-0.0069178776592794
cD1,4270,4.2678660669665165,0.0027409946839469677
cD1,4271,4.268865567216392,0.0006191053510268786
cD1,4272,4.269865067466267,-0.0025777432563734307
cD1,4273,4.270864567716142,0.0049315549396557285
cD1,4274,4.271864067966017,3.653780298096726e-06
cD1,4275,4.272863568215892,-0.0034996010002224967
cD1,4276,4.273863068465767,0.002543425782999332
cD1,4277,4.274862568715642,-0.0009011902189810389
cD1,4278,4.275862068965517,-0.0016931767374031472
cD1,4279,4.276861569215392,0.00492215461704378
cD1,4280,4.277861069465267,-0.003501929537042569
cD1,4281,4.2788605697151425,-0.0013986054065816267
cD1,4282,4.279860069965017,0.0009677922123804187
cD1,4283,4.280859570214893,-0.0001199856685876119
cD1,4284,4.281859070464767,0.0021583572316026213
cD1,4285,4.282858570714643,-0.001781875995357292
cD1,4286,4.283858070964517,-2.091306855403431e-05
cD1,4287,4.284857571214393,0.0003835823724393702
cD1,4288,4.285857071464267,-0.0026638449647861055
cD1,4289,4.286856571714143,0.00455192358623766
cD1,4290,4.2878560719640175,0.000809624591536496
cD1,4291,4.288855572213893,-0.00467889346970278
cD1,4292,4.289855072463768,-0.00044290723587372396
cD1,4293,4.290854572713643,0.004321718719741531
cD1,4294,4.291854072963518,-0.00014266205151258944
cD1,4295,4.292853573213393,-0.0029225500228703153
cD1,4296,4.293853073463268,0.0015437826134978654
cD1,4297,4.294852573713143,-0.0008877528282540076
cD1,4298,4.295852073963018,-0.003321494879967929
cD1,4299,4.296851574212893,0.003867915052965539
cD1,4300,4.297851074462768,0.004347425721171739
cD1,4301,4.2988505747126435,-0.004603224126284861
cD1,4302,4.299850074962519,0.0015353808908248861
cD1,4303,4.300849575212394,-0.003847813823021359
cD1,4304,4.301849075462269,-0.0006881454375698285
cD1,4305,4.302848575712144,0.005798428690108039
cD1,4306,4.303848075962019,-0.0019202339802424089
cD1,4307,4.304847576211894,0.001195464917470885
cD1,4308,4.305847076461769,-0.0018915711303610068
cD1,4309,4.306846576711644,-0.0012381680773261403
cD1,4310,4.307846076961519,-0.0005461523071592258
cD1,4311,4.308845577211394,0.000857392763162693
cD1,4312,4.3098450774612695,0.001377785534372696
cD1,4313,4.310844577711144,0.0011474792616953972
cD1,4314,4.31184407796102,-0.0023980932124252567
cD1,4315,4.312843578210894,-0.0002642168436497123
cD1,4316,4.31384307846077,0.0033456184718440637
cD1,4317,4.314842578710644,-0.0021460811574597
cD1,4318,4.31584207896052,-0.00016664755709938075
cD1,4319,4.3168415792103945,-0.0017845367854196154
cD1,4320,4.31784107946027,0.0012803536394187494
cD1,4321,4.318840579710145,0.001566710585439716
cD1,4322,4.31984007996002,4.7609555777264215e-05
cD1,4323,4.320839580209895,-0.002758846904866241
cD1,4324,4.32183908045977,0.0023202539496713775
cD1,4325,4.322838580709645,0.0010406831592851043
cD1,4326,4.32383808095952,-0.0017309022926425305
cD1,4327,4.324837581209395,-0.0027315331782515628
cD1,4328,4.32583708145927,0.0007640343065642308
cD1,4329,4.326836581709145,0.0050527303394557735
cD1,4330,4.3278360819590205,-0.0009795475115882278
cD1,4331,4.328835582208895,-0.00377999924150061
cD1,4332,4.329835082458771,0.0012862753076862818
cD1,4333,4.330834582708645,0.0009282128513380141
cD1,4334,4.331834082958521,-0.0019000219769295355
cD1,4335,4.332833583208395,0.00259347560866462
cD1,4336,4.333833083458271,0.00046235021508393345
cD1,4337,4.334832583708145,-0.004627004534993578
cD1,4338,4.335832083958021,0.0034613898928027914
cD1,4339,4.3368315842078955,-0.00021698624657585572
cD1,4340,4.337831084457771,-0.000831578284676408
cD1,4341,4.338830584707646,0.004247872684824766
cD1,4342,4.339830084957521,-0.005423259260645633
cD1,4343,4.340829585207397,-0.0009876834215325411
cD1,4344,4.341829085457271,0.00504221069998581
cD1,4345,4.342828585707147,-0.00048513278238739043
cD1,4346,4.343828085957021,-0.007253840875765476
cD1,4347,4.344827586206897,0.008311234903188802
cD1,4348,4.345827086456771,-0.0029727315563653255
cD1,4349,4.346826586706647,-0.0018697528624613353
cD1,4350,4.3478260869565215,0.00501938666168731
cD1,4351,4.348825587206397,-0.004151930659900034
cD1,4352,4.349825087456272,-0.0008630197604738848
cD1,4353,4.350824587706147,0.0027720403866039046
cD1,4354,4.351824087956022,1.7195049789823537e-05
cD1,4355,4.352823588205897,-0.0024870010724645864
cD1,4356,4.353823088455772,0.00402725898198404
cD1,4357,4.354822588705647,0.0005241538361373151
cD1,4358,4.355822088955522,-0.005005335477750773
cD1,4359,4.356821589205397,0.0012817513360117634
cD1,4360,4.357821089455272,-0.0007612246712818713
cD1,4361,4.3588205897051475,-0.0003867668462918636
cD1,4362,4.359820089955022,0.0025230983087286473
cD1,4363,4.360819590204898,0.0034450914901728346
cD1,4364,4.361819090454772,0.00019517070875127765
cD1,4365,4.362818590704648,-0.005237973474258642
cD1,4366,4.363818090954522,-0.015058385877298061
cD1,4367,4.364817591204398,0.02150230407158257
cD1,4368,4.365817091454272,0.023143693619938597
cD1,4369,4.366816591704148,-0.03263905654399872
cD1,4370,4.3678160919540225,-0.022042093984014844
cD1,4371,4.368815592203898,0.010121037152617331
cD1,4372,4.369815092453773,0.019735554969299653
cD1,4373,4.370814592703648,0.007815844377921153
cD1,4374,4.371814092953523,-0.007451602654390273
cD1,4375,4.372813593203398,0.002844218017675114
cD1,4376,4.373813093453273,0.002662469870966966
cD1,4377,4.374812593703148,-0.017279071240624555
cD1,4378,4.375812093953023,-0.0006739495558676888
cD1,4379,4.3768115942028984,0.011193873668577957
cD1,4380,4.377811094452773,0.0036195805868968495
cD1,4381,4.3788105947026486,0.00475676840746863
cD1,4382,4.379810094952523,-0.012465297414794862
cD1,4383,4.380809595202399,-0.009256344619251233
cD1,4384,4.381809095452274,-0.005092606675420101
cD1,4385,4.382808595702149,0.0077561825893271395
cD1,4386,4.383808095952024,0.021694987023649175
cD1,4387,4.384807596201899,0.0003670482760137249
cD1,4388,4.385807096451774,-0.014830050288644325
cD1,4389,4.386806596701649,-0.0049615797918432574
cD1,4390,4.3878060969515245,-0.0037476086859459584
cD1,4391,4.388805597201399,0.005797381564537866
cD1,4392,4.389805097451275,0.004065901124902117
cD1,4393,4.390804597701149,-0.001930016896213308
cD1,4394,4.391804097951025,0.008351653439288356
cD1,4395,4.392803598200899,-0.004969172456284636
cD1,4396,4.393803098450775,-0.002013608639179952
cD1,4397,4.394802598700649,0.0016256228407039025
cD1,4398,4.395802098950525,-0.003870996077571312
cD1,4399,4.3968015992003995,0.004353946426925288
cD1,4400,4.397801099450275,0.004036002464740384
cD1,4401,4.39880059970015,-0.008524045337007872
cD1,4402,4.399800099950025,0.0031664592695164495
cD1,4403,4.4007996001999,-0.0015644651654885197
cD1,4404,4.401799100449775,-0.005205078966591277
cD1,4405,4.40279860069965,0.0033355539533278817
cD1,4406,4.403798100949525,0.0027111524522481657
cD1,4407,4.4047976011994,0.001494794277123201
cD1,4408,4.405797101449275,-0.0010425584505076952
cD1,4409,4.40679660169915,0.003999922043245811
cD1,4410,4.4077961019490255,-0.0015383476474911464
cD1,4411,4.4087956021989,-0.006292918370624033
cD1,4412,4.409795102448776,0.0037503298094193234
cD1,4413,4.41079460269865,-0.0006991884998236459
cD1,4414,4.411794102948526,-0.002518566480682329
cD1,4415,4.4127936031984,0.003919220852885871
cD1,4416,4.413793103448276,-0.0008541987460222271
cD1,4417,4.41479260369815,-0.0045512525315653364
cD1,4418,4.415792103948026,0.007543524493264147
cD1,4419,4.4167916041979005,-0.0019434919766886725
cD1,4420,4.417791104447776,-0.005459015233309042
cD1,4421,4.418790604697651,0.003952024657421958
cD1,4422,4.419790104947526,0.00411526076570161
cD1,4423,4.420789605197401,-0.0059414045657582865
cD1,4424,4.421789105447276,0.0023939916277989177
cD1,4425,4.422788605697152,0.0017486958054415314
cD1,4426,4.423788105947026,-0.004110944920188082
cD1,4427,4.424787606196902,0.004174183274171908
cD1,4428,4.425787106446776,-0.0016548106968368678
cD1,4429,4.426786606696652,-0.003698098810001198
cD1,4430,4.4277861069465265,0.004458274113925721
cD1,4431,4.428785607196402,-0.0015278868601757496
cD1,4432,4.429785107446277,-0.0006105556496466247
cD1,4433,4.430784607696152,0.0017345341997386477
cD1,4434,4.431784107946027,-0.0024831875486426673
cD1,4435,4.432783608195902,0.0037294222471477064
cD1,4436,4.433783108445777,-0.0010707941632464237
cD1,4437,4.434782608695652,-0.0007839529520403815
cD1,4438,4.435782108945527,-0.002109858099620121
cD1,4439,4.436781609195402,3.4250537357441956e-05
cD1,4440,4.437781109445277,0.002020153122321367
cD1,4441,4.4387806096951525,0.0005056577653051184
cD1,4442,4.439780109945027,-0.0017930423917644957
cD1,4443,4.440779610194903,0.002792265690268576
cD1,4444,4.441779110444777,-0.0019278593153216911
cD1,4445,4.442778610694653,-0.0010548009474225031
cD1,4446,4.443778110944527,0.003934127509595273
cD1,4447,4.444777611194403,-0.005205788725529273
cD1,4448,4.4457771114442775,0.0032475828720798057
cD1,4449,4.446776611694153,0.0018896187371424526
cD1,4450,4.4477761119440276,-0.0041023214713574955
cD1,4451,4.448775612193903,0.0024177888228068788
cD1,4452,4.449775112443778,-0.002015640681827112
cD1,4453,4.450774612693653,-0.0003984664804635805
cD1,4454,4.451774112943528,0.002242758994772406
cD1,4455,4.452773613193403,-0.00046254560930533185
cD1,4456,4.453773113443278,2.087300440993707e-05
cD1,4457,4.454772613693153,-0.0019048988782448912
cD1,4458,4.455772113943028,0.0035961072993097136
cD1,4459,4.4567716141929035,-0.00011337197535441629
cD1,4460,4.457771114442778,-0.00407736117706305
cD1,4461,4.458770614692654,0.003556695578095327
cD1,4462,4.459770114942528,-0.003897004254294861
cD1,4463,4.460769615192404,0.0006209032041061867
cD1,4464,4.461769115442278,0.005070676187987301
cD1,4465,4.462768615692154,-0.0032840978323910542
cD1,4466,4.463768115942029,-0.0019612498400074416
cD1,4467,4.464767616191904,0.003158943441088735
cD1,4468,4.465767116441779,-0.0017468672340999495
cD1,4469,4.466766616691654,0.0011179188230921355
cD1,4470,4.4677661169415295,-0.00018572689659759932
cD1,4471,4.468765617191404,-0.0005116177102815118
cD1,4472,4.46976511744128,0.0008161359367296153
cD1,4473,4.470764617691154,-0.0023998861478630447
cD1,4474,4.47176411794103,0.002904655061149655
cD1,4475,4.472763618190904,0.0017840361642695876
cD1,4476,4.47376311844078,-0.003316479167188711
cD1,4477,4.474762618690654,-0.0009627859811299671
cD1,4478,4.47576211894053,0.0027509178614668235
cD1,4479,4.4767616191904045,-0.002883141913401703
cD1,4480,4.47776111944028,0.0008865335199754193
cD1,4481,4.478760619690155,-0.0005702092071467364
cD1,4482,4.47976011994003,-0.00038606678166897305
cD1,4483,4.480759620189905,0.004175462674831896
cD1,4484,4.48175912043978,-0.001628363707995747
cD1,4485,4.482758620689655,-0.001165550428755934
cD1,4486,4.48375812093953,0.0010193733354983982
cD1,4487,4.484757621189405,-0.0011863173860037104
cD1,4488,4.48575712143928,0.0006798669427238214
cD1,4489,4.486756621689155,-0.0001876922626328972
cD1,4490,4.4877561219390305,-0.0018206602246594152
cD1,4491,4.488755622188905,0.004680141712522222
cD1,4492,4.489755122438781,-0.0032163226040503416
cD1,4493,4.490754622688655,-0.0019114954167324912
cD1,4494,4.491754122938531,0.00031925719725795637
cD1,4495,4.492753623188405,0.003518310535636451
cD1,4496,4.493753123438281,-2.029523077051341e-05
cD1,4497,4.494752623688155,-0.001443363487932022
cD1,4498,4.495752123938031,0.0015685737609680334
cD1,4499,4.4967516241879055,-0.0054115989627455015
cD1,4500,4.497751124437781,0.0032255454101018997
cD1,4501,4.498750624687656,0.002317704748495436
cD1,4502,4.499750124937531,-0.004638067357720442
cD1,4503,4.500749625187406,0.003728122343238746
cD1,4504,4.501749125437281,-0.001028776713998576
cD1,4505,4.502748625687156,0.0017806626835971196
cD1,4506,4.503748125937031,0.00034849852465978755
cD1,4507,4.504747626186907,-0.0031632606829166206
cD1,4508,4.505747126436781,-0.0027180183765661454
cD1,4509,4.506746626686657,0.00408992938620902
cD1,4510,4.5077461269365315,0.0009487989110437202
cD1,4511,4.508745627186407,-0.00029771155573327926
cD1,4512,4.509745127436282,-0.001902386103848457
cD1,4513,4.510744627686157,0.002207173309342951
cD1,4514,4.511744127936032,-0.003146903596402924
cD1,4515,4.512743628185907,0.004371955696703166
cD1,4516,4.513743128435782,-0.001576615486546199
cD1,4517,4.514742628685657,-0.0063086714255080525
cD1,4518,4.515742128935532,0.007237992382643658
cD1,4519,4.5167416291854074,0.0010473189453980205
cD1,4520,4.517741129435282,-0.003252216801170495
cD1,4521,4.5187406296851576,0.0001660809854837295
cD1,4522,4.519740129935032,-0.0005892360591461894
cD1,4523,4.520739630184908,0.0004464680902855556
cD1,4524,4.521739130434782,0.0017786741251126312
cD1,4525,4.522738630684658,-0.004796734062359474
cD1,4526,4.523738130934532,0.0037878903686652168
cD1,4527,4.524737631184408,0.00038225934771854084
cD1,4528,4.5257371314342825,-0.00029986566505811694
cD1,4529,4.526736631684158,0.0014211587557996133
cD1,4530,4.527736131934033,-0.003871150416137884
cD1,4531,4.528735632183908,0.002859407726956142
cD1,4532,4.529735132433783,-0.0011795552350089768
cD1,4533,4.530734632683658,3.791594102069693e-05
cD1,4534,4.531734132933533,0.0025603723579009025
cD1,4535,4.532733633183408,-0.005866463633764186
cD1,4536,4.533733133433283,0.0038648374736718633
cD1,4537,4.534732633683158,0.0013501015542259388
cD1,4538,4.535732133933033,-0.004178489116232802
cD1,4539,4.5367316341829085,0.004290753521841192
cD1,4540,4.537731134432783,-0.0013996209281468505
cD1,4541,4.538730634682659,-0.002758578134126124
cD1,4542,4.539730134932533,0.005778446181978754
cD1,4543,4.540729635182409,-0.001501349013802586
cD1,4544,4.541729135432283,-0.0028565007149417066
cD1,4545,4.542728635682159,-0.003833831576180312
cD1,4546,4.543728135932033,0.005170996270085843
cD1,4547,4.544727636181909,7.555098566313875e-05
cD1,4548,4.545727136431784,-0.00027978364676444997
cD1,4549,4.546726636681659,0.003731747020241762
cD1,4550,4.5477261369315345,-0.0070647501745066885
cD1,4551,4.548725637181409,0.0024696509072602915
cD1,4552,4.549725137431285,0.0008799783794671242
cD1,4553,4.550724637681159,-0.001377701156622193
cD1,4554,4.551724137931035,0.0052166862315682055
cD1,4555,4.552723638180909,-0.004377503560300034
cD1,4556,4.553723138430785,-0.0035029520732296655
cD1,4557,4.554722638680659,0.007816919976538264
cD1,4558,4.555722138930535,-0.004721360159049722
cD1,4559,4.5567216391804095,-0.0015645982972960209
cD1,4560,4.557721139430285,0.003818691216487162
cD1,4561,4.55872063968016,-0.0006626828621026208
cD1,4562,4.559720139930035,-0.002368173326619736
cD1,4563,4.56071964017991,0.0028651924813942395
cD1,4564,4.561719140429785,-0.0022326848680309912
cD1,4565,4.56271864067966,-0.0007668893675960526
cD1,4566,4.563718140929535,0.0031884548634991128
cD1,4567,4.56471764117941,-0.0004875189898342684
cD1,4568,4.565717141429285,-0.0038034736873895263
cD1,4569,4.56671664167916,0.0041599733081731614
cD1,4570,4.5677161419290355,-0.0024155740311611845
cD1,4571,4.56871564217891,0.0033159571367103705
cD1,4572,4.569715142428786,-0.001296477453949083
cD1,4573,4.57071464267866,-0.005035826060282407
cD1,4574,4.571714142928536,0.007061555872558822
cD1,4575,4.57271364317841,-0.004038385887456243
cD1,4576,4.573713143428286,0.00018607132956924277
cD1,4577,4.57471264367816,0.005271995498574676
cD1,4578,4.575712143928036,-0.008356199247017323
cD1,4579,4.5767116441779105,0.0026695264319672616
cD1,4580,4.577711144427786,0.0038695293192673127
cD1,4581,4.578710644677661,-0.0026886981571612916
cD1,4582,4.579710144927536,-0.001904016682996362
cD1,4583,4.580709645177411,0.003891258143050312
cD1,4584,4.581709145427286,-0.003933232264247799
cD1,4585,4.582708645677161,0.0017258984858701273
cD1,4586,4.583708145927036,0.002977975823184484
cD1,4587,4.584707646176911,-0.0024011559465349306
cD1,4588,4.5857071464267865,-1.8343421179449834e-05
cD1,4589,4.586706646676662,-0.00347898683130964
cD1,4590,4.5877061469265366,0.001060237107227158
cD1,4591,4.588705647176412,0.0031640069188831415
cD1,4592,4.589705147426287,-0.0016374067024802165
cD1,4593,4.590704647676162,0.003737013148360482
cD1,4594,4.591704147926037,-0.001365237690391364
cD1,4595,4.592703648175912,-0.00259285614251515
cD1,4596,4.593703148425787,0.0017735912024089045
cD1,4597,4.594702648675662,-0.004214533053146596
cD1,4598,4.595702148925537,0.003882228371177498
cD1,4599,4.5967016491754125,0.0006130776734310496
cD1,4600,4.597701149425287,-0.0007036752157702808
cD1,4601,4.598700649675163,-0.0027180673294522144
cD1,4602,4.599700149925037,0.003313711575197377
cD1,4603,4.600699650174913,-8.45757840785944e-05
cD1,4604,4.601699150424787,-0.004063968671008679
cD1,4605,4.602698650674663,0.00405888549390115
cD1,4606,4.603698150924537,-0.0005154352733813029
cD1,4607,4.604697651174413,-7.887386394320378e-05
cD1,4608,4.6056971514242875,0.00019837177818563627
cD1,4609,4.606696651674163,-8.611848286452123e-05
cD1,4610,4.607696151924038,-0.0022567106863613903
cD1,4611,4.608695652173913,0.0010002115996745743
cD1,4612,4.609695152423788,0.0034825544805709542
cD1,4613,4.610694652673663,-0.004174348459863572
cD1,4614,4.611694152923538,-0.0010206530362446202
cD1,4615,4.612693653173413,0.006506600522072601
cD1,4616,4.613693153423288,-0.006215470716002752
cD1,4617,4.614692653673163,-0.000557530466454084
cD1,4618,4.615692153923038,0.007636261575505395
cD1,4619,4.6166916541729135,-0.006565650653614386
cD1,4620,4.617691154422788,-0.0008244998089870165
cD1,4621,4.618690654672664,0.003593699659115804
cD1,4622,4.619690154922538,0.0009700627437776785
cD1,4623,4.620689655172414,-0.004011562883837412
cD1,4624,4.621689155422288,-0.00011064997933638845
cD1,4625,4.622688655672164,0.007161050054482225
cD1,4626,4.623688155922038,-0.007273583869507648
cD1,4627,4.624687656171914,0.001755712338882766
cD1,4628,4.6256871564217885,0.0025747542274091105
cD1,4629,4.626686656671664,-0.004759809314672917
cD1,4630,4.6276861569215395,0.0013033594900672717
cD1,4631,4.628685657171414,0.003417209061814544
cD1,4632,4.62968515742129,-0.002673752360505401
cD1,4633,4.630684657671164,0.00024602683149522385
cD1,4634,4.63168415792104,-0.002353460609072444
cD1,4635,4.632683658170914,0.003255370239946472
cD1,4636,4.63368315842079,0.0022308957867462112
cD1,4637,4.634682658670664,-0.001815357137969689
cD1,4638,4.63568215892054,-0.0012599117625446547
cD1,4639,4.6366816591704145,-0.003055522172759318
cD1,4640,4.63768115942029,0.004328089280631049
cD1,4641,4.638680659670165,-0.0009416141691982842
cD1,4642,4.63968015992004,-0.000527312663599204
cD1,4643,4.640679660169915,0.0027848158626478056
cD1,4644,4.64167916041979,-0.003416395899340413
cD1,4645,4.642678660669665,-0.00117758649932678
cD1,4646,4.64367816091954,0.0029173125044422185
cD1,4647,4.644677661169415,0.0012076920730768343
cD1,4648,4.64567716141929,-0.0024250297178518183
cD1,4649,4.646676661669165,-0.000617616470217631
cD1,4650,4.6476761619190405,0.0008860167996636992
cD1,4651,4.648675662168915,0.001740618604997345
cD1,4652,4.649675162418791,-0.0036122434627933846
cD1,4653,4.650674662668665,0.00331333613723997
cD1,4654,4.651674162918541,-0.0025500213151492144
cD1,4655,4.652673663168415,3.9390921813114163e-05
cD1,4656,4.653673163418291,0.005354299853755909
cD1,4657,4.6546726636681655,-0.007877570265439804
cD1,4658,4.655672163918041,0.0076324777771795945
cD1,4659,4.656671664167916,-0.0016115578766417666
cD1,4660,4.657671164417791,-0.005561710774546599
cD1,4661,4.658670664667666,0.0034409553041912988
cD1,4662,4.659670164917541,0.000955687007977666
cD1,4663,4.660669665167416,-0.0032222047568615624
cD1,4664,4.661669165417291,0.0024545484444523373
cD1,4665,4.662668665667166,0.0018265155643368556
cD1,4666,4.663668165917041,-0.003679465580881347
cD1,4667,4.664667666166916,-0.00016618243475075082
cD1,4668,4.6656671664167915,0.0005349240112319477
cD1,4669,4.666666666666666,0.00439407237469865
cD1,4670,4.667666166916542,-0.0029030642172935056
cD1,4671,4.668665667166417,-0.0007436809302031476
cD1,4672,4.669665167416292,0.0020212994980290094
cD1,4673,4.670664667666167,-0.004165820668019317
cD1,4674,4.671664167916042,0.002354203068360776
cD1,4675,4.672663668165917,-0.00016980737407812385
cD1,4676,4.673663168415792,0.0016435928088057317
cD1,4677,4.674662668665667,0.003774749396919373
cD1,4678,4.675662168915542,-0.00718683551213607
cD1,4679,4.6766616691654175,-0.0006542737662707061
cD1,4680,4.677661169415292,0.0017210386963387764
cD1,4681,4.678660669665168,0.002181731681297422
cD1,4682,4.679660169915042,0.0030216815121702234
cD1,4683,4.680659670164918,-0.007649812634705504
cD1,4684,4.681659170414792,0.004165405042782523
cD1,4685,4.682658670664668,-0.00022000563899911567
cD1,4686,4.683658170914542,-0.005918837498378267
cD1,4687,4.684657671164418,0.009103361445463498
cD1,4688,4.6856571714142925,-0.002215391150445523
cD1,4689,4.686656671664168,-0.0017395848258688765
cD1,4690,4.687656171914043,0.0010691457314279886
cD1,4691,4.688655672163918,-0.0007969735730392895
cD1,4692,4.689655172413793,0.0022210745209940447
cD1,4693,4.690654672663668,-0.004110729530808651
cD1,4694,4.691654172913543,-0.000554593128058212
cD1,4695,4.692653673163418,0.005502354411356561
cD1,4696,4.693653173413293,-0.0019054266023874559
cD1,4697,4.694652673663168,-0.0031154732001125863
cD1,4698,4.695652173913043,0.001878505805520652
cD1,4699,4.6966516741629185,0.0015045910116101042
cD1,4700,4.697651174412793,-0.002694155559162565
cD1,4701,4.698650674662669,0.0030490968746898803
cD1,4702,4.699650174912543,-0.0026687355423303397
cD1,4703,4.700649675162419,0.0005524083510888339
cD1,4704,4.701649175412293,-0.002201468961688069
cD1,4705,4.702648675662169,0.006690882551569878
cD1,4706,4.703648175912043,-0.0014370580542773593
cD1,4707,4.704647676161919,-0.0071236290808348365
cD1,4708,4.7056471764117935,0.005234728644665522
cD1,4709,4.706646676661669,6.069861767372928e-05
cD1,4710,4.707646176911544,-0.0015289526589578922
cD1,4711,4.708645677161419,0.0037763514031016352
cD1,4712,4.709645177411295,-0.008235484038225245
cD1,4713,4.710644677661169,0.008551095275015396
cD1,4714,4.711644177911045,-0.0030006750324338242
cD1,4715,4.712643678160919,-0.0033542847778820378
cD1,4716,4.713643178410795,0.006857127817899257
cD1,4717,4.714642678660669,-0.0055843879238718554
cD1,4718,4.715642178910545,0.001877272596928773
cD1,4719,4.7166416791604195,-0.000281056699215544
cD1,4720,4.717641179410295,-0.001079617379910674
cD1,4721,4.71864067966017,0.0029444028733771124
cD1,4722,4.719640179910045,-0.002327298657793088
cD1,4723,4.72063968015992,0.0014094284823188282
cD1,4724,4.721639180409795,4.719199736560433e-05
cD1,4725,4.72263868065967,-0.003217037358515855
cD1,4726,4.723638180909545,0.0052323254125129035
cD1,4727,4.72463768115942,-0.004842579420876751
cD1,4728,4.7256371814092955,0.0009656758219886543
cD1,4729,4.72663668165917,0.004299486917284592
cD1,4730,4.7276361819090456,-0.0056547296378542285
cD1,4731,4.72863568215892,0.003517430823533469
cD1,4732,4.729635182408796,-0.0009878065513781425
cD1,4733,4.73063468265867,-0.0009121317794053717
cD1,4734,4.731634182908546,-0.0002792633045179953
cD1,4735,4.73263368315842,-0.00033180863423591385
cD1,4736,4.733633183408296,0.003591084004588622
cD1,4737,4.7346326836581705,-0.0009679038127264538
cD1,4738,4.735632183908046,-0.0020310473017895354
cD1,4739,4.736631684157921,0.004122461044878743
cD1,4740,4.737631184407796,-0.006433296681792236
cD1,4741,4.738630684657671,-0.0012001872174312621
cD1,4742,4.739630184907546,0.00578840229859428
cD1,4743,4.740629685157421,0.001417128922942662
cD1,4744,4.741629185407296,-0.004074937511093085
cD1,4745,4.742628685657171,0.0018483788679130742
cD1,4746,4.743628185907046,0.0005048649126007032
cD1,4747,4.744627686156921,-5.432269997114798e-05
cD1,4748,4.7456271864067965,-0.0005086938591417324
cD1,4749,4.746626686656671,-0.004949317401553294
cD1,4750,4.747626186906547,0.0027857729700078333
cD1,4751,4.748625687156421,0.003480167140970651
cD1,4752,4.749625187406297,-0.0006280889633253715
cD1,4753,4.750624687656172,-0.00040089055695512687
cD1,4754,4.751624187906047,-0.0002524449614280846
cD1,4755,4.752623688155922,-0.002296833940158017
cD1,4756,4.753623188405797,-0.0004810667375914219
cD1,4757,4.754622688655672,0.004177104800604182
cD1,4758,4.755622188905547,-0.0034013477330640833
cD1,4759,4.7566216891554225,0.0007126232639050382
cD1,4760,4.757621189405297,0.002489447624938396
cD1,4761,4.758620689655173,-0.0009028402542716754
cD1,4762,4.759620189905047,0.0012171527492382257
cD1,4763,4.760619690154923,-0.004279547940909093
cD1,4764,4.761619190404797,-0.0014279588093202796
cD1,4765,4.762618690654673,0.0052570041696385315
cD1,4766,4.763618190904547,-0.0018863709411914226
cD1,4767,4.764617691154423,0.0015665795072407696
cD1,4768,4.7656171914042975,0.00124182270450759
cD1,4769,4.766616691654173,-0.006713359646123602
cD1,4770,4.767616191904048,0.0052771190810720365
cD1,4771,4.768615692153923,0.0017350821579645791
cD1,4772,4.769615192403798,-0.007397197645850998
cD1,4773,4.770614692653673,0.004514659951832029
cD1,4774,4.771614192903548,0.0022618908005840686
cD1,4775,4.772613693153423,-0.0023891296752063095
cD1,4776,4.773613193403298,-0.002170070884827403
cD1,4777,4.774612693653173,0.0015141039223317736
cD1,4778,4.775612193903048,0.0033603501129081904
cD1,4779,4.7766116941529235,-0.003252444451298853
cD1,4780,4.777611194402798,-0.0005320491527970087
cD1,4781,4.778610694652674,0.004320615769901234
cD1,4782,4.779610194902548,-0.007278701907218207
cD1,4783,4.780609695152424,0.004111124959920666
cD1,4784,4.781609195402298,0.0026857181233547697
cD1,4785,4.782608695652174,-0.003278651627903012
cD1,4786,4.783608195902048,0.0008904945048253722
cD1,4787,4.784607696151924,0.0006471571768474469
cD1,4788,4.7856071964017985,0.0007063646735813504
cD1,4789,4.786606696651674,-0.0022469405246784337
cD1,4790,4.787606196901549,-0.0016301026664148318
cD1,4791,4.788605697151424,0.00041018115183303087
cD1,4792,4.789605197401299,0.003519402499590919
cD1,4793,4.790604697651174,-0.002026624306238366
cD1,4794,4.79160419790105,0.0005585947371630809
cD1,4795,4.792603698150924,0.0007841912929792572
cD1,4796,4.7936031984008,-0.0037175883568282483
cD1,4797,4.7946026986506745,0.002808439679387254
cD1,4798,4.79560219890055,0.0022589027959041374
cD1,4799,4.796601699150425,-0.002826405516277442
cD1,4800,4.7976011994003,0.00175688665873083
cD1,4801,4.798600699650175,-0.00372246203061545
cD1,4802,4.79960019990005,0.0045233746252698
cD1,4803,4.800599700149925,-0.0009636760051607118
cD1,4804,4.8015992003998,-0.004514544495580282
cD1,4805,4.802598700649675,0.003839853178267124
cD1,4806,4.80359820089955,8.461107210509214e-05
cD1,4807,4.804597701149425,-9.779442840353021e-05
cD1,4808,4.8055972013993005,0.0003054775262060911
cD1,4809,4.806596701649175,-0.0014003697162537363
cD1,4810,4.807596201899051,-0.0007086539713137701
cD1,4811,4.808595702148925,0.0008396471155603575
cD1,4812,4.809595202398801,0.0017493464352649941
cD1,4813,4.810594702648675,-0.0018804573333302366
cD1,4814,4.811594202898551,0.0004683976387015805
cD1,4815,4.812593703148425,-0.0001178966470772023
cD1,4816,4.813593203398301,0.0021502241969798648
cD1,4817,4.8145927036481755,-0.0008050623563423658
cD1,4818,4.815592203898051,-0.0034029230994578547
cD1,4819,4.816591704147926,0.0025043837650267704
cD1,4820,4.817591204397801,0.0018639076225217739
cD1,4821,4.818590704647676,-0.0008380659857066336
cD1,4822,4.819590204897551,-0.002411607600355677
cD1,4823,4.820589705147426,-0.001748084973743294
cD1,4824,4.821589205397301,0.004156141297421274
cD1,4825,4.822588705647176,0.0002908624079501457
cD1,4826,4.823588205897051,-0.002811349752264611
cD1,4827,4.824587706146926,0.002854984245034849
cD1,4828,4.8255872063968015,-0.002048416664817265
cD1,4829,4.826586706646676,-0.0017724367858701425
cD1,4830,4.827586206896552,0.0023627530092169098
cD1,4831,4.828585707146426,0.002799543589074895
cD1,4832,4.829585207396302,-0.003963695663325878
cD1,4833,4.830584707646176,-0.0030417491951695366
cD1,4834,4.831584207896052,0.009052235068961028
cD1,4835,4.832583708145927,-0.0050055932501981105
cD1,4836,4.833583208395802,-0.00018631713247129486
cD1,4837,4.834582708645677,0.0019776598874306313
cD1,4838,4.835582208895552,-0.00556418618604687
cD1,4839,4.8365817091454275,0.005376328458104072
cD1,4840,4.837581209395302,0.002411632736060893
cD1,4841,4.838580709645178,-0.007846020990120864
cD1,4842,4.839580209895052,0.0035679188703229645
cD1,4843,4.840579710144928,0.002115669955204628
cD1,4844,4.841579210394802,-0.0035015797335261794
cD1,4845,4.842578710644678,0.0031501468961012452
cD1,4846,4.843578210894552,-0.00267136723138317
cD1,4847,4.844577711144428,0.0010587643107711402
cD1,4848,4.8455772113943025,0.0004940225936734628
cD1,4849,4.846576711644178,0.0017210905575064032
cD1,4850,4.847576211894053,-0.0021451821429499763
cD1,4851,4.848575712143928,-0.0022044882974983533
cD1,4852,4.849575212393803,0.0001808425738418901
cD1,4853,4.850574712643678,0.004623884475240705
cD1,4854,4.851574212893553,-0.0026911869449052933
cD1,4855,4.852573713143428,0.002409670564962476
cD1,4856,4.853573213393303,-0.002992225201480371
cD1,4857,4.854572713643178,0.0014382842946254184
cD1,4858,4.855572213893053,0.0012109948854608066
cD1,4859,4.8565717141429285,-0.0066710761200037836
cD1,4860,4.857571214392803,0.005737045359733062
cD1,4861,4.858570714642679,0.003590584120610007
cD1,4862,4.859570214892553,-0.007751393276664674
cD1,4863,4.860569715142429,0.0016046131604453358
cD1,4864,4.861569215392303,0.004507177565982615
cD1,4865,4.862568715642179,-0.0032896428142949355
cD1,4866,4.8635682158920535,0.0015699555886485932
cD1,4867,4.864567716141929,-0.004042796985466795
cD1,4868,4.865567216391804,0.004060747331960688
cD1,4869,4.866566716641679,-0.00019000395519941544
cD1,4870,4.867566216891554,-0.005181478456678668
cD1,4871,4.868565717141429,0.006016619720709146
cD1,4872,4.869565217391304,-0.00034784743356270926
cD1,4873,4.870564717641179,-0.00010406628057514069
cD1,4874,4.871564217891054,-0.004096327705217357
cD1,4875,4.872563718140929,0.0033557643890536073
cD1,4876,4.873563218390805,2.8733687226309467e-05
cD1,4877,4.8745627186406795,-0.0005290924833607971
cD1,4878,4.875562218890555,0.0035105967254133006
cD1,4879,4.87656171914043,-0.0042783848572533435
cD1,4880,4.877561219390305,-0.003174451811283937
cD1,4881,4.87856071964018,0.006518374325388343
cD1,4882,4.879560219890055,-0.0035375455596678264
cD1,4883,4.88055972013993,-0.001745501602284033
cD1,4884,4.881559220389805,0.0015467227840509665
cD1,4885,4.88255872063968,0.0024793480430834783
cD1,4886,4.883558220889555,0.00017856006421514072
cD1,4887,4.88455772113943,-0.0006936745822700378
cD1,4888,4.8855572213893055,-0.0005315934717352207
cD1,4889,4.88655672163918,-0.0014802093628095202
cD1,4890,4.887556221889056,-0.0003832928292672792
cD1,4891,4.88855572213893,0.0025184889285634966
cD1,4892,4.889555222388806,0.00030103943723415715
cD1,4893,4.89055472263868,-0.0027943909335223366
cD1,4894,4.891554222888556,0.0016036846176049294
cD1,4895,4.89255372313843,0.0039594607227549875
cD1,4896,4.893553223388306,-0.006822900397625601
cD1,4897,4.8945527236381805,-0.0010225610878838937
cD1,4898,4.895552223888056,0.005267910550777431
cD1,4899,4.896551724137931,-0.0014593917667219986
cD1,4900,4.897551224387806,7.165793419387399e-05
cD1,4901,4.898550724637681,0.0016192512274967583
cD1,4902,4.899550224887556,-0.0004436618992493418
cD1,4903,4.900549725137431,-0.004573541315063273
cD1,4904,4.901549225387306,0.005405427538620546
cD1,4905,4.902548725637181,-0.0019008800042120263
cD1,4906,4.903548225887056,-0.0007895446385793334
cD1,4907,4.904547726136931,-0.0011437146502804396
cD1,4908,4.9055472263868065,0.00285871213288025
cD1,4909,4.906546726636681,-0.0007765594731746695
cD1,4910,4.907546226886557,-0.0010050553802111674
cD1,4911,4.908545727136431,0.0020902055670914107
cD1,4912,4.909545227386307,-0.00552363017200913
cD1,4913,4.910544727636181,0.007978653120858326
cD1,4914,4.911544227886057,-0.00374492069511923
cD1,4915,4.912543728135931,-0.0030195541729115616
cD1,4916,4.913543228385807,0.004148628595752128
cD1,4917,4.914542728635682,-0.001265439292237072
cD1,4918,4.915542228885557,0.0017697298286975182
cD1,4919,4.9165417291354325,-0.0021144437969157093
cD1,4920,4.917541229385307,-0.0006604306163512394
cD1,4921,4.918540729635183,-0.0008427128926205722
cD1,4922,4.919540229885057,0.0034496223184679663
cD1,4923,4.920539730134933,-0.0004341791758087625
cD1,4924,4.921539230384807,-0.004512618464481005
cD1,4925,4.922538730634683,0.006085577836049083
cD1,4926,4.923538230884557,-0.003524757257082081
cD1,4927,4.924537731134433,0.0005091291100972992
cD1,4928,4.9255372313843075,0.0017621462992793318
cD1,4929,4.926536731634183,-0.004538211095484227
cD1,4930,4.927536231884058,0.0033515120447364646
cD1,4931,4.928535732133933,0.0021874984732097227
cD1,4932,4.929535232383808,-0.0049978950399906
cD1,4933,4.930534732633683,0.003549979072494494
cD1,4934,4.931534232883558,0.0031380051488960232
cD1,4935,4.932533733133433,-0.008905318147210609
cD1,4936,4.933533233383308,0.0033024405650972904
cD1,4937,4.9345327336331835,0.004382325245655891
cD1,4938,4.935532233883058,-0.0011897613595709322
cD1,4939,4.936531734132934,-0.006724424713575676
cD1,4940,4.937531234382808,0.007514418716077812
cD1,4941,4.938530734632684,-0.0025977526752226365
cD1,4942,4.939530234882558,-0.002043522729860403
cD1,4943,4.940529735132434,0.003250166559374296
cD1,4944,4.941529235382308,-0.0012145857466466525
cD1,4945,4.942528735632184,-0.0007275920836535771
cD1,4946,4.9435282358820585,0.003717398400918689
cD1,4947,4.944527736131934,-0.0036662437728847887
cD1,4948,4.945527236381809,-0.0006336313606200025
cD1,4949,4.946526736631684,0.0025945692733860704
cD1,4950,4.947526236881559,-0.003928119434272014
cD1,4951,4.948525737131434,0.004213617773050392
cD1,4952,4.949525237381309,0.0003515292722813784
cD1,4953,4.950524737631184,-0.004667998846810378
cD1,4954,4.951524237881059,0.003813508972226071
cD1,4955,4.952523738130934,0.0011315924706916786
cD1,4956,4.953523238380809,-0.004882336403658219
cD1,4957,4.9545227386306845,0.002207664005337961
cD1,4958,4.95552223888056,0.0007803938759377406
cD1,4959,4.956521739130435,-0.0022799927582079506
cD1,4960,4.95752123938031,0.005318830716685478
cD1,4961,4.958520739630185,-0.003740058428275744
cD1,4962,4.95952023988006,-0.0005772398724652663
cD1,4963,4.960519740129935,0.002365824219781212
cD1,4964,4.96151924037981,-0.002021985883178633
cD1,4965,4.962518740629685,0.0007753711775503784
cD1,4966,4.96351824087956,0.0032892417711973855
cD1,4967,4.964517741129435,-0.009539142501247272
cD1,4968,4.9655172413793105,0.003535853930938228
cD1,4969,4.966516741629185,0.009371906192601514
cD1,4970,4.967516241879061,-0.007777775919366547
cD1,4971,4.968515742128935,0.0006024682132256866
cD1,4972,4.969515242378811,0.0011044708975110186
cD1,4973,4.970514742628685,-0.0015632391644377374
cD1,4974,4.971514242878561,-7.533581058638219e-05
cD1,4975,4.972513743128435,0.00032452261612189563
cD1,4976,4.973513243378311,0.0030360662898742128
cD1,4977,4.9745127436281855,-0.005714960285529393
cD1,4978,4.975512243878061,0.003936898284914023
cD1,4979,4.976511744127936,0.0022393733907159676
cD1,4980,4.977511244377811,-0.0008513075602712846
cD1,4981,4.978510744627686,-0.005144072233746396
cD1,4982,4.979510244877561,0.0010309755377486242
cD1,4983,4.980509745127436,0.005395492922999334
cD1,4984,4.981509245377311,-0.004567270090679226
cD1,4985,4.982508745627186,-0.0002718494408512974
cD1,4986,4.983508245877061,-0.0015755787056851418
cD1,4987,4.984507746126936,0.006146240137116383
cD1,4988,4.9855072463768115,-0.0017301343331884303
cD1,4989,4.986506746626686,-0.003120752918759162
cD1,4990,4.987506246876562,0.00542368372707964
cD1,4991,4.988505747126436,-0.004967698259923311
cD1,4992,4.989505247376312,0.0002563727876083613
cD1,4993,4.990504747626186,0.00030447524373496864
cD1,4994,4.991504247876062,0.001622488508804287
cD1,4995,4.9925037481259364,-0.0008933243104562003
cD1,4996,4.993503248375812,0.0007718335034171307
cD1,4997,4.9945027486256866,0.0008716082055875552
cD1,4998,4.995502248875562,-0.002172898469646375
cD1,4999,4.9965017491254375,-0.0025112877339698667
cD1,5000,4.997501249375312,0.0024890472888157416
cD1,5001,4.998500749625188,0.003375187326094089
cD1,5002,4.999500249875062,-0.00624682155546418
cD1,5003,5.000499750124938,0.006110837850309445
cD1,5004,5.001499250374812,0.00021876284242596314
cD1,5005,5.002498750624688,-0.006949561815916321
cD1,5006,5.0034982508745625,0.005999583831039085
cD1,5007,5.004497751124438,0.0006083818032429922
cD1,5008,5.005497251374313,-0.008289787786037282
cD1,5009,5.006496751624188,0.006989762213675693
cD1,5010,5.007496251874063,0.0009878371077170537
cD1,5011,5.008495752123938,-0.004082976775513536
cD1,5012,5.009495252373813,0.004742397526142448
cD1,5013,5.010494752623688,-0.0033599022087409626
cD1,5014,5.011494252873563,-0.0024626336996122922
cD1,5015,5.012493753123438,0.005299025672357996
cD1,5016,5.013493253373313,-0.004639283295117261
cD1,5017,5.0144927536231885,0.0026282375609152247
cD1,5018,5.015492253873063,0.0007961008436740726
cD1,5019,5.016491754122939,-0.0025446854355709965
cD1,5020,5.017491254372813,0.00342501136315994
cD1,5021,5.018490754622689,-0.0006981691786552622
cD1,5022,5.019490254872563,-0.0031279172453703135
cD1,5023,5.020489755122439,0.000586380458247596
cD1,5024,5.021489255372313,0.002607787451103689
cD1,5025,5.022488755622189,-0.0025451569936485044
cD1,5026,5.0234882558720635,0.0021374650797139727
cD1,5027,5.024487756121939,-0.002996849159711442
cD1,5028,5.025487256371814,0.004793285282868557
cD1,5029,5.026486756621689,-0.0019930781219453172
cD1,5030,5.027486256871564,-0.0017244518274518522
cD1,5031,5.028485757121439,0.00018701368198214253
cD1,5032,5.029485257371314,0.000480510682288463
cD1,5033,5.030484757621189,0.0007644200930285316
cD1,5034,5.031484257871064,-0.0008674768027203049
cD1,5035,5.032483758120939,0.0008351220835406047
cD1,5036,5.033483258370814,-0.0009953965460893425
cD1,5037,5.0344827586206895,-0.0006900160661609605
cD1,5038,5.035482258870564,0.0035165526734992933
cD1,5039,5.03648175912044,-0.0010213933558678259
cD1,5040,5.037481259370315,-0.003336279283720614
cD1,5041,5.03848075962019,0.0005324086778114749
cD1,5042,5.039480259870065,0.003403734377386145
cD1,5043,5.04047976011994,-0.001097785744909536
cD1,5044,5.041479260369815,-0.001844295666014944
cD1,5045,5.04247876061969,0.00047735138361386424
cD1,5046,5.043478260869565,-0.00020867478054729797
cD1,5047,5.04447776111944,0.002940805429127894
cD1,5048,5.0454772613693155,-0.0014807919273869714
cD1,5049,5.04647676161919,-0.003452477919988238
cD1,5050,5.047476261869066,0.004979647068614455
cD1,5051,5.04847576211894,-0.0035623514053890466
cD1,5052,5.049475262368816,0.0027765283318021213
cD1,5053,5.05047476261869,-0.001373632789327161
cD1,5054,5.051474262868566,-0.0007038219812101442
cD1,5055,5.05247376311844,-0.0004266968702837674
cD1,5056,5.053473263368316,-0.00024851648818363626
cD1,5057,5.0544727636181905,0.0036945630350293038
cD1,5058,5.055472263868066,-0.0006060487472184773
cD1,5059,5.056471764117941,-0.0010587238988313582
cD1,5060,5.057471264367816,-0.0009821309515635965
cD1,5061,5.058470764617691,-0.003413028633612147
cD1,5062,5.059470264867566,0.004457559467710901
cD1,5063,5.060469765117441,0.00048666929159697217
cD1,5064,5.061469265367316,-0.0020573788936321053
cD1,5065,5.062468765617191,0.0012719675775119605
cD1,5066,5.063468265867066,0.0012707086184021103
cD1,5067,5.064467766116941,-0.002132494943186096
cD1,5068,5.0654672663668165,-0.0005160986777918821
cD1,5069,5.066466766616691,-0.001760005685042051
cD1,5070,5.067466266866567,0.0011281680416087858
cD1,5071,5.068465767116441,0.007872211445368373
cD1,5072,5.069465267366317,-0.007963338547270453
cD1,5073,5.070464767616191,-0.0016439337613944629
cD1,5074,5.071464267866067,0.00786027662660134
cD1,5075,5.0724637681159415,-0.004825692595507034
cD1,5076,5.073463268365817,0.0004878201757586144
cD1,5077,5.074462768615692,-0.002480655713079995
cD1,5078,5.075462268865567,0.001573844278988408
cD1,5079,5.076461769115442,0.001963132682653881
cD1,5080,5.077461269365317,-0.002457180913985931
cD1,5081,5.078460769615193,0.004747141995491542
cD1,5082,5.079460269865067,-0.003864225153417308
cD1,5083,5.080459770114943,-0.004163790661544322
cD1,5084,5.081459270364817,0.006150173702368923
cD1,5085,5.082458770614693,0.0004533223250463024
cD1,5086,5.0834582708645675,-0.004092654009351843
cD1,5087,5.084457771114443,0.0014672736491900234
cD1,5088,5.085457271364318,0.0018098653950336047
cD1,5089,5.086456771614193,-0.0008792184507032176
cD1,5090,5.087456271864068,-0.0010575612175626897
cD1,5091,5.088455772113943,0.003068798604566455
cD1,5092,5.089455272363818,-0.007817412735421867
cD1,5093,5.090454772613693,0.007448973878145648
cD1,5094,5.091454272863568,0.0011256316667419349
cD1,5095,5.092453773113443,-0.007326628074863261
cD1,5096,5.093453273363318,0.0067525596018298654
cD1,5097,5.0944527736131935,-0.002942443541010093
cD1,5098,5.095452273863068,-0.002015041731314047
cD1,5099,5.096451774112944,0.003747130472657759
cD1,5100,5.097451274362818,-0.0008645591599493203
cD1,5101,5.098450774612694,-0.003873135276805893
cD1,5102,5.099450274862568,0.004348977399785745
cD1,5103,5.100449775112444,0.002268553084916454
cD1,5104,5.101449275362318,-0.004514192871111182
cD1,5105,5.102448775612194,0.0037918554002118426
cD1,5106,5.1034482758620685,-0.004238686143124799
cD1,5107,5.104447776111944,-0.00223706598781533
cD1,5108,5.105447276361819,0.00635064031724783
cD1,5109,5.106446776611694,-0.002243342467990819
cD1,5110,5.107446276861569,-0.0015919412493687374
cD1,5111,5.108445777111444,-0.001325786905477409
cD1,5112,5.109445277361319,0.007521895170918934
cD1,5113,5.110444777611194,-0.0026689442895388646
cD1,5114,5.111444277861069,-0.006106549882399836
cD1,5115,5.112443778110944,0.0051362824551859886
cD1,5116,5.113443278360819,0.001963232206311328
cD1,5117,5.1144427786106945,0.0007718600799466405
cD1,5118,5.115442278860569,-0.002054744757879855
cD1,5119,5.116441779110445,-0.008344470316194029
cD1,5120,5.117441279360319,0.003683236577084425
cD1,5121,5.118440779610195,0.008808127079477934
cD1,5122,5.11944027986007,-0.00010688861986567905
cD1,5123,5.120439780109945,-0.015796353512683915
cD1,5124,5.12143928035982,-0.0020773511390467965
cD1,5125,5.122438780609695,0.017151218137577407
cD1,5126,5.12343828085957,0.0007419502331262682
cD1,5127,5.124437781109445,-0.004594189869691116
cD1,5128,5.1254372813593205,-0.009960266813316448
cD1,5129,5.126436781609195,-8.36658852424732e-05
cD1,5130,5.127436281859071,0.008659586457616213
cD1,5131,5.128435782108945,0.0023322752030112484
cD1,5132,5.129435282358821,0.0032622575198041417
cD1,5133,5.130434782608695,0.002510075678990073
cD1,5134,5.131434282858571,-0.0035627479570275594
cD1,5135,5.1324337831084454,-0.0052181325645798415
cD1,5136,5.133433283358321,-0.001485916540537327
cD1,5137,5.1344327836081955,-0.004866043573360675
cD1,5138,5.135432283858071,0.006955942101244405
cD1,5139,5.136431784107946,0.0038089957080888366
cD1,5140,5.137431284357821,0.006465620385995172
cD1,5141,5.138430784607696,0.0005165450124366734
cD1,5142,5.139430284857571,-0.007828899737493296
cD1,5143,5.140429785107446,-0.002581574278921313
cD1,5144,5.141429285357321,-0.009998896918343186
cD1,5145,5.142428785607196,-0.001130936681697045
cD1,5146,5.1434282858570715,0.0080780989889577
cD1,5147,5.144427786106946,0.001449427703290214
cD1,5148,5.145427286356822,0.0009707406004943256
cD1,5149,5.146426786606696,0.001618475942433032
cD1,5150,5.147426286856572,-0.008915504893776011
cD1,5151,5.148425787106446,0.002832413730727139
cD1,5152,5.149425287356322,0.007493722100921753
cD1,5153,5.150424787606196,0.0018245900160743928
cD1,5154,5.151424287856072,0.0032485351731521978
cD1,5155,5.1524237881059465,-0.0011474671190202096
cD1,5156,5.153423288355822,-0.011537805764354085
cD1,5157,5.154422788605697,-0.00227381070441509
cD1,5158,5.155422288855572,0.0020151340924805944
cD1,5159,5.156421789105447,0.004417951974112898
cD1,5160,5.157421289355322,0.003565982025313573
cD1,5161,5.158420789605198,-0.00023404618425850593
cD1,5162,5.159420289855072,-0.0004105465771151867
cD1,5163,5.160419790104948,-0.00028944479833090814
cD1,5164,5.161419290354822,0.006933868619011761
cD1,5165,5.162418790604698,-0.004912869653604747
cD1,5166,5.1634182908545725,-0.0018178743137959442
cD1,5167,5.164417791104448,-0.0011141873453896466
cD1,5168,5.165417291354323,-0.0035282364691409072
cD1,5169,5.166416791604198,-0.00025108531871551043
cD1,5170,5.167416291854073,0.0009216624830256509
cD1,5171,5.168415792103948,-0.00401671748473844
cD1,5172,5.169415292353823,0.002783698531006691
cD1,5173,5.170414792603698,1.2171788343742773e-05
cD1,5174,5.171414292853573,-0.0017034865738594467
cD1,5175,5.172413793103448,0.007804493739984196
cD1,5176,5.173413293353323,-7.051292504871428e-05
cD1,5177,5.1744127936031985,-0.005477314573774685
cD1,5178,5.175412293853073,0.008600304956377465
cD1,5179,5.176411794102949,-0.0025612120549867636
cD1,5180,5.177411294352823,-0.005473514618119775
cD1,5181,5.178410794602699,0.006868149810288396
cD1,5182,5.179410294852573,-0.003962183143742162
cD1,5183,5.180409795102449,0.002032554261250142
cD1,5184,5.181409295352323,-0.005057512671817066
cD1,5185,5.182408795602199,-0.004554265344246572
cD1,5186,5.1834082958520735,0.006073120568979212
cD1,5187,5.184407796101949,-0.001116442338039549
cD1,5188,5.185407296351824,0.0016896778461509615
cD1,5189,5.186406796601699,-0.0002635224157122745
cD1,5190,5.187406296851574,0.002723398967523029
cD1,5191,5.188405797101449,-0.0017148103597568846
cD1,5192,5.189405297351324,-0.0021622648976373574
cD1,5193,5.190404797601199,0.00019492314584406562
cD1,5194,5.191404297851074,0.001776446135998859
cD1,5195,5.192403798100949,0.004832395816947632
cD1,5196,5.193403298350824,-0.006859996027943777
cD1,5197,5.1944027986006995,0.002789142192188835
cD1,5198,5.195402298850574,0.00022447385248469415
cD1,5199,5.19640179910045,-0.005032905465111655
cD1,5200,5.197401299350324,0.0009534311627898665
cD1,5201,5.1984007996002,0.005720390548513123
cD1,5202,5.199400299850075,0.0007112850645479268
cD1,5203,5.20039980009995,-0.008485211750137646
cD1,5204,5.201399300349825,0.0033655691806272732
cD1,5205,5.2023988005997,0.0013699089183349744
cD1,5206,5.203398300849575,0.0005711724482325084
cD1,5207,5.20439780109945,0.0010127496797004139
cD1,5208,5.2053973013493255,-0.0018607113349172451
cD1,5209,5.2063968015992,0.00046103560561937826
cD1,5210,5.207396301849076,-0.00080853638217202
cD1,5211,5.20839580209895,0.0030404825266382896
cD1,5212,5.209395302348826,-0.004630189514569136
cD1,5213,5.2103948025987,-7.497923854677888e-05
cD1,5214,5.211394302848576,0.0038297535033949954
cD1,5215,5.2123938030984505,-0.003238555755757596
cD1,5216,5.213393303348326,0.0024977868422991394
cD1,5217,5.214392803598201,-0.0032230153061239696
cD1,5218,5.215392303848076,0.0024130879080115067
cD1,5219,5.216391804097951,0.005416987518107795
cD1,5220,5.217391304347826,-0.0052548060096768824
cD1,5221,5.218390804597701,-0.00018971786000732214
cD1,5222,5.219390304847576,-0.003364508253261271
cD1,5223,5.220389805097451,-0.0008897053304481426
cD1,5224,5.221389305347326,0.005509371367408319
cD1,5225,5.222388805597201,0.0019808897605467926
cD1,5226,5.2233883058470765,-0.003796155092086159
cD1,5227,5.224387806096951,-0.00047041083239381803
cD1,5228,5.225387306346827,0.0037993650147133792
cD1,5229,5.226386806596701,-0.00040503019971617634
cD1,5230,5.227386306846577,-0.0006835281495274087
cD1,5231,5.228385807096451,-0.002007665731307504
cD1,5232,5.229385307346327,-0.005103696932404522
cD1,5233,5.230384807596201,0.0017581150101086884
cD1,5234,5.231384307846077,0.0031138230924708608
cD1,5235,5.2323838080959515,0.004578462225065346
cD1,5236,5.233383308345827,0.00030941585786451896
cD1,5237,5.234382808595702,-0.006983174734469215
cD1,5238,5.235382308845577,0.0003869617370878269
cD1,5239,5.236381809095452,0.005038040174209008
cD1,5240,5.237381309345327,-0.004908330389608437
cD1,5241,5.238380809595202,0.0016767904641414996
cD1,5242,5.239380309845077,0.0024923210302704255
cD1,5243,5.240379810094953,-0.0011431214248659714
cD1,5244,5.241379310344827,-0.0015764708189821381
cD1,5245,5.242378810594703,0.004730523132507535
cD1,5246,5.2433783108445775,-0.008488402019234658
cD1,5247,5.244377811094453,-0.0021240123602765926
cD1,5248,5.245377311344328,0.008512176920129977
cD1,5249,5.246376811594203,-0.0019290800591756194
cD1,5250,5.247376311844078,0.002627293856562069
cD1,5251,5.248375812093953,-0.006620279947667801
cD1,5252,5.249375312343828,0.00699371907140851
cD1,5253,5.250374812593703,0.0036143746832587274
cD1,5254,5.251374312843578,-0.0077324502432948375
cD1,5255,5.252373813093453,-0.004665275592460378
cD1,5256,5.253373313343328,0.006512443864476185
cD1,5257,5.2543728135932035,-0.0007599436488083711
cD1,5258,5.255372313843078,0.0038488022699521753
cD1,5259,5.256371814092954,0.00019645756343183833
cD1,5260,5.257371314342828,-0.007777561847162283
cD1,5261,5.258370814592704,-0.0024026657075621747
cD1,5262,5.259370314842578,0.004887864873633546
cD1,5263,5.260369815092454,0.0007184375696160804
cD1,5264,5.261369315342328,-0.0009779404569087383
cD1,5265,5.262368815592204,0.00898762233848148
cD1,5266,5.2633683158420785,-0.007419933829581197
cD1,5267,5.264367816091954,-0.0013704175486772248
cD1,5268,5.265367316341829,0.004552705700621218
cD1,5269,5.266366816591704,-0.006784909514680612
cD1,5270,5.267366316841579,0.004948786568086826
cD1,5271,5.268365817091454,-0.0014768020933846812
cD1,5272,5.269365317341329,-0.0024437595096683295
cD1,5273,5.270364817591204,0.0043244657870796415
cD1,5274,5.271364317841079,0.002936629305058242
cD1,5275,5.2723638180909544,-0.004369161440956059
cD1,5276,5.273363318340829,-0.004937049554626479
cD1,5277,5.2743628185907045,0.002600741674452749
cD1,5278,5.275362318840579,0.00026768112322140235
cD1,5279,5.276361819090455,0.001247303610325652
cD1,5280,5.277361319340329,0.0009156479545037821
cD1,5281,5.278360819590205,0.0006737147994004848
cD1,5282,5.279360319840079,-0.003991831725774252
cD1,5283,5.280359820089955,0.0031750136072991814
cD1,5284,5.28135932033983,0.0069665648247078426
cD1,5285,5.282358820589705,-0.010225573794295683
cD1,5286,5.2833583208395805,0.005118935075592102
cD1,5287,5.284357821089455,-0.0024175821557048884
cD1,5288,5.285357321339331,-0.004004938429591119
cD1,5289,5.286356821589205,0.008577818291424092
cD1,5290,5.287356321839081,-0.009650646208164436
cD1,5291,5.288355822088955,0.0037478686462283045
cD1,5292,5.289355322338831,0.004891478275923601
cD1,5293,5.290354822588705,0.0002976040782317021
cD1,5294,5.291354322838581,-0.0034872705236309383
cD1,5295,5.2923538230884555,-0.002116190172618992
cD1,5296,5.293353323338331,0.0023777458015010956
cD1,5297,5.294352823588206,-0.004153398659815676
cD1,5298,5.295352323838081,0.003722971485265749
cD1,5299,5.296351824087956,0.0027825474276962133
cD1,5300,5.297351324337831,-0.006816682982609927
cD1,5301,5.298350824587706,0.006451269645162469
cD1,5302,5.299350324837581,-0.0008811143689670888
cD1,5303,5.300349825087456,-0.003037515566848216
cD1,5304,5.301349325337331,0.0034521182683794676
cD1,5305,5.302348825587206,-0.00019353133302172157
cD1,5306,5.3033483258370815,-0.002548624268135331
cD1,5307,5.304347826086956,0.00020541423347471407
cD1,5308,5.305347326336832,-0.00011210313104233248
cD1,5309,5.306346826586706,-0.0018662542084214957
cD1,5310,5.307346326836582,0.0032882444822432983
cD1,5311,5.308345827086456,0.002649529336715211
cD1,5312,5.309345327336332,-0.003829061079506707
cD1,5313,5.310344827586206,0.0002363980633975399
cD1,5314,5.311344327836082,-0.0034196403003191223
cD1,5315,5.3123438280859565,0.005032219893629125
cD1,5316,5.313343328335832,0.0009971444087107585
cD1,5317,5.314342828585707,-0.0026043234030559085
cD1,5318,5.315342328835582,-0.0009438649499310876
cD1,5319,5.316341829085457,-2.0336179048563007e-05
cD1,5320,5.317341329335332,0.0022808544468524198
cD1,5321,5.318340829585207,-0.0026021086779205306
cD1,5322,5.319340329835082,0.0035044773960926285
cD1,5323,5.320339830084957,-0.0006849745915812008
cD1,5324,5.321339330334832,-0.006352502796469173
cD1,5325,5.322338830584708,0.006342341275068017
cD1,5326,5.3233383308345825,-9.332054605098441e-05
cD1,5327,5.324337831084458,-0.00045826119878383115
cD1,5328,5.325337331334333,-0.0005286169709698809
cD1,5329,5.326336831584208,-0.0010485735486839105
cD1,5330,5.327336331834083,0.0035857887109700796
cD1,5331,5.328335832083958,-0.0026710009719559946
cD1,5332,5.329335332333833,-0.0022412052888683923
cD1,5333,5.330334832583708,0.003989466864766293
cD1,5334,5.331334332833583,-0.003533214604062574
cD1,5335,5.332333833083458,-0.00014630269357902717
cD1,5336,5.333333333333333,0.004189328903889822
cD1,5337,5.3343328335832085,-0.0042548433001868315
cD1,5338,5.335332333833083,0.0008650980550560033
cD1,5339,5.336331834082959,0.00425170011098005
cD1,5340,5.337331334332833,-0.0009364325931222575
cD1,5341,5.338330834582709,-0.005419120098005299
cD1,5342,5.339330334832583,0.0029683534449078466
cD1,5343,5.340329835082459,0.0012038966311854237
cD1,5344,5.3413293353323335,-0.0026700508680269977
cD1,5345,5.342328835582209,0.005504945487890484
cD1,5346,5.3433283358320836,-0.007868618025869904
cD1,5347,5.344327836081959,0.0010424714551753875
cD1,5348,5.345327336331834,0.004141910488671387
cD1,5349,5.346326836581709,0.002199080051868706
cD1,5350,5.347326336831584,0.00030865413295184463
cD1,5351,5.348325837081459,-0.010171947682415796
cD1,5352,5.349325337331334,0.007624520812775769
cD1,5353,5.350324837581209,0.0015473688097342908
cD1,5354,5.351324337831084,-0.005155858267650061
cD1,5355,5.3523238380809595,0.003456936689548595
cD1,5356,5.353323338330834,-0.0010376968837111059
cD1,5357,5.35432283858071,0.0011918048026225703
cD1,5358,5.355322338830584,0.0017097950404237677
cD1,5359,5.35632183908046,-0.007810859915877886
cD1,5360,5.357321339330334,0.0026164782317024296
cD1,5361,5.35832083958021,0.004007797370052742
cD1,5362,5.359320339830084,-0.0012929180258457705
cD1,5363,5.36031984007996,0.0019569288158101062
cD1,5364,5.3613193403298345,-0.002147580943929861
cD1,5365,5.36231884057971,-0.000975315547958641
cD1,5366,5.3633183408295855,-0.0012677067898682333
cD1,5367,5.36431784107946,0.001906675891405302
cD1,5368,5.365317341329336,0.004434675432375648
cD1,5369,5.36631684157921,-0.005092700036595321
cD1,5370,5.367316341829086,-0.0008985178874522324
cD1,5371,5.36831584207896,0.002534792656993651
cD1,5372,5.369315342328836,-0.0024598313842931073
cD1,5373,5.37031484257871,0.0009576969235344187
cD1,5374,5.371314342828586,-0.0005549785840699866
cD1,5375,5.3723138430784605,0.0015005904987627017
cD1,5376,5.373313343328336,0.004153531156293485
cD1,5377,5.374312843578211,-0.004210684815235146
cD1,5378,5.375312343828086,0.0011677023641168704
cD1,5379,5.376311844077961,-0.003326915616127607
cD1,5380,5.377311344327836,-0.0008970021329510322
cD1,5381,5.378310844577711,0.004329075487743495
cD1,5382,5.379310344827586,-0.0016404117056764232
cD1,5383,5.380309845077461,-0.0006876918764212446
cD1,5384,5.381309345327336,0.00022045804397686608
cD1,5385,5.382308845577211,0.0021249417083088152
cD1,5386,5.3833083458270865,-0.0019440909294675519
cD1,5387,5.384307846076961,0.000945368817317967
cD1,5388,5.385307346326837,-0.0033677884783673293
cD1,5389,5.386306846576711,0.004616819820372818
cD1,5390,5.387306346826587,0.002054629199421662
cD1,5391,5.388305847076461,-0.004551036281560822
cD1,5392,5.389305347326337,0.001823034006355937
cD1,5393,5.390304847576211,-0.005332825420914085
cD1,5394,5.391304347826087,0.0034298123237123954
cD1,5395,5.3923038480759615,0.0028427477836050507
cD1,5396,5.393303348325837,0.0011009021272717673
cD1,5397,5.394302848575712,-0.006477217239857553
cD1,5398,5.395302348825587,0.0029668641787212935
cD1,5399,5.396301849075462,0.0022073759053462374
cD1,5400,5.397301349325337,-0.004861740044918674
cD1,5401,5.398300849575212,0.003093852728579629
cD1,5402,5.399300349825087,0.002622758259923542
cD1,5403,5.400299850074962,-0.005777747454810776
cD1,5404,5.401299350324837,0.004408583335373718
cD1,5405,5.402298850574712,0.0015360667997430313
cD1,5406,5.4032983508245875,-0.004007452226650707
cD1,5407,5.404297851074463,0.00032591662700163734
cD1,5408,5.405297351324338,0.0016713223845990807
cD1,5409,5.406296851574213,0.0016769539427073134
cD1,5410,5.407296351824088,-0.0049515889905819305
cD1,5411,5.408295852073963,0.0006100929173876776
cD1,5412,5.409295352323838,0.001861810088538802
cD1,5413,5.410294852573713,0.0001446269552078049
cD1,5414,5.411294352823588,0.0010866062331351626
cD1,5415,5.4122938530734634,-0.0010323007967877572
cD1,5416,5.413293353323338,-0.0003808012359061046
cD1,5417,5.4142928535732135,0.0008400724638241764
cD1,5418,5.415292353823088,-0.0005481141519989551
cD1,5419,5.416291854072964,-0.0024796658385755977
cD1,5420,5.417291354322838,0.0022349195795836074
cD1,5421,5.418290854572714,0.002670002851302522
cD1,5422,5.419290354822588,-0.0037041466019330943
cD1,5423,5.420289855072464,0.0006789452962539554
cD1,5424,5.4212893553223385,0.00428832817651599
cD1,5425,5.422288855572214,-0.006454078784962834
cD1,5426,5.423288355822089,-0.0014716957143473429
cD1,5427,5.424287856071964,0.005928384297797143
cD1,5428,5.425287356321839,-0.00164479465991126
cD1,5429,5.426286856571714,0.002808354725159415
cD1,5430,5.427286356821589,-0.002691937442132173
cD1,5431,5.428285857071464,-0.0025045261655346146
cD1,5432,5.429285357321339,0.0035906829899717907
cD1,5433,5.430284857571214,-0.003395028781443472
cD1,5434,5.431284357821089,0.002762456188026848
cD1,5435,5.4322838580709645,-0.0014797700953761536
cD1,5436,5.433283358320839,0.0010389444151823104
cD1,5437,5.434282858570715,0.003456377628059814
cD1,5438,5.435282358820589,-0.006206216486910959
cD1,5439,5.436281859070465,0.003176575413577411
cD1,5440,5.437281359320339,-0.0019499119056678481
cD1,5441,5.438280859570215,0.00022594458423875812
cD1,5442,5.439280359820089,0.00012992867018247968
cD1,5443,5.440279860069965,0.00032313496909086895
cD1,5444,5.4412793603198395,0.0046627922278880156
cD1,5445,5.442278860569715,-0.006353159482266924
cD1,5446,5.44327836081959,0.0027413112544359313
cD1,5447,5.444277861069465,7.840449077650637e-05
cD1,5448,5.445277361319341,-0.00012540704532754555
cD1,5449,5.446276861569215,-0.00145132631448045
cD1,5450,5.447276361819091,-0.00027398592142503266
cD1,5451,5.448275862068965,0.0035217130113113226
cD1,5452,5.449275362318841,-0.0024825798929766305
cD1,5453,5.450274862568715,-0.0028585588144530143
cD1,5454,5.451274362818591,0.0027668180317057794
cD1,5455,5.4522738630684655,0.0033122261881404647
cD1,5456,5.453273363318341,-0.002282096373159559
cD1,5457,5.454272863568216,-0.00022542395794202278
cD1,5458,5.455272363818091,-0.00031550596995067067
cD1,5459,5.456271864067966,-0.0025083230707973283
cD1,5460,5.457271364317841,0.0026183912976567823
cD1,5461,5.458270864567716,0.001468469233969504
cD1,5462,5.459270364817591,-0.006003537243081748
cD1,5463,5.460269865067466,0.004721853501594959
cD1,5464,5.461269365317341,0.001565840235535925
cD1,5465,5.462268865567216,-0.0020235291531628978
cD1,5466,5.4632683658170915,0.0017900900812769243
cD1,5467,5.464267866066966,-0.003522134758853456
cD1,5468,5.465267366316842,0.0021988544692884697
cD1,5469,5.466266866566716,-0.004249615905209342
cD1,5470,5.467266366816592,0.005073939722613046
cD1,5471,5.468265867066466,0.0001344167994486176
cD1,5472,5.469265367316342,-0.003955282596849203
cD1,5473,5.470264867566216,0.011943809556631498
cD1,5474,5.471264367816092,-0.0017960298724712328
cD1,5475,5.4722638680659665,-0.02196092607634917
cD1,5476,5.473263368315842,-9.104513288018569e-05
cD1,5477,5.474262868565717,0.028238171165596158
cD1,5478,5.475262368815592,0.005704483870361678
cD1,5479,5.476261869065467,-0.024238305828681802
cD1,5480,5.477261369315342,-0.020283109163486104
cD1,5481,5.478260869565217,0.013322566509713139
cD1,5482,5.479260369815092,0.020294277012373615
cD1,5483,5.480259870064967,0.006206680834229752
cD1,5484,5.4812593703148424,-0.012227360815573723
cD1,5485,5.482258870564717,-0.001133974506738869
cD1,5486,5.4832583708145926,-0.00048686295463286344
cD1,5487,5.484257871064467,-0.009320809828589995
cD1,5488,5.485257371314343,0.004090402365076262
cD1,5489,5.486256871564218,0.011421296448140088
cD1,5490,5.487256371814093,0.0031456025203026386
cD1,5491,5.488255872063968,-0.008103964436179131
cD1,5492,5.489255372313843,0.0009190293606568881
cD1,5493,5.490254872563718,-0.015616382997361688
cD1,5494,5.491254372813593,0.00038416546380962494
cD1,5495,5.4922538730634685,0.013382573859896434
cD1,5496,5.493253373313343,0.002491108094022431
cD1,5497,5.494252873563219,0.004574549995641162
cD1,5498,5.495252373813093,-0.008033803194380943
cD1,5499,5.496251874062969,-0.0017129711816594878
cD1,5500,5.497251374312843,-0.004683553950385463
cD1,5501,5.498250874562719,-0.0013619503207648147
cD1,5502,5.499250374812593,0.00541165553635636
cD1,5503,5.500249875062469,0.003852709215969901
cD1,5504,5.5012493753123435,0.0059382683876832605
cD1,5505,5.502248875562219,-0.003781939148330204
cD1,5506,5.503248375812094,-0.004109442045569487
cD1,5507,5.504247876061969,0.00436255526810727
cD1,5508,5.505247376311844,-0.006011045240898006
cD1,5509,5.506246876561719,-0.004537897273586446
cD1,5510,5.507246376811594,0.009813927191733834
cD1,5511,5.508245877061469,-0.0011540671716474447
cD1,5512,5.509245377311344,-0.0018743334437217297
cD1,5513,5.510244877561219,0.00035718331310444044
cD1,5514,5.511244377811094,-0.005013396603086523
cD1,5515,5.5122438780609695,0.0009129630906457974
cD1,5516,5.513243378310844,0.0021144225903536214
cD1,5517,5.51424287856072,0.0030952307578858236
cD1,5518,5.515242378810594,0.0007978193947798563
cD1,5519,5.51624187906047,-0.0015632124137607162
cD1,5520,5.517241379310344,0.001283025050954019
cD1,5521,5.51824087956022,-0.0015399694783916323
cD1,5522,5.519240379810094,-0.0033876488635400277
cD1,5523,5.52023988005997,-0.0033380961041894128
cD1,5524,5.5212393803098445,0.007190681736226013
cD1,5525,5.52223888055972,0.0010574074591440906
cD1,5526,5.523238380809595,-0.004235536586376622
cD1,5527,5.52423788105947,0.00326426381760306
cD1,5528,5.525237381309345,-0.0008532526464303677
cD1,5529,5.52623688155922,-0.0027356838033301897
cD1,5530,5.527236381809096,0.00229546112225509
cD1,5531,5.52823588205897,-0.0012849599726163009
cD1,5532,5.529235382308846,0.0006480790441544676
cD1,5533,5.53023488255872,0.003319732573470298
cD1,5534,5.531234382808596,-0.0051192513238826195
cD1,5535,5.5322338830584705,0.00498043080386692
cD1,5536,5.533233383308346,0.0010352276948424862
cD1,5537,5.534232883558221,-0.008562305236758608
cD1,5538,5.535232383808096,0.006986488749227655
cD1,5539,5.536231884057971,-0.001164652008352077
cD1,5540,5.537231384307846,-0.0044110251809766875
cD1,5541,5.538230884557721,0.0029497719892126895
cD1,5542,5.539230384807596,-0.00016402950209613143
cD1,5543,5.540229885057471,0.002010551477516662
cD1,5544,5.541229385307346,-0.00023001101100702213
cD1,5545,5.542228885557221,-0.0009245932288159606
cD1,5546,5.5432283858070965,4.1774070096865876e-05
cD1,5547,5.544227886056971,-0.003978586338418948
cD1,5548,5.545227386306847,0.0044419495000305835
cD1,5549,5.546226886556721,0.0032405721360392672
cD1,5550,5.547226386806597,-0.0067155127592026815
cD1,5551,5.548225887056471,0.00407471296111397
cD1,5552,5.549225387306347,-0.0033216100897052953
cD1,5553,5.5502248875562215,0.003992136071715292
cD1,5554,5.551224387806097,-0.0008452009154685308
cD1,5555,5.552223888055972,-0.00432399619649133
cD1,5556,5.553223388305847,0.0028365039888418255
cD1,5557,5.554222888555722,0.002286795540409034
cD1,5558,5.555222388805597,-0.0006003456947900978
cD1,5559,5.556221889055472,-0.0034091224328915487
cD1,5560,5.557221389305347,0.002748936619811889
cD1,5561,5.558220889555222,-0.002929198630153613
cD1,5562,5.559220389805097,0.0037313175483775253
cD1,5563,5.560219890054972,-0.0016272114557386805
cD1,5564,5.5612193903048475,-0.0023534082751812116
cD1,5565,5.562218890554722,0.00538285471106371
cD1,5566,5.563218390804598,-0.002105695218649681
cD1,5567,5.564217891054472,6.067307271545564e-06
cD1,5568,5.565217391304348,-0.0004721138391554883
cD1,5569,5.566216891554222,0.0007135568467157277
cD1,5570,5.567216391804098,-0.003434946240544262
cD1,5571,5.568215892053973,2.5999595663059316e-05
cD1,5572,5.569215392303848,0.004996339139449719
cD1,5573,5.570214892553723,-0.004590034999739142
cD1,5574,5.571214392803598,0.002956022473256982
cD1,5575,5.5722138930534735,-0.0002739323263300365
cD1,5576,5.573213393303348,-0.0032484741352581782
cD1,5577,5.574212893553224,0.005365526865113203
cD1,5578,5.575212393803098,-0.003993800924671923
cD1,5579,5.576211894052974,-0.00036696057334967844
cD1,5580,5.577211394302848,0.007187765587345677
cD1,5581,5.578210894552724,-0.011614434736150087
cD1,5582,5.579210394802598,0.005027399814492855
cD1,5583,5.580209895052474,0.0039396756531561005
cD1,5584,5.5812093953023485,-0.005375967099595104
cD1,5585,5.582208895552224,0.004484152190632214
cD1,5586,5.583208395802099,-0.0008222187347331003
cD1,5587,5.584207896051974,-0.0018023473652048518
cD1,5588,5.585207396301849,0.001094785004496968
cD1,5589,5.586206896551724,-0.0019315259270853103
cD1,5590,5.587206396801599,0.00038351630418927813
cD1,5591,5.588205897051474,0.0020521693867744002
cD1,5592,5.589205397301349,-0.0012346436816641874
cD1,5593,5.590204897551224,-0.0018233020160287933
cD1,5594,5.591204397801099,0.003646714007921191
cD1,5595,5.5922038980509745,0.00015677413427050944
cD1,5596,5.593203398300849,-0.002583780035568319
cD1,5597,5.594202898550725,-4.1728147977922766e-05
cD1,5598,5.595202398800599,0.0006073326864540545
cD1,5599,5.596201899050475,0.0024916463558985
cD1,5600,5.597201399300349,-0.0032038247215189913
cD1,5601,5.598200899550225,-0.0022664754160721884
cD1,5602,5.599200399800099,0.0011883740656942253
cD1,5603,5.600199900049975,0.003995112931535022
cD1,5604,5.6011994002998495,-0.0002623309988743416
cD1,5605,5.602198900549725,-0.0003563375082634335
cD1,5606,5.6031984007996,-0.0014907159891510726
cD1,5607,5.604197901049475,-3.535275880116849e-05
cD1,5608,5.60519740129935,-5.902014563202436e-06
cD1,5609,5.606196901549225,-0.0017116236359783548
cD1,5610,5.6071964017991,0.0012872011475505462
cD1,5611,5.608195902048975,0.0006360607927800259
cD1,5612,5.609195402298851,1.0949264391829498e-05
cD1,5613,5.610194902548725,5.991336664375787e-05
cD1,5614,5.611194402798601,-0.001838837405665106
cD1,5615,5.6121939030484755,0.004951462002688086
cD1,5616,5.613193403298351,-0.001354683128042362
cD1,5617,5.614192903548226,-0.005416406914787337
cD1,5618,5.615192403798101,0.005941789677174431
cD1,5619,5.616191904047976,-0.0035669666504119903
cD1,5620,5.617191404297851,0.00048019083752668637
cD1,5621,5.618190904547726,5.567345907923123e-06
cD1,5622,5.619190404797601,0.0005705001634396284
cD1,5623,5.620189905047476,0.004190270095802788
cD1,5624,5.6211894052973514,-0.010040260984979272
cD1,5625,5.622188905547226,0.006035458837272259
cD1,5626,5.6231884057971016,0.0037061934078903144
cD1,5627,5.624187906046976,-0.0085598589591848
cD1,5628,5.625187406296852,0.007851285095583041
cD1,5629,5.626186906546726,-0.0008306703509681588
cD1,5630,5.627186406796602,-0.005469762569297184
cD1,5631,5.628185907046476,0.005188422770785437
cD1,5632,5.629185407296352,-0.005456765823204043
cD1,5633,5.6301849075462265,0.006870222047320077
cD1,5634,5.631184407796102,-0.0013809182309059307
cD1,5635,5.632183908045977,-0.005180278495970789
cD1,5636,5.633183408295852,0.005766372234430177
cD1,5637,5.634182908545727,-0.005652029881160632
cD1,5638,5.635182408795602,-0.0006896470115623363
cD1,5639,5.636181909045477,0.003643256963086985
cD1,5640,5.637181409295352,0.0039856016388004865
cD1,5641,5.638180909545227,-0.0019464111856512326
cD1,5642,5.639180409795102,-5.280376785003326e-05
cD1,5643,5.640179910044977,-0.003907871393670378
cD1,5644,5.6411794102948525,0.00030446821694536305
cD1,5645,5.642178910544727,0.0005454985302933597
cD1,5646,5.643178410794603,0.0013281626011878529
cD1,5647,5.644177911044477,0.0008305876673561428
cD1,5648,5.645177411294353,-0.0035999127813514734
cD1,5649,5.646176911544227,0.005318954797096293
cD1,5650,5.647176411794103,-0.00356850143477032
cD1,5651,5.648175912043977,0.0015045024106296306
cD1,5652,5.649175412293853,0.0027909751961297143
cD1,5653,5.650174912543728,-0.006651984892978762
cD1,5654,5.651174412793603,0.00025948744049061087
cD1,5655,5.6521739130434785,0.006528556764984183
cD1,5656,5.653173413293353,-0.0009757140821293323
cD1,5657,5.654172913543229,-0.005670674530265211
cD1,5658,5.655172413793103,0.0021366097656115054
cD1,5659,5.656171914042979,-0.0013649581152883083
cD1,5660,5.657171414292853,0.005369114816700351
cD1,5661,5.658170914542729,-0.003946545627003218
cD1,5662,5.659170414792603,-0.0003132210052921182
cD1,5663,5.660169915042479,0.005706108829729951
cD1,5664,5.6611694152923535,-0.007048265751672905
cD1,5665,5.662168915542229,0.0021876037235580873
cD1,5666,5.663168415792104,-0.0036318298248961827
cD1,5667,5.664167916041979,0.00469611514178809
cD1,5668,5.665167416291854,0.004463463262438294
cD1,5669,5.666166916541729,-0.008219689812791819
cD1,5670,5.667166416791604,0.003475225237901249
cD1,5671,5.668165917041479,0.00123595860606415
cD1,5672,5.669165417291354,-0.002833228613767924
cD1,5673,5.670164917541229,0.0016115613853320528
cD1,5674,5.671164417791104,6.416943759907811e-05
cD1,5675,5.6721639180409795,-0.0007700087113342355
cD1,5676,5.673163418290854,-0.0024369643994583507
cD1,5677,5.67416291854073,0.003390737590931792
cD1,5678,5.675162418790604,0.001114133959496352
cD1,5679,5.67616191904048,-0.00260250005499764
cD1,5680,5.677161419290354,-0.001480635098220803
cD1,5681,5.67816091954023,0.002442901249943941
cD1,5682,5.679160419790104,0.0008935840579781634
cD1,5683,5.68015992003998,0.0010966337313493692
cD1,5684,5.6811594202898545,-0.0027988936664276377
cD1,5685,5.68215892053973,0.0027145652349616655
cD1,5686,5.683158420789605,-0.003983558898285709
cD1,5687,5.68415792103948,-0.0004828971990242237
cD1,5688,5.685157421289355,0.005307684973361428
cD1,5689,5.68615692153923,-0.007280655656217872
cD1,5690,5.687156421789105,0.004521511577558444
cD1,5691,5.68815592203898,0.004467764140280284
cD1,5692,5.689155422288855,-0.0063724267451056625
cD1,5693,5.6901549225387305,0.0022917042864148062
cD1,5694,5.691154422788606,-0.0008688489416278171
cD1,5695,5.692153923038481,-0.0014820728072610498
cD1,5696,5.693153423288356,0.0042475197810021275
cD1,5697,5.694152923538231,-0.005172930337746719
cD1,5698,5.695152423788106,0.004378670374395432
cD1,5699,5.696151924037981,-0.003033969372785806
cD1,5700,5.697151424287856,-0.0003631740527605229
cD1,5701,5.698150924537731,0.004156110029441542
cD1,5702,5.699150424787606,-0.0013025809501741813
cD1,5703,5.700149925037481,-0.0004832303102082535
cD1,5704,5.7011494252873565,-0.0038251834508020626
cD1,5705,5.702148925537231,0.0029157401114372748
cD1,5706,5.703148425787107,0.0029176932666349557
cD1,5707,5.704147926036981,-0.003006313384654096
cD1,5708,5.705147426286857,0.0007954278545203239
cD1,5709,5.706146926536731,-0.0010475649732799414
cD1,5710,5.707146426786607,0.0010793891436811144
cD1,5711,5.708145927036481,0.0004172316561091217
cD1,5712,5.709145427286357,-0.004018510002451705
cD1,5713,5.7101449275362315,0.004199264613240232
cD1,5714,5.711144427786107,-0.0009035249197621286
cD1,5715,5.712143928035982,-0.0010651599700870233
cD1,5716,5.713143428285857,0.0026485629684759654
cD1,5717,5.714142928535732,-0.0025301579665818912
cD1,5718,5.715142428785607,0.00044892088257915457
cD1,5719,5.716141929035482,0.0019795261917204053
cD1,5720,5.717141429285357,-0.002748005703540204
cD1,5721,5.718140929535232,-0.0018269153728320087
cD1,5722,5.719140429785107,0.004567500783079689
cD1,5723,5.720139930034982,0.001298560646583374
cD1,5724,5.7211394302848575,-0.004433244228218074
cD1,5725,5.722138930534732,0.0021504310593678717
cD1,5726,5.723138430784608,-0.002339400115545547
cD1,5727,5.724137931034482,0.002001936344587336
cD1,5728,5.725137431284358,0.00017178945728949527
cD1,5729,5.726136931534232,-0.0008772141922565917
cD1,5730,5.727136431784108,0.0005969161938024867
cD1,5731,5.728135932033982,-0.0003320760756122586
cD1,5732,5.729135432283858,-1.0373676283197104e-06
cD1,5733,5.7301349325337325,0.0010515542081516401
cD1,5734,5.731134432783608,-0.00160550772840977
cD1,5735,5.7321339330334835,-0.0012451066787280449
cD1,5736,5.733133433283358,0.002055571815817713
cD1,5737,5.734132933533234,0.0014372257539500958
cD1,5738,5.735132433783108,-0.0021551830486575795
cD1,5739,5.736131934032984,0.0031479874670070915
cD1,5740,5.737131434282858,-0.0022193900857996472
cD1,5741,5.738130934532734,-0.0017914840948337458
cD1,5742,5.739130434782608,0.001841796286525713
cD1,5743,5.740129935032484,-0.002988597338056922
cD1,5744,5.7411294352823585,0.003529149149511593
cD1,5745,5.742128935532234,-0.0018676705850525143
cD1,5746,5.743128435782109,0.0011470516621823299
cD1,5747,5.744127936031984,0.0026700868776318503
cD1,5748,5.745127436281859,-0.00395729244312417
cD1,5749,5.746126936531734,0.0008581272074050598
cD1,5750,5.747126436781609,-0.00256569148955356
cD1,5751,5.748125937031484,0.0032030574713325082
cD1,5752,5.749125437281359,0.003962231237469662
cD1,5753,5.750124937531234,-0.008120283506953518
cD1,5754,5.751124437781109,0.0025623896373210145
cD1,5755,5.7521239380309845,0.004819165316385889
cD1,5756,5.753123438280859,-0.004460671539285326
cD1,5757,5.754122938530735,0.0023221620444997242
cD1,5758,5.755122438780609,-0.002896846289165688
cD1,5759,5.756121939030485,-0.0013201748313027475
cD1,5760,5.757121439280359,0.003306853494790507
cD1,5761,5.758120939530235,0.0022356929725873354
cD1,5762,5.7591204397801095,-0.004018792321371737
cD1,5763,5.760119940029985,-0.0005846806272290339
cD1,5764,5.76111944027986,0.0018359963893783608
cD1,5765,5.762118940529735,-0.0017149717181125343
cD1,5766,5.76311844077961,0.004452062345996569
cD1,5767,5.764117941029485,-0.0003355785607640437
cD1,5768,5.76511744127936,-0.003063776249599078
cD1,5769,5.766116941529235,0.0030639042588992914
cD1,5770,5.76711644177911,-0.003691106343139414
cD1,5771,5.768115942028985,-0.002492367745939756
cD1,5772,5.76911544227886,0.0025305130649184594
cD1,5773,5.7701149425287355,0.000620043403870466
cD1,5774,5.77111444277861,0.0011947695176869754
cD1,5775,5.772113943028486,0.0019183549792092163
cD1,5776,5.773113443278361,-0.0014823922353722442
cD1,5777,5.774112943528236,-0.004390110362045112
cD1,5778,5.775112443778111,0.004541840378934077
cD1,5779,5.776111944027986,5.321881958739074e-05
cD1,5780,5.777111444277861,-0.0026502745960614894
cD1,5781,5.778110944527736,0.0016509444244940997
cD1,5782,5.779110444777611,0.0009607234493786359
cD1,5783,5.780109945027486,-0.0021720008874748656
cD1,5784,5.7811094452773615,0.0017492855083364603
cD1,5785,5.782108945527236,-0.0036208709386094987
cD1,5786,5.783108445777112,0.003392156011303345
cD1,5787,5.784107946026986,0.002281167832768098
cD1,5788,5.785107446276862,-0.007096848700513808
cD1,5789,5.786106946526736,0.0076203652998695125
cD1,5790,5.787106446776612,-0.0022024146928763073
cD1,5791,5.788105947026486,-0.004950490835630597
cD1,5792,5.789105447276362,0.004791859659561164
cD1,5793,5.7901049475262365,-0.00015927890266419632
cD1,5794,5.791104447776112,-0.0012897105845805956
cD1,5795,5.792103948025987,-0.0005268264114307887
cD1,5796,5.793103448275862,-0.0002257807696946757
cD1,5797,5.794102948525737,0.004886336211819005
cD1,5798,5.795102448775612,-0.002196022396394679
cD1,5799,5.796101949025487,-0.0034377982875328527
cD1,5800,5.797101449275362,0.0005576719399159396
cD1,5801,5.798100949525237,0.001948042640722336
cD1,5802,5.799100449775112,0.0006109412210088699
cD1,5803,5.800099950024987,-0.0018832145520346105
cD1,5804,5.8010994502748625,-0.0004954657838009465
cD1,5805,5.802098950524737,-0.0005367582232853217
cD1,5806,5.803098450774613,0.003265002174167536
cD1,5807,5.804097951024487,-0.0014266355580894387
cD1,5808,5.805097451274363,0.0008759259477505411
cD1,5809,5.806096951524237,-0.00047471728724343676
cD1,5810,5.807096451774113,-0.0012816225122306766
cD1,5811,5.808095952023987,-0.0008550389546102478
cD1,5812,5.809095452273863,0.00647865870291265
cD1,5813,5.8100949525237375,-0.009075537726015874
cD1,5814,5.811094452773613,0.0022916235811860173
cD1,5815,5.812093953023488,0.005544662415238192
cD1,5816,5.813093453273363,-0.006087715742963183
cD1,5817,5.814092953523239,0.001990381718147301
cD1,5818,5.815092453773113,0.0014627552302216478
cD1,5819,5.816091954022989,0.0008135771386122577
cD1,5820,5.817091454272863,-0.0041099865865460985
cD1,5821,5.818090954522739,0.005794873880919794
cD1,5822,5.819090454772613,-0.0023092673082615233
cD1,5823,5.820089955022489,-0.006643828488558007
cD1,5824,5.8210894552723635,0.00544186903024938
cD1,5825,5.822088955522239,0.003983366675295889
cD1,5826,5.823088455772114,-0.005474718796277839
cD1,5827,5.824087956021989,0.0006016962372382645
cD1,5828,5.825087456271864,0.00504181145400232
cD1,5829,5.826086956521739,-0.009051944622674578
cD1,5830,5.827086456771614,0.002061404175931494
cD1,5831,5.828085957021489,0.008677265334083292
cD1,5832,5.829085457271364,-0.00859707805924956
cD1,5833,5.8300849575212395,0.003953905404293514
cD1,5834,5.831084457771114,0.0009010891140251935
cD1,5835,5.8320839580209896,-0.003821740349267833
cD1,5836,5.833083458270864,0.001759651866635968
cD1,5837,5.83408295852074,-0.0005958396936980208
cD1,5838,5.835082458770614,0.001096423625459158
cD1,5839,5.83608195902049,-0.0017621530683779956
cD1,5840,5.837081459270364,0.0027826690845376796
cD1,5841,5.83808095952024,-0.003985892892658775
cD1,5842,5.8390804597701145,0.005687241899030914
cD1,5843,5.84007996001999,-0.003542072650534338
cD1,5844,5.841079460269865,0.0005146447154215326
cD1,5845,5.84207896051974,-0.0007595868733380683
cD1,5846,5.843078460769615,-0.0027118237115861866
cD1,5847,5.84407796101949,0.005834112369500523
cD1,5848,5.845077461269365,-0.0037543303472541457
cD1,5849,5.84607696151924,0.0027089957754705078
cD1,5850,5.847076461769115,-0.0007021616408095174
cD1,5851,5.84807596201899,-0.0010817724631253154
cD1,5852,5.849075462268865,0.0007279802768115852
cD1,5853,5.8500749625187405,-0.0035855777184065876
cD1,5854,5.851074462768615,0.004141249697130382
cD1,5855,5.852073963018491,-0.0017950653381686578
cD1,5856,5.853073463268365,0.00260016998120332
cD1,5857,5.854072963518241,-0.0040835744684088685
cD1,5858,5.855072463768116,0.0037029146497484537
cD1,5859,5.856071964017991,0.0022243876098242137
cD1,5860,5.857071464267866,-0.006878147523513095
cD1,5861,5.858070964517741,0.003907728240102259
cD1,5862,5.859070464767616,-0.002317002317991708
cD1,5863,5.860069965017491,-6.715705594615366e-05
cD1,5864,5.8610694652673665,0.0034194276074852956
cD1,5865,5.862068965517241,-0.0008325216166638234
cD1,5866,5.863068465767117,-0.0015724045366905272
cD1,5867,5.864067966016991,0.0038561433695193104
cD1,5868,5.865067466266867,-0.0012872714712582826
cD1,5869,5.866066966516741,-0.007575302396479178
cD1,5870,5.867066466766617,0.004278594909224543
cD1,5871,5.868065967016491,0.0031720987640492812
cD1,5872,5.869065467266367,-0.0011381665316961378
cD1,5873,5.8700649675162415,-0.0004997711392820999
cD1,5874,5.871064467766117,-0.0003777319592505076
cD1,5875,5.872063968015992,0.0005234610499947817
cD1,5876,5.873063468265867,-0.0003610644023114066
cD1,5877,5.874062968515742,-0.0010849949674019506
cD1,5878,5.875062468765617,0.003497261791596201
cD1,5879,5.876061969015492,-0.003164408182374767
cD1,5880,5.877061469265367,-0.0011126552575668367
cD1,5881,5.878060969515242,0.003181794990543498
cD1,5882,5.879060469765117,0.00042331132060360296
cD1,5883,5.880059970014992,-0.002168712686832442
cD1,5884,5.8810594702648675,-0.0017871417876119075
cD1,5885,5.882058970514742,0.0037038779553794842
cD1,5886,5.883058470764618,-0.0012523468897694392
cD1,5887,5.884057971014492,-0.0006019091071379623
cD1,5888,5.885057471264368,0.0009549025553434777
cD1,5889,5.886056971514242,-0.0009745123565303769
cD1,5890,5.887056471764118,0.0003171858021531288
cD1,5891,5.8880559720139924,0.003699632883271333
cD1,5892,5.889055472263868,-0.006352738848192601
cD1,5893,5.8900549725137425,-0.0004160036593049614
cD1,5894,5.891054472763618,0.004151447706879504
cD1,5895,5.892053973013493,-0.0005629951517055094
cD1,5896,5.893053473263368,0.002837487729808447
cD1,5897,5.894052973513243,-0.004351835729836687
cD1,5898,5.895052473763118,-7.92918447794584e-05
cD1,5899,5.896051974012994,0.0026051465140207912
cD1,5900,5.897051474262868,-3.4468078968083763e-05
cD1,5901,5.898050974512744,-0.003848354912748639
cD1,5902,5.8990504747626185,0.0006081544619444107
cD1,5903,5.900049975012494,0.003906686958625651
cD1,5904,5.901049475262369,-0.002666690836287655
cD1,5905,5.902048975512244,0.0025372201924975983
cD1,5906,5.903048475762119,-0.0026083786289298125
cD1,5907,5.904047976011994,-0.0003628317062167306
cD1,5908,5.905047476261869,0.0013761102571509072
cD1,5909,5.906046976511744,-0.0017951044468434581
cD1,5910,5.907046476761619,0.0025235470622780604
cD1,5911,5.908045977011494,0.0012794457718331778
cD1,5912,5.909045477261369,-0.0023227211106908352
cD1,5913,5.9100449775112445,0.0012818598014929232
cD1,5914,5.911044477761119,-0.0009887932194769969
cD1,5915,5.912043978010995,-0.003131934679938902
cD1,5916,5.913043478260869,-0.00015012505157525413
cD1,5917,5.914042978510745,0.0006869044144208552
cD1,5918,5.915042478760619,0.004779931517115282
cD1,5919,5.916041979010495,0.004362539242533422
cD1,5920,5.917041479260369,-0.004784086915519108
cD1,5921,5.918040979510245,-0.00816532545130319
cD1,5922,5.9190404797601195,0.0044939813657389055
cD1,5923,5.920039980009995,0.004458003209313095
cD1,5924,5.92103948025987,-0.004776878821297786
cD1,5925,5.922038980509745,0.0017612657799871362
cD1,5926,5.92303848075962,-0.00043377909015091583
cD1,5927,5.924037981009495,0.0005274036840697107
cD1,5928,5.92503748125937,0.0005337035937267457
cD1,5929,5.926036981509245,0.0018575409739724118
cD1,5930,5.92703648175912,-0.001882955646580419
cD1,5931,5.928035982008995,-0.001059593260533675
cD1,5932,5.92903548225887,0.0007954556018281774
cD1,5933,5.9300349825087455,-0.0014398277669936488
cD1,5934,5.93103448275862,0.00118474159538367
cD1,5935,5.932033983008496,-0.002330226614380213
cD1,5936,5.93303348325837,0.003633572314454662
cD1,5937,5.934032983508246,0.002881922823750963
cD1,5938,5.93503248375812,-0.0020804717696132347
cD1,5939,5.936031984007996,-0.006513431224209043
cD1,5940,5.937031484257871,0.002800639410014072
cD1,5941,5.938030984507746,0.004483852000187144
cD1,5942,5.939030484757621,-0.0072668900319404536
cD1,5943,5.940029985007496,0.009852043677102018
cD1,5944,5.9410294852573715,-0.00576005773071285
cD1,5945,5.942028985507246,-0.004046995260404177
cD1,5946,5.943028485757122,0.008633000814498684
cD1,5947,5.944027986006996,-0.0029823553652234803
cD1,5948,5.945027486256872,-0.0036185666425148956
cD1,5949,5.946026986506746,0.0024850561757177665
cD1,5950,5.947026486756622,-0.0011821493291157084
cD1,5951,5.948025987006496,0.0013572700242969176
cD1,5952,5.949025487256372,0.0015157955905212859
cD1,5953,5.9500249875062465,-0.0017301219309532282
cD1,5954,5.951024487756122,-0.0005595739922336757
cD1,5955,5.952023988005997,0.0015407106332534417
cD1,5956,5.953023488255872,-0.00277456683171417
cD1,5957,5.954022988505747,0.0030684380461436065
cD1,5958,5.955022488755622,-0.0022470139907933774
cD1,5959,5.956021989005497,-0.0015304316365881113
cD1,5960,5.957021489255372,0.004136608636409753
cD1,5961,5.958020989505247,-0.0031481675381312218
cD1,5962,5.959020489755122,0.004253796654326188
cD1,5963,5.960019990004997,-0.002186477551178649
cD1,5964,5.9610194902548725,-0.0024687413926810955
cD1,5965,5.962018990504747,0.004529756818123318
cD1,5966,5.963018490754623,-0.0026024546225852443
cD1,5967,5.964017991004497,-0.0024845867374729083
cD1,5968,5.965017491254373,0.0029952679091921216
cD1,5969,5.966016991504247,-0.0002712721571470674
cD1,5970,5.967016491754123,0.0025274040958182882
cD1,5971,5.9680159920039975,-0.005124448461391729
cD1,5972,5.969015492253873,-0.0006170775668197879
cD1,5973,5.970014992503748,0.0037564489507751586
cD1,5974,5.971014492753623,0.0008541646052347594
cD1,5975,5.972013993003498,-0.0013827614240151036
cD1,5976,5.973013493253373,-0.0008600088727239719
cD1,5977,5.974012993503248,0.0025408318846687466
cD1,5978,5.975012493753123,-0.0034415213114881316
cD1,5979,5.976011994002998,-0.0007807154419151727
cD1,5980,5.977011494252873,0.003440870039488058
cD1,5981,5.978010994502749,-0.0017998238932464988
cD1,5982,5.9790104947526235,0.0022627705903443896
cD1,5983,5.980009995002499,0.0009663370264226228
cD1,5984,5.981009495252374,-0.0029989975310736397
cD1,5985,5.982008995502249,-0.004264912065096072
cD1,5986,5.983008495752124,0.006199530308803665
cD1,5987,5.984007996001999,-0.001633942923981642
cD1,5988,5.985007496251874,-0.00023078459068495716
cD1,5989,5.986006996501749,0.0016616658775786513
cD1,5990,5.987006496751624,-0.001960750982864648
cD1,5991,5.988005997001499,-0.0005923942819475493
cD1,5992,5.989005497251374,0.0007950076906797139
cD1,5993,5.9900049975012495,0.003607242934734279
cD1,5994,5.991004497751124,-0.0015180866290478011
cD1,5995,5.992003998001,-0.005200961742717603
cD1,5996,5.993003498250874,0.005660756221682184
cD1,5997,5.99400299850075,-0.003217962111504198
cD1,5998,5.995002498750624,-0.0021965793360501093
cD1,5999,5.9960019990005,0.0037316904225550554
cD1,6000,5.997001499250374,-0.0010233783414852471
cD1,6001,5.99800099950025,-0.0018630051853746673
cD1,6002,5.9990004997501245,0.004964036070198552
