run,rank,model_id,model_name,x,mean,sd,n_folds,roc_auc_mean,roc_auc_sd,legend
EXP-A1,1,M6,Soft Voting (equal weights),0.0,0.064436,0.097341,25,0.9395334531543368,0.0219540850563451,M6 Soft Voting (equal weights)  AUC 0.940
EXP-A1,1,M6,Soft Voting (equal weights),0.01,0.286015,0.170667,25,0.9395334531543368,0.0219540850563451,M6 Soft Voting (equal weights)  AUC 0.940
EXP-A1,1,M6,Soft Voting (equal weights),0.02,0.427476,0.195833,25,0.9395334531543368,0.0219540850563451,M6 Soft Voting (equal weights)  AUC 0.940
EXP-A1,1,M6,Soft Voting (equal weights),0.03,0.536314,0.176218,25,0.9395334531543368,0.0219540850563451,M6 Soft Voting (equal weights)  AUC 0.940
EXP-A1,1,M6,Soft Voting (equal weights),0.04,0.614683,0.171024,25,0.9395334531543368,0.0219540850563451,M6 Soft Voting (equal weights)  AUC 0.940
EXP-A1,1,M6,Soft Voting (equal weights),0.05,0.661616,0.162723,25,0.9395334531543368,0.0219540850563451,M6 Soft Voting (equal weights)  AUC 0.940
EXP-A1,1,M6,Soft Voting (equal weights),0.06,0.696092,0.15231,25,0.9395334531543368,0.0219540850563451,M6 Soft Voting (equal weights)  AUC 0.940
EXP-A1,1,M6,Soft Voting (equal weights),0.07,0.73622,0.130421,25,0.9395334531543368,0.0219540850563451,M6 Soft Voting (equal weights)  AUC 0.940
EXP-A1,1,M6,Soft Voting (equal weights),0.08,0.765564,0.114351,25,0.9395334531543368,0.0219540850563451,M6 Soft Voting (equal weights)  AUC 0.940
EXP-A1,1,M6,Soft Voting (equal weights),0.09,0.79147,0.098269,25,0.9395334531543368,0.0219540850563451,M6 Soft Voting (equal weights)  AUC 0.940
EXP-A1,1,M6,Soft Voting (equal weights),0.1,0.801117,0.094039,25,0.9395334531543368,0.0219540850563451,M6 Soft Voting (equal weights)  AUC 0.940
EXP-A1,1,M6,Soft Voting (equal weights),0.11,0.819483,0.080693,25,0.9395334531543368,0.0219540850563451,M6 Soft Voting (equal weights)  AUC 0.940
EXP-A1,1,M6,Soft Voting (equal weights),0.12,0.833924,0.072865,25,0.9395334531543368,0.0219540850563451,M6 Soft Voting (equal weights)  AUC 0.940
EXP-A1,1,M6,Soft Voting (equal weights),0.13,0.848018,0.065435,25,0.9395334531543368,0.0219540850563451,M6 Soft Voting (equal weights)  AUC 0.940
EXP-A1,1,M6,Soft Voting (equal weights),0.14,0.857966,0.063149,25,0.9395334531543368,0.0219540850563451,M6 Soft Voting (equal weights)  AUC 0.940
EXP-A1,1,M6,Soft Voting (equal weights),0.15,0.868795,0.057552,25,0.9395334531543368,0.0219540850563451,M6 Soft Voting (equal weights)  AUC 0.940
EXP-A1,1,M6,Soft Voting (equal weights),0.16,0.877861,0.054402,25,0.9395334531543368,0.0219540850563451,M6 Soft Voting (equal weights)  AUC 0.940
EXP-A1,1,M6,Soft Voting (equal weights),0.17,0.886017,0.050528,25,0.9395334531543368,0.0219540850563451,M6 Soft Voting (equal weights)  AUC 0.940
EXP-A1,1,M6,Soft Voting (equal weights),0.18,0.897425,0.047364,25,0.9395334531543368,0.0219540850563451,M6 Soft Voting (equal weights)  AUC 0.940
EXP-A1,1,M6,Soft Voting (equal weights),0.19,0.905855,0.04388,25,0.9395334531543368,0.0219540850563451,M6 Soft Voting (equal weights)  AUC 0.940
EXP-A1,1,M6,Soft Voting (equal weights),0.2,0.913704,0.043264,25,0.9395334531543368,0.0219540850563451,M6 Soft Voting (equal weights)  AUC 0.940
EXP-A1,1,M6,Soft Voting (equal weights),0.21,0.918811,0.042642,25,0.9395334531543368,0.0219540850563451,M6 Soft Voting (equal weights)  AUC 0.940
EXP-A1,1,M6,Soft Voting (equal weights),0.22,0.927225,0.040197,25,0.9395334531543368,0.0219540850563451,M6 Soft Voting (equal weights)  AUC 0.940
EXP-A1,1,M6,Soft Voting (equal weights),0.23,0.935336,0.037985,25,0.9395334531543368,0.0219540850563451,M6 Soft Voting (equal weights)  AUC 0.940
EXP-A1,1,M6,Soft Voting (equal weights),0.24,0.941643,0.037108,25,0.9395334531543368,0.0219540850563451,M6 Soft Voting (equal weights)  AUC 0.940
EXP-A1,1,M6,Soft Voting (equal weights),0.25,0.94644,0.034675,25,0.9395334531543368,0.0219540850563451,M6 Soft Voting (equal weights)  AUC 0.940
EXP-A1,1,M6,Soft Voting (equal weights),0.26,0.952466,0.034514,25,0.9395334531543368,0.0219540850563451,M6 Soft Voting (equal weights)  AUC 0.940
EXP-A1,1,M6,Soft Voting (equal weights),0.27,0.95698,0.031859,25,0.9395334531543368,0.0219540850563451,M6 Soft Voting (equal weights)  AUC 0.940
EXP-A1,1,M6,Soft Voting (equal weights),0.28,0.963572,0.028974,25,0.9395334531543368,0.0219540850563451,M6 Soft Voting (equal weights)  AUC 0.940
EXP-A1,1,M6,Soft Voting (equal weights),0.29,0.968376,0.029333,25,0.9395334531543368,0.0219540850563451,M6 Soft Voting (equal weights)  AUC 0.940
EXP-A1,1,M6,Soft Voting (equal weights),0.3,0.975011,0.024376,25,0.9395334531543368,0.0219540850563451,M6 Soft Voting (equal weights)  AUC 0.940
EXP-A1,1,M6,Soft Voting (equal weights),0.31,0.979527,0.023428,25,0.9395334531543368,0.0219540850563451,M6 Soft Voting (equal weights)  AUC 0.940
EXP-A1,1,M6,Soft Voting (equal weights),0.32,0.981936,0.021537,25,0.9395334531543368,0.0219540850563451,M6 Soft Voting (equal weights)  AUC 0.940
EXP-A1,1,M6,Soft Voting (equal weights),0.33,0.986172,0.02059,25,0.9395334531543368,0.0219540850563451,M6 Soft Voting (equal weights)  AUC 0.940
EXP-A1,1,M6,Soft Voting (equal weights),0.34,0.990364,0.016153,25,0.9395334531543368,0.0219540850563451,M6 Soft Voting (equal weights)  AUC 0.940
EXP-A1,1,M6,Soft Voting (equal weights),0.35,0.991556,0.016,25,0.9395334531543368,0.0219540850563451,M6 Soft Voting (equal weights)  AUC 0.940
EXP-A1,1,M6,Soft Voting (equal weights),0.36,0.993078,0.0131,25,0.9395334531543368,0.0219540850563451,M6 Soft Voting (equal weights)  AUC 0.940
EXP-A1,1,M6,Soft Voting (equal weights),0.37,0.994574,0.011461,25,0.9395334531543368,0.0219540850563451,M6 Soft Voting (equal weights)  AUC 0.940
EXP-A1,1,M6,Soft Voting (equal weights),0.38,0.995782,0.009288,25,0.9395334531543368,0.0219540850563451,M6 Soft Voting (equal weights)  AUC 0.940
EXP-A1,1,M6,Soft Voting (equal weights),0.39,0.996695,0.007244,25,0.9395334531543368,0.0219540850563451,M6 Soft Voting (equal weights)  AUC 0.940
EXP-A1,1,M6,Soft Voting (equal weights),0.4,0.997901,0.005114,25,0.9395334531543368,0.0219540850563451,M6 Soft Voting (equal weights)  AUC 0.940
EXP-A1,1,M6,Soft Voting (equal weights),0.41,0.998812,0.002778,25,0.9395334531543368,0.0219540850563451,M6 Soft Voting (equal weights)  AUC 0.940
EXP-A1,1,M6,Soft Voting (equal weights),0.42,0.999708,0.00146,25,0.9395334531543368,0.0219540850563451,M6 Soft Voting (equal weights)  AUC 0.940
EXP-A1,1,M6,Soft Voting (equal weights),0.43,0.999708,0.00146,25,0.9395334531543368,0.0219540850563451,M6 Soft Voting (equal weights)  AUC 0.940
EXP-A1,1,M6,Soft Voting (equal weights),0.44,1.0,0.0,25,0.9395334531543368,0.0219540850563451,M6 Soft Voting (equal weights)  AUC 0.940
EXP-A1,1,M6,Soft Voting (equal weights),0.45,1.0,0.0,25,0.9395334531543368,0.0219540850563451,M6 Soft Voting (equal weights)  AUC 0.940
EXP-A1,1,M6,Soft Voting (equal weights),0.46,1.0,0.0,25,0.9395334531543368,0.0219540850563451,M6 Soft Voting (equal weights)  AUC 0.940
EXP-A1,1,M6,Soft Voting (equal weights),0.47,1.0,0.0,25,0.9395334531543368,0.0219540850563451,M6 Soft Voting (equal weights)  AUC 0.940
EXP-A1,1,M6,Soft Voting (equal weights),0.48,1.0,0.0,25,0.9395334531543368,0.0219540850563451,M6 Soft Voting (equal weights)  AUC 0.940
EXP-A1,1,M6,Soft Voting (equal weights),0.49,1.0,0.0,25,0.9395334531543368,0.0219540850563451,M6 Soft Voting (equal weights)  AUC 0.940
EXP-A1,1,M6,Soft Voting (equal weights),0.5,1.0,0.0,25,0.9395334531543368,0.0219540850563451,M6 Soft Voting (equal weights)  AUC 0.940
EXP-A1,1,M6,Soft Voting (equal weights),0.51,1.0,0.0,25,0.9395334531543368,0.0219540850563451,M6 Soft Voting (equal weights)  AUC 0.940
EXP-A1,1,M6,Soft Voting (equal weights),0.52,1.0,0.0,25,0.9395334531543368,0.0219540850563451,M6 Soft Voting (equal weights)  AUC 0.940
EXP-A1,1,M6,Soft Voting (equal weights),0.53,1.0,0.0,25,0.9395334531543368,0.0219540850563451,M6 Soft Voting (equal weights)  AUC 0.940
EXP-A1,1,M6,Soft Voting (equal weights),0.54,1.0,0.0,25,0.9395334531543368,0.0219540850563451,M6 Soft Voting (equal weights)  AUC 0.940
EXP-A1,1,M6,Soft Voting (equal weights),0.55,1.0,0.0,25,0.9395334531543368,0.0219540850563451,M6 Soft Voting (equal weights)  AUC 0.940
EXP-A1,1,M6,Soft Voting (equal weights),0.56,1.0,0.0,25,0.9395334531543368,0.0219540850563451,M6 Soft Voting (equal weights)  AUC 0.940
EXP-A1,1,M6,Soft Voting (equal weights),0.57,1.0,0.0,25,0.9395334531543368,0.0219540850563451,M6 Soft Voting (equal weights)  AUC 0.940
EXP-A1,1,M6,Soft Voting (equal weights),0.58,1.0,0.0,25,0.9395334531543368,0.0219540850563451,M6 Soft Voting (equal weights)  AUC 0.940
EXP-A1,1,M6,Soft Voting (equal weights),0.59,1.0,0.0,25,0.9395334531543368,0.0219540850563451,M6 Soft Voting (equal weights)  AUC 0.940
EXP-A1,1,M6,Soft Voting (equal weights),0.6,1.0,0.0,25,0.9395334531543368,0.0219540850563451,M6 Soft Voting (equal weights)  AUC 0.940
EXP-A1,1,M6,Soft Voting (equal weights),0.61,1.0,0.0,25,0.9395334531543368,0.0219540850563451,M6 Soft Voting (equal weights)  AUC 0.940
EXP-A1,1,M6,Soft Voting (equal weights),0.62,1.0,0.0,25,0.9395334531543368,0.0219540850563451,M6 Soft Voting (equal weights)  AUC 0.940
EXP-A1,1,M6,Soft Voting (equal weights),0.63,1.0,0.0,25,0.9395334531543368,0.0219540850563451,M6 Soft Voting (equal weights)  AUC 0.940
EXP-A1,1,M6,Soft Voting (equal weights),0.64,1.0,0.0,25,0.9395334531543368,0.0219540850563451,M6 Soft Voting (equal weights)  AUC 0.940
EXP-A1,1,M6,Soft Voting (equal weights),0.65,1.0,0.0,25,0.9395334531543368,0.0219540850563451,M6 Soft Voting (equal weights)  AUC 0.940
EXP-A1,1,M6,Soft Voting (equal weights),0.66,1.0,0.0,25,0.9395334531543368,0.0219540850563451,M6 Soft Voting (equal weights)  AUC 0.940
EXP-A1,1,M6,Soft Voting (equal weights),0.67,1.0,0.0,25,0.9395334531543368,0.0219540850563451,M6 Soft Voting (equal weights)  AUC 0.940
EXP-A1,1,M6,Soft Voting (equal weights),0.68,1.0,0.0,25,0.9395334531543368,0.0219540850563451,M6 Soft Voting (equal weights)  AUC 0.940
EXP-A1,1,M6,Soft Voting (equal weights),0.69,1.0,0.0,25,0.9395334531543368,0.0219540850563451,M6 Soft Voting (equal weights)  AUC 0.940
EXP-A1,1,M6,Soft Voting (equal weights),0.7,1.0,0.0,25,0.9395334531543368,0.0219540850563451,M6 Soft Voting (equal weights)  AUC 0.940
EXP-A1,1,M6,Soft Voting (equal weights),0.71,1.0,0.0,25,0.9395334531543368,0.0219540850563451,M6 Soft Voting (equal weights)  AUC 0.940
EXP-A1,1,M6,Soft Voting (equal weights),0.72,1.0,0.0,25,0.9395334531543368,0.0219540850563451,M6 Soft Voting (equal weights)  AUC 0.940
EXP-A1,1,M6,Soft Voting (equal weights),0.73,1.0,0.0,25,0.9395334531543368,0.0219540850563451,M6 Soft Voting (equal weights)  AUC 0.940
EXP-A1,1,M6,Soft Voting (equal weights),0.74,1.0,0.0,25,0.9395334531543368,0.0219540850563451,M6 Soft Voting (equal weights)  AUC 0.940
EXP-A1,1,M6,Soft Voting (equal weights),0.75,1.0,0.0,25,0.9395334531543368,0.0219540850563451,M6 Soft Voting (equal weights)  AUC 0.940
EXP-A1,1,M6,Soft Voting (equal weights),0.76,1.0,0.0,25,0.9395334531543368,0.0219540850563451,M6 Soft Voting (equal weights)  AUC 0.940
EXP-A1,1,M6,Soft Voting (equal weights),0.77,1.0,0.0,25,0.9395334531543368,0.0219540850563451,M6 Soft Voting (equal weights)  AUC 0.940
EXP-A1,1,M6,Soft Voting (equal weights),0.78,1.0,0.0,25,0.9395334531543368,0.0219540850563451,M6 Soft Voting (equal weights)  AUC 0.940
EXP-A1,1,M6,Soft Voting (equal weights),0.79,1.0,0.0,25,0.9395334531543368,0.0219540850563451,M6 Soft Voting (equal weights)  AUC 0.940
EXP-A1,1,M6,Soft Voting (equal weights),0.8,1.0,0.0,25,0.9395334531543368,0.0219540850563451,M6 Soft Voting (equal weights)  AUC 0.940
EXP-A1,1,M6,Soft Voting (equal weights),0.81,1.0,0.0,25,0.9395334531543368,0.0219540850563451,M6 Soft Voting (equal weights)  AUC 0.940
EXP-A1,1,M6,Soft Voting (equal weights),0.82,1.0,0.0,25,0.9395334531543368,0.0219540850563451,M6 Soft Voting (equal weights)  AUC 0.940
EXP-A1,1,M6,Soft Voting (equal weights),0.83,1.0,0.0,25,0.9395334531543368,0.0219540850563451,M6 Soft Voting (equal weights)  AUC 0.940
EXP-A1,1,M6,Soft Voting (equal weights),0.84,1.0,0.0,25,0.9395334531543368,0.0219540850563451,M6 Soft Voting (equal weights)  AUC 0.940
EXP-A1,1,M6,Soft Voting (equal weights),0.85,1.0,0.0,25,0.9395334531543368,0.0219540850563451,M6 Soft Voting (equal weights)  AUC 0.940
EXP-A1,1,M6,Soft Voting (equal weights),0.86,1.0,0.0,25,0.9395334531543368,0.0219540850563451,M6 Soft Voting (equal weights)  AUC 0.940
EXP-A1,1,M6,Soft Voting (equal weights),0.87,1.0,0.0,25,0.9395334531543368,0.0219540850563451,M6 Soft Voting (equal weights)  AUC 0.940
EXP-A1,1,M6,Soft Voting (equal weights),0.88,1.0,0.0,25,0.9395334531543368,0.0219540850563451,M6 Soft Voting (equal weights)  AUC 0.940
EXP-A1,1,M6,Soft Voting (equal weights),0.89,1.0,0.0,25,0.9395334531543368,0.0219540850563451,M6 Soft Voting (equal weights)  AUC 0.940
EXP-A1,1,M6,Soft Voting (equal weights),0.9,1.0,0.0,25,0.9395334531543368,0.0219540850563451,M6 Soft Voting (equal weights)  AUC 0.940
EXP-A1,1,M6,Soft Voting (equal weights),0.91,1.0,0.0,25,0.9395334531543368,0.0219540850563451,M6 Soft Voting (equal weights)  AUC 0.940
EXP-A1,1,M6,Soft Voting (equal weights),0.92,1.0,0.0,25,0.9395334531543368,0.0219540850563451,M6 Soft Voting (equal weights)  AUC 0.940
EXP-A1,1,M6,Soft Voting (equal weights),0.93,1.0,0.0,25,0.9395334531543368,0.0219540850563451,M6 Soft Voting (equal weights)  AUC 0.940
EXP-A1,1,M6,Soft Voting (equal weights),0.94,1.0,0.0,25,0.9395334531543368,0.0219540850563451,M6 Soft Voting (equal weights)  AUC 0.940
EXP-A1,1,M6,Soft Voting (equal weights),0.95,1.0,0.0,25,0.9395334531543368,0.0219540850563451,M6 Soft Voting (equal weights)  AUC 0.940
EXP-A1,1,M6,Soft Voting (equal weights),0.96,1.0,0.0,25,0.9395334531543368,0.0219540850563451,M6 Soft Voting (equal weights)  AUC 0.940
EXP-A1,1,M6,Soft Voting (equal weights),0.97,1.0,0.0,25,0.9395334531543368,0.0219540850563451,M6 Soft Voting (equal weights)  AUC 0.940
EXP-A1,1,M6,Soft Voting (equal weights),0.98,1.0,0.0,25,0.9395334531543368,0.0219540850563451,M6 Soft Voting (equal weights)  AUC 0.940
EXP-A1,1,M6,Soft Voting (equal weights),0.99,1.0,0.0,25,0.9395334531543368,0.0219540850563451,M6 Soft Voting (equal weights)  AUC 0.940
EXP-A1,1,M6,Soft Voting (equal weights),1.0,1.0,0.0,25,0.9395334531543368,0.0219540850563451,M6 Soft Voting (equal weights)  AUC 0.940
EXP-A1,2,M1,Logistic Regression,0.0,0.06718,0.062165,25,0.9221754145146952,0.0192196267158023,M1 Logistic Regression  AUC 0.922
EXP-A1,2,M1,Logistic Regression,0.01,0.24967,0.101399,25,0.9221754145146952,0.0192196267158023,M1 Logistic Regression  AUC 0.922
EXP-A1,2,M1,Logistic Regression,0.02,0.358065,0.096887,25,0.9221754145146952,0.0192196267158023,M1 Logistic Regression  AUC 0.922
EXP-A1,2,M1,Logistic Regression,0.03,0.412758,0.086975,25,0.9221754145146952,0.0192196267158023,M1 Logistic Regression  AUC 0.922
EXP-A1,2,M1,Logistic Regression,0.04,0.489473,0.083331,25,0.9221754145146952,0.0192196267158023,M1 Logistic Regression  AUC 0.922
EXP-A1,2,M1,Logistic Regression,0.05,0.54354,0.088965,25,0.9221754145146952,0.0192196267158023,M1 Logistic Regression  AUC 0.922
EXP-A1,2,M1,Logistic Regression,0.06,0.589479,0.088547,25,0.9221754145146952,0.0192196267158023,M1 Logistic Regression  AUC 0.922
EXP-A1,2,M1,Logistic Regression,0.07,0.633975,0.080051,25,0.9221754145146952,0.0192196267158023,M1 Logistic Regression  AUC 0.922
EXP-A1,2,M1,Logistic Regression,0.08,0.669492,0.078881,25,0.9221754145146952,0.0192196267158023,M1 Logistic Regression  AUC 0.922
EXP-A1,2,M1,Logistic Regression,0.09,0.696201,0.082845,25,0.9221754145146952,0.0192196267158023,M1 Logistic Regression  AUC 0.922
EXP-A1,2,M1,Logistic Regression,0.1,0.726273,0.081293,25,0.9221754145146952,0.0192196267158023,M1 Logistic Regression  AUC 0.922
EXP-A1,2,M1,Logistic Regression,0.11,0.750912,0.086698,25,0.9221754145146952,0.0192196267158023,M1 Logistic Regression  AUC 0.922
EXP-A1,2,M1,Logistic Regression,0.12,0.77225,0.080702,25,0.9221754145146952,0.0192196267158023,M1 Logistic Regression  AUC 0.922
EXP-A1,2,M1,Logistic Regression,0.13,0.792302,0.077377,25,0.9221754145146952,0.0192196267158023,M1 Logistic Regression  AUC 0.922
EXP-A1,2,M1,Logistic Regression,0.14,0.811562,0.074997,25,0.9221754145146952,0.0192196267158023,M1 Logistic Regression  AUC 0.922
EXP-A1,2,M1,Logistic Regression,0.15,0.828415,0.071709,25,0.9221754145146952,0.0192196267158023,M1 Logistic Regression  AUC 0.922
EXP-A1,2,M1,Logistic Regression,0.16,0.842585,0.072306,25,0.9221754145146952,0.0192196267158023,M1 Logistic Regression  AUC 0.922
EXP-A1,2,M1,Logistic Regression,0.17,0.862401,0.067999,25,0.9221754145146952,0.0192196267158023,M1 Logistic Regression  AUC 0.922
EXP-A1,2,M1,Logistic Regression,0.18,0.874136,0.064481,25,0.9221754145146952,0.0192196267158023,M1 Logistic Regression  AUC 0.922
EXP-A1,2,M1,Logistic Regression,0.19,0.88708,0.060461,25,0.9221754145146952,0.0192196267158023,M1 Logistic Regression  AUC 0.922
EXP-A1,2,M1,Logistic Regression,0.2,0.89795,0.054831,25,0.9221754145146952,0.0192196267158023,M1 Logistic Regression  AUC 0.922
EXP-A1,2,M1,Logistic Regression,0.21,0.907575,0.054467,25,0.9221754145146952,0.0192196267158023,M1 Logistic Regression  AUC 0.922
EXP-A1,2,M1,Logistic Regression,0.22,0.915383,0.051253,25,0.9221754145146952,0.0192196267158023,M1 Logistic Regression  AUC 0.922
EXP-A1,2,M1,Logistic Regression,0.23,0.922302,0.047318,25,0.9221754145146952,0.0192196267158023,M1 Logistic Regression  AUC 0.922
EXP-A1,2,M1,Logistic Regression,0.24,0.929793,0.048899,25,0.9221754145146952,0.0192196267158023,M1 Logistic Regression  AUC 0.922
EXP-A1,2,M1,Logistic Regression,0.25,0.937921,0.046958,25,0.9221754145146952,0.0192196267158023,M1 Logistic Regression  AUC 0.922
EXP-A1,2,M1,Logistic Regression,0.26,0.946957,0.040136,25,0.9221754145146952,0.0192196267158023,M1 Logistic Regression  AUC 0.922
EXP-A1,2,M1,Logistic Regression,0.27,0.955113,0.034826,25,0.9221754145146952,0.0192196267158023,M1 Logistic Regression  AUC 0.922
EXP-A1,2,M1,Logistic Regression,0.28,0.959046,0.033582,25,0.9221754145146952,0.0192196267158023,M1 Logistic Regression  AUC 0.922
EXP-A1,2,M1,Logistic Regression,0.29,0.961446,0.032212,25,0.9221754145146952,0.0192196267158023,M1 Logistic Regression  AUC 0.922
EXP-A1,2,M1,Logistic Regression,0.3,0.964766,0.029726,25,0.9221754145146952,0.0192196267158023,M1 Logistic Regression  AUC 0.922
EXP-A1,2,M1,Logistic Regression,0.31,0.969577,0.026507,25,0.9221754145146952,0.0192196267158023,M1 Logistic Regression  AUC 0.922
EXP-A1,2,M1,Logistic Regression,0.32,0.97382,0.021653,25,0.9221754145146952,0.0192196267158023,M1 Logistic Regression  AUC 0.922
EXP-A1,2,M1,Logistic Regression,0.33,0.975931,0.01801,25,0.9221754145146952,0.0192196267158023,M1 Logistic Regression  AUC 0.922
EXP-A1,2,M1,Logistic Regression,0.34,0.977134,0.01741,25,0.9221754145146952,0.0192196267158023,M1 Logistic Regression  AUC 0.922
EXP-A1,2,M1,Logistic Regression,0.35,0.980145,0.01428,25,0.9221754145146952,0.0192196267158023,M1 Logistic Regression  AUC 0.922
EXP-A1,2,M1,Logistic Regression,0.36,0.98285,0.013915,25,0.9221754145146952,0.0192196267158023,M1 Logistic Regression  AUC 0.922
EXP-A1,2,M1,Logistic Regression,0.37,0.98406,0.013692,25,0.9221754145146952,0.0192196267158023,M1 Logistic Regression  AUC 0.922
EXP-A1,2,M1,Logistic Regression,0.38,0.984971,0.013086,25,0.9221754145146952,0.0192196267158023,M1 Logistic Regression  AUC 0.922
EXP-A1,2,M1,Logistic Regression,0.39,0.986471,0.01289,25,0.9221754145146952,0.0192196267158023,M1 Logistic Regression  AUC 0.922
EXP-A1,2,M1,Logistic Regression,0.4,0.987674,0.013035,25,0.9221754145146952,0.0192196267158023,M1 Logistic Regression  AUC 0.922
EXP-A1,2,M1,Logistic Regression,0.41,0.988579,0.011313,25,0.9221754145146952,0.0192196267158023,M1 Logistic Regression  AUC 0.922
EXP-A1,2,M1,Logistic Regression,0.42,0.990373,0.009366,25,0.9221754145146952,0.0192196267158023,M1 Logistic Regression  AUC 0.922
EXP-A1,2,M1,Logistic Regression,0.43,0.991269,0.009663,25,0.9221754145146952,0.0192196267158023,M1 Logistic Regression  AUC 0.922
EXP-A1,2,M1,Logistic Regression,0.44,0.992452,0.009052,25,0.9221754145146952,0.0192196267158023,M1 Logistic Regression  AUC 0.922
EXP-A1,2,M1,Logistic Regression,0.45,0.992452,0.009052,25,0.9221754145146952,0.0192196267158023,M1 Logistic Regression  AUC 0.922
EXP-A1,2,M1,Logistic Regression,0.46,0.992755,0.00864,25,0.9221754145146952,0.0192196267158023,M1 Logistic Regression  AUC 0.922
EXP-A1,2,M1,Logistic Regression,0.47,0.993345,0.008869,25,0.9221754145146952,0.0192196267158023,M1 Logistic Regression  AUC 0.922
EXP-A1,2,M1,Logistic Regression,0.48,0.993639,0.008966,25,0.9221754145146952,0.0192196267158023,M1 Logistic Regression  AUC 0.922
EXP-A1,2,M1,Logistic Regression,0.49,0.993639,0.008966,25,0.9221754145146952,0.0192196267158023,M1 Logistic Regression  AUC 0.922
EXP-A1,2,M1,Logistic Regression,0.5,0.99425,0.007988,25,0.9221754145146952,0.0192196267158023,M1 Logistic Regression  AUC 0.922
EXP-A1,2,M1,Logistic Regression,0.51,0.99425,0.007988,25,0.9221754145146952,0.0192196267158023,M1 Logistic Regression  AUC 0.922
EXP-A1,2,M1,Logistic Regression,0.52,0.99425,0.007988,25,0.9221754145146952,0.0192196267158023,M1 Logistic Regression  AUC 0.922
EXP-A1,2,M1,Logistic Regression,0.53,0.99425,0.007988,25,0.9221754145146952,0.0192196267158023,M1 Logistic Regression  AUC 0.922
EXP-A1,2,M1,Logistic Regression,0.54,0.994555,0.008059,25,0.9221754145146952,0.0192196267158023,M1 Logistic Regression  AUC 0.922
EXP-A1,2,M1,Logistic Regression,0.55,0.994861,0.007164,25,0.9221754145146952,0.0192196267158023,M1 Logistic Regression  AUC 0.922
EXP-A1,2,M1,Logistic Regression,0.56,0.994861,0.007164,25,0.9221754145146952,0.0192196267158023,M1 Logistic Regression  AUC 0.922
EXP-A1,2,M1,Logistic Regression,0.57,0.995768,0.006202,25,0.9221754145146952,0.0192196267158023,M1 Logistic Regression  AUC 0.922
EXP-A1,2,M1,Logistic Regression,0.58,0.996071,0.005819,25,0.9221754145146952,0.0192196267158023,M1 Logistic Regression  AUC 0.922
EXP-A1,2,M1,Logistic Regression,0.59,0.996071,0.005819,25,0.9221754145146952,0.0192196267158023,M1 Logistic Regression  AUC 0.922
EXP-A1,2,M1,Logistic Regression,0.6,0.996376,0.005383,25,0.9221754145146952,0.0192196267158023,M1 Logistic Regression  AUC 0.922
EXP-A1,2,M1,Logistic Regression,0.61,0.996668,0.004943,25,0.9221754145146952,0.0192196267158023,M1 Logistic Regression  AUC 0.922
EXP-A1,2,M1,Logistic Regression,0.62,0.996973,0.004902,25,0.9221754145146952,0.0192196267158023,M1 Logistic Regression  AUC 0.922
EXP-A1,2,M1,Logistic Regression,0.63,0.996973,0.004902,25,0.9221754145146952,0.0192196267158023,M1 Logistic Regression  AUC 0.922
EXP-A1,2,M1,Logistic Regression,0.64,0.996973,0.004902,25,0.9221754145146952,0.0192196267158023,M1 Logistic Regression  AUC 0.922
EXP-A1,2,M1,Logistic Regression,0.65,0.996973,0.004902,25,0.9221754145146952,0.0192196267158023,M1 Logistic Regression  AUC 0.922
EXP-A1,2,M1,Logistic Regression,0.66,0.996973,0.004902,25,0.9221754145146952,0.0192196267158023,M1 Logistic Regression  AUC 0.922
EXP-A1,2,M1,Logistic Regression,0.67,0.996973,0.004902,25,0.9221754145146952,0.0192196267158023,M1 Logistic Regression  AUC 0.922
EXP-A1,2,M1,Logistic Regression,0.68,0.996973,0.004902,25,0.9221754145146952,0.0192196267158023,M1 Logistic Regression  AUC 0.922
EXP-A1,2,M1,Logistic Regression,0.69,0.996973,0.004902,25,0.9221754145146952,0.0192196267158023,M1 Logistic Regression  AUC 0.922
EXP-A1,2,M1,Logistic Regression,0.7,0.996973,0.004902,25,0.9221754145146952,0.0192196267158023,M1 Logistic Regression  AUC 0.922
EXP-A1,2,M1,Logistic Regression,0.71,0.996973,0.004902,25,0.9221754145146952,0.0192196267158023,M1 Logistic Regression  AUC 0.922
EXP-A1,2,M1,Logistic Regression,0.72,0.996973,0.004902,25,0.9221754145146952,0.0192196267158023,M1 Logistic Regression  AUC 0.922
EXP-A1,2,M1,Logistic Regression,0.73,0.996973,0.004902,25,0.9221754145146952,0.0192196267158023,M1 Logistic Regression  AUC 0.922
EXP-A1,2,M1,Logistic Regression,0.74,0.996973,0.004902,25,0.9221754145146952,0.0192196267158023,M1 Logistic Regression  AUC 0.922
EXP-A1,2,M1,Logistic Regression,0.75,0.996973,0.004902,25,0.9221754145146952,0.0192196267158023,M1 Logistic Regression  AUC 0.922
EXP-A1,2,M1,Logistic Regression,0.76,0.996973,0.004902,25,0.9221754145146952,0.0192196267158023,M1 Logistic Regression  AUC 0.922
EXP-A1,2,M1,Logistic Regression,0.77,0.996973,0.004902,25,0.9221754145146952,0.0192196267158023,M1 Logistic Regression  AUC 0.922
EXP-A1,2,M1,Logistic Regression,0.78,0.996973,0.004902,25,0.9221754145146952,0.0192196267158023,M1 Logistic Regression  AUC 0.922
EXP-A1,2,M1,Logistic Regression,0.79,0.996973,0.004902,25,0.9221754145146952,0.0192196267158023,M1 Logistic Regression  AUC 0.922
EXP-A1,2,M1,Logistic Regression,0.8,0.996973,0.004902,25,0.9221754145146952,0.0192196267158023,M1 Logistic Regression  AUC 0.922
EXP-A1,2,M1,Logistic Regression,0.81,0.996973,0.004902,25,0.9221754145146952,0.0192196267158023,M1 Logistic Regression  AUC 0.922
EXP-A1,2,M1,Logistic Regression,0.82,0.996973,0.004902,25,0.9221754145146952,0.0192196267158023,M1 Logistic Regression  AUC 0.922
EXP-A1,2,M1,Logistic Regression,0.83,0.996973,0.004902,25,0.9221754145146952,0.0192196267158023,M1 Logistic Regression  AUC 0.922
EXP-A1,2,M1,Logistic Regression,0.84,0.996973,0.004902,25,0.9221754145146952,0.0192196267158023,M1 Logistic Regression  AUC 0.922
EXP-A1,2,M1,Logistic Regression,0.85,0.996973,0.004902,25,0.9221754145146952,0.0192196267158023,M1 Logistic Regression  AUC 0.922
EXP-A1,2,M1,Logistic Regression,0.86,0.997265,0.004854,25,0.9221754145146952,0.0192196267158023,M1 Logistic Regression  AUC 0.922
EXP-A1,2,M1,Logistic Regression,0.87,0.997265,0.004854,25,0.9221754145146952,0.0192196267158023,M1 Logistic Regression  AUC 0.922
EXP-A1,2,M1,Logistic Regression,0.88,0.997265,0.004854,25,0.9221754145146952,0.0192196267158023,M1 Logistic Regression  AUC 0.922
EXP-A1,2,M1,Logistic Regression,0.89,0.997265,0.004854,25,0.9221754145146952,0.0192196267158023,M1 Logistic Regression  AUC 0.922
EXP-A1,2,M1,Logistic Regression,0.9,0.997265,0.004854,25,0.9221754145146952,0.0192196267158023,M1 Logistic Regression  AUC 0.922
EXP-A1,2,M1,Logistic Regression,0.91,0.997265,0.004854,25,0.9221754145146952,0.0192196267158023,M1 Logistic Regression  AUC 0.922
EXP-A1,2,M1,Logistic Regression,0.92,0.997571,0.004233,25,0.9221754145146952,0.0192196267158023,M1 Logistic Regression  AUC 0.922
EXP-A1,2,M1,Logistic Regression,0.93,0.997571,0.004233,25,0.9221754145146952,0.0192196267158023,M1 Logistic Regression  AUC 0.922
EXP-A1,2,M1,Logistic Regression,0.94,0.997571,0.004233,25,0.9221754145146952,0.0192196267158023,M1 Logistic Regression  AUC 0.922
EXP-A1,2,M1,Logistic Regression,0.95,0.997874,0.004119,25,0.9221754145146952,0.0192196267158023,M1 Logistic Regression  AUC 0.922
EXP-A1,2,M1,Logistic Regression,0.96,0.998179,0.003974,25,0.9221754145146952,0.0192196267158023,M1 Logistic Regression  AUC 0.922
EXP-A1,2,M1,Logistic Regression,0.97,0.999401,0.002075,25,0.9221754145146952,0.0192196267158023,M1 Logistic Regression  AUC 0.922
EXP-A1,2,M1,Logistic Regression,0.98,0.999401,0.002075,25,0.9221754145146952,0.0192196267158023,M1 Logistic Regression  AUC 0.922
EXP-A1,2,M1,Logistic Regression,0.99,1.0,0.0,25,0.9221754145146952,0.0192196267158023,M1 Logistic Regression  AUC 0.922
EXP-A1,2,M1,Logistic Regression,1.0,1.0,0.0,25,0.9221754145146952,0.0192196267158023,M1 Logistic Regression  AUC 0.922
EXP-A1,3,M5,Gradient Boosting,0.0,0.109132,0.092392,25,0.9357444658070612,0.0218697771608859,M5 Gradient Boosting  AUC 0.936
EXP-A1,3,M5,Gradient Boosting,0.01,0.352837,0.139662,25,0.9357444658070612,0.0218697771608859,M5 Gradient Boosting  AUC 0.936
EXP-A1,3,M5,Gradient Boosting,0.02,0.477566,0.120778,25,0.9357444658070612,0.0218697771608859,M5 Gradient Boosting  AUC 0.936
EXP-A1,3,M5,Gradient Boosting,0.03,0.557144,0.109612,25,0.9357444658070612,0.0218697771608859,M5 Gradient Boosting  AUC 0.936
EXP-A1,3,M5,Gradient Boosting,0.04,0.615443,0.108864,25,0.9357444658070612,0.0218697771608859,M5 Gradient Boosting  AUC 0.936
EXP-A1,3,M5,Gradient Boosting,0.05,0.664612,0.097085,25,0.9357444658070612,0.0218697771608859,M5 Gradient Boosting  AUC 0.936
EXP-A1,3,M5,Gradient Boosting,0.06,0.708599,0.092993,25,0.9357444658070612,0.0218697771608859,M5 Gradient Boosting  AUC 0.936
EXP-A1,3,M5,Gradient Boosting,0.07,0.739521,0.08386,25,0.9357444658070612,0.0218697771608859,M5 Gradient Boosting  AUC 0.936
EXP-A1,3,M5,Gradient Boosting,0.08,0.763503,0.080009,25,0.9357444658070612,0.0218697771608859,M5 Gradient Boosting  AUC 0.936
EXP-A1,3,M5,Gradient Boosting,0.09,0.780999,0.07819,25,0.9357444658070612,0.0218697771608859,M5 Gradient Boosting  AUC 0.936
EXP-A1,3,M5,Gradient Boosting,0.1,0.798482,0.075927,25,0.9357444658070612,0.0218697771608859,M5 Gradient Boosting  AUC 0.936
EXP-A1,3,M5,Gradient Boosting,0.11,0.815206,0.067043,25,0.9357444658070612,0.0218697771608859,M5 Gradient Boosting  AUC 0.936
EXP-A1,3,M5,Gradient Boosting,0.12,0.829646,0.064066,25,0.9357444658070612,0.0218697771608859,M5 Gradient Boosting  AUC 0.936
EXP-A1,3,M5,Gradient Boosting,0.13,0.839883,0.060605,25,0.9357444658070612,0.0218697771608859,M5 Gradient Boosting  AUC 0.936
EXP-A1,3,M5,Gradient Boosting,0.14,0.847711,0.060632,25,0.9357444658070612,0.0218697771608859,M5 Gradient Boosting  AUC 0.936
EXP-A1,3,M5,Gradient Boosting,0.15,0.859991,0.058702,25,0.9357444658070612,0.0218697771608859,M5 Gradient Boosting  AUC 0.936
EXP-A1,3,M5,Gradient Boosting,0.16,0.869631,0.060213,25,0.9357444658070612,0.0218697771608859,M5 Gradient Boosting  AUC 0.936
EXP-A1,3,M5,Gradient Boosting,0.17,0.875347,0.059498,25,0.9357444658070612,0.0218697771608859,M5 Gradient Boosting  AUC 0.936
EXP-A1,3,M5,Gradient Boosting,0.18,0.883795,0.061316,25,0.9357444658070612,0.0218697771608859,M5 Gradient Boosting  AUC 0.936
EXP-A1,3,M5,Gradient Boosting,0.19,0.892559,0.0569,25,0.9357444658070612,0.0218697771608859,M5 Gradient Boosting  AUC 0.936
EXP-A1,3,M5,Gradient Boosting,0.2,0.900382,0.055372,25,0.9357444658070612,0.0218697771608859,M5 Gradient Boosting  AUC 0.936
EXP-A1,3,M5,Gradient Boosting,0.21,0.909151,0.055977,25,0.9357444658070612,0.0218697771608859,M5 Gradient Boosting  AUC 0.936
EXP-A1,3,M5,Gradient Boosting,0.22,0.917877,0.051917,25,0.9357444658070612,0.0218697771608859,M5 Gradient Boosting  AUC 0.936
EXP-A1,3,M5,Gradient Boosting,0.23,0.92421,0.048494,25,0.9357444658070612,0.0218697771608859,M5 Gradient Boosting  AUC 0.936
EXP-A1,3,M5,Gradient Boosting,0.24,0.93383,0.0471,25,0.9357444658070612,0.0218697771608859,M5 Gradient Boosting  AUC 0.936
EXP-A1,3,M5,Gradient Boosting,0.25,0.941652,0.045036,25,0.9357444658070612,0.0218697771608859,M5 Gradient Boosting  AUC 0.936
EXP-A1,3,M5,Gradient Boosting,0.26,0.947372,0.042342,25,0.9357444658070612,0.0218697771608859,M5 Gradient Boosting  AUC 0.936
EXP-A1,3,M5,Gradient Boosting,0.27,0.953081,0.039216,25,0.9357444658070612,0.0218697771608859,M5 Gradient Boosting  AUC 0.936
EXP-A1,3,M5,Gradient Boosting,0.28,0.958184,0.035388,25,0.9357444658070612,0.0218697771608859,M5 Gradient Boosting  AUC 0.936
EXP-A1,3,M5,Gradient Boosting,0.29,0.962699,0.033489,25,0.9357444658070612,0.0218697771608859,M5 Gradient Boosting  AUC 0.936
EXP-A1,3,M5,Gradient Boosting,0.3,0.966277,0.031526,25,0.9357444658070612,0.0218697771608859,M5 Gradient Boosting  AUC 0.936
EXP-A1,3,M5,Gradient Boosting,0.31,0.969311,0.028925,25,0.9357444658070612,0.0218697771608859,M5 Gradient Boosting  AUC 0.936
EXP-A1,3,M5,Gradient Boosting,0.32,0.972312,0.025887,25,0.9357444658070612,0.0218697771608859,M5 Gradient Boosting  AUC 0.936
EXP-A1,3,M5,Gradient Boosting,0.33,0.975617,0.024639,25,0.9357444658070612,0.0218697771608859,M5 Gradient Boosting  AUC 0.936
EXP-A1,3,M5,Gradient Boosting,0.34,0.978324,0.023462,25,0.9357444658070612,0.0218697771608859,M5 Gradient Boosting  AUC 0.936
EXP-A1,3,M5,Gradient Boosting,0.35,0.979525,0.021791,25,0.9357444658070612,0.0218697771608859,M5 Gradient Boosting  AUC 0.936
EXP-A1,3,M5,Gradient Boosting,0.36,0.981038,0.018101,25,0.9357444658070612,0.0218697771608859,M5 Gradient Boosting  AUC 0.936
EXP-A1,3,M5,Gradient Boosting,0.37,0.981939,0.018095,25,0.9357444658070612,0.0218697771608859,M5 Gradient Boosting  AUC 0.936
EXP-A1,3,M5,Gradient Boosting,0.38,0.983739,0.01857,25,0.9357444658070612,0.0218697771608859,M5 Gradient Boosting  AUC 0.936
EXP-A1,3,M5,Gradient Boosting,0.39,0.984655,0.017312,25,0.9357444658070612,0.0218697771608859,M5 Gradient Boosting  AUC 0.936
EXP-A1,3,M5,Gradient Boosting,0.4,0.98496,0.017241,25,0.9357444658070612,0.0218697771608859,M5 Gradient Boosting  AUC 0.936
EXP-A1,3,M5,Gradient Boosting,0.41,0.986471,0.01561,25,0.9357444658070612,0.0218697771608859,M5 Gradient Boosting  AUC 0.936
EXP-A1,3,M5,Gradient Boosting,0.42,0.98796,0.014529,25,0.9357444658070612,0.0218697771608859,M5 Gradient Boosting  AUC 0.936
EXP-A1,3,M5,Gradient Boosting,0.43,0.988566,0.014043,25,0.9357444658070612,0.0218697771608859,M5 Gradient Boosting  AUC 0.936
EXP-A1,3,M5,Gradient Boosting,0.44,0.989154,0.01421,25,0.9357444658070612,0.0218697771608859,M5 Gradient Boosting  AUC 0.936
EXP-A1,3,M5,Gradient Boosting,0.45,0.99007,0.012497,25,0.9357444658070612,0.0218697771608859,M5 Gradient Boosting  AUC 0.936
EXP-A1,3,M5,Gradient Boosting,0.46,0.990672,0.012035,25,0.9357444658070612,0.0218697771608859,M5 Gradient Boosting  AUC 0.936
EXP-A1,3,M5,Gradient Boosting,0.47,0.991269,0.011734,25,0.9357444658070612,0.0218697771608859,M5 Gradient Boosting  AUC 0.936
EXP-A1,3,M5,Gradient Boosting,0.48,0.991862,0.011587,25,0.9357444658070612,0.0218697771608859,M5 Gradient Boosting  AUC 0.936
EXP-A1,3,M5,Gradient Boosting,0.49,0.992463,0.011386,25,0.9357444658070612,0.0218697771608859,M5 Gradient Boosting  AUC 0.936
EXP-A1,3,M5,Gradient Boosting,0.5,0.993669,0.00893,25,0.9357444658070612,0.0218697771608859,M5 Gradient Boosting  AUC 0.936
EXP-A1,3,M5,Gradient Boosting,0.51,0.993974,0.009013,25,0.9357444658070612,0.0218697771608859,M5 Gradient Boosting  AUC 0.936
EXP-A1,3,M5,Gradient Boosting,0.52,0.993974,0.009013,25,0.9357444658070612,0.0218697771608859,M5 Gradient Boosting  AUC 0.936
EXP-A1,3,M5,Gradient Boosting,0.53,0.993974,0.009013,25,0.9357444658070612,0.0218697771608859,M5 Gradient Boosting  AUC 0.936
EXP-A1,3,M5,Gradient Boosting,0.54,0.993974,0.009013,25,0.9357444658070612,0.0218697771608859,M5 Gradient Boosting  AUC 0.936
EXP-A1,3,M5,Gradient Boosting,0.55,0.994266,0.009088,25,0.9357444658070612,0.0218697771608859,M5 Gradient Boosting  AUC 0.936
EXP-A1,3,M5,Gradient Boosting,0.56,0.994864,0.009204,25,0.9357444658070612,0.0218697771608859,M5 Gradient Boosting  AUC 0.936
EXP-A1,3,M5,Gradient Boosting,0.57,0.994864,0.009204,25,0.9357444658070612,0.0218697771608859,M5 Gradient Boosting  AUC 0.936
EXP-A1,3,M5,Gradient Boosting,0.58,0.994864,0.009204,25,0.9357444658070612,0.0218697771608859,M5 Gradient Boosting  AUC 0.936
EXP-A1,3,M5,Gradient Boosting,0.59,0.99516,0.008739,25,0.9357444658070612,0.0218697771608859,M5 Gradient Boosting  AUC 0.936
EXP-A1,3,M5,Gradient Boosting,0.6,0.995456,0.008509,25,0.9357444658070612,0.0218697771608859,M5 Gradient Boosting  AUC 0.936
EXP-A1,3,M5,Gradient Boosting,0.61,0.995456,0.008509,25,0.9357444658070612,0.0218697771608859,M5 Gradient Boosting  AUC 0.936
EXP-A1,3,M5,Gradient Boosting,0.62,0.996067,0.007315,25,0.9357444658070612,0.0218697771608859,M5 Gradient Boosting  AUC 0.936
EXP-A1,3,M5,Gradient Boosting,0.63,0.996067,0.007315,25,0.9357444658070612,0.0218697771608859,M5 Gradient Boosting  AUC 0.936
EXP-A1,3,M5,Gradient Boosting,0.64,0.996067,0.007315,25,0.9357444658070612,0.0218697771608859,M5 Gradient Boosting  AUC 0.936
EXP-A1,3,M5,Gradient Boosting,0.65,0.996067,0.007315,25,0.9357444658070612,0.0218697771608859,M5 Gradient Boosting  AUC 0.936
EXP-A1,3,M5,Gradient Boosting,0.66,0.996067,0.007315,25,0.9357444658070612,0.0218697771608859,M5 Gradient Boosting  AUC 0.936
EXP-A1,3,M5,Gradient Boosting,0.67,0.996067,0.007315,25,0.9357444658070612,0.0218697771608859,M5 Gradient Boosting  AUC 0.936
EXP-A1,3,M5,Gradient Boosting,0.68,0.996372,0.007314,25,0.9357444658070612,0.0218697771608859,M5 Gradient Boosting  AUC 0.936
EXP-A1,3,M5,Gradient Boosting,0.69,0.996372,0.007314,25,0.9357444658070612,0.0218697771608859,M5 Gradient Boosting  AUC 0.936
EXP-A1,3,M5,Gradient Boosting,0.7,0.996372,0.007314,25,0.9357444658070612,0.0218697771608859,M5 Gradient Boosting  AUC 0.936
EXP-A1,3,M5,Gradient Boosting,0.71,0.996372,0.007314,25,0.9357444658070612,0.0218697771608859,M5 Gradient Boosting  AUC 0.936
EXP-A1,3,M5,Gradient Boosting,0.72,0.996668,0.007304,25,0.9357444658070612,0.0218697771608859,M5 Gradient Boosting  AUC 0.936
EXP-A1,3,M5,Gradient Boosting,0.73,0.996668,0.007304,25,0.9357444658070612,0.0218697771608859,M5 Gradient Boosting  AUC 0.936
EXP-A1,3,M5,Gradient Boosting,0.74,0.996668,0.007304,25,0.9357444658070612,0.0218697771608859,M5 Gradient Boosting  AUC 0.936
EXP-A1,3,M5,Gradient Boosting,0.75,0.996668,0.007304,25,0.9357444658070612,0.0218697771608859,M5 Gradient Boosting  AUC 0.936
EXP-A1,3,M5,Gradient Boosting,0.76,0.996668,0.007304,25,0.9357444658070612,0.0218697771608859,M5 Gradient Boosting  AUC 0.936
EXP-A1,3,M5,Gradient Boosting,0.77,0.996668,0.007304,25,0.9357444658070612,0.0218697771608859,M5 Gradient Boosting  AUC 0.936
EXP-A1,3,M5,Gradient Boosting,0.78,0.996668,0.007304,25,0.9357444658070612,0.0218697771608859,M5 Gradient Boosting  AUC 0.936
EXP-A1,3,M5,Gradient Boosting,0.79,0.996974,0.006935,25,0.9357444658070612,0.0218697771608859,M5 Gradient Boosting  AUC 0.936
EXP-A1,3,M5,Gradient Boosting,0.8,0.996974,0.006935,25,0.9357444658070612,0.0218697771608859,M5 Gradient Boosting  AUC 0.936
EXP-A1,3,M5,Gradient Boosting,0.81,0.996974,0.006935,25,0.9357444658070612,0.0218697771608859,M5 Gradient Boosting  AUC 0.936
EXP-A1,3,M5,Gradient Boosting,0.82,0.996974,0.006935,25,0.9357444658070612,0.0218697771608859,M5 Gradient Boosting  AUC 0.936
EXP-A1,3,M5,Gradient Boosting,0.83,0.996974,0.006935,25,0.9357444658070612,0.0218697771608859,M5 Gradient Boosting  AUC 0.936
EXP-A1,3,M5,Gradient Boosting,0.84,0.996974,0.006935,25,0.9357444658070612,0.0218697771608859,M5 Gradient Boosting  AUC 0.936
EXP-A1,3,M5,Gradient Boosting,0.85,0.996974,0.006935,25,0.9357444658070612,0.0218697771608859,M5 Gradient Boosting  AUC 0.936
EXP-A1,3,M5,Gradient Boosting,0.86,0.997272,0.006551,25,0.9357444658070612,0.0218697771608859,M5 Gradient Boosting  AUC 0.936
EXP-A1,3,M5,Gradient Boosting,0.87,0.997272,0.006551,25,0.9357444658070612,0.0218697771608859,M5 Gradient Boosting  AUC 0.936
EXP-A1,3,M5,Gradient Boosting,0.88,0.997272,0.006551,25,0.9357444658070612,0.0218697771608859,M5 Gradient Boosting  AUC 0.936
EXP-A1,3,M5,Gradient Boosting,0.89,0.997571,0.006496,25,0.9357444658070612,0.0218697771608859,M5 Gradient Boosting  AUC 0.936
EXP-A1,3,M5,Gradient Boosting,0.9,0.998487,0.003089,25,0.9357444658070612,0.0218697771608859,M5 Gradient Boosting  AUC 0.936
EXP-A1,3,M5,Gradient Boosting,0.91,0.998487,0.003089,25,0.9357444658070612,0.0218697771608859,M5 Gradient Boosting  AUC 0.936
EXP-A1,3,M5,Gradient Boosting,0.92,0.998487,0.003089,25,0.9357444658070612,0.0218697771608859,M5 Gradient Boosting  AUC 0.936
EXP-A1,3,M5,Gradient Boosting,0.93,0.998487,0.003089,25,0.9357444658070612,0.0218697771608859,M5 Gradient Boosting  AUC 0.936
EXP-A1,3,M5,Gradient Boosting,0.94,0.998487,0.003089,25,0.9357444658070612,0.0218697771608859,M5 Gradient Boosting  AUC 0.936
EXP-A1,3,M5,Gradient Boosting,0.95,0.998781,0.002851,25,0.9357444658070612,0.0218697771608859,M5 Gradient Boosting  AUC 0.936
EXP-A1,3,M5,Gradient Boosting,0.96,0.998781,0.002851,25,0.9357444658070612,0.0218697771608859,M5 Gradient Boosting  AUC 0.936
EXP-A1,3,M5,Gradient Boosting,0.97,0.998781,0.002851,25,0.9357444658070612,0.0218697771608859,M5 Gradient Boosting  AUC 0.936
EXP-A1,3,M5,Gradient Boosting,0.98,0.998781,0.002851,25,0.9357444658070612,0.0218697771608859,M5 Gradient Boosting  AUC 0.936
EXP-A1,3,M5,Gradient Boosting,0.99,0.999392,0.002106,25,0.9357444658070612,0.0218697771608859,M5 Gradient Boosting  AUC 0.936
EXP-A1,3,M5,Gradient Boosting,1.0,1.0,0.0,25,0.9357444658070612,0.0218697771608859,M5 Gradient Boosting  AUC 0.936
EXP-A1,4,M8,XGBoost / LightGBM,0.0,0.137635,0.117564,25,0.9410446008725418,0.0179668080784246,M8 XGBoost / LightGBM  AUC 0.941
EXP-A1,4,M8,XGBoost / LightGBM,0.01,0.383333,0.136186,25,0.9410446008725418,0.0179668080784246,M8 XGBoost / LightGBM  AUC 0.941
EXP-A1,4,M8,XGBoost / LightGBM,0.02,0.525888,0.11115,25,0.9410446008725418,0.0179668080784246,M8 XGBoost / LightGBM  AUC 0.941
EXP-A1,4,M8,XGBoost / LightGBM,0.03,0.599634,0.112093,25,0.9410446008725418,0.0179668080784246,M8 XGBoost / LightGBM  AUC 0.941
EXP-A1,4,M8,XGBoost / LightGBM,0.04,0.65024,0.102028,25,0.9410446008725418,0.0179668080784246,M8 XGBoost / LightGBM  AUC 0.941
EXP-A1,4,M8,XGBoost / LightGBM,0.05,0.689733,0.094803,25,0.9410446008725418,0.0179668080784246,M8 XGBoost / LightGBM  AUC 0.941
EXP-A1,4,M8,XGBoost / LightGBM,0.06,0.722792,0.08745,25,0.9410446008725418,0.0179668080784246,M8 XGBoost / LightGBM  AUC 0.941
EXP-A1,4,M8,XGBoost / LightGBM,0.07,0.748398,0.084201,25,0.9410446008725418,0.0179668080784246,M8 XGBoost / LightGBM  AUC 0.941
EXP-A1,4,M8,XGBoost / LightGBM,0.08,0.780376,0.075395,25,0.9410446008725418,0.0179668080784246,M8 XGBoost / LightGBM  AUC 0.941
EXP-A1,4,M8,XGBoost / LightGBM,0.09,0.798758,0.07068,25,0.9410446008725418,0.0179668080784246,M8 XGBoost / LightGBM  AUC 0.941
EXP-A1,4,M8,XGBoost / LightGBM,0.1,0.814438,0.069835,25,0.9410446008725418,0.0179668080784246,M8 XGBoost / LightGBM  AUC 0.941
EXP-A1,4,M8,XGBoost / LightGBM,0.11,0.827262,0.066411,25,0.9410446008725418,0.0179668080784246,M8 XGBoost / LightGBM  AUC 0.941
EXP-A1,4,M8,XGBoost / LightGBM,0.12,0.84352,0.061773,25,0.9410446008725418,0.0179668080784246,M8 XGBoost / LightGBM  AUC 0.941
EXP-A1,4,M8,XGBoost / LightGBM,0.13,0.855288,0.059187,25,0.9410446008725418,0.0179668080784246,M8 XGBoost / LightGBM  AUC 0.941
EXP-A1,4,M8,XGBoost / LightGBM,0.14,0.861044,0.057043,25,0.9410446008725418,0.0179668080784246,M8 XGBoost / LightGBM  AUC 0.941
EXP-A1,4,M8,XGBoost / LightGBM,0.15,0.869492,0.0518,25,0.9410446008725418,0.0179668080784246,M8 XGBoost / LightGBM  AUC 0.941
EXP-A1,4,M8,XGBoost / LightGBM,0.16,0.876418,0.050688,25,0.9410446008725418,0.0179668080784246,M8 XGBoost / LightGBM  AUC 0.941
EXP-A1,4,M8,XGBoost / LightGBM,0.17,0.884536,0.045694,25,0.9410446008725418,0.0179668080784246,M8 XGBoost / LightGBM  AUC 0.941
EXP-A1,4,M8,XGBoost / LightGBM,0.18,0.891152,0.045906,25,0.9410446008725418,0.0179668080784246,M8 XGBoost / LightGBM  AUC 0.941
EXP-A1,4,M8,XGBoost / LightGBM,0.19,0.898983,0.041373,25,0.9410446008725418,0.0179668080784246,M8 XGBoost / LightGBM  AUC 0.941
EXP-A1,4,M8,XGBoost / LightGBM,0.2,0.906766,0.040116,25,0.9410446008725418,0.0179668080784246,M8 XGBoost / LightGBM  AUC 0.941
EXP-A1,4,M8,XGBoost / LightGBM,0.21,0.914601,0.041605,25,0.9410446008725418,0.0179668080784246,M8 XGBoost / LightGBM  AUC 0.941
EXP-A1,4,M8,XGBoost / LightGBM,0.22,0.920611,0.041376,25,0.9410446008725418,0.0179668080784246,M8 XGBoost / LightGBM  AUC 0.941
EXP-A1,4,M8,XGBoost / LightGBM,0.23,0.926955,0.040815,25,0.9410446008725418,0.0179668080784246,M8 XGBoost / LightGBM  AUC 0.941
EXP-A1,4,M8,XGBoost / LightGBM,0.24,0.934756,0.037483,25,0.9410446008725418,0.0179668080784246,M8 XGBoost / LightGBM  AUC 0.941
EXP-A1,4,M8,XGBoost / LightGBM,0.25,0.941651,0.036316,25,0.9410446008725418,0.0179668080784246,M8 XGBoost / LightGBM  AUC 0.941
EXP-A1,4,M8,XGBoost / LightGBM,0.26,0.943738,0.036047,25,0.9410446008725418,0.0179668080784246,M8 XGBoost / LightGBM  AUC 0.941
EXP-A1,4,M8,XGBoost / LightGBM,0.27,0.946439,0.036188,25,0.9410446008725418,0.0179668080784246,M8 XGBoost / LightGBM  AUC 0.941
EXP-A1,4,M8,XGBoost / LightGBM,0.28,0.95127,0.035722,25,0.9410446008725418,0.0179668080784246,M8 XGBoost / LightGBM  AUC 0.941
EXP-A1,4,M8,XGBoost / LightGBM,0.29,0.956039,0.033812,25,0.9410446008725418,0.0179668080784246,M8 XGBoost / LightGBM  AUC 0.941
EXP-A1,4,M8,XGBoost / LightGBM,0.3,0.958732,0.032279,25,0.9410446008725418,0.0179668080784246,M8 XGBoost / LightGBM  AUC 0.941
EXP-A1,4,M8,XGBoost / LightGBM,0.31,0.963528,0.030689,25,0.9410446008725418,0.0179668080784246,M8 XGBoost / LightGBM  AUC 0.941
EXP-A1,4,M8,XGBoost / LightGBM,0.32,0.968675,0.026412,25,0.9410446008725418,0.0179668080784246,M8 XGBoost / LightGBM  AUC 0.941
EXP-A1,4,M8,XGBoost / LightGBM,0.33,0.971975,0.025378,25,0.9410446008725418,0.0179668080784246,M8 XGBoost / LightGBM  AUC 0.941
EXP-A1,4,M8,XGBoost / LightGBM,0.34,0.975312,0.024267,25,0.9410446008725418,0.0179668080784246,M8 XGBoost / LightGBM  AUC 0.941
EXP-A1,4,M8,XGBoost / LightGBM,0.35,0.977705,0.024281,25,0.9410446008725418,0.0179668080784246,M8 XGBoost / LightGBM  AUC 0.941
EXP-A1,4,M8,XGBoost / LightGBM,0.36,0.981337,0.022165,25,0.9410446008725418,0.0179668080784246,M8 XGBoost / LightGBM  AUC 0.941
EXP-A1,4,M8,XGBoost / LightGBM,0.37,0.984031,0.018925,25,0.9410446008725418,0.0179668080784246,M8 XGBoost / LightGBM  AUC 0.941
EXP-A1,4,M8,XGBoost / LightGBM,0.38,0.986447,0.017963,25,0.9410446008725418,0.0179668080784246,M8 XGBoost / LightGBM  AUC 0.941
EXP-A1,4,M8,XGBoost / LightGBM,0.39,0.987655,0.015161,25,0.9410446008725418,0.0179668080784246,M8 XGBoost / LightGBM  AUC 0.941
EXP-A1,4,M8,XGBoost / LightGBM,0.4,0.988548,0.015508,25,0.9410446008725418,0.0179668080784246,M8 XGBoost / LightGBM  AUC 0.941
EXP-A1,4,M8,XGBoost / LightGBM,0.41,0.989754,0.015457,25,0.9410446008725418,0.0179668080784246,M8 XGBoost / LightGBM  AUC 0.941
EXP-A1,4,M8,XGBoost / LightGBM,0.42,0.992185,0.009303,25,0.9410446008725418,0.0179668080784246,M8 XGBoost / LightGBM  AUC 0.941
EXP-A1,4,M8,XGBoost / LightGBM,0.43,0.993705,0.007631,25,0.9410446008725418,0.0179668080784246,M8 XGBoost / LightGBM  AUC 0.941
EXP-A1,4,M8,XGBoost / LightGBM,0.44,0.994603,0.007589,25,0.9410446008725418,0.0179668080784246,M8 XGBoost / LightGBM  AUC 0.941
EXP-A1,4,M8,XGBoost / LightGBM,0.45,0.994603,0.007589,25,0.9410446008725418,0.0179668080784246,M8 XGBoost / LightGBM  AUC 0.941
EXP-A1,4,M8,XGBoost / LightGBM,0.46,0.995505,0.007094,25,0.9410446008725418,0.0179668080784246,M8 XGBoost / LightGBM  AUC 0.941
EXP-A1,4,M8,XGBoost / LightGBM,0.47,0.995811,0.006767,25,0.9410446008725418,0.0179668080784246,M8 XGBoost / LightGBM  AUC 0.941
EXP-A1,4,M8,XGBoost / LightGBM,0.48,0.996401,0.005721,25,0.9410446008725418,0.0179668080784246,M8 XGBoost / LightGBM  AUC 0.941
EXP-A1,4,M8,XGBoost / LightGBM,0.49,0.997308,0.005615,25,0.9410446008725418,0.0179668080784246,M8 XGBoost / LightGBM  AUC 0.941
EXP-A1,4,M8,XGBoost / LightGBM,0.5,0.997916,0.004995,25,0.9410446008725418,0.0179668080784246,M8 XGBoost / LightGBM  AUC 0.941
EXP-A1,4,M8,XGBoost / LightGBM,0.51,0.997916,0.004995,25,0.9410446008725418,0.0179668080784246,M8 XGBoost / LightGBM  AUC 0.941
EXP-A1,4,M8,XGBoost / LightGBM,0.52,0.998208,0.003877,25,0.9410446008725418,0.0179668080784246,M8 XGBoost / LightGBM  AUC 0.941
EXP-A1,4,M8,XGBoost / LightGBM,0.53,0.9985,0.003062,25,0.9410446008725418,0.0179668080784246,M8 XGBoost / LightGBM  AUC 0.941
EXP-A1,4,M8,XGBoost / LightGBM,0.54,0.9985,0.003062,25,0.9410446008725418,0.0179668080784246,M8 XGBoost / LightGBM  AUC 0.941
EXP-A1,4,M8,XGBoost / LightGBM,0.55,0.998797,0.002815,25,0.9410446008725418,0.0179668080784246,M8 XGBoost / LightGBM  AUC 0.941
EXP-A1,4,M8,XGBoost / LightGBM,0.56,0.998797,0.002815,25,0.9410446008725418,0.0179668080784246,M8 XGBoost / LightGBM  AUC 0.941
EXP-A1,4,M8,XGBoost / LightGBM,0.57,0.999392,0.002106,25,0.9410446008725418,0.0179668080784246,M8 XGBoost / LightGBM  AUC 0.941
EXP-A1,4,M8,XGBoost / LightGBM,0.58,0.999392,0.002106,25,0.9410446008725418,0.0179668080784246,M8 XGBoost / LightGBM  AUC 0.941
EXP-A1,4,M8,XGBoost / LightGBM,0.59,0.999392,0.002106,25,0.9410446008725418,0.0179668080784246,M8 XGBoost / LightGBM  AUC 0.941
EXP-A1,4,M8,XGBoost / LightGBM,0.6,0.999392,0.002106,25,0.9410446008725418,0.0179668080784246,M8 XGBoost / LightGBM  AUC 0.941
EXP-A1,4,M8,XGBoost / LightGBM,0.61,0.999392,0.002106,25,0.9410446008725418,0.0179668080784246,M8 XGBoost / LightGBM  AUC 0.941
EXP-A1,4,M8,XGBoost / LightGBM,0.62,0.999392,0.002106,25,0.9410446008725418,0.0179668080784246,M8 XGBoost / LightGBM  AUC 0.941
EXP-A1,4,M8,XGBoost / LightGBM,0.63,0.999392,0.002106,25,0.9410446008725418,0.0179668080784246,M8 XGBoost / LightGBM  AUC 0.941
EXP-A1,4,M8,XGBoost / LightGBM,0.64,0.999695,0.001527,25,0.9410446008725418,0.0179668080784246,M8 XGBoost / LightGBM  AUC 0.941
EXP-A1,4,M8,XGBoost / LightGBM,0.65,0.999695,0.001527,25,0.9410446008725418,0.0179668080784246,M8 XGBoost / LightGBM  AUC 0.941
EXP-A1,4,M8,XGBoost / LightGBM,0.66,0.999695,0.001527,25,0.9410446008725418,0.0179668080784246,M8 XGBoost / LightGBM  AUC 0.941
EXP-A1,4,M8,XGBoost / LightGBM,0.67,0.999695,0.001527,25,0.9410446008725418,0.0179668080784246,M8 XGBoost / LightGBM  AUC 0.941
EXP-A1,4,M8,XGBoost / LightGBM,0.68,0.999695,0.001527,25,0.9410446008725418,0.0179668080784246,M8 XGBoost / LightGBM  AUC 0.941
EXP-A1,4,M8,XGBoost / LightGBM,0.69,0.999695,0.001527,25,0.9410446008725418,0.0179668080784246,M8 XGBoost / LightGBM  AUC 0.941
EXP-A1,4,M8,XGBoost / LightGBM,0.7,0.999695,0.001527,25,0.9410446008725418,0.0179668080784246,M8 XGBoost / LightGBM  AUC 0.941
EXP-A1,4,M8,XGBoost / LightGBM,0.71,0.999695,0.001527,25,0.9410446008725418,0.0179668080784246,M8 XGBoost / LightGBM  AUC 0.941
EXP-A1,4,M8,XGBoost / LightGBM,0.72,0.999695,0.001527,25,0.9410446008725418,0.0179668080784246,M8 XGBoost / LightGBM  AUC 0.941
EXP-A1,4,M8,XGBoost / LightGBM,0.73,0.999695,0.001527,25,0.9410446008725418,0.0179668080784246,M8 XGBoost / LightGBM  AUC 0.941
EXP-A1,4,M8,XGBoost / LightGBM,0.74,0.999695,0.001527,25,0.9410446008725418,0.0179668080784246,M8 XGBoost / LightGBM  AUC 0.941
EXP-A1,4,M8,XGBoost / LightGBM,0.75,0.999695,0.001527,25,0.9410446008725418,0.0179668080784246,M8 XGBoost / LightGBM  AUC 0.941
EXP-A1,4,M8,XGBoost / LightGBM,0.76,0.999695,0.001527,25,0.9410446008725418,0.0179668080784246,M8 XGBoost / LightGBM  AUC 0.941
EXP-A1,4,M8,XGBoost / LightGBM,0.77,0.999695,0.001527,25,0.9410446008725418,0.0179668080784246,M8 XGBoost / LightGBM  AUC 0.941
EXP-A1,4,M8,XGBoost / LightGBM,0.78,1.0,0.0,25,0.9410446008725418,0.0179668080784246,M8 XGBoost / LightGBM  AUC 0.941
EXP-A1,4,M8,XGBoost / LightGBM,0.79,1.0,0.0,25,0.9410446008725418,0.0179668080784246,M8 XGBoost / LightGBM  AUC 0.941
EXP-A1,4,M8,XGBoost / LightGBM,0.8,1.0,0.0,25,0.9410446008725418,0.0179668080784246,M8 XGBoost / LightGBM  AUC 0.941
EXP-A1,4,M8,XGBoost / LightGBM,0.81,1.0,0.0,25,0.9410446008725418,0.0179668080784246,M8 XGBoost / LightGBM  AUC 0.941
EXP-A1,4,M8,XGBoost / LightGBM,0.82,1.0,0.0,25,0.9410446008725418,0.0179668080784246,M8 XGBoost / LightGBM  AUC 0.941
EXP-A1,4,M8,XGBoost / LightGBM,0.83,1.0,0.0,25,0.9410446008725418,0.0179668080784246,M8 XGBoost / LightGBM  AUC 0.941
EXP-A1,4,M8,XGBoost / LightGBM,0.84,1.0,0.0,25,0.9410446008725418,0.0179668080784246,M8 XGBoost / LightGBM  AUC 0.941
EXP-A1,4,M8,XGBoost / LightGBM,0.85,1.0,0.0,25,0.9410446008725418,0.0179668080784246,M8 XGBoost / LightGBM  AUC 0.941
EXP-A1,4,M8,XGBoost / LightGBM,0.86,1.0,0.0,25,0.9410446008725418,0.0179668080784246,M8 XGBoost / LightGBM  AUC 0.941
EXP-A1,4,M8,XGBoost / LightGBM,0.87,1.0,0.0,25,0.9410446008725418,0.0179668080784246,M8 XGBoost / LightGBM  AUC 0.941
EXP-A1,4,M8,XGBoost / LightGBM,0.88,1.0,0.0,25,0.9410446008725418,0.0179668080784246,M8 XGBoost / LightGBM  AUC 0.941
EXP-A1,4,M8,XGBoost / LightGBM,0.89,1.0,0.0,25,0.9410446008725418,0.0179668080784246,M8 XGBoost / LightGBM  AUC 0.941
EXP-A1,4,M8,XGBoost / LightGBM,0.9,1.0,0.0,25,0.9410446008725418,0.0179668080784246,M8 XGBoost / LightGBM  AUC 0.941
EXP-A1,4,M8,XGBoost / LightGBM,0.91,1.0,0.0,25,0.9410446008725418,0.0179668080784246,M8 XGBoost / LightGBM  AUC 0.941
EXP-A1,4,M8,XGBoost / LightGBM,0.92,1.0,0.0,25,0.9410446008725418,0.0179668080784246,M8 XGBoost / LightGBM  AUC 0.941
EXP-A1,4,M8,XGBoost / LightGBM,0.93,1.0,0.0,25,0.9410446008725418,0.0179668080784246,M8 XGBoost / LightGBM  AUC 0.941
EXP-A1,4,M8,XGBoost / LightGBM,0.94,1.0,0.0,25,0.9410446008725418,0.0179668080784246,M8 XGBoost / LightGBM  AUC 0.941
EXP-A1,4,M8,XGBoost / LightGBM,0.95,1.0,0.0,25,0.9410446008725418,0.0179668080784246,M8 XGBoost / LightGBM  AUC 0.941
EXP-A1,4,M8,XGBoost / LightGBM,0.96,1.0,0.0,25,0.9410446008725418,0.0179668080784246,M8 XGBoost / LightGBM  AUC 0.941
EXP-A1,4,M8,XGBoost / LightGBM,0.97,1.0,0.0,25,0.9410446008725418,0.0179668080784246,M8 XGBoost / LightGBM  AUC 0.941
EXP-A1,4,M8,XGBoost / LightGBM,0.98,1.0,0.0,25,0.9410446008725418,0.0179668080784246,M8 XGBoost / LightGBM  AUC 0.941
EXP-A1,4,M8,XGBoost / LightGBM,0.99,1.0,0.0,25,0.9410446008725418,0.0179668080784246,M8 XGBoost / LightGBM  AUC 0.941
EXP-A1,4,M8,XGBoost / LightGBM,1.0,1.0,0.0,25,0.9410446008725418,0.0179668080784246,M8 XGBoost / LightGBM  AUC 0.941
EXP-A1,5,M4,Random Forest,0.0,0.151451,0.087125,25,0.9418026774787452,0.0202358454844307,M4 Random Forest  AUC 0.942
EXP-A1,5,M4,Random Forest,0.01,0.350665,0.132514,25,0.9418026774787452,0.0202358454844307,M4 Random Forest  AUC 0.942
EXP-A1,5,M4,Random Forest,0.02,0.483832,0.152869,25,0.9418026774787452,0.0202358454844307,M4 Random Forest  AUC 0.942
EXP-A1,5,M4,Random Forest,0.03,0.560687,0.153394,25,0.9418026774787452,0.0202358454844307,M4 Random Forest  AUC 0.942
EXP-A1,5,M4,Random Forest,0.04,0.626329,0.146681,25,0.9418026774787452,0.0202358454844307,M4 Random Forest  AUC 0.942
EXP-A1,5,M4,Random Forest,0.05,0.673875,0.13713,25,0.9418026774787452,0.0202358454844307,M4 Random Forest  AUC 0.942
EXP-A1,5,M4,Random Forest,0.06,0.711352,0.128182,25,0.9418026774787452,0.0202358454844307,M4 Random Forest  AUC 0.942
EXP-A1,5,M4,Random Forest,0.07,0.742589,0.125223,25,0.9418026774787452,0.0202358454844307,M4 Random Forest  AUC 0.942
EXP-A1,5,M4,Random Forest,0.08,0.762952,0.10856,25,0.9418026774787452,0.0202358454844307,M4 Random Forest  AUC 0.942
EXP-A1,5,M4,Random Forest,0.09,0.781509,0.086292,25,0.9418026774787452,0.0202358454844307,M4 Random Forest  AUC 0.942
EXP-A1,5,M4,Random Forest,0.1,0.804174,0.075233,25,0.9418026774787452,0.0202358454844307,M4 Random Forest  AUC 0.942
EXP-A1,5,M4,Random Forest,0.11,0.817855,0.066449,25,0.9418026774787452,0.0202358454844307,M4 Random Forest  AUC 0.942
EXP-A1,5,M4,Random Forest,0.12,0.83313,0.061485,25,0.9418026774787452,0.0202358454844307,M4 Random Forest  AUC 0.942
EXP-A1,5,M4,Random Forest,0.13,0.84446,0.058954,25,0.9418026774787452,0.0202358454844307,M4 Random Forest  AUC 0.942
EXP-A1,5,M4,Random Forest,0.14,0.85625,0.057654,25,0.9418026774787452,0.0202358454844307,M4 Random Forest  AUC 0.942
EXP-A1,5,M4,Random Forest,0.15,0.866758,0.055755,25,0.9418026774787452,0.0202358454844307,M4 Random Forest  AUC 0.942
EXP-A1,5,M4,Random Forest,0.16,0.878566,0.051985,25,0.9418026774787452,0.0202358454844307,M4 Random Forest  AUC 0.942
EXP-A1,5,M4,Random Forest,0.17,0.88676,0.050148,25,0.9418026774787452,0.0202358454844307,M4 Random Forest  AUC 0.942
EXP-A1,5,M4,Random Forest,0.18,0.894271,0.047753,25,0.9418026774787452,0.0202358454844307,M4 Random Forest  AUC 0.942
EXP-A1,5,M4,Random Forest,0.19,0.901561,0.04447,25,0.9418026774787452,0.0202358454844307,M4 Random Forest  AUC 0.942
EXP-A1,5,M4,Random Forest,0.2,0.9117,0.041291,25,0.9418026774787452,0.0202358454844307,M4 Random Forest  AUC 0.942
EXP-A1,5,M4,Random Forest,0.21,0.917117,0.041029,25,0.9418026774787452,0.0202358454844307,M4 Random Forest  AUC 0.942
EXP-A1,5,M4,Random Forest,0.22,0.924858,0.04194,25,0.9418026774787452,0.0202358454844307,M4 Random Forest  AUC 0.942
EXP-A1,5,M4,Random Forest,0.23,0.931796,0.039825,25,0.9418026774787452,0.0202358454844307,M4 Random Forest  AUC 0.942
EXP-A1,5,M4,Random Forest,0.24,0.938986,0.038091,25,0.9418026774787452,0.0202358454844307,M4 Random Forest  AUC 0.942
EXP-A1,5,M4,Random Forest,0.25,0.946595,0.036186,25,0.9418026774787452,0.0202358454844307,M4 Random Forest  AUC 0.942
EXP-A1,5,M4,Random Forest,0.26,0.951837,0.035327,25,0.9418026774787452,0.0202358454844307,M4 Random Forest  AUC 0.942
EXP-A1,5,M4,Random Forest,0.27,0.960177,0.035598,25,0.9418026774787452,0.0202358454844307,M4 Random Forest  AUC 0.942
EXP-A1,5,M4,Random Forest,0.28,0.967308,0.030411,25,0.9418026774787452,0.0202358454844307,M4 Random Forest  AUC 0.942
EXP-A1,5,M4,Random Forest,0.29,0.973719,0.029617,25,0.9418026774787452,0.0202358454844307,M4 Random Forest  AUC 0.942
EXP-A1,5,M4,Random Forest,0.3,0.978863,0.027595,25,0.9418026774787452,0.0202358454844307,M4 Random Forest  AUC 0.942
EXP-A1,5,M4,Random Forest,0.31,0.981912,0.02676,25,0.9418026774787452,0.0202358454844307,M4 Random Forest  AUC 0.942
EXP-A1,5,M4,Random Forest,0.32,0.984952,0.024965,25,0.9418026774787452,0.0202358454844307,M4 Random Forest  AUC 0.942
EXP-A1,5,M4,Random Forest,0.33,0.988007,0.021962,25,0.9418026774787452,0.0202358454844307,M4 Random Forest  AUC 0.942
EXP-A1,5,M4,Random Forest,0.34,0.990191,0.018564,25,0.9418026774787452,0.0202358454844307,M4 Random Forest  AUC 0.942
EXP-A1,5,M4,Random Forest,0.35,0.99175,0.015047,25,0.9418026774787452,0.0202358454844307,M4 Random Forest  AUC 0.942
EXP-A1,5,M4,Random Forest,0.36,0.995139,0.008858,25,0.9418026774787452,0.0202358454844307,M4 Random Forest  AUC 0.942
EXP-A1,5,M4,Random Forest,0.37,0.996536,0.007038,25,0.9418026774787452,0.0202358454844307,M4 Random Forest  AUC 0.942
EXP-A1,5,M4,Random Forest,0.38,0.997864,0.004699,25,0.9418026774787452,0.0202358454844307,M4 Random Forest  AUC 0.942
EXP-A1,5,M4,Random Forest,0.39,0.998197,0.003911,25,0.9418026774787452,0.0202358454844307,M4 Random Forest  AUC 0.942
EXP-A1,5,M4,Random Forest,0.4,0.998799,0.002809,25,0.9418026774787452,0.0202358454844307,M4 Random Forest  AUC 0.942
EXP-A1,5,M4,Random Forest,0.41,0.999401,0.002074,25,0.9418026774787452,0.0202358454844307,M4 Random Forest  AUC 0.942
EXP-A1,5,M4,Random Forest,0.42,0.999704,0.001481,25,0.9418026774787452,0.0202358454844307,M4 Random Forest  AUC 0.942
EXP-A1,5,M4,Random Forest,0.43,0.999704,0.001481,25,0.9418026774787452,0.0202358454844307,M4 Random Forest  AUC 0.942
EXP-A1,5,M4,Random Forest,0.44,0.99971,0.001452,25,0.9418026774787452,0.0202358454844307,M4 Random Forest  AUC 0.942
EXP-A1,5,M4,Random Forest,0.45,1.0,0.0,25,0.9418026774787452,0.0202358454844307,M4 Random Forest  AUC 0.942
EXP-A1,5,M4,Random Forest,0.46,1.0,0.0,25,0.9418026774787452,0.0202358454844307,M4 Random Forest  AUC 0.942
EXP-A1,5,M4,Random Forest,0.47,1.0,0.0,25,0.9418026774787452,0.0202358454844307,M4 Random Forest  AUC 0.942
EXP-A1,5,M4,Random Forest,0.48,1.0,0.0,25,0.9418026774787452,0.0202358454844307,M4 Random Forest  AUC 0.942
EXP-A1,5,M4,Random Forest,0.49,1.0,0.0,25,0.9418026774787452,0.0202358454844307,M4 Random Forest  AUC 0.942
EXP-A1,5,M4,Random Forest,0.5,1.0,0.0,25,0.9418026774787452,0.0202358454844307,M4 Random Forest  AUC 0.942
EXP-A1,5,M4,Random Forest,0.51,1.0,0.0,25,0.9418026774787452,0.0202358454844307,M4 Random Forest  AUC 0.942
EXP-A1,5,M4,Random Forest,0.52,1.0,0.0,25,0.9418026774787452,0.0202358454844307,M4 Random Forest  AUC 0.942
EXP-A1,5,M4,Random Forest,0.53,1.0,0.0,25,0.9418026774787452,0.0202358454844307,M4 Random Forest  AUC 0.942
EXP-A1,5,M4,Random Forest,0.54,1.0,0.0,25,0.9418026774787452,0.0202358454844307,M4 Random Forest  AUC 0.942
EXP-A1,5,M4,Random Forest,0.55,1.0,0.0,25,0.9418026774787452,0.0202358454844307,M4 Random Forest  AUC 0.942
EXP-A1,5,M4,Random Forest,0.56,1.0,0.0,25,0.9418026774787452,0.0202358454844307,M4 Random Forest  AUC 0.942
EXP-A1,5,M4,Random Forest,0.57,1.0,0.0,25,0.9418026774787452,0.0202358454844307,M4 Random Forest  AUC 0.942
EXP-A1,5,M4,Random Forest,0.58,1.0,0.0,25,0.9418026774787452,0.0202358454844307,M4 Random Forest  AUC 0.942
EXP-A1,5,M4,Random Forest,0.59,1.0,0.0,25,0.9418026774787452,0.0202358454844307,M4 Random Forest  AUC 0.942
EXP-A1,5,M4,Random Forest,0.6,1.0,0.0,25,0.9418026774787452,0.0202358454844307,M4 Random Forest  AUC 0.942
EXP-A1,5,M4,Random Forest,0.61,1.0,0.0,25,0.9418026774787452,0.0202358454844307,M4 Random Forest  AUC 0.942
EXP-A1,5,M4,Random Forest,0.62,1.0,0.0,25,0.9418026774787452,0.0202358454844307,M4 Random Forest  AUC 0.942
EXP-A1,5,M4,Random Forest,0.63,1.0,0.0,25,0.9418026774787452,0.0202358454844307,M4 Random Forest  AUC 0.942
EXP-A1,5,M4,Random Forest,0.64,1.0,0.0,25,0.9418026774787452,0.0202358454844307,M4 Random Forest  AUC 0.942
EXP-A1,5,M4,Random Forest,0.65,1.0,0.0,25,0.9418026774787452,0.0202358454844307,M4 Random Forest  AUC 0.942
EXP-A1,5,M4,Random Forest,0.66,1.0,0.0,25,0.9418026774787452,0.0202358454844307,M4 Random Forest  AUC 0.942
EXP-A1,5,M4,Random Forest,0.67,1.0,0.0,25,0.9418026774787452,0.0202358454844307,M4 Random Forest  AUC 0.942
EXP-A1,5,M4,Random Forest,0.68,1.0,0.0,25,0.9418026774787452,0.0202358454844307,M4 Random Forest  AUC 0.942
EXP-A1,5,M4,Random Forest,0.69,1.0,0.0,25,0.9418026774787452,0.0202358454844307,M4 Random Forest  AUC 0.942
EXP-A1,5,M4,Random Forest,0.7,1.0,0.0,25,0.9418026774787452,0.0202358454844307,M4 Random Forest  AUC 0.942
EXP-A1,5,M4,Random Forest,0.71,1.0,0.0,25,0.9418026774787452,0.0202358454844307,M4 Random Forest  AUC 0.942
EXP-A1,5,M4,Random Forest,0.72,1.0,0.0,25,0.9418026774787452,0.0202358454844307,M4 Random Forest  AUC 0.942
EXP-A1,5,M4,Random Forest,0.73,1.0,0.0,25,0.9418026774787452,0.0202358454844307,M4 Random Forest  AUC 0.942
EXP-A1,5,M4,Random Forest,0.74,1.0,0.0,25,0.9418026774787452,0.0202358454844307,M4 Random Forest  AUC 0.942
EXP-A1,5,M4,Random Forest,0.75,1.0,0.0,25,0.9418026774787452,0.0202358454844307,M4 Random Forest  AUC 0.942
EXP-A1,5,M4,Random Forest,0.76,1.0,0.0,25,0.9418026774787452,0.0202358454844307,M4 Random Forest  AUC 0.942
EXP-A1,5,M4,Random Forest,0.77,1.0,0.0,25,0.9418026774787452,0.0202358454844307,M4 Random Forest  AUC 0.942
EXP-A1,5,M4,Random Forest,0.78,1.0,0.0,25,0.9418026774787452,0.0202358454844307,M4 Random Forest  AUC 0.942
EXP-A1,5,M4,Random Forest,0.79,1.0,0.0,25,0.9418026774787452,0.0202358454844307,M4 Random Forest  AUC 0.942
EXP-A1,5,M4,Random Forest,0.8,1.0,0.0,25,0.9418026774787452,0.0202358454844307,M4 Random Forest  AUC 0.942
EXP-A1,5,M4,Random Forest,0.81,1.0,0.0,25,0.9418026774787452,0.0202358454844307,M4 Random Forest  AUC 0.942
EXP-A1,5,M4,Random Forest,0.82,1.0,0.0,25,0.9418026774787452,0.0202358454844307,M4 Random Forest  AUC 0.942
EXP-A1,5,M4,Random Forest,0.83,1.0,0.0,25,0.9418026774787452,0.0202358454844307,M4 Random Forest  AUC 0.942
EXP-A1,5,M4,Random Forest,0.84,1.0,0.0,25,0.9418026774787452,0.0202358454844307,M4 Random Forest  AUC 0.942
EXP-A1,5,M4,Random Forest,0.85,1.0,0.0,25,0.9418026774787452,0.0202358454844307,M4 Random Forest  AUC 0.942
EXP-A1,5,M4,Random Forest,0.86,1.0,0.0,25,0.9418026774787452,0.0202358454844307,M4 Random Forest  AUC 0.942
EXP-A1,5,M4,Random Forest,0.87,1.0,0.0,25,0.9418026774787452,0.0202358454844307,M4 Random Forest  AUC 0.942
EXP-A1,5,M4,Random Forest,0.88,1.0,0.0,25,0.9418026774787452,0.0202358454844307,M4 Random Forest  AUC 0.942
EXP-A1,5,M4,Random Forest,0.89,1.0,0.0,25,0.9418026774787452,0.0202358454844307,M4 Random Forest  AUC 0.942
EXP-A1,5,M4,Random Forest,0.9,1.0,0.0,25,0.9418026774787452,0.0202358454844307,M4 Random Forest  AUC 0.942
EXP-A1,5,M4,Random Forest,0.91,1.0,0.0,25,0.9418026774787452,0.0202358454844307,M4 Random Forest  AUC 0.942
EXP-A1,5,M4,Random Forest,0.92,1.0,0.0,25,0.9418026774787452,0.0202358454844307,M4 Random Forest  AUC 0.942
EXP-A1,5,M4,Random Forest,0.93,1.0,0.0,25,0.9418026774787452,0.0202358454844307,M4 Random Forest  AUC 0.942
EXP-A1,5,M4,Random Forest,0.94,1.0,0.0,25,0.9418026774787452,0.0202358454844307,M4 Random Forest  AUC 0.942
EXP-A1,5,M4,Random Forest,0.95,1.0,0.0,25,0.9418026774787452,0.0202358454844307,M4 Random Forest  AUC 0.942
EXP-A1,5,M4,Random Forest,0.96,1.0,0.0,25,0.9418026774787452,0.0202358454844307,M4 Random Forest  AUC 0.942
EXP-A1,5,M4,Random Forest,0.97,1.0,0.0,25,0.9418026774787452,0.0202358454844307,M4 Random Forest  AUC 0.942
EXP-A1,5,M4,Random Forest,0.98,1.0,0.0,25,0.9418026774787452,0.0202358454844307,M4 Random Forest  AUC 0.942
EXP-A1,5,M4,Random Forest,0.99,1.0,0.0,25,0.9418026774787452,0.0202358454844307,M4 Random Forest  AUC 0.942
EXP-A1,5,M4,Random Forest,1.0,1.0,0.0,25,0.9418026774787452,0.0202358454844307,M4 Random Forest  AUC 0.942
EXP-A1,6,M3,SVM (RBF kernel),0.0,0.028975,0.062235,25,0.924078273935299,0.0235862736288842,M3 SVM (RBF kernel)  AUC 0.924
EXP-A1,6,M3,SVM (RBF kernel),0.01,0.227472,0.149742,25,0.924078273935299,0.0235862736288842,M3 SVM (RBF kernel)  AUC 0.924
EXP-A1,6,M3,SVM (RBF kernel),0.02,0.339482,0.15771,25,0.924078273935299,0.0235862736288842,M3 SVM (RBF kernel)  AUC 0.924
EXP-A1,6,M3,SVM (RBF kernel),0.03,0.424619,0.163414,25,0.924078273935299,0.0235862736288842,M3 SVM (RBF kernel)  AUC 0.924
EXP-A1,6,M3,SVM (RBF kernel),0.04,0.496441,0.158072,25,0.924078273935299,0.0235862736288842,M3 SVM (RBF kernel)  AUC 0.924
EXP-A1,6,M3,SVM (RBF kernel),0.05,0.555451,0.150526,25,0.924078273935299,0.0235862736288842,M3 SVM (RBF kernel)  AUC 0.924
EXP-A1,6,M3,SVM (RBF kernel),0.06,0.60395,0.143767,25,0.924078273935299,0.0235862736288842,M3 SVM (RBF kernel)  AUC 0.924
EXP-A1,6,M3,SVM (RBF kernel),0.07,0.654881,0.14315,25,0.924078273935299,0.0235862736288842,M3 SVM (RBF kernel)  AUC 0.924
EXP-A1,6,M3,SVM (RBF kernel),0.08,0.691053,0.136565,25,0.924078273935299,0.0235862736288842,M3 SVM (RBF kernel)  AUC 0.924
EXP-A1,6,M3,SVM (RBF kernel),0.09,0.720694,0.126494,25,0.924078273935299,0.0235862736288842,M3 SVM (RBF kernel)  AUC 0.924
EXP-A1,6,M3,SVM (RBF kernel),0.1,0.749636,0.115148,25,0.924078273935299,0.0235862736288842,M3 SVM (RBF kernel)  AUC 0.924
EXP-A1,6,M3,SVM (RBF kernel),0.11,0.772755,0.10201,25,0.924078273935299,0.0235862736288842,M3 SVM (RBF kernel)  AUC 0.924
EXP-A1,6,M3,SVM (RBF kernel),0.12,0.796839,0.082434,25,0.924078273935299,0.0235862736288842,M3 SVM (RBF kernel)  AUC 0.924
EXP-A1,6,M3,SVM (RBF kernel),0.13,0.812195,0.081605,25,0.924078273935299,0.0235862736288842,M3 SVM (RBF kernel)  AUC 0.924
EXP-A1,6,M3,SVM (RBF kernel),0.14,0.829274,0.07642,25,0.924078273935299,0.0235862736288842,M3 SVM (RBF kernel)  AUC 0.924
EXP-A1,6,M3,SVM (RBF kernel),0.15,0.839181,0.072339,25,0.924078273935299,0.0235862736288842,M3 SVM (RBF kernel)  AUC 0.924
EXP-A1,6,M3,SVM (RBF kernel),0.16,0.851807,0.068036,25,0.924078273935299,0.0235862736288842,M3 SVM (RBF kernel)  AUC 0.924
EXP-A1,6,M3,SVM (RBF kernel),0.17,0.864772,0.064795,25,0.924078273935299,0.0235862736288842,M3 SVM (RBF kernel)  AUC 0.924
EXP-A1,6,M3,SVM (RBF kernel),0.18,0.873801,0.065542,25,0.924078273935299,0.0235862736288842,M3 SVM (RBF kernel)  AUC 0.924
EXP-A1,6,M3,SVM (RBF kernel),0.19,0.883745,0.060695,25,0.924078273935299,0.0235862736288842,M3 SVM (RBF kernel)  AUC 0.924
EXP-A1,6,M3,SVM (RBF kernel),0.2,0.889202,0.056783,25,0.924078273935299,0.0235862736288842,M3 SVM (RBF kernel)  AUC 0.924
EXP-A1,6,M3,SVM (RBF kernel),0.21,0.89857,0.049939,25,0.924078273935299,0.0235862736288842,M3 SVM (RBF kernel)  AUC 0.924
EXP-A1,6,M3,SVM (RBF kernel),0.22,0.906677,0.049456,25,0.924078273935299,0.0235862736288842,M3 SVM (RBF kernel)  AUC 0.924
EXP-A1,6,M3,SVM (RBF kernel),0.23,0.912671,0.047873,25,0.924078273935299,0.0235862736288842,M3 SVM (RBF kernel)  AUC 0.924
EXP-A1,6,M3,SVM (RBF kernel),0.24,0.919026,0.044598,25,0.924078273935299,0.0235862736288842,M3 SVM (RBF kernel)  AUC 0.924
EXP-A1,6,M3,SVM (RBF kernel),0.25,0.926266,0.04195,25,0.924078273935299,0.0235862736288842,M3 SVM (RBF kernel)  AUC 0.924
EXP-A1,6,M3,SVM (RBF kernel),0.26,0.931084,0.042063,25,0.924078273935299,0.0235862736288842,M3 SVM (RBF kernel)  AUC 0.924
EXP-A1,6,M3,SVM (RBF kernel),0.27,0.938645,0.037489,25,0.924078273935299,0.0235862736288842,M3 SVM (RBF kernel)  AUC 0.924
EXP-A1,6,M3,SVM (RBF kernel),0.28,0.945571,0.034063,25,0.924078273935299,0.0235862736288842,M3 SVM (RBF kernel)  AUC 0.924
EXP-A1,6,M3,SVM (RBF kernel),0.29,0.951869,0.031536,25,0.924078273935299,0.0235862736288842,M3 SVM (RBF kernel)  AUC 0.924
EXP-A1,6,M3,SVM (RBF kernel),0.3,0.954596,0.029539,25,0.924078273935299,0.0235862736288842,M3 SVM (RBF kernel)  AUC 0.924
EXP-A1,6,M3,SVM (RBF kernel),0.31,0.959706,0.027612,25,0.924078273935299,0.0235862736288842,M3 SVM (RBF kernel)  AUC 0.924
EXP-A1,6,M3,SVM (RBF kernel),0.32,0.964499,0.025326,25,0.924078273935299,0.0235862736288842,M3 SVM (RBF kernel)  AUC 0.924
EXP-A1,6,M3,SVM (RBF kernel),0.33,0.9681,0.024701,25,0.924078273935299,0.0235862736288842,M3 SVM (RBF kernel)  AUC 0.924
EXP-A1,6,M3,SVM (RBF kernel),0.34,0.972626,0.021857,25,0.924078273935299,0.0235862736288842,M3 SVM (RBF kernel)  AUC 0.924
EXP-A1,6,M3,SVM (RBF kernel),0.35,0.976842,0.02029,25,0.924078273935299,0.0235862736288842,M3 SVM (RBF kernel)  AUC 0.924
EXP-A1,6,M3,SVM (RBF kernel),0.36,0.980434,0.01916,25,0.924078273935299,0.0235862736288842,M3 SVM (RBF kernel)  AUC 0.924
EXP-A1,6,M3,SVM (RBF kernel),0.37,0.983438,0.016849,25,0.924078273935299,0.0235862736288842,M3 SVM (RBF kernel)  AUC 0.924
EXP-A1,6,M3,SVM (RBF kernel),0.38,0.985561,0.015164,25,0.924078273935299,0.0235862736288842,M3 SVM (RBF kernel)  AUC 0.924
EXP-A1,6,M3,SVM (RBF kernel),0.39,0.987964,0.014412,25,0.924078273935299,0.0235862736288842,M3 SVM (RBF kernel)  AUC 0.924
EXP-A1,6,M3,SVM (RBF kernel),0.4,0.989486,0.013881,25,0.924078273935299,0.0235862736288842,M3 SVM (RBF kernel)  AUC 0.924
EXP-A1,6,M3,SVM (RBF kernel),0.41,0.990689,0.013408,25,0.924078273935299,0.0235862736288842,M3 SVM (RBF kernel)  AUC 0.924
EXP-A1,6,M3,SVM (RBF kernel),0.42,0.99158,0.012153,25,0.924078273935299,0.0235862736288842,M3 SVM (RBF kernel)  AUC 0.924
EXP-A1,6,M3,SVM (RBF kernel),0.43,0.993091,0.009679,25,0.924078273935299,0.0235862736288842,M3 SVM (RBF kernel)  AUC 0.924
EXP-A1,6,M3,SVM (RBF kernel),0.44,0.994295,0.0085,25,0.924078273935299,0.0235862736288842,M3 SVM (RBF kernel)  AUC 0.924
EXP-A1,6,M3,SVM (RBF kernel),0.45,0.995505,0.007833,25,0.924078273935299,0.0235862736288842,M3 SVM (RBF kernel)  AUC 0.924
EXP-A1,6,M3,SVM (RBF kernel),0.46,0.997305,0.006797,25,0.924078273935299,0.0235862736288842,M3 SVM (RBF kernel)  AUC 0.924
EXP-A1,6,M3,SVM (RBF kernel),0.47,0.999403,0.002068,25,0.924078273935299,0.0235862736288842,M3 SVM (RBF kernel)  AUC 0.924
EXP-A1,6,M3,SVM (RBF kernel),0.48,0.999403,0.002068,25,0.924078273935299,0.0235862736288842,M3 SVM (RBF kernel)  AUC 0.924
EXP-A1,6,M3,SVM (RBF kernel),0.49,0.999403,0.002068,25,0.924078273935299,0.0235862736288842,M3 SVM (RBF kernel)  AUC 0.924
EXP-A1,6,M3,SVM (RBF kernel),0.5,0.999403,0.002068,25,0.924078273935299,0.0235862736288842,M3 SVM (RBF kernel)  AUC 0.924
EXP-A1,6,M3,SVM (RBF kernel),0.51,0.999403,0.002068,25,0.924078273935299,0.0235862736288842,M3 SVM (RBF kernel)  AUC 0.924
EXP-A1,6,M3,SVM (RBF kernel),0.52,0.999708,0.00146,25,0.924078273935299,0.0235862736288842,M3 SVM (RBF kernel)  AUC 0.924
EXP-A1,6,M3,SVM (RBF kernel),0.53,0.999708,0.00146,25,0.924078273935299,0.0235862736288842,M3 SVM (RBF kernel)  AUC 0.924
EXP-A1,6,M3,SVM (RBF kernel),0.54,1.0,0.0,25,0.924078273935299,0.0235862736288842,M3 SVM (RBF kernel)  AUC 0.924
EXP-A1,6,M3,SVM (RBF kernel),0.55,1.0,0.0,25,0.924078273935299,0.0235862736288842,M3 SVM (RBF kernel)  AUC 0.924
EXP-A1,6,M3,SVM (RBF kernel),0.56,1.0,0.0,25,0.924078273935299,0.0235862736288842,M3 SVM (RBF kernel)  AUC 0.924
EXP-A1,6,M3,SVM (RBF kernel),0.57,1.0,0.0,25,0.924078273935299,0.0235862736288842,M3 SVM (RBF kernel)  AUC 0.924
EXP-A1,6,M3,SVM (RBF kernel),0.58,1.0,0.0,25,0.924078273935299,0.0235862736288842,M3 SVM (RBF kernel)  AUC 0.924
EXP-A1,6,M3,SVM (RBF kernel),0.59,1.0,0.0,25,0.924078273935299,0.0235862736288842,M3 SVM (RBF kernel)  AUC 0.924
EXP-A1,6,M3,SVM (RBF kernel),0.6,1.0,0.0,25,0.924078273935299,0.0235862736288842,M3 SVM (RBF kernel)  AUC 0.924
EXP-A1,6,M3,SVM (RBF kernel),0.61,1.0,0.0,25,0.924078273935299,0.0235862736288842,M3 SVM (RBF kernel)  AUC 0.924
EXP-A1,6,M3,SVM (RBF kernel),0.62,1.0,0.0,25,0.924078273935299,0.0235862736288842,M3 SVM (RBF kernel)  AUC 0.924
EXP-A1,6,M3,SVM (RBF kernel),0.63,1.0,0.0,25,0.924078273935299,0.0235862736288842,M3 SVM (RBF kernel)  AUC 0.924
EXP-A1,6,M3,SVM (RBF kernel),0.64,1.0,0.0,25,0.924078273935299,0.0235862736288842,M3 SVM (RBF kernel)  AUC 0.924
EXP-A1,6,M3,SVM (RBF kernel),0.65,1.0,0.0,25,0.924078273935299,0.0235862736288842,M3 SVM (RBF kernel)  AUC 0.924
EXP-A1,6,M3,SVM (RBF kernel),0.66,1.0,0.0,25,0.924078273935299,0.0235862736288842,M3 SVM (RBF kernel)  AUC 0.924
EXP-A1,6,M3,SVM (RBF kernel),0.67,1.0,0.0,25,0.924078273935299,0.0235862736288842,M3 SVM (RBF kernel)  AUC 0.924
EXP-A1,6,M3,SVM (RBF kernel),0.68,1.0,0.0,25,0.924078273935299,0.0235862736288842,M3 SVM (RBF kernel)  AUC 0.924
EXP-A1,6,M3,SVM (RBF kernel),0.69,1.0,0.0,25,0.924078273935299,0.0235862736288842,M3 SVM (RBF kernel)  AUC 0.924
EXP-A1,6,M3,SVM (RBF kernel),0.7,1.0,0.0,25,0.924078273935299,0.0235862736288842,M3 SVM (RBF kernel)  AUC 0.924
EXP-A1,6,M3,SVM (RBF kernel),0.71,1.0,0.0,25,0.924078273935299,0.0235862736288842,M3 SVM (RBF kernel)  AUC 0.924
EXP-A1,6,M3,SVM (RBF kernel),0.72,1.0,0.0,25,0.924078273935299,0.0235862736288842,M3 SVM (RBF kernel)  AUC 0.924
EXP-A1,6,M3,SVM (RBF kernel),0.73,1.0,0.0,25,0.924078273935299,0.0235862736288842,M3 SVM (RBF kernel)  AUC 0.924
EXP-A1,6,M3,SVM (RBF kernel),0.74,1.0,0.0,25,0.924078273935299,0.0235862736288842,M3 SVM (RBF kernel)  AUC 0.924
EXP-A1,6,M3,SVM (RBF kernel),0.75,1.0,0.0,25,0.924078273935299,0.0235862736288842,M3 SVM (RBF kernel)  AUC 0.924
EXP-A1,6,M3,SVM (RBF kernel),0.76,1.0,0.0,25,0.924078273935299,0.0235862736288842,M3 SVM (RBF kernel)  AUC 0.924
EXP-A1,6,M3,SVM (RBF kernel),0.77,1.0,0.0,25,0.924078273935299,0.0235862736288842,M3 SVM (RBF kernel)  AUC 0.924
EXP-A1,6,M3,SVM (RBF kernel),0.78,1.0,0.0,25,0.924078273935299,0.0235862736288842,M3 SVM (RBF kernel)  AUC 0.924
EXP-A1,6,M3,SVM (RBF kernel),0.79,1.0,0.0,25,0.924078273935299,0.0235862736288842,M3 SVM (RBF kernel)  AUC 0.924
EXP-A1,6,M3,SVM (RBF kernel),0.8,1.0,0.0,25,0.924078273935299,0.0235862736288842,M3 SVM (RBF kernel)  AUC 0.924
EXP-A1,6,M3,SVM (RBF kernel),0.81,1.0,0.0,25,0.924078273935299,0.0235862736288842,M3 SVM (RBF kernel)  AUC 0.924
EXP-A1,6,M3,SVM (RBF kernel),0.82,1.0,0.0,25,0.924078273935299,0.0235862736288842,M3 SVM (RBF kernel)  AUC 0.924
EXP-A1,6,M3,SVM (RBF kernel),0.83,1.0,0.0,25,0.924078273935299,0.0235862736288842,M3 SVM (RBF kernel)  AUC 0.924
EXP-A1,6,M3,SVM (RBF kernel),0.84,1.0,0.0,25,0.924078273935299,0.0235862736288842,M3 SVM (RBF kernel)  AUC 0.924
EXP-A1,6,M3,SVM (RBF kernel),0.85,1.0,0.0,25,0.924078273935299,0.0235862736288842,M3 SVM (RBF kernel)  AUC 0.924
EXP-A1,6,M3,SVM (RBF kernel),0.86,1.0,0.0,25,0.924078273935299,0.0235862736288842,M3 SVM (RBF kernel)  AUC 0.924
EXP-A1,6,M3,SVM (RBF kernel),0.87,1.0,0.0,25,0.924078273935299,0.0235862736288842,M3 SVM (RBF kernel)  AUC 0.924
EXP-A1,6,M3,SVM (RBF kernel),0.88,1.0,0.0,25,0.924078273935299,0.0235862736288842,M3 SVM (RBF kernel)  AUC 0.924
EXP-A1,6,M3,SVM (RBF kernel),0.89,1.0,0.0,25,0.924078273935299,0.0235862736288842,M3 SVM (RBF kernel)  AUC 0.924
EXP-A1,6,M3,SVM (RBF kernel),0.9,1.0,0.0,25,0.924078273935299,0.0235862736288842,M3 SVM (RBF kernel)  AUC 0.924
EXP-A1,6,M3,SVM (RBF kernel),0.91,1.0,0.0,25,0.924078273935299,0.0235862736288842,M3 SVM (RBF kernel)  AUC 0.924
EXP-A1,6,M3,SVM (RBF kernel),0.92,1.0,0.0,25,0.924078273935299,0.0235862736288842,M3 SVM (RBF kernel)  AUC 0.924
EXP-A1,6,M3,SVM (RBF kernel),0.93,1.0,0.0,25,0.924078273935299,0.0235862736288842,M3 SVM (RBF kernel)  AUC 0.924
EXP-A1,6,M3,SVM (RBF kernel),0.94,1.0,0.0,25,0.924078273935299,0.0235862736288842,M3 SVM (RBF kernel)  AUC 0.924
EXP-A1,6,M3,SVM (RBF kernel),0.95,1.0,0.0,25,0.924078273935299,0.0235862736288842,M3 SVM (RBF kernel)  AUC 0.924
EXP-A1,6,M3,SVM (RBF kernel),0.96,1.0,0.0,25,0.924078273935299,0.0235862736288842,M3 SVM (RBF kernel)  AUC 0.924
EXP-A1,6,M3,SVM (RBF kernel),0.97,1.0,0.0,25,0.924078273935299,0.0235862736288842,M3 SVM (RBF kernel)  AUC 0.924
EXP-A1,6,M3,SVM (RBF kernel),0.98,1.0,0.0,25,0.924078273935299,0.0235862736288842,M3 SVM (RBF kernel)  AUC 0.924
EXP-A1,6,M3,SVM (RBF kernel),0.99,1.0,0.0,25,0.924078273935299,0.0235862736288842,M3 SVM (RBF kernel)  AUC 0.924
EXP-A1,6,M3,SVM (RBF kernel),1.0,1.0,0.0,25,0.924078273935299,0.0235862736288842,M3 SVM (RBF kernel)  AUC 0.924
EXP-A2,1,M1,Logistic Regression,0.0,0.05448,0.05243,25,0.9212095305753734,0.0209081411734654,M1 Logistic Regression  AUC 0.921
EXP-A2,1,M1,Logistic Regression,0.01,0.239878,0.095503,25,0.9212095305753734,0.0209081411734654,M1 Logistic Regression  AUC 0.921
EXP-A2,1,M1,Logistic Regression,0.02,0.340031,0.094291,25,0.9212095305753734,0.0209081411734654,M1 Logistic Regression  AUC 0.921
EXP-A2,1,M1,Logistic Regression,0.03,0.426795,0.084874,25,0.9212095305753734,0.0209081411734654,M1 Logistic Regression  AUC 0.921
EXP-A2,1,M1,Logistic Regression,0.04,0.485518,0.090031,25,0.9212095305753734,0.0209081411734654,M1 Logistic Regression  AUC 0.921
EXP-A2,1,M1,Logistic Regression,0.05,0.54173,0.087217,25,0.9212095305753734,0.0209081411734654,M1 Logistic Regression  AUC 0.921
EXP-A2,1,M1,Logistic Regression,0.06,0.595179,0.089023,25,0.9212095305753734,0.0209081411734654,M1 Logistic Regression  AUC 0.921
EXP-A2,1,M1,Logistic Regression,0.07,0.638803,0.091002,25,0.9212095305753734,0.0209081411734654,M1 Logistic Regression  AUC 0.921
EXP-A2,1,M1,Logistic Regression,0.08,0.667407,0.091314,25,0.9212095305753734,0.0209081411734654,M1 Logistic Regression  AUC 0.921
EXP-A2,1,M1,Logistic Regression,0.09,0.699539,0.095661,25,0.9212095305753734,0.0209081411734654,M1 Logistic Regression  AUC 0.921
EXP-A2,1,M1,Logistic Regression,0.1,0.724139,0.093637,25,0.9212095305753734,0.0209081411734654,M1 Logistic Regression  AUC 0.921
EXP-A2,1,M1,Logistic Regression,0.11,0.744053,0.096328,25,0.9212095305753734,0.0209081411734654,M1 Logistic Regression  AUC 0.921
EXP-A2,1,M1,Logistic Regression,0.12,0.76841,0.088301,25,0.9212095305753734,0.0209081411734654,M1 Logistic Regression  AUC 0.921
EXP-A2,1,M1,Logistic Regression,0.13,0.784001,0.088039,25,0.9212095305753734,0.0209081411734654,M1 Logistic Regression  AUC 0.921
EXP-A2,1,M1,Logistic Regression,0.14,0.802056,0.088972,25,0.9212095305753734,0.0209081411734654,M1 Logistic Regression  AUC 0.921
EXP-A2,1,M1,Logistic Regression,0.15,0.818894,0.085027,25,0.9212095305753734,0.0209081411734654,M1 Logistic Regression  AUC 0.921
EXP-A2,1,M1,Logistic Regression,0.16,0.840836,0.079262,25,0.9212095305753734,0.0209081411734654,M1 Logistic Regression  AUC 0.921
EXP-A2,1,M1,Logistic Regression,0.17,0.856771,0.073467,25,0.9212095305753734,0.0209081411734654,M1 Logistic Regression  AUC 0.921
EXP-A2,1,M1,Logistic Regression,0.18,0.870604,0.067197,25,0.9212095305753734,0.0209081411734654,M1 Logistic Regression  AUC 0.921
EXP-A2,1,M1,Logistic Regression,0.19,0.882,0.064116,25,0.9212095305753734,0.0209081411734654,M1 Logistic Regression  AUC 0.921
EXP-A2,1,M1,Logistic Regression,0.2,0.88891,0.06371,25,0.9212095305753734,0.0209081411734654,M1 Logistic Regression  AUC 0.921
EXP-A2,1,M1,Logistic Regression,0.21,0.902501,0.059395,25,0.9212095305753734,0.0209081411734654,M1 Logistic Regression  AUC 0.921
EXP-A2,1,M1,Logistic Regression,0.22,0.91034,0.054718,25,0.9212095305753734,0.0209081411734654,M1 Logistic Regression  AUC 0.921
EXP-A2,1,M1,Logistic Regression,0.23,0.918716,0.054282,25,0.9212095305753734,0.0209081411734654,M1 Logistic Regression  AUC 0.921
EXP-A2,1,M1,Logistic Regression,0.24,0.92658,0.05084,25,0.9212095305753734,0.0209081411734654,M1 Logistic Regression  AUC 0.921
EXP-A2,1,M1,Logistic Regression,0.25,0.9338,0.045783,25,0.9212095305753734,0.0209081411734654,M1 Logistic Regression  AUC 0.921
EXP-A2,1,M1,Logistic Regression,0.26,0.944027,0.039981,25,0.9212095305753734,0.0209081411734654,M1 Logistic Regression  AUC 0.921
EXP-A2,1,M1,Logistic Regression,0.27,0.951813,0.037816,25,0.9212095305753734,0.0209081411734654,M1 Logistic Regression  AUC 0.921
EXP-A2,1,M1,Logistic Regression,0.28,0.956638,0.036024,25,0.9212095305753734,0.0209081411734654,M1 Logistic Regression  AUC 0.921
EXP-A2,1,M1,Logistic Regression,0.29,0.959945,0.033124,25,0.9212095305753734,0.0209081411734654,M1 Logistic Regression  AUC 0.921
EXP-A2,1,M1,Logistic Regression,0.3,0.962951,0.032791,25,0.9212095305753734,0.0209081411734654,M1 Logistic Regression  AUC 0.921
EXP-A2,1,M1,Logistic Regression,0.31,0.967772,0.028979,25,0.9212095305753734,0.0209081411734654,M1 Logistic Regression  AUC 0.921
EXP-A2,1,M1,Logistic Regression,0.32,0.97411,0.02371,25,0.9212095305753734,0.0209081411734654,M1 Logistic Regression  AUC 0.921
EXP-A2,1,M1,Logistic Regression,0.33,0.97893,0.018268,25,0.9212095305753734,0.0209081411734654,M1 Logistic Regression  AUC 0.921
EXP-A2,1,M1,Logistic Regression,0.34,0.981647,0.014828,25,0.9212095305753734,0.0209081411734654,M1 Logistic Regression  AUC 0.921
EXP-A2,1,M1,Logistic Regression,0.35,0.983743,0.014278,25,0.9212095305753734,0.0209081411734654,M1 Logistic Regression  AUC 0.921
EXP-A2,1,M1,Logistic Regression,0.36,0.985851,0.013895,25,0.9212095305753734,0.0209081411734654,M1 Logistic Regression  AUC 0.921
EXP-A2,1,M1,Logistic Regression,0.37,0.986458,0.014008,25,0.9212095305753734,0.0209081411734654,M1 Logistic Regression  AUC 0.921
EXP-A2,1,M1,Logistic Regression,0.38,0.987665,0.013091,25,0.9212095305753734,0.0209081411734654,M1 Logistic Regression  AUC 0.921
EXP-A2,1,M1,Logistic Regression,0.39,0.988274,0.012751,25,0.9212095305753734,0.0209081411734654,M1 Logistic Regression  AUC 0.921
EXP-A2,1,M1,Logistic Regression,0.4,0.989482,0.01153,25,0.9212095305753734,0.0209081411734654,M1 Logistic Regression  AUC 0.921
EXP-A2,1,M1,Logistic Regression,0.41,0.990961,0.011754,25,0.9212095305753734,0.0209081411734654,M1 Logistic Regression  AUC 0.921
EXP-A2,1,M1,Logistic Regression,0.42,0.991855,0.011151,25,0.9212095305753734,0.0209081411734654,M1 Logistic Regression  AUC 0.921
EXP-A2,1,M1,Logistic Regression,0.43,0.992766,0.010129,25,0.9212095305753734,0.0209081411734654,M1 Logistic Regression  AUC 0.921
EXP-A2,1,M1,Logistic Regression,0.44,0.993058,0.009788,25,0.9212095305753734,0.0209081411734654,M1 Logistic Regression  AUC 0.921
EXP-A2,1,M1,Logistic Regression,0.45,0.993058,0.009788,25,0.9212095305753734,0.0209081411734654,M1 Logistic Regression  AUC 0.921
EXP-A2,1,M1,Logistic Regression,0.46,0.993363,0.008568,25,0.9212095305753734,0.0209081411734654,M1 Logistic Regression  AUC 0.921
EXP-A2,1,M1,Logistic Regression,0.47,0.993669,0.008667,25,0.9212095305753734,0.0209081411734654,M1 Logistic Regression  AUC 0.921
EXP-A2,1,M1,Logistic Regression,0.48,0.993669,0.008667,25,0.9212095305753734,0.0209081411734654,M1 Logistic Regression  AUC 0.921
EXP-A2,1,M1,Logistic Regression,0.49,0.993669,0.008667,25,0.9212095305753734,0.0209081411734654,M1 Logistic Regression  AUC 0.921
EXP-A2,1,M1,Logistic Regression,0.5,0.994569,0.008894,25,0.9212095305753734,0.0209081411734654,M1 Logistic Regression  AUC 0.921
EXP-A2,1,M1,Logistic Regression,0.51,0.994863,0.008694,25,0.9212095305753734,0.0209081411734654,M1 Logistic Regression  AUC 0.921
EXP-A2,1,M1,Logistic Regression,0.52,0.994863,0.008694,25,0.9212095305753734,0.0209081411734654,M1 Logistic Regression  AUC 0.921
EXP-A2,1,M1,Logistic Regression,0.53,0.995166,0.008459,25,0.9212095305753734,0.0209081411734654,M1 Logistic Regression  AUC 0.921
EXP-A2,1,M1,Logistic Regression,0.54,0.995166,0.008459,25,0.9212095305753734,0.0209081411734654,M1 Logistic Regression  AUC 0.921
EXP-A2,1,M1,Logistic Regression,0.55,0.995166,0.008459,25,0.9212095305753734,0.0209081411734654,M1 Logistic Regression  AUC 0.921
EXP-A2,1,M1,Logistic Regression,0.56,0.995166,0.008459,25,0.9212095305753734,0.0209081411734654,M1 Logistic Regression  AUC 0.921
EXP-A2,1,M1,Logistic Regression,0.57,0.995471,0.008492,25,0.9212095305753734,0.0209081411734654,M1 Logistic Regression  AUC 0.921
EXP-A2,1,M1,Logistic Regression,0.58,0.996057,0.008269,25,0.9212095305753734,0.0209081411734654,M1 Logistic Regression  AUC 0.921
EXP-A2,1,M1,Logistic Regression,0.59,0.996057,0.008269,25,0.9212095305753734,0.0209081411734654,M1 Logistic Regression  AUC 0.921
EXP-A2,1,M1,Logistic Regression,0.6,0.996057,0.008269,25,0.9212095305753734,0.0209081411734654,M1 Logistic Regression  AUC 0.921
EXP-A2,1,M1,Logistic Regression,0.61,0.996057,0.008269,25,0.9212095305753734,0.0209081411734654,M1 Logistic Regression  AUC 0.921
EXP-A2,1,M1,Logistic Regression,0.62,0.996057,0.008269,25,0.9212095305753734,0.0209081411734654,M1 Logistic Regression  AUC 0.921
EXP-A2,1,M1,Logistic Regression,0.63,0.996057,0.008269,25,0.9212095305753734,0.0209081411734654,M1 Logistic Regression  AUC 0.921
EXP-A2,1,M1,Logistic Regression,0.64,0.996057,0.008269,25,0.9212095305753734,0.0209081411734654,M1 Logistic Regression  AUC 0.921
EXP-A2,1,M1,Logistic Regression,0.65,0.996057,0.008269,25,0.9212095305753734,0.0209081411734654,M1 Logistic Regression  AUC 0.921
EXP-A2,1,M1,Logistic Regression,0.66,0.996057,0.008269,25,0.9212095305753734,0.0209081411734654,M1 Logistic Regression  AUC 0.921
EXP-A2,1,M1,Logistic Regression,0.67,0.996057,0.008269,25,0.9212095305753734,0.0209081411734654,M1 Logistic Regression  AUC 0.921
EXP-A2,1,M1,Logistic Regression,0.68,0.996057,0.008269,25,0.9212095305753734,0.0209081411734654,M1 Logistic Regression  AUC 0.921
EXP-A2,1,M1,Logistic Regression,0.69,0.996057,0.008269,25,0.9212095305753734,0.0209081411734654,M1 Logistic Regression  AUC 0.921
EXP-A2,1,M1,Logistic Regression,0.7,0.996057,0.008269,25,0.9212095305753734,0.0209081411734654,M1 Logistic Regression  AUC 0.921
EXP-A2,1,M1,Logistic Regression,0.71,0.996057,0.008269,25,0.9212095305753734,0.0209081411734654,M1 Logistic Regression  AUC 0.921
EXP-A2,1,M1,Logistic Regression,0.72,0.996363,0.006995,25,0.9212095305753734,0.0209081411734654,M1 Logistic Regression  AUC 0.921
EXP-A2,1,M1,Logistic Regression,0.73,0.996363,0.006995,25,0.9212095305753734,0.0209081411734654,M1 Logistic Regression  AUC 0.921
EXP-A2,1,M1,Logistic Regression,0.74,0.996363,0.006995,25,0.9212095305753734,0.0209081411734654,M1 Logistic Regression  AUC 0.921
EXP-A2,1,M1,Logistic Regression,0.75,0.996363,0.006995,25,0.9212095305753734,0.0209081411734654,M1 Logistic Regression  AUC 0.921
EXP-A2,1,M1,Logistic Regression,0.76,0.996363,0.006995,25,0.9212095305753734,0.0209081411734654,M1 Logistic Regression  AUC 0.921
EXP-A2,1,M1,Logistic Regression,0.77,0.996668,0.005844,25,0.9212095305753734,0.0209081411734654,M1 Logistic Regression  AUC 0.921
EXP-A2,1,M1,Logistic Regression,0.78,0.996668,0.005844,25,0.9212095305753734,0.0209081411734654,M1 Logistic Regression  AUC 0.921
EXP-A2,1,M1,Logistic Regression,0.79,0.996668,0.005844,25,0.9212095305753734,0.0209081411734654,M1 Logistic Regression  AUC 0.921
EXP-A2,1,M1,Logistic Regression,0.8,0.996668,0.005844,25,0.9212095305753734,0.0209081411734654,M1 Logistic Regression  AUC 0.921
EXP-A2,1,M1,Logistic Regression,0.81,0.996668,0.005844,25,0.9212095305753734,0.0209081411734654,M1 Logistic Regression  AUC 0.921
EXP-A2,1,M1,Logistic Regression,0.82,0.996668,0.005844,25,0.9212095305753734,0.0209081411734654,M1 Logistic Regression  AUC 0.921
EXP-A2,1,M1,Logistic Regression,0.83,0.996668,0.005844,25,0.9212095305753734,0.0209081411734654,M1 Logistic Regression  AUC 0.921
EXP-A2,1,M1,Logistic Regression,0.84,0.996668,0.005844,25,0.9212095305753734,0.0209081411734654,M1 Logistic Regression  AUC 0.921
EXP-A2,1,M1,Logistic Regression,0.85,0.996668,0.005844,25,0.9212095305753734,0.0209081411734654,M1 Logistic Regression  AUC 0.921
EXP-A2,1,M1,Logistic Regression,0.86,0.99696,0.005819,25,0.9212095305753734,0.0209081411734654,M1 Logistic Regression  AUC 0.921
EXP-A2,1,M1,Logistic Regression,0.87,0.99696,0.005819,25,0.9212095305753734,0.0209081411734654,M1 Logistic Regression  AUC 0.921
EXP-A2,1,M1,Logistic Regression,0.88,0.99696,0.005819,25,0.9212095305753734,0.0209081411734654,M1 Logistic Regression  AUC 0.921
EXP-A2,1,M1,Logistic Regression,0.89,0.997571,0.004773,25,0.9212095305753734,0.0209081411734654,M1 Logistic Regression  AUC 0.921
EXP-A2,1,M1,Logistic Regression,0.9,0.997571,0.004773,25,0.9212095305753734,0.0209081411734654,M1 Logistic Regression  AUC 0.921
EXP-A2,1,M1,Logistic Regression,0.91,0.997571,0.004773,25,0.9212095305753734,0.0209081411734654,M1 Logistic Regression  AUC 0.921
EXP-A2,1,M1,Logistic Regression,0.92,0.997571,0.004773,25,0.9212095305753734,0.0209081411734654,M1 Logistic Regression  AUC 0.921
EXP-A2,1,M1,Logistic Regression,0.93,0.997876,0.004116,25,0.9212095305753734,0.0209081411734654,M1 Logistic Regression  AUC 0.921
EXP-A2,1,M1,Logistic Regression,0.94,0.998179,0.003974,25,0.9212095305753734,0.0209081411734654,M1 Logistic Regression  AUC 0.921
EXP-A2,1,M1,Logistic Regression,0.95,0.998179,0.003974,25,0.9212095305753734,0.0209081411734654,M1 Logistic Regression  AUC 0.921
EXP-A2,1,M1,Logistic Regression,0.96,0.998485,0.003798,25,0.9212095305753734,0.0209081411734654,M1 Logistic Regression  AUC 0.921
EXP-A2,1,M1,Logistic Regression,0.97,0.99879,0.00283,25,0.9212095305753734,0.0209081411734654,M1 Logistic Regression  AUC 0.921
EXP-A2,1,M1,Logistic Regression,0.98,0.999706,0.001471,25,0.9212095305753734,0.0209081411734654,M1 Logistic Regression  AUC 0.921
EXP-A2,1,M1,Logistic Regression,0.99,1.0,0.0,25,0.9212095305753734,0.0209081411734654,M1 Logistic Regression  AUC 0.921
EXP-A2,1,M1,Logistic Regression,1.0,1.0,0.0,25,0.9212095305753734,0.0209081411734654,M1 Logistic Regression  AUC 0.921
EXP-A2,2,M6,Soft Voting (equal weights),0.0,0.07591,0.094648,25,0.938400689122729,0.0221658815991365,M6 Soft Voting (equal weights)  AUC 0.938
EXP-A2,2,M6,Soft Voting (equal weights),0.01,0.269043,0.164143,25,0.938400689122729,0.0221658815991365,M6 Soft Voting (equal weights)  AUC 0.938
EXP-A2,2,M6,Soft Voting (equal weights),0.02,0.433254,0.199518,25,0.938400689122729,0.0221658815991365,M6 Soft Voting (equal weights)  AUC 0.938
EXP-A2,2,M6,Soft Voting (equal weights),0.03,0.533284,0.181037,25,0.938400689122729,0.0221658815991365,M6 Soft Voting (equal weights)  AUC 0.938
EXP-A2,2,M6,Soft Voting (equal weights),0.04,0.618091,0.170936,25,0.938400689122729,0.0221658815991365,M6 Soft Voting (equal weights)  AUC 0.938
EXP-A2,2,M6,Soft Voting (equal weights),0.05,0.674135,0.151658,25,0.938400689122729,0.0221658815991365,M6 Soft Voting (equal weights)  AUC 0.938
EXP-A2,2,M6,Soft Voting (equal weights),0.06,0.707283,0.135302,25,0.938400689122729,0.0221658815991365,M6 Soft Voting (equal weights)  AUC 0.938
EXP-A2,2,M6,Soft Voting (equal weights),0.07,0.735343,0.124124,25,0.938400689122729,0.0221658815991365,M6 Soft Voting (equal weights)  AUC 0.938
EXP-A2,2,M6,Soft Voting (equal weights),0.08,0.761336,0.110869,25,0.938400689122729,0.0221658815991365,M6 Soft Voting (equal weights)  AUC 0.938
EXP-A2,2,M6,Soft Voting (equal weights),0.09,0.787593,0.09409,25,0.938400689122729,0.0221658815991365,M6 Soft Voting (equal weights)  AUC 0.938
EXP-A2,2,M6,Soft Voting (equal weights),0.1,0.803898,0.083177,25,0.938400689122729,0.0221658815991365,M6 Soft Voting (equal weights)  AUC 0.938
EXP-A2,2,M6,Soft Voting (equal weights),0.11,0.817089,0.077135,25,0.938400689122729,0.0221658815991365,M6 Soft Voting (equal weights)  AUC 0.938
EXP-A2,2,M6,Soft Voting (equal weights),0.12,0.829434,0.072071,25,0.938400689122729,0.0221658815991365,M6 Soft Voting (equal weights)  AUC 0.938
EXP-A2,2,M6,Soft Voting (equal weights),0.13,0.842408,0.063563,25,0.938400689122729,0.0221658815991365,M6 Soft Voting (equal weights)  AUC 0.938
EXP-A2,2,M6,Soft Voting (equal weights),0.14,0.854441,0.060928,25,0.938400689122729,0.0221658815991365,M6 Soft Voting (equal weights)  AUC 0.938
EXP-A2,2,M6,Soft Voting (equal weights),0.15,0.862822,0.058672,25,0.938400689122729,0.0221658815991365,M6 Soft Voting (equal weights)  AUC 0.938
EXP-A2,2,M6,Soft Voting (equal weights),0.16,0.87276,0.054483,25,0.938400689122729,0.0221658815991365,M6 Soft Voting (equal weights)  AUC 0.938
EXP-A2,2,M6,Soft Voting (equal weights),0.17,0.883528,0.055202,25,0.938400689122729,0.0221658815991365,M6 Soft Voting (equal weights)  AUC 0.938
EXP-A2,2,M6,Soft Voting (equal weights),0.18,0.893145,0.051486,25,0.938400689122729,0.0221658815991365,M6 Soft Voting (equal weights)  AUC 0.938
EXP-A2,2,M6,Soft Voting (equal weights),0.19,0.899788,0.049523,25,0.938400689122729,0.0221658815991365,M6 Soft Voting (equal weights)  AUC 0.938
EXP-A2,2,M6,Soft Voting (equal weights),0.2,0.90732,0.048967,25,0.938400689122729,0.0221658815991365,M6 Soft Voting (equal weights)  AUC 0.938
EXP-A2,2,M6,Soft Voting (equal weights),0.21,0.915143,0.045925,25,0.938400689122729,0.0221658815991365,M6 Soft Voting (equal weights)  AUC 0.938
EXP-A2,2,M6,Soft Voting (equal weights),0.22,0.923255,0.044283,25,0.938400689122729,0.0221658815991365,M6 Soft Voting (equal weights)  AUC 0.938
EXP-A2,2,M6,Soft Voting (equal weights),0.23,0.926873,0.041371,25,0.938400689122729,0.0221658815991365,M6 Soft Voting (equal weights)  AUC 0.938
EXP-A2,2,M6,Soft Voting (equal weights),0.24,0.935905,0.038943,25,0.938400689122729,0.0221658815991365,M6 Soft Voting (equal weights)  AUC 0.938
EXP-A2,2,M6,Soft Voting (equal weights),0.25,0.94011,0.040526,25,0.938400689122729,0.0221658815991365,M6 Soft Voting (equal weights)  AUC 0.938
EXP-A2,2,M6,Soft Voting (equal weights),0.26,0.948275,0.037028,25,0.938400689122729,0.0221658815991365,M6 Soft Voting (equal weights)  AUC 0.938
EXP-A2,2,M6,Soft Voting (equal weights),0.27,0.953052,0.034239,25,0.938400689122729,0.0221658815991365,M6 Soft Voting (equal weights)  AUC 0.938
EXP-A2,2,M6,Soft Voting (equal weights),0.28,0.958184,0.033483,25,0.938400689122729,0.0221658815991365,M6 Soft Voting (equal weights)  AUC 0.938
EXP-A2,2,M6,Soft Voting (equal weights),0.29,0.963312,0.02995,25,0.938400689122729,0.0221658815991365,M6 Soft Voting (equal weights)  AUC 0.938
EXP-A2,2,M6,Soft Voting (equal weights),0.3,0.967849,0.028505,25,0.938400689122729,0.0221658815991365,M6 Soft Voting (equal weights)  AUC 0.938
EXP-A2,2,M6,Soft Voting (equal weights),0.31,0.975343,0.025736,25,0.938400689122729,0.0221658815991365,M6 Soft Voting (equal weights)  AUC 0.938
EXP-A2,2,M6,Soft Voting (equal weights),0.32,0.981063,0.023452,25,0.938400689122729,0.0221658815991365,M6 Soft Voting (equal weights)  AUC 0.938
EXP-A2,2,M6,Soft Voting (equal weights),0.33,0.983757,0.022456,25,0.938400689122729,0.0221658815991365,M6 Soft Voting (equal weights)  AUC 0.938
EXP-A2,2,M6,Soft Voting (equal weights),0.34,0.985858,0.02143,25,0.938400689122729,0.0221658815991365,M6 Soft Voting (equal weights)  AUC 0.938
EXP-A2,2,M6,Soft Voting (equal weights),0.35,0.987062,0.021462,25,0.938400689122729,0.0221658815991365,M6 Soft Voting (equal weights)  AUC 0.938
EXP-A2,2,M6,Soft Voting (equal weights),0.36,0.989448,0.019364,25,0.938400689122729,0.0221658815991365,M6 Soft Voting (equal weights)  AUC 0.938
EXP-A2,2,M6,Soft Voting (equal weights),0.37,0.99095,0.017284,25,0.938400689122729,0.0221658815991365,M6 Soft Voting (equal weights)  AUC 0.938
EXP-A2,2,M6,Soft Voting (equal weights),0.38,0.992151,0.016492,25,0.938400689122729,0.0221658815991365,M6 Soft Voting (equal weights)  AUC 0.938
EXP-A2,2,M6,Soft Voting (equal weights),0.39,0.994877,0.011072,25,0.938400689122729,0.0221658815991365,M6 Soft Voting (equal weights)  AUC 0.938
EXP-A2,2,M6,Soft Voting (equal weights),0.4,0.997584,0.005681,25,0.938400689122729,0.0221658815991365,M6 Soft Voting (equal weights)  AUC 0.938
EXP-A2,2,M6,Soft Voting (equal weights),0.41,0.998195,0.004515,25,0.938400689122729,0.0221658815991365,M6 Soft Voting (equal weights)  AUC 0.938
EXP-A2,2,M6,Soft Voting (equal weights),0.42,0.998803,0.002799,25,0.938400689122729,0.0221658815991365,M6 Soft Voting (equal weights)  AUC 0.938
EXP-A2,2,M6,Soft Voting (equal weights),0.43,0.999401,0.002074,25,0.938400689122729,0.0221658815991365,M6 Soft Voting (equal weights)  AUC 0.938
EXP-A2,2,M6,Soft Voting (equal weights),0.44,0.999704,0.001481,25,0.938400689122729,0.0221658815991365,M6 Soft Voting (equal weights)  AUC 0.938
EXP-A2,2,M6,Soft Voting (equal weights),0.45,0.999704,0.001481,25,0.938400689122729,0.0221658815991365,M6 Soft Voting (equal weights)  AUC 0.938
EXP-A2,2,M6,Soft Voting (equal weights),0.46,0.999704,0.001481,25,0.938400689122729,0.0221658815991365,M6 Soft Voting (equal weights)  AUC 0.938
EXP-A2,2,M6,Soft Voting (equal weights),0.47,0.999704,0.001481,25,0.938400689122729,0.0221658815991365,M6 Soft Voting (equal weights)  AUC 0.938
EXP-A2,2,M6,Soft Voting (equal weights),0.48,0.999704,0.001481,25,0.938400689122729,0.0221658815991365,M6 Soft Voting (equal weights)  AUC 0.938
EXP-A2,2,M6,Soft Voting (equal weights),0.49,0.999704,0.001481,25,0.938400689122729,0.0221658815991365,M6 Soft Voting (equal weights)  AUC 0.938
EXP-A2,2,M6,Soft Voting (equal weights),0.5,0.999704,0.001481,25,0.938400689122729,0.0221658815991365,M6 Soft Voting (equal weights)  AUC 0.938
EXP-A2,2,M6,Soft Voting (equal weights),0.51,0.999704,0.001481,25,0.938400689122729,0.0221658815991365,M6 Soft Voting (equal weights)  AUC 0.938
EXP-A2,2,M6,Soft Voting (equal weights),0.52,0.999704,0.001481,25,0.938400689122729,0.0221658815991365,M6 Soft Voting (equal weights)  AUC 0.938
EXP-A2,2,M6,Soft Voting (equal weights),0.53,0.999704,0.001481,25,0.938400689122729,0.0221658815991365,M6 Soft Voting (equal weights)  AUC 0.938
EXP-A2,2,M6,Soft Voting (equal weights),0.54,0.999704,0.001481,25,0.938400689122729,0.0221658815991365,M6 Soft Voting (equal weights)  AUC 0.938
EXP-A2,2,M6,Soft Voting (equal weights),0.55,1.0,0.0,25,0.938400689122729,0.0221658815991365,M6 Soft Voting (equal weights)  AUC 0.938
EXP-A2,2,M6,Soft Voting (equal weights),0.56,1.0,0.0,25,0.938400689122729,0.0221658815991365,M6 Soft Voting (equal weights)  AUC 0.938
EXP-A2,2,M6,Soft Voting (equal weights),0.57,1.0,0.0,25,0.938400689122729,0.0221658815991365,M6 Soft Voting (equal weights)  AUC 0.938
EXP-A2,2,M6,Soft Voting (equal weights),0.58,1.0,0.0,25,0.938400689122729,0.0221658815991365,M6 Soft Voting (equal weights)  AUC 0.938
EXP-A2,2,M6,Soft Voting (equal weights),0.59,1.0,0.0,25,0.938400689122729,0.0221658815991365,M6 Soft Voting (equal weights)  AUC 0.938
EXP-A2,2,M6,Soft Voting (equal weights),0.6,1.0,0.0,25,0.938400689122729,0.0221658815991365,M6 Soft Voting (equal weights)  AUC 0.938
EXP-A2,2,M6,Soft Voting (equal weights),0.61,1.0,0.0,25,0.938400689122729,0.0221658815991365,M6 Soft Voting (equal weights)  AUC 0.938
EXP-A2,2,M6,Soft Voting (equal weights),0.62,1.0,0.0,25,0.938400689122729,0.0221658815991365,M6 Soft Voting (equal weights)  AUC 0.938
EXP-A2,2,M6,Soft Voting (equal weights),0.63,1.0,0.0,25,0.938400689122729,0.0221658815991365,M6 Soft Voting (equal weights)  AUC 0.938
EXP-A2,2,M6,Soft Voting (equal weights),0.64,1.0,0.0,25,0.938400689122729,0.0221658815991365,M6 Soft Voting (equal weights)  AUC 0.938
EXP-A2,2,M6,Soft Voting (equal weights),0.65,1.0,0.0,25,0.938400689122729,0.0221658815991365,M6 Soft Voting (equal weights)  AUC 0.938
EXP-A2,2,M6,Soft Voting (equal weights),0.66,1.0,0.0,25,0.938400689122729,0.0221658815991365,M6 Soft Voting (equal weights)  AUC 0.938
EXP-A2,2,M6,Soft Voting (equal weights),0.67,1.0,0.0,25,0.938400689122729,0.0221658815991365,M6 Soft Voting (equal weights)  AUC 0.938
EXP-A2,2,M6,Soft Voting (equal weights),0.68,1.0,0.0,25,0.938400689122729,0.0221658815991365,M6 Soft Voting (equal weights)  AUC 0.938
EXP-A2,2,M6,Soft Voting (equal weights),0.69,1.0,0.0,25,0.938400689122729,0.0221658815991365,M6 Soft Voting (equal weights)  AUC 0.938
EXP-A2,2,M6,Soft Voting (equal weights),0.7,1.0,0.0,25,0.938400689122729,0.0221658815991365,M6 Soft Voting (equal weights)  AUC 0.938
EXP-A2,2,M6,Soft Voting (equal weights),0.71,1.0,0.0,25,0.938400689122729,0.0221658815991365,M6 Soft Voting (equal weights)  AUC 0.938
EXP-A2,2,M6,Soft Voting (equal weights),0.72,1.0,0.0,25,0.938400689122729,0.0221658815991365,M6 Soft Voting (equal weights)  AUC 0.938
EXP-A2,2,M6,Soft Voting (equal weights),0.73,1.0,0.0,25,0.938400689122729,0.0221658815991365,M6 Soft Voting (equal weights)  AUC 0.938
EXP-A2,2,M6,Soft Voting (equal weights),0.74,1.0,0.0,25,0.938400689122729,0.0221658815991365,M6 Soft Voting (equal weights)  AUC 0.938
EXP-A2,2,M6,Soft Voting (equal weights),0.75,1.0,0.0,25,0.938400689122729,0.0221658815991365,M6 Soft Voting (equal weights)  AUC 0.938
EXP-A2,2,M6,Soft Voting (equal weights),0.76,1.0,0.0,25,0.938400689122729,0.0221658815991365,M6 Soft Voting (equal weights)  AUC 0.938
EXP-A2,2,M6,Soft Voting (equal weights),0.77,1.0,0.0,25,0.938400689122729,0.0221658815991365,M6 Soft Voting (equal weights)  AUC 0.938
EXP-A2,2,M6,Soft Voting (equal weights),0.78,1.0,0.0,25,0.938400689122729,0.0221658815991365,M6 Soft Voting (equal weights)  AUC 0.938
EXP-A2,2,M6,Soft Voting (equal weights),0.79,1.0,0.0,25,0.938400689122729,0.0221658815991365,M6 Soft Voting (equal weights)  AUC 0.938
EXP-A2,2,M6,Soft Voting (equal weights),0.8,1.0,0.0,25,0.938400689122729,0.0221658815991365,M6 Soft Voting (equal weights)  AUC 0.938
EXP-A2,2,M6,Soft Voting (equal weights),0.81,1.0,0.0,25,0.938400689122729,0.0221658815991365,M6 Soft Voting (equal weights)  AUC 0.938
EXP-A2,2,M6,Soft Voting (equal weights),0.82,1.0,0.0,25,0.938400689122729,0.0221658815991365,M6 Soft Voting (equal weights)  AUC 0.938
EXP-A2,2,M6,Soft Voting (equal weights),0.83,1.0,0.0,25,0.938400689122729,0.0221658815991365,M6 Soft Voting (equal weights)  AUC 0.938
EXP-A2,2,M6,Soft Voting (equal weights),0.84,1.0,0.0,25,0.938400689122729,0.0221658815991365,M6 Soft Voting (equal weights)  AUC 0.938
EXP-A2,2,M6,Soft Voting (equal weights),0.85,1.0,0.0,25,0.938400689122729,0.0221658815991365,M6 Soft Voting (equal weights)  AUC 0.938
EXP-A2,2,M6,Soft Voting (equal weights),0.86,1.0,0.0,25,0.938400689122729,0.0221658815991365,M6 Soft Voting (equal weights)  AUC 0.938
EXP-A2,2,M6,Soft Voting (equal weights),0.87,1.0,0.0,25,0.938400689122729,0.0221658815991365,M6 Soft Voting (equal weights)  AUC 0.938
EXP-A2,2,M6,Soft Voting (equal weights),0.88,1.0,0.0,25,0.938400689122729,0.0221658815991365,M6 Soft Voting (equal weights)  AUC 0.938
EXP-A2,2,M6,Soft Voting (equal weights),0.89,1.0,0.0,25,0.938400689122729,0.0221658815991365,M6 Soft Voting (equal weights)  AUC 0.938
EXP-A2,2,M6,Soft Voting (equal weights),0.9,1.0,0.0,25,0.938400689122729,0.0221658815991365,M6 Soft Voting (equal weights)  AUC 0.938
EXP-A2,2,M6,Soft Voting (equal weights),0.91,1.0,0.0,25,0.938400689122729,0.0221658815991365,M6 Soft Voting (equal weights)  AUC 0.938
EXP-A2,2,M6,Soft Voting (equal weights),0.92,1.0,0.0,25,0.938400689122729,0.0221658815991365,M6 Soft Voting (equal weights)  AUC 0.938
EXP-A2,2,M6,Soft Voting (equal weights),0.93,1.0,0.0,25,0.938400689122729,0.0221658815991365,M6 Soft Voting (equal weights)  AUC 0.938
EXP-A2,2,M6,Soft Voting (equal weights),0.94,1.0,0.0,25,0.938400689122729,0.0221658815991365,M6 Soft Voting (equal weights)  AUC 0.938
EXP-A2,2,M6,Soft Voting (equal weights),0.95,1.0,0.0,25,0.938400689122729,0.0221658815991365,M6 Soft Voting (equal weights)  AUC 0.938
EXP-A2,2,M6,Soft Voting (equal weights),0.96,1.0,0.0,25,0.938400689122729,0.0221658815991365,M6 Soft Voting (equal weights)  AUC 0.938
EXP-A2,2,M6,Soft Voting (equal weights),0.97,1.0,0.0,25,0.938400689122729,0.0221658815991365,M6 Soft Voting (equal weights)  AUC 0.938
EXP-A2,2,M6,Soft Voting (equal weights),0.98,1.0,0.0,25,0.938400689122729,0.0221658815991365,M6 Soft Voting (equal weights)  AUC 0.938
EXP-A2,2,M6,Soft Voting (equal weights),0.99,1.0,0.0,25,0.938400689122729,0.0221658815991365,M6 Soft Voting (equal weights)  AUC 0.938
EXP-A2,2,M6,Soft Voting (equal weights),1.0,1.0,0.0,25,0.938400689122729,0.0221658815991365,M6 Soft Voting (equal weights)  AUC 0.938
EXP-A2,3,M7,Soft Voting (optimized weights),0.0,0.075616,0.094714,25,0.9383495147018668,0.0222325839504693,M7 Soft Voting (optimized weights)  AUC 0.938
EXP-A2,3,M7,Soft Voting (optimized weights),0.01,0.26965,0.163689,25,0.9383495147018668,0.0222325839504693,M7 Soft Voting (optimized weights)  AUC 0.938
EXP-A2,3,M7,Soft Voting (optimized weights),0.02,0.433557,0.199126,25,0.9383495147018668,0.0222325839504693,M7 Soft Voting (optimized weights)  AUC 0.938
EXP-A2,3,M7,Soft Voting (optimized weights),0.03,0.533873,0.18025,25,0.9383495147018668,0.0222325839504693,M7 Soft Voting (optimized weights)  AUC 0.938
EXP-A2,3,M7,Soft Voting (optimized weights),0.04,0.618073,0.170899,25,0.9383495147018668,0.0222325839504693,M7 Soft Voting (optimized weights)  AUC 0.938
EXP-A2,3,M7,Soft Voting (optimized weights),0.05,0.674732,0.150606,25,0.9383495147018668,0.0222325839504693,M7 Soft Voting (optimized weights)  AUC 0.938
EXP-A2,3,M7,Soft Voting (optimized weights),0.06,0.707283,0.135302,25,0.9383495147018668,0.0222325839504693,M7 Soft Voting (optimized weights)  AUC 0.938
EXP-A2,3,M7,Soft Voting (optimized weights),0.07,0.73414,0.126076,25,0.9383495147018668,0.0222325839504693,M7 Soft Voting (optimized weights)  AUC 0.938
EXP-A2,3,M7,Soft Voting (optimized weights),0.08,0.761042,0.111295,25,0.9383495147018668,0.0222325839504693,M7 Soft Voting (optimized weights)  AUC 0.938
EXP-A2,3,M7,Soft Voting (optimized weights),0.09,0.785792,0.097418,25,0.9383495147018668,0.0222325839504693,M7 Soft Voting (optimized weights)  AUC 0.938
EXP-A2,3,M7,Soft Voting (optimized weights),0.1,0.80331,0.084001,25,0.9383495147018668,0.0222325839504693,M7 Soft Voting (optimized weights)  AUC 0.938
EXP-A2,3,M7,Soft Voting (optimized weights),0.11,0.817695,0.076143,25,0.9383495147018668,0.0222325839504693,M7 Soft Voting (optimized weights)  AUC 0.938
EXP-A2,3,M7,Soft Voting (optimized weights),0.12,0.830031,0.071467,25,0.9383495147018668,0.0222325839504693,M7 Soft Voting (optimized weights)  AUC 0.938
EXP-A2,3,M7,Soft Voting (optimized weights),0.13,0.842408,0.063563,25,0.9383495147018668,0.0222325839504693,M7 Soft Voting (optimized weights)  AUC 0.938
EXP-A2,3,M7,Soft Voting (optimized weights),0.14,0.853844,0.061612,25,0.9383495147018668,0.0222325839504693,M7 Soft Voting (optimized weights)  AUC 0.938
EXP-A2,3,M7,Soft Voting (optimized weights),0.15,0.862822,0.058672,25,0.9383495147018668,0.0222325839504693,M7 Soft Voting (optimized weights)  AUC 0.938
EXP-A2,3,M7,Soft Voting (optimized weights),0.16,0.871557,0.055733,25,0.9383495147018668,0.0222325839504693,M7 Soft Voting (optimized weights)  AUC 0.938
EXP-A2,3,M7,Soft Voting (optimized weights),0.17,0.882645,0.055641,25,0.9383495147018668,0.0222325839504693,M7 Soft Voting (optimized weights)  AUC 0.938
EXP-A2,3,M7,Soft Voting (optimized weights),0.18,0.893145,0.051486,25,0.9383495147018668,0.0222325839504693,M7 Soft Voting (optimized weights)  AUC 0.938
EXP-A2,3,M7,Soft Voting (optimized weights),0.19,0.899485,0.049824,25,0.9383495147018668,0.0222325839504693,M7 Soft Voting (optimized weights)  AUC 0.938
EXP-A2,3,M7,Soft Voting (optimized weights),0.2,0.90732,0.048967,25,0.9383495147018668,0.0222325839504693,M7 Soft Voting (optimized weights)  AUC 0.938
EXP-A2,3,M7,Soft Voting (optimized weights),0.21,0.91484,0.046199,25,0.9383495147018668,0.0222325839504693,M7 Soft Voting (optimized weights)  AUC 0.938
EXP-A2,3,M7,Soft Voting (optimized weights),0.22,0.923264,0.044203,25,0.9383495147018668,0.0222325839504693,M7 Soft Voting (optimized weights)  AUC 0.938
EXP-A2,3,M7,Soft Voting (optimized weights),0.23,0.927176,0.041147,25,0.9383495147018668,0.0222325839504693,M7 Soft Voting (optimized weights)  AUC 0.938
EXP-A2,3,M7,Soft Voting (optimized weights),0.24,0.935914,0.038914,25,0.9383495147018668,0.0222325839504693,M7 Soft Voting (optimized weights)  AUC 0.938
EXP-A2,3,M7,Soft Voting (optimized weights),0.25,0.940119,0.0405,25,0.9383495147018668,0.0222325839504693,M7 Soft Voting (optimized weights)  AUC 0.938
EXP-A2,3,M7,Soft Voting (optimized weights),0.26,0.947677,0.037405,25,0.9383495147018668,0.0222325839504693,M7 Soft Voting (optimized weights)  AUC 0.938
EXP-A2,3,M7,Soft Voting (optimized weights),0.27,0.952749,0.034398,25,0.9383495147018668,0.0222325839504693,M7 Soft Voting (optimized weights)  AUC 0.938
EXP-A2,3,M7,Soft Voting (optimized weights),0.28,0.95789,0.033536,25,0.9383495147018668,0.0222325839504693,M7 Soft Voting (optimized weights)  AUC 0.938
EXP-A2,3,M7,Soft Voting (optimized weights),0.29,0.963017,0.030062,25,0.9383495147018668,0.0222325839504693,M7 Soft Voting (optimized weights)  AUC 0.938
EXP-A2,3,M7,Soft Voting (optimized weights),0.3,0.967849,0.028505,25,0.9383495147018668,0.0222325839504693,M7 Soft Voting (optimized weights)  AUC 0.938
EXP-A2,3,M7,Soft Voting (optimized weights),0.31,0.975343,0.025736,25,0.9383495147018668,0.0222325839504693,M7 Soft Voting (optimized weights)  AUC 0.938
EXP-A2,3,M7,Soft Voting (optimized weights),0.32,0.98076,0.023754,25,0.9383495147018668,0.0222325839504693,M7 Soft Voting (optimized weights)  AUC 0.938
EXP-A2,3,M7,Soft Voting (optimized weights),0.33,0.982857,0.022636,25,0.9383495147018668,0.0222325839504693,M7 Soft Voting (optimized weights)  AUC 0.938
EXP-A2,3,M7,Soft Voting (optimized weights),0.34,0.985261,0.021546,25,0.9383495147018668,0.0222325839504693,M7 Soft Voting (optimized weights)  AUC 0.938
EXP-A2,3,M7,Soft Voting (optimized weights),0.35,0.986768,0.021537,25,0.9383495147018668,0.0222325839504693,M7 Soft Voting (optimized weights)  AUC 0.938
EXP-A2,3,M7,Soft Voting (optimized weights),0.36,0.989145,0.019251,25,0.9383495147018668,0.0222325839504693,M7 Soft Voting (optimized weights)  AUC 0.938
EXP-A2,3,M7,Soft Voting (optimized weights),0.37,0.99095,0.017284,25,0.9383495147018668,0.0222325839504693,M7 Soft Voting (optimized weights)  AUC 0.938
EXP-A2,3,M7,Soft Voting (optimized weights),0.38,0.991857,0.016548,25,0.9383495147018668,0.0222325839504693,M7 Soft Voting (optimized weights)  AUC 0.938
EXP-A2,3,M7,Soft Voting (optimized weights),0.39,0.994583,0.011028,25,0.9383495147018668,0.0222325839504693,M7 Soft Voting (optimized weights)  AUC 0.938
EXP-A2,3,M7,Soft Voting (optimized weights),0.4,0.997584,0.005681,25,0.9383495147018668,0.0222325839504693,M7 Soft Voting (optimized weights)  AUC 0.938
EXP-A2,3,M7,Soft Voting (optimized weights),0.41,0.998195,0.004515,25,0.9383495147018668,0.0222325839504693,M7 Soft Voting (optimized weights)  AUC 0.938
EXP-A2,3,M7,Soft Voting (optimized weights),0.42,0.998803,0.002799,25,0.9383495147018668,0.0222325839504693,M7 Soft Voting (optimized weights)  AUC 0.938
EXP-A2,3,M7,Soft Voting (optimized weights),0.43,0.999401,0.002074,25,0.9383495147018668,0.0222325839504693,M7 Soft Voting (optimized weights)  AUC 0.938
EXP-A2,3,M7,Soft Voting (optimized weights),0.44,0.999704,0.001481,25,0.9383495147018668,0.0222325839504693,M7 Soft Voting (optimized weights)  AUC 0.938
EXP-A2,3,M7,Soft Voting (optimized weights),0.45,0.999704,0.001481,25,0.9383495147018668,0.0222325839504693,M7 Soft Voting (optimized weights)  AUC 0.938
EXP-A2,3,M7,Soft Voting (optimized weights),0.46,0.999704,0.001481,25,0.9383495147018668,0.0222325839504693,M7 Soft Voting (optimized weights)  AUC 0.938
EXP-A2,3,M7,Soft Voting (optimized weights),0.47,0.999704,0.001481,25,0.9383495147018668,0.0222325839504693,M7 Soft Voting (optimized weights)  AUC 0.938
EXP-A2,3,M7,Soft Voting (optimized weights),0.48,0.999704,0.001481,25,0.9383495147018668,0.0222325839504693,M7 Soft Voting (optimized weights)  AUC 0.938
EXP-A2,3,M7,Soft Voting (optimized weights),0.49,0.999704,0.001481,25,0.9383495147018668,0.0222325839504693,M7 Soft Voting (optimized weights)  AUC 0.938
EXP-A2,3,M7,Soft Voting (optimized weights),0.5,0.999704,0.001481,25,0.9383495147018668,0.0222325839504693,M7 Soft Voting (optimized weights)  AUC 0.938
EXP-A2,3,M7,Soft Voting (optimized weights),0.51,0.999704,0.001481,25,0.9383495147018668,0.0222325839504693,M7 Soft Voting (optimized weights)  AUC 0.938
EXP-A2,3,M7,Soft Voting (optimized weights),0.52,0.999704,0.001481,25,0.9383495147018668,0.0222325839504693,M7 Soft Voting (optimized weights)  AUC 0.938
EXP-A2,3,M7,Soft Voting (optimized weights),0.53,0.999704,0.001481,25,0.9383495147018668,0.0222325839504693,M7 Soft Voting (optimized weights)  AUC 0.938
EXP-A2,3,M7,Soft Voting (optimized weights),0.54,0.999704,0.001481,25,0.9383495147018668,0.0222325839504693,M7 Soft Voting (optimized weights)  AUC 0.938
EXP-A2,3,M7,Soft Voting (optimized weights),0.55,1.0,0.0,25,0.9383495147018668,0.0222325839504693,M7 Soft Voting (optimized weights)  AUC 0.938
EXP-A2,3,M7,Soft Voting (optimized weights),0.56,1.0,0.0,25,0.9383495147018668,0.0222325839504693,M7 Soft Voting (optimized weights)  AUC 0.938
EXP-A2,3,M7,Soft Voting (optimized weights),0.57,1.0,0.0,25,0.9383495147018668,0.0222325839504693,M7 Soft Voting (optimized weights)  AUC 0.938
EXP-A2,3,M7,Soft Voting (optimized weights),0.58,1.0,0.0,25,0.9383495147018668,0.0222325839504693,M7 Soft Voting (optimized weights)  AUC 0.938
EXP-A2,3,M7,Soft Voting (optimized weights),0.59,1.0,0.0,25,0.9383495147018668,0.0222325839504693,M7 Soft Voting (optimized weights)  AUC 0.938
EXP-A2,3,M7,Soft Voting (optimized weights),0.6,1.0,0.0,25,0.9383495147018668,0.0222325839504693,M7 Soft Voting (optimized weights)  AUC 0.938
EXP-A2,3,M7,Soft Voting (optimized weights),0.61,1.0,0.0,25,0.9383495147018668,0.0222325839504693,M7 Soft Voting (optimized weights)  AUC 0.938
EXP-A2,3,M7,Soft Voting (optimized weights),0.62,1.0,0.0,25,0.9383495147018668,0.0222325839504693,M7 Soft Voting (optimized weights)  AUC 0.938
EXP-A2,3,M7,Soft Voting (optimized weights),0.63,1.0,0.0,25,0.9383495147018668,0.0222325839504693,M7 Soft Voting (optimized weights)  AUC 0.938
EXP-A2,3,M7,Soft Voting (optimized weights),0.64,1.0,0.0,25,0.9383495147018668,0.0222325839504693,M7 Soft Voting (optimized weights)  AUC 0.938
EXP-A2,3,M7,Soft Voting (optimized weights),0.65,1.0,0.0,25,0.9383495147018668,0.0222325839504693,M7 Soft Voting (optimized weights)  AUC 0.938
EXP-A2,3,M7,Soft Voting (optimized weights),0.66,1.0,0.0,25,0.9383495147018668,0.0222325839504693,M7 Soft Voting (optimized weights)  AUC 0.938
EXP-A2,3,M7,Soft Voting (optimized weights),0.67,1.0,0.0,25,0.9383495147018668,0.0222325839504693,M7 Soft Voting (optimized weights)  AUC 0.938
EXP-A2,3,M7,Soft Voting (optimized weights),0.68,1.0,0.0,25,0.9383495147018668,0.0222325839504693,M7 Soft Voting (optimized weights)  AUC 0.938
EXP-A2,3,M7,Soft Voting (optimized weights),0.69,1.0,0.0,25,0.9383495147018668,0.0222325839504693,M7 Soft Voting (optimized weights)  AUC 0.938
EXP-A2,3,M7,Soft Voting (optimized weights),0.7,1.0,0.0,25,0.9383495147018668,0.0222325839504693,M7 Soft Voting (optimized weights)  AUC 0.938
EXP-A2,3,M7,Soft Voting (optimized weights),0.71,1.0,0.0,25,0.9383495147018668,0.0222325839504693,M7 Soft Voting (optimized weights)  AUC 0.938
EXP-A2,3,M7,Soft Voting (optimized weights),0.72,1.0,0.0,25,0.9383495147018668,0.0222325839504693,M7 Soft Voting (optimized weights)  AUC 0.938
EXP-A2,3,M7,Soft Voting (optimized weights),0.73,1.0,0.0,25,0.9383495147018668,0.0222325839504693,M7 Soft Voting (optimized weights)  AUC 0.938
EXP-A2,3,M7,Soft Voting (optimized weights),0.74,1.0,0.0,25,0.9383495147018668,0.0222325839504693,M7 Soft Voting (optimized weights)  AUC 0.938
EXP-A2,3,M7,Soft Voting (optimized weights),0.75,1.0,0.0,25,0.9383495147018668,0.0222325839504693,M7 Soft Voting (optimized weights)  AUC 0.938
EXP-A2,3,M7,Soft Voting (optimized weights),0.76,1.0,0.0,25,0.9383495147018668,0.0222325839504693,M7 Soft Voting (optimized weights)  AUC 0.938
EXP-A2,3,M7,Soft Voting (optimized weights),0.77,1.0,0.0,25,0.9383495147018668,0.0222325839504693,M7 Soft Voting (optimized weights)  AUC 0.938
EXP-A2,3,M7,Soft Voting (optimized weights),0.78,1.0,0.0,25,0.9383495147018668,0.0222325839504693,M7 Soft Voting (optimized weights)  AUC 0.938
EXP-A2,3,M7,Soft Voting (optimized weights),0.79,1.0,0.0,25,0.9383495147018668,0.0222325839504693,M7 Soft Voting (optimized weights)  AUC 0.938
EXP-A2,3,M7,Soft Voting (optimized weights),0.8,1.0,0.0,25,0.9383495147018668,0.0222325839504693,M7 Soft Voting (optimized weights)  AUC 0.938
EXP-A2,3,M7,Soft Voting (optimized weights),0.81,1.0,0.0,25,0.9383495147018668,0.0222325839504693,M7 Soft Voting (optimized weights)  AUC 0.938
EXP-A2,3,M7,Soft Voting (optimized weights),0.82,1.0,0.0,25,0.9383495147018668,0.0222325839504693,M7 Soft Voting (optimized weights)  AUC 0.938
EXP-A2,3,M7,Soft Voting (optimized weights),0.83,1.0,0.0,25,0.9383495147018668,0.0222325839504693,M7 Soft Voting (optimized weights)  AUC 0.938
EXP-A2,3,M7,Soft Voting (optimized weights),0.84,1.0,0.0,25,0.9383495147018668,0.0222325839504693,M7 Soft Voting (optimized weights)  AUC 0.938
EXP-A2,3,M7,Soft Voting (optimized weights),0.85,1.0,0.0,25,0.9383495147018668,0.0222325839504693,M7 Soft Voting (optimized weights)  AUC 0.938
EXP-A2,3,M7,Soft Voting (optimized weights),0.86,1.0,0.0,25,0.9383495147018668,0.0222325839504693,M7 Soft Voting (optimized weights)  AUC 0.938
EXP-A2,3,M7,Soft Voting (optimized weights),0.87,1.0,0.0,25,0.9383495147018668,0.0222325839504693,M7 Soft Voting (optimized weights)  AUC 0.938
EXP-A2,3,M7,Soft Voting (optimized weights),0.88,1.0,0.0,25,0.9383495147018668,0.0222325839504693,M7 Soft Voting (optimized weights)  AUC 0.938
EXP-A2,3,M7,Soft Voting (optimized weights),0.89,1.0,0.0,25,0.9383495147018668,0.0222325839504693,M7 Soft Voting (optimized weights)  AUC 0.938
EXP-A2,3,M7,Soft Voting (optimized weights),0.9,1.0,0.0,25,0.9383495147018668,0.0222325839504693,M7 Soft Voting (optimized weights)  AUC 0.938
EXP-A2,3,M7,Soft Voting (optimized weights),0.91,1.0,0.0,25,0.9383495147018668,0.0222325839504693,M7 Soft Voting (optimized weights)  AUC 0.938
EXP-A2,3,M7,Soft Voting (optimized weights),0.92,1.0,0.0,25,0.9383495147018668,0.0222325839504693,M7 Soft Voting (optimized weights)  AUC 0.938
EXP-A2,3,M7,Soft Voting (optimized weights),0.93,1.0,0.0,25,0.9383495147018668,0.0222325839504693,M7 Soft Voting (optimized weights)  AUC 0.938
EXP-A2,3,M7,Soft Voting (optimized weights),0.94,1.0,0.0,25,0.9383495147018668,0.0222325839504693,M7 Soft Voting (optimized weights)  AUC 0.938
EXP-A2,3,M7,Soft Voting (optimized weights),0.95,1.0,0.0,25,0.9383495147018668,0.0222325839504693,M7 Soft Voting (optimized weights)  AUC 0.938
EXP-A2,3,M7,Soft Voting (optimized weights),0.96,1.0,0.0,25,0.9383495147018668,0.0222325839504693,M7 Soft Voting (optimized weights)  AUC 0.938
EXP-A2,3,M7,Soft Voting (optimized weights),0.97,1.0,0.0,25,0.9383495147018668,0.0222325839504693,M7 Soft Voting (optimized weights)  AUC 0.938
EXP-A2,3,M7,Soft Voting (optimized weights),0.98,1.0,0.0,25,0.9383495147018668,0.0222325839504693,M7 Soft Voting (optimized weights)  AUC 0.938
EXP-A2,3,M7,Soft Voting (optimized weights),0.99,1.0,0.0,25,0.9383495147018668,0.0222325839504693,M7 Soft Voting (optimized weights)  AUC 0.938
EXP-A2,3,M7,Soft Voting (optimized weights),1.0,1.0,0.0,25,0.9383495147018668,0.0222325839504693,M7 Soft Voting (optimized weights)  AUC 0.938
EXP-A2,4,M8,XGBoost / LightGBM,0.0,0.09655,0.117589,25,0.9374168268419864,0.0205138275415528,M8 XGBoost / LightGBM  AUC 0.937
EXP-A2,4,M8,XGBoost / LightGBM,0.01,0.323453,0.158133,25,0.9374168268419864,0.0205138275415528,M8 XGBoost / LightGBM  AUC 0.937
EXP-A2,4,M8,XGBoost / LightGBM,0.02,0.458366,0.170425,25,0.9374168268419864,0.0205138275415528,M8 XGBoost / LightGBM  AUC 0.937
EXP-A2,4,M8,XGBoost / LightGBM,0.03,0.5445,0.146773,25,0.9374168268419864,0.0205138275415528,M8 XGBoost / LightGBM  AUC 0.937
EXP-A2,4,M8,XGBoost / LightGBM,0.04,0.619387,0.128758,25,0.9374168268419864,0.0205138275415528,M8 XGBoost / LightGBM  AUC 0.937
EXP-A2,4,M8,XGBoost / LightGBM,0.05,0.672127,0.114516,25,0.9374168268419864,0.0205138275415528,M8 XGBoost / LightGBM  AUC 0.937
EXP-A2,4,M8,XGBoost / LightGBM,0.06,0.707609,0.104173,25,0.9374168268419864,0.0205138275415528,M8 XGBoost / LightGBM  AUC 0.937
EXP-A2,4,M8,XGBoost / LightGBM,0.07,0.738723,0.093403,25,0.9374168268419864,0.0205138275415528,M8 XGBoost / LightGBM  AUC 0.937
EXP-A2,4,M8,XGBoost / LightGBM,0.08,0.75955,0.086232,25,0.9374168268419864,0.0205138275415528,M8 XGBoost / LightGBM  AUC 0.937
EXP-A2,4,M8,XGBoost / LightGBM,0.09,0.772516,0.082483,25,0.9374168268419864,0.0205138275415528,M8 XGBoost / LightGBM  AUC 0.937
EXP-A2,4,M8,XGBoost / LightGBM,0.1,0.789901,0.076007,25,0.9374168268419864,0.0205138275415528,M8 XGBoost / LightGBM  AUC 0.937
EXP-A2,4,M8,XGBoost / LightGBM,0.11,0.803515,0.067546,25,0.9374168268419864,0.0205138275415528,M8 XGBoost / LightGBM  AUC 0.937
EXP-A2,4,M8,XGBoost / LightGBM,0.12,0.817043,0.063087,25,0.9374168268419864,0.0205138275415528,M8 XGBoost / LightGBM  AUC 0.937
EXP-A2,4,M8,XGBoost / LightGBM,0.13,0.826685,0.061687,25,0.9374168268419864,0.0205138275415528,M8 XGBoost / LightGBM  AUC 0.937
EXP-A2,4,M8,XGBoost / LightGBM,0.14,0.837762,0.06226,25,0.9374168268419864,0.0205138275415528,M8 XGBoost / LightGBM  AUC 0.937
EXP-A2,4,M8,XGBoost / LightGBM,0.15,0.847699,0.057502,25,0.9374168268419864,0.0205138275415528,M8 XGBoost / LightGBM  AUC 0.937
EXP-A2,4,M8,XGBoost / LightGBM,0.16,0.86068,0.055169,25,0.9374168268419864,0.0205138275415528,M8 XGBoost / LightGBM  AUC 0.937
EXP-A2,4,M8,XGBoost / LightGBM,0.17,0.872404,0.051293,25,0.9374168268419864,0.0205138275415528,M8 XGBoost / LightGBM  AUC 0.937
EXP-A2,4,M8,XGBoost / LightGBM,0.18,0.880243,0.049981,25,0.9374168268419864,0.0205138275415528,M8 XGBoost / LightGBM  AUC 0.937
EXP-A2,4,M8,XGBoost / LightGBM,0.19,0.887742,0.048972,25,0.9374168268419864,0.0205138275415528,M8 XGBoost / LightGBM  AUC 0.937
EXP-A2,4,M8,XGBoost / LightGBM,0.2,0.897657,0.045996,25,0.9374168268419864,0.0205138275415528,M8 XGBoost / LightGBM  AUC 0.937
EXP-A2,4,M8,XGBoost / LightGBM,0.21,0.90851,0.044534,25,0.9374168268419864,0.0205138275415528,M8 XGBoost / LightGBM  AUC 0.937
EXP-A2,4,M8,XGBoost / LightGBM,0.22,0.918745,0.047598,25,0.9374168268419864,0.0205138275415528,M8 XGBoost / LightGBM  AUC 0.937
EXP-A2,4,M8,XGBoost / LightGBM,0.23,0.926282,0.04842,25,0.9374168268419864,0.0205138275415528,M8 XGBoost / LightGBM  AUC 0.937
EXP-A2,4,M8,XGBoost / LightGBM,0.24,0.933793,0.045016,25,0.9374168268419864,0.0205138275415528,M8 XGBoost / LightGBM  AUC 0.937
EXP-A2,4,M8,XGBoost / LightGBM,0.25,0.939504,0.044588,25,0.9374168268419864,0.0205138275415528,M8 XGBoost / LightGBM  AUC 0.937
EXP-A2,4,M8,XGBoost / LightGBM,0.26,0.944618,0.043502,25,0.9374168268419864,0.0205138275415528,M8 XGBoost / LightGBM  AUC 0.937
EXP-A2,4,M8,XGBoost / LightGBM,0.27,0.950687,0.043732,25,0.9374168268419864,0.0205138275415528,M8 XGBoost / LightGBM  AUC 0.937
EXP-A2,4,M8,XGBoost / LightGBM,0.28,0.956755,0.039294,25,0.9374168268419864,0.0205138275415528,M8 XGBoost / LightGBM  AUC 0.937
EXP-A2,4,M8,XGBoost / LightGBM,0.29,0.963606,0.03582,25,0.9374168268419864,0.0205138275415528,M8 XGBoost / LightGBM  AUC 0.937
EXP-A2,4,M8,XGBoost / LightGBM,0.3,0.966605,0.035367,25,0.9374168268419864,0.0205138275415528,M8 XGBoost / LightGBM  AUC 0.937
EXP-A2,4,M8,XGBoost / LightGBM,0.31,0.972883,0.032249,25,0.9374168268419864,0.0205138275415528,M8 XGBoost / LightGBM  AUC 0.937
EXP-A2,4,M8,XGBoost / LightGBM,0.32,0.980123,0.025942,25,0.9374168268419864,0.0205138275415528,M8 XGBoost / LightGBM  AUC 0.937
EXP-A2,4,M8,XGBoost / LightGBM,0.33,0.984036,0.022678,25,0.9374168268419864,0.0205138275415528,M8 XGBoost / LightGBM  AUC 0.937
EXP-A2,4,M8,XGBoost / LightGBM,0.34,0.985538,0.022764,25,0.9374168268419864,0.0205138275415528,M8 XGBoost / LightGBM  AUC 0.937
EXP-A2,4,M8,XGBoost / LightGBM,0.35,0.98794,0.018602,25,0.9374168268419864,0.0205138275415528,M8 XGBoost / LightGBM  AUC 0.937
EXP-A2,4,M8,XGBoost / LightGBM,0.36,0.990062,0.016479,25,0.9374168268419864,0.0205138275415528,M8 XGBoost / LightGBM  AUC 0.937
EXP-A2,4,M8,XGBoost / LightGBM,0.37,0.992756,0.01445,25,0.9374168268419864,0.0205138275415528,M8 XGBoost / LightGBM  AUC 0.937
EXP-A2,4,M8,XGBoost / LightGBM,0.38,0.994565,0.011085,25,0.9374168268419864,0.0205138275415528,M8 XGBoost / LightGBM  AUC 0.937
EXP-A2,4,M8,XGBoost / LightGBM,0.39,0.996089,0.007918,25,0.9374168268419864,0.0205138275415528,M8 XGBoost / LightGBM  AUC 0.937
EXP-A2,4,M8,XGBoost / LightGBM,0.4,0.996983,0.006568,25,0.9374168268419864,0.0205138275415528,M8 XGBoost / LightGBM  AUC 0.937
EXP-A2,4,M8,XGBoost / LightGBM,0.41,0.997286,0.005744,25,0.9374168268419864,0.0205138275415528,M8 XGBoost / LightGBM  AUC 0.937
EXP-A2,4,M8,XGBoost / LightGBM,0.42,0.997894,0.004639,25,0.9374168268419864,0.0205138275415528,M8 XGBoost / LightGBM  AUC 0.937
EXP-A2,4,M8,XGBoost / LightGBM,0.43,0.998496,0.00377,25,0.9374168268419864,0.0205138275415528,M8 XGBoost / LightGBM  AUC 0.937
EXP-A2,4,M8,XGBoost / LightGBM,0.44,0.998799,0.002809,25,0.9374168268419864,0.0205138275415528,M8 XGBoost / LightGBM  AUC 0.937
EXP-A2,4,M8,XGBoost / LightGBM,0.45,0.999102,0.002482,25,0.9374168268419864,0.0205138275415528,M8 XGBoost / LightGBM  AUC 0.937
EXP-A2,4,M8,XGBoost / LightGBM,0.46,0.999398,0.002083,25,0.9374168268419864,0.0205138275415528,M8 XGBoost / LightGBM  AUC 0.937
EXP-A2,4,M8,XGBoost / LightGBM,0.47,0.999398,0.002083,25,0.9374168268419864,0.0205138275415528,M8 XGBoost / LightGBM  AUC 0.937
EXP-A2,4,M8,XGBoost / LightGBM,0.48,0.999704,0.001481,25,0.9374168268419864,0.0205138275415528,M8 XGBoost / LightGBM  AUC 0.937
EXP-A2,4,M8,XGBoost / LightGBM,0.49,0.999704,0.001481,25,0.9374168268419864,0.0205138275415528,M8 XGBoost / LightGBM  AUC 0.937
EXP-A2,4,M8,XGBoost / LightGBM,0.5,1.0,0.0,25,0.9374168268419864,0.0205138275415528,M8 XGBoost / LightGBM  AUC 0.937
EXP-A2,4,M8,XGBoost / LightGBM,0.51,1.0,0.0,25,0.9374168268419864,0.0205138275415528,M8 XGBoost / LightGBM  AUC 0.937
EXP-A2,4,M8,XGBoost / LightGBM,0.52,1.0,0.0,25,0.9374168268419864,0.0205138275415528,M8 XGBoost / LightGBM  AUC 0.937
EXP-A2,4,M8,XGBoost / LightGBM,0.53,1.0,0.0,25,0.9374168268419864,0.0205138275415528,M8 XGBoost / LightGBM  AUC 0.937
EXP-A2,4,M8,XGBoost / LightGBM,0.54,1.0,0.0,25,0.9374168268419864,0.0205138275415528,M8 XGBoost / LightGBM  AUC 0.937
EXP-A2,4,M8,XGBoost / LightGBM,0.55,1.0,0.0,25,0.9374168268419864,0.0205138275415528,M8 XGBoost / LightGBM  AUC 0.937
EXP-A2,4,M8,XGBoost / LightGBM,0.56,1.0,0.0,25,0.9374168268419864,0.0205138275415528,M8 XGBoost / LightGBM  AUC 0.937
EXP-A2,4,M8,XGBoost / LightGBM,0.57,1.0,0.0,25,0.9374168268419864,0.0205138275415528,M8 XGBoost / LightGBM  AUC 0.937
EXP-A2,4,M8,XGBoost / LightGBM,0.58,1.0,0.0,25,0.9374168268419864,0.0205138275415528,M8 XGBoost / LightGBM  AUC 0.937
EXP-A2,4,M8,XGBoost / LightGBM,0.59,1.0,0.0,25,0.9374168268419864,0.0205138275415528,M8 XGBoost / LightGBM  AUC 0.937
EXP-A2,4,M8,XGBoost / LightGBM,0.6,1.0,0.0,25,0.9374168268419864,0.0205138275415528,M8 XGBoost / LightGBM  AUC 0.937
EXP-A2,4,M8,XGBoost / LightGBM,0.61,1.0,0.0,25,0.9374168268419864,0.0205138275415528,M8 XGBoost / LightGBM  AUC 0.937
EXP-A2,4,M8,XGBoost / LightGBM,0.62,1.0,0.0,25,0.9374168268419864,0.0205138275415528,M8 XGBoost / LightGBM  AUC 0.937
EXP-A2,4,M8,XGBoost / LightGBM,0.63,1.0,0.0,25,0.9374168268419864,0.0205138275415528,M8 XGBoost / LightGBM  AUC 0.937
EXP-A2,4,M8,XGBoost / LightGBM,0.64,1.0,0.0,25,0.9374168268419864,0.0205138275415528,M8 XGBoost / LightGBM  AUC 0.937
EXP-A2,4,M8,XGBoost / LightGBM,0.65,1.0,0.0,25,0.9374168268419864,0.0205138275415528,M8 XGBoost / LightGBM  AUC 0.937
EXP-A2,4,M8,XGBoost / LightGBM,0.66,1.0,0.0,25,0.9374168268419864,0.0205138275415528,M8 XGBoost / LightGBM  AUC 0.937
EXP-A2,4,M8,XGBoost / LightGBM,0.67,1.0,0.0,25,0.9374168268419864,0.0205138275415528,M8 XGBoost / LightGBM  AUC 0.937
EXP-A2,4,M8,XGBoost / LightGBM,0.68,1.0,0.0,25,0.9374168268419864,0.0205138275415528,M8 XGBoost / LightGBM  AUC 0.937
EXP-A2,4,M8,XGBoost / LightGBM,0.69,1.0,0.0,25,0.9374168268419864,0.0205138275415528,M8 XGBoost / LightGBM  AUC 0.937
EXP-A2,4,M8,XGBoost / LightGBM,0.7,1.0,0.0,25,0.9374168268419864,0.0205138275415528,M8 XGBoost / LightGBM  AUC 0.937
EXP-A2,4,M8,XGBoost / LightGBM,0.71,1.0,0.0,25,0.9374168268419864,0.0205138275415528,M8 XGBoost / LightGBM  AUC 0.937
EXP-A2,4,M8,XGBoost / LightGBM,0.72,1.0,0.0,25,0.9374168268419864,0.0205138275415528,M8 XGBoost / LightGBM  AUC 0.937
EXP-A2,4,M8,XGBoost / LightGBM,0.73,1.0,0.0,25,0.9374168268419864,0.0205138275415528,M8 XGBoost / LightGBM  AUC 0.937
EXP-A2,4,M8,XGBoost / LightGBM,0.74,1.0,0.0,25,0.9374168268419864,0.0205138275415528,M8 XGBoost / LightGBM  AUC 0.937
EXP-A2,4,M8,XGBoost / LightGBM,0.75,1.0,0.0,25,0.9374168268419864,0.0205138275415528,M8 XGBoost / LightGBM  AUC 0.937
EXP-A2,4,M8,XGBoost / LightGBM,0.76,1.0,0.0,25,0.9374168268419864,0.0205138275415528,M8 XGBoost / LightGBM  AUC 0.937
EXP-A2,4,M8,XGBoost / LightGBM,0.77,1.0,0.0,25,0.9374168268419864,0.0205138275415528,M8 XGBoost / LightGBM  AUC 0.937
EXP-A2,4,M8,XGBoost / LightGBM,0.78,1.0,0.0,25,0.9374168268419864,0.0205138275415528,M8 XGBoost / LightGBM  AUC 0.937
EXP-A2,4,M8,XGBoost / LightGBM,0.79,1.0,0.0,25,0.9374168268419864,0.0205138275415528,M8 XGBoost / LightGBM  AUC 0.937
EXP-A2,4,M8,XGBoost / LightGBM,0.8,1.0,0.0,25,0.9374168268419864,0.0205138275415528,M8 XGBoost / LightGBM  AUC 0.937
EXP-A2,4,M8,XGBoost / LightGBM,0.81,1.0,0.0,25,0.9374168268419864,0.0205138275415528,M8 XGBoost / LightGBM  AUC 0.937
EXP-A2,4,M8,XGBoost / LightGBM,0.82,1.0,0.0,25,0.9374168268419864,0.0205138275415528,M8 XGBoost / LightGBM  AUC 0.937
EXP-A2,4,M8,XGBoost / LightGBM,0.83,1.0,0.0,25,0.9374168268419864,0.0205138275415528,M8 XGBoost / LightGBM  AUC 0.937
EXP-A2,4,M8,XGBoost / LightGBM,0.84,1.0,0.0,25,0.9374168268419864,0.0205138275415528,M8 XGBoost / LightGBM  AUC 0.937
EXP-A2,4,M8,XGBoost / LightGBM,0.85,1.0,0.0,25,0.9374168268419864,0.0205138275415528,M8 XGBoost / LightGBM  AUC 0.937
EXP-A2,4,M8,XGBoost / LightGBM,0.86,1.0,0.0,25,0.9374168268419864,0.0205138275415528,M8 XGBoost / LightGBM  AUC 0.937
EXP-A2,4,M8,XGBoost / LightGBM,0.87,1.0,0.0,25,0.9374168268419864,0.0205138275415528,M8 XGBoost / LightGBM  AUC 0.937
EXP-A2,4,M8,XGBoost / LightGBM,0.88,1.0,0.0,25,0.9374168268419864,0.0205138275415528,M8 XGBoost / LightGBM  AUC 0.937
EXP-A2,4,M8,XGBoost / LightGBM,0.89,1.0,0.0,25,0.9374168268419864,0.0205138275415528,M8 XGBoost / LightGBM  AUC 0.937
EXP-A2,4,M8,XGBoost / LightGBM,0.9,1.0,0.0,25,0.9374168268419864,0.0205138275415528,M8 XGBoost / LightGBM  AUC 0.937
EXP-A2,4,M8,XGBoost / LightGBM,0.91,1.0,0.0,25,0.9374168268419864,0.0205138275415528,M8 XGBoost / LightGBM  AUC 0.937
EXP-A2,4,M8,XGBoost / LightGBM,0.92,1.0,0.0,25,0.9374168268419864,0.0205138275415528,M8 XGBoost / LightGBM  AUC 0.937
EXP-A2,4,M8,XGBoost / LightGBM,0.93,1.0,0.0,25,0.9374168268419864,0.0205138275415528,M8 XGBoost / LightGBM  AUC 0.937
EXP-A2,4,M8,XGBoost / LightGBM,0.94,1.0,0.0,25,0.9374168268419864,0.0205138275415528,M8 XGBoost / LightGBM  AUC 0.937
EXP-A2,4,M8,XGBoost / LightGBM,0.95,1.0,0.0,25,0.9374168268419864,0.0205138275415528,M8 XGBoost / LightGBM  AUC 0.937
EXP-A2,4,M8,XGBoost / LightGBM,0.96,1.0,0.0,25,0.9374168268419864,0.0205138275415528,M8 XGBoost / LightGBM  AUC 0.937
EXP-A2,4,M8,XGBoost / LightGBM,0.97,1.0,0.0,25,0.9374168268419864,0.0205138275415528,M8 XGBoost / LightGBM  AUC 0.937
EXP-A2,4,M8,XGBoost / LightGBM,0.98,1.0,0.0,25,0.9374168268419864,0.0205138275415528,M8 XGBoost / LightGBM  AUC 0.937
EXP-A2,4,M8,XGBoost / LightGBM,0.99,1.0,0.0,25,0.9374168268419864,0.0205138275415528,M8 XGBoost / LightGBM  AUC 0.937
EXP-A2,4,M8,XGBoost / LightGBM,1.0,1.0,0.0,25,0.9374168268419864,0.0205138275415528,M8 XGBoost / LightGBM  AUC 0.937
EXP-A2,5,M4,Random Forest,0.0,0.130329,0.092431,25,0.9383918924875704,0.0215929449611287,M4 Random Forest  AUC 0.938
EXP-A2,5,M4,Random Forest,0.01,0.332908,0.13556,25,0.9383918924875704,0.0215929449611287,M4 Random Forest  AUC 0.938
EXP-A2,5,M4,Random Forest,0.02,0.476395,0.154301,25,0.9383918924875704,0.0215929449611287,M4 Random Forest  AUC 0.938
EXP-A2,5,M4,Random Forest,0.03,0.557395,0.157846,25,0.9383918924875704,0.0215929449611287,M4 Random Forest  AUC 0.938
EXP-A2,5,M4,Random Forest,0.04,0.616576,0.140781,25,0.9383918924875704,0.0215929449611287,M4 Random Forest  AUC 0.938
EXP-A2,5,M4,Random Forest,0.05,0.660013,0.131534,25,0.9383918924875704,0.0215929449611287,M4 Random Forest  AUC 0.938
EXP-A2,5,M4,Random Forest,0.06,0.699275,0.11496,25,0.9383918924875704,0.0215929449611287,M4 Random Forest  AUC 0.938
EXP-A2,5,M4,Random Forest,0.07,0.734271,0.106971,25,0.9383918924875704,0.0215929449611287,M4 Random Forest  AUC 0.938
EXP-A2,5,M4,Random Forest,0.08,0.763187,0.097108,25,0.9383918924875704,0.0215929449611287,M4 Random Forest  AUC 0.938
EXP-A2,5,M4,Random Forest,0.09,0.777997,0.089891,25,0.9383918924875704,0.0215929449611287,M4 Random Forest  AUC 0.938
EXP-A2,5,M4,Random Forest,0.1,0.797192,0.082289,25,0.9383918924875704,0.0215929449611287,M4 Random Forest  AUC 0.938
EXP-A2,5,M4,Random Forest,0.11,0.814638,0.070696,25,0.9383918924875704,0.0215929449611287,M4 Random Forest  AUC 0.938
EXP-A2,5,M4,Random Forest,0.12,0.825503,0.064366,25,0.9383918924875704,0.0215929449611287,M4 Random Forest  AUC 0.938
EXP-A2,5,M4,Random Forest,0.13,0.833276,0.062462,25,0.9383918924875704,0.0215929449611287,M4 Random Forest  AUC 0.938
EXP-A2,5,M4,Random Forest,0.14,0.847998,0.058095,25,0.9383918924875704,0.0215929449611287,M4 Random Forest  AUC 0.938
EXP-A2,5,M4,Random Forest,0.15,0.857939,0.057135,25,0.9383918924875704,0.0215929449611287,M4 Random Forest  AUC 0.938
EXP-A2,5,M4,Random Forest,0.16,0.867884,0.055196,25,0.9383918924875704,0.0215929449611287,M4 Random Forest  AUC 0.938
EXP-A2,5,M4,Random Forest,0.17,0.873912,0.053431,25,0.9383918924875704,0.0215929449611287,M4 Random Forest  AUC 0.938
EXP-A2,5,M4,Random Forest,0.18,0.884483,0.048338,25,0.9383918924875704,0.0215929449611287,M4 Random Forest  AUC 0.938
EXP-A2,5,M4,Random Forest,0.19,0.890208,0.048259,25,0.9383918924875704,0.0215929449611287,M4 Random Forest  AUC 0.938
EXP-A2,5,M4,Random Forest,0.2,0.899289,0.046882,25,0.9383918924875704,0.0215929449611287,M4 Random Forest  AUC 0.938
EXP-A2,5,M4,Random Forest,0.21,0.906487,0.045756,25,0.9383918924875704,0.0215929449611287,M4 Random Forest  AUC 0.938
EXP-A2,5,M4,Random Forest,0.22,0.915772,0.044624,25,0.9383918924875704,0.0215929449611287,M4 Random Forest  AUC 0.938
EXP-A2,5,M4,Random Forest,0.23,0.922098,0.044837,25,0.9383918924875704,0.0215929449611287,M4 Random Forest  AUC 0.938
EXP-A2,5,M4,Random Forest,0.24,0.925434,0.04403,25,0.9383918924875704,0.0215929449611287,M4 Random Forest  AUC 0.938
EXP-A2,5,M4,Random Forest,0.25,0.934504,0.04417,25,0.9383918924875704,0.0215929449611287,M4 Random Forest  AUC 0.938
EXP-A2,5,M4,Random Forest,0.26,0.942025,0.041695,25,0.9383918924875704,0.0215929449611287,M4 Random Forest  AUC 0.938
EXP-A2,5,M4,Random Forest,0.27,0.948658,0.040977,25,0.9383918924875704,0.0215929449611287,M4 Random Forest  AUC 0.938
EXP-A2,5,M4,Random Forest,0.28,0.957654,0.039729,25,0.9383918924875704,0.0215929449611287,M4 Random Forest  AUC 0.938
EXP-A2,5,M4,Random Forest,0.29,0.962779,0.03857,25,0.9383918924875704,0.0215929449611287,M4 Random Forest  AUC 0.938
EXP-A2,5,M4,Random Forest,0.3,0.969086,0.035559,25,0.9383918924875704,0.0215929449611287,M4 Random Forest  AUC 0.938
EXP-A2,5,M4,Random Forest,0.31,0.976328,0.032547,25,0.9383918924875704,0.0215929449611287,M4 Random Forest  AUC 0.938
EXP-A2,5,M4,Random Forest,0.32,0.978726,0.029549,25,0.9383918924875704,0.0215929449611287,M4 Random Forest  AUC 0.938
EXP-A2,5,M4,Random Forest,0.33,0.982623,0.026096,25,0.9383918924875704,0.0215929449611287,M4 Random Forest  AUC 0.938
EXP-A2,5,M4,Random Forest,0.34,0.985322,0.024742,25,0.9383918924875704,0.0215929449611287,M4 Random Forest  AUC 0.938
EXP-A2,5,M4,Random Forest,0.35,0.987414,0.020848,25,0.9383918924875704,0.0215929449611287,M4 Random Forest  AUC 0.938
EXP-A2,5,M4,Random Forest,0.36,0.989201,0.018215,25,0.9383918924875704,0.0215929449611287,M4 Random Forest  AUC 0.938
EXP-A2,5,M4,Random Forest,0.37,0.992194,0.012962,25,0.9383918924875704,0.0215929449611287,M4 Random Forest  AUC 0.938
EXP-A2,5,M4,Random Forest,0.38,0.993981,0.011348,25,0.9383918924875704,0.0215929449611287,M4 Random Forest  AUC 0.938
EXP-A2,5,M4,Random Forest,0.39,0.995488,0.009253,25,0.9383918924875704,0.0215929449611287,M4 Random Forest  AUC 0.938
EXP-A2,5,M4,Random Forest,0.4,0.997888,0.005978,25,0.9383918924875704,0.0215929449611287,M4 Random Forest  AUC 0.938
EXP-A2,5,M4,Random Forest,0.41,0.999098,0.003317,25,0.9383918924875704,0.0215929449611287,M4 Random Forest  AUC 0.938
EXP-A2,5,M4,Random Forest,0.42,0.999401,0.002074,25,0.9383918924875704,0.0215929449611287,M4 Random Forest  AUC 0.938
EXP-A2,5,M4,Random Forest,0.43,0.999697,0.001515,25,0.9383918924875704,0.0215929449611287,M4 Random Forest  AUC 0.938
EXP-A2,5,M4,Random Forest,0.44,1.0,0.0,25,0.9383918924875704,0.0215929449611287,M4 Random Forest  AUC 0.938
EXP-A2,5,M4,Random Forest,0.45,1.0,0.0,25,0.9383918924875704,0.0215929449611287,M4 Random Forest  AUC 0.938
EXP-A2,5,M4,Random Forest,0.46,1.0,0.0,25,0.9383918924875704,0.0215929449611287,M4 Random Forest  AUC 0.938
EXP-A2,5,M4,Random Forest,0.47,1.0,0.0,25,0.9383918924875704,0.0215929449611287,M4 Random Forest  AUC 0.938
EXP-A2,5,M4,Random Forest,0.48,1.0,0.0,25,0.9383918924875704,0.0215929449611287,M4 Random Forest  AUC 0.938
EXP-A2,5,M4,Random Forest,0.49,1.0,0.0,25,0.9383918924875704,0.0215929449611287,M4 Random Forest  AUC 0.938
EXP-A2,5,M4,Random Forest,0.5,1.0,0.0,25,0.9383918924875704,0.0215929449611287,M4 Random Forest  AUC 0.938
EXP-A2,5,M4,Random Forest,0.51,1.0,0.0,25,0.9383918924875704,0.0215929449611287,M4 Random Forest  AUC 0.938
EXP-A2,5,M4,Random Forest,0.52,1.0,0.0,25,0.9383918924875704,0.0215929449611287,M4 Random Forest  AUC 0.938
EXP-A2,5,M4,Random Forest,0.53,1.0,0.0,25,0.9383918924875704,0.0215929449611287,M4 Random Forest  AUC 0.938
EXP-A2,5,M4,Random Forest,0.54,1.0,0.0,25,0.9383918924875704,0.0215929449611287,M4 Random Forest  AUC 0.938
EXP-A2,5,M4,Random Forest,0.55,1.0,0.0,25,0.9383918924875704,0.0215929449611287,M4 Random Forest  AUC 0.938
EXP-A2,5,M4,Random Forest,0.56,1.0,0.0,25,0.9383918924875704,0.0215929449611287,M4 Random Forest  AUC 0.938
EXP-A2,5,M4,Random Forest,0.57,1.0,0.0,25,0.9383918924875704,0.0215929449611287,M4 Random Forest  AUC 0.938
EXP-A2,5,M4,Random Forest,0.58,1.0,0.0,25,0.9383918924875704,0.0215929449611287,M4 Random Forest  AUC 0.938
EXP-A2,5,M4,Random Forest,0.59,1.0,0.0,25,0.9383918924875704,0.0215929449611287,M4 Random Forest  AUC 0.938
EXP-A2,5,M4,Random Forest,0.6,1.0,0.0,25,0.9383918924875704,0.0215929449611287,M4 Random Forest  AUC 0.938
EXP-A2,5,M4,Random Forest,0.61,1.0,0.0,25,0.9383918924875704,0.0215929449611287,M4 Random Forest  AUC 0.938
EXP-A2,5,M4,Random Forest,0.62,1.0,0.0,25,0.9383918924875704,0.0215929449611287,M4 Random Forest  AUC 0.938
EXP-A2,5,M4,Random Forest,0.63,1.0,0.0,25,0.9383918924875704,0.0215929449611287,M4 Random Forest  AUC 0.938
EXP-A2,5,M4,Random Forest,0.64,1.0,0.0,25,0.9383918924875704,0.0215929449611287,M4 Random Forest  AUC 0.938
EXP-A2,5,M4,Random Forest,0.65,1.0,0.0,25,0.9383918924875704,0.0215929449611287,M4 Random Forest  AUC 0.938
EXP-A2,5,M4,Random Forest,0.66,1.0,0.0,25,0.9383918924875704,0.0215929449611287,M4 Random Forest  AUC 0.938
EXP-A2,5,M4,Random Forest,0.67,1.0,0.0,25,0.9383918924875704,0.0215929449611287,M4 Random Forest  AUC 0.938
EXP-A2,5,M4,Random Forest,0.68,1.0,0.0,25,0.9383918924875704,0.0215929449611287,M4 Random Forest  AUC 0.938
EXP-A2,5,M4,Random Forest,0.69,1.0,0.0,25,0.9383918924875704,0.0215929449611287,M4 Random Forest  AUC 0.938
EXP-A2,5,M4,Random Forest,0.7,1.0,0.0,25,0.9383918924875704,0.0215929449611287,M4 Random Forest  AUC 0.938
EXP-A2,5,M4,Random Forest,0.71,1.0,0.0,25,0.9383918924875704,0.0215929449611287,M4 Random Forest  AUC 0.938
EXP-A2,5,M4,Random Forest,0.72,1.0,0.0,25,0.9383918924875704,0.0215929449611287,M4 Random Forest  AUC 0.938
EXP-A2,5,M4,Random Forest,0.73,1.0,0.0,25,0.9383918924875704,0.0215929449611287,M4 Random Forest  AUC 0.938
EXP-A2,5,M4,Random Forest,0.74,1.0,0.0,25,0.9383918924875704,0.0215929449611287,M4 Random Forest  AUC 0.938
EXP-A2,5,M4,Random Forest,0.75,1.0,0.0,25,0.9383918924875704,0.0215929449611287,M4 Random Forest  AUC 0.938
EXP-A2,5,M4,Random Forest,0.76,1.0,0.0,25,0.9383918924875704,0.0215929449611287,M4 Random Forest  AUC 0.938
EXP-A2,5,M4,Random Forest,0.77,1.0,0.0,25,0.9383918924875704,0.0215929449611287,M4 Random Forest  AUC 0.938
EXP-A2,5,M4,Random Forest,0.78,1.0,0.0,25,0.9383918924875704,0.0215929449611287,M4 Random Forest  AUC 0.938
EXP-A2,5,M4,Random Forest,0.79,1.0,0.0,25,0.9383918924875704,0.0215929449611287,M4 Random Forest  AUC 0.938
EXP-A2,5,M4,Random Forest,0.8,1.0,0.0,25,0.9383918924875704,0.0215929449611287,M4 Random Forest  AUC 0.938
EXP-A2,5,M4,Random Forest,0.81,1.0,0.0,25,0.9383918924875704,0.0215929449611287,M4 Random Forest  AUC 0.938
EXP-A2,5,M4,Random Forest,0.82,1.0,0.0,25,0.9383918924875704,0.0215929449611287,M4 Random Forest  AUC 0.938
EXP-A2,5,M4,Random Forest,0.83,1.0,0.0,25,0.9383918924875704,0.0215929449611287,M4 Random Forest  AUC 0.938
EXP-A2,5,M4,Random Forest,0.84,1.0,0.0,25,0.9383918924875704,0.0215929449611287,M4 Random Forest  AUC 0.938
EXP-A2,5,M4,Random Forest,0.85,1.0,0.0,25,0.9383918924875704,0.0215929449611287,M4 Random Forest  AUC 0.938
EXP-A2,5,M4,Random Forest,0.86,1.0,0.0,25,0.9383918924875704,0.0215929449611287,M4 Random Forest  AUC 0.938
EXP-A2,5,M4,Random Forest,0.87,1.0,0.0,25,0.9383918924875704,0.0215929449611287,M4 Random Forest  AUC 0.938
EXP-A2,5,M4,Random Forest,0.88,1.0,0.0,25,0.9383918924875704,0.0215929449611287,M4 Random Forest  AUC 0.938
EXP-A2,5,M4,Random Forest,0.89,1.0,0.0,25,0.9383918924875704,0.0215929449611287,M4 Random Forest  AUC 0.938
EXP-A2,5,M4,Random Forest,0.9,1.0,0.0,25,0.9383918924875704,0.0215929449611287,M4 Random Forest  AUC 0.938
EXP-A2,5,M4,Random Forest,0.91,1.0,0.0,25,0.9383918924875704,0.0215929449611287,M4 Random Forest  AUC 0.938
EXP-A2,5,M4,Random Forest,0.92,1.0,0.0,25,0.9383918924875704,0.0215929449611287,M4 Random Forest  AUC 0.938
EXP-A2,5,M4,Random Forest,0.93,1.0,0.0,25,0.9383918924875704,0.0215929449611287,M4 Random Forest  AUC 0.938
EXP-A2,5,M4,Random Forest,0.94,1.0,0.0,25,0.9383918924875704,0.0215929449611287,M4 Random Forest  AUC 0.938
EXP-A2,5,M4,Random Forest,0.95,1.0,0.0,25,0.9383918924875704,0.0215929449611287,M4 Random Forest  AUC 0.938
EXP-A2,5,M4,Random Forest,0.96,1.0,0.0,25,0.9383918924875704,0.0215929449611287,M4 Random Forest  AUC 0.938
EXP-A2,5,M4,Random Forest,0.97,1.0,0.0,25,0.9383918924875704,0.0215929449611287,M4 Random Forest  AUC 0.938
EXP-A2,5,M4,Random Forest,0.98,1.0,0.0,25,0.9383918924875704,0.0215929449611287,M4 Random Forest  AUC 0.938
EXP-A2,5,M4,Random Forest,0.99,1.0,0.0,25,0.9383918924875704,0.0215929449611287,M4 Random Forest  AUC 0.938
EXP-A2,5,M4,Random Forest,1.0,1.0,0.0,25,0.9383918924875704,0.0215929449611287,M4 Random Forest  AUC 0.938
EXP-A2,6,M5,Gradient Boosting,0.0,0.096641,0.124408,25,0.9363207791154012,0.0222903672428554,M5 Gradient Boosting  AUC 0.936
EXP-A2,6,M5,Gradient Boosting,0.01,0.32995,0.13995,25,0.9363207791154012,0.0222903672428554,M5 Gradient Boosting  AUC 0.936
EXP-A2,6,M5,Gradient Boosting,0.02,0.449496,0.15178,25,0.9363207791154012,0.0222903672428554,M5 Gradient Boosting  AUC 0.936
EXP-A2,6,M5,Gradient Boosting,0.03,0.534573,0.141061,25,0.9363207791154012,0.0222903672428554,M5 Gradient Boosting  AUC 0.936
EXP-A2,6,M5,Gradient Boosting,0.04,0.60307,0.119582,25,0.9363207791154012,0.0222903672428554,M5 Gradient Boosting  AUC 0.936
EXP-A2,6,M5,Gradient Boosting,0.05,0.660364,0.106853,25,0.9363207791154012,0.0222903672428554,M5 Gradient Boosting  AUC 0.936
EXP-A2,6,M5,Gradient Boosting,0.06,0.704317,0.098529,25,0.9363207791154012,0.0222903672428554,M5 Gradient Boosting  AUC 0.936
EXP-A2,6,M5,Gradient Boosting,0.07,0.731182,0.10084,25,0.9363207791154012,0.0222903672428554,M5 Gradient Boosting  AUC 0.936
EXP-A2,6,M5,Gradient Boosting,0.08,0.750792,0.0972,25,0.9363207791154012,0.0222903672428554,M5 Gradient Boosting  AUC 0.936
EXP-A2,6,M5,Gradient Boosting,0.09,0.770417,0.091077,25,0.9363207791154012,0.0222903672428554,M5 Gradient Boosting  AUC 0.936
EXP-A2,6,M5,Gradient Boosting,0.1,0.790878,0.083033,25,0.9363207791154012,0.0222903672428554,M5 Gradient Boosting  AUC 0.936
EXP-A2,6,M5,Gradient Boosting,0.11,0.805281,0.077424,25,0.9363207791154012,0.0222903672428554,M5 Gradient Boosting  AUC 0.936
EXP-A2,6,M5,Gradient Boosting,0.12,0.822954,0.074093,25,0.9363207791154012,0.0222903672428554,M5 Gradient Boosting  AUC 0.936
EXP-A2,6,M5,Gradient Boosting,0.13,0.834691,0.067783,25,0.9363207791154012,0.0222903672428554,M5 Gradient Boosting  AUC 0.936
EXP-A2,6,M5,Gradient Boosting,0.14,0.845489,0.066398,25,0.9363207791154012,0.0222903672428554,M5 Gradient Boosting  AUC 0.936
EXP-A2,6,M5,Gradient Boosting,0.15,0.853003,0.065981,25,0.9363207791154012,0.0222903672428554,M5 Gradient Boosting  AUC 0.936
EXP-A2,6,M5,Gradient Boosting,0.16,0.86168,0.062913,25,0.9363207791154012,0.0222903672428554,M5 Gradient Boosting  AUC 0.936
EXP-A2,6,M5,Gradient Boosting,0.17,0.870705,0.062686,25,0.9363207791154012,0.0222903672428554,M5 Gradient Boosting  AUC 0.936
EXP-A2,6,M5,Gradient Boosting,0.18,0.883037,0.057018,25,0.9363207791154012,0.0222903672428554,M5 Gradient Boosting  AUC 0.936
EXP-A2,6,M5,Gradient Boosting,0.19,0.889339,0.05468,25,0.9363207791154012,0.0222903672428554,M5 Gradient Boosting  AUC 0.936
EXP-A2,6,M5,Gradient Boosting,0.2,0.898959,0.053328,25,0.9363207791154012,0.0222903672428554,M5 Gradient Boosting  AUC 0.936
EXP-A2,6,M5,Gradient Boosting,0.21,0.908605,0.051621,25,0.9363207791154012,0.0222903672428554,M5 Gradient Boosting  AUC 0.936
EXP-A2,6,M5,Gradient Boosting,0.22,0.918463,0.049235,25,0.9363207791154012,0.0222903672428554,M5 Gradient Boosting  AUC 0.936
EXP-A2,6,M5,Gradient Boosting,0.23,0.923868,0.04812,25,0.9363207791154012,0.0222903672428554,M5 Gradient Boosting  AUC 0.936
EXP-A2,6,M5,Gradient Boosting,0.24,0.932913,0.049705,25,0.9363207791154012,0.0222903672428554,M5 Gradient Boosting  AUC 0.936
EXP-A2,6,M5,Gradient Boosting,0.25,0.94077,0.044902,25,0.9363207791154012,0.0222903672428554,M5 Gradient Boosting  AUC 0.936
EXP-A2,6,M5,Gradient Boosting,0.26,0.94799,0.045942,25,0.9363207791154012,0.0222903672428554,M5 Gradient Boosting  AUC 0.936
EXP-A2,6,M5,Gradient Boosting,0.27,0.952202,0.042386,25,0.9363207791154012,0.0222903672428554,M5 Gradient Boosting  AUC 0.936
EXP-A2,6,M5,Gradient Boosting,0.28,0.957599,0.040725,25,0.9363207791154012,0.0222903672428554,M5 Gradient Boosting  AUC 0.936
EXP-A2,6,M5,Gradient Boosting,0.29,0.961835,0.03592,25,0.9363207791154012,0.0222903672428554,M5 Gradient Boosting  AUC 0.936
EXP-A2,6,M5,Gradient Boosting,0.3,0.967793,0.032333,25,0.9363207791154012,0.0222903672428554,M5 Gradient Boosting  AUC 0.936
EXP-A2,6,M5,Gradient Boosting,0.31,0.970824,0.03081,25,0.9363207791154012,0.0222903672428554,M5 Gradient Boosting  AUC 0.936
EXP-A2,6,M5,Gradient Boosting,0.32,0.975328,0.029396,25,0.9363207791154012,0.0222903672428554,M5 Gradient Boosting  AUC 0.936
EXP-A2,6,M5,Gradient Boosting,0.33,0.978965,0.026213,25,0.9363207791154012,0.0222903672428554,M5 Gradient Boosting  AUC 0.936
EXP-A2,6,M5,Gradient Boosting,0.34,0.980765,0.023876,25,0.9363207791154012,0.0222903672428554,M5 Gradient Boosting  AUC 0.936
EXP-A2,6,M5,Gradient Boosting,0.35,0.98226,0.022516,25,0.9363207791154012,0.0222903672428554,M5 Gradient Boosting  AUC 0.936
EXP-A2,6,M5,Gradient Boosting,0.36,0.985861,0.0188,25,0.9363207791154012,0.0222903672428554,M5 Gradient Boosting  AUC 0.936
EXP-A2,6,M5,Gradient Boosting,0.37,0.987653,0.017736,25,0.9363207791154012,0.0222903672428554,M5 Gradient Boosting  AUC 0.936
EXP-A2,6,M5,Gradient Boosting,0.38,0.989739,0.015876,25,0.9363207791154012,0.0222903672428554,M5 Gradient Boosting  AUC 0.936
EXP-A2,6,M5,Gradient Boosting,0.39,0.991561,0.012372,25,0.9363207791154012,0.0222903672428554,M5 Gradient Boosting  AUC 0.936
EXP-A2,6,M5,Gradient Boosting,0.4,0.992163,0.012223,25,0.9363207791154012,0.0222903672428554,M5 Gradient Boosting  AUC 0.936
EXP-A2,6,M5,Gradient Boosting,0.41,0.992468,0.011295,25,0.9363207791154012,0.0222903672428554,M5 Gradient Boosting  AUC 0.936
EXP-A2,6,M5,Gradient Boosting,0.42,0.993979,0.008918,25,0.9363207791154012,0.0222903672428554,M5 Gradient Boosting  AUC 0.936
EXP-A2,6,M5,Gradient Boosting,0.43,0.995196,0.007713,25,0.9363207791154012,0.0222903672428554,M5 Gradient Boosting  AUC 0.936
EXP-A2,6,M5,Gradient Boosting,0.44,0.99549,0.006824,25,0.9363207791154012,0.0222903672428554,M5 Gradient Boosting  AUC 0.936
EXP-A2,6,M5,Gradient Boosting,0.45,0.996393,0.006174,25,0.9363207791154012,0.0222903672428554,M5 Gradient Boosting  AUC 0.936
EXP-A2,6,M5,Gradient Boosting,0.46,0.997297,0.005697,25,0.9363207791154012,0.0222903672428554,M5 Gradient Boosting  AUC 0.936
EXP-A2,6,M5,Gradient Boosting,0.47,0.9976,0.004702,25,0.9363207791154012,0.0222903672428554,M5 Gradient Boosting  AUC 0.936
EXP-A2,6,M5,Gradient Boosting,0.48,0.997906,0.004594,25,0.9363207791154012,0.0222903672428554,M5 Gradient Boosting  AUC 0.936
EXP-A2,6,M5,Gradient Boosting,0.49,0.998202,0.00393,25,0.9363207791154012,0.0222903672428554,M5 Gradient Boosting  AUC 0.936
EXP-A2,6,M5,Gradient Boosting,0.5,0.998496,0.003769,25,0.9363207791154012,0.0222903672428554,M5 Gradient Boosting  AUC 0.936
EXP-A2,6,M5,Gradient Boosting,0.51,0.998795,0.003568,25,0.9363207791154012,0.0222903672428554,M5 Gradient Boosting  AUC 0.936
EXP-A2,6,M5,Gradient Boosting,0.52,0.998795,0.003568,25,0.9363207791154012,0.0222903672428554,M5 Gradient Boosting  AUC 0.936
EXP-A2,6,M5,Gradient Boosting,0.53,0.998795,0.003568,25,0.9363207791154012,0.0222903672428554,M5 Gradient Boosting  AUC 0.936
EXP-A2,6,M5,Gradient Boosting,0.54,0.999091,0.003331,25,0.9363207791154012,0.0222903672428554,M5 Gradient Boosting  AUC 0.936
EXP-A2,6,M5,Gradient Boosting,0.55,0.999091,0.003331,25,0.9363207791154012,0.0222903672428554,M5 Gradient Boosting  AUC 0.936
EXP-A2,6,M5,Gradient Boosting,0.56,0.999091,0.003331,25,0.9363207791154012,0.0222903672428554,M5 Gradient Boosting  AUC 0.936
EXP-A2,6,M5,Gradient Boosting,0.57,0.999394,0.00303,25,0.9363207791154012,0.0222903672428554,M5 Gradient Boosting  AUC 0.936
EXP-A2,6,M5,Gradient Boosting,0.58,0.999394,0.00303,25,0.9363207791154012,0.0222903672428554,M5 Gradient Boosting  AUC 0.936
EXP-A2,6,M5,Gradient Boosting,0.59,0.999394,0.00303,25,0.9363207791154012,0.0222903672428554,M5 Gradient Boosting  AUC 0.936
EXP-A2,6,M5,Gradient Boosting,0.6,0.999394,0.00303,25,0.9363207791154012,0.0222903672428554,M5 Gradient Boosting  AUC 0.936
EXP-A2,6,M5,Gradient Boosting,0.61,0.999394,0.00303,25,0.9363207791154012,0.0222903672428554,M5 Gradient Boosting  AUC 0.936
EXP-A2,6,M5,Gradient Boosting,0.62,0.999394,0.00303,25,0.9363207791154012,0.0222903672428554,M5 Gradient Boosting  AUC 0.936
EXP-A2,6,M5,Gradient Boosting,0.63,0.999394,0.00303,25,0.9363207791154012,0.0222903672428554,M5 Gradient Boosting  AUC 0.936
EXP-A2,6,M5,Gradient Boosting,0.64,0.999394,0.00303,25,0.9363207791154012,0.0222903672428554,M5 Gradient Boosting  AUC 0.936
EXP-A2,6,M5,Gradient Boosting,0.65,0.999394,0.00303,25,0.9363207791154012,0.0222903672428554,M5 Gradient Boosting  AUC 0.936
EXP-A2,6,M5,Gradient Boosting,0.66,0.999697,0.001515,25,0.9363207791154012,0.0222903672428554,M5 Gradient Boosting  AUC 0.936
EXP-A2,6,M5,Gradient Boosting,0.67,0.999697,0.001515,25,0.9363207791154012,0.0222903672428554,M5 Gradient Boosting  AUC 0.936
EXP-A2,6,M5,Gradient Boosting,0.68,0.999697,0.001515,25,0.9363207791154012,0.0222903672428554,M5 Gradient Boosting  AUC 0.936
EXP-A2,6,M5,Gradient Boosting,0.69,0.999697,0.001515,25,0.9363207791154012,0.0222903672428554,M5 Gradient Boosting  AUC 0.936
EXP-A2,6,M5,Gradient Boosting,0.7,0.999697,0.001515,25,0.9363207791154012,0.0222903672428554,M5 Gradient Boosting  AUC 0.936
EXP-A2,6,M5,Gradient Boosting,0.71,0.999697,0.001515,25,0.9363207791154012,0.0222903672428554,M5 Gradient Boosting  AUC 0.936
EXP-A2,6,M5,Gradient Boosting,0.72,0.999697,0.001515,25,0.9363207791154012,0.0222903672428554,M5 Gradient Boosting  AUC 0.936
EXP-A2,6,M5,Gradient Boosting,0.73,0.999697,0.001515,25,0.9363207791154012,0.0222903672428554,M5 Gradient Boosting  AUC 0.936
EXP-A2,6,M5,Gradient Boosting,0.74,0.999697,0.001515,25,0.9363207791154012,0.0222903672428554,M5 Gradient Boosting  AUC 0.936
EXP-A2,6,M5,Gradient Boosting,0.75,0.999697,0.001515,25,0.9363207791154012,0.0222903672428554,M5 Gradient Boosting  AUC 0.936
EXP-A2,6,M5,Gradient Boosting,0.76,0.999697,0.001515,25,0.9363207791154012,0.0222903672428554,M5 Gradient Boosting  AUC 0.936
EXP-A2,6,M5,Gradient Boosting,0.77,0.999697,0.001515,25,0.9363207791154012,0.0222903672428554,M5 Gradient Boosting  AUC 0.936
EXP-A2,6,M5,Gradient Boosting,0.78,0.999697,0.001515,25,0.9363207791154012,0.0222903672428554,M5 Gradient Boosting  AUC 0.936
EXP-A2,6,M5,Gradient Boosting,0.79,0.999697,0.001515,25,0.9363207791154012,0.0222903672428554,M5 Gradient Boosting  AUC 0.936
EXP-A2,6,M5,Gradient Boosting,0.8,0.999697,0.001515,25,0.9363207791154012,0.0222903672428554,M5 Gradient Boosting  AUC 0.936
EXP-A2,6,M5,Gradient Boosting,0.81,0.999697,0.001515,25,0.9363207791154012,0.0222903672428554,M5 Gradient Boosting  AUC 0.936
EXP-A2,6,M5,Gradient Boosting,0.82,0.999697,0.001515,25,0.9363207791154012,0.0222903672428554,M5 Gradient Boosting  AUC 0.936
EXP-A2,6,M5,Gradient Boosting,0.83,0.999697,0.001515,25,0.9363207791154012,0.0222903672428554,M5 Gradient Boosting  AUC 0.936
EXP-A2,6,M5,Gradient Boosting,0.84,0.999697,0.001515,25,0.9363207791154012,0.0222903672428554,M5 Gradient Boosting  AUC 0.936
EXP-A2,6,M5,Gradient Boosting,0.85,0.999697,0.001515,25,0.9363207791154012,0.0222903672428554,M5 Gradient Boosting  AUC 0.936
EXP-A2,6,M5,Gradient Boosting,0.86,0.999697,0.001515,25,0.9363207791154012,0.0222903672428554,M5 Gradient Boosting  AUC 0.936
EXP-A2,6,M5,Gradient Boosting,0.87,0.999697,0.001515,25,0.9363207791154012,0.0222903672428554,M5 Gradient Boosting  AUC 0.936
EXP-A2,6,M5,Gradient Boosting,0.88,0.999697,0.001515,25,0.9363207791154012,0.0222903672428554,M5 Gradient Boosting  AUC 0.936
EXP-A2,6,M5,Gradient Boosting,0.89,0.999697,0.001515,25,0.9363207791154012,0.0222903672428554,M5 Gradient Boosting  AUC 0.936
EXP-A2,6,M5,Gradient Boosting,0.9,0.999697,0.001515,25,0.9363207791154012,0.0222903672428554,M5 Gradient Boosting  AUC 0.936
EXP-A2,6,M5,Gradient Boosting,0.91,0.999697,0.001515,25,0.9363207791154012,0.0222903672428554,M5 Gradient Boosting  AUC 0.936
EXP-A2,6,M5,Gradient Boosting,0.92,0.999697,0.001515,25,0.9363207791154012,0.0222903672428554,M5 Gradient Boosting  AUC 0.936
EXP-A2,6,M5,Gradient Boosting,0.93,0.999697,0.001515,25,0.9363207791154012,0.0222903672428554,M5 Gradient Boosting  AUC 0.936
EXP-A2,6,M5,Gradient Boosting,0.94,0.999697,0.001515,25,0.9363207791154012,0.0222903672428554,M5 Gradient Boosting  AUC 0.936
EXP-A2,6,M5,Gradient Boosting,0.95,0.999697,0.001515,25,0.9363207791154012,0.0222903672428554,M5 Gradient Boosting  AUC 0.936
EXP-A2,6,M5,Gradient Boosting,0.96,0.999697,0.001515,25,0.9363207791154012,0.0222903672428554,M5 Gradient Boosting  AUC 0.936
EXP-A2,6,M5,Gradient Boosting,0.97,0.999697,0.001515,25,0.9363207791154012,0.0222903672428554,M5 Gradient Boosting  AUC 0.936
EXP-A2,6,M5,Gradient Boosting,0.98,0.999697,0.001515,25,0.9363207791154012,0.0222903672428554,M5 Gradient Boosting  AUC 0.936
EXP-A2,6,M5,Gradient Boosting,0.99,0.999697,0.001515,25,0.9363207791154012,0.0222903672428554,M5 Gradient Boosting  AUC 0.936
EXP-A2,6,M5,Gradient Boosting,1.0,1.0,0.0,25,0.9363207791154012,0.0222903672428554,M5 Gradient Boosting  AUC 0.936
EXP-A2,7,M3,SVM (RBF kernel),0.0,0.050712,0.061961,25,0.9220133878251724,0.0220666349971855,M3 SVM (RBF kernel)  AUC 0.922
EXP-A2,7,M3,SVM (RBF kernel),0.01,0.244905,0.147928,25,0.9220133878251724,0.0220666349971855,M3 SVM (RBF kernel)  AUC 0.922
EXP-A2,7,M3,SVM (RBF kernel),0.02,0.368063,0.157462,25,0.9220133878251724,0.0220666349971855,M3 SVM (RBF kernel)  AUC 0.922
EXP-A2,7,M3,SVM (RBF kernel),0.03,0.440438,0.150955,25,0.9220133878251724,0.0220666349971855,M3 SVM (RBF kernel)  AUC 0.922
EXP-A2,7,M3,SVM (RBF kernel),0.04,0.509984,0.135413,25,0.9220133878251724,0.0220666349971855,M3 SVM (RBF kernel)  AUC 0.922
EXP-A2,7,M3,SVM (RBF kernel),0.05,0.568887,0.132196,25,0.9220133878251724,0.0220666349971855,M3 SVM (RBF kernel)  AUC 0.922
EXP-A2,7,M3,SVM (RBF kernel),0.06,0.620063,0.124403,25,0.9220133878251724,0.0220666349971855,M3 SVM (RBF kernel)  AUC 0.922
EXP-A2,7,M3,SVM (RBF kernel),0.07,0.660758,0.113233,25,0.9220133878251724,0.0220666349971855,M3 SVM (RBF kernel)  AUC 0.922
EXP-A2,7,M3,SVM (RBF kernel),0.08,0.688674,0.119467,25,0.9220133878251724,0.0220666349971855,M3 SVM (RBF kernel)  AUC 0.922
EXP-A2,7,M3,SVM (RBF kernel),0.09,0.716973,0.110148,25,0.9220133878251724,0.0220666349971855,M3 SVM (RBF kernel)  AUC 0.922
EXP-A2,7,M3,SVM (RBF kernel),0.1,0.742588,0.101685,25,0.9220133878251724,0.0220666349971855,M3 SVM (RBF kernel)  AUC 0.922
EXP-A2,7,M3,SVM (RBF kernel),0.11,0.764855,0.091439,25,0.9220133878251724,0.0220666349971855,M3 SVM (RBF kernel)  AUC 0.922
EXP-A2,7,M3,SVM (RBF kernel),0.12,0.77753,0.082031,25,0.9220133878251724,0.0220666349971855,M3 SVM (RBF kernel)  AUC 0.922
EXP-A2,7,M3,SVM (RBF kernel),0.13,0.79313,0.075992,25,0.9220133878251724,0.0220666349971855,M3 SVM (RBF kernel)  AUC 0.922
EXP-A2,7,M3,SVM (RBF kernel),0.14,0.810594,0.071657,25,0.9220133878251724,0.0220666349971855,M3 SVM (RBF kernel)  AUC 0.922
EXP-A2,7,M3,SVM (RBF kernel),0.15,0.822039,0.071703,25,0.9220133878251724,0.0220666349971855,M3 SVM (RBF kernel)  AUC 0.922
EXP-A2,7,M3,SVM (RBF kernel),0.16,0.835928,0.069426,25,0.9220133878251724,0.0220666349971855,M3 SVM (RBF kernel)  AUC 0.922
EXP-A2,7,M3,SVM (RBF kernel),0.17,0.848613,0.064259,25,0.9220133878251724,0.0220666349971855,M3 SVM (RBF kernel)  AUC 0.922
EXP-A2,7,M3,SVM (RBF kernel),0.18,0.862104,0.06146,25,0.9220133878251724,0.0220666349971855,M3 SVM (RBF kernel)  AUC 0.922
EXP-A2,7,M3,SVM (RBF kernel),0.19,0.871654,0.062771,25,0.9220133878251724,0.0220666349971855,M3 SVM (RBF kernel)  AUC 0.922
EXP-A2,7,M3,SVM (RBF kernel),0.2,0.884021,0.060819,25,0.9220133878251724,0.0220666349971855,M3 SVM (RBF kernel)  AUC 0.922
EXP-A2,7,M3,SVM (RBF kernel),0.21,0.891242,0.057754,25,0.9220133878251724,0.0220666349971855,M3 SVM (RBF kernel)  AUC 0.922
EXP-A2,7,M3,SVM (RBF kernel),0.22,0.898462,0.054732,25,0.9220133878251724,0.0220666349971855,M3 SVM (RBF kernel)  AUC 0.922
EXP-A2,7,M3,SVM (RBF kernel),0.23,0.907787,0.050608,25,0.9220133878251724,0.0220666349971855,M3 SVM (RBF kernel)  AUC 0.922
EXP-A2,7,M3,SVM (RBF kernel),0.24,0.911123,0.04948,25,0.9220133878251724,0.0220666349971855,M3 SVM (RBF kernel)  AUC 0.922
EXP-A2,7,M3,SVM (RBF kernel),0.25,0.917481,0.043744,25,0.9220133878251724,0.0220666349971855,M3 SVM (RBF kernel)  AUC 0.922
EXP-A2,7,M3,SVM (RBF kernel),0.26,0.926217,0.040224,25,0.9220133878251724,0.0220666349971855,M3 SVM (RBF kernel)  AUC 0.922
EXP-A2,7,M3,SVM (RBF kernel),0.27,0.936777,0.037713,25,0.9220133878251724,0.0220666349971855,M3 SVM (RBF kernel)  AUC 0.922
EXP-A2,7,M3,SVM (RBF kernel),0.28,0.942807,0.034744,25,0.9220133878251724,0.0220666349971855,M3 SVM (RBF kernel)  AUC 0.922
EXP-A2,7,M3,SVM (RBF kernel),0.29,0.94796,0.029801,25,0.9220133878251724,0.0220666349971855,M3 SVM (RBF kernel)  AUC 0.922
EXP-A2,7,M3,SVM (RBF kernel),0.3,0.953058,0.027537,25,0.9220133878251724,0.0220666349971855,M3 SVM (RBF kernel)  AUC 0.922
EXP-A2,7,M3,SVM (RBF kernel),0.31,0.957263,0.025401,25,0.9220133878251724,0.0220666349971855,M3 SVM (RBF kernel)  AUC 0.922
EXP-A2,7,M3,SVM (RBF kernel),0.32,0.961762,0.02446,25,0.9220133878251724,0.0220666349971855,M3 SVM (RBF kernel)  AUC 0.922
EXP-A2,7,M3,SVM (RBF kernel),0.33,0.965078,0.023044,25,0.9220133878251724,0.0220666349971855,M3 SVM (RBF kernel)  AUC 0.922
EXP-A2,7,M3,SVM (RBF kernel),0.34,0.969906,0.023386,25,0.9220133878251724,0.0220666349971855,M3 SVM (RBF kernel)  AUC 0.922
EXP-A2,7,M3,SVM (RBF kernel),0.35,0.973517,0.023229,25,0.9220133878251724,0.0220666349971855,M3 SVM (RBF kernel)  AUC 0.922
EXP-A2,7,M3,SVM (RBF kernel),0.36,0.976228,0.022268,25,0.9220133878251724,0.0220666349971855,M3 SVM (RBF kernel)  AUC 0.922
EXP-A2,7,M3,SVM (RBF kernel),0.37,0.977432,0.021632,25,0.9220133878251724,0.0220666349971855,M3 SVM (RBF kernel)  AUC 0.922
EXP-A2,7,M3,SVM (RBF kernel),0.38,0.978649,0.020311,25,0.9220133878251724,0.0220666349971855,M3 SVM (RBF kernel)  AUC 0.922
EXP-A2,7,M3,SVM (RBF kernel),0.39,0.981623,0.018735,25,0.9220133878251724,0.0220666349971855,M3 SVM (RBF kernel)  AUC 0.922
EXP-A2,7,M3,SVM (RBF kernel),0.4,0.983424,0.016476,25,0.9220133878251724,0.0220666349971855,M3 SVM (RBF kernel)  AUC 0.922
EXP-A2,7,M3,SVM (RBF kernel),0.41,0.985233,0.015797,25,0.9220133878251724,0.0220666349971855,M3 SVM (RBF kernel)  AUC 0.922
EXP-A2,7,M3,SVM (RBF kernel),0.42,0.986749,0.014628,25,0.9220133878251724,0.0220666349971855,M3 SVM (RBF kernel)  AUC 0.922
EXP-A2,7,M3,SVM (RBF kernel),0.43,0.988552,0.013281,25,0.9220133878251724,0.0220666349971855,M3 SVM (RBF kernel)  AUC 0.922
EXP-A2,7,M3,SVM (RBF kernel),0.44,0.990357,0.012462,25,0.9220133878251724,0.0220666349971855,M3 SVM (RBF kernel)  AUC 0.922
EXP-A2,7,M3,SVM (RBF kernel),0.45,0.991259,0.011074,25,0.9220133878251724,0.0220666349971855,M3 SVM (RBF kernel)  AUC 0.922
EXP-A2,7,M3,SVM (RBF kernel),0.46,0.991854,0.010921,25,0.9220133878251724,0.0220666349971855,M3 SVM (RBF kernel)  AUC 0.922
EXP-A2,7,M3,SVM (RBF kernel),0.47,0.992766,0.011037,25,0.9220133878251724,0.0220666349971855,M3 SVM (RBF kernel)  AUC 0.922
EXP-A2,7,M3,SVM (RBF kernel),0.48,0.993668,0.009199,25,0.9220133878251724,0.0220666349971855,M3 SVM (RBF kernel)  AUC 0.922
EXP-A2,7,M3,SVM (RBF kernel),0.49,0.994573,0.007733,25,0.9220133878251724,0.0220666349971855,M3 SVM (RBF kernel)  AUC 0.922
EXP-A2,7,M3,SVM (RBF kernel),0.5,0.995476,0.007565,25,0.9220133878251724,0.0220666349971855,M3 SVM (RBF kernel)  AUC 0.922
EXP-A2,7,M3,SVM (RBF kernel),0.51,0.996673,0.006956,25,0.9220133878251724,0.0220666349971855,M3 SVM (RBF kernel)  AUC 0.922
EXP-A2,7,M3,SVM (RBF kernel),0.52,0.996978,0.006186,25,0.9220133878251724,0.0220666349971855,M3 SVM (RBF kernel)  AUC 0.922
EXP-A2,7,M3,SVM (RBF kernel),0.53,0.997283,0.005728,25,0.9220133878251724,0.0220666349971855,M3 SVM (RBF kernel)  AUC 0.922
EXP-A2,7,M3,SVM (RBF kernel),0.54,0.998199,0.004486,25,0.9220133878251724,0.0220666349971855,M3 SVM (RBF kernel)  AUC 0.922
EXP-A2,7,M3,SVM (RBF kernel),0.55,0.998199,0.004486,25,0.9220133878251724,0.0220666349971855,M3 SVM (RBF kernel)  AUC 0.922
EXP-A2,7,M3,SVM (RBF kernel),0.56,0.998199,0.004486,25,0.9220133878251724,0.0220666349971855,M3 SVM (RBF kernel)  AUC 0.922
EXP-A2,7,M3,SVM (RBF kernel),0.57,0.99881,0.00351,25,0.9220133878251724,0.0220666349971855,M3 SVM (RBF kernel)  AUC 0.922
EXP-A2,7,M3,SVM (RBF kernel),0.58,0.99881,0.00351,25,0.9220133878251724,0.0220666349971855,M3 SVM (RBF kernel)  AUC 0.922
EXP-A2,7,M3,SVM (RBF kernel),0.59,0.999407,0.002963,25,0.9220133878251724,0.0220666349971855,M3 SVM (RBF kernel)  AUC 0.922
EXP-A2,7,M3,SVM (RBF kernel),0.6,0.999407,0.002963,25,0.9220133878251724,0.0220666349971855,M3 SVM (RBF kernel)  AUC 0.922
EXP-A2,7,M3,SVM (RBF kernel),0.61,0.999407,0.002963,25,0.9220133878251724,0.0220666349971855,M3 SVM (RBF kernel)  AUC 0.922
EXP-A2,7,M3,SVM (RBF kernel),0.62,0.999407,0.002963,25,0.9220133878251724,0.0220666349971855,M3 SVM (RBF kernel)  AUC 0.922
EXP-A2,7,M3,SVM (RBF kernel),0.63,0.999704,0.001481,25,0.9220133878251724,0.0220666349971855,M3 SVM (RBF kernel)  AUC 0.922
EXP-A2,7,M3,SVM (RBF kernel),0.64,0.999704,0.001481,25,0.9220133878251724,0.0220666349971855,M3 SVM (RBF kernel)  AUC 0.922
EXP-A2,7,M3,SVM (RBF kernel),0.65,0.999704,0.001481,25,0.9220133878251724,0.0220666349971855,M3 SVM (RBF kernel)  AUC 0.922
EXP-A2,7,M3,SVM (RBF kernel),0.66,0.999704,0.001481,25,0.9220133878251724,0.0220666349971855,M3 SVM (RBF kernel)  AUC 0.922
EXP-A2,7,M3,SVM (RBF kernel),0.67,0.999704,0.001481,25,0.9220133878251724,0.0220666349971855,M3 SVM (RBF kernel)  AUC 0.922
EXP-A2,7,M3,SVM (RBF kernel),0.68,0.999704,0.001481,25,0.9220133878251724,0.0220666349971855,M3 SVM (RBF kernel)  AUC 0.922
EXP-A2,7,M3,SVM (RBF kernel),0.69,0.999704,0.001481,25,0.9220133878251724,0.0220666349971855,M3 SVM (RBF kernel)  AUC 0.922
EXP-A2,7,M3,SVM (RBF kernel),0.7,0.999704,0.001481,25,0.9220133878251724,0.0220666349971855,M3 SVM (RBF kernel)  AUC 0.922
EXP-A2,7,M3,SVM (RBF kernel),0.71,0.999704,0.001481,25,0.9220133878251724,0.0220666349971855,M3 SVM (RBF kernel)  AUC 0.922
EXP-A2,7,M3,SVM (RBF kernel),0.72,0.999704,0.001481,25,0.9220133878251724,0.0220666349971855,M3 SVM (RBF kernel)  AUC 0.922
EXP-A2,7,M3,SVM (RBF kernel),0.73,0.999704,0.001481,25,0.9220133878251724,0.0220666349971855,M3 SVM (RBF kernel)  AUC 0.922
EXP-A2,7,M3,SVM (RBF kernel),0.74,0.999704,0.001481,25,0.9220133878251724,0.0220666349971855,M3 SVM (RBF kernel)  AUC 0.922
EXP-A2,7,M3,SVM (RBF kernel),0.75,0.999704,0.001481,25,0.9220133878251724,0.0220666349971855,M3 SVM (RBF kernel)  AUC 0.922
EXP-A2,7,M3,SVM (RBF kernel),0.76,1.0,0.0,25,0.9220133878251724,0.0220666349971855,M3 SVM (RBF kernel)  AUC 0.922
EXP-A2,7,M3,SVM (RBF kernel),0.77,1.0,0.0,25,0.9220133878251724,0.0220666349971855,M3 SVM (RBF kernel)  AUC 0.922
EXP-A2,7,M3,SVM (RBF kernel),0.78,1.0,0.0,25,0.9220133878251724,0.0220666349971855,M3 SVM (RBF kernel)  AUC 0.922
EXP-A2,7,M3,SVM (RBF kernel),0.79,1.0,0.0,25,0.9220133878251724,0.0220666349971855,M3 SVM (RBF kernel)  AUC 0.922
EXP-A2,7,M3,SVM (RBF kernel),0.8,1.0,0.0,25,0.9220133878251724,0.0220666349971855,M3 SVM (RBF kernel)  AUC 0.922
EXP-A2,7,M3,SVM (RBF kernel),0.81,1.0,0.0,25,0.9220133878251724,0.0220666349971855,M3 SVM (RBF kernel)  AUC 0.922
EXP-A2,7,M3,SVM (RBF kernel),0.82,1.0,0.0,25,0.9220133878251724,0.0220666349971855,M3 SVM (RBF kernel)  AUC 0.922
EXP-A2,7,M3,SVM (RBF kernel),0.83,1.0,0.0,25,0.9220133878251724,0.0220666349971855,M3 SVM (RBF kernel)  AUC 0.922
EXP-A2,7,M3,SVM (RBF kernel),0.84,1.0,0.0,25,0.9220133878251724,0.0220666349971855,M3 SVM (RBF kernel)  AUC 0.922
EXP-A2,7,M3,SVM (RBF kernel),0.85,1.0,0.0,25,0.9220133878251724,0.0220666349971855,M3 SVM (RBF kernel)  AUC 0.922
EXP-A2,7,M3,SVM (RBF kernel),0.86,1.0,0.0,25,0.9220133878251724,0.0220666349971855,M3 SVM (RBF kernel)  AUC 0.922
EXP-A2,7,M3,SVM (RBF kernel),0.87,1.0,0.0,25,0.9220133878251724,0.0220666349971855,M3 SVM (RBF kernel)  AUC 0.922
EXP-A2,7,M3,SVM (RBF kernel),0.88,1.0,0.0,25,0.9220133878251724,0.0220666349971855,M3 SVM (RBF kernel)  AUC 0.922
EXP-A2,7,M3,SVM (RBF kernel),0.89,1.0,0.0,25,0.9220133878251724,0.0220666349971855,M3 SVM (RBF kernel)  AUC 0.922
EXP-A2,7,M3,SVM (RBF kernel),0.9,1.0,0.0,25,0.9220133878251724,0.0220666349971855,M3 SVM (RBF kernel)  AUC 0.922
EXP-A2,7,M3,SVM (RBF kernel),0.91,1.0,0.0,25,0.9220133878251724,0.0220666349971855,M3 SVM (RBF kernel)  AUC 0.922
EXP-A2,7,M3,SVM (RBF kernel),0.92,1.0,0.0,25,0.9220133878251724,0.0220666349971855,M3 SVM (RBF kernel)  AUC 0.922
EXP-A2,7,M3,SVM (RBF kernel),0.93,1.0,0.0,25,0.9220133878251724,0.0220666349971855,M3 SVM (RBF kernel)  AUC 0.922
EXP-A2,7,M3,SVM (RBF kernel),0.94,1.0,0.0,25,0.9220133878251724,0.0220666349971855,M3 SVM (RBF kernel)  AUC 0.922
EXP-A2,7,M3,SVM (RBF kernel),0.95,1.0,0.0,25,0.9220133878251724,0.0220666349971855,M3 SVM (RBF kernel)  AUC 0.922
EXP-A2,7,M3,SVM (RBF kernel),0.96,1.0,0.0,25,0.9220133878251724,0.0220666349971855,M3 SVM (RBF kernel)  AUC 0.922
EXP-A2,7,M3,SVM (RBF kernel),0.97,1.0,0.0,25,0.9220133878251724,0.0220666349971855,M3 SVM (RBF kernel)  AUC 0.922
EXP-A2,7,M3,SVM (RBF kernel),0.98,1.0,0.0,25,0.9220133878251724,0.0220666349971855,M3 SVM (RBF kernel)  AUC 0.922
EXP-A2,7,M3,SVM (RBF kernel),0.99,1.0,0.0,25,0.9220133878251724,0.0220666349971855,M3 SVM (RBF kernel)  AUC 0.922
EXP-A2,7,M3,SVM (RBF kernel),1.0,1.0,0.0,25,0.9220133878251724,0.0220666349971855,M3 SVM (RBF kernel)  AUC 0.922
