,time_mean,time_std,time_var,time_min,time_max,time_range,time_median,time_iqr,time_skewness,time_kurtosis,time_energy,time_rms,time_peak_to_peak,time_crest_factor,time_zcr_mean,time_zcr_std,time_shannon_entropy,time_sample_entropy,time_hjorth_activity,time_hjorth_mobility,time_hjorth_complexity,time_autocorr_peak_value,time_autocorr_peak_lag,time_duration,freq_centroid_mean,freq_centroid_std,freq_bandwidth_mean,freq_bandwidth_std,freq_rolloff85_mean,freq_rolloff85_std,freq_rolloff95_mean,freq_rolloff95_std,freq_flatness_mean,freq_flatness_std,freq_flux_mean,freq_flux_std,freq_spectral_entropy,freq_dominant,freq_peak_power,freq_total_power,freq_band_power_20_50,freq_band_power_50_100,freq_band_power_100_150,freq_band_power_150_250,freq_band_power_250_350,freq_band_power_350_400,mfcc_01_mean,mfcc_02_mean,mfcc_03_mean,mfcc_04_mean,mfcc_05_mean,mfcc_06_mean,mfcc_07_mean,mfcc_08_mean,mfcc_09_mean,mfcc_10_mean,mfcc_11_mean,mfcc_12_mean,mfcc_13_mean,mfcc_01_std,mfcc_02_std,mfcc_03_std,mfcc_04_std,mfcc_05_std,mfcc_06_std,mfcc_07_std,mfcc_08_std,mfcc_09_std,mfcc_10_std,mfcc_11_std,mfcc_12_std,mfcc_13_std,mfcc_01_delta_mean,mfcc_02_delta_mean,mfcc_03_delta_mean,mfcc_04_delta_mean,mfcc_05_delta_mean,mfcc_06_delta_mean,mfcc_07_delta_mean,mfcc_08_delta_mean,mfcc_09_delta_mean,mfcc_10_delta_mean,mfcc_11_delta_mean,mfcc_12_delta_mean,mfcc_13_delta_mean,chroma_01_mean,chroma_02_mean,chroma_03_mean,chroma_04_mean,chroma_05_mean,chroma_06_mean,chroma_07_mean,chroma_08_mean,chroma_09_mean,chroma_10_mean,chroma_11_mean,chroma_12_mean,chroma_01_std,chroma_02_std,chroma_03_std,chroma_04_std,chroma_05_std,chroma_06_std,chroma_07_std,chroma_08_std,chroma_09_std,chroma_10_std,chroma_11_std,chroma_12_std,dwt_cA5_energy,dwt_cD5_energy,dwt_cD4_energy,dwt_cD3_energy,dwt_cD2_energy,dwt_cD1_energy,dwt_cA5_std,dwt_cD5_std,dwt_cD4_std,dwt_cD3_std,dwt_cD2_std,dwt_cD1_std,dwt_cA5_entropy,dwt_cD5_entropy,dwt_cD4_entropy,dwt_cD3_entropy,dwt_cD2_entropy,dwt_cD1_entropy,dwt_cA5_mean_abs,dwt_cD5_mean_abs,dwt_cD4_mean_abs,dwt_cD3_mean_abs,dwt_cD2_mean_abs,dwt_cD1_mean_abs,env_mean,env_std,env_skew,env_kurtosis,env_peak_rate
time_mean,1.0,0.06467386865447894,0.0646738851045536,-0.009690110183319662,0.012340541702448518,0.011398887510968412,-0.007061267084778049,-0.01728087660442331,0.021137383878494457,0.007851471787064662,0.01319572418019524,0.06467386887303102,0.011398887510968412,0.010874753167309804,0.0016430698354244371,0.008171030601589623,-0.01997451960540791,-0.020369047921717474,0.0646738851045536,0.003816997483738233,-0.0065829014478467176,0.0004558773145020902,-0.01232565264425897,0.013195723927030395,0.0014925033347473354,0.013317811974673138,0.00020676188845393973,0.0008980213137971712,0.0011946078903367697,0.0037615794597160475,0.0019741344353014162,-0.0002783026517751078,0.011078061715797664,0.011138088754790823,-0.004009553245508594,-0.0016540138833526388,0.003875627378129011,-3.877477327922024e-06,-0.010041806227333513,-0.023743660294793897,0.0025945797088374662,0.004206573457741218,-0.02220719721004016,0.00280598140572012,0.0015276597689714588,0.0049094221548559545,-0.004897017017677908,0.004550107556178291,0.000562790702760839,-0.0019534799114877825,-0.004356624615885532,-0.007472054747450278,-0.012277312873173334,-0.008206999177909997,-0.017240495670191945,-0.013318163299771505,-0.008112473344663843,-0.02205040009638052,-0.008400884321782195,0.00485044933717561,0.009551424268286077,0.03466646656384638,0.002548174193617729,-0.017003327312827474,-0.01227900664276196,-0.0073758921544024615,-0.01858363709156496,0.00989938517067455,-0.011677713315956904,-0.01973873752075531,-0.008003057214637144,0.012192136632754204,0.009339722971441209,0.0006560994741459732,-0.009103878036793687,-0.024564445419985866,0.010575551845104014,-0.005352682540459723,-0.042719574172471256,-0.0005263869261695437,0.00791234019272992,-0.05176570245714584,-0.0280924098634472,-0.0107970735266555,0.018206987012226745,-0.00041540309920380615,-0.0012684537132721051,0.006027285696688968,0.009733384090932554,0.005734109685082624,0.005073240461716807,0.0137670949403196,0.010288491851463615,0.00225417864690436,-0.004502403730527983,-0.004385103907452945,0.003457186795956003,-0.002180614255411854,-0.0014778025329963732,0.0022413969548474855,-0.012412104858162342,-0.017680503773858613,-0.01463039124190597,-0.012877341928903639,-0.006023948702548949,0.012690022057574126,0.0025715824265800376,0.005683166986026755,-0.0018692523264765945,0.006124614111757582,0.014947001113477094,0.00854105150660981,0.004405640828606751,0.004000616358845629,0.007732136821605685,0.001677076015156616,0.010900978387772028,-0.004810330593165811,-0.0027214735826671106,0.0039052392183210683,0.005449216456752188,-0.02673591574831084,-0.03008115960965979,-0.014009969808316937,-0.015367739389784656,-0.01435444348191454,-0.008018505488067864,-0.010449949908143139,-0.0032260406561781074,-0.007885964436457185,-0.013109949285991867,0.0004537986313535579,0.005486650976144169,-0.018490338503981994,0.01466232817443952,0.01129026610131135,0.009008681591258803,-0.02262398155665239
time_std,0.06467386865447894,1.0,0.9999999995496209,0.014397233678045372,-0.014470145858304832,-0.014754332147314073,-0.007773415709312138,0.003823423558364998,0.003788125053037144,-0.014231378162589587,0.0049736219809063485,1.0,-0.014754332147314073,-0.013828966838713114,-0.02005630340911726,-0.017460547106866002,0.002461238397714935,-0.014687217219121421,0.9999999995496209,-0.015119577653386389,0.007715320457907723,0.005107475769058445,0.009458802644616727,0.004973617247336828,-0.020054017511403864,-0.0038201330600239097,-0.014746308578637114,0.009718650864957403,-0.018776099459968585,0.008160833810693253,-0.016043634822788557,0.019283944838816788,-0.006266836198996932,-0.009216024503886323,0.014948061902972336,0.012722027066364999,-0.017512836996446072,0.0003158567493256892,0.00877863325775648,-0.025556279017712714,0.01668891742311526,0.010056652184915311,-0.027307737353730408,-0.019643393208838036,-0.011400953100571569,-0.0052751368138610494,-0.018291222312342117,0.017740578694220476,0.014614240938798574,0.008023780213926836,0.008476126800809556,0.010562244425834533,0.011073552895544908,0.0003200517354177704,0.004965155845812375,0.0018359785018555817,0.009874175567690381,0.008771497614905224,0.011099517017357204,-0.0024073869263960684,-0.003074006443960053,0.0005916690717992884,-0.008374549152033986,-0.014422256882104788,0.011288605647985905,0.00043096230432965806,0.0016203254032395391,0.0007789513741042762,-0.0037651930239530145,0.004021563723668334,0.023684631577896385,-0.007952321896372967,-0.01832284097115117,0.010960778944433005,-0.015307144194579828,-0.007837799665067872,-0.012557748635647525,0.03473275099282359,-0.005029356455444737,-0.03758790234402219,0.01515927899997675,-0.004599313269165875,-0.003722669347496614,0.0032474256325649986,0.004028003016937725,0.012853757873933256,0.010719415159541345,0.0044391737076628374,0.007299825218455863,0.0015608383589499936,0.001154429833498865,-0.011260213138838363,-0.000530039279161185,0.01048217594107826,0.01060247106245357,0.007452925186827958,0.008898690997031972,0.004610641461627541,-0.0007212401366882852,-0.005286849728648883,-0.013387768703436491,-0.012832783071312295,-0.006006565934913796,-0.006191504606881763,0.0034804487731539425,-0.0026927050869343856,-0.00462188051537439,0.007550883420395085,0.004079713000007471,0.04615339825690155,0.015463561652996725,0.004120241110918026,-0.014707434090735244,-0.008090528431266696,-0.005041816317957438,0.004274733345066366,0.017694356045524766,0.001021753745239512,-0.01578303049566688,-0.011635000400606901,-0.012897850843927266,0.014166386467097284,-0.0046294999740065165,-0.01063430469841599,0.0017267372900073151,-0.002171287303106552,-0.0013930671660292067,0.00867425732417802,0.01419612683757477,-0.0033748357691007454,-0.017437856057847853,-0.015863667830506193,-0.014329108107961595,0.0019652013582589856,0.018771554084969,0.0051239253871275875,0.016353202671447443,-0.010898390384123515
time_var,0.0646738851045536,0.9999999995496209,1.0,0.014396524578978845,-0.01446933644143226,-0.014753550859369371,-0.007773578844004813,0.0038232027958709364,0.0037885612770236733,-0.014230936266176133,0.0049734692378624375,1.0,-0.014753550859369371,-0.013828176182391592,-0.0200555927213674,-0.017459872233076653,0.00246044353743422,-0.014686786467686787,1.0,-0.0151187215109976,0.0077150711976987935,0.005107041132838278,0.009458897441137978,0.0049734645042929446,-0.020053218005531132,-0.0038195110180907973,-0.01474541695069884,0.009718314143393783,-0.018775231246202572,0.008161004511867432,-0.01604276952084738,0.01928328796500535,-0.0062664694740449944,-0.009215567730447124,0.01494728947563605,0.012721599834163995,-0.01751202709933933,0.00031626759786871375,0.008777979110467788,-0.025556907711371125,0.016688253652992084,0.010056469053503379,-0.027307302740498727,-0.019642716929387134,-0.01140033593509132,-0.005274723166744885,-0.018290460503782215,0.01773973012961164,0.014613738372664107,0.008023635022873982,0.008475917538831125,0.010561989198015615,0.011073408887152681,0.0003198440585256644,0.004964815785996339,0.0018356498974518418,0.00987394725480026,0.008771241018788642,0.01109927985601984,-0.0024073038985339677,-0.0030741350853153568,0.000591469291043219,-0.008374456912097095,-0.014422180464385804,0.011288649136756174,0.0004308720427510968,0.0016201795124772755,0.0007787123968294295,-0.003765545071332859,0.004021184962706898,0.023684222888087053,-0.007952751696780206,-0.01832256899187216,0.01096062688808026,-0.015307426704756582,-0.00783793645480643,-0.012557828103383467,0.03473272849973177,-0.005029390519021823,-0.03758791673748799,0.015159260486541546,-0.004599351683209175,-0.0037226850578660257,0.00324741884499081,0.004027996658684173,0.012853698079357425,0.010719488809040407,0.004439437852736633,0.007300241158456001,0.001561410152644656,0.0011548846389032987,-0.011259892103238783,-0.000530154695740456,0.010481523641028374,0.010601934230030282,0.00745254681971786,0.008898424722432293,0.004610768418622735,-0.000721250338872144,-0.005286895893527709,-0.013387916180636608,-0.012832941698634609,-0.006006744441511589,-0.006191574349949387,0.0034805263309686616,-0.002692691841660822,-0.004621766377196282,0.007551112271739399,0.004079913713404143,0.04615314594092046,0.01546295029328677,0.004120079290842543,-0.014706840576016005,-0.008089894441971055,-0.005041289330593195,0.004274290859270077,0.017693626560793735,0.0010217342890350338,-0.015782237187933226,-0.011634113040364217,-0.012897006126769075,0.014166138067421829,-0.004629534096012929,-0.010634734972493958,0.001726011611707679,-0.0021720290817827215,-0.0013938489312318582,0.008673754320571337,0.014195514294574576,-0.0033750306959758345,-0.017437392010957096,-0.015862951721662594,-0.014328437151112566,0.001964796011591734,0.018771216840702837,0.005124381377416586,0.016353573887058975,-0.010898295954561607
time_min,-0.009690110183319662,0.014397233678045372,0.014396524578978845,1.0,-0.9140866410830468,-0.973447612766327,0.05795210094338221,0.31745628183822855,-0.30444194934604124,-0.8038922994580243,-0.20309944043800204,0.014397245490279547,-0.973447612766327,-0.9464016028102532,-0.4476342882157064,-0.34836391156894625,0.8516092061690088,-0.333115776819929,0.014396524128383804,-0.5931819711130454,0.32399232695423463,0.4622660330207176,-0.06691269863626992,-0.20309944054233692,-0.5114233687710508,-0.3823982420338001,-0.5575713712261565,0.2774354469059463,-0.5529877427907297,-0.1216306363833368,-0.5496655537335822,0.3614852495549324,-0.09341862538197179,-0.18058261417863336,0.5251152386474114,0.3503171512541299,-0.6369791033468986,-0.1967931594077317,0.5721590238201262,0.7386989556035256,0.4875395999904133,0.10361043884930295,-0.36407002605964695,-0.5909387888565092,-0.3558582409515007,-0.18622792559603094,-0.3949810742099586,0.5118057021759854,0.3689237430324819,0.21503414749039992,0.19711564367508938,0.21649406885846353,0.16026311973939195,0.17820242528043753,0.22467540994712448,0.2193203044794813,0.17567719384641112,0.17148916219472682,0.12030099828893256,-0.13798361296518238,0.018032284280181037,0.04220350133285789,-0.016443647433779015,0.025685631662432692,0.03616685596649355,0.071894441925116,0.11213577930850624,0.14474373275509134,0.16300137430632475,0.16667188058475413,0.1976267271452707,0.2068152283802792,-0.08019470280030455,0.07480632810853288,0.11728107034438956,0.10140151176368131,0.04267386998995093,0.020688769001582674,0.014258614917352854,0.013803578049436455,0.010868837330059654,0.0060583325653690056,0.004593030572533781,0.015287163148586209,0.007005329495609614,0.08780838767680998,-0.0064514657487322775,-0.16087123873945666,-0.24888955764962623,-0.33401734119055043,-0.26320881478504454,-0.1875449495494895,0.05382277513802632,0.3840733362296711,0.3577997996672361,0.27284936153564743,0.20724684624730438,-0.07895709603936142,0.010484372145521347,0.040555388829375656,0.1238157832310294,0.12137263367592624,0.16215867431126377,0.0928606851973089,-0.01010301952066972,-0.017910508358795357,-0.0787800627861072,-0.13920538672816496,-0.09580212784721719,0.1120152518297119,0.26961818955543937,-0.11727403526168623,-0.6931691704403273,-0.5006860650217311,-0.3473653787483449,0.35075586320952934,0.5321642510100303,-0.043288979118720664,-0.6479020827881339,-0.5888296499081703,-0.5279549949009522,0.3544086481917644,0.30649287938324565,0.6030159626145494,0.719678990411549,0.6414128105473674,0.5985953222237503,0.45261637807794625,0.5243160697921981,0.18587092859157978,-0.2182561904159141,-0.29810295797461245,-0.2671476440425444,0.5672279274635286,0.23158028086229576,-0.7783184608837631,-0.692071649786302,-0.015312923978727848
time_max,0.012340541702448518,-0.014470145858304832,-0.01446933644143226,-0.9140866410830468,1.0,0.9826427617145297,-0.09799716495855997,-0.27906274533809516,0.5745740961290394,0.8125482323979522,0.15805108240796403,-0.0144701572710746,0.9826427617145297,0.9879253968135013,0.4671162742758155,0.3751511780476034,-0.8496972710472251,0.37341128902735904,-0.014469336188171027,0.6077792824861667,-0.3203301575210503,-0.4836241707462856,0.08706531673682173,0.1580510824822083,0.53900582733805,0.39508040749975537,0.5973316240501012,-0.2927636857092464,0.5868321485119923,0.11743503039046517,0.5842282260671593,-0.3938395329405358,0.12973421794234233,0.224144617975216,-0.5501563752090436,-0.3689991252414089,0.657463568207337,0.170651939807359,-0.5901822756891851,-0.7819344211007899,-0.4954659419087824,-0.09224944950202156,0.37749243202906874,0.5843584335489787,0.35312810891167157,0.1876581794637417,0.4535862834637565,-0.5451635549548555,-0.3750096767559794,-0.20513163833341874,-0.1909875370862713,-0.22446429836315734,-0.15583398771550455,-0.17242987160152087,-0.2339273494993673,-0.22284194686366243,-0.17934371361076604,-0.17664884746861728,-0.12907780622163378,0.12421346406520922,-0.03592679735843964,-0.055747037216417,0.009212608887812272,-0.02854437021168315,-0.044186069982283,-0.07962017713620514,-0.1224034453552765,-0.1548166191311035,-0.16978641368430686,-0.17636366926707178,-0.207163876437639,-0.21307583037017533,0.1274026330325727,-0.09179577467819328,-0.170130361908867,-0.1099629888182891,-0.05629968695091264,-0.021927464920813537,-0.016463740984775637,-0.017787543136115053,-0.008641036594926302,-0.009220042241355586,-0.009935023215822179,-0.013858758811899508,-0.007668558468648935,-0.08356699208449113,0.008906848267190775,0.1682293097295717,0.260786274117689,0.3560634011329816,0.2864170156737309,0.20639680455553858,-0.05647383441739452,-0.41325418868487107,-0.3766434665235879,-0.28162481453816585,-0.2086590156847736,0.06916569227804722,-0.02746270757015201,-0.05563654463536485,-0.139497029387349,-0.1364538098560947,-0.18423320343213342,-0.1109689946916881,-0.005111893977494987,0.0004691480457248316,0.06401150793705279,0.12995688108747197,0.08664488394286426,-0.07526610755189203,-0.29408967552923254,0.08504271614478785,0.6651760097961522,0.47607372833197714,0.32704350102795177,-0.3388401186849159,-0.53771490341696,0.04729601878684104,0.666364346697899,0.6055179434749032,0.5420358994398033,-0.302946371230704,-0.2258707147931971,-0.542144206392119,-0.7131174334891976,-0.6448359242749125,-0.6118644325485619,-0.44339477208420197,-0.5050815671718257,-0.14978665559390777,0.2630215417897101,0.34389060540801125,0.30859375821034607,-0.5182375088832433,-0.29789177663228117,0.7228749362471243,0.6641616507752521,0.0433474451639389
time_range,0.011398887510968412,-0.014754332147314073,-0.014753550859369371,-0.973447612766327,0.9826427617145297,1.0,-0.08182872450293542,-0.30275008385987756,0.4636086937790185,0.8264194948087136,0.18212717932883465,-0.014754343993269973,1.0,0.9906095567855697,0.46845472781371345,0.37112964037678,-0.8692181094173997,0.36317211274626404,-0.014753550510278442,0.6144390541634869,-0.3290349419327245,-0.48446662139395963,0.07975694418646852,0.18212717941847326,0.5382162359492613,0.39794870131633614,0.5922511332606645,-0.2921762191611989,0.5842275043306269,0.12193140133983882,0.581237863089105,-0.38768142500541003,0.11596830946538901,0.20913557131134033,-0.5507740259121923,-0.3685504160428142,0.6625205116827642,0.1863553314192784,-0.5948886647892652,-0.779315187612318,-0.5027127395890233,-0.09947099795186083,0.3796361368983156,0.6001921426275805,0.36212626084685084,0.19112196884025764,0.43673058906078277,-0.5418670906610616,-0.38045502799705794,-0.21416313976215573,-0.197982021503424,-0.2257440153731618,-0.16127983416366495,-0.1788544661668982,-0.23482839997628702,-0.22612110471721175,-0.1816020477983156,-0.178164983300293,-0.12789533550648577,0.13323853757387252,-0.028529202613634924,-0.05077477846388176,0.012722673030668201,-0.02786300967951856,-0.04148725747751373,-0.07783320377107882,-0.12039250367634213,-0.15360607289942782,-0.170408425088872,-0.17580029920136395,-0.20734714352374578,-0.21488771589112732,0.10860277000619363,-0.08603822851283167,-0.14968745193706026,-0.10845955727489354,-0.05130191568528316,-0.021842001265929785,-0.015816277090584537,-0.016355384991491407,-0.00984978576820921,-0.00797602177587333,-0.007709304385287078,-0.014816318026645925,-0.0075334418650787605,-0.08734109164850734,0.007979070045760369,0.1685550132175835,0.26106685624988235,0.35379189488494295,0.28208552128247966,0.20230215024750445,-0.05650037745657244,-0.40897383821310906,-0.37628854108202603,-0.2837905361812193,-0.21259193143081836,0.07516265873270958,-0.020298485311411037,-0.049958464357367234,-0.13538471186442913,-0.13254921722984772,-0.1781779406462591,-0.10512036284309846,0.001736114607925051,0.008458136297174948,0.07217220673306188,0.1370395284736237,0.09273532144211499,-0.09372898378298104,-0.2893486539580166,0.10165341937066497,0.6925786857187219,0.4977800578128434,0.3435167265148014,-0.3517267609848498,-0.5469756133475394,0.04650085464116181,0.6725416859566017,0.6111715542111164,0.547489197950539,-0.3331362269985545,-0.26770861068279583,-0.5818875897361114,-0.7317680989426171,-0.6574206147363058,-0.6192214473672956,-0.4573433614839205,-0.5249643258598464,-0.1695806994840262,0.24831514978335367,0.3304911893662007,0.2964058393393677,-0.5520210558226928,-0.2740941354805337,0.7641011817086619,0.6915040240952863,0.03147406335830588
time_median,-0.007061267084778049,-0.007773415709312138,-0.007773578844004813,0.05795210094338221,-0.09799716495855997,-0.08182872450293542,1.0,0.04088729375481301,-0.17867442416062926,-0.05124863580520806,0.08593306198119777,-0.0077734122017666645,-0.08182872450293541,-0.08584084236139958,-0.058937003208264595,-0.07574533037240794,0.0867111679066215,-0.0246935519532114,-0.007773578606671041,-0.08227142004991947,-0.00923918650122442,0.08276806727559512,-0.06124852753709303,0.08593306199718244,-0.07865892593267777,-0.08621087424229167,-0.11796434549942046,0.018124052548700777,-0.09510477431956842,-0.05869295982458003,-0.10567886682321806,0.047135911661733226,-0.0627226595833698,-0.056383331972825496,0.08287459743607689,0.03357306673957948,-0.10052060434102071,-0.012986112331359006,0.0780465789901653,0.07271572026048709,0.07730991433104568,0.02284890360283943,-0.11087015142194213,-0.07065283484439285,-0.03979520825906831,-0.009759624280919121,-0.08989359912190184,0.102129621661084,0.07824787984452458,0.03490763154428541,0.016177681662736056,-0.014102793040508923,-0.023155260761116167,0.0010323664926556318,-0.006389174583533441,-0.014281882049499586,-0.010253910655724851,-0.01463008623122935,-0.05898493458338178,-0.04710428072671079,-0.002844317456513817,0.02708029853909088,-0.02585792344166623,0.004318316876445965,-0.03119939180565344,-0.013070948936627219,-0.000313850436921825,0.008312640416418814,0.034942448608442075,0.038201495845148356,0.04118044146321125,0.042439901194703165,-0.03667440179983018,0.041060621972602795,0.025679472811226452,0.02140688568055418,0.016990936948755385,-0.0008170173125956413,-0.007835473701933177,0.015230445054895065,0.0010014165489359485,-0.020874072888054977,0.04094095584483664,0.009692515846432546,-0.01666101985835599,-0.011841931687598835,-0.048036608772575984,-0.08165587909527766,-0.10877062296910102,-0.10152476941908306,-0.09154288737829878,-0.05824808652227536,0.0025981118577209123,0.0627588500624133,0.05488921379387481,0.05192054429810127,0.03929274726555853,0.011994264992341023,0.03707845409674609,0.02689392219135555,0.03801944025001691,0.03780326230022624,0.04712566982243229,0.03249326563990683,-0.004585795989231702,-0.006469970159085751,-0.01132760965623709,-0.022626380777795697,-0.02351711163597659,0.020473480714762897,0.15407151366249522,0.027584411007733324,-0.06874679028353649,-0.041978083646811076,-0.023847257630925864,0.00876520739961452,0.10266838351970659,-0.01752756903801693,-0.1103278626838129,-0.08628929970750351,-0.07133012571302458,0.0018703153457766792,-0.007939589488342754,0.054403247994571545,0.08425200914220202,0.0954569999579861,0.0903093010487455,0.0282114090345552,0.10187657556727837,0.01365454446119928,-0.07602097152027372,-0.059471304176947015,-0.0425285664898135,0.05041827123040529,0.05413968354160633,-0.038195392445195,-0.04416624334236179,0.005837789879206998
time_iqr,-0.01728087660442331,0.003823423558364998,0.0038232027958709364,0.31745628183822855,-0.27906274533809516,-0.30275008385987756,0.04088729375481301,1.0,-0.08762102678314633,-0.24932736400851568,-0.09910506266923153,0.0038234326747505084,-0.3027500838598775,-0.2813415224830541,-0.2944159464081531,-0.321438789336169,0.6194171442896192,0.49191333262441245,0.0038232029457075487,-0.33462635404943136,0.41831101890961003,0.01406333826268827,-0.07098614374344876,-0.09910506267420265,-0.3222279734758968,-0.38745790520520407,-0.30606848762473615,-0.21105008825352276,-0.32796847761482384,-0.3199226294178114,-0.331266856605618,-0.08691576011432481,-0.09454387962078309,-0.09210875464554104,0.3628397714195406,0.042152544154786566,-0.2990529268511356,-0.2906591571259361,0.3224375318155724,0.20136111143809127,0.4034535789917167,-0.17108260602624262,-0.24046956756907445,-0.25468724958024463,-0.27621533211984534,-0.14062926885711144,-0.019908674547911363,0.242715763638041,0.2316148155823669,0.32977708739531564,0.3450675421668473,0.39784818672311334,0.3742904598230796,0.3184697639893414,0.2451767656974289,0.2402722362819391,0.2353404334249608,0.23087771038902744,0.21426127242715912,-0.2963207372425511,-0.4768064568264773,-0.16248847325587457,-0.255913457828334,-0.23982558016220445,-0.21150331127039232,-0.18143811491092562,-0.14982819075574402,-0.10276214721347333,-0.0753967272934656,-0.050307195830953624,-0.0400766258947696,0.01955647436912939,-0.0401109724443829,0.003482162218133483,0.03832051217882363,0.02197202823136957,0.009373978313994466,-0.00275517848608184,-0.0010409714669969879,0.0005449637995098704,0.011637855581841583,0.008034497806029283,-0.007702948671599431,-0.009832042833556829,-0.0010590181079871282,0.07731268656163703,0.014863484506660089,-0.08374701191371099,-0.1289552519793204,-0.18185495387586237,-0.19096913129739698,-0.18407891809013469,0.03795082800531677,0.23345302018778064,0.19707524631476717,0.12698154432857653,0.136956055702062,-0.23397110656989015,-0.1730146077667626,-0.1437307025674521,-0.03493695011225742,-0.05127231784217017,-0.03442088559747819,-0.045065397782941885,-0.1543662969863258,-0.26233715315023026,-0.23683721066884772,-0.2633532313609426,-0.23282964520972957,0.1593030135323116,0.12171419337927807,-0.16785300920170468,-0.3056353194851972,-0.31491704297988726,-0.25118657480941453,0.4166775560702561,0.287360444519346,-0.22792230404255936,-0.3214641212049925,-0.29738742091142045,-0.26841907723068253,0.4800764046414935,0.6770626081320343,0.6731520500251954,0.48064533713632945,0.347750163415627,0.26573634006271046,0.6325737388035366,0.6159144327001067,0.2590702110582093,0.06638889762276343,-0.023953909067547692,-0.02488126610020135,0.9119150338892581,-0.6298664668695501,-0.36787925010594835,-0.24760788300562778,0.26704610166026616
time_skewness,0.021137383878494457,0.003788125053037144,0.0037885612770236733,-0.30444194934604124,0.5745740961290394,0.4636086937790185,-0.17867442416062926,-0.08762102678314633,1.0,0.5506238364730617,-0.030860755553210068,0.00378812160968545,0.4636086937790185,0.5053569039706688,0.19042206377621845,0.1480050390864199,-0.3481503176090907,0.1991322136255438,0.003788561057237193,0.26076176551473274,-0.1265254604203803,-0.21526997653339058,0.11323168590202731,-0.03086075566515943,0.23630654999861228,0.1561825969837425,0.2818722966953519,-0.14953781770558272,0.26613481112262793,0.03380948612638607,0.27028647507101194,-0.2136377578601366,0.12163349591128897,0.15971983992606645,-0.24707161578680997,-0.17437789376642732,0.28454708256922245,0.024048490477230063,-0.26675655086673605,-0.4904339371983834,-0.20674860345507498,-0.033256682795882946,0.17108534964027342,0.23912843642363849,0.13557193082134159,0.06509323754164151,0.2301521714718424,-0.250424941895032,-0.1521375579512432,-0.06140198771654718,-0.05666182933907668,-0.08403902123519304,-0.04811632123407741,-0.05949226687075736,-0.1151313434372805,-0.10107993158701595,-0.08462260244077473,-0.0802893400664416,-0.07089018885410979,0.04219589176350248,-0.06084550365758997,-0.04736049719660635,9.519010228552562e-05,-0.008962286056484133,-0.034549306780676914,-0.037848679660489694,-0.06173981518504445,-0.07533746512124871,-0.07333649388934926,-0.08051133443183771,-0.08845734688367378,-0.09224181180594432,0.11868380120823113,-0.055265096654547034,-0.14957782136456807,-0.06763481912995888,-0.050986684951006736,-0.017156519206764496,-0.016989537326600128,-0.014412595081298217,0.004873758445498943,-0.015796312344291154,-0.012520412971470664,0.001587722156284814,-0.0037003850849130367,-0.015595796244970242,0.018263620780672833,0.08503970456799004,0.13469790825229286,0.19061679728322112,0.1618705696982494,0.1192943200054148,-0.019181924094045368,-0.19190383725827892,-0.15906068603249737,-0.1107757007182428,-0.07191482598679826,-0.005406050105090535,-0.04758192360906515,-0.052885174634678074,-0.09562063221714251,-0.1007780393418495,-0.1235129755008743,-0.08338728468297726,-0.03444381310799867,-0.04287158584388689,-0.021984722115287736,0.015669389365037558,0.005065823578762915,0.14969545579459823,-0.1843530135331604,-0.05434383101104147,0.23777695368408577,0.15787869094645687,0.08849687612625255,-0.07642191435469564,-0.24721949298239443,-0.005594787825911137,0.30416035344569997,0.26333169310219373,0.22320573678827751,-0.054533003469569734,0.018238644995700052,-0.15905839324629661,-0.29407462198063344,-0.2818912769155708,-0.2843042151008719,-0.16562281770403176,-0.201608769597169,-0.05373231092775345,0.1241839897157098,0.15650770519339285,0.13901485832134036,-0.1965661517639274,-0.2090564989439214,0.3431807797479014,0.411666736432961,0.07196179757780943
time_kurtosis,0.007851471787064662,-0.014231378162589587,-0.014230936266176133,-0.8038922994580243,0.8125482323979522,0.8264194948087136,-0.05124863580520806,-0.24932736400851568,0.5506238364730617,1.0,0.10349521673128034,-0.014231384024231212,0.8264194948087138,0.8203841225668388,0.2953336846633222,0.18021526432237472,-0.6182080540808118,0.2808402869375978,-0.01423093598240715,0.4263262165896217,-0.2789404989544226,-0.28772159856294577,0.09811266608244792,0.10349521676444104,0.3390748854450999,0.2178551996713704,0.36423101822403897,-0.2229880476506995,0.36459644416203,0.027783816226920378,0.35971803393746843,-0.2683642999299651,0.07419681221602885,0.12520827717847174,-0.34201616997712575,-0.25364793662673496,0.4347217236986577,0.14608796659892553,-0.3975476464084214,-0.7307654898342691,-0.33547823180350217,-0.12246499193722664,0.249167935014063,0.4605555322250709,0.2606845735533209,0.12394950120342431,0.20636743518080825,-0.33442335165142356,-0.2583922238860478,-0.15778420929267353,-0.12172388599785341,-0.1328711446708681,-0.09174755800429785,-0.12042059542386495,-0.15417157561372402,-0.1427120094805859,-0.11290127866124768,-0.10425841030690483,-0.07316350450740221,0.07508963901415747,-0.0527954916436445,-0.027861940981864328,-0.01471088907700917,-0.03297636796827683,-0.04834218055813211,-0.06109055528657009,-0.09241902245490403,-0.10781863865546969,-0.11112774371090418,-0.10754264992626297,-0.1320354511686522,-0.13284145716630033,0.08059350873243765,-0.05229139545213638,-0.10677286081772454,-0.07985797634896659,-0.041280572619752404,-0.020080987259357804,-0.007711314142711289,-0.010012915059732093,-0.003480221293758473,-0.010017535845213331,-0.007772368471767876,-0.00878931763956602,-0.0019254573460273997,-0.06436059699587039,-0.006789242730811909,0.09054283535442328,0.14744437771494928,0.21283511222732293,0.16819509465281243,0.11079824614632948,-0.04575940950991489,-0.2588232589751731,-0.2388743886824218,-0.18430064475137972,-0.14182471221525692,0.036498284192195564,-0.016885396859203657,-0.02955369083564758,-0.08540090579491716,-0.08675552031829495,-0.11270381186695533,-0.06328105227280346,0.0017797264562299702,-0.014025552006218366,0.01856789962753811,0.0599805561872118,0.04468774596899403,0.05159434953539171,-0.2445358201124388,-0.0011947962487333175,0.5319894114792579,0.36933357270546496,0.23415802098616145,-0.21017017215641448,-0.4306972601240332,-0.044034028424622604,0.48148834423794484,0.41736473907937494,0.3586406149998924,-0.26745787963166645,-0.23068585050177873,-0.45028315865415025,-0.5231946914637192,-0.4519915495799071,-0.41417494276462524,-0.32084416891059714,-0.42328789333477174,-0.21622316807934228,0.08654188729895858,0.1483861078245349,0.1335353769193738,-0.4922511851759325,-0.1870089688986835,0.8075845169170472,0.826910794987369,0.022822220742697366
time_energy,0.01319572418019524,0.0049736219809063485,0.0049734692378624375,-0.20309944043800204,0.15805108240796403,0.18212717932883465,0.08593306198119777,-0.09910506266923153,-0.030860755553210068,0.10349521673128034,1.0,0.004973620175442506,0.18212717932883465,0.16129512894783132,0.04444642911355695,0.04928525741176884,-0.1830472581150018,0.01594998056395885,0.004973469116184994,0.0856128799960831,-0.15201489344225083,-0.13188560564642046,-0.20009314607410847,1.0,0.026559007036426083,0.08790782285833273,-0.010115548567192097,-0.08307081003481986,0.01941668106814661,0.032528186751276736,-0.003163572446562024,0.027626917125930916,-0.26376131100656075,-0.11896908735835168,-0.01950032437018262,0.00682297385954318,0.10986965339809408,0.056303206373404927,-0.11517101672914667,-0.0563460356868098,-0.0601786522215458,0.0056115389196725735,-0.007278139905307286,0.06067800248422735,0.084240901217033,0.047358933195545724,-0.017877350674745617,0.02400259137340884,0.019354678445793822,-0.04836147004053418,-0.07343281464564017,-0.07551656011079241,-0.06637563993213752,-0.03954012075184527,-0.06210997106749101,-0.04647577982754897,-0.07571698754163893,-0.11315681771130807,-0.03437653627672932,0.05527986197506156,0.11739940335556093,0.159972927145503,0.0629029129754751,0.03257443756700741,0.03877294863199354,0.046077952865716525,0.05337177377229086,0.06070869227850565,0.10047640287928096,0.09654077413120465,0.0765903128961135,0.079590314490042,-0.15268061837629263,0.03275613796918431,0.06984012983575054,-0.00765876851778258,0.02852426753517938,0.02162161208931457,0.02231714233967136,0.005117141074719532,0.0022390187539027564,0.0076915201384956,0.018610468818111344,-0.007825536224369293,0.01069212428601079,-0.013125971725506112,-0.01950290148020913,-0.009446943301628152,-0.02064099633057959,-0.03922818285151058,-0.06611250559388433,-0.03672642784219021,-0.018229837454208007,-0.008347235188152268,-0.055119680399264945,-0.04831715710278319,-0.021277601379408356,0.1282085805054614,0.11386560185008246,0.1027656917813882,0.09066042876153596,0.10464305321177414,0.08322230646934081,0.0699531786148403,0.07122031075584906,0.0983854276023997,0.10742638178850529,0.13165667606501313,0.11458902301921531,0.2777219385460007,0.6842304768240459,0.6940406475096917,0.41768650077604946,0.2734671546532288,0.2074842373114042,-0.08353367481933278,0.0035670337332187403,0.035421650576253454,0.05105478525753255,0.08100860898312791,0.08310687807244768,-0.209645380412119,-0.231081455311876,-0.19790244280494337,-0.15423472888135026,-0.1541386628901705,-0.11455876273945079,-0.11924714862996147,-0.028242645495447985,0.026883390885097374,0.003941148819888784,-0.004416983638818798,-0.0025716492708366605,-0.11476260283414838,0.05416295721896712,0.16314582928208965,0.14428564572202793,-0.11597340670027126
time_rms,0.06467386887303102,1.0,1.0,0.014397245490279547,-0.0144701572710746,-0.014754343993269973,-0.0077734122017666645,0.0038234326747505084,0.00378812160968545,-0.014231384024231212,0.004973620175442506,1.0,-0.014754343939130993,-0.013828978213021944,-0.020056316405475394,-0.017460560491991656,0.0024612519201582528,-0.014687220692164283,0.999999999542337,-0.015119592951167061,0.007715328444863282,0.005107483766990241,0.00945880076697378,0.0049736153142799396,-0.020054032170323775,-0.0038201455940378545,-0.014746323506180138,0.009718654983897715,-0.018776114798267223,0.008160828180632303,-0.016043650121409982,0.01928395324534513,-0.006266839921569579,-0.009216029889872955,0.014948076526553241,0.012722034084324695,-0.017512852252781763,0.000315847758389585,0.008778646510460177,-0.025556271155683482,0.01668893182953009,0.010056651408493572,-0.027307746384701594,-0.01964340499973634,-0.011400964498871562,-0.005275143970455845,-0.018291235057300737,0.017740592771306178,0.014614251207224304,0.008023787487444785,0.008476134182890564,0.01056225243450118,0.011073559750949523,0.0003200586423834983,0.004965163817786787,0.0018359875086924986,0.009874183147701722,0.008771504657079047,0.011099522207115095,-0.0024073905910444427,-0.0030740096052346245,0.000591668245511281,-0.008374553856538743,-0.014422260442878743,0.011288603579900506,0.000430959796650181,0.0016203242181255587,0.0007789512464744301,-0.0037651928258645457,0.004021565685886479,0.023684634033176465,-0.007952318784017788,-0.018322842222596503,0.010960779552346252,-0.015307141317823153,-0.007837798408382687,-0.01255774864654262,0.03473275254149166,-0.005029357033221828,-0.037587901635698355,0.01515927858406754,-0.004599313081234486,-0.0037226692866631442,0.003247424669593076,0.004028003263414574,0.012853761795993094,0.010719416769023132,0.004439170888607255,0.00729981960613019,0.0015608303615863492,0.0011544243360794328,-0.011260215496033142,-0.0005300359700881311,0.010482187001885026,0.01060248121344713,0.007452933533731285,0.008898697957650081,0.004610636176810203,-0.0007212427337295385,-0.005286851633804899,-0.01338776825546776,-0.012832782651668697,-0.006006564781089465,-0.006191505817452856,0.0034804447122448734,-0.0026927093401241313,-0.004621886168177252,0.007550876059601513,0.004079707147242471,0.04615340160903681,0.015463570639900887,0.004120238455893201,-0.01470744807120315,-0.008090542489342076,-0.005041827973554637,0.004274744573868191,0.017694368261805805,0.001021749983820646,-0.015783044987567052,-0.011635015753002626,-0.012897865415253996,0.014166392789825217,-0.004629495226653117,-0.010634296369957278,0.0017267472849065504,-0.0021712781593985087,-0.001393058774318895,0.008674271067165996,0.014196139200938124,-0.0033748360253398166,-0.017437865555818163,-0.015863679296687434,-0.014329118522436925,0.0019652116662688558,0.018771556299755274,0.005123917396636619,0.016353195220313615,-0.010898389494348027
time_peak_to_peak,0.011398887510968412,-0.014754332147314073,-0.014753550859369371,-0.973447612766327,0.9826427617145297,1.0,-0.08182872450293541,-0.3027500838598775,0.4636086937790185,0.8264194948087138,0.18212717932883465,-0.014754343939130993,1.0,0.9906095567855697,0.46845472781371345,0.37112964037678,-0.8692181094173997,0.36317211274626404,-0.014753550510278442,0.6144390541634869,-0.3290349419327245,-0.48446662139395963,0.07975694418646852,0.18212717941847326,0.5382162359492613,0.39794870131633614,0.5922511332606645,-0.2921762191611989,0.5842275043306269,0.12193140133983882,0.581237863089105,-0.38768142500541003,0.11596830946538901,0.20913557131134033,-0.5507740259121923,-0.3685504160428142,0.6625205116827642,0.1863553314192784,-0.5948886647892652,-0.779315187612318,-0.5027127395890233,-0.09947099795186083,0.3796361368983156,0.6001921426275805,0.36212626084685084,0.19112196884025764,0.43673058906078277,-0.5418670906610616,-0.38045502799705794,-0.21416313976215573,-0.197982021503424,-0.2257440153731618,-0.16127983416366495,-0.1788544661668982,-0.23482839997628702,-0.22612110471721175,-0.1816020477983156,-0.178164983300293,-0.12789533550648577,0.13323853757387252,-0.028529202613634924,-0.05077477846388176,0.012722673030668201,-0.02786300967951856,-0.04148725747751373,-0.07783320377107882,-0.12039250367634213,-0.15360607289942782,-0.170408425088872,-0.17580029920136395,-0.20734714352374578,-0.21488771589112732,0.10860277000619363,-0.08603822851283167,-0.14968745193706026,-0.10845955727489354,-0.05130191568528316,-0.021842001265929785,-0.015816277090584537,-0.016355384991491407,-0.00984978576820921,-0.00797602177587333,-0.007709304385287078,-0.014816318026645925,-0.0075334418650787605,-0.08734109164850734,0.007979070045760369,0.1685550132175835,0.26106685624988235,0.35379189488494295,0.28208552128247966,0.20230215024750445,-0.05650037745657244,-0.40897383821310906,-0.37628854108202603,-0.2837905361812193,-0.21259193143081836,0.07516265873270958,-0.020298485311411037,-0.049958464357367234,-0.13538471186442913,-0.13254921722984772,-0.1781779406462591,-0.10512036284309846,0.001736114607925051,0.008458136297174948,0.07217220673306188,0.1370395284736237,0.09273532144211499,-0.09372898378298104,-0.2893486539580166,0.10165341937066497,0.6925786857187219,0.4977800578128434,0.3435167265148014,-0.3517267609848498,-0.5469756133475394,0.04650085464116181,0.6725416859566017,0.6111715542111164,0.547489197950539,-0.3331362269985545,-0.26770861068279583,-0.5818875897361114,-0.7317680989426171,-0.6574206147363058,-0.6192214473672956,-0.4573433614839205,-0.5249643258598464,-0.1695806994840262,0.24831514978335367,0.3304911893662007,0.2964058393393677,-0.5520210558226928,-0.2740941354805337,0.7641011817086619,0.6915040240952863,0.03147406335830588
time_crest_factor,0.010874753167309804,-0.013828966838713114,-0.013828176182391592,-0.9464016028102532,0.9879253968135013,0.9906095567855697,-0.08584084236139958,-0.2813415224830541,0.5053569039706688,0.8203841225668388,0.16129512894783132,-0.013828978213021944,0.9906095567855697,1.0,0.4587626592962734,0.3652092983442321,-0.8595767952756119,0.37074074474062957,-0.013828175894308589,0.6002647030604561,-0.3126893899836395,-0.48556636005601284,0.08419058709523236,0.16129512902191792,0.5297131106116527,0.3904074863596369,0.5891675602110169,-0.2893078798375042,0.577632556444032,0.11924558199705562,0.5759602919365163,-0.3846927799515436,0.12518552743794242,0.21998594550476872,-0.5439171408277439,-0.36660935462803756,0.6527260473767618,0.16341567783008507,-0.5873212706805653,-0.7794939943116173,-0.48795422127432786,-0.09294575299559643,0.3739186646151508,0.5803116812470307,0.34613178079346685,0.18228305276633594,0.4427061780089593,-0.5359602357723064,-0.37129718724882244,-0.2066076440349498,-0.18928130992383577,-0.21766945476630226,-0.15204811862484552,-0.1701952077913528,-0.22485357899410477,-0.21556731891773823,-0.1715846429811855,-0.17143017259736537,-0.12149753090365673,0.1235496262400906,-0.03541141787901117,-0.05754746732086028,0.0027293161559172855,-0.035611680056711455,-0.04917384467262009,-0.0859623795613055,-0.12895239011516785,-0.16139476372832748,-0.176858755458819,-0.18162198643728147,-0.21386853522693788,-0.21897395885505702,0.12191264508778304,-0.09231723123320014,-0.16204348106765717,-0.10810810255605394,-0.0520626094713153,-0.021312482881135637,-0.015309880242926165,-0.016374854477454865,-0.01074247783466436,-0.008188013542901386,-0.008815751625871912,-0.017390585779454158,-0.008829243567248223,-0.0830630465608026,0.010301728059848959,0.17026245471281432,0.26213991918937535,0.3542565246773683,0.28566891663286764,0.20694951386599666,-0.05166758124558971,-0.40372723782436576,-0.3720942220320666,-0.27958267052762004,-0.20763013303975475,0.06586220498510935,-0.029094954400718194,-0.058791104822903215,-0.14280204485020961,-0.14084044725889866,-0.1873415318508242,-0.11519024664639518,-0.009647346102778724,-0.0026887291748499127,0.06213081724673939,0.12743354042142616,0.08339353309370492,-0.06720653722378978,-0.28839986170383497,0.08877967843601463,0.6625439642627889,0.4732070755600825,0.3238879717746447,-0.32656679404565714,-0.5300162669637084,0.04746233265815929,0.6605385563650031,0.5984319455197676,0.5350394091195942,-0.3180153064516131,-0.24225737349770637,-0.558626248856504,-0.7226840397781495,-0.6509893597994582,-0.614286848056029,-0.4382026792927429,-0.5035920973400307,-0.15702767932093298,0.25171427120781154,0.331203264293273,0.29691813153935653,-0.5261336858426781,-0.2908071059180334,0.7374510332968206,0.6758026388926074,0.03780732820691956
time_zcr_mean,0.0016430698354244371,-0.02005630340911726,-0.0200555927213674,-0.4476342882157064,0.4671162742758155,0.46845472781371345,-0.058937003208264595,-0.2944159464081531,0.19042206377621845,0.2953336846633222,0.04444642911355695,-0.020056316405475394,0.46845472781371345,0.4587626592962734,1.0,0.7569019290320327,-0.520370527066483,0.43302225509355646,-0.020055592730915818,0.8665691536479488,-0.5650915761062503,-0.293851757022368,0.049923363004772424,0.04444642920537974,0.959266216706351,0.6085947449285086,0.7710950191048621,-0.3074931156401547,0.9095374734260541,0.09119472543396101,0.848283949882753,-0.5205265226009436,0.34024438107875515,0.3360294159760424,-0.7888308402649516,-0.44809734746388447,0.7899874532280013,0.6062969425256121,-0.6696755847843385,-0.33413369930922093,-0.7988740580194048,-0.0798457155951978,0.5317126170203629,0.7219787252926054,0.6490027293238861,0.5010730007312951,0.6983934699631633,-0.8490460973380276,-0.7202255529181135,-0.606636972690883,-0.5323172228441795,-0.5121226469714595,-0.4142397416070084,-0.4076919326107077,-0.37219293338772064,-0.354373878608985,-0.27317369983204154,-0.30906568351322833,-0.25765696567689245,0.06845810503553776,0.12248145125454306,0.06531779266419264,0.23508732825125533,0.17315608235577493,0.15218228413641208,0.10118735215876566,0.08330877192387103,0.04455802807074932,0.037465549763231104,0.019025802096336496,-0.02277409643035441,-0.025983582734672245,0.07404188264726655,-0.04428337491815003,-0.09239093509289163,-0.07662308998485787,-0.009372589508052214,-0.013633363309090674,-0.0018431801284889467,-0.010439525853031931,-0.0013863353118621258,-0.010564530733646528,-0.025550717884502062,0.003136158172824943,0.007110203566116868,-0.5043481247914546,-0.38179360060384676,-0.1398917155425371,0.006610621472265757,0.1711684966884939,0.05605718337963789,-0.07018403746025727,-0.3545094562041743,-0.765550892461616,-0.7541994717478316,-0.6633355059872648,-0.6189315619816516,0.38412944797779036,0.277138640195776,0.2805552493277351,0.16889178512227956,0.1890548127311564,0.14572911188637777,0.22320614601428138,0.3417922978696439,0.22838718122297566,0.3005964092847961,0.4028646979353468,0.38909405392557794,-0.2720895885690432,-0.45336278113348155,0.07045766852817208,0.6338801833946256,0.6495649279357024,0.5864831193551435,-0.6410589912904965,-0.7790070533801049,0.13364158941050258,0.7944267811001254,0.8291012354683183,0.8051389639075246,-0.3690125392818342,-0.19669021389005778,-0.2425511481289483,-0.22932477343699997,-0.1466715763449929,-0.1314535184916242,-0.7615466194585725,-0.7703747252463188,0.03757942463519293,0.7401615328125605,0.882758658003734,0.8396367399190076,-0.3813069265065406,-0.25549301405246677,0.3169400148754411,0.2739079135855792,-0.11774163746387929
time_zcr_std,0.008171030601589623,-0.017460547106866002,-0.017459872233076653,-0.34836391156894625,0.3751511780476034,0.37112964037678,-0.07574533037240794,-0.321438789336169,0.1480050390864199,0.18021526432237472,0.04928525741176884,-0.017460560491991656,0.37112964037678,0.3652092983442321,0.7569019290320327,1.0,-0.4567669658786485,0.2453352434631051,-0.017459872085065567,0.7648457611921498,-0.36776345081021095,-0.21678458561112315,0.017005397910063454,0.04928525747215735,0.7738835829896186,0.8423790092330912,0.7418814143918928,-0.05222288128319133,0.7838811205440226,0.4034158037289861,0.7515236943958703,-0.2921590945039768,0.2830038775413858,0.29201689223799493,-0.6105417981504929,-0.19897232907847265,0.6741249193854465,0.5023693359255482,-0.5407001606445192,-0.2506688208838267,-0.6253065445045224,-0.10255372231469544,0.32867429773145374,0.5280429938692246,0.6212817937896528,0.4732533103473123,0.5672146870535073,-0.7336632915137336,-0.5090022177508906,-0.34681342184041836,-0.3259822309465049,-0.3474646651770566,-0.26899064944617584,-0.2655911009100002,-0.27809640419380305,-0.27407938576309276,-0.22900892280533583,-0.25003055276336805,-0.22808235378707545,0.22276761275396806,0.3443477313619519,0.21269406770814323,0.31650009573550747,0.26446577118895237,0.233032463427417,0.1769702338818208,0.15921454079890415,0.10561740861157504,0.08681771613568984,0.055870637188163146,0.021175046667172515,0.008875302477317916,0.09696230567042274,-0.03522068576819515,-0.11861791539009069,-0.06790936933949937,-0.016740301759103324,-0.007394019686196391,-0.011951077723624633,-0.005132935748741405,-0.0028326517024458123,-0.01609356688123367,-0.030473851249681827,-0.0057319665716328025,0.006564414052644636,-0.3916583039802204,-0.2764035386836394,-0.07147379353935589,0.05836529385113378,0.19976811304294212,0.11164740330555688,0.017203211124353555,-0.2948273260325635,-0.6832706326408712,-0.6442283481389101,-0.5447547634338932,-0.504334687409001,0.4571397499579368,0.36025119243149745,0.3383621063547298,0.22883577499022373,0.22222704366478074,0.1615462348866414,0.2238023720887151,0.3651563756382492,0.35374480105198536,0.4219542935139885,0.49275330397119554,0.4760593450749649,-0.21459672648418884,-0.36555515727930893,0.01602539601718553,0.49515398556337176,0.615212949897389,0.5921684440922615,-0.4861361288107413,-0.596461017318272,0.04058222745200371,0.6193438149044338,0.7590742978126999,0.7642444415605221,-0.2707305439808991,-0.15526276973902298,-0.24291766371695286,-0.2610103219761181,-0.19770547094471266,-0.18671024658842747,-0.5844361680514099,-0.5917591480687581,-0.047715418636785946,0.5374293160068561,0.7482494054288797,0.7310062516362662,-0.32460146879983526,-0.11186264192296615,0.21084126550297952,0.17010531647161242,-0.14039506788626605
time_shannon_entropy,-0.01997451960540791,0.002461238397714935,0.00246044353743422,0.8516092061690088,-0.8496972710472251,-0.8692181094173997,0.0867111679066215,0.6194171442896192,-0.3481503176090907,-0.6182080540808118,-0.1830472581150018,0.0024612519201582528,-0.8692181094173997,-0.8595767952756119,-0.520370527066483,-0.4567669658786485,1.0,-0.11356216542513245,0.0024604434530154195,-0.6458209298027108,0.4129019110112404,0.4186285320098014,-0.08224395834439818,-0.1830472581486274,-0.5925749394671506,-0.49553676427604365,-0.6340857759943137,0.1431952496045102,-0.633849695650279,-0.24837109959024864,-0.637369554810114,0.28814672232191574,-0.14942663033463846,-0.22940727535404318,0.6340578457861052,0.3331908112988477,-0.6746794588053349,-0.2924895938872346,0.6402679541151065,0.6443579398230372,0.6012504005865202,-0.027599361567470004,-0.423378015144262,-0.5733114229276316,-0.4183466456721813,-0.2306399032609127,-0.3978137135336128,0.567713303060747,0.41697327339590096,0.31406392986336845,0.3243611233324178,0.3650283305589834,0.2963064237884702,0.2805322586314553,0.3077525061013576,0.2999153804899758,0.24684233578968112,0.24985064259491124,0.20421464611996298,-0.23257601070692843,-0.17496650921948345,0.010960417900271722,-0.11702732961195088,-0.07238253714591387,-0.05339847924739793,0.004963573517447527,0.0495009000048258,0.09969747778809007,0.12799067201246173,0.15135027167060797,0.1804095323352723,0.2132199799678826,-0.12040655670388549,0.08139426686240514,0.14795925580448602,0.10734848692762794,0.04602370202202756,0.01810077606369761,0.016179331046174,0.01966377948763141,0.019169994110061147,0.004575843084686174,0.00417242224372672,0.015384601507800948,0.011597641663265336,0.10451936498918797,-0.00020027135752825035,-0.18073607363230854,-0.27801103977269964,-0.37137403205836095,-0.3116287041103183,-0.24211271955956432,0.06844534307460053,0.44697609910942626,0.4062436548289743,0.29539517481518696,0.23225980343684832,-0.1669740732051526,-0.057523776963264564,-0.015733704059909495,0.09897428023806107,0.08443137694357458,0.13076515041631043,0.06294516193544518,-0.0688029084048075,-0.11957087307285305,-0.17085796618246038,-0.23572915812831677,-0.17503731454011479,0.15152285384787154,0.27330930588685287,-0.1793662455725433,-0.6392954967267459,-0.5195847897113239,-0.38472904472825076,0.4713197579285203,0.5610809760392036,-0.17864929704523846,-0.6810528235283414,-0.6268939579275269,-0.5677668165365265,0.47461978232783314,0.5112709323152737,0.7785914244622807,0.8250828672268644,0.7114667603006994,0.6517425626547911,0.6374541664472297,0.6753878285529668,0.21563758870960473,-0.202162182767867,-0.31159050995749304,-0.2819328842155694,0.8026905293366775,-0.039092433344368675,-0.7101686212742816,-0.5683817405106805,0.10619293420015649
time_sample_entropy,-0.020369047921717474,-0.014687217219121421,-0.014686786467686787,-0.333115776819929,0.37341128902735904,0.36317211274626404,-0.0246935519532114,0.49191333262441245,0.1991322136255438,0.2808402869375978,0.01594998056395885,-0.014687220692164283,0.36317211274626404,0.37074074474062957,0.43302225509355646,0.2453352434631051,-0.11356216542513245,1.0,-0.01468678627895941,0.3611771281841378,-0.11612739705700001,-0.3619577918307949,0.03633105196193573,0.015949980643931515,0.41343094546936016,0.1044317044219318,0.42384041177791354,-0.5003403702686986,0.43654809100419306,-0.18432985326180526,0.41101616902802435,-0.5086314970014213,0.12096459860970922,0.15934634515092688,-0.39133054695096303,-0.4413374040329569,0.443657505307624,0.09691688696819029,-0.35970752228295705,-0.3129430459503485,-0.29511811875635546,-0.08715434309227264,0.24525008650942878,0.36294295878292643,0.19984796855634365,0.130744834762471,0.5813841523658104,-0.38488459223608423,-0.3645395757530814,-0.19422186354979454,-0.12789567177663294,-0.09773234469284127,-0.057314207754463414,-0.10444506545179577,-0.13155600164931042,-0.10715492900232892,-0.0492615084601432,-0.073187394478773,-0.04074950108738691,-0.2673654462109989,-0.39406400523447455,-0.18641481844669283,-0.1619001235909403,-0.19752888302061608,-0.16896622604589925,-0.17536399929140278,-0.15963578304918566,-0.14815216051094232,-0.10777895671955849,-0.1043356348451593,-0.10757085429726221,-0.06575808647979026,0.050275446528576115,-0.05193142919752981,-0.06882200290907713,-0.05274855055829666,-0.01601995934622994,-0.013219084933696258,-0.009258050610998205,-0.007119302160132011,-0.012885275112639994,-0.00017229948716888688,-0.022039099911744055,-0.005497731660929625,0.006006439961262231,-0.21762880108573227,-0.17123484825265411,-0.05582364945357251,0.02140747000811066,0.11778720272264706,0.011945684733580474,-0.12768319372396972,-0.1916282708551875,-0.33415189804906364,-0.3538148863119512,-0.32463186970801317,-0.2792885192582458,0.017282741891138983,-0.03873775267224539,-0.010501974221987518,-0.029066475697098262,-0.03859867915914107,-0.05748177046750004,0.0025797265155715855,0.03691638028170965,-0.09115696388896793,-0.02808191731334036,0.02930967660950578,0.02308985301705318,-0.0788223911044501,-0.2105261886049416,-0.00518507445291986,0.3297829521734725,0.22273833114685126,0.16554304932090252,-0.164315551282552,-0.29842986527363674,0.04154719383997872,0.41537557367117806,0.35930335990389944,0.32979175696015356,0.062468010675668914,0.3073751933209033,0.20092846046209542,0.06573353766258112,0.0411934307226003,0.006404268570656575,-0.12294151391537003,-0.06262222510651905,0.304152452497085,0.5785160827751094,0.485168989656968,0.4137247776263626,0.2669253915037353,-0.6928397105937149,0.22965699801620829,0.2472713811451892,0.16934945330613374
time_hjorth_activity,0.0646738851045536,0.9999999995496209,1.0,0.014396524128383804,-0.014469336188171027,-0.014753550510278442,-0.007773578606671041,0.0038232029457075487,0.003788561057237193,-0.01423093598240715,0.004973469116184994,0.999999999542337,-0.014753550510278442,-0.013828175894308589,-0.020055592730915818,-0.017459872085065567,0.0024604434530154195,-0.01468678627895941,1.0,-0.0151187215109976,0.0077150711976987935,0.005107041132838278,0.009458897441137978,0.0049734645042929446,-0.020053218005531132,-0.0038195110180907973,-0.01474541695069884,0.009718314143393783,-0.018775231246202572,0.008161004511867432,-0.01604276952084738,0.01928328796500535,-0.0062664694740449944,-0.009215567730447124,0.01494728947563605,0.012721599834163995,-0.01751202709933933,0.00031626759786871375,0.008777979110467788,-0.025556907711371125,0.016688253652992084,0.010056469053503379,-0.027307302740498727,-0.019642716929387134,-0.01140033593509132,-0.005274723166744885,-0.018290460503782215,0.01773973012961164,0.014613738372664107,0.008023635022873982,0.008475917538831125,0.010561989198015615,0.011073408887152681,0.0003198440585256644,0.004964815785996339,0.0018356498974518418,0.00987394725480026,0.008771241018788642,0.01109927985601984,-0.0024073038985339677,-0.0030741350853153568,0.000591469291043219,-0.008374456912097095,-0.014422180464385804,0.011288649136756174,0.0004308720427510968,0.0016201795124772755,0.0007787123968294295,-0.003765545071332859,0.004021184962706898,0.023684222888087053,-0.007952751696780206,-0.01832256899187216,0.01096062688808026,-0.015307426704756582,-0.00783793645480643,-0.012557828103383467,0.03473272849973177,-0.005029390519021823,-0.03758791673748799,0.015159260486541546,-0.004599351683209175,-0.0037226850578660257,0.00324741884499081,0.004027996658684173,0.012853698079357425,0.010719488809040407,0.004439437852736633,0.007300241158456001,0.001561410152644656,0.0011548846389032987,-0.011259892103238783,-0.000530154695740456,0.010481523641028374,0.010601934230030282,0.00745254681971786,0.008898424722432293,0.004610768418622735,-0.000721250338872144,-0.005286895893527709,-0.013387916180636608,-0.012832941698634609,-0.006006744441511589,-0.006191574349949387,0.0034805263309686616,-0.002692691841660822,-0.004621766377196282,0.007551112271739399,0.004079913713404143,0.04615314594092046,0.01546295029328677,0.004120079290842543,-0.014706840576016005,-0.008089894441971055,-0.005041289330593195,0.004274290859270077,0.017693626560793735,0.0010217342890350338,-0.015782237187933226,-0.011634113040364217,-0.012897006126769075,0.014166138067421829,-0.004629534096012929,-0.010634734972493958,0.001726011611707679,-0.0021720290817827215,-0.0013938489312318582,0.008673754320571337,0.014195514294574576,-0.0033750306959758345,-0.017437392010957096,-0.015862951721662594,-0.014328437151112566,0.001964796011591734,0.018771216840702837,0.005124381377416586,0.016353573887058975,-0.010898295954561607
time_hjorth_mobility,0.003816997483738233,-0.015119577653386389,-0.0151187215109976,-0.5931819711130454,0.6077792824861667,0.6144390541634869,-0.08227142004991947,-0.33462635404943136,0.26076176551473274,0.4263262165896217,0.0856128799960831,-0.015119592951167061,0.6144390541634869,0.6002647030604561,0.8665691536479488,0.7648457611921498,-0.6458209298027108,0.3611771281841378,-0.0151187215109976,1.0,-0.58435023528541,-0.28843856447378974,0.0458810201033273,0.08561288008700148,0.9136350533808971,0.6860572208915827,0.7900843195958721,-0.32597995378284605,0.8913265826283508,0.11942556840618948,0.8393724465062462,-0.5524721988887227,0.29788065955780046,0.3264711140483168,-0.7549287792957545,-0.37206290960224103,0.8545633840606857,0.707684733194884,-0.7012162614826386,-0.45533009851491746,-0.820596893666216,-0.20684422548304635,0.4725750081838586,0.7701276712668744,0.8143193819655219,0.6144001189921781,0.6417651397758829,-0.8444238347309202,-0.6580681932875408,-0.4734888796716041,-0.45087975716826073,-0.42812438813862497,-0.31834716218290726,-0.32136976450872323,-0.35071314964406497,-0.3376547049169157,-0.26973541390156686,-0.27204676305285197,-0.2039790675421835,0.2012908445399374,0.13796001856048892,0.09908170897769544,0.28477137455192314,0.2307703410632359,0.2066225846094883,0.13783375319737332,0.09306064565424528,0.030744211057363028,0.011135272183595005,-0.013751841244701472,-0.060332303062437406,-0.08600605368449077,0.11090954467022257,-0.07641829633964602,-0.1325838783740874,-0.0934833608059188,-0.03514803270980818,-0.02152530453061313,-0.006205217797272771,-0.012288963363895088,0.0008039336680539696,-0.01058653476691577,-0.022221676221744955,-0.007010575818926939,0.003593658230153999,-0.374604580100873,-0.2409255585783907,-0.019040082837714377,0.12397910159240477,0.27547074318067005,0.14420259561923646,0.008366935281894833,-0.30803940493016774,-0.734368153045924,-0.6966692819210863,-0.5971750113346825,-0.5278992466035606,0.4096596117028513,0.29469404080884304,0.28326612199374357,0.17852802985524796,0.1937940923026542,0.15278342190310365,0.24668927257809176,0.3686757357843493,0.24630153594975457,0.3282573873333212,0.4393178082086407,0.42724880208355903,-0.265128779033374,-0.5122548608301495,0.005118554859397741,0.7276977784904323,0.8410445092872078,0.7574745605066879,-0.63212793781925,-0.8726012635471248,-0.0014800140799099842,0.8418988754848938,0.9816704108710286,0.9593010616074039,-0.3424239027765448,-0.15864475026788433,-0.35010972608340524,-0.44673505118558227,-0.41163036196508307,-0.4013262934496464,-0.7265001876302305,-0.8037860405432972,-0.10751519817293821,0.631073162135,0.8485092608543127,0.8107213874751258,-0.4669527090790662,-0.2333835983807003,0.4618653857006092,0.3899750046173694,-0.08623429184312946
time_hjorth_complexity,-0.0065829014478467176,0.007715320457907723,0.0077150711976987935,0.32399232695423463,-0.3203301575210503,-0.3290349419327245,-0.00923918650122442,0.41831101890961003,-0.1265254604203803,-0.2789404989544226,-0.15201489344225083,0.007715328444863282,-0.3290349419327245,-0.3126893899836395,-0.5650915761062503,-0.36776345081021095,0.4129019110112404,-0.11612739705700001,0.0077150711976987935,-0.58435023528541,1.0,0.19409852230964672,-0.03886494776587605,-0.15201489351662245,-0.5140873027688272,-0.18749986431074112,-0.25101007771605066,0.29453871051599395,-0.4288579803567181,0.2363093432863531,-0.3374530209534931,0.3534977211638145,-0.10870363302439046,-0.12461687588187004,0.4853642373140568,0.3522739550918345,-0.5572548987046658,-0.4878988317632894,0.5813628079718167,0.26311291109748336,0.6870693994578894,-0.18072247785884357,-0.44167824500671443,-0.4813045534102767,-0.45651508062737767,-0.30157046022132405,-0.269262054232937,0.28721160116033045,0.43815495172271673,0.5712868145869439,0.5521507643185218,0.5787705939266818,0.5150237703821495,0.4442102703102417,0.36657551377125286,0.3496617827536777,0.2844802567459152,0.31742929401702863,0.2322599507786099,-0.002100312994609325,-0.16210225465237155,-0.12947576832780108,-0.17413887336377876,-0.11749323162374375,-0.11640758385984962,-0.0852884918109331,-0.0679993104916505,-0.025212178243630885,-0.0517561124562566,-0.042478895212362346,-0.022875377119388824,-0.010326168472689919,-0.02362281997667704,0.018355591993335797,0.041690456317969075,0.028785633905614245,0.007772055436893486,0.0021581861145051964,-0.010070871599923821,-0.005071268437216458,7.656440233189533e-05,0.0038588036285650148,0.005606487760990115,-0.008678770683515578,-0.011451777391799535,0.2426148777490045,0.21173383851984673,0.1106536046266574,0.058322879310900015,-0.02987202286109982,0.035171232673538125,0.0722066768374838,0.1766018309047612,0.3175405749108333,0.3196179140696725,0.2766971944421935,0.2869684310434385,-0.3016368301977918,-0.24192459578332398,-0.25186344567270275,-0.1760889333161942,-0.1962798343723149,-0.20674675121273997,-0.23084700248488257,-0.2919361700664942,-0.22075586872989983,-0.20605205350627673,-0.27238970694162595,-0.28651087465063235,0.25047828681924567,0.21887558538516613,-0.2663199542785685,-0.47972922085946,-0.46157101631407116,-0.38589795974718333,0.6192973955374081,0.5380296609085565,-0.3181693059092094,-0.5567893881277148,-0.49758064101753496,-0.45541000141852983,0.2536538199254675,0.24150460263457332,0.24942483760554002,0.12437815834177549,0.012037263210008566,-0.03575561105007597,0.7199982358590198,0.6026256439578758,-0.1721765108516392,-0.4502334342968322,-0.4284504404372556,-0.3821332606769241,0.4625056194133927,0.00612870063502646,-0.2969806837835405,-0.23682675366537154,0.10664984561539392
time_autocorr_peak_value,0.0004558773145020902,0.005107475769058445,0.005107041132838278,0.4622660330207176,-0.4836241707462856,-0.48446662139395963,0.08276806727559512,0.01406333826268827,-0.21526997653339058,-0.28772159856294577,-0.13188560564642046,0.005107483766990241,-0.48446662139395963,-0.48556636005601284,-0.293851757022368,-0.21678458561112315,0.4186285320098014,-0.3619577918307949,0.005107041132838278,-0.28843856447378974,0.19409852230964672,1.0,-0.11302713126887101,-0.1318856056898007,-0.36352433639302617,-0.17583404298135746,-0.4238619681135892,0.3612864028038457,-0.40982924464845344,-0.06551387584230009,-0.41890118568159235,0.34286539194662213,-0.05574957302534998,-0.110018869741205,0.5412881816326556,0.5450983160152857,-0.665031152650089,0.1265599921537736,0.7426341058579682,0.34550103262178444,0.47599952831301656,-0.30160785309519594,-0.5313092338262275,-0.3901897390885414,0.03529982075196791,0.08680080668142758,-0.5760970333544498,0.32532197065964186,0.3341981068149604,0.28158974624335104,0.34765750625108954,0.30378913705725097,0.26430643153444283,0.20192974839011063,0.3104616297026369,0.3095792072265637,0.2082789638574943,0.21138541946022008,0.09668071356679445,-0.10117740168136367,0.1472440165871515,0.10961842035422124,0.07148684404640172,0.14889468891796048,0.09595028577682503,0.1123649255269669,0.15579886381861593,0.2106642352170113,0.1369988647450395,0.12979671336847698,0.17052972236955083,0.15752616012906676,-0.06146168656822034,0.044716546695987534,0.0751021565887394,0.04910347276048,0.03716239088284801,0.0037845658687398085,0.019661352645720206,0.009679115677696826,0.025436353299681063,0.002666601847555936,0.013237693533668446,0.01286203927891227,-0.002538397603201904,-0.06850398115558448,-0.12832197297318504,-0.24729234444079892,-0.3252626394837401,-0.34923808881233603,-0.23988597620764335,-0.13163481101001392,0.02498911056949992,0.20551099328501843,0.17756850098327517,0.10881747115166138,0.04351209358435932,0.03050705547995217,0.15005986528943427,0.1850790495244572,0.2405113874311329,0.22267198331482965,0.26222945487798593,0.19268131067327834,0.11573716980615104,0.05105215034582285,-0.0017157952449431623,-0.04520097348981644,0.02238002112061728,0.11861826559629281,0.13778841861986757,-0.33497254628385087,-0.43834362426908596,-0.07274899152135521,0.02004102178481822,0.3213850875412313,0.2514175558759555,-0.4915028327867127,-0.5392485574765187,-0.2578519872479279,-0.19749116671076103,0.018001582243718214,0.025092985935543422,0.2001654608441344,0.2830674323774714,0.2925014969113559,0.31332930702449774,0.33452471397671085,0.18457418181660723,-0.4177778978497225,-0.4628746001758643,-0.22742566559300095,-0.14323308184900774,0.12531174398214762,0.5100046996078004,-0.21374793285419297,-0.2183539593507899,-0.14051813133372615
time_autocorr_peak_lag,-0.01232565264425897,0.009458802644616727,0.009458897441137978,-0.06691269863626992,0.08706531673682173,0.07975694418646852,-0.06124852753709303,-0.07098614374344876,0.11323168590202731,0.09811266608244792,-0.20009314607410847,0.00945880076697378,0.07975694418646852,0.08419058709523236,0.049923363004772424,0.017005397910063454,-0.08224395834439818,0.03633105196193573,0.009458897441137978,0.0458810201033273,-0.03886494776587605,-0.11302713126887101,1.0,-0.20009314614055979,0.07731713334374947,0.006123187048093761,0.09915672234915,-0.05092882388239497,0.0903984600844819,-0.003882833452053907,0.10230936488403956,-0.10025830031620143,0.12022628798309237,0.05085870264118602,-0.11841843660411458,-0.10353890047994227,0.12901736398275512,-0.020057130762582236,-0.17238755980101406,-0.05812701692378449,-0.12559485547223456,0.10469657632351417,0.1484019494470189,0.07777467876872324,-0.02345548384379327,-0.027142362401163005,0.09962228252178817,-0.0701026586432791,-0.09982232306693405,-0.06538806904167116,-0.05342098318022417,-0.06798887509412303,-0.07954016921344634,-0.088068175262932,-0.06842471626565193,-0.06484429933224937,-0.0650054602800004,-0.03025383670321183,-0.10438371803083464,0.04476934320316196,-0.04650678849522879,-0.049740965383898446,-0.028841098320682747,0.0043426423762213595,-0.0031693322604808907,-0.045868112230269896,-0.03586642051942221,-0.005701880148785729,-0.040215643266191294,-0.06487066504480316,-0.03828185325142732,-0.06233222400087948,0.04765829227750141,0.0062860475634769755,-0.026819600988227093,-0.016665911300900883,-0.030858842216660375,-0.0067373794516272486,-0.023172560366488272,-0.010473915426259172,-0.011136644437737113,-0.0041225439357148504,-0.025116841267569686,0.016193926103526813,-0.013437875553266795,-0.006203046507368383,-0.005002429036607176,0.01700674353131546,0.029720119430445398,0.07481062523237872,0.10729748205697615,0.043598464245750215,-0.018126665492933014,-0.052156981318511236,-0.008774341794175964,0.0035823306939024085,-0.01592816469781011,-0.06293721898856829,-0.06330102539232284,-0.041081056516949564,-0.07871966046864683,-0.10288179644062573,-0.10590857029801404,-0.09093909001145943,-0.030056676679000884,-0.007726802298599461,-0.03652607951014752,-0.05068935213709217,-0.054223793284889486,-0.09200549863100614,-0.18910175889075112,-0.09845659852268919,0.011724922089071109,-0.04317561591189044,-0.04837115287911235,-0.10172510773684357,-0.06719272139697696,0.13791312120580426,0.11696816316110469,0.02970588511346372,0.015478747632424943,0.03249826472944535,-0.015082596007160191,-0.06390769433328752,-0.04813687308873603,-0.035509818246755,-0.05343492146637992,-0.11125894867735958,-0.08740060439129856,0.05643544384021421,0.06422184218215642,0.018249520070717336,0.005183785747547225,-0.11075326563983012,-0.09381653325053327,0.045535521097059,0.03611629839027491,0.08240713809568036
time_duration,0.013195723927030395,0.004973617247336828,0.0049734645042929446,-0.20309944054233692,0.1580510824822083,0.18212717941847326,0.08593306199718244,-0.09910506267420265,-0.03086075566515943,0.10349521676444104,1.0,0.0049736153142799396,0.18212717941847326,0.16129512902191792,0.04444642920537974,0.04928525747215735,-0.1830472581486274,0.015949980643931515,0.0049734645042929446,0.08561288008700148,-0.15201489351662245,-0.1318856056898007,-0.20009314614055979,1.0,0.02655900713297167,0.08790782286775971,-0.010115548491624217,-0.0830708101242566,0.019416681160037506,0.03252818667141854,-0.0031635723688211766,0.02762691701120145,-0.2637613109895611,-0.11896908731910266,-0.019500324436676212,0.006822973765810027,0.10986965348948895,0.05630320638115576,-0.11517101679800427,-0.056346035667648224,-0.060178652311268434,0.005611538871332076,-0.007278139784389405,0.06067800259282491,0.08424090128998704,0.04735893321129249,-0.017877350577968524,0.024002591291889384,0.019354678373969914,-0.048361470060534865,-0.07343281465700725,-0.07551656016132594,-0.06637563997645159,-0.03954012075961965,-0.062109971083439276,-0.046475779822170375,-0.07571698756735386,-0.11315681775708633,-0.03437653631425425,0.05527986191010272,0.11739940334940051,0.15997292717820594,0.06290291303264356,0.032574437643310895,0.038772948608102674,0.04607795287933296,0.05337177377019759,0.06070869227595424,0.10047640293569261,0.096540774156373,0.07659031287692795,0.07959031456900532,-0.15268061832692648,0.032756137971331326,0.06984012984407702,-0.007658768513225284,0.028524267488800624,0.021621612073486923,0.022317142329574338,0.005117141112979144,0.0022390187037821473,0.00769152013283909,0.018610468811085593,-0.007825536185368734,0.010692124297469975,-0.013125971774202954,-0.01950290154300304,-0.009446943357803522,-0.020640996396916973,-0.03922818287334162,-0.06611250561161772,-0.036726427801361886,-0.018229837452759003,-0.008347235226856773,-0.055119680436097766,-0.04831715713007257,-0.021277601417132752,0.12820858050341108,0.11386560185487257,0.1027656918229783,0.09066042884273474,0.10464305327754683,0.08322230652277796,0.06995317867029119,0.0712203107912121,0.09838542766924509,0.10742638184225717,0.1316566760907206,0.11458902304177317,0.2777219380947608,0.6842304767473436,0.6940406475227904,0.4176865008744189,0.27346715470689537,0.20748423734319305,-0.08353367491440135,0.0035670336183464195,0.03542165057437779,0.05105478535434634,0.08100860905661124,0.08310687814304984,-0.20964538045073125,-0.23108145524596813,-0.19790244276362326,-0.1542347288974449,-0.15413866289157166,-0.11455876274041457,-0.11924714867952024,-0.028242645572073,0.026883390902139228,0.003941148899469189,-0.004416983562741985,-0.002571649208182207,-0.11476260285464368,0.05416295708625287,0.16314582923639054,0.1442856455149899,-0.11597340662369339
freq_centroid_mean,0.0014925033347473354,-0.020054017511403864,-0.020053218005531132,-0.5114233687710508,0.53900582733805,0.5382162359492613,-0.07865892593267777,-0.3222279734758968,0.23630654999861228,0.3390748854450999,0.026559007036426083,-0.020054032170323775,0.5382162359492613,0.5297131106116527,0.959266216706351,0.7738835829896186,-0.5925749394671506,0.41343094546936016,-0.020053218005531132,0.9136350533808971,-0.5140873027688272,-0.36352433639302617,0.07731713334374947,0.02655900713297167,1.0,0.6703014197983305,0.8759539672786918,-0.3086009349906412,0.978869230615587,0.1712950353266578,0.9397796261866539,-0.543515297743172,0.36543058386062055,0.3608471687844736,-0.850831739431385,-0.47036036287239225,0.8630794753836358,0.5865617739368308,-0.7261626633442779,-0.38838372345808064,-0.8326630516636001,-0.08532083815586239,0.5696131140380954,0.7735933109303244,0.6661803100325884,0.49069098113465764,0.7724743052960479,-0.9287898076311851,-0.7360718589141728,-0.5798667541532851,-0.5189874328528743,-0.4928124394582489,-0.39409261093528514,-0.39361148382169414,-0.38453963236200384,-0.36150602495232215,-0.2813535995837321,-0.30681682100804564,-0.2505125788788083,0.143791589894636,0.10888547763766068,0.04498219217070935,0.24395382258465917,0.18686880639844636,0.16290638379098027,0.10347691005494705,0.07304429043091124,0.028277346183113956,0.02504874856190807,0.003682730432021617,-0.041017258089298216,-0.05736844947909267,0.10849002510099577,-0.0644342455693214,-0.12027350861402927,-0.08984679445276895,-0.02763948573138137,-0.019906825031959376,-0.010435746023163899,-0.01313209517505628,-0.005003706035839252,-0.01409129604296096,-0.026484273586010427,0.0015571963965921962,0.006384719143841342,-0.46665200197524737,-0.3246564763535293,-0.06141139725856708,0.10076166844840546,0.2757010151106763,0.14628426017563315,-0.0021094021018251835,-0.32975559329472204,-0.8008058553392758,-0.7779810202758158,-0.6733040401511856,-0.6115804438754165,0.350989806640571,0.2278907430684511,0.2168630879359423,0.09533895051709701,0.12150369275609309,0.07265176752031763,0.16987050155906952,0.29799154086841095,0.20062322534940738,0.28464971101306813,0.3934713646524478,0.35911514680222245,-0.2872102859328525,-0.4983888746443328,0.050167581987546866,0.6837108189228229,0.6721496852644371,0.5872587390610099,-0.6602327114781648,-0.8091672152966576,0.14698751658950943,0.8622460941708856,0.8857179282348531,0.8493323862834952,-0.34926069661792597,-0.17564763993120844,-0.2844645071667002,-0.3278937684988018,-0.26728947468231706,-0.2602693323185656,-0.7761699365261236,-0.7809571729857343,0.030572746406824496,0.7519624130685179,0.8904721619617945,0.8377966149054804,-0.4213227614825786,-0.2985617981547424,0.34892547456482764,0.303584205984604,-0.08718422950584749
freq_centroid_std,0.013317811974673138,-0.0038201330600239097,-0.0038195110180907973,-0.3823982420338001,0.39508040749975537,0.39794870131633614,-0.08621087424229167,-0.38745790520520407,0.1561825969837425,0.2178551996713704,0.08790782285833273,-0.0038201455940378545,0.39794870131633614,0.3904074863596369,0.6085947449285086,0.8423790092330912,-0.49553676427604365,0.1044317044219318,-0.0038195110180907973,0.6860572208915827,-0.18749986431074112,-0.17583404298135746,0.006123187048093761,0.08790782286775971,0.6703014197983305,1.0,0.7237037593509658,0.18047231029822375,0.7049520175115507,0.7041307814206079,0.7112324109670416,-0.023348360134938535,0.2414060780123139,0.2723631159533393,-0.4706530962968463,-0.00655722122544344,0.577575163428744,0.41622828914574705,-0.43354471329883226,-0.2635499975946414,-0.48698313789218667,-0.16427596115475887,0.2058266114851583,0.4465130333684363,0.5719070080101052,0.4429965729284608,0.4517122340322962,-0.7053921103833963,-0.36252354869311715,-0.20888170044949889,-0.19684732653282588,-0.2367425999784801,-0.18167672628299988,-0.19318103464280298,-0.2266346085858564,-0.21138602843515134,-0.17838002241830841,-0.21268281782444978,-0.19540962981385562,0.33148002272690913,0.5304634548668113,0.2920322290301909,0.348700337783422,0.27263636493223303,0.24193092925641424,0.1824436890455894,0.15885307400762494,0.10666383921912631,0.08829409896660632,0.05432792800094809,0.014162437854073163,0.013835109538414565,0.07996910867745842,-0.041444229615344136,-0.11947192388300616,-0.08298990581592088,-0.023068732779607918,-0.004554122910675014,-0.013118463364399084,-0.018021473482864064,-0.007302735192113495,-0.010652501175785244,-0.025188761264679737,-0.011609872060660937,-0.0031195856683745864,-0.34281069675443815,-0.2267981596832845,-0.01547193798646424,0.1053886168382143,0.2220650520046756,0.18415354152877222,0.1031697005353354,-0.2152652536338557,-0.6334647264714002,-0.601786776048346,-0.5073972325603909,-0.44609368162758206,0.4365244290977729,0.36263001903121106,0.29495154845001853,0.1824328335072328,0.1886383652554155,0.08731127112531865,0.16265616002240996,0.2915208563509775,0.348975482875631,0.45281540960542777,0.4979606760945584,0.4402037065960839,-0.14640053787233082,-0.2937532238834729,-0.01864658515979193,0.45699622302282944,0.5991260130245526,0.5792926808333723,-0.3762659879441192,-0.49908008372940327,-0.05870140510022273,0.5189388642292344,0.7018862083648252,0.7177494930549013,-0.31203538048690854,-0.23264015298862425,-0.3303970367483377,-0.38907867026906956,-0.33940011449466434,-0.31331075060149566,-0.4891852953105329,-0.5322470457883856,-0.18212270403455036,0.34775095781581167,0.593923866430253,0.59692563768513,-0.3869083380251578,0.007796861316817259,0.2536360955448426,0.20267190967891888,-0.18753073224380962
freq_bandwidth_mean,0.00020676188845393973,-0.014746308578637114,-0.01474541695069884,-0.5575713712261565,0.5973316240501012,0.5922511332606645,-0.11796434549942046,-0.30606848762473615,0.2818722966953519,0.36423101822403897,-0.010115548567192097,-0.014746323506180138,0.5922511332606645,0.5891675602110169,0.7710950191048621,0.7418814143918928,-0.6340857759943137,0.42384041177791354,-0.01474541695069884,0.7900843195958721,-0.25101007771605066,-0.4238619681135892,0.09915672234915,-0.010115548491624217,0.8759539672786918,0.7237037593509658,1.0,-0.19935195789777405,0.949571680933186,0.3897943611332622,0.9792838248463308,-0.43207255457933696,0.3416779789199019,0.3529042846933376,-0.7946678866347325,-0.41845104086307433,0.8079031454842828,0.3849478590095646,-0.6581361209322767,-0.43327720484411,-0.6830706015892065,-0.06639522584840431,0.45787594192378767,0.6623965178042258,0.5509693509231126,0.3519852842033562,0.8114679522678631,-0.9188851019903795,-0.5571495878111768,-0.35137475558452513,-0.32339840732943426,-0.3401498074057443,-0.2744583829354917,-0.2906345657845661,-0.3197012332864455,-0.30053160153919906,-0.22786485844599436,-0.2469317625475526,-0.2153197920458531,0.13046594892703656,0.056597906910292775,-0.06181884979506357,0.1622367828571504,0.1243547607404416,0.1160107843765045,0.05606596099041657,0.03053121857438081,-0.01950477994365321,-0.014411562076343854,-0.0396562737027974,-0.07635706761426415,-0.09403848418117344,0.14091461948291717,-0.08445567797356354,-0.15383417859863602,-0.0941948017227601,-0.04773062246334135,-0.024809810800718386,-0.023529817129969384,-0.021086991750505338,-0.02024152629935356,-0.018694295922158495,-0.02775563195086626,-0.0031309560579553027,0.0005888100046579379,-0.3653009893792805,-0.19984793622122718,0.07314019247335034,0.2486688265177405,0.42497577215392696,0.3177877308919992,0.1576522908809796,-0.24350412303756921,-0.7648989104675702,-0.728483484979028,-0.6067760514170647,-0.5266657324821173,0.260490927245806,0.12515173517096959,0.09241515662255134,-0.0367831113660011,-0.043529741110428705,-0.10849756254315515,-0.00461259652286592,0.15927427348175938,0.13506057260771623,0.23094820643540753,0.32957016162809283,0.2767472792540277,-0.23548968592681166,-0.46003807821729015,-0.014718425412191049,0.6104180841085589,0.5775280502685233,0.4762316410751017,-0.5144734668465097,-0.6398416027723465,0.12614399658538206,0.7774010456184559,0.795885299602667,0.7527824147098582,-0.26090119382601634,-0.13105105876471132,-0.3286953406399849,-0.43370303072282135,-0.38213613964882553,-0.37123306163180053,-0.615013777840716,-0.6084043981884892,-0.008579211766820955,0.6088666964592678,0.7266509361905981,0.6640036560055553,-0.4102531463782036,-0.2784284093018435,0.3707280380642588,0.3172888417781144,-0.03485987789469242
freq_bandwidth_std,0.0008980213137971712,0.009718650864957403,0.009718314143393783,0.2774354469059463,-0.2927636857092464,-0.2921762191611989,0.018124052548700777,-0.21105008825352276,-0.14953781770558272,-0.2229880476506995,-0.08307081003481986,0.009718654983897715,-0.2921762191611989,-0.2893078798375042,-0.3074931156401547,-0.05222288128319133,0.1431952496045102,-0.5003403702686986,0.009718314143393783,-0.32597995378284605,0.29453871051599395,0.3612864028038457,-0.05092882388239497,-0.0830708101242566,-0.3086009349906412,0.18047231029822375,-0.19935195789777405,1.0,-0.29877857140103287,0.63646880873088,-0.22966090714916756,0.8853401663900609,0.12891558070708212,0.08894584710879737,0.41351327270530636,0.5509996205499647,-0.4415578068052812,-0.11967313730471159,0.3995861882394564,0.24424668179142883,0.34517849015495583,0.02133969995501317,-0.35588518570578354,-0.3798660336494679,-0.17564976195995205,-0.07416950241019367,-0.469783165213418,0.1773483960840456,0.4686667840567711,0.28905399476313176,0.2630470466943967,0.15503797783798767,0.12380599514642474,0.1361138912143001,0.19332848539074518,0.17127376460006735,0.15590535290597646,0.10609467330374829,0.062399875006307885,0.23545450241258442,0.6102933949590358,0.17930466003608295,0.15497241777198661,0.16433846308082609,0.14208838177099067,0.15157780306902946,0.13992336326465685,0.14404596115479798,0.1363716405779436,0.11403336048728567,0.11117252345057799,0.11371693294878434,-0.012578666566429164,0.06894266919851127,0.034482748832279086,0.026377013378830385,0.024167081548450063,0.026921002324322867,0.0023827811375198957,0.0016234913426974795,-0.001054837187504201,-0.007073030614550173,0.002743758694040292,0.019640641078216888,-0.010379330672262127,-0.027391655563895657,-0.056665536186910094,-0.1125627831674365,-0.1574393965510198,-0.1979590099245227,-0.05232298772162477,0.1240932432402916,0.1420074736704011,0.11644003831737468,0.10747597286919103,0.08664736026452785,0.05688787521846689,0.09763204193713801,0.1647942926612081,0.11089255085620235,0.11190887111051066,0.09850583803053345,0.044296390168651285,-0.013254271772231855,-0.037436134897823534,0.16631923055882247,0.15203791041616552,0.06975634356720337,0.06290290909197711,0.11262526264906562,0.15296910362395205,-0.09721429747405455,-0.36229661843552263,-0.2088966541051982,-0.12133097532683204,0.28414749265441336,0.30101436606819887,-0.146540934173147,-0.4336956963823921,-0.3056249989160936,-0.24304767144431857,-0.0750304017169733,-0.18420712018826835,-0.10705504994508298,-0.028044409115697864,0.042942145176565756,0.09857759980189172,0.23631227875478214,0.1364698675812668,-0.3011213819347158,-0.49369446647170684,-0.31378263095445397,-0.21610247679709538,-0.06591930283418963,0.4903857933030652,-0.1837782203310336,-0.18911803532604063,-0.190801561622818
freq_rolloff85_mean,0.0011946078903367697,-0.018776099459968585,-0.018775231246202572,-0.5529877427907297,0.5868321485119923,0.5842275043306269,-0.09510477431956842,-0.32796847761482384,0.26613481112262793,0.36459644416203,0.01941668106814661,-0.018776114798267223,0.5842275043306269,0.577632556444032,0.9095374734260541,0.7838811205440226,-0.633849695650279,0.43654809100419306,-0.018775231246202572,0.8913265826283508,-0.4288579803567181,-0.40982924464845344,0.0903984600844819,0.019416681160037506,0.978869230615587,0.7049520175115507,0.949571680933186,-0.29877857140103287,1.0,0.24864447765011014,0.980163029677044,-0.541637791892259,0.3573303897953039,0.36235865213180557,-0.8649786609095306,-0.4798484433453225,0.8768412986721827,0.5128803468656942,-0.7318560151216272,-0.42477801581035574,-0.8020437804310575,-0.06987146507253769,0.5520414002911254,0.7541273650074667,0.633887016577839,0.4416363586285542,0.8188369406308276,-0.9412645570398052,-0.7023660975973672,-0.5100874856011498,-0.4659629492751028,-0.45005756346581843,-0.3628526126179619,-0.3678463770875986,-0.37412039242242373,-0.3507361558160114,-0.2736001228546972,-0.296037224368929,-0.251419844739493,0.14285703236618094,0.08717796044000263,3.597191245447682e-05,0.20717579828944635,0.16129802864307835,0.14247459366801585,0.0856250001894349,0.05542437157003969,0.008639729276983579,0.007059321878828764,-0.017227273258732946,-0.058335891147435155,-0.07717917857077089,0.12566084976781292,-0.07496587208433807,-0.136399310056892,-0.09498543064993342,-0.03630631838853694,-0.02216041801511276,-0.017188866093543222,-0.017200049246616663,-0.011734256889044243,-0.015136097195916458,-0.02711055868058706,-0.0016215085448752784,0.0049539602892610946,-0.4314897032206006,-0.27676654763820446,-0.0036605159216232205,0.16789397319522636,0.3498704259891112,0.21805335079634316,0.054742242271000656,-0.30983889881005106,-0.8050449057103509,-0.7741653518517766,-0.6577227542795505,-0.5890368736389828,0.31862387349903504,0.18470833012257656,0.16564622087900738,0.0358708862758686,0.050663816758996255,-0.000891371672648566,0.10289531937809888,0.24863888002702234,0.17843560846603582,0.263694166419631,0.372587453081397,0.3295290770087306,-0.2788151481947554,-0.49301434984928416,0.037868733245950185,0.6819791206174808,0.6509588544783457,0.5526309753525299,-0.6288464702725589,-0.7607079529783799,0.1580104698214657,0.8621661298552853,0.8756644093766592,0.8321793120923551,-0.3192841087592981,-0.16257888990932864,-0.3104257546217208,-0.37876390468908266,-0.3241871512960509,-0.31875964389672656,-0.7414318611874857,-0.7307423251391264,0.03122789391938254,0.7255769503786746,0.8474638534520682,0.7845448905138114,-0.4329128938806332,-0.3056143381313916,0.3717264549429439,0.32115524843199883,-0.06281025819799031
freq_rolloff85_std,0.0037615794597160475,0.008160833810693253,0.008161004511867432,-0.1216306363833368,0.11743503039046517,0.12193140133983882,-0.05869295982458003,-0.3199226294178114,0.03380948612638607,0.027783816226920378,0.032528186751276736,0.008160828180632303,0.12193140133983882,0.11924558199705562,0.09119472543396101,0.4034158037289861,-0.24837109959024864,-0.18432985326180526,0.008161004511867432,0.11942556840618948,0.2363093432863531,-0.06551387584230009,-0.003882833452053907,0.03252818667141854,0.1712950353266578,0.7041307814206079,0.3897943611332622,0.63646880873088,0.24864447765011014,1.0,0.3452321131459327,0.5145701143814903,0.10249710392786832,0.1204511727817827,-0.08996104898557856,0.20470676529786724,0.1160960411757238,-0.0010280860211611955,-0.07644738757067068,-0.04855843340912403,-0.06478101902758925,0.052678601261385835,-0.019952350863535764,0.0036465172317339547,0.07168613179595351,0.06529068344999173,0.1321378993066309,-0.31273924115117646,0.07794264120883178,0.06635671583426775,0.03874310655267095,-0.04365277705749326,-0.06714101450561892,-0.052929721683669405,-0.06856840046080899,-0.06302055468776008,-0.05085864363836078,-0.09962645942481078,-0.11545822099946648,0.26004946133387113,0.5947512928650401,0.20268023276896974,0.20690111490067048,0.17296142325918218,0.15723540498914496,0.12015277034250332,0.11333173839464505,0.08809787504208784,0.09092065576107355,0.06532186195862612,0.04066603380475632,0.044866878935129514,0.03902484177285191,-0.010758919993494449,-0.056565784642215726,-0.03152529445967311,0.0016388511471858423,-0.0016639010736460658,-0.01564942562693085,-0.010648199008212265,0.0010209931196433117,-0.012142181529165822,-0.017354879170153225,-0.0022407931450684395,-0.008914756723103899,-0.14815732415316762,-0.08648621551750858,0.0273833482256323,0.08520507840283367,0.12512116493736591,0.18330777380987154,0.20529157396299727,0.018906685379680294,-0.2595017339364308,-0.24793939404389692,-0.19292567914563294,-0.16726706680844974,0.1955477370495012,0.15987141176139438,0.0749138910729599,-0.005411177846622017,-0.0019377718733846647,-0.09481200402044236,-0.07647185712681039,0.010267654130564099,0.23990646038828822,0.30204115683641414,0.2636013778519996,0.18630599537743545,-0.012413356611049859,-0.02067017408265587,0.016752045132298932,0.061444139665256865,0.11352342085639412,0.12849194269065062,-0.05770338542906185,-0.005969985294618533,0.03219105578003549,0.06745654581893223,0.147378972255454,0.17332031499100534,-0.15187618611585632,-0.21874755405069554,-0.2641999451187364,-0.2856845589645577,-0.22617130926220871,-0.1826713292767835,-0.13264750590502936,-0.1154861388608775,-0.13719576193580763,-0.07894340841235357,0.04685446916610359,0.08144712949253045,-0.25278016535732306,0.20933030962534832,0.05170275171277414,0.026898809316922224,-0.145186786392241
freq_rolloff95_mean,0.0019741344353014162,-0.016043634822788557,-0.01604276952084738,-0.5496655537335822,0.5842282260671593,0.581237863089105,-0.10567886682321806,-0.331266856605618,0.27028647507101194,0.35971803393746843,-0.003163572446562024,-0.016043650121409982,0.581237863089105,0.5759602919365163,0.848283949882753,0.7515236943958703,-0.637369554810114,0.41101616902802435,-0.01604276952084738,0.8393724465062462,-0.3374530209534931,-0.41890118568159235,0.10230936488403956,-0.0031635723688211766,0.9397796261866539,0.7112324109670416,0.9792838248463308,-0.22966090714916756,0.980163029677044,0.3452321131459327,1.0,-0.46633877707031146,0.3591108042383016,0.3625168397740242,-0.8474607562676775,-0.45835813116335483,0.8439693064438687,0.4558612355108593,-0.7073466700215958,-0.4223519462039384,-0.7615380463485981,-0.03755144682085552,0.5306540042346564,0.7093965486788987,0.5797581788978189,0.394698355737403,0.8275956867255858,-0.9462426963220206,-0.6402186258030353,-0.4703423487660337,-0.4258437246860576,-0.4266978277515359,-0.3511254427821631,-0.3590928736371725,-0.37350479092226985,-0.34851124607592293,-0.27118954843114057,-0.29092212324515526,-0.2485408428563581,0.14266438962395087,0.0723971220931176,-0.030310355667813798,0.19756456779778,0.14722327465318544,0.13229804196515066,0.06868450604397677,0.04099772216257832,-0.006355066460551984,-0.006907878995960388,-0.03013546308099211,-0.06920443886521625,-0.0895578694893807,0.13104442628269228,-0.07936308147690059,-0.14228826942309591,-0.09515697703104724,-0.040520925897314874,-0.02476420185287264,-0.02000931875831715,-0.01663445220685351,-0.012514478518334012,-0.018995870265393046,-0.02881195120693275,0.0008944411872953135,0.0022707725525887147,-0.4067636919172553,-0.24853316510552217,0.029343821145035136,0.205361100119974,0.3868916006935561,0.2740090083317843,0.11350567575080546,-0.26811822137643143,-0.786123837003964,-0.7551471333299835,-0.6370909212617603,-0.5648857588743456,0.2768559016173868,0.13961240542676337,0.11524356175704803,-0.016687172056044326,-0.006212916751245782,-0.0663198425387846,0.03808261179162179,0.1973471711775289,0.15650705276446175,0.2439224055731787,0.34568336834136804,0.28968605757690363,-0.26661989493186733,-0.4787852870760163,0.025095374822055573,0.6429460579713476,0.6019630823867502,0.5040064589137565,-0.5944265719753886,-0.7053613444505776,0.17497432758067696,0.8288535184623012,0.8296824409485165,0.7851379779776039,-0.30310515211024847,-0.15811174635006275,-0.3207681637621354,-0.4067715955005924,-0.34916628897819757,-0.33861165136506716,-0.7070885118290152,-0.6811865843956559,0.03544514021764526,0.6751576580718198,0.7856281967373306,0.7256814773269799,-0.43402969409547343,-0.2873046711893721,0.3641935126204053,0.3148871490114995,-0.05106613321459863
freq_rolloff95_std,-0.0002783026517751078,0.019283944838816788,0.01928328796500535,0.3614852495549324,-0.3938395329405358,-0.38768142500541003,0.047135911661733226,-0.08691576011432481,-0.2136377578601366,-0.2683642999299651,0.027626917125930916,0.01928395324534513,-0.38768142500541003,-0.3846927799515436,-0.5205265226009436,-0.2921590945039768,0.28814672232191574,-0.5086314970014213,0.01928328796500535,-0.5524721988887227,0.3534977211638145,0.34286539194662213,-0.10025830031620143,0.02762691701120145,-0.543515297743172,-0.023348360134938535,-0.43207255457933696,0.8853401663900609,-0.541637791892259,0.5145701143814903,-0.46633877707031146,1.0,-0.08415602332241136,-0.07409212683202034,0.5823591157446973,0.5732265544258979,-0.595665961110598,-0.2990031056249237,0.5236798184357192,0.3059106647899061,0.526971581973156,0.056242923210764705,-0.4309467230565464,-0.5247359644424521,-0.3720505294029898,-0.2318227368889359,-0.5892941836445409,0.42456911373245254,0.5911061672596198,0.3257586464065041,0.31310439238090837,0.2254917950864874,0.1736374039296739,0.19627984339834642,0.2454487789869963,0.24083369901797724,0.21079174598581127,0.14905157224509394,0.14206109038141282,0.12743621317951206,0.5113874542083261,0.17487115721942273,0.036873431706466654,0.0331730578355847,0.03630901897955761,0.06412309375502676,0.07220468293689604,0.09224993958364283,0.11814616869668211,0.11175785667057879,0.1179513935812879,0.14409212548623643,-0.06128468188106919,0.0630737561895808,0.07425127456257666,0.05040950843089196,0.035409556611580816,0.028930467444072877,0.00946724500743541,0.0102823783798392,0.012532333062491005,-0.003140972368888881,0.00501974221392431,0.002534224242642654,-0.010433623846571328,0.10920269978364994,0.04283264254072614,-0.06812992695839858,-0.15494596016586584,-0.2524599746238076,-0.09854867798044116,0.09629342907900562,0.22134514062642882,0.3422340007546764,0.3058090372386417,0.25339584577529134,0.21985990014121914,-0.019290809188966803,0.06886753803600132,0.017964285115685697,0.050622514929681665,0.04124618921999593,-0.005504126224157567,-0.08140368081754236,-0.13813948624189773,0.08422810942508616,0.062184936114829004,-0.038221128875277906,-0.05498091924318309,0.20463942854505213,0.35359807191650083,-0.0038721143722221974,-0.4557207733535153,-0.3768513803921061,-0.2850180346818454,0.41581641521084467,0.5039749665594748,-0.12128689109019561,-0.5973845824503803,-0.5365692643572783,-0.47626889148717,0.00229860699514492,-0.13230595943110798,0.005123668162525852,0.0992741203128415,0.15648394937474405,0.2210094049642059,0.3901381950462523,0.3426419351711193,-0.19293964806195069,-0.5862323634887441,-0.5361039013153518,-0.44793315044338133,0.06352331606465014,0.4733230314194959,-0.23975975578417177,-0.22671718349383543,-0.15809339159979593
freq_flatness_mean,0.011078061715797664,-0.006266836198996932,-0.0062664694740449944,-0.09341862538197179,0.12973421794234233,0.11596830946538901,-0.0627226595833698,-0.09454387962078309,0.12163349591128897,0.07419681221602885,-0.26376131100656075,-0.006266839921569579,0.11596830946538901,0.12518552743794242,0.34024438107875515,0.2830038775413858,-0.14942663033463846,0.12096459860970922,-0.0062664694740449944,0.29788065955780046,-0.10870363302439046,-0.05574957302534998,0.12022628798309237,-0.2637613109895611,0.36543058386062055,0.2414060780123139,0.3416779789199019,0.12891558070708212,0.3573303897953039,0.10249710392786832,0.3591108042383016,-0.08415602332241136,1.0,0.8746088723752725,-0.293026519041225,-0.1262106560256935,0.2517864981176279,0.2007408784464496,-0.2064860559973923,-0.11177199051515906,-0.27213357226845414,-0.031940751678547416,0.17299823395338837,0.25881641676556594,0.20875180804288426,0.15954293369313657,0.23903937806928688,-0.3782971732778925,-0.25202727434248967,-0.15587204966504997,-0.12432668512945863,-0.12370401119115061,-0.09834895352367666,-0.11417615092361476,-0.10572467492156988,-0.11767578643057537,-0.07848493307737318,-0.058060626598574805,-0.08885861304042782,0.15331377803235316,0.003972982692057416,-0.07351252336211385,0.06871175013833716,0.05941795078503347,0.059980946668944386,0.026070775520642332,0.004438761038567624,-0.0017518380939695879,-0.03396802172640431,-0.05219977968992886,-0.05093178980946395,-0.04908355785322027,0.13914370190905662,-0.003653023448118554,-0.08205130695064705,-0.04022819477645186,-0.014356934419686202,0.023288218218961924,-0.021915918104810493,0.0004114598357650963,-0.06181873593431088,-0.024085984267708152,-0.05191649532604864,0.062084414822130826,0.010897363412354612,-0.192995775202423,-0.12754546674443035,-0.02450838680741806,0.036358711462806,0.11538683042354902,0.09186026070478172,0.014773077818792215,-0.11557844529507234,-0.310428414961988,-0.27848400390499367,-0.24689714218586808,-0.2414239059700968,0.06706397848298348,0.046700381626781584,0.045459682315034035,0.006659242877728417,-0.0013110289436790536,-0.029030046810140965,0.03151986725585935,0.06707269573897907,0.001795853770669269,0.041129834935790366,0.08932014700205806,0.07601634769926303,-0.07027954445376167,-0.3146951261756229,-0.203785457621209,0.05853170326879339,0.11426769754564008,0.11556156573320205,-0.10465719974405764,-0.2949925072442418,0.013621602558411359,0.2788409343023748,0.2941498821702699,0.28651778759188185,-0.19416758462255462,0.001821902469797716,-0.05275857954246026,-0.08155598255373694,-0.06898398384492806,-0.08634704953404317,-0.21600567680691546,-0.281323512103691,-0.048310938809649165,0.25081115210450855,0.3461146327322053,0.3380625992701711,-0.11570649845449126,-0.10840032388243385,0.054171890574386414,0.05475710182815489,-0.019022836325443826
freq_flatness_std,0.011138088754790823,-0.009216024503886323,-0.009215567730447124,-0.18058261417863336,0.224144617975216,0.20913557131134033,-0.056383331972825496,-0.09210875464554104,0.15971983992606645,0.12520827717847174,-0.11896908735835168,-0.009216029889872955,0.20913557131134033,0.21998594550476872,0.3360294159760424,0.29201689223799493,-0.22940727535404318,0.15934634515092688,-0.009215567730447124,0.3264711140483168,-0.12461687588187004,-0.110018869741205,0.05085870264118602,-0.11896908731910266,0.3608471687844736,0.2723631159533393,0.3529042846933376,0.08894584710879737,0.36235865213180557,0.1204511727817827,0.3625168397740242,-0.07409212683202034,0.8746088723752725,1.0,-0.29163898507434766,-0.1243997293711903,0.28498851871645103,0.19363235169199094,-0.23267262411137166,-0.1946288335876864,-0.27056166417417044,-0.05817764447036404,0.16938195665588388,0.26563470815607587,0.23456580240242453,0.16956083003504516,0.26911144919239016,-0.37174689774921704,-0.22895319461759417,-0.1353659312857657,-0.11149258141785266,-0.12259602786086024,-0.08777355273116674,-0.10886071343089332,-0.10502100520795433,-0.11028818466825194,-0.08603063432080521,-0.07885556452553807,-0.08156002167604345,0.09792413814004533,0.020557117639705896,-0.0481025971560342,0.07193768261489736,0.04902045481825302,0.058007385907439826,0.022837252830241864,0.0041502503149929,-0.0078397175373926,-0.03658031477032986,-0.05381355132429135,-0.06283713524175438,-0.06828837470400201,0.12216949859892517,-0.012990399844600766,-0.08886717130645364,-0.046717354521552554,-0.03216148656940679,-0.0020052485602016406,-0.017438960407554722,-0.01907652999888644,-0.02844202759769902,-0.02376346263559027,-0.02004267526096462,0.014112209638811057,-0.0067143714747473215,-0.16074363561765445,-0.09694252449100875,0.0037088597126723293,0.05930800344225705,0.13112020596801033,0.10883566223649593,0.04961307033947855,-0.08588568554890251,-0.3023381934859767,-0.28258384141668813,-0.2433788866590206,-0.22200901220605496,0.09104520154637408,0.057357487668226,0.048245010037114934,0.0018916980083226516,-0.011677158377447186,-0.03483812132194332,0.010719914422581968,0.05491628739787796,0.018068306369868045,0.06407807721379559,0.10857801613441335,0.09753146907116711,-0.0049435671005500816,-0.24768957737158917,-0.10278428656180803,0.15664968297936122,0.18890848194820303,0.16718229361986958,-0.06190943095274181,-0.2976109711858184,-0.0015774724426734523,0.29542417095797374,0.3300529588375056,0.320722214667094,-0.27435013963245924,-0.014983641243420835,-0.0983828429432292,-0.1613076321715444,-0.15238964458006302,-0.15772413095186455,-0.20756296018786943,-0.27467286754864806,-0.05539889188754362,0.24047572660299488,0.3429725338485413,0.3340421479287986,-0.1321740824308892,-0.12720621843210142,0.11470448830551724,0.10930100180414996,-0.022867392203407732
freq_flux_mean,-0.004009553245508594,0.014948061902972336,0.01494728947563605,0.5251152386474114,-0.5501563752090436,-0.5507740259121923,0.08287459743607689,0.3628397714195406,-0.24707161578680997,-0.34201616997712575,-0.01950032437018262,0.014948076526553241,-0.5507740259121923,-0.5439171408277439,-0.7888308402649516,-0.6105417981504929,0.6340578457861052,-0.39133054695096303,0.01494728947563605,-0.7549287792957545,0.4853642373140568,0.5412881816326556,-0.11841843660411458,-0.019500324436676212,-0.850831739431385,-0.4706530962968463,-0.7946678866347325,0.41351327270530636,-0.8649786609095306,-0.08996104898557856,-0.8474607562676775,0.5823591157446973,-0.293026519041225,-0.29163898507434766,1.0,0.7063818034930173,-0.8651460155470883,-0.40386862779074395,0.8071492723813397,0.4080555521512235,0.8368172804586136,-0.18866784589697813,-0.6665847167655049,-0.6667718889525852,-0.45861524325908426,-0.2876222692238166,-0.815304224761468,0.7338975511388944,0.7253541878841178,0.6396156316687118,0.648454446486569,0.6006502915795049,0.5073279595477732,0.46634577053447,0.49835862053216645,0.4653577956373312,0.33313034410450115,0.340859111961888,0.26531505660493176,-0.07597964230552406,0.02908384779142458,0.11757210089390764,-0.061023230467871954,-0.007248829725209842,-0.022269421781441843,0.040404303088478054,0.07556263290537743,0.13941956200686942,0.11759680539632493,0.14074413314160197,0.17450899788378138,0.19065980622340079,-0.11732467492421822,0.07808267756350275,0.1216627546260877,0.07279160239630703,0.030485531834929042,0.02067762936911008,0.024196644844980873,-0.004129670241024271,0.016227564473797636,0.0216608796006101,0.02159287156638783,-0.006636935862425972,-0.011511909609923196,0.24914427531546882,0.1293581350462029,-0.11015515057792268,-0.25005260819693154,-0.3944901729517418,-0.23514756814572793,-0.04231416078421432,0.23700314401440703,0.5996156423019232,0.5739952304534135,0.4577956249396638,0.3959021270892692,-0.17109147012808087,-0.013939134590490138,0.007263197760726661,0.11920882331872196,0.06581893560896196,0.08418334817547778,-0.02082505662319586,-0.14529429003942182,-0.11295936664935874,-0.15853124623209097,-0.26250316911274946,-0.18218920646658981,0.3120333013626482,0.43616981111413,-0.2031391009840822,-0.6262092650294457,-0.48964011983014466,-0.3824266662782299,0.6761675950228996,0.6686988699077644,-0.4278528268694584,-0.8433466147388249,-0.7090299198132552,-0.6429970714236771,0.2751262093846845,0.17436835354273156,0.2969821782957156,0.33246819681273054,0.2931856290308818,0.295881830684302,0.7893335659487319,0.6616032546696593,-0.2683900604548457,-0.7183424086576954,-0.6571348639108072,-0.568994992648622,0.47348431205029673,0.3021509033635704,-0.3500081399950751,-0.29766470521880894,0.024467050539922874
freq_flux_std,-0.0016540138833526388,0.012722027066364999,0.012721599834163995,0.3503171512541299,-0.3689991252414089,-0.3685504160428142,0.03357306673957948,0.042152544154786566,-0.17437789376642732,-0.25364793662673496,0.00682297385954318,0.012722034084324695,-0.3685504160428142,-0.36660935462803756,-0.44809734746388447,-0.19897232907847265,0.3331908112988477,-0.4413374040329569,0.012721599834163995,-0.37206290960224103,0.3522739550918345,0.5450983160152857,-0.10353890047994227,0.006822973765810027,-0.47036036287239225,-0.00655722122544344,-0.41845104086307433,0.5509996205499647,-0.4798484433453225,0.20470676529786724,-0.45835813116335483,0.5732265544258979,-0.1262106560256935,-0.1243997293711903,0.7063818034930173,1.0,-0.587367012169775,-0.10195409404155678,0.6020625157147462,0.2771339628744519,0.5400492840153056,-0.2886360144475499,-0.5201605180831139,-0.3937980795225984,-0.1030538410693262,-0.056205691649843625,-0.6432334505780085,0.319228836023445,0.4890039071323216,0.4836619577462135,0.48515238687707773,0.4393609702467128,0.39772973177138393,0.3302057879166623,0.35625938384555,0.3374413532596385,0.226339697574223,0.22002169661300253,0.15959980284959263,0.3776465053560634,0.2657993151378654,0.24404608042779743,0.20770537912493062,0.22435253544685868,0.17543899675624758,0.1892157092489189,0.19633604521412742,0.2325514629841615,0.16886224127192676,0.15904545271230508,0.18132373063065857,0.1750532860067846,-0.035003033297860815,0.06305329957603398,0.0657054338904881,0.041981637942185096,0.027177629420015312,0.023352433986397674,0.026126931849190464,-0.0010180062862211099,0.023162326923477434,0.011136523548858674,0.022381779282336874,-0.01293943358556536,0.0035310425910304493,0.07409854631389892,0.01505826483213943,-0.10535731649174826,-0.18899915543014442,-0.26743280592411695,-0.13137090355760528,0.007339694072853558,0.12064153458858698,0.25748181412567556,0.24555127256658585,0.17528134014970093,0.15371724091362296,0.07131452192253329,0.20862029698086634,0.21866214789810134,0.28795078521864403,0.23267485206132213,0.17142320332904645,0.11687554404130102,0.04589864697771755,0.06226729187285584,0.069410700636725,0.0070818670801906115,0.049989573726453025,0.22956880452983658,0.24738002700360603,-0.23894706354119483,-0.37722109346564353,-0.15431973521422807,-0.08216374267367006,0.4353302028140866,0.3391716824809403,-0.4645159778562208,-0.5406127563205853,-0.32075440429529617,-0.2681296768376081,0.05987730236089191,0.0038510521587998277,0.05455303425398746,0.06350308665243345,0.05574069607248209,0.07595984240683441,0.4717671669798652,0.2861634531225319,-0.44294703916025485,-0.5457453893007322,-0.33492461891190517,-0.258809448689549,0.1660153220616421,0.3950248772943183,-0.23198642385862217,-0.21512012598667352,-0.13028125769910467
freq_spectral_entropy,0.003875627378129011,-0.017512836996446072,-0.01751202709933933,-0.6369791033468986,0.657463568207337,0.6625205116827642,-0.10052060434102071,-0.2990529268511356,0.28454708256922245,0.4347217236986577,0.10986965339809408,-0.017512852252781763,0.6625205116827642,0.6527260473767618,0.7899874532280013,0.6741249193854465,-0.6746794588053349,0.443657505307624,-0.01751202709933933,0.8545633840606857,-0.5572548987046658,-0.665031152650089,0.12901736398275512,0.10986965348948895,0.8630794753836358,0.577575163428744,0.8079031454842828,-0.4415578068052812,0.8768412986721827,0.1160960411757238,0.8439693064438687,-0.595665961110598,0.2517864981176279,0.28498851871645103,-0.8651460155470883,-0.587367012169775,1.0,0.4110927379614574,-0.9175557586383085,-0.4711406291119227,-0.8780703159787105,0.07933103733893454,0.6877264378687951,0.7776714104034432,0.533150617273426,0.34435663442949577,0.8081848656346895,-0.7611988971402888,-0.7129451807990764,-0.5642202717717174,-0.5577796653968627,-0.5335100915397235,-0.4370643816103973,-0.40487101652641927,-0.4328536529997815,-0.41565150472483486,-0.33627468863887966,-0.32860183493659806,-0.25625475074739107,0.1870487848168262,0.04396511158812047,0.026414635128487855,0.16416030751221508,0.10286286466617516,0.09022675588583946,0.03162594985621295,-0.005472903704314671,-0.05192099810049436,-0.047475990865615894,-0.058086627827636815,-0.09775658542324069,-0.12739001016266419,0.11184042670477218,-0.07326825969234427,-0.13101607339038382,-0.08516414249451511,-0.042210535672798165,-0.019736488446681244,-0.02388954056017269,-0.015476665685979418,-0.017443259547407046,-0.011434690648130116,-0.026546147970918674,-0.008398581064999267,0.002236053402452811,-0.24784233885979481,-0.12692641482643882,0.09667555408980796,0.23272838732131862,0.3720104692211876,0.23269207334675918,0.06559830959229428,-0.2459711981398856,-0.6345458156176677,-0.5875263203837563,-0.47364593893386886,-0.41284391326809894,0.27561550407600977,0.12968135849118387,0.1146132647258309,-0.006708703158401721,0.01333604941800058,-0.027397484919088343,0.069243858654521,0.21940524788096077,0.17907042591824107,0.229776236252103,0.32687780111879117,0.2888294860179327,-0.28217983302453536,-0.4516624981954978,0.21373375057807373,0.7579456183355773,0.6014897068422491,0.47913649920218393,-0.6728415408929912,-0.740999047303134,0.3586825305594514,0.9252559605338228,0.8157112134952302,0.7514411175567742,-0.2484018386988389,-0.13864515399616673,-0.34635425761348254,-0.42969312649428315,-0.4001366548318128,-0.40054152821435185,-0.7611725030988179,-0.6794779467622877,0.22827166474020785,0.7544813332996194,0.7200532141748791,0.6273725592473028,-0.4294136330877863,-0.4202406298246291,0.4175246741567254,0.37425476181898587,0.023105236522510664
freq_dominant,-3.877477327922024e-06,0.0003158567493256892,0.00031626759786871375,-0.1967931594077317,0.170651939807359,0.1863553314192784,-0.012986112331359006,-0.2906591571259361,0.024048490477230063,0.14608796659892553,0.056303206373404927,0.000315847758389585,0.1863553314192784,0.16341567783008507,0.6062969425256121,0.5023693359255482,-0.2924895938872346,0.09691688696819029,0.00031626759786871375,0.707684733194884,-0.4878988317632894,0.1265599921537736,-0.020057130762582236,0.05630320638115576,0.5865617739368308,0.41622828914574705,0.3849478590095646,-0.11967313730471159,0.5128803468656942,-0.0010280860211611955,0.4558612355108593,-0.2990031056249237,0.2007408784464496,0.19363235169199094,-0.40386862779074395,-0.10195409404155678,0.4110927379614574,1.0,-0.3133517529600424,-0.1047361934093221,-0.5578978291396207,-0.23068275274218808,0.18958941623303904,0.4611343550770881,0.7345004317559131,0.6191514082404601,0.2377230781641447,-0.5044034794531331,-0.41803928907660265,-0.35754329709298127,-0.35230216060673075,-0.3272182679652582,-0.23941860692943862,-0.2326707282951706,-0.21722739717377834,-0.21670346742529892,-0.17679782181062198,-0.17923493339440025,-0.12231145129661564,0.1213720520385977,0.16810225351773683,0.13996767346801922,0.29969270185389935,0.28316436577020915,0.2605061193976371,0.19673221941520483,0.1692997008247918,0.11903437251918082,0.09634058834361237,0.06664686315586059,0.021991887243739048,0.015272682810318775,0.034975968330336074,-0.014151043701839061,-0.03440075916988912,-0.03223061118120302,0.00014408906611858855,-0.01528241548201857,0.022897235094361115,0.001257749096301387,0.010577838369899598,-0.00036577540145234813,-0.005447832800960084,0.0037805078061066565,0.0036678484815310646,-0.32557039462846976,-0.2533128167691719,-0.13942469580839423,-0.07047828279513324,0.00606747172945249,-0.06898532739209715,-0.12406058347033945,-0.26138870714293994,-0.4712281621236882,-0.46631813763163465,-0.42286056353804785,-0.39439568741717845,0.4318269088136796,0.3824473901331415,0.3881037239915082,0.34479041619180145,0.3708533959927321,0.35170546054162355,0.38647042722007885,0.43476590265962467,0.28799153962217927,0.3377186044447951,0.4137586675354858,0.42938901948722114,-0.1951164301894267,-0.35562134990679806,-0.06591794360732695,0.414865753420728,0.711328100380584,0.7092183307332237,-0.45329981409484366,-0.6667170282546181,-0.13738775351810928,0.442875400750363,0.6829170401552076,0.7040896477212587,-0.28737343298190793,-0.17063779710739907,-0.21215037175004797,-0.17463801041730057,-0.13824382104555874,-0.12140234682090925,-0.5142953151622794,-0.6441054390925007,-0.21165724628964744,0.3323686017686614,0.5933482400256748,0.6027052003718975,-0.34783357294476763,0.10329634464114591,0.281564602328271,0.20469052027479295,-0.1634870265662654
freq_peak_power,-0.010041806227333513,0.00877863325775648,0.008777979110467788,0.5721590238201262,-0.5901822756891851,-0.5948886647892652,0.0780465789901653,0.3224375318155724,-0.26675655086673605,-0.3975476464084214,-0.11517101672914667,0.008778646510460177,-0.5948886647892652,-0.5873212706805653,-0.6696755847843385,-0.5407001606445192,0.6402679541151065,-0.35970752228295705,0.008777979110467788,-0.7012162614826386,0.5813628079718167,0.7426341058579682,-0.17238755980101406,-0.11517101679800427,-0.7261626633442779,-0.43354471329883226,-0.6581361209322767,0.3995861882394564,-0.7318560151216272,-0.07644738757067068,-0.7073466700215958,0.5236798184357192,-0.2064860559973923,-0.23267262411137166,0.8071492723813397,0.6020625157147462,-0.9175557586383085,-0.3133517529600424,1.0,0.4666744733413646,0.8547357549146211,-0.31240170207330525,-0.6825630679663337,-0.6308401310879798,-0.36850289913545903,-0.23123088477474643,-0.7157376771818124,0.5909387705582572,0.6291554299366457,0.5708594932715222,0.5932396817612787,0.5921234539266836,0.5207601480181671,0.46862158939105936,0.4788453282262661,0.4722560782029208,0.39738260546311777,0.3802912197926829,0.32399170110035935,-0.16263990942731976,-0.04744072477342478,-0.026186608850007207,-0.12998555380164356,-0.08365227576743131,-0.07312581753309877,-0.02023236269111251,0.01891395026855586,0.05998383388366007,0.04808665552535987,0.05923421676501553,0.09384209355695877,0.12049658012750834,-0.1018129623959978,0.060093947134546404,0.11073852252092915,0.07519134988877674,0.04113195918576813,0.019630172039171424,0.03007229934763979,0.01652696788601414,0.021536516569500785,0.00907376085121,0.021823494624368563,0.007866369366994775,-0.0026838195188495662,0.18177907916170702,0.09572769313169363,-0.08880712944194985,-0.19800631983814793,-0.3152010326948905,-0.21097556732088296,-0.05965253269218149,0.20562806622206872,0.5029110629311083,0.4532381565996225,0.34891506621676177,0.3154610463597606,-0.23669067334975666,-0.09703092489176891,-0.08872474779677444,0.030563229128362433,0.005442907178754528,0.03900595371584734,-0.043346867067862206,-0.18687700418786068,-0.1791529470092317,-0.19649739265242794,-0.27702413968934714,-0.23363049494775776,0.28883257332517737,0.3404591427783706,-0.3333171046084704,-0.6397856237525661,-0.43851621808856656,-0.3344237682356786,0.6854252117085791,0.594842509285501,-0.540366665032532,-0.8251099884564238,-0.6390274409111709,-0.5723398780343996,0.20668284556260655,0.1902172185769425,0.35067308034635597,0.3754278756291875,0.3335242439590355,0.33080035942904196,0.767990964477046,0.5814797220397084,-0.3684422849256676,-0.6654581494796089,-0.550803952568056,-0.46439092495303275,0.43870608392565985,0.3486313489550791,-0.3779979163678225,-0.33627532065140736,-0.027321713833581972
freq_total_power,-0.023743660294793897,-0.025556279017712714,-0.025556907711371125,0.7386989556035256,-0.7819344211007899,-0.779315187612318,0.07271572026048709,0.20136111143809127,-0.4904339371983834,-0.7307654898342691,-0.0563460356868098,-0.025556271155683482,-0.779315187612318,-0.7794939943116173,-0.33413369930922093,-0.2506688208838267,0.6443579398230372,-0.3129430459503485,-0.025556907711371125,-0.45533009851491746,0.26311291109748336,0.34550103262178444,-0.05812701692378449,-0.056346035667648224,-0.38838372345808064,-0.2635499975946414,-0.43327720484411,0.24424668179142883,-0.42477801581035574,-0.04855843340912403,-0.4223519462039384,0.3059106647899061,-0.11177199051515906,-0.1946288335876864,0.4080555521512235,0.2771339628744519,-0.4711406291119227,-0.1047361934093221,0.4666744733413646,1.0,0.34677392772262877,0.08221252618391614,-0.27953378976716775,-0.42188000736790165,-0.24280514742689865,-0.1361831820789322,-0.3175300043872765,0.3903149046145698,0.2736037412483889,0.15511792384316844,0.12881711493627848,0.1586611688918676,0.10665237472009031,0.135240221623233,0.17600836075396215,0.1584403690459077,0.13338196628625007,0.12939131410960458,0.09738921525114914,-0.058099178550502714,0.067430944535646,0.046946448882329773,-4.257612003266932e-05,0.040383425369697336,0.04451427851659917,0.06349343676013906,0.09209116545983675,0.12044518278145334,0.1365546417804846,0.13862393412367494,0.1550141049846129,0.1640328420551504,-0.14704542943755636,0.07404131157464028,0.1483977176542087,0.11597367207338435,0.06312500823792071,0.02828874165848488,0.038262437581454437,0.023775283645441334,0.006903971046441507,0.008095695472013841,-0.0018970404851229097,0.020420018613292828,0.010821928787238417,0.05931172701187005,-0.007357118970685805,-0.12080968548584342,-0.18637883741617134,-0.25997079710574644,-0.2117134706015698,-0.15483620970399942,0.03617841814038611,0.297950838464936,0.27463198809750783,0.2062833348349885,0.15439948124174246,-0.041573543698313106,0.028203672105501263,0.045769619165777084,0.10714301583555746,0.12151023441405563,0.14929740312939363,0.09147721050359586,0.008126199071870519,0.022380445656898555,-0.018349749991954864,-0.07652655777165612,-0.05119449784422782,0.004652503584056269,0.25376885019588635,-0.011426397094741527,-0.4718711575794109,-0.32183179437742016,-0.2115738411039126,0.18681073995247446,0.4261668215891593,-0.010823035586841244,-0.5174996433480105,-0.45100914313608237,-0.3959319375843153,0.2754640168716493,0.12824435769622125,0.4027063528735053,0.5436782736997077,0.4790750276632542,0.44920701087881604,0.3179591999490468,0.38592372771683,0.13750052346632347,-0.17318869650338523,-0.23489636426222,-0.21147602698377388,0.41050938477647564,0.24987697670708128,-0.6492154908773972,-0.6186679240736996,-0.04371952111486586
freq_band_power_20_50,0.0025945797088374662,0.01668891742311526,0.016688253652992084,0.4875395999904133,-0.4954659419087824,-0.5027127395890233,0.07730991433104568,0.4034535789917167,-0.20674860345507498,-0.33547823180350217,-0.0601786522215458,0.01668893182953009,-0.5027127395890233,-0.48795422127432786,-0.7988740580194048,-0.6253065445045224,0.6012504005865202,-0.29511811875635546,0.016688253652992084,-0.820596893666216,0.6870693994578894,0.47599952831301656,-0.12559485547223456,-0.060178652311268434,-0.8326630516636001,-0.48698313789218667,-0.6830706015892065,0.34517849015495583,-0.8020437804310575,-0.06478101902758925,-0.7615380463485981,0.526971581973156,-0.27213357226845414,-0.27056166417417044,0.8368172804586136,0.5400492840153056,-0.8780703159787105,-0.5578978291396207,0.8547357549146211,0.34677392772262877,1.0,-0.3024029478756202,-0.7087886330458396,-0.6903760766295072,-0.5548016927212429,-0.3589775646571725,-0.6838963279872667,0.6831394891569655,0.7017335518533651,0.6773239150885686,0.7060700177238547,0.6967831991770711,0.6181312875049342,0.5616627007675116,0.5412950890764209,0.5095768265562527,0.39656787965921914,0.4042242563171994,0.3030602423233739,-0.15541871635567944,-0.11248990147492723,-0.029207650784554045,-0.2241204603577626,-0.19280348876289546,-0.19211256680096098,-0.10332566872907865,-0.06821864102662838,-0.011967472397268083,-0.023649208272484876,-0.00021647808600801395,0.04688975422129731,0.07469738696999789,-0.10057112239460544,0.058660928426878325,0.09928328040280336,0.060257598004613486,0.03457447687685943,0.014460765404427105,0.015700132946502642,-0.0002469404586365185,0.008228703967149956,0.02000347341392746,0.0205164197331048,-0.009403052844193896,-0.004568238434361717,0.29898051174756723,0.2099133786685584,0.021848417264146446,-0.08715493947342667,-0.22052154257706488,-0.08692626986321904,0.04198111835548282,0.28850969807600974,0.5973566126940886,0.5628626667020671,0.4618441154380003,0.4246519135963975,-0.34704804605463024,-0.20705259666268278,-0.20288760245696588,-0.09148256345080615,-0.135547985465502,-0.12114312052724709,-0.1937041136515411,-0.303152699995865,-0.2503120872966398,-0.2825486612746953,-0.3708032250344749,-0.3426538414237977,0.3396417331027611,0.49171803436818795,-0.31287700198922197,-0.667689834009245,-0.5724586700935378,-0.46851635702384803,0.7769858059798673,0.7978175221705878,-0.49982802305818336,-0.8641540133218995,-0.748730638523763,-0.6851139280503797,0.25482957167059644,0.2032716010635136,0.3464687713105468,0.3298213430264726,0.26293113523446454,0.2477663947939583,0.8671721162613876,0.7849255593536735,-0.2924121033767643,-0.7189210089484179,-0.6739871680589242,-0.5924263602530707,0.4986142849974409,0.24076711874155232,-0.3519678856872055,-0.300550659977634,0.04238133334365903
freq_band_power_50_100,0.004206573457741218,0.010056652184915311,0.010056469053503379,0.10361043884930295,-0.09224944950202156,-0.09947099795186083,0.02284890360283943,-0.17108260602624262,-0.033256682795882946,-0.12246499193722664,0.0056115389196725735,0.010056651408493572,-0.09947099795186083,-0.09294575299559643,-0.0798457155951978,-0.10255372231469544,-0.027599361567470004,-0.08715434309227264,0.010056469053503379,-0.20684422548304635,-0.18072247785884357,-0.30160785309519594,0.10469657632351417,0.005611538871332076,-0.08532083815586239,-0.16427596115475887,-0.06639522584840431,0.02133969995501317,-0.06987146507253769,0.052678601261385835,-0.03755144682085552,0.056242923210764705,-0.031940751678547416,-0.05817764447036404,-0.18866784589697813,-0.2886360144475499,0.07933103733893454,-0.23068275274218808,-0.31240170207330525,0.08221252618391614,-0.3024029478756202,1.0,0.18142728355318355,-0.2892977293014047,-0.36448285094501826,-0.25668628575621066,0.14309467045563806,0.22296974703388775,0.05236729122451692,-0.25813781477351605,-0.3863045380160297,-0.49543083705537205,-0.5767511174878874,-0.49519192276301766,-0.4168783218919282,-0.38544410995136485,-0.3013280374336692,-0.3078881661485365,-0.246917072887617,-0.10361942204512069,0.05419168096342089,-0.10929997584789028,-0.10743392693258326,-0.060853605970198156,-0.007363220045032789,-0.03795183146588201,-0.025704654582334244,-0.030276050983374346,0.012700443546733444,-0.00382327174323228,-0.009996464702698384,-0.008014742531629109,1.2491005933533371e-05,0.007394984796788197,0.01971372390696042,0.040272998212969154,-0.002602625480594864,-0.00110209413814919,-0.02733380592325359,0.008125038834181043,-0.02121652892047866,-0.029590038157343186,0.004659757262590624,0.02407609209430961,0.0023791914776765647,0.07174945328232077,0.016998785750918524,-0.005706125224727283,-0.03810688222375148,-0.03336924391485068,-0.011235130733888972,-0.005044308936510208,0.034275158116398696,0.14523797399856733,0.14031626629404323,0.15323199593977668,0.10331875903040805,-0.05101588508884113,-0.10649248864188063,-0.1058581216599896,-0.1552835748477791,-0.11839121082636467,-0.0921587667977124,-0.11100501235661725,-0.09429585240416623,0.04142839578102868,-0.038422661390339584,-0.05626126602118655,-0.09679529536958557,-0.170156809371195,0.11947182188732561,0.5475001348348574,-0.16593730640921028,-0.3454311548319911,-0.3123701096597457,-0.3028611515700948,0.23228177230064098,0.8716179007468425,-0.020703518783783532,-0.2893335924734991,-0.3020583808366819,0.12429887433737836,-0.11127433197319646,-0.020569317671739844,0.11734932449280697,0.16670619653563454,0.1832401939858312,-0.3144302657405339,0.10417174194696482,0.6988220296010813,0.07093871466449532,-0.2298390667011881,-0.2492882443589924,-0.09688529068643688,0.05289074860711441,-0.16622310145259245,-0.1539439490293356,0.06862714715635682
freq_band_power_100_150,-0.02220719721004016,-0.027307737353730408,-0.027307302740498727,-0.36407002605964695,0.37749243202906874,0.3796361368983156,-0.11087015142194213,-0.24046956756907445,0.17108534964027342,0.249167935014063,-0.007278139905307286,-0.027307746384701594,0.3796361368983156,0.3739186646151508,0.5317126170203629,0.32867429773145374,-0.423378015144262,0.24525008650942878,-0.027307302740498727,0.4725750081838586,-0.44167824500671443,-0.5313092338262275,0.1484019494470189,-0.007278139784389405,0.5696131140380954,0.2058266114851583,0.45787594192378767,-0.35588518570578354,0.5520414002911254,-0.019952350863535764,0.5306540042346564,-0.4309467230565464,0.17299823395338837,0.16938195665588388,-0.6665847167655049,-0.5201605180831139,0.6877264378687951,0.18958941623303904,-0.6825630679663337,-0.27953378976716775,-0.7087886330458396,0.18142728355318355,1.0,0.5382632128229701,0.13237340973616812,0.04539382906899411,0.5966987699824029,-0.43856352797955284,-0.6672470419644319,-0.6842708533829692,-0.6695610541110902,-0.542035378899768,-0.3963965745849816,-0.2962603927648349,-0.28386759306764,-0.2703605829178671,-0.22167986704440726,-0.2467681519057486,-0.17297468524826898,0.11378440983040242,-0.04814406130722258,-0.048594253241385464,0.10449184115451896,0.07208524842464994,0.04655294268527099,-0.023251351688576144,-0.05061087048742539,-0.07612115685569554,-0.05996597678470924,-0.04674494762343909,-0.06581193892424184,-0.09878650768083265,0.07257761629052324,-0.045882952008393506,-0.06929159767226019,-0.04454451839094883,-0.02201775840654589,0.007649825652144063,0.003905003405821396,0.01592908806533286,-0.007518525665942316,0.007010128379359545,-0.0195463491689463,0.007364647736311342,-0.001652215298605691,-0.06571342083184571,-0.013172213487012495,0.10460225557710957,0.1626439155539638,0.21145538219608187,0.08096213980682694,-0.03915785410246419,-0.14515209024933834,-0.31777040053896644,-0.2855978284213297,-0.19785423115688952,-0.1674412541621323,0.10494057986501873,-0.012790998275539455,-0.015781681007690937,-0.07627931276354247,-0.019870934542167453,-0.02282801719850046,0.02298257557956276,0.09198261616105897,0.10189466424530197,0.11897387092350423,0.1626008593372059,0.12401433940863762,-0.2443072401747332,-0.39915239064791375,0.3007574660073807,0.5352947704469708,0.18611033639978178,0.09855923144417411,-0.5415278526749179,-0.5953856163909054,0.5466279737583025,0.7479464134068011,0.3962682556082705,0.311783107397651,-0.11745098934337997,-0.04602548870567343,-0.22134446491708526,-0.22364191497359878,-0.1860869050357336,-0.1918938431484075,-0.6000476512108973,-0.5449333957016257,0.39146044680089526,0.6636817857124976,0.379528991478032,0.27620390892032376,-0.3125300484190061,-0.3578866532269445,0.20367800784646545,0.19484951973286582,0.06879438179251814
freq_band_power_150_250,0.00280598140572012,-0.019643393208838036,-0.019642716929387134,-0.5909387888565092,0.5843584335489787,0.6001921426275805,-0.07065283484439285,-0.25468724958024463,0.23912843642363849,0.4605555322250709,0.06067800248422735,-0.01964340499973634,0.6001921426275805,0.5803116812470307,0.7219787252926054,0.5280429938692246,-0.5733114229276316,0.36294295878292643,-0.019642716929387134,0.7701276712668744,-0.4813045534102767,-0.3901897390885414,0.07777467876872324,0.06067800259282491,0.7735933109303244,0.4465130333684363,0.6623965178042258,-0.3798660336494679,0.7541273650074667,0.0036465172317339547,0.7093965486788987,-0.5247359644424521,0.25881641676556594,0.26563470815607587,-0.6667718889525852,-0.3937980795225984,0.7776714104034432,0.4611343550770881,-0.6308401310879798,-0.42188000736790165,-0.6903760766295072,-0.2892977293014047,0.5382632128229701,1.0,0.5162084376175745,0.24264572496121073,0.5579190262339659,-0.7293282419331605,-0.7286394045390016,-0.44678498081456,-0.3280757900845463,-0.29152243027899116,-0.225552094453197,-0.2427726264869053,-0.26748876343066674,-0.2477611161238929,-0.19560288244490726,-0.18468097234779057,-0.1428474220341843,0.23015946487406921,-0.027668881584068605,0.09429399189917884,0.18789053751720325,0.11333946687688666,0.08433815623736662,0.050856389192011166,0.026795895598829073,-0.003797127033486594,-0.02055156929689527,-0.020384004417897852,-0.04675701713281144,-0.06856766030653444,0.10776278656016718,-0.0635236280383114,-0.10693699406902345,-0.07530566919038788,-0.034878187577158,-0.014932291547630665,-0.014801342208060382,-0.007845853818256653,0.005639411651199915,-0.0017612812592056055,-0.027599050837275554,-0.004152722411673477,0.006985725307629141,-0.27713545740308965,-0.17066981536414008,0.01882679768873652,0.14423632565100486,0.27406623886258846,0.14009992168423113,0.005498568754392326,-0.22494366243872105,-0.5627481489905415,-0.5345150293753372,-0.4549419143868416,-0.4015329913033409,0.22167505574377075,0.14081620243005233,0.14505183229301052,0.06615164399544228,0.0759226446643055,0.046593607291158017,0.12171984862317135,0.21127670045109442,0.10864835578040823,0.16924215835736528,0.2577477478268858,0.23996554918427948,-0.20182825785382155,-0.4689607887008341,-0.0299714913986935,0.7921846833377216,0.5770064907144301,0.3891248682370502,-0.5169106300839472,-0.7892768010758496,-0.02120792175152385,0.872634544835097,0.7549764353632495,0.6484997053881725,-0.29600053115906727,-0.14077664110808907,-0.31859097493921296,-0.3960529716149442,-0.36407459435858247,-0.3635195782677059,-0.5958840058458089,-0.713647969562311,-0.11101682464522308,0.6608412391259813,0.663054231668841,0.5521956116756979,-0.40507550353420757,-0.3468114620313612,0.46012780420562105,0.419380990689766,-0.03724636013171814
freq_band_power_250_350,0.0015276597689714588,-0.011400953100571569,-0.01140033593509132,-0.3558582409515007,0.35312810891167157,0.36212626084685084,-0.03979520825906831,-0.27621533211984534,0.13557193082134159,0.2606845735533209,0.084240901217033,-0.011400964498871562,0.36212626084685084,0.34613178079346685,0.6490027293238861,0.6212817937896528,-0.4183466456721813,0.19984796855634365,-0.01140033593509132,0.8143193819655219,-0.45651508062737767,0.03529982075196791,-0.02345548384379327,0.08424090128998704,0.6661803100325884,0.5719070080101052,0.5509693509231126,-0.17564976195995205,0.633887016577839,0.07168613179595351,0.5797581788978189,-0.3720505294029898,0.20875180804288426,0.23456580240242453,-0.45861524325908426,-0.1030538410693262,0.533150617273426,0.7345004317559131,-0.36850289913545903,-0.24280514742689865,-0.5548016927212429,-0.36448285094501826,0.13237340973616812,0.5162084376175745,1.0,0.45967903602616444,0.3504152849680765,-0.6397604181831221,-0.42976725037157537,-0.22096084095277294,-0.2763422378168749,-0.22638289261564257,-0.14618769727815561,-0.16569654668209022,-0.20065715840151463,-0.19748558642115918,-0.16034003086851534,-0.1557283669727844,-0.10886613055905592,0.16118231668936298,0.20106726228730049,0.12476648613813097,0.3253009787835687,0.29498367204723336,0.27438517729181106,0.21422869830913446,0.15787149314148533,0.09186693941389273,0.07475730596582486,0.04592772582438167,0.0015469821650012483,-0.023959904575935314,0.06966218933831883,-0.04224935507708052,-0.08778104971168273,-0.06316318609407576,-0.02229999426334521,-0.017313438991227174,0.011529605076031749,-0.011098345089309057,0.004566411539196383,-0.0022133934994919197,-0.009039432318644989,-0.012954697728037855,0.0026842686157017535,-0.3019198862562277,-0.18723117793953267,-0.025986925798344995,0.07259638900171488,0.16165174822521286,0.042859083297120924,-0.0735315242109796,-0.3310223901369494,-0.5970658122258083,-0.5594825774565299,-0.49025623254769574,-0.426152263828391,0.42469252966750487,0.3500352210547969,0.330261749764546,0.27641601263088855,0.30745499810820553,0.312466295847346,0.4063365581031274,0.4802548833495458,0.30092922593265287,0.3666365477841046,0.44551018059755965,0.4473964227736571,-0.16495384593579115,-0.38788752038676766,-0.13833413069924005,0.5115779597793833,0.8337993472007325,0.6694959507391824,-0.43008568862608787,-0.7055583202740848,-0.26668883079925754,0.5404945600936328,0.8408421396496951,0.7908442297996362,-0.2914005474829251,-0.12617109430304077,-0.2510889327906482,-0.3005702911018978,-0.2882558968219768,-0.27166984390965343,-0.49318236133222704,-0.6500829033581258,-0.30687238479311024,0.377278601969045,0.6939912953298281,0.6408135194184229,-0.364066372510954,0.008781187378158032,0.36674239737606873,0.28922259401690503,-0.15998283028652024
freq_band_power_350_400,0.0049094221548559545,-0.0052751368138610494,-0.005274723166744885,-0.18622792559603094,0.1876581794637417,0.19112196884025764,-0.009759624280919121,-0.14062926885711144,0.06509323754164151,0.12394950120342431,0.047358933195545724,-0.005275143970455845,0.19112196884025764,0.18228305276633594,0.5010730007312951,0.4732533103473123,-0.2306399032609127,0.130744834762471,-0.005274723166744885,0.6144001189921781,-0.30157046022132405,0.08680080668142758,-0.027142362401163005,0.04735893321129249,0.49069098113465764,0.4429965729284608,0.3519852842033562,-0.07416950241019367,0.4416363586285542,0.06529068344999173,0.394698355737403,-0.2318227368889359,0.15954293369313657,0.16956083003504516,-0.2876222692238166,-0.056205691649843625,0.34435663442949577,0.6191514082404601,-0.23123088477474643,-0.1361831820789322,-0.3589775646571725,-0.25668628575621066,0.04539382906899411,0.24264572496121073,0.45967903602616444,1.0,0.20366414094912888,-0.4583865766642061,-0.20012081375461668,-0.20797954042382846,-0.15751996538204519,-0.17586158756795295,-0.09232803749278527,-0.10494796032897172,-0.12447506846293876,-0.12072812842039193,-0.09688781144596346,-0.1076383248241072,-0.08162054383527423,0.0821762702500191,0.1772621825873551,0.12758432720384258,0.20059427825269796,0.16082134492344585,0.14480304973586625,0.10937582513213627,0.10363388204214634,0.07506920700692338,0.049104941274391266,0.02370723428650072,-0.004287366243567401,-0.014781257217044715,0.007317927263927947,-0.02012414336188993,-0.03228510206383321,-0.05670764745160198,0.0031417849367476754,-0.015104788240131272,0.011051879733058273,-0.00940566545523299,0.008777804762440453,-0.011556482553485375,-0.010229214992028321,-5.9373190238767667e-05,0.004093602478937893,-0.33121698582228576,-0.2688002404421984,-0.16705658837321796,-0.08754834249211343,0.010505591070200297,0.0010454718140978814,0.0021531568620598725,-0.15866444553015593,-0.44776708994829945,-0.4445230718615452,-0.41223925798528316,-0.38308955469465716,0.3542438550645465,0.32386634505260264,0.328472050491307,0.2743962927593004,0.23860851188266385,0.1529439559689395,0.1596063659657136,0.2320844978563185,0.15498585566559037,0.22807206695534427,0.30919524131343284,0.34054437432991913,-0.10009971688692697,-0.2525110569125643,-0.1041453780190188,0.24014573074101284,0.6046185533853115,0.7914517188462514,-0.26622135172081796,-0.47245098368158567,-0.20831437712879367,0.24981534467091845,0.5960329018546017,0.7315426401821286,-0.2545235582875333,-0.10135292149881744,-0.13442439603172063,-0.16875499176690195,-0.14585792001719916,-0.14135610293950357,-0.32099359638197195,-0.4375530394768541,-0.22569599226470424,0.17753847492301203,0.5474827978439439,0.6437629912453253,-0.1960237358616442,0.008504456994405198,0.19638983255324421,0.14986119850453744,-0.11839947452549822
mfcc_01_mean,-0.004897017017677908,-0.018291222312342117,-0.018290460503782215,-0.3949810742099586,0.4535862834637565,0.43673058906078277,-0.08989359912190184,-0.019908674547911363,0.2301521714718424,0.20636743518080825,-0.017877350674745617,-0.018291235057300737,0.43673058906078277,0.4427061780089593,0.6983934699631633,0.5672146870535073,-0.3978137135336128,0.5813841523658104,-0.018290460503782215,0.6417651397758829,-0.269262054232937,-0.5760970333544498,0.09962228252178817,-0.017877350577968524,0.7724743052960479,0.4517122340322962,0.8114679522678631,-0.469783165213418,0.8188369406308276,0.1321378993066309,0.8275956867255858,-0.5892941836445409,0.23903937806928688,0.26911144919239016,-0.815304224761468,-0.6432334505780085,0.8081848656346895,0.2377230781641447,-0.7157376771818124,-0.3175300043872765,-0.6838963279872667,0.14309467045563806,0.5966987699824029,0.5579190262339659,0.3504152849680765,0.20366414094912888,1.0,-0.711545286774198,-0.6507455187983425,-0.4871673978906818,-0.4845195652905559,-0.44357816181260074,-0.3805376968588146,-0.3606299323614841,-0.4008256836789001,-0.3636698929049602,-0.2797945212413459,-0.28735112828621273,-0.22874008335208823,-0.15601886188829459,-0.15830165442695382,-0.12515988516225787,0.04122399074092571,-0.004404964956764602,0.010157282867539377,-0.045019368796783754,-0.0629710376540818,-0.09894711136352849,-0.07607361233816702,-0.08422705049365599,-0.10866768646495038,-0.12378783493424601,0.10224721730960547,-0.08765741313653307,-0.12772769353963265,-0.06537905021163445,-0.03993443638758249,-0.02155794333295179,-0.032557433300901766,-0.01122796813884947,-0.02177331335500703,-0.014462428022046905,-0.022738654468582385,0.001598511472023503,0.0038986753939305886,-0.21035362406276617,-0.09106291543749123,0.13072216699431352,0.2738375515127429,0.4090569328916853,0.24878919358909268,0.04311121420207028,-0.22570174518533784,-0.5624312897882956,-0.5289431771242766,-0.42525696609801367,-0.3640547502229387,0.13241533349346282,-0.027082273750736203,-0.031967541252007424,-0.1336040318398787,-0.10754734682115194,-0.12122760353384746,-0.023685628208127262,0.11512621667748542,0.07320094148880507,0.1305182801587306,0.21892338736968975,0.15983508746144065,-0.27262517896667304,-0.38290874506353473,0.133253033340736,0.5238433415709459,0.37808630057991954,0.2888337288863545,-0.5367128513240412,-0.5078001577849786,0.3802444422477988,0.7492825818054906,0.6224109836166446,0.5623388933391574,-0.014574222071031177,0.1633871894170119,0.0010240496164095267,-0.1396724871426295,-0.15490028843158804,-0.1868923451317759,-0.5662225061584503,-0.37517976384641544,0.4300034245836352,0.803223129388148,0.6814905383193959,0.5712747377407793,-0.09502469785354656,-0.5499038675242758,0.13307119562232017,0.14057065715810266,0.16356798016232468
mfcc_02_mean,0.004550107556178291,0.017740578694220476,0.01773973012961164,0.5118057021759854,-0.5451635549548555,-0.5418670906610616,0.102129621661084,0.242715763638041,-0.250424941895032,-0.33442335165142356,0.02400259137340884,0.017740592771306178,-0.5418670906610616,-0.5359602357723064,-0.8490460973380276,-0.7336632915137336,0.567713303060747,-0.38488459223608423,0.01773973012961164,-0.8444238347309202,0.28721160116033045,0.32532197065964186,-0.0701026586432791,0.024002591291889384,-0.9287898076311851,-0.7053921103833963,-0.9188851019903795,0.1773483960840456,-0.9412645570398052,-0.31273924115117646,-0.9462426963220206,0.42456911373245254,-0.3782971732778925,-0.37174689774921704,0.7338975511388944,0.319228836023445,-0.7611988971402888,-0.5044034794531331,0.5909387705582572,0.3903149046145698,0.6831394891569655,0.22296974703388775,-0.43856352797955284,-0.7293282419331605,-0.6397604181831221,-0.4583865766642061,-0.711545286774198,1.0,0.5764952371444158,0.34431720515350656,0.3054670075208369,0.2871723193558479,0.21258475616025058,0.23021874360398192,0.2740985228944611,0.26416763102297974,0.19498677249035604,0.2111405092586646,0.16678028785433877,-0.2199865190348112,-0.07645936005987694,0.0056897281022468965,-0.2348598568463212,-0.18149716907401559,-0.1559652834399633,-0.0900122129225797,-0.0546633999976268,-0.0067531407750742465,-0.0037870264367024543,0.014092840496319455,0.06126435962736853,0.07492299185625285,-0.11935582794701755,0.07295781307765269,0.13112009240658687,0.09588681869863656,0.03222348465665013,0.022915576329587354,0.01157000767892613,0.014757083133972025,0.004287356566179753,0.012436337334386937,0.02604956710540675,0.0017258564756452636,-0.004264822791599035,0.43253227316724374,0.26800171107958537,0.0009022480038190431,-0.17418602841046835,-0.33957617555104647,-0.23040918402442065,-0.08888337996455559,0.2863947721087981,0.8124576824179707,0.7804850369354152,0.6752640928249588,0.5850947030528707,-0.2764084183762219,-0.16410619836477064,-0.13418108651008467,-0.028186577030084946,-0.03713887383483263,0.034291128995767424,-0.07466981072438987,-0.19888414699287477,-0.12032203243009824,-0.23901203926675413,-0.3351520034301039,-0.29602893666615393,0.21201907698921377,0.5006353113428379,0.09660420769745785,-0.6174526330768294,-0.6359880558544126,-0.5426844631515728,0.5017161872176381,0.7523904585208683,0.0313366114075799,-0.7689991094202343,-0.8535335383326792,-0.8197741438363991,0.3089571132954162,0.1273660904363276,0.2999496789175749,0.40862055709447476,0.3589871464829484,0.35409982444859184,0.5918923653473438,0.6986475490276021,0.14633670447832303,-0.6181081301437402,-0.8436510692922478,-0.8003546711430441,0.3564051623363635,0.3057210738862155,-0.34155678645920956,-0.30143238544216266,0.07073907486117942
mfcc_03_mean,0.000562790702760839,0.014614240938798574,0.014613738372664107,0.3689237430324819,-0.3750096767559794,-0.38045502799705794,0.07824787984452458,0.2316148155823669,-0.1521375579512432,-0.2583922238860478,0.019354678445793822,0.014614251207224304,-0.38045502799705794,-0.37129718724882244,-0.7202255529181135,-0.5090022177508906,0.41697327339590096,-0.3645395757530814,0.014613738372664107,-0.6580681932875408,0.43815495172271673,0.3341981068149604,-0.09982232306693405,0.019354678373969914,-0.7360718589141728,-0.36252354869311715,-0.5571495878111768,0.4686667840567711,-0.7023660975973672,0.07794264120883178,-0.6402186258030353,0.5911061672596198,-0.25202727434248967,-0.22895319461759417,0.7253541878841178,0.4890039071323216,-0.7129451807990764,-0.41803928907660265,0.6291554299366457,0.2736037412483889,0.7017335518533651,0.05236729122451692,-0.6672470419644319,-0.7286394045390016,-0.42976725037157537,-0.20012081375461668,-0.6507455187983425,0.5764952371444158,1.0,0.6612342886899798,0.5356408735122609,0.4322651104063581,0.3442640258746371,0.33472742552782414,0.29757691429897787,0.2551409626528427,0.21669083652693313,0.20942947527192832,0.21668824754681054,-0.1185338413797809,0.03738208089683595,-0.06941853822030719,-0.13181568982676972,-0.09054466368357088,-0.08521209861462338,-0.04784765557062102,-0.032960462726408284,-0.03600738112438842,-0.009345129387514244,-0.008194174322386795,-0.002220080171832858,0.033653320828869425,-0.09511349212628607,0.04483988860661925,0.0754183494998025,0.049335502919315606,0.015431431399105362,-0.00035283754561169937,0.009845756722974126,-0.0028224013781197625,-0.009358879053733029,-0.012302911271004743,0.01968178305791489,-0.0022201812070724385,-0.0022946319018156643,0.2155792941867817,0.16378447096322074,0.01165611612007044,-0.05944522853933153,-0.16749923929558244,0.0014866879313046942,0.16464130157846427,0.29277356702661883,0.4439081958633344,0.4012602472416071,0.3212001487157657,0.31405600199737876,-0.23484122545632244,-0.12602813419474312,-0.16516844449114781,-0.08924352252220287,-0.13129754806034385,-0.14637032212708484,-0.203482961531854,-0.3072178488371938,-0.2148442686225383,-0.2101481480403354,-0.2777421297155859,-0.25571345420787817,0.2638228761247415,0.44305657419044886,-0.09019589245022319,-0.5917725844085588,-0.431814212245613,-0.31432824942217147,0.5620205935678345,0.6844843456739425,-0.23396616667881814,-0.7967335005006491,-0.615217732726329,-0.5171490526806873,0.2264447160341485,0.09964609846243241,0.1518708738040876,0.12065092371816329,0.10916582011704214,0.14012676843585342,0.641024094745611,0.6392334954143777,-0.19495087116491944,-0.7827460098513516,-0.6098524860736263,-0.46997188687613334,0.3051491083371695,0.3028512872308029,-0.25983966005474535,-0.23414989097024716,0.03967936795519801
mfcc_04_mean,-0.0019534799114877825,0.008023780213926836,0.008023635022873982,0.21503414749039992,-0.20513163833341874,-0.21416313976215573,0.03490763154428541,0.32977708739531564,-0.06140198771654718,-0.15778420929267353,-0.04836147004053418,0.008023787487444785,-0.21416313976215573,-0.2066076440349498,-0.606636972690883,-0.34681342184041836,0.31406392986336845,-0.19422186354979454,0.008023635022873982,-0.4734888796716041,0.5712868145869439,0.28158974624335104,-0.06538806904167116,-0.048361470060534865,-0.5798667541532851,-0.20888170044949889,-0.35137475558452513,0.28905399476313176,-0.5100874856011498,0.06635671583426775,-0.4703423487660337,0.3257586464065041,-0.15587204966504997,-0.1353659312857657,0.6396156316687118,0.4836619577462135,-0.5642202717717174,-0.35754329709298127,0.5708594932715222,0.15511792384316844,0.6773239150885686,-0.25813781477351605,-0.6842708533829692,-0.44678498081456,-0.22096084095277294,-0.20797954042382846,-0.4871673978906818,0.34431720515350656,0.6612342886899798,1.0,0.7582785044216598,0.6223841704474226,0.5429610373933254,0.5096104428433376,0.377045631937914,0.2736779569073899,0.217273495525452,0.2804180296862842,0.18311818054351556,0.02333207516224801,-0.0873656962130534,-0.06139293913865459,-0.11745849856304026,-0.03361530002000516,-0.04349511326561616,-0.009185897782602157,-0.008131291464223924,-0.0005416257983821002,-0.03835059598495888,-0.022264686647089655,-0.0007029210290045968,0.0015282180353041902,-0.01652863499213436,0.020311260776091456,0.022133539437590083,0.030738513751727845,-0.0015618733943574613,-0.00387698874219891,-0.006476216460260909,-0.017014085757271136,-0.007326310380898813,-0.0025710373651371505,0.02844121846912285,-0.005524647018833901,-0.012656448273018157,0.36922343080203335,0.31533289185083213,0.1607601917488238,0.05772072646767153,-0.08878766228319047,-0.03005186998947331,0.03497600951742314,0.17076390986714562,0.36747972531016215,0.41957512295558674,0.4008867097377976,0.42922034553292654,-0.24417453017787638,-0.15405245754248129,-0.1647091223963361,-0.05812636049859526,-0.08665158092974849,-0.061595711604117656,-0.07815807899495023,-0.18206046197995868,-0.1944963198521815,-0.17564336627317953,-0.24614180190075444,-0.22245630819323797,0.25464889948021224,0.28313861947532576,-0.3330710851461391,-0.42051145522309874,-0.260111150288132,-0.23247328498972855,0.5773635782295721,0.5191544992362699,-0.5072099331961726,-0.6099808556125719,-0.3756573676435596,-0.3365672812563128,0.26518757125327064,0.1939442795239644,0.10755259716631708,-0.011486526562605983,-0.09892873029335926,-0.13545088440044345,0.6976133113779904,0.5744706596737408,-0.4180456061786355,-0.6403521182974592,-0.4058162692284119,-0.3470281273631189,0.3446857439823987,0.12887750556582792,-0.1504252561156599,-0.13214098127324925,0.08598543060158438
mfcc_05_mean,-0.004356624615885532,0.008476126800809556,0.008475917538831125,0.19711564367508938,-0.1909875370862713,-0.197982021503424,0.016177681662736056,0.3450675421668473,-0.05666182933907668,-0.12172388599785341,-0.07343281464564017,0.008476134182890564,-0.197982021503424,-0.18928130992383577,-0.5323172228441795,-0.3259822309465049,0.3243611233324178,-0.12789567177663294,0.008475917538831125,-0.45087975716826073,0.5521507643185218,0.34765750625108954,-0.05342098318022417,-0.07343281465700725,-0.5189874328528743,-0.19684732653282588,-0.32339840732943426,0.2630470466943967,-0.4659629492751028,0.03874310655267095,-0.4258437246860576,0.31310439238090837,-0.12432668512945863,-0.11149258141785266,0.648454446486569,0.48515238687707773,-0.5577796653968627,-0.35230216060673075,0.5932396817612787,0.12881711493627848,0.7060700177238547,-0.3863045380160297,-0.6695610541110902,-0.3280757900845463,-0.2763422378168749,-0.15751996538204519,-0.4845195652905559,0.3054670075208369,0.5356408735122609,0.7582785044216598,1.0,0.7377696363106705,0.5860625902740976,0.47790614276519894,0.4655630988716084,0.3786181056044414,0.22097407569728175,0.2818787807606528,0.17362145229734613,-0.009327603665149009,-0.0963342549926245,0.01113249768161072,-0.12037824236172283,-0.09667020008641102,-0.11147934866300897,-0.023383730526239727,-0.002753617108601034,0.06280156869993135,-0.013385087648637986,0.006095977828596731,0.046316995751122775,0.06136431256722935,-0.044613548619311084,0.023015125293632213,0.029852248808696982,0.019072227664906183,-0.0020294912630102256,0.0032701431212477663,-0.001987372548950041,-0.025296095898951623,0.0020815864885882205,0.014101386221165252,0.015372522177951743,-0.007552687739055047,-0.0070064979333256385,0.09534144930826939,0.014961799087894044,-0.13186034673043082,-0.16978511826561785,-0.16714138815280766,0.03724247773522109,0.21678717021369706,0.3399985941130263,0.3570784345598016,0.3495847460383569,0.260393741244281,0.20705735445368553,-0.2153282562187495,-0.08382018679125088,-0.06895355062502517,-0.005400503268406503,-0.1090142254076687,-0.14918007776766212,-0.22171137446875167,-0.27060217997661495,-0.22205520766738804,-0.20830146080414827,-0.2743293457749433,-0.21406036496068373,0.2583281591420852,0.25631728749148536,-0.3987482201092134,-0.3710166264655878,-0.26343129382682456,-0.21019581323405254,0.5946390975343651,0.4998485131825728,-0.604373163663723,-0.5574071829459906,-0.36251985627360983,-0.31215360306581147,0.20635003391206547,0.16086677530887467,0.14483835397698136,0.04873580586200536,-0.004673495407922805,-0.02173940279903391,0.6903992000087238,0.5389696032961921,-0.4721385038311882,-0.5578645042307339,-0.35551267970885914,-0.28172302456724335,0.3537029601257164,0.08641561879605275,-0.1317387727474461,-0.10439574606041847,0.04955474345749316
mfcc_06_mean,-0.007472054747450278,0.010562244425834533,0.010561989198015615,0.21649406885846353,-0.22446429836315734,-0.2257440153731618,-0.014102793040508923,0.39784818672311334,-0.08403902123519304,-0.1328711446708681,-0.07551656011079241,0.01056225243450118,-0.2257440153731618,-0.21766945476630226,-0.5121226469714595,-0.3474646651770566,0.3650283305589834,-0.09773234469284127,0.010561989198015615,-0.42812438813862497,0.5787705939266818,0.30378913705725097,-0.06798887509412303,-0.07551656016132594,-0.4928124394582489,-0.2367425999784801,-0.3401498074057443,0.15503797783798767,-0.45005756346581843,-0.04365277705749326,-0.4266978277515359,0.2254917950864874,-0.12370401119115061,-0.12259602786086024,0.6006502915795049,0.4393609702467128,-0.5335100915397235,-0.3272182679652582,0.5921234539266836,0.1586611688918676,0.6967831991770711,-0.49543083705537205,-0.542035378899768,-0.29152243027899116,-0.22638289261564257,-0.17586158756795295,-0.44357816181260074,0.2871723193558479,0.4322651104063581,0.6223841704474226,0.7377696363106705,1.0,0.7401766964537421,0.524210490413075,0.47214182567725915,0.48529252664296885,0.3160168198191511,0.29582222126082564,0.26809892436773614,-0.004880772985722744,-0.1747142634224501,-0.03736168361294182,-0.10661902133177222,-0.09375861671338463,-0.10896385946585348,-0.04055557110526209,-0.026368787735053325,0.019484200208180934,-0.014749383238581933,-0.015475633623719228,0.004194862463503793,0.038543080925787294,-0.048698351200055584,0.022137108299609607,0.03910896172209096,0.02649649170296623,0.004622735419212985,0.003871424368135683,0.013674660716572943,-0.006430845872102513,0.0015114593903493242,0.02876261108895846,0.0067028982262405,-0.022313551880026178,-0.0006450618346137708,0.09459198673660062,0.12714121468774203,0.07639769108276707,0.08907517388229738,0.026912930207731795,0.07069854356104999,0.07399609323363808,0.11314307606253247,0.24607150899544009,0.2095664009970611,0.08780147133840717,0.09353467176579315,-0.22853178055293116,-0.13140775783021177,-0.1494972835710863,-0.08498098461171145,-0.1527492547566481,-0.15671671717576244,-0.16202376027496496,-0.2136853801333567,-0.24617854989372698,-0.20713521127524268,-0.23795318965868964,-0.19527644568940075,0.26640766946575817,0.22679253267287347,-0.4219826453032035,-0.34285001092042716,-0.24859782787870502,-0.21365694026456444,0.6041882639953852,0.426216404383013,-0.6344735067686732,-0.5009286314071852,-0.3406718360596406,-0.3069210775185802,0.21399691194296655,0.21962082126475158,0.17762691315031837,0.0926532308351991,0.00839326856917002,-0.02470241546310252,0.7137344990313657,0.5013069550955699,-0.47698134361330663,-0.47294191916050565,-0.324176347515434,-0.2759719347931449,0.3917783983255759,0.02711587910745969,-0.14016788822296264,-0.10705712201129602,0.05419168820566199
mfcc_07_mean,-0.012277312873173334,0.011073552895544908,0.011073408887152681,0.16026311973939195,-0.15583398771550455,-0.16127983416366495,-0.023155260761116167,0.3742904598230796,-0.04811632123407741,-0.09174755800429785,-0.06637563993213752,0.011073559750949523,-0.16127983416366495,-0.15204811862484552,-0.4142397416070084,-0.26899064944617584,0.2963064237884702,-0.057314207754463414,0.011073408887152681,-0.31834716218290726,0.5150237703821495,0.26430643153444283,-0.07954016921344634,-0.06637563997645159,-0.39409261093528514,-0.18167672628299988,-0.2744583829354917,0.12380599514642474,-0.3628526126179619,-0.06714101450561892,-0.3511254427821631,0.1736374039296739,-0.09834895352367666,-0.08777355273116674,0.5073279595477732,0.39772973177138393,-0.4370643816103973,-0.23941860692943862,0.5207601480181671,0.10665237472009031,0.6181312875049342,-0.5767511174878874,-0.3963965745849816,-0.225552094453197,-0.14618769727815561,-0.09232803749278527,-0.3805376968588146,0.21258475616025058,0.3442640258746371,0.5429610373933254,0.5860625902740976,0.7401766964537421,1.0,0.6708590704831757,0.45712920055714507,0.43197592913089156,0.3939651781712246,0.36069632273035146,0.2537315765289958,0.04006665206124723,-0.1680737963949491,-0.02665831759737913,-0.07549027474783682,-0.05130220030345965,-0.0712969238631069,-0.044315069715261904,-0.029217604688132198,-0.0037618706441533566,-0.032332047149821616,-0.036498106719827596,-0.010196057653590154,0.02302629263986028,-0.013562991616238577,0.022822685818931033,0.018768185459417577,0.006503198569498716,0.014366766469928974,0.009597665035836884,0.01947555175973036,-0.008898077969718103,0.008843810172451966,0.03582297009157754,0.011195539218335925,-0.025297527084843098,-0.009153005604372978,0.29089258109352184,0.2972426699755008,0.1816648028671838,0.08403049262439068,-0.061842113143832436,-0.06870368569773434,-0.04473487437844265,0.009355527655070703,0.1426694774083349,0.17460166801456684,0.16759748351343234,0.26682696319170085,-0.22176533164233575,-0.15147121235322616,-0.15668540677103918,-0.04099397792197515,-0.050165188454480494,-0.04088110688130108,-0.03349316576519129,-0.11751661426936959,-0.22959589047874351,-0.17744600099944388,-0.20210374436560757,-0.1840076125277689,0.252961654200286,0.1574047863566684,-0.41792252377174,-0.2560546619908986,-0.1680267302659184,-0.1295703255796406,0.5566774606773408,0.3009649796618823,-0.6383098537397349,-0.3971058118603328,-0.2377350754526711,-0.20121746208535743,0.1720633806318784,0.21761349229672425,0.14147054110642873,0.03894841280974135,-0.04428915933798295,-0.08169540273359553,0.6552475665774067,0.4040127619169499,-0.48639176045152066,-0.3929999067102604,-0.2333621443458741,-0.178471068657858,0.35517676293793526,-0.01362400228827716,-0.09446132205166999,-0.06604485149132552,0.05305040917726916
mfcc_08_mean,-0.008206999177909997,0.0003200517354177704,0.0003198440585256644,0.17820242528043753,-0.17242987160152087,-0.1788544661668982,0.0010323664926556318,0.3184697639893414,-0.05949226687075736,-0.12042059542386495,-0.03954012075184527,0.0003200586423834983,-0.1788544661668982,-0.1701952077913528,-0.4076919326107077,-0.2655911009100002,0.2805322586314553,-0.10444506545179577,0.0003198440585256644,-0.32136976450872323,0.4442102703102417,0.20192974839011063,-0.088068175262932,-0.03954012075961965,-0.39361148382169414,-0.19318103464280298,-0.2906345657845661,0.1361138912143001,-0.3678463770875986,-0.052929721683669405,-0.3590928736371725,0.19627984339834642,-0.11417615092361476,-0.10886071343089332,0.46634577053447,0.3302057879166623,-0.40487101652641927,-0.2326707282951706,0.46862158939105936,0.135240221623233,0.5616627007675116,-0.49519192276301766,-0.2962603927648349,-0.2427726264869053,-0.16569654668209022,-0.10494796032897172,-0.3606299323614841,0.23021874360398192,0.33472742552782414,0.5096104428433376,0.47790614276519894,0.524210490413075,0.6708590704831757,1.0,0.5248779122103485,0.3336290496630698,0.4006935601816408,0.44866201603449435,0.3129310213533513,0.035655169176094896,-0.11860033508325662,-0.04024932122415279,-0.10686468268594872,-0.06730459528016185,-0.06113521405574686,-0.0018694555684238962,-0.04437634603474339,-0.04872742796452979,-0.037462320912565496,-0.013346738531609564,0.004211788074808937,0.015479261602578565,-0.021064807918926964,0.015594359346736928,0.021532822450847783,0.012376721807024685,0.006582926778401559,0.0022522919211224695,0.019754271706621026,-0.006503051485333779,-0.000657352912159852,0.015240785955563357,0.021105613617944743,-0.019567554477865016,-0.01564492936422124,0.31962247092400353,0.22243309506786488,0.09148859856737757,0.056964450907227356,-0.0584696870088074,-0.09075487534850246,-0.11792656729915639,0.05306353795922384,0.2853065085857237,0.36762630802149154,0.41079884801007566,0.43607970038409805,-0.20630905279856923,-0.1295668601440659,-0.1425408170418126,-0.03022578837307862,-0.023255931324457125,0.00808671832144773,0.014931878728785191,-0.10564239665913881,-0.17386881730784068,-0.14089522745398395,-0.2048280685540713,-0.1873240852013177,0.2444172854101626,0.16022956564610982,-0.33702567414168766,-0.25509365813290724,-0.18489281130731114,-0.1478867241904216,0.5183750738160926,0.2678822791923713,-0.5189407716674114,-0.37516833413679845,-0.25647166723459774,-0.22462291182049413,0.18639520786068814,0.1974065658755836,0.10872601640982318,0.03494336499681822,-0.029694406191447822,-0.06650829645704308,0.6093557790568838,0.35773564572893934,-0.4049624199343969,-0.3676137387822242,-0.24989619726120255,-0.20892268521024338,0.3167940368763513,0.0049921933814568425,-0.12300408185613827,-0.09835556910400596,0.06380983946334053
mfcc_09_mean,-0.017240495670191945,0.004965155845812375,0.004964815785996339,0.22467540994712448,-0.2339273494993673,-0.23482839997628702,-0.006389174583533441,0.2451767656974289,-0.1151313434372805,-0.15417157561372402,-0.06210997106749101,0.004965163817786787,-0.23482839997628702,-0.22485357899410477,-0.37219293338772064,-0.27809640419380305,0.3077525061013576,-0.13155600164931042,0.004964815785996339,-0.35071314964406497,0.36657551377125286,0.3104616297026369,-0.06842471626565193,-0.062109971083439276,-0.38453963236200384,-0.2266346085858564,-0.3197012332864455,0.19332848539074518,-0.37412039242242373,-0.06856840046080899,-0.37350479092226985,0.2454487789869963,-0.10572467492156988,-0.10502100520795433,0.49835862053216645,0.35625938384555,-0.4328536529997815,-0.21722739717377834,0.4788453282262661,0.17600836075396215,0.5412950890764209,-0.4168783218919282,-0.28386759306764,-0.26748876343066674,-0.20065715840151463,-0.12447506846293876,-0.4008256836789001,0.2740985228944611,0.29757691429897787,0.377045631937914,0.4655630988716084,0.47214182567725915,0.45712920055714507,0.5248779122103485,1.0,0.5926413435617711,0.3331068381451,0.3673681409554071,0.34429744128425976,-0.018779789177373506,-0.021434336086857447,-0.0039842247698246205,-0.09546348715092284,-0.03902072650045204,-0.05290777464087219,0.033032614567556,0.005140132907729009,0.04105694202988065,0.0372427367231415,0.06076766700764721,0.09762535908825004,0.10682572844462795,-0.03422228771202222,0.021670190482162493,0.0577168811346567,0.01823275510452019,0.01999882054756059,-0.01039092406811287,-0.002049913923046048,-0.016183572202637803,0.014404259205628604,0.020025482323136848,0.01760297095445455,-0.01196594474303635,0.0010991354773663223,0.06783158872416896,0.02865132124949205,-0.08356972187910802,-0.17502114522467815,-0.31457808802607684,-0.2452701547043188,0.013393764392404327,0.35418174612822545,0.40327569506990285,0.3649733352227627,0.27172658173870257,0.15648250049748536,-0.12832564984082462,-0.046701897250941975,-0.021130158770043997,0.07121646527881348,0.060510914328581335,0.07238674870243153,-0.047769754068691245,-0.15983140307758165,-0.1306935442078941,-0.10615577707809079,-0.15918946302349768,-0.10801754611256092,0.20666842618133038,0.13334344771014778,-0.2659508675272007,-0.27609160207585576,-0.21865991262725457,-0.17426850955559856,0.48304469843256215,0.26905910625111296,-0.43712330958210077,-0.3963219058180762,-0.3028806606845478,-0.27097650166954823,0.15847796954844326,0.13511281144132103,0.10810232421573542,0.12001319607453803,0.11514786909871748,0.1120815803122762,0.5563284193593844,0.2993180946944692,-0.3558185772684983,-0.34636068709948814,-0.2549386459259346,-0.20936425345286977,0.27621543174063157,0.0841098271375995,-0.1514427648065855,-0.1277344477403379,0.024208268324486644
mfcc_10_mean,-0.013318163299771505,0.0018359785018555817,0.0018356498974518418,0.2193203044794813,-0.22284194686366243,-0.22612110471721175,-0.014281882049499586,0.2402722362819391,-0.10107993158701595,-0.1427120094805859,-0.04647577982754897,0.0018359875086924986,-0.22612110471721175,-0.21556731891773823,-0.354373878608985,-0.27407938576309276,0.2999153804899758,-0.10715492900232892,0.0018356498974518418,-0.3376547049169157,0.3496617827536777,0.3095792072265637,-0.06484429933224937,-0.046475779822170375,-0.36150602495232215,-0.21138602843515134,-0.30053160153919906,0.17127376460006735,-0.3507361558160114,-0.06302055468776008,-0.34851124607592293,0.24083369901797724,-0.11767578643057537,-0.11028818466825194,0.4653577956373312,0.3374413532596385,-0.41565150472483486,-0.21670346742529892,0.4722560782029208,0.1584403690459077,0.5095768265562527,-0.38544410995136485,-0.2703605829178671,-0.2477611161238929,-0.19748558642115918,-0.12072812842039193,-0.3636698929049602,0.26416763102297974,0.2551409626528427,0.2736779569073899,0.3786181056044414,0.48529252664296885,0.43197592913089156,0.3336290496630698,0.5926413435617711,1.0,0.49704694057666327,0.302029835226996,0.2830494641121513,-0.05893811610438234,-0.01761296519917418,0.018215835170231343,-0.102059075761141,-0.05339366333492974,-0.047278229520005495,-0.005078318959126572,-0.014180486736046043,0.03743760327553068,0.05506632618963545,0.05271777245471181,0.06495560095965039,0.09233482252599833,-0.02029914949387708,0.031218834164997013,0.04883551147120483,0.015854975456880034,0.012662654986141652,-0.020469679505795473,0.007899989944776638,-0.01823616540861281,0.014595552044762823,0.009045123025672773,0.008892949565407487,-0.019809287604544323,-0.018033663291557072,-0.031195878793957566,-0.0906494833880094,-0.24582435727336163,-0.31492287417338594,-0.2841106890229816,-0.03581762307270963,0.22469167709492113,0.2745028849096481,0.24935065330849457,0.13387752673364112,0.03138835567658737,0.013791909787701976,-0.08356323602696167,0.004323327689906244,0.028616917289498247,0.09466318271984782,0.007439763042046176,-0.06967780690241589,-0.18135664877892996,-0.20417518682580804,-0.07694835884132928,-0.05811043747891548,-0.09678790666532856,-0.061866563172869996,0.20892252100996275,0.11135557828609646,-0.21141976584855207,-0.250228466019691,-0.21411449976788496,-0.1767462782988019,0.483930056608418,0.22664420624630086,-0.390708218842255,-0.3638354771146818,-0.2963599835166324,-0.27095569227193883,0.13389564800328696,0.13244910379964867,0.12145663917572604,0.14276728597456487,0.1272226827670887,0.1283763397229401,0.539354044804095,0.25530249112725234,-0.3070223455822215,-0.2901335320749783,-0.2491268587168965,-0.2180584135439347,0.27077675587986644,0.06969467352344441,-0.1451958161461745,-0.1197635203890798,-0.001426354522030332
mfcc_11_mean,-0.008112473344663843,0.009874175567690381,0.00987394725480026,0.17567719384641112,-0.17934371361076604,-0.1816020477983156,-0.010253910655724851,0.2353404334249608,-0.08462260244077473,-0.11290127866124768,-0.07571698754163893,0.009874183147701722,-0.1816020477983156,-0.1715846429811855,-0.27317369983204154,-0.22900892280533583,0.24684233578968112,-0.0492615084601432,0.00987394725480026,-0.26973541390156686,0.2844802567459152,0.2082789638574943,-0.0650054602800004,-0.07571698756735386,-0.2813535995837321,-0.17838002241830841,-0.22786485844599436,0.15590535290597646,-0.2736001228546972,-0.05085864363836078,-0.27118954843114057,0.21079174598581127,-0.07848493307737318,-0.08603063432080521,0.33313034410450115,0.226339697574223,-0.33627468863887966,-0.17679782181062198,0.39738260546311777,0.13338196628625007,0.39656787965921914,-0.3013280374336692,-0.22167986704440726,-0.19560288244490726,-0.16034003086851534,-0.09688781144596346,-0.2797945212413459,0.19498677249035604,0.21669083652693313,0.217273495525452,0.22097407569728175,0.3160168198191511,0.3939651781712246,0.4006935601816408,0.3331068381451,0.49704694057666327,1.0,0.5029810158723598,0.27476161263890536,-0.07020428357167248,-0.05211129244090468,-0.07344137602339491,-0.1049290729931275,-0.07336641876755338,-0.04789775342093759,-0.02653520542878619,-0.03020879683424434,-0.040902259562553805,0.0032346018004905893,0.010920050016697738,0.005093886857044465,0.025505950653070056,-0.027860639782018075,0.005173995735960676,0.025024180487690003,0.015096676705762502,0.007080543042672078,-0.020139335904517348,0.01775419078220301,0.010071354907080287,-0.015407999648184179,-0.004339224136026421,0.0022726601100930524,0.005550776540796646,0.012286119707485787,-0.08018626640531012,-0.16063402059602613,-0.20603151670786413,-0.10360295285849222,-0.04333629700161498,-0.002634684657136255,0.06298859871277297,-0.003359620127813243,0.061830291638713314,0.0671139045067357,0.08118885769559782,0.08334818862829227,-0.10670048074119935,-0.032802109295513256,-0.04054821641852494,0.0083493306592996,-0.06148220814282919,-0.09331517760191543,-0.0963948478746246,-0.09147757980362964,-0.017036001211386084,-0.06005783363400066,-0.13583068131514378,-0.10604327294987684,0.1684620578958469,0.024856564598729747,-0.17438581261922612,-0.21379755557548832,-0.17852783229645097,-0.14171430050922904,0.42344448535268625,0.11960868523598409,-0.2997630037213637,-0.28453050769478994,-0.24116634171052723,-0.2177881310304628,0.11630207938922504,0.1310544240707597,0.10582713955418299,0.1188983815507461,0.11181921936270728,0.11163338201897854,0.4789468803986986,0.1665213694922401,-0.24692378340124424,-0.21993550114310495,-0.1935718807627716,-0.16210108190130326,0.23543467791906045,0.019396787169234417,-0.11766428173030925,-0.10350522354938317,0.014504071989250534
mfcc_12_mean,-0.02205040009638052,0.008771497614905224,0.008771241018788642,0.17148916219472682,-0.17664884746861728,-0.178164983300293,-0.01463008623122935,0.23087771038902744,-0.0802893400664416,-0.10425841030690483,-0.11315681771130807,0.008771504657079047,-0.178164983300293,-0.17143017259736537,-0.30906568351322833,-0.25003055276336805,0.24985064259491124,-0.073187394478773,0.008771241018788642,-0.27204676305285197,0.31742929401702863,0.21138541946022008,-0.03025383670321183,-0.11315681775708633,-0.30681682100804564,-0.21268281782444978,-0.2469317625475526,0.10609467330374829,-0.296037224368929,-0.09962645942481078,-0.29092212324515526,0.14905157224509394,-0.058060626598574805,-0.07885556452553807,0.340859111961888,0.22002169661300253,-0.32860183493659806,-0.17923493339440025,0.3802912197926829,0.12939131410960458,0.4042242563171994,-0.3078881661485365,-0.2467681519057486,-0.18468097234779057,-0.1557283669727844,-0.1076383248241072,-0.28735112828621273,0.2111405092586646,0.20942947527192832,0.2804180296862842,0.2818787807606528,0.29582222126082564,0.36069632273035146,0.44866201603449435,0.3673681409554071,0.302029835226996,0.5029810158723598,1.0,0.41715687461569184,-0.03952555190483949,-0.08467720994991351,-0.0855393368024049,-0.11129098237147399,-0.05434593533455322,-0.06230290078006702,-0.0036383702714470876,0.01266708486308517,0.0028564444910964266,-0.003598499017524803,-0.004492030883051613,0.01907520226591983,-0.0009232194340728228,-0.03148848284228366,0.0024794206601942734,0.0443163015580638,0.013764942288606691,0.009948648653733546,0.020679954198597323,0.012758611624097603,-5.06849414121213e-05,-0.010961185972517587,0.011150691301648995,-0.00021816786314467695,0.006992673965622091,0.004917438765112778,-0.029750191820615775,0.038874206211495545,0.07226080253048285,0.056124863830122745,0.01360625458086873,0.07259432230837681,-0.05130285229394273,-0.08474156936295313,0.15665188224491233,0.21645728068619788,0.16591998852937923,0.06015878644736474,-0.13283859601604683,-0.09229763830844569,-0.12339340792471896,-0.07192687867857653,-0.10326144516692717,-0.0707697571643837,-0.02773393425185228,-0.050205550142351126,-0.1146302004163777,-0.16601641933286945,-0.20139444542728907,-0.142746146356824,0.18004212339720224,-0.0068536917916540326,-0.22658282813967937,-0.22108701378182638,-0.1747112230586674,-0.14604258496019987,0.4372735350337006,0.11640713607085551,-0.3096786559951986,-0.2852339212528321,-0.23618395992683489,-0.21942180290071064,0.1424299310688202,0.14994562531717653,0.10401458998775934,0.08998823060601066,0.062149225730463005,0.04303163960407414,0.49375308655309674,0.17411527054468526,-0.24813350306758078,-0.24507306519312555,-0.21175552590843283,-0.18920191500076755,0.22871466249824224,0.017297551434657894,-0.10231655931455803,-0.08660503366856405,0.045980289573069495
mfcc_13_mean,-0.008400884321782195,0.011099517017357204,0.01109927985601984,0.12030099828893256,-0.12907780622163378,-0.12789533550648577,-0.05898493458338178,0.21426127242715912,-0.07089018885410979,-0.07316350450740221,-0.03437653627672932,0.011099522207115095,-0.12789533550648577,-0.12149753090365673,-0.25765696567689245,-0.22808235378707545,0.20421464611996298,-0.04074950108738691,0.01109927985601984,-0.2039790675421835,0.2322599507786099,0.09668071356679445,-0.10438371803083464,-0.03437653631425425,-0.2505125788788083,-0.19540962981385562,-0.2153197920458531,0.062399875006307885,-0.251419844739493,-0.11545822099946648,-0.2485408428563581,0.14206109038141282,-0.08885861304042782,-0.08156002167604345,0.26531505660493176,0.15959980284959263,-0.25625475074739107,-0.12231145129661564,0.32399170110035935,0.09738921525114914,0.3030602423233739,-0.246917072887617,-0.17297468524826898,-0.1428474220341843,-0.10886613055905592,-0.08162054383527423,-0.22874008335208823,0.16678028785433877,0.21668824754681054,0.18311818054351556,0.17362145229734613,0.26809892436773614,0.2537315765289958,0.3129310213533513,0.34429744128425976,0.2830494641121513,0.27476161263890536,0.41715687461569184,1.0,-0.020872421387634853,-0.12609973212532638,-0.08877696052886119,-0.06931897943635543,-0.11555761605833224,-0.03130588570205188,0.012381450042947039,-0.01987970615484755,-0.054864392403710265,0.03411378830245092,0.031035999432003008,-0.0144091973909341,0.013804574277349066,-0.012179630039832799,0.03219543395716632,0.04331591910762464,0.0014536370027333693,0.015388124509476396,-0.006478100748011747,0.01543680292889466,0.01670652587661715,-0.006492593973202829,0.000924254088043656,-0.0033802386936031058,-0.015162905989709674,-0.0015462542605323875,0.17208467092309349,0.26747049458388206,0.21517021949849485,0.21024502638949802,0.09794058012732286,-0.06841400645575148,-0.08048821442538033,0.1646293703056435,0.24376816169200394,0.11555706188539984,-0.036620209734619644,0.030080514663022848,-0.12065445887665888,-0.1101677529593008,-0.13335281042127883,-0.05810642057318021,-0.042920745430303234,0.026791699568704825,0.03866968246848486,-0.10380822521233045,-0.21948643042936025,-0.1468638177708251,-0.13054640005278575,-0.09654441434287157,0.15450190926330046,0.0029907774449532483,-0.12394761804212542,-0.14105436277195801,-0.11549638268998232,-0.09793948108246694,0.361232135077364,0.0483111537005727,-0.24692289924207886,-0.2176824757583225,-0.17672177503894565,-0.16186411927435207,0.1143266963844697,0.15051693137275554,0.08994179983411181,0.05479654956113848,0.024667954756793866,0.02115575166402974,0.41378831667136895,0.12256154222728417,-0.1796894785162257,-0.18937029860318572,-0.16412092334284317,-0.14034302870002222,0.20481870251011192,-0.03383433544113363,-0.08208278228858482,-0.06765627685826,0.03387763916016898
mfcc_01_std,0.00485044933717561,-0.0024073869263960684,-0.0024073038985339677,-0.13798361296518238,0.12421346406520922,0.13323853757387252,-0.04710428072671079,-0.2963207372425511,0.04219589176350248,0.07508963901415747,0.05527986197506156,-0.0024073905910444427,0.13323853757387252,0.1235496262400906,0.06845810503553776,0.22276761275396806,-0.23257601070692843,-0.2673654462109989,-0.0024073038985339677,0.2012908445399374,-0.002100312994609325,-0.10117740168136367,0.04476934320316196,0.05527986191010272,0.143791589894636,0.33148002272690913,0.13046594892703656,0.23545450241258442,0.14285703236618094,0.26004946133387113,0.14266438962395087,0.12743621317951206,0.15331377803235316,0.09792413814004533,-0.07597964230552406,0.3776465053560634,0.1870487848168262,0.1213720520385977,-0.16263990942731976,-0.058099178550502714,-0.15541871635567944,-0.10361942204512069,0.11378440983040242,0.23015946487406921,0.16118231668936298,0.0821762702500191,-0.15601886188829459,-0.2199865190348112,-0.1185338413797809,0.02333207516224801,-0.009327603665149009,-0.004880772985722744,0.04006665206124723,0.035655169176094896,-0.018779789177373506,-0.05893811610438234,-0.07020428357167248,-0.03952555190483949,-0.020872421387634853,1.0,0.2721032657984906,0.2277755628602774,0.25114354396561944,0.21938503720199368,0.17131711345648332,0.14469124569157274,0.11320244877305055,0.09705907505682494,0.052567583572658255,0.05251036122804871,0.032571366907942205,0.011560595008458286,0.10837374842443014,0.019439564333649583,-0.022679819194747406,-0.00632032557744334,-0.007318824345227472,0.004570769782463328,0.017191205768267232,0.011618777626595666,0.008706201003274888,0.00012679327124598898,-0.0008769246856996951,-0.01955598096525795,-0.00019151943076582125,0.01438759271374161,0.04043215158944776,0.07108727977658366,0.0800346236220258,0.08463736187320879,0.07909808137746346,0.0781358586982792,-0.01108059089934052,-0.13454917553778523,-0.091597631775602,-0.05984173356471148,-0.034648451737964464,0.12146969073854849,0.14605116361743414,0.1473155210794482,0.1377238772772397,0.11848613904265326,0.03450306391630332,0.0718936511245437,0.09097581820588722,0.10348786324982844,0.12251068807590756,0.13933595709518698,0.11835463194599065,-0.008628468686892427,-0.0780545086722695,-0.00982870532024913,0.17971290702807108,0.1517702887476148,0.11108566981388601,-0.12319425231051165,-0.2052294207893504,-0.04758410025035919,0.20240490652621115,0.21266565459212128,0.18901927420781006,-0.17448946023875078,-0.20711378318956727,-0.29241497745847883,-0.34747639843984524,-0.3769055390833043,-0.38240279074210576,-0.1671939947768268,-0.25017660497847244,-0.21318290521122102,0.01152408857531582,0.10182164355224008,0.09487180746026348,-0.2640967002789047,0.1027021293357521,0.08923508945962555,0.07377221281508242,-0.1495559600240075
mfcc_02_std,0.009551424268286077,-0.003074006443960053,-0.0030741350853153568,0.018032284280181037,-0.03592679735843964,-0.028529202613634924,-0.002844317456513817,-0.4768064568264773,-0.06084550365758997,-0.0527954916436445,0.11739940335556093,-0.0030740096052346245,-0.028529202613634924,-0.03541141787901117,0.12248145125454306,0.3443477313619519,-0.17496650921948345,-0.39406400523447455,-0.0030741350853153568,0.13796001856048892,-0.16210225465237155,0.1472440165871515,-0.04650678849522879,0.11739940334940051,0.10888547763766068,0.5304634548668113,0.056597906910292775,0.6102933949590358,0.08717796044000263,0.5947512928650401,0.0723971220931176,0.5113874542083261,0.003972982692057416,0.020557117639705896,0.02908384779142458,0.2657993151378654,0.04396511158812047,0.16810225351773683,-0.04744072477342478,0.067430944535646,-0.11248990147492723,0.05419168096342089,-0.04814406130722258,-0.027668881584068605,0.20106726228730049,0.1772621825873551,-0.15830165442695382,-0.07645936005987694,0.03738208089683595,-0.0873656962130534,-0.0963342549926245,-0.1747142634224501,-0.1680737963949491,-0.11860033508325662,-0.021434336086857447,-0.01761296519917418,-0.05211129244090468,-0.08467720994991351,-0.12609973212532638,0.2721032657984906,1.0,0.31515872768818665,0.268522424805438,0.26304913164891486,0.219953781217761,0.23422186538327575,0.22149727731008534,0.21325596004504133,0.20393699603608176,0.17803035053420332,0.1538422886455793,0.1467851108357959,-0.047474977764191795,0.03817953155482414,0.02022884371035738,-9.073337929971107e-05,0.020132439711692648,0.026685208990310415,-0.0008922653645901478,-0.009519577770575058,0.006931451681458426,0.0009201549265293485,-0.008323445351716174,0.0025615040310190064,-0.004250917728108663,-0.18723591951686777,-0.17881159463887428,-0.14186223037656606,-0.1412346982682732,-0.11561814128586338,-0.03497879915704632,0.06913762667995388,-0.050773553336968064,-0.16806144808370885,-0.1589041796154338,-0.13373176794253427,-0.1636691047861537,0.35228596464524153,0.36210539410501635,0.2928997630769678,0.20464207389977632,0.21538372059719696,0.1713227939885575,0.14921172517623432,0.19789723201995643,0.40146091669002615,0.37346011553885883,0.32659014874439535,0.3112064369445042,-0.03456618095526934,0.02200297264041644,0.12258291817680593,0.0526522157092521,0.19690079094680996,0.20926151041175697,-0.1401562926612244,-0.06755863711412362,0.02750104642377852,-0.00034746377223658767,0.12936454578911089,0.1579785383857621,-0.22240891637864113,-0.3545879863362061,-0.28876160549466906,-0.16376392751835164,-0.07033761096546384,-0.007888290016107155,-0.2354260072467018,-0.26063605736493833,-0.18978848587360245,-0.10540212134277845,0.06100091048094098,0.09516917733243155,-0.3445105424353297,0.423178604475878,0.004737294154529731,-0.030144961906222307,-0.26117792396469197
mfcc_03_std,0.03466646656384638,0.0005916690717992884,0.000591469291043219,0.04220350133285789,-0.055747037216417,-0.05077477846388176,0.02708029853909088,-0.16248847325587457,-0.04736049719660635,-0.027861940981864328,0.159972927145503,0.000591668245511281,-0.05077477846388176,-0.05754746732086028,0.06531779266419264,0.21269406770814323,0.010960417900271722,-0.18641481844669283,0.000591469291043219,0.09908170897769544,-0.12947576832780108,0.10961842035422124,-0.049740965383898446,0.15997292717820594,0.04498219217070935,0.2920322290301909,-0.06181884979506357,0.17930466003608295,3.597191245447682e-05,0.20268023276896974,-0.030310355667813798,0.17487115721942273,-0.07351252336211385,-0.0481025971560342,0.11757210089390764,0.24404608042779743,0.026414635128487855,0.13996767346801922,-0.026186608850007207,0.046946448882329773,-0.029207650784554045,-0.10929997584789028,-0.048594253241385464,0.09429399189917884,0.12476648613813097,0.12758432720384258,-0.12515988516225787,0.0056897281022468965,-0.06941853822030719,-0.06139293913865459,0.01113249768161072,-0.03736168361294182,-0.02665831759737913,-0.04024932122415279,-0.0039842247698246205,0.018215835170231343,-0.07344137602339491,-0.0855393368024049,-0.08877696052886119,0.2277755628602774,0.31515872768818665,1.0,0.3747117825360098,0.2549799179780743,0.19024814494745615,0.21597012729325102,0.19870054272382845,0.2213644154013282,0.18087122759209867,0.20882628788256274,0.1714112049418993,0.1931090452694903,-0.05304586845292977,0.014355641339544683,-0.008272072058928779,-0.005025503707497166,0.016144234812610153,0.017232989890605517,0.0031427373426104552,-0.009291367562129211,0.018556310714469653,-0.008089247952718051,0.0016893317168996062,-0.007556082560687019,0.00847050370499401,-0.10982664851775197,-0.14673315625111424,-0.1620919968814641,-0.17840412545086629,-0.17696652994176465,-0.11497860867969009,-0.054504671140345344,-0.03675952197767731,-0.03329495624592128,-0.035455449113245406,-0.0516136041061167,-0.0885633347531256,0.2873737971275028,0.3233953983160459,0.32924045951632297,0.31115718608620346,0.3018290531111051,0.25275267164932375,0.23671501154609684,0.25538594742356924,0.2686372120651341,0.28070204377390134,0.270781339773638,0.27424996718482075,0.001087698079597612,0.09518985368557699,0.059909516586949825,0.11025096648756116,0.14032157778230755,0.13506275884708668,-0.08216737472889944,-0.03379576349955578,-0.10301198008001759,0.03898294080931783,0.0939419445227448,0.08582977006375092,-0.10287299328982978,-0.12177065585265757,-0.009049055898266652,0.035676004795232044,0.046830791054151055,0.07386070086086266,-0.11828167298957108,-0.0894349874210495,-0.0599689642514241,0.020724498062894878,0.05738752054837453,0.05859234585393249,-0.07249048613303251,0.15282193470146277,-0.035827036328575715,-0.025093125191982306,-0.11685770644871984
mfcc_04_std,0.002548174193617729,-0.008374549152033986,-0.008374456912097095,-0.016443647433779015,0.009212608887812272,0.012722673030668201,-0.02585792344166623,-0.255913457828334,9.519010228552562e-05,-0.01471088907700917,0.0629029129754751,-0.008374553856538743,0.012722673030668201,0.0027293161559172855,0.23508732825125533,0.31650009573550747,-0.11702732961195088,-0.1619001235909403,-0.008374456912097095,0.28477137455192314,-0.17413887336377876,0.07148684404640172,-0.028841098320682747,0.06290291303264356,0.24395382258465917,0.348700337783422,0.1622367828571504,0.15497241777198661,0.20717579828944635,0.20690111490067048,0.19756456779778,0.036873431706466654,0.06871175013833716,0.07193768261489736,-0.061023230467871954,0.20770537912493062,0.16416030751221508,0.29969270185389935,-0.12998555380164356,-4.257612003266932e-05,-0.2241204603577626,-0.10743392693258326,0.10449184115451896,0.18789053751720325,0.3253009787835687,0.20059427825269796,0.04122399074092571,-0.2348598568463212,-0.13181568982676972,-0.11745849856304026,-0.12037824236172283,-0.10661902133177222,-0.07549027474783682,-0.10686468268594872,-0.09546348715092284,-0.102059075761141,-0.1049290729931275,-0.11129098237147399,-0.06931897943635543,0.25114354396561944,0.268522424805438,0.3747117825360098,1.0,0.5023669315583,0.40393948131488294,0.352771313185058,0.3167916318265897,0.27830988814780355,0.2355370396175494,0.1930183504332535,0.17110801674311485,0.14693788132713914,0.00022593218466227506,0.024176689146965663,-0.019304502688700265,-0.006463474934580686,0.009691989073458683,-0.03939559404745242,0.02229688212900675,-0.0013088875018599626,0.02155794169394606,-0.0016725163483202134,-0.0027659138765500748,-0.003379129572983559,0.011592787111893245,-0.15727729887814115,-0.12531834881999063,-0.08698683992656188,-0.06601478041201556,-0.06127432864581736,-0.08303118742214718,-0.10120547959969524,-0.20294466641470135,-0.2699275974770078,-0.24319240747799634,-0.23079866845457359,-0.21340067699314808,0.3854270435051592,0.35932338641005707,0.36162242184810156,0.3716170873693853,0.39164980321292436,0.3664188183208106,0.3987553243325658,0.41431441952575404,0.3085023989181504,0.33488264917201027,0.36256732640849765,0.38384209473069936,-0.07737458519834814,-0.10571042778556075,0.007565856467565056,0.1905679706267001,0.27741311607981317,0.23992857590181083,-0.1977229154766719,-0.2619832133141561,-0.06686708458926892,0.20247746751387619,0.2836699707014307,0.26824607685507135,-0.14186186751278693,-0.11826129047140788,-0.13038015940369693,-0.13461145513666245,-0.106684562703666,-0.09523669112145458,-0.24018367601452506,-0.2927980265410625,-0.1374053606433907,0.11229261150702995,0.24277814703138798,0.23230454310209095,-0.18731657400833157,0.15193536624239293,0.015402052968714244,-0.0006810330663891117,-0.12861185089293214
mfcc_05_std,-0.017003327312827474,-0.014422256882104788,-0.014422180464385804,0.025685631662432692,-0.02854437021168315,-0.02786300967951856,0.004318316876445965,-0.23982558016220445,-0.008962286056484133,-0.03297636796827683,0.03257443756700741,-0.014422260442878743,-0.02786300967951856,-0.035611680056711455,0.17315608235577493,0.26446577118895237,-0.07238253714591387,-0.19752888302061608,-0.014422180464385804,0.2307703410632359,-0.11749323162374375,0.14889468891796048,0.0043426423762213595,0.032574437643310895,0.18686880639844636,0.27263636493223303,0.1243547607404416,0.16433846308082609,0.16129802864307835,0.17296142325918218,0.14722327465318544,0.0331730578355847,0.05941795078503347,0.04902045481825302,-0.007248829725209842,0.22435253544685868,0.10286286466617516,0.28316436577020915,-0.08365227576743131,0.040383425369697336,-0.19280348876289546,-0.060853605970198156,0.07208524842464994,0.11333946687688666,0.29498367204723336,0.16082134492344585,-0.004404964956764602,-0.18149716907401559,-0.09054466368357088,-0.03361530002000516,-0.09667020008641102,-0.09375861671338463,-0.05130220030345965,-0.06730459528016185,-0.03902072650045204,-0.05339366333492974,-0.07336641876755338,-0.05434593533455322,-0.11555761605833224,0.21938503720199368,0.26304913164891486,0.2549799179780743,0.5023669315583,1.0,0.5081163886975474,0.3820064478912801,0.3408978727476912,0.3497180370322373,0.29195274310323566,0.2496026321912139,0.24156447301035358,0.1790681021220549,-0.010310430527596084,0.01692007355272551,-0.017925738729021513,-0.006707549013189624,-0.019270906564576598,-0.015139891878177237,0.04927470619206369,-0.009701438335156453,0.004901927462323696,0.0013481745689755587,-0.014718331426722261,0.009524625463416833,0.007388575710219666,-0.14474238934338332,-0.1335224658989988,-0.12043104914745412,-0.13737239479801075,-0.1477933111714483,-0.1515137556162922,-0.15380309375825782,-0.21551490320751662,-0.2303510231782141,-0.18039742838636078,-0.16058788846085348,-0.16383992595007096,0.4012778329333436,0.41596874672615175,0.42896215182880193,0.4044475766108238,0.3885413198824809,0.37808843842161166,0.4160333815481211,0.4470854788258058,0.33921796803572246,0.3385893024756264,0.34179839947816454,0.3756713345620519,-0.07860288488768467,-0.11656344368076861,0.008110128039285092,0.13199620633851675,0.2422179191209779,0.21295977075105726,-0.17066126315562188,-0.2268649885707672,-0.04655761817363783,0.13019211255212693,0.23278239017065985,0.2230453829321586,-0.08700901732894183,-0.0980566908804753,-0.13346459088686458,-0.10683263370702378,-0.09998028139803389,-0.09803917363599143,-0.18655949856117512,-0.25562774096774726,-0.15220559456342272,0.05708561383194778,0.19836359535208603,0.19529393559400415,-0.16360267692963057,0.189812972737515,-0.009615481702150323,-0.024127269352371254,-0.0864584867072922
mfcc_06_std,-0.01227900664276196,0.011288605647985905,0.011288649136756174,0.03616685596649355,-0.044186069982283,-0.04148725747751373,-0.03119939180565344,-0.21150331127039232,-0.034549306780676914,-0.04834218055813211,0.03877294863199354,0.011288603579900506,-0.04148725747751373,-0.04917384467262009,0.15218228413641208,0.233032463427417,-0.05339847924739793,-0.16896622604589925,0.011288649136756174,0.2066225846094883,-0.11640758385984962,0.09595028577682503,-0.0031693322604808907,0.038772948608102674,0.16290638379098027,0.24193092925641424,0.1160107843765045,0.14208838177099067,0.14247459366801585,0.15723540498914496,0.13229804196515066,0.03630901897955761,0.059980946668944386,0.058007385907439826,-0.022269421781441843,0.17543899675624758,0.09022675588583946,0.2605061193976371,-0.07312581753309877,0.04451427851659917,-0.19211256680096098,-0.007363220045032789,0.04655294268527099,0.08433815623736662,0.27438517729181106,0.14480304973586625,0.010157282867539377,-0.1559652834399633,-0.08521209861462338,-0.04349511326561616,-0.11147934866300897,-0.10896385946585348,-0.0712969238631069,-0.06113521405574686,-0.05290777464087219,-0.047278229520005495,-0.04789775342093759,-0.06230290078006702,-0.03130588570205188,0.17131711345648332,0.219953781217761,0.19024814494745615,0.40393948131488294,0.5081163886975474,1.0,0.48411625347454956,0.3832438296290546,0.3290091102769888,0.303293818445741,0.27549186944381837,0.23195270080961453,0.19440478539086484,0.0016154606692192364,0.038115786086662946,-0.012971349077460947,-0.01311597672662532,-0.01614852196435171,-0.022445326579309238,0.022909571020466615,-0.020245623138510995,-0.004306664910373168,-0.0005328676837249502,0.00591059473510404,-0.01433349508388729,0.015738002287648118,-0.12930496117460644,-0.13250117881109807,-0.14186516723985,-0.1377262901739167,-0.13708410863023995,-0.14936382692904737,-0.1556562239631428,-0.21862472867285251,-0.19791235961656253,-0.17182802692483604,-0.16476938720463688,-0.15267411123043179,0.4417484608456409,0.3936775299063785,0.3898344842829023,0.4051828659973185,0.4058537054158651,0.38629669717035453,0.40698718164449593,0.43018512118020963,0.35554370263695045,0.3922396356883673,0.42837435841852806,0.47046607177791117,-0.07258888187831532,-0.11180635731224337,0.045009211233772876,0.12191885976408215,0.23090541302479856,0.19858391565964656,-0.14668051935656076,-0.21163856764981345,-0.008415682402836872,0.11392804265544372,0.20561747682038148,0.1962026995222729,-0.08463620032750029,-0.08839243967010554,-0.12424376497716753,-0.07778045569172631,-0.06600881300573973,-0.07121217286478211,-0.16771692367775606,-0.2356360757608361,-0.11160088184792226,0.06472656704709565,0.17837451101367496,0.16687983330599523,-0.1408064560471768,0.1785569808238004,-0.01922672572000631,-0.029403903416263998,-0.0955399606291759
mfcc_07_std,-0.0073758921544024615,0.00043096230432965806,0.0004308720427510968,0.071894441925116,-0.07962017713620514,-0.07783320377107882,-0.013070948936627219,-0.18143811491092562,-0.037848679660489694,-0.06109055528657009,0.046077952865716525,0.000430959796650181,-0.07783320377107882,-0.0859623795613055,0.10118735215876566,0.1769702338818208,0.004963573517447527,-0.17536399929140278,0.0004308720427510968,0.13783375319737332,-0.0852884918109331,0.1123649255269669,-0.045868112230269896,0.04607795287933296,0.10347691005494705,0.1824436890455894,0.05606596099041657,0.15157780306902946,0.0856250001894349,0.12015277034250332,0.06868450604397677,0.06412309375502676,0.026070775520642332,0.022837252830241864,0.040404303088478054,0.1892157092489189,0.03162594985621295,0.19673221941520483,-0.02023236269111251,0.06349343676013906,-0.10332566872907865,-0.03795183146588201,-0.023251351688576144,0.050856389192011166,0.21422869830913446,0.10937582513213627,-0.045019368796783754,-0.0900122129225797,-0.04784765557062102,-0.009185897782602157,-0.023383730526239727,-0.04055557110526209,-0.044315069715261904,-0.0018694555684238962,0.033032614567556,-0.005078318959126572,-0.02653520542878619,-0.0036383702714470876,0.012381450042947039,0.14469124569157274,0.23422186538327575,0.21597012729325102,0.352771313185058,0.3820064478912801,0.48411625347454956,1.0,0.5087315546806556,0.38697626367661914,0.3443660957051439,0.329069891015843,0.2955992642274272,0.28311796245370296,-0.0005180782310087404,0.03598004522205456,0.0012462397343224348,-0.018891004967941178,-0.016139265277891456,-0.019421972742247898,0.015088167706027765,-0.027506375063195143,0.00935986373437748,-0.003604169557082525,-0.005367112295261832,-0.019460709195964536,0.01720310548076625,-0.16560298536350565,-0.16619067808437632,-0.1586175850051369,-0.1466680394387105,-0.15256413973481914,-0.18566449657861692,-0.17898529177421188,-0.16318999641981966,-0.12860804072381288,-0.11774464422037376,-0.14516126136468696,-0.17188893976973638,0.3903523261903289,0.40333786609820776,0.39916505775539274,0.3876430076427681,0.38708329438511874,0.3996210429070704,0.4120735593138147,0.4107394976921199,0.3230999257288913,0.3144510194570978,0.3014727446850552,0.3485283504782858,-0.04203698821619787,-0.04634743126039554,0.02190987318818571,0.07273942413880465,0.1687401998596378,0.15064481453534176,-0.08893237053918798,-0.1258761067853535,-0.05388637155812185,0.04784586448916276,0.14166648215892175,0.1370302242841791,-0.05865990256019999,-0.07681173953862853,-0.07112544294713355,-0.0011304310829043734,-0.0038402402882836903,-0.0024355218040329344,-0.10678937806476646,-0.15931259962616287,-0.11501459049500502,0.03624744190350726,0.1379529382093051,0.13026559770500598,-0.08884160422278106,0.18342137215282642,-0.04299442085713088,-0.04361381464530281,-0.10235353407798471
mfcc_08_std,-0.01858363709156496,0.0016203254032395391,0.0016201795124772755,0.11213577930850624,-0.1224034453552765,-0.12039250367634213,-0.000313850436921825,-0.14982819075574402,-0.06173981518504445,-0.09241902245490403,0.05337177377229086,0.0016203242181255587,-0.12039250367634213,-0.12895239011516785,0.08330877192387103,0.15921454079890415,0.0495009000048258,-0.15963578304918566,0.0016201795124772755,0.09306064565424528,-0.0679993104916505,0.15579886381861593,-0.03586642051942221,0.05337177377019759,0.07304429043091124,0.15885307400762494,0.03053121857438081,0.13992336326465685,0.05542437157003969,0.11333173839464505,0.04099772216257832,0.07220468293689604,0.004438761038567624,0.0041502503149929,0.07556263290537743,0.19633604521412742,-0.005472903704314671,0.1692997008247918,0.01891395026855586,0.09209116545983675,-0.06821864102662838,-0.025704654582334244,-0.05061087048742539,0.026795895598829073,0.15787149314148533,0.10363388204214634,-0.0629710376540818,-0.0546633999976268,-0.032960462726408284,-0.008131291464223924,-0.002753617108601034,-0.026368787735053325,-0.029217604688132198,-0.04437634603474339,0.005140132907729009,-0.014180486736046043,-0.03020879683424434,0.01266708486308517,-0.01987970615484755,0.11320244877305055,0.22149727731008534,0.19870054272382845,0.3167916318265897,0.3408978727476912,0.3832438296290546,0.5087315546806556,1.0,0.5195742274076478,0.43842242061816195,0.37772011551647283,0.36384026992941415,0.3235013896911944,-0.0026172249520318666,0.029756408844659864,0.02547247454696725,0.01292117410653679,0.01351671421605257,-0.018483024626408905,-0.00219311116119898,0.0274475608842548,0.026300799523014028,-0.03436740997582441,-0.007250805289340276,0.005313947760494921,-0.007771099657429578,-0.18141921935235933,-0.17836238361919454,-0.17593977245378914,-0.18759985538209584,-0.1925292415258038,-0.19217762330677982,-0.19713813771665853,-0.2037148328100467,-0.13713237342038823,-0.12737884178497372,-0.1497307952237095,-0.17455609541924033,0.3711981855171579,0.36715560561332955,0.3920754090719145,0.3926347508600567,0.3865720168728543,0.3961952434985863,0.38928886765285114,0.3908547498229743,0.2726419562386678,0.27963333861399337,0.31398928424923983,0.35947573477088024,-0.039418057720687745,-0.01629291705026474,0.023380407240770985,0.053790419171675256,0.14097210674306002,0.13324772821630007,-0.07148653422092331,-0.07713490063886323,-0.05595043794012249,0.009839321650898103,0.09525680623910555,0.09844070661246915,-0.05730636107908767,-0.06726096334272268,-0.02412125714352021,0.05421740061318688,0.05671178658776741,0.05635950281694755,-0.08807263048964663,-0.11549637168833575,-0.07992658155845243,0.037712826763833744,0.11385879473110365,0.108812071383034,-0.04901182793997931,0.19139477500583216,-0.07261371403636398,-0.06928925404901388,-0.1172795770424981
mfcc_09_std,0.00989938517067455,0.0007789513741042762,0.0007787123968294295,0.14474373275509134,-0.1548166191311035,-0.15360607289942782,0.008312640416418814,-0.10276214721347333,-0.07533746512124871,-0.10781863865546969,0.06070869227850565,0.0007789512464744301,-0.15360607289942782,-0.16139476372832748,0.04455802807074932,0.10561740861157504,0.09969747778809007,-0.14815216051094232,0.0007787123968294295,0.030744211057363028,-0.025212178243630885,0.2106642352170113,-0.005701880148785729,0.06070869227595424,0.028277346183113956,0.10666383921912631,-0.01950477994365321,0.14404596115479798,0.008639729276983579,0.08809787504208784,-0.006355066460551984,0.09224993958364283,-0.0017518380939695879,-0.0078397175373926,0.13941956200686942,0.2325514629841615,-0.05192099810049436,0.11903437251918082,0.05998383388366007,0.12044518278145334,-0.011967472397268083,-0.030276050983374346,-0.07612115685569554,-0.003797127033486594,0.09186693941389273,0.07506920700692338,-0.09894711136352849,-0.0067531407750742465,-0.03600738112438842,-0.0005416257983821002,0.06280156869993135,0.019484200208180934,-0.0037618706441533566,-0.04872742796452979,0.04105694202988065,0.03743760327553068,-0.040902259562553805,0.0028564444910964266,-0.054864392403710265,0.09705907505682494,0.21325596004504133,0.2213644154013282,0.27830988814780355,0.3497180370322373,0.3290091102769888,0.38697626367661914,0.5195742274076478,1.0,0.5252679067952292,0.46326922003601567,0.4334309440880108,0.3653353536025466,-0.011290055994692587,0.048814897103270936,0.019821146857018662,0.015379399415955576,0.017285917083132932,-0.024445877291066044,0.03564800111722342,-0.02442238790242361,0.03435618816619389,-0.004277934467439923,0.01429175693104098,-0.01332856416229449,0.025526526276175677,-0.19899273333822126,-0.21786984580788332,-0.22862293115674415,-0.25479353575131,-0.2481374123198335,-0.23116991796258846,-0.210594552965282,-0.1891270572086293,-0.1123322635627733,-0.10537466903986233,-0.12425034787810126,-0.1664285227292733,0.3139770021564086,0.3618339837313042,0.422206299245312,0.41588183497991327,0.3999824113297571,0.39590785023620995,0.33260474489853364,0.3764083461521307,0.32332012907141566,0.2848983902565979,0.2554984504954596,0.2838590549836196,-0.016926184002521466,0.021301884394472236,0.033137332853805004,0.02439893272226585,0.08176648011618717,0.0838700085043299,-0.029985844208174607,-0.01619791864479382,-0.06826704238228377,-0.03502530235850199,0.03353174567056184,0.03770449086374621,-0.04368213389394991,-0.06274559387827339,0.023574363673635756,0.10106639831755977,0.09961925343267693,0.09912588915630893,-0.04190490045431607,-0.05963792025411123,-0.06202081219288603,0.023419854743034287,0.07279325860038553,0.06900426580936174,0.000768319298962669,0.18103032520825363,-0.09311597663772682,-0.08033281607972359,-0.11854089630117318
mfcc_10_std,-0.011677713315956904,-0.0037651930239530145,-0.003765545071332859,0.16300137430632475,-0.16978641368430686,-0.170408425088872,0.034942448608442075,-0.0753967272934656,-0.07333649388934926,-0.11112774371090418,0.10047640287928096,-0.0037651928258645457,-0.170408425088872,-0.176858755458819,0.037465549763231104,0.08681771613568984,0.12799067201246173,-0.10777895671955849,-0.003765545071332859,0.011135272183595005,-0.0517561124562566,0.1369988647450395,-0.040215643266191294,0.10047640293569261,0.02504874856190807,0.08829409896660632,-0.014411562076343854,0.1363716405779436,0.007059321878828764,0.09092065576107355,-0.006907878995960388,0.11814616869668211,-0.03396802172640431,-0.03658031477032986,0.11759680539632493,0.16886224127192676,-0.047475990865615894,0.09634058834361237,0.04808665552535987,0.1365546417804846,-0.023649208272484876,0.012700443546733444,-0.05996597678470924,-0.02055156929689527,0.07475730596582486,0.049104941274391266,-0.07607361233816702,-0.0037870264367024543,-0.009345129387514244,-0.03835059598495888,-0.013385087648637986,-0.014749383238581933,-0.032332047149821616,-0.037462320912565496,0.0372427367231415,0.05506632618963545,0.0032346018004905893,-0.003598499017524803,0.03411378830245092,0.052567583572658255,0.20393699603608176,0.18087122759209867,0.2355370396175494,0.29195274310323566,0.303293818445741,0.3443660957051439,0.43842242061816195,0.5252679067952292,1.0,0.578966841658281,0.49988392629994677,0.44083254340960726,-0.039926481447412614,0.051769109818290054,0.028248530701198954,0.006679591021418964,0.03079028904316967,3.241031523772634e-05,0.003367910720584222,0.0185143995411196,-0.00821593003172772,-0.01729257580321671,0.005855719582071912,0.009334117728145389,-0.001894733391228256,-0.19674291247443368,-0.20501108668463885,-0.2263562205887567,-0.24990624049074975,-0.26852815868730334,-0.2652560816701485,-0.21171506586953512,-0.19068031660350535,-0.10978775729269521,-0.1212039712750895,-0.15641039675393995,-0.18849668234779146,0.3204500638029562,0.35958652965302196,0.40853426906081164,0.42877764706061994,0.3720419581100487,0.3706360996331275,0.3424266960872188,0.34412470032334375,0.27527442505709615,0.24370675354615443,0.25025002850304867,0.2925945018047029,-0.015645935729846277,0.052673852543783754,0.0968421140577016,0.03035362068049141,0.05822715853825502,0.052992234346451055,-0.03415313387795512,-0.0097706110477131,-0.018331247415875735,-0.03962306271622747,0.006890241748131164,0.009650276917789767,-0.022388689964246325,-0.05863933563940238,0.06467500770241429,0.16569358977754187,0.17217759833047439,0.18058295706996322,-0.03766192914717703,-0.05249964024407033,0.009557617252947502,0.05754118628942955,0.06625179730298056,0.05492811382234501,0.02884324010285723,0.14960710963173587,-0.10871265187231022,-0.09358313347674002,-0.10936794607386706
mfcc_11_std,-0.01973873752075531,0.004021563723668334,0.004021184962706898,0.16667188058475413,-0.17636366926707178,-0.17580029920136395,0.038201495845148356,-0.050307195830953624,-0.08051133443183771,-0.10754264992626297,0.09654077413120465,0.004021565685886479,-0.17580029920136395,-0.18162198643728147,0.019025802096336496,0.055870637188163146,0.15135027167060797,-0.1043356348451593,0.004021184962706898,-0.013751841244701472,-0.042478895212362346,0.12979671336847698,-0.06487066504480316,0.096540774156373,0.003682730432021617,0.05432792800094809,-0.0396562737027974,0.11403336048728567,-0.017227273258732946,0.06532186195862612,-0.03013546308099211,0.11175785667057879,-0.05219977968992886,-0.05381355132429135,0.14074413314160197,0.15904545271230508,-0.058086627827636815,0.06664686315586059,0.05923421676501553,0.13862393412367494,-0.00021647808600801395,-0.00382327174323228,-0.04674494762343909,-0.020384004417897852,0.04592772582438167,0.02370723428650072,-0.08422705049365599,0.014092840496319455,-0.008194174322386795,-0.022264686647089655,0.006095977828596731,-0.015475633623719228,-0.036498106719827596,-0.013346738531609564,0.06076766700764721,0.05271777245471181,0.010920050016697738,-0.004492030883051613,0.031035999432003008,0.05251036122804871,0.17803035053420332,0.20882628788256274,0.1930183504332535,0.2496026321912139,0.27549186944381837,0.329069891015843,0.37772011551647283,0.46326922003601567,0.578966841658281,1.0,0.6071931913679771,0.5077498158802447,-0.02574480342773654,0.02666183272625802,0.025875028225230495,0.015689727393891177,0.0007639161374762921,-0.007608850042617522,0.007553072591491399,-0.017830004714450988,0.0018811159878048963,-0.0031944936350962318,0.032803927774023287,-0.0015373888553943935,0.022509791156506313,-0.1718570173428332,-0.19624166329404533,-0.22330188540267898,-0.25044695412129775,-0.2686331216331183,-0.26231620278929774,-0.21838115023109317,-0.18053745919928063,-0.07758266550569617,-0.09627010856574401,-0.125905127931402,-0.1432775623836177,0.3130518782170852,0.3626163530602742,0.3729046779924688,0.3483013801108041,0.3559911821614804,0.35708970725973144,0.30883886145472444,0.30594804634294687,0.24968591200066007,0.23262234258442832,0.21899219512253537,0.2669152187011233,-0.0030521204825531053,0.0572611609869913,0.09244082713595861,0.028429754646821796,0.03374288155631502,0.027124085035812283,-0.015356511312915247,0.008514693563446994,-0.024143190487358437,-0.04725721763429012,-0.016261772273887375,-0.017677272244381037,-0.00019130604572488875,-0.03799875835939245,0.09318773190516429,0.1871927398633587,0.19478919126497643,0.2079364944218483,-0.01849170322026119,-0.031229673171541936,0.02592350966654331,0.06369797347050518,0.05122765080502633,0.035077272029704246,0.052481391831847884,0.12237150409174945,-0.12056865944757882,-0.09672239298135228,-0.088771544037839
mfcc_12_std,-0.008003057214637144,0.023684631577896385,0.023684222888087053,0.1976267271452707,-0.207163876437639,-0.20734714352374578,0.04118044146321125,-0.0400766258947696,-0.08845734688367378,-0.1320354511686522,0.0765903128961135,0.023684634033176465,-0.20734714352374578,-0.21386853522693788,-0.02277409643035441,0.021175046667172515,0.1804095323352723,-0.10757085429726221,0.023684222888087053,-0.060332303062437406,-0.022875377119388824,0.17052972236955083,-0.03828185325142732,0.07659031287692795,-0.041017258089298216,0.014162437854073163,-0.07635706761426415,0.11117252345057799,-0.058335891147435155,0.04066603380475632,-0.06920443886521625,0.1179513935812879,-0.05093178980946395,-0.06283713524175438,0.17450899788378138,0.18132373063065857,-0.09775658542324069,0.021991887243739048,0.09384209355695877,0.1550141049846129,0.04688975422129731,-0.009996464702698384,-0.06581193892424184,-0.04675701713281144,0.0015469821650012483,-0.004287366243567401,-0.10866768646495038,0.06126435962736853,-0.002220080171832858,-0.0007029210290045968,0.046316995751122775,0.004194862463503793,-0.010196057653590154,0.004211788074808937,0.09762535908825004,0.06495560095965039,0.005093886857044465,0.01907520226591983,-0.0144091973909341,0.032571366907942205,0.1538422886455793,0.1714112049418993,0.17110801674311485,0.24156447301035358,0.23195270080961453,0.2955992642274272,0.36384026992941415,0.4334309440880108,0.49988392629994677,0.6071931913679771,1.0,0.5786792315992783,-0.029859428867572254,0.056802157102814284,0.0424155681794664,0.014970158270087599,-0.006074126045894288,0.0032732132042099958,0.020850241750893596,-0.02233128357453439,-0.0013743490202983931,0.023673296249603907,0.03893070803338981,-0.01768315831562111,0.011324304119211,-0.14132232478149476,-0.18459211034766784,-0.22694099995241498,-0.2681464712544858,-0.28890825229855444,-0.2717643704174893,-0.2310282737233755,-0.14333771110959115,-0.03479302864865528,-0.02568699072063251,-0.047766855879085676,-0.10298151282811549,0.2873209706685098,0.2837407217328952,0.3256143724380241,0.34060121010537686,0.33043153756167337,0.34329197323789756,0.27762794100546867,0.2921812764751572,0.23476239945361035,0.20007272528074535,0.18979801710219527,0.24535738228653112,0.007644111574788422,0.07744481875588578,0.06503673748467527,-0.009317869535111519,-0.0073238273262791285,-0.011056956937386436,0.014419676543477098,0.056603168651067376,-0.029745567219872968,-0.0830386321166267,-0.061082073330333705,-0.06449259132414532,0.0143421907721976,-0.027461377212069843,0.11960940283963797,0.2173279722056232,0.21507341786500953,0.22393196511308242,0.009112358381323741,0.012725258807787819,0.03394044854331232,0.04085186216757719,0.009445833936813582,-0.00941328124395899,0.06857500561496448,0.13801515630728653,-0.1358884946100955,-0.10941620768671506,-0.09180902077526666
mfcc_13_std,0.012192136632754204,-0.007952321896372967,-0.007952751696780206,0.2068152283802792,-0.21307583037017533,-0.21488771589112732,0.042439901194703165,0.01955647436912939,-0.09224181180594432,-0.13284145716630033,0.079590314490042,-0.007952318784017788,-0.21488771589112732,-0.21897395885505702,-0.025983582734672245,0.008875302477317916,0.2132199799678826,-0.06575808647979026,-0.007952751696780206,-0.08600605368449077,-0.010326168472689919,0.15752616012906676,-0.06233222400087948,0.07959031456900532,-0.05736844947909267,0.013835109538414565,-0.09403848418117344,0.11371693294878434,-0.07717917857077089,0.044866878935129514,-0.0895578694893807,0.14409212548623643,-0.04908355785322027,-0.06828837470400201,0.19065980622340079,0.1750532860067846,-0.12739001016266419,0.015272682810318775,0.12049658012750834,0.1640328420551504,0.07469738696999789,-0.008014742531629109,-0.09878650768083265,-0.06856766030653444,-0.023959904575935314,-0.014781257217044715,-0.12378783493424601,0.07492299185625285,0.033653320828869425,0.0015282180353041902,0.06136431256722935,0.038543080925787294,0.02302629263986028,0.015479261602578565,0.10682572844462795,0.09233482252599833,0.025505950653070056,-0.0009232194340728228,0.013804574277349066,0.011560595008458286,0.1467851108357959,0.1931090452694903,0.14693788132713914,0.1790681021220549,0.19440478539086484,0.28311796245370296,0.3235013896911944,0.3653353536025466,0.44083254340960726,0.5077498158802447,0.5786792315992783,1.0,-0.04103040805710948,0.04652565836199844,0.03464300191005815,0.024594027765177297,-0.01096247581940924,-0.012579737973135757,-0.01939203369568812,-0.037094005479114116,0.007005124099961364,-0.007847801301433012,0.004862159341689598,-0.02820057388441292,0.01838374663350891,-0.16592116717788008,-0.21501330478915714,-0.24080680600191764,-0.2765938856786284,-0.29824253523021604,-0.2775924618812776,-0.2299285820660455,-0.12367537579878533,-0.009403972603639482,-0.040823008845342346,-0.073549704542043,-0.11307605365418519,0.24048195490225124,0.29505934351916824,0.3319107087214457,0.34930864191465905,0.33336382185495184,0.31187570237257073,0.2671996885451689,0.23581751018739097,0.18694906686848753,0.19838350830193024,0.2159117447117038,0.23554946788320202,0.019752882611617305,0.10700628130913012,0.058795218408152806,-0.03803880199990925,-0.03517696597280078,-0.02404416228288621,0.03633062147451814,0.08687832534334053,-0.044945624562786224,-0.11357389169636364,-0.08932551779355791,-0.08152957476239746,0.024450067099192188,-0.009567062208536049,0.14829045929859896,0.2545385606752718,0.2631333323560443,0.27488848774819863,0.041047928664505594,0.053732082531807765,0.04264912920423071,0.035574542181928355,0.0040968952965259944,-0.0032471806250125982,0.1201166923760259,0.11172077574011105,-0.13957727943745465,-0.10878349131600241,-0.08338520743285392
mfcc_01_delta_mean,0.009339722971441209,-0.01832284097115117,-0.01832256899187216,-0.08019470280030455,0.1274026330325727,0.10860277000619363,-0.03667440179983018,-0.0401109724443829,0.11868380120823113,0.08059350873243765,-0.15268061837629263,-0.018322842222596503,0.10860277000619363,0.12191264508778304,0.07404188264726655,0.09696230567042274,-0.12040655670388549,0.050275446528576115,-0.01832256899187216,0.11090954467022257,-0.02362281997667704,-0.06146168656822034,0.04765829227750141,-0.15268061832692648,0.10849002510099577,0.07996910867745842,0.14091461948291717,-0.012578666566429164,0.12566084976781292,0.03902484177285191,0.13104442628269228,-0.06128468188106919,0.13914370190905662,0.12216949859892517,-0.11732467492421822,-0.035003033297860815,0.11184042670477218,0.034975968330336074,-0.1018129623959978,-0.14704542943755636,-0.10057112239460544,1.2491005933533371e-05,0.07257761629052324,0.10776278656016718,0.06966218933831883,0.007317927263927947,0.10224721730960547,-0.11935582794701755,-0.09511349212628607,-0.01652863499213436,-0.044613548619311084,-0.048698351200055584,-0.013562991616238577,-0.021064807918926964,-0.03422228771202222,-0.02029914949387708,-0.027860639782018075,-0.03148848284228366,-0.012179630039832799,0.10837374842443014,-0.047474977764191795,-0.05304586845292977,0.00022593218466227506,-0.010310430527596084,0.0016154606692192364,-0.0005180782310087404,-0.0026172249520318666,-0.011290055994692587,-0.039926481447412614,-0.02574480342773654,-0.029859428867572254,-0.04103040805710948,1.0,-0.27074856959592664,-0.30224931405245115,-0.17134604330116918,-0.21862992386288913,-0.10219187450753361,-0.15710142401799232,-0.13673410187347063,-0.0783064488667664,-0.0522037392979085,-0.08418233773191354,-0.08405609271932488,-0.02436716066930766,0.027254140155173065,0.03659666995088703,0.0717307110091487,0.07461281164894695,0.0746930284894616,0.048956768786918445,0.03722798248117712,-0.016226661279409152,-0.08743744374469495,-0.0665273083796188,-0.038736219654974764,-0.022530168623526227,-0.019267441816115616,-0.04184292589604613,-0.034005262061751994,-0.03925744833592806,-0.026099760219297694,-0.020231751897171708,-0.014704189599009413,0.017409744126141134,-0.023054116729176746,-0.015093566323823842,0.006313907780548054,-0.009996605233315286,-0.07268185000089479,-0.1568488162676765,-0.10530633209141835,0.0155395402696358,0.012969531694733574,-0.0022025279107176286,-0.0776497214077987,-0.1124865466370083,0.019480083907423614,0.1373783068261308,0.11077110876053724,0.08942908611512229,0.01710030485848361,0.04132230120740524,-0.03962865388183867,-0.10545401277254081,-0.11134237481614162,-0.1285747964617809,-0.07900202181717575,-0.09314305123154651,-0.014586825386032827,0.08189944519131416,0.09147242970280951,0.07081369771057121,-0.0688244629840712,-0.06315078922130203,0.057380837725200425,0.0447539112844183,0.026269796938474095
mfcc_02_delta_mean,0.0006560994741459732,0.010960778944433005,0.01096062688808026,0.07480632810853288,-0.09179577467819328,-0.08603822851283167,0.041060621972602795,0.003482162218133483,-0.055265096654547034,-0.05229139545213638,0.03275613796918431,0.010960779552346252,-0.08603822851283167,-0.09231723123320014,-0.04428337491815003,-0.03522068576819515,0.08139426686240514,-0.05193142919752981,0.01096062688808026,-0.07641829633964602,0.018355591993335797,0.044716546695987534,0.0062860475634769755,0.032756137971331326,-0.0644342455693214,-0.041444229615344136,-0.08445567797356354,0.06894266919851127,-0.07496587208433807,-0.010758919993494449,-0.07936308147690059,0.0630737561895808,-0.003653023448118554,-0.012990399844600766,0.07808267756350275,0.06305329957603398,-0.07326825969234427,-0.014151043701839061,0.060093947134546404,0.07404131157464028,0.058660928426878325,0.007394984796788197,-0.045882952008393506,-0.0635236280383114,-0.04224935507708052,-0.02012414336188993,-0.08765741313653307,0.07295781307765269,0.04483988860661925,0.020311260776091456,0.023015125293632213,0.022137108299609607,0.022822685818931033,0.015594359346736928,0.021670190482162493,0.031218834164997013,0.005173995735960676,0.0024794206601942734,0.03219543395716632,0.019439564333649583,0.03817953155482414,0.014355641339544683,0.024176689146965663,0.01692007355272551,0.038115786086662946,0.03598004522205456,0.029756408844659864,0.048814897103270936,0.051769109818290054,0.02666183272625802,0.056802157102814284,0.04652565836199844,-0.27074856959592664,1.0,0.27130424526478014,-0.030902508968276423,0.051320822585701455,0.02741848036612479,0.10778772050598819,-0.07342353962532627,-0.08876225348855639,0.09434206253560536,0.06426911668027985,-0.09004771647295659,-0.0874339697399356,0.005095681923321261,-0.010355996920574314,-0.05175385932602987,-0.07325265146603815,-0.06863516311898454,-0.06194582845272245,-0.04859204181525904,-0.016148573460198077,0.048817662552788015,0.04288915081261723,0.021959888837424286,0.009021069354093938,0.011653461779314025,0.017624388922989002,0.03206898046350777,0.04366594780828611,0.04031549907234127,0.06092867857107389,0.04470311731572695,0.021229399270406464,0.027443012019180858,0.021168631602977377,0.018732117259571367,0.032687995767937426,0.016868783142898632,0.06121612134625786,0.021543761992998456,-0.03965283023180021,-0.03679550816414394,-0.02474009684905752,0.025163606229167777,0.06540433033849011,-0.0015977909208179306,-0.07875696969445867,-0.0781340275954607,-0.07102387636863913,0.012044005602857663,-0.02330965429989004,0.010082793240419434,0.06993098297968026,0.0741202805015757,0.08227248408900528,0.03439000002965264,0.045143907010639396,0.001428078235206025,-0.0478218817909343,-0.05268512018694011,-0.045157344145955555,0.02895139502246547,0.05667238307105023,-0.04099904181104937,-0.03407282902229984,-0.03371025222270987
mfcc_03_delta_mean,-0.009103878036793687,-0.015307144194579828,-0.015307426704756582,0.11728107034438956,-0.170130361908867,-0.14968745193706026,0.025679472811226452,0.03832051217882363,-0.14957782136456807,-0.10677286081772454,0.06984012983575054,-0.015307141317823153,-0.14968745193706026,-0.16204348106765717,-0.09239093509289163,-0.11861791539009069,0.14795925580448602,-0.06882200290907713,-0.015307426704756582,-0.1325838783740874,0.041690456317969075,0.0751021565887394,-0.026819600988227093,0.06984012984407702,-0.12027350861402927,-0.11947192388300616,-0.15383417859863602,0.034482748832279086,-0.136399310056892,-0.056565784642215726,-0.14228826942309591,0.07425127456257666,-0.08205130695064705,-0.08886717130645364,0.1216627546260877,0.0657054338904881,-0.13101607339038382,-0.03440075916988912,0.11073852252092915,0.1483977176542087,0.09928328040280336,0.01971372390696042,-0.06929159767226019,-0.10693699406902345,-0.08778104971168273,-0.03228510206383321,-0.12772769353963265,0.13112009240658687,0.0754183494998025,0.022133539437590083,0.029852248808696982,0.03910896172209096,0.018768185459417577,0.021532822450847783,0.0577168811346567,0.04883551147120483,0.025024180487690003,0.0443163015580638,0.04331591910762464,-0.022679819194747406,0.02022884371035738,-0.008272072058928779,-0.019304502688700265,-0.017925738729021513,-0.012971349077460947,0.0012462397343224348,0.02547247454696725,0.019821146857018662,0.028248530701198954,0.025875028225230495,0.0424155681794664,0.03464300191005815,-0.30224931405245115,0.27130424526478014,1.0,0.10715330547028176,0.0650245954315076,0.09107626308072474,0.004479468161687254,0.026252406069849247,0.039844508080580474,0.09715891238579881,0.056499437167085234,0.003278975102660352,-0.05335627866944209,0.0051547814788255614,-0.00041808820934855563,-0.044863940099396246,-0.07941077914193803,-0.09686408293146398,-0.08136932345555042,-0.05874166191511873,0.014948868320577215,0.1042035654833612,0.09053154508264864,0.06340630519722863,0.03108035814785306,-0.010562206148570383,-0.005904926394728297,0.011847331676823855,0.031320931327581514,0.029058606338530947,0.035987599468702246,0.012239409362970627,-0.004710146374368474,0.014338343262188616,-0.029742629460704384,-0.03890202997471629,-0.00810728651608618,0.03912088585558128,0.1128329021021326,0.05367221321066185,-0.06655421711585831,-0.056080331892790096,-0.036764497893862005,0.051128111311092385,0.11595120820203023,-0.001346796358656585,-0.14452657426342344,-0.13620388283562954,-0.12002843898776462,0.027800761990958697,-0.02137631723323624,0.05172687428594497,0.1340550175730938,0.13169005173610693,0.13754763199899186,0.07877231699843901,0.09649370835105585,0.022236834241922306,-0.082334290922656,-0.10719102077861446,-0.09413205699310662,0.0693441537537994,0.07469930127382989,-0.07890885288654366,-0.06540164798905672,-0.01717721123248071
mfcc_04_delta_mean,-0.024564445419985866,-0.007837799665067872,-0.00783793645480643,0.10140151176368131,-0.1099629888182891,-0.10845955727489354,0.02140688568055418,0.02197202823136957,-0.06763481912995888,-0.07985797634896659,-0.00765876851778258,-0.007837798408382687,-0.10845955727489354,-0.10810810255605394,-0.07662308998485787,-0.06790936933949937,0.10734848692762794,-0.05274855055829666,-0.00783793645480643,-0.0934833608059188,0.028785633905614245,0.04910347276048,-0.016665911300900883,-0.007658768513225284,-0.08984679445276895,-0.08298990581592088,-0.0941948017227601,0.026377013378830385,-0.09498543064993342,-0.03152529445967311,-0.09515697703104724,0.05040950843089196,-0.04022819477645186,-0.046717354521552554,0.07279160239630703,0.041981637942185096,-0.08516414249451511,-0.03223061118120302,0.07519134988877674,0.11597367207338435,0.060257598004613486,0.040272998212969154,-0.04454451839094883,-0.07530566919038788,-0.06316318609407576,-0.05670764745160198,-0.06537905021163445,0.09588681869863656,0.049335502919315606,0.030738513751727845,0.019072227664906183,0.02649649170296623,0.006503198569498716,0.012376721807024685,0.01823275510452019,0.015854975456880034,0.015096676705762502,0.013764942288606691,0.0014536370027333693,-0.00632032557744334,-9.073337929971107e-05,-0.005025503707497166,-0.006463474934580686,-0.006707549013189624,-0.01311597672662532,-0.018891004967941178,0.01292117410653679,0.015379399415955576,0.006679591021418964,0.015689727393891177,0.014970158270087599,0.024594027765177297,-0.17134604330116918,-0.030902508968276423,0.10715330547028176,1.0,0.059675933379495456,0.029197116425473013,0.18098479196200493,0.2568914048439301,0.09670048564073899,-0.10539701909676605,0.09717562344632623,0.02618931147820201,0.12699869887743506,0.017793320124218987,-0.00011534136358858985,-0.034601957294609034,-0.03430125422225794,-0.043322739115020215,-0.03889780242722182,-0.040738144771660614,0.009373987414087627,0.07587750616568803,0.07800102431828387,0.06660819193732766,0.046499851767206786,-0.02803070911146846,-0.005225139902345097,0.005117086599353007,0.0404846978087382,0.02045555123286814,0.02162941957065695,0.0010167618866843086,-0.020424496543744747,-0.013614878616766864,-0.031200441707902114,-0.04003712467719847,-0.026303063157772314,0.014856174617684102,0.04765331552278744,-0.006014754835927766,-0.07415508484857715,-0.06292679834906065,-0.05326059202045926,0.03863914092509395,0.08897852829934189,0.009088305216270326,-0.08969299801156397,-0.09362683357105572,-0.09154764897059903,0.04581767921019221,0.0036467491295403016,0.06197262460564788,0.09457885650876281,0.0832386698102953,0.08311058334204131,0.05444552214552719,0.07596425930762772,0.02822411564584594,-0.03969746243645705,-0.07305344661855147,-0.07410884442759817,0.055194544495674104,0.041339666468263335,-0.08481281359630823,-0.07391689495787712,0.01552080733156483
mfcc_05_delta_mean,0.010575551845104014,-0.012557748635647525,-0.012557828103383467,0.04267386998995093,-0.05629968695091264,-0.05130191568528316,0.016990936948755385,0.009373978313994466,-0.050986684951006736,-0.041280572619752404,0.02852426753517938,-0.01255774864654262,-0.05130191568528316,-0.0520626094713153,-0.009372589508052214,-0.016740301759103324,0.04602370202202756,-0.01601995934622994,-0.012557828103383467,-0.03514803270980818,0.007772055436893486,0.03716239088284801,-0.030858842216660375,0.028524267488800624,-0.02763948573138137,-0.023068732779607918,-0.04773062246334135,0.024167081548450063,-0.03630631838853694,0.0016388511471858423,-0.040520925897314874,0.035409556611580816,-0.014356934419686202,-0.03216148656940679,0.030485531834929042,0.027177629420015312,-0.042210535672798165,0.00014408906611858855,0.04113195918576813,0.06312500823792071,0.03457447687685943,-0.002602625480594864,-0.02201775840654589,-0.034878187577158,-0.02229999426334521,0.0031417849367476754,-0.03993443638758249,0.03222348465665013,0.015431431399105362,-0.0015618733943574613,-0.0020294912630102256,0.004622735419212985,0.014366766469928974,0.006582926778401559,0.01999882054756059,0.012662654986141652,0.007080543042672078,0.009948648653733546,0.015388124509476396,-0.007318824345227472,0.020132439711692648,0.016144234812610153,0.009691989073458683,-0.019270906564576598,-0.01614852196435171,-0.016139265277891456,0.01351671421605257,0.017285917083132932,0.03079028904316967,0.0007639161374762921,-0.006074126045894288,-0.01096247581940924,-0.21862992386288913,0.051320822585701455,0.0650245954315076,0.059675933379495456,1.0,0.009377920277790502,0.09328599303560531,0.16367286146997076,0.0771216446749101,-0.01733358720731296,-0.015946761570943466,0.028186624687809827,-0.04436504476714722,0.003255175231786798,0.00041200573657413584,-0.018190580261164865,-0.03916517365674328,-0.04763781098237252,-0.053151083804997355,-0.0512632455898038,-0.020846184158308932,0.013362275039753183,0.01959946168736606,0.013518860528574768,0.013639953681016535,-0.007975230308387671,-0.008283472844951017,0.009743863918300745,0.0207739750099103,0.02698083357254158,0.04068572323690037,0.02833526797342809,0.0069634324421079955,0.013890254080082121,-0.0020171335538545867,-0.015390911271289491,-0.0028298332899485035,0.014783411718237048,0.04284626121610531,0.019392395023055217,-0.020874754968102587,-0.01403627548156969,-0.00461525561991472,0.016609885533615552,0.03717670517949804,-0.010331256292004888,-0.044374060137496056,-0.03492313751769127,-0.030390677839730245,-0.009365238341344881,-0.013756695820613356,0.029487211876387715,0.05070550479062011,0.05338943563240774,0.05335955026400957,0.017673158826964457,0.029134305897365483,0.005971055400298614,-0.01653918303591501,-0.018277508589928392,-0.015352310618486836,0.023037916140782592,0.027984027026120434,-0.03472493638197803,-0.033240995719056615,-0.02124002977582974
mfcc_06_delta_mean,-0.005352682540459723,0.03473275099282359,0.03473272849973177,0.020688769001582674,-0.021927464920813537,-0.021842001265929785,-0.0008170173125956413,-0.00275517848608184,-0.017156519206764496,-0.020080987259357804,0.02162161208931457,0.03473275254149166,-0.021842001265929785,-0.021312482881135637,-0.013633363309090674,-0.007394019686196391,0.01810077606369761,-0.013219084933696258,0.03473272849973177,-0.02152530453061313,0.0021581861145051964,0.0037845658687398085,-0.0067373794516272486,0.021621612073486923,-0.019906825031959376,-0.004554122910675014,-0.024809810800718386,0.026921002324322867,-0.02216041801511276,-0.0016639010736460658,-0.02476420185287264,0.028930467444072877,0.023288218218961924,-0.0020052485602016406,0.02067762936911008,0.023352433986397674,-0.019736488446681244,-0.01528241548201857,0.019630172039171424,0.02828874165848488,0.014460765404427105,-0.00110209413814919,0.007649825652144063,-0.014932291547630665,-0.017313438991227174,-0.015104788240131272,-0.02155794333295179,0.022915576329587354,-0.00035283754561169937,-0.00387698874219891,0.0032701431212477663,0.003871424368135683,0.009597665035836884,0.0022522919211224695,-0.01039092406811287,-0.020469679505795473,-0.020139335904517348,0.020679954198597323,-0.006478100748011747,0.004570769782463328,0.026685208990310415,0.017232989890605517,-0.03939559404745242,-0.015139891878177237,-0.022445326579309238,-0.019421972742247898,-0.018483024626408905,-0.024445877291066044,3.241031523772634e-05,-0.007608850042617522,0.0032732132042099958,-0.012579737973135757,-0.10219187450753361,0.02741848036612479,0.09107626308072474,0.029197116425473013,0.009377920277790502,1.0,0.11664171482260902,-0.03795738293716177,0.005306146875423042,-0.02968175710220425,0.04701091485355351,0.06908253378847995,0.03569662887231739,0.008444582668631316,0.01647041503187837,0.011714509145139863,0.012092777316492966,0.001820691289821798,-0.004431014769815077,-0.01696853886700568,-0.01736161603288085,0.018261422097725796,0.03274456051015119,0.023653251704207817,0.013873821543098928,-0.03008708476757892,-0.008041813549090795,-0.0065881852298961,-0.000826764634487526,0.006168243712985725,0.005304981546725695,0.00039186539072193184,-0.00473476000663142,-0.006344144501169868,-0.002030745724931121,-0.0021890747109336137,-0.024003307769718277,0.011603837079691755,0.02643561569677818,0.014584180672601114,-0.009007266505703392,-0.010273217593909473,-0.007406010084203459,0.0014745112045045907,0.022469667182482445,-0.005293145968686451,-0.018385734282218194,-0.022845827046599085,-0.020896737529925626,0.012575971699267675,0.0012850414136247712,0.017642088966743397,0.020706955633642075,0.01529273609947274,0.014665463995037965,0.0050123382855730494,0.018794073970359405,0.00901933998093119,-0.0025592356464968387,-0.024010797520810968,-0.026268657656314188,0.00950096906560119,0.011047572212546299,-0.026226430358273444,-0.02320750203524999,-0.016153205169698905
mfcc_07_delta_mean,-0.042719574172471256,-0.005029356455444737,-0.005029390519021823,0.014258614917352854,-0.016463740984775637,-0.015816277090584537,-0.007835473701933177,-0.0010409714669969879,-0.016989537326600128,-0.007711314142711289,0.02231714233967136,-0.005029357033221828,-0.015816277090584537,-0.015309880242926165,-0.0018431801284889467,-0.011951077723624633,0.016179331046174,-0.009258050610998205,-0.005029390519021823,-0.006205217797272771,-0.010070871599923821,0.019661352645720206,-0.023172560366488272,0.022317142329574338,-0.010435746023163899,-0.013118463364399084,-0.023529817129969384,0.0023827811375198957,-0.017188866093543222,-0.01564942562693085,-0.02000931875831715,0.00946724500743541,-0.021915918104810493,-0.017438960407554722,0.024196644844980873,0.026126931849190464,-0.02388954056017269,0.022897235094361115,0.03007229934763979,0.038262437581454437,0.015700132946502642,-0.02733380592325359,0.003905003405821396,-0.014801342208060382,0.011529605076031749,0.011051879733058273,-0.032557433300901766,0.01157000767892613,0.009845756722974126,-0.006476216460260909,-0.001987372548950041,0.013674660716572943,0.01947555175973036,0.019754271706621026,-0.002049913923046048,0.007899989944776638,0.01775419078220301,0.012758611624097603,0.01543680292889466,0.017191205768267232,-0.0008922653645901478,0.0031427373426104552,0.02229688212900675,0.04927470619206369,0.022909571020466615,0.015088167706027765,-0.00219311116119898,0.03564800111722342,0.003367910720584222,0.007553072591491399,0.020850241750893596,-0.01939203369568812,-0.15710142401799232,0.10778772050598819,0.004479468161687254,0.18098479196200493,0.09328599303560531,0.11664171482260902,1.0,0.04193279537904306,-0.005028883509700703,0.11711674987341693,0.04996673883026697,0.01002867386133706,0.07001840442906669,-0.017843686966123012,-0.00916820066989235,-0.01919074276665175,-0.014370006609458348,-0.015075238216257413,-0.02583344918934985,-0.03662618251029657,-0.04010706719159095,-0.011116821445200613,-0.014749767940438658,-0.015501038192444869,-0.011676100578389163,0.015608446973318889,0.028487370422663392,0.020377458608511378,0.03643006853819812,0.03886264802280497,0.03764032698446778,0.029752329770352408,0.013278937466665133,0.010341254208206413,0.0030115738382213643,0.017203544852981603,0.027741812720899782,0.008687773746059032,0.02159801862652615,0.008330184130445633,-0.004140041325635539,0.0065559522486859844,0.002764299904717745,0.0005310041147637251,-0.002930259076378953,-0.022018161439602276,-0.01588852308150281,-0.004630328146660963,-0.007761784285778589,0.005226844318361181,-0.0028046308182700934,0.0029952640190335574,0.0162869017105313,0.012366613087356215,0.01801597832345969,0.006590811958644962,-0.0034988776041216412,-0.019084747892340125,-0.0038914259077000206,-0.003983138830485677,-0.006723087030398333,0.007498555169654958,0.01752330163094678,-0.00729498004150499,-0.005064628639488501,-0.01877408601725809
mfcc_08_delta_mean,-0.0005263869261695437,-0.03758790234402219,-0.03758791673748799,0.013803578049436455,-0.017787543136115053,-0.016355384991491407,0.015230445054895065,0.0005449637995098704,-0.014412595081298217,-0.010012915059732093,0.005117141074719532,-0.037587901635698355,-0.016355384991491407,-0.016374854477454865,-0.010439525853031931,-0.005132935748741405,0.01966377948763141,-0.007119302160132011,-0.03758791673748799,-0.012288963363895088,-0.005071268437216458,0.009679115677696826,-0.010473915426259172,0.005117141112979144,-0.01313209517505628,-0.018021473482864064,-0.021086991750505338,0.0016234913426974795,-0.017200049246616663,-0.010648199008212265,-0.01663445220685351,0.0102823783798392,0.0004114598357650963,-0.01907652999888644,-0.004129670241024271,-0.0010180062862211099,-0.015476665685979418,0.001257749096301387,0.01652696788601414,0.023775283645441334,-0.0002469404586365185,0.008125038834181043,0.01592908806533286,-0.007845853818256653,-0.011098345089309057,-0.00940566545523299,-0.01122796813884947,0.014757083133972025,-0.0028224013781197625,-0.017014085757271136,-0.025296095898951623,-0.006430845872102513,-0.008898077969718103,-0.006503051485333779,-0.016183572202637803,-0.01823616540861281,0.010071354907080287,-5.06849414121213e-05,0.01670652587661715,0.011618777626595666,-0.009519577770575058,-0.009291367562129211,-0.0013088875018599626,-0.009701438335156453,-0.020245623138510995,-0.027506375063195143,0.0274475608842548,-0.02442238790242361,0.0185143995411196,-0.017830004714450988,-0.02233128357453439,-0.037094005479114116,-0.13673410187347063,-0.07342353962532627,0.026252406069849247,0.2568914048439301,0.16367286146997076,-0.03795738293716177,0.04193279537904306,1.0,0.1752423105975127,-0.16515691041992217,-0.006195016215732394,0.14299460660773025,0.012300364480543814,-0.003621913805916534,0.005488945970632235,0.010195868945281975,0.018021983062131323,0.009203817566897157,-0.009511682768198295,-0.0094955189808644,-0.0046442440739442965,0.013917256390359367,0.010398584509588837,0.008717841755329485,0.005630833992747633,-0.022314376454850876,-0.004111669298264276,-0.012185786500605523,0.024325051519442864,0.009094586561959439,0.003779409572542771,0.012842819657274835,-0.006862466222738387,-0.004353600629976556,-0.026683203098681635,-0.03326538842824427,-0.027196691225503455,0.002248644729937778,0.010011881366929315,-0.0009599374447507114,-0.007612005646090514,-0.005588659257217457,-0.007031903450626141,-0.0053508146853049315,-0.0034321219698020384,0.0017301665618375418,-0.004141121894081876,-0.014156875128857188,-0.014527647367479501,0.011726747853914383,-0.0059759774483722165,0.010044197430785128,0.011739230910510684,0.0134178997078748,0.009724235168531862,0.002235145283413767,-0.004539447816199648,0.0071347050990798215,0.008096026405058602,-0.010838472639549878,-0.013168846039654012,0.010885837866304496,0.0021557316414457404,-0.015807795548969588,-0.010167298473394443,-0.005272559683436753
mfcc_09_delta_mean,0.00791234019272992,0.01515927899997675,0.015159260486541546,0.010868837330059654,-0.008641036594926302,-0.00984978576820921,0.0010014165489359485,0.011637855581841583,0.004873758445498943,-0.003480221293758473,0.0022390187539027564,0.01515927858406754,-0.00984978576820921,-0.01074247783466436,-0.0013863353118621258,-0.0028326517024458123,0.019169994110061147,-0.012885275112639994,0.015159260486541546,0.0008039336680539696,7.656440233189533e-05,0.025436353299681063,-0.011136644437737113,0.0022390187037821473,-0.005003706035839252,-0.007302735192113495,-0.02024152629935356,-0.001054837187504201,-0.011734256889044243,0.0010209931196433117,-0.012514478518334012,0.012532333062491005,-0.06181873593431088,-0.02844202759769902,0.016227564473797636,0.023162326923477434,-0.017443259547407046,0.010577838369899598,0.021536516569500785,0.006903971046441507,0.008228703967149956,-0.02121652892047866,-0.007518525665942316,0.005639411651199915,0.004566411539196383,0.008777804762440453,-0.02177331335500703,0.004287356566179753,-0.009358879053733029,-0.007326310380898813,0.0020815864885882205,0.0015114593903493242,0.008843810172451966,-0.000657352912159852,0.014404259205628604,0.014595552044762823,-0.015407999648184179,-0.010961185972517587,-0.006492593973202829,0.008706201003274888,0.006931451681458426,0.018556310714469653,0.02155794169394606,0.004901927462323696,-0.004306664910373168,0.00935986373437748,0.026300799523014028,0.03435618816619389,-0.00821593003172772,0.0018811159878048963,-0.0013743490202983931,0.007005124099961364,-0.0783064488667664,-0.08876225348855639,0.039844508080580474,0.09670048564073899,0.0771216446749101,0.005306146875423042,-0.005028883509700703,0.1752423105975127,1.0,-0.004156866693053209,-0.050810790826832014,0.036453633172321934,0.06283362100261165,0.0013202234146664454,0.00026485386184509047,-0.01450580440196248,-0.028647362015986076,-0.03822407943570014,-0.03855760017051909,-0.017471922648273384,-0.003316616938061169,0.0015486859482791975,0.005687546692258178,0.008908666584283386,0.0017865198877887423,-0.005896865875571358,-0.0007670995014174549,0.01513018278124826,0.03065047082360193,0.027416140194468242,0.01890232415895576,0.0076738452985611666,0.012564921156587298,0.024671811970629762,0.024583927022123645,0.010200108108683985,-0.005805065378452935,0.0002014414018073091,0.0031083524668283655,-0.0045610310144195525,0.00015713919056274393,0.001965357573304697,0.0035189302370189925,-0.001268702886732331,-0.005577391214905954,-0.024510659890461462,-0.0032445211295412907,0.0017264594283232031,8.041794064658992e-05,0.00012284270785563436,0.0008982869144267373,0.011094975955304492,0.013064773226700988,0.010837457551303277,0.009720112455909306,0.006805834394483382,-0.0004539869753072007,-0.013163539196747771,0.002649280250515353,0.006251581601585782,0.007364085429489259,0.015728312444250395,-0.002178516523805137,-0.009219148385882054,-0.0031700669575464753,-0.031540110332808825
mfcc_10_delta_mean,-0.05176570245714584,-0.004599313269165875,-0.004599351683209175,0.0060583325653690056,-0.009220042241355586,-0.00797602177587333,-0.020874072888054977,0.008034497806029283,-0.015796312344291154,-0.010017535845213331,0.0076915201384956,-0.004599313081234486,-0.00797602177587333,-0.008188013542901386,-0.010564530733646528,-0.01609356688123367,0.004575843084686174,-0.00017229948716888688,-0.004599351683209175,-0.01058653476691577,0.0038588036285650148,0.002666601847555936,-0.0041225439357148504,0.00769152013283909,-0.01409129604296096,-0.010652501175785244,-0.018694295922158495,-0.007073030614550173,-0.015136097195916458,-0.012142181529165822,-0.018995870265393046,-0.003140972368888881,-0.024085984267708152,-0.02376346263559027,0.0216608796006101,0.011136523548858674,-0.011434690648130116,-0.00036577540145234813,0.00907376085121,0.008095695472013841,0.02000347341392746,-0.029590038157343186,0.007010128379359545,-0.0017612812592056055,-0.0022133934994919197,-0.011556482553485375,-0.014462428022046905,0.012436337334386937,-0.012302911271004743,-0.0025710373651371505,0.014101386221165252,0.02876261108895846,0.03582297009157754,0.015240785955563357,0.020025482323136848,0.009045123025672773,-0.004339224136026421,0.011150691301648995,0.000924254088043656,0.00012679327124598898,0.0009201549265293485,-0.008089247952718051,-0.0016725163483202134,0.0013481745689755587,-0.0005328676837249502,-0.003604169557082525,-0.03436740997582441,-0.004277934467439923,-0.01729257580321671,-0.0031944936350962318,0.023673296249603907,-0.007847801301433012,-0.0522037392979085,0.09434206253560536,0.09715891238579881,-0.10539701909676605,-0.01733358720731296,-0.02968175710220425,0.11711674987341693,-0.16515691041992217,-0.004156866693053209,1.0,0.023346977221928477,-0.12105517669575792,0.005437499791946656,0.02321721903283498,0.02826859410662441,0.014014982232978535,-0.005915485440920357,-0.005126360033936394,-0.005364911140955173,-0.023660795633913947,-0.0159681069164001,0.003581625769673002,0.007560842068653928,0.008170058266455886,0.008807172420364797,0.02237208954013463,0.009633571290654949,-0.022336300312190388,-0.025919244426025,-0.011543574337233175,-0.003786938214888525,0.014062102040230213,0.017812741401458644,-0.008873521713391385,-0.0051776795775319235,-0.009305249999685137,0.007280837193878201,-0.0005551957525670899,0.013316327824467728,0.004116087790642295,-0.00614285772575722,-0.007108219416379066,-0.008482195002873569,0.006480450587860805,0.007193888033206072,-0.017553993819456187,-0.005766847702525086,-0.009610705379598593,-0.013751730042819965,0.01332894738064536,0.0072408491478940015,0.005552557944074032,0.006644160808955946,0.005210970683736788,0.006712850026578106,0.014095824104714967,0.008265180363901886,-0.011213106326439728,0.0004775635341712828,-0.010082689626929596,-0.016961961731288583,0.009641464312317436,-0.0006679747650373681,-0.00919586874941863,-0.010870630616275518,0.005134348000391971
mfcc_11_delta_mean,-0.0280924098634472,-0.003722669347496614,-0.0037226850578660257,0.004593030572533781,-0.009935023215822179,-0.007709304385287078,0.04094095584483664,-0.007702948671599431,-0.012520412971470664,-0.007772368471767876,0.018610468818111344,-0.0037226692866631442,-0.007709304385287078,-0.008815751625871912,-0.025550717884502062,-0.030473851249681827,0.00417242224372672,-0.022039099911744055,-0.0037226850578660257,-0.022221676221744955,0.005606487760990115,0.013237693533668446,-0.025116841267569686,0.018610468811085593,-0.026484273586010427,-0.025188761264679737,-0.02775563195086626,0.002743758694040292,-0.02711055868058706,-0.017354879170153225,-0.02881195120693275,0.00501974221392431,-0.05191649532604864,-0.02004267526096462,0.02159287156638783,0.022381779282336874,-0.026546147970918674,-0.005447832800960084,0.021823494624368563,-0.0018970404851229097,0.0205164197331048,0.004659757262590624,-0.0195463491689463,-0.027599050837275554,-0.009039432318644989,-0.010229214992028321,-0.022738654468582385,0.02604956710540675,0.01968178305791489,0.02844121846912285,0.015372522177951743,0.0067028982262405,0.011195539218335925,0.021105613617944743,0.01760297095445455,0.008892949565407487,0.0022726601100930524,-0.00021816786314467695,-0.0033802386936031058,-0.0008769246856996951,-0.008323445351716174,0.0016893317168996062,-0.0027659138765500748,-0.014718331426722261,0.00591059473510404,-0.005367112295261832,-0.007250805289340276,0.01429175693104098,0.005855719582071912,0.032803927774023287,0.03893070803338981,0.004862159341689598,-0.08418233773191354,0.06426911668027985,0.056499437167085234,0.09717562344632623,-0.015946761570943466,0.04701091485355351,0.04996673883026697,-0.006195016215732394,-0.050810790826832014,0.023346977221928477,1.0,-0.003070935832973493,-0.024209665682264975,0.02184953025195497,0.009155322881715638,-0.008111552801056545,-0.006878866435794237,-0.00915653291428115,-0.016451134966462548,-0.011936173526967927,0.008423075900450687,0.030459239277861684,0.03919542998927605,0.04018291241808051,0.03825573826408096,-0.013968831992423648,-0.02021448854218465,-0.011610692061172339,0.019796309272252507,0.018454602553843895,0.013770161515001454,-0.0037843511836902163,-0.0040698098639848105,0.007766661971702019,0.0017413791558175378,-0.02476924757208253,-0.03457295307079205,0.007917443092525187,0.020850235429073483,0.009880919475567667,-0.0020756719826601523,-0.00198368473983235,0.00032426910349617563,0.010270039105033968,0.020210966047087685,0.0007647378951072324,-0.026605559286712464,-0.02095704716412139,-0.020046319348782544,0.011192615559549693,-0.0011769182454124537,-0.007973563072616943,-0.0031885946531954572,0.0005099414971910878,0.007004627690623338,0.014182235963079041,0.016777380373320466,-0.003999021511927647,-0.03444608578233376,-0.02822692260761725,-0.023112437035641063,-0.002930907380838696,0.02692252567568327,-0.0032132822854770535,-0.003914601656588774,0.006804620765702618
mfcc_12_delta_mean,-0.0107970735266555,0.0032474256325649986,0.00324741884499081,0.015287163148586209,-0.013858758811899508,-0.014816318026645925,0.009692515846432546,-0.009832042833556829,0.001587722156284814,-0.00878931763956602,-0.007825536224369293,0.003247424669593076,-0.014816318026645925,-0.017390585779454158,0.003136158172824943,-0.0057319665716328025,0.015384601507800948,-0.005497731660929625,0.00324741884499081,-0.007010575818926939,-0.008678770683515578,0.01286203927891227,0.016193926103526813,-0.007825536185368734,0.0015571963965921962,-0.011609872060660937,-0.0031309560579553027,0.019640641078216888,-0.0016215085448752784,-0.0022407931450684395,0.0008944411872953135,0.002534224242642654,0.062084414822130826,0.014112209638811057,-0.006636935862425972,-0.01293943358556536,-0.008398581064999267,0.0037805078061066565,0.007866369366994775,0.020420018613292828,-0.009403052844193896,0.02407609209430961,0.007364647736311342,-0.004152722411673477,-0.012954697728037855,-5.9373190238767667e-05,0.001598511472023503,0.0017258564756452636,-0.0022201812070724385,-0.005524647018833901,-0.007552687739055047,-0.022313551880026178,-0.025297527084843098,-0.019567554477865016,-0.01196594474303635,-0.019809287604544323,0.005550776540796646,0.006992673965622091,-0.015162905989709674,-0.01955598096525795,0.0025615040310190064,-0.007556082560687019,-0.003379129572983559,0.009524625463416833,-0.01433349508388729,-0.019460709195964536,0.005313947760494921,-0.01332856416229449,0.009334117728145389,-0.0015373888553943935,-0.01768315831562111,-0.02820057388441292,-0.08405609271932488,-0.09004771647295659,0.003278975102660352,0.02618931147820201,0.028186624687809827,0.06908253378847995,0.01002867386133706,0.14299460660773025,0.036453633172321934,-0.12105517669575792,-0.003070935832973493,1.0,-0.009564061700257896,-0.018002338955386544,-0.01784824740602973,-0.009661514332373191,-0.009868046609149616,-0.009598487973820156,0.00358072387146632,-0.006887407678560467,-0.004906257529721758,0.0027504927654063557,0.0070199513417986276,0.0005130483932149688,-0.006861283806142847,-0.002610410883609411,0.0025880334791245872,-0.009919411975812706,0.003187894625379387,-0.00017978445504159457,-0.011894060560330698,-0.011251631669602583,-0.015203106399889222,-0.0018255063635313508,-0.029886369048080334,-0.019344232341605427,-0.007601325164123138,-0.0048849915171036195,-0.004993742173303103,-0.002809607726874614,-0.005725312265104945,-0.0029124858102533733,0.0020114460439390387,-0.014502718179968265,0.0017569484767905833,0.015351269791242413,-0.006696098330281942,-0.010945318509182017,-0.007156039851697571,0.018124739805222202,0.0015435162178028582,0.007286130872779158,0.01947841419176035,0.026025318049615973,0.019553105534393204,-0.014277046990026718,-0.0010581865197715136,0.014872596553682615,0.0010057009099850639,-0.006978497992689154,-0.004987519502681938,-0.002267786777841215,0.008912116070731505,-0.012481172585919206,-0.01002203595348184,-0.017062165803873736
mfcc_13_delta_mean,0.018206987012226745,0.004028003016937725,0.004027996658684173,0.007005329495609614,-0.007668558468648935,-0.0075334418650787605,-0.01666101985835599,-0.0010590181079871282,-0.0037003850849130367,-0.0019254573460273997,0.01069212428601079,0.004028003263414574,-0.0075334418650787605,-0.008829243567248223,0.007110203566116868,0.006564414052644636,0.011597641663265336,0.006006439961262231,0.004027996658684173,0.003593658230153999,-0.011451777391799535,-0.002538397603201904,-0.013437875553266795,0.010692124297469975,0.006384719143841342,-0.0031195856683745864,0.0005888100046579379,-0.010379330672262127,0.0049539602892610946,-0.008914756723103899,0.0022707725525887147,-0.010433623846571328,0.010897363412354612,-0.0067143714747473215,-0.011511909609923196,0.0035310425910304493,0.002236053402452811,0.0036678484815310646,-0.0026838195188495662,0.010821928787238417,-0.004568238434361717,0.0023791914776765647,-0.001652215298605691,0.006985725307629141,0.0026842686157017535,0.004093602478937893,0.0038986753939305886,-0.004264822791599035,-0.0022946319018156643,-0.012656448273018157,-0.0070064979333256385,-0.0006450618346137708,-0.009153005604372978,-0.01564492936422124,0.0010991354773663223,-0.018033663291557072,0.012286119707485787,0.004917438765112778,-0.0015462542605323875,-0.00019151943076582125,-0.004250917728108663,0.00847050370499401,0.011592787111893245,0.007388575710219666,0.015738002287648118,0.01720310548076625,-0.007771099657429578,0.025526526276175677,-0.001894733391228256,0.022509791156506313,0.011324304119211,0.01838374663350891,-0.02436716066930766,-0.0874339697399356,-0.05335627866944209,0.12699869887743506,-0.04436504476714722,0.03569662887231739,0.07001840442906669,0.012300364480543814,0.06283362100261165,0.005437499791946656,-0.024209665682264975,-0.009564061700257896,1.0,-0.03172443834664516,-0.02715852351032269,-0.02152406221729018,-0.00034259506010967316,0.0023648028151936526,-0.0031727240489207577,-0.007098021468492502,-0.0156742173342053,-0.01075438807414771,-0.006668743876386674,-0.013238499132769817,-0.028407263296008237,0.003443726363388705,0.003434114893969514,0.03731658787067376,0.014991039647451533,0.015481694138854574,0.009005067133660562,0.009024930383569446,-0.01472365164789382,1.8137140984969277e-05,0.0014361913186506077,0.001560330658282921,0.007702309824912628,-0.0035665774612216794,0.009355086952652409,0.007528411276710604,0.0018775639264142696,0.0004256313306354177,-0.0015202147544781878,-0.01440297765843189,-0.0014257758150884722,-0.0027212211947177842,0.005752071521175254,0.0028857632052513445,0.0029635133911486214,0.00999101730633887,-5.498488844050513e-05,0.010848842349497949,0.008944685317754074,0.013624611120062923,0.014487694364573374,-0.00866460269519947,-0.001662223601270673,0.0015141256368562844,0.011755753122586978,0.008233332301041929,0.0071191379219293395,0.004159725087078011,-0.0010085674450300113,-0.00683827648200969,-0.003970457895182143,-0.03195480017648226
chroma_01_mean,-0.00041540309920380615,0.012853757873933256,0.012853698079357425,0.08780838767680998,-0.08356699208449113,-0.08734109164850734,-0.011841931687598835,0.07731268656163703,-0.015595796244970242,-0.06436059699587039,-0.013125971725506112,0.012853761795993094,-0.08734109164850734,-0.0830630465608026,-0.5043481247914546,-0.3916583039802204,0.10451936498918797,-0.21762880108573227,0.012853698079357425,-0.374604580100873,0.2426148777490045,-0.06850398115558448,-0.006203046507368383,-0.013125971774202954,-0.46665200197524737,-0.34281069675443815,-0.3653009893792805,-0.027391655563895657,-0.4314897032206006,-0.14815732415316762,-0.4067636919172553,0.10920269978364994,-0.192995775202423,-0.16074363561765445,0.24914427531546882,0.07409854631389892,-0.24784233885979481,-0.32557039462846976,0.18177907916170702,0.05931172701187005,0.29898051174756723,0.07174945328232077,-0.06571342083184571,-0.27713545740308965,-0.3019198862562277,-0.33121698582228576,-0.21035362406276617,0.43253227316724374,0.2155792941867817,0.36922343080203335,0.09534144930826939,0.09459198673660062,0.29089258109352184,0.31962247092400353,0.06783158872416896,-0.031195878793957566,-0.08018626640531012,-0.029750191820615775,0.17208467092309349,0.01438759271374161,-0.18723591951686777,-0.10982664851775197,-0.15727729887814115,-0.14474238934338332,-0.12930496117460644,-0.16560298536350565,-0.18141921935235933,-0.19899273333822126,-0.19674291247443368,-0.1718570173428332,-0.14132232478149476,-0.16592116717788008,0.027254140155173065,0.005095681923321261,0.0051547814788255614,0.017793320124218987,0.003255175231786798,0.008444582668631316,-0.017843686966123012,-0.003621913805916534,0.0013202234146664454,0.02321721903283498,0.02184953025195497,-0.018002338955386544,-0.03172443834664516,1.0,0.8855218217109662,0.618504302198704,0.3949851837629658,0.1177935260895472,-0.02198615244765572,-0.06449273240828553,0.17044152740366525,0.5169391721376113,0.6198263899631016,0.706098091364647,0.864379014824896,-0.3597013223029978,-0.39591856410941667,-0.3961425165913168,-0.2752098005414503,-0.1798987534842386,-0.07008138459037248,-0.06572943965560225,-0.17758574849874034,-0.21055862684031554,-0.23253379413149974,-0.268502741893393,-0.3055674015513026,0.1058046298704134,0.17579436234060763,-0.004239487209823792,-0.20823052586377946,-0.29159413922857835,-0.3079140653315658,0.2500402662676887,0.319276712360411,0.030302994794791867,-0.2599704171995454,-0.35150263626103057,-0.3794607505833649,0.21356567599580678,0.13111985506486676,0.023107019433351902,-0.06859893503539652,-0.18328119679497995,-0.22073724354427782,0.3167336919254511,0.3600339427210316,0.04005009188970532,-0.3325367862769084,-0.481979540608378,-0.5038659511508623,0.09886553390933321,0.057525988361453374,-0.07483809243539989,-0.06549703456549791,0.16929119547640328
chroma_02_mean,-0.0012684537132721051,0.010719415159541345,0.010719488809040407,-0.0064514657487322775,0.008906848267190775,0.007979070045760369,-0.048036608772575984,0.014863484506660089,0.018263620780672833,-0.006789242730811909,-0.01950290148020913,0.010719416769023132,0.007979070045760369,0.010301728059848959,-0.38179360060384676,-0.2764035386836394,-0.00020027135752825035,-0.17123484825265411,0.010719488809040407,-0.2409255585783907,0.21173383851984673,-0.12832197297318504,-0.005002429036607176,-0.01950290154300304,-0.3246564763535293,-0.2267981596832845,-0.19984793622122718,-0.056665536186910094,-0.27676654763820446,-0.08648621551750858,-0.24853316510552217,0.04283264254072614,-0.12754546674443035,-0.09694252449100875,0.1293581350462029,0.01505826483213943,-0.12692641482643882,-0.2533128167691719,0.09572769313169363,-0.007357118970685805,0.2099133786685584,0.016998785750918524,-0.013172213487012495,-0.17066981536414008,-0.18723117793953267,-0.2688002404421984,-0.09106291543749123,0.26800171107958537,0.16378447096322074,0.31533289185083213,0.014961799087894044,0.12714121468774203,0.2972426699755008,0.22243309506786488,0.02865132124949205,-0.0906494833880094,-0.16063402059602613,0.038874206211495545,0.26747049458388206,0.04043215158944776,-0.17881159463887428,-0.14673315625111424,-0.12531834881999063,-0.1335224658989988,-0.13250117881109807,-0.16619067808437632,-0.17836238361919454,-0.21786984580788332,-0.20501108668463885,-0.19624166329404533,-0.18459211034766784,-0.21501330478915714,0.03659666995088703,-0.010355996920574314,-0.00041808820934855563,-0.00011534136358858985,0.00041200573657413584,0.01647041503187837,-0.00916820066989235,0.005488945970632235,0.00026485386184509047,0.02826859410662441,0.009155322881715638,-0.01784824740602973,-0.02715852351032269,0.8855218217109662,1.0,0.8394912242318108,0.6195698623066626,0.3093600484123758,0.09281278027628856,-0.025553040975115897,0.08136197815839304,0.3410867013307126,0.4260783807522823,0.4918399584298027,0.6514800060033341,-0.356312942166367,-0.4128932887246256,-0.44658129402315505,-0.3561855916041201,-0.25133868095837364,-0.13261391655618573,-0.0814233433696881,-0.15530395753033305,-0.21599976424034037,-0.22499091379750522,-0.23796749418763377,-0.2814540089403746,0.07190474051852518,0.10397431760374334,-0.03617975213833474,-0.11654082667990912,-0.18338699499393923,-0.21907871183533142,0.17601114891832295,0.21057937680479924,0.01571616232323416,-0.1435411731246823,-0.2120172781851785,-0.24509864792311176,0.16248080307073365,0.11448499445289627,-0.042865995361685616,-0.15701880378414104,-0.2613985080599899,-0.29451841217157326,0.22651078822121473,0.25718631959358995,-0.0016446428744182758,-0.2576624443346108,-0.3621288810444142,-0.3908251275252838,0.02228118800422278,0.02707705414130411,-0.011868315583929045,-0.013443057546595652,0.1548768115398229
chroma_03_mean,0.006027285696688968,0.0044391737076628374,0.004439437852736633,-0.16087123873945666,0.1682293097295717,0.1685550132175835,-0.08165587909527766,-0.08374701191371099,0.08503970456799004,0.09054283535442328,-0.009446943301628152,0.004439170888607255,0.1685550132175835,0.17026245471281432,-0.1398917155425371,-0.07147379353935589,-0.18073607363230854,-0.05582364945357251,0.004439437852736633,-0.019040082837714377,0.1106536046266574,-0.24729234444079892,0.01700674353131546,-0.009446943357803522,-0.06141139725856708,-0.01547193798646424,0.07314019247335034,-0.1125627831674365,-0.0036605159216232205,0.0273833482256323,0.029343821145035136,-0.06812992695839858,-0.02450838680741806,0.0037088597126723293,-0.11015515057792268,-0.10535731649174826,0.09667555408980796,-0.13942469580839423,-0.08880712944194985,-0.12080968548584342,0.021848417264146446,-0.005706125224727283,0.10460225557710957,0.01882679768873652,-0.025986925798344995,-0.16705658837321796,0.13072216699431352,0.0009022480038190431,0.01165611612007044,0.1607601917488238,-0.13186034673043082,0.07639769108276707,0.1816648028671838,0.09148859856737757,-0.08356972187910802,-0.24582435727336163,-0.20603151670786413,0.07226080253048285,0.21517021949849485,0.07108727977658366,-0.14186223037656606,-0.1620919968814641,-0.08698683992656188,-0.12043104914745412,-0.14186516723985,-0.1586175850051369,-0.17593977245378914,-0.22862293115674415,-0.2263562205887567,-0.22330188540267898,-0.22694099995241498,-0.24080680600191764,0.0717307110091487,-0.05175385932602987,-0.044863940099396246,-0.034601957294609034,-0.018190580261164865,0.011714509145139863,-0.01919074276665175,0.010195868945281975,-0.01450580440196248,0.014014982232978535,-0.008111552801056545,-0.009661514332373191,-0.02152406221729018,0.618504302198704,0.8394912242318108,1.0,0.8606197947239603,0.5194375155390861,0.24017998118146686,0.010883021557896676,-0.004265975226389225,0.09507924410751262,0.14541984802358196,0.21119937435614125,0.3865259495866806,-0.279468108860274,-0.36351734859925516,-0.4492938683392254,-0.4381914562231608,-0.3011284984317751,-0.20973367492128508,-0.08831510863157138,-0.1108173422966573,-0.18833394210343876,-0.14484761574751212,-0.12546334319325303,-0.21108696305619715,0.006481097537636478,-0.0020669048188622675,-0.028915823379628156,0.0468456041348273,-0.024193832070830062,-0.08755272454360338,0.017173985423775674,0.032916342960079434,0.057677659802516906,0.07164240956599655,0.0078334949037107,-0.03638003250764635,0.05493989745060823,0.06742545215575739,-0.13461031546788757,-0.2652615003495191,-0.3430316464548593,-0.36390589266096107,0.026196901752597413,0.0765316295047838,0.004361783099064746,-0.0772548958733975,-0.14654464876643483,-0.19174928433401084,-0.1030250907652472,-0.042382439006909946,0.08919956052178794,0.0695041420727352,0.11722975779150677
chroma_04_mean,0.009733384090932554,0.007299825218455863,0.007300241158456001,-0.24888955764962623,0.260786274117689,0.26106685624988235,-0.10877062296910102,-0.1289552519793204,0.13469790825229286,0.14744437771494928,-0.02064099633057959,0.00729981960613019,0.26106685624988235,0.26213991918937535,0.006610621472265757,0.05836529385113378,-0.27801103977269964,0.02140747000811066,0.007300241158456001,0.12397910159240477,0.058322879310900015,-0.3252626394837401,0.029720119430445398,-0.020640996396916973,0.10076166844840546,0.1053886168382143,0.2486688265177405,-0.1574393965510198,0.16789397319522636,0.08520507840283367,0.205361100119974,-0.15494596016586584,0.036358711462806,0.05930800344225705,-0.25005260819693154,-0.18899915543014442,0.23272838732131862,-0.07047828279513324,-0.19800631983814793,-0.18637883741617134,-0.08715493947342667,-0.03810688222375148,0.1626439155539638,0.14423632565100486,0.07259638900171488,-0.08754834249211343,0.2738375515127429,-0.17418602841046835,-0.05944522853933153,0.05772072646767153,-0.16978511826561785,0.08907517388229738,0.08403049262439068,0.056964450907227356,-0.17502114522467815,-0.31492287417338594,-0.10360295285849222,0.056124863830122745,0.21024502638949802,0.0800346236220258,-0.1412346982682732,-0.17840412545086629,-0.06601478041201556,-0.13737239479801075,-0.1377262901739167,-0.1466680394387105,-0.18759985538209584,-0.25479353575131,-0.24990624049074975,-0.25044695412129775,-0.2681464712544858,-0.2765938856786284,0.07461281164894695,-0.07325265146603815,-0.07941077914193803,-0.03430125422225794,-0.03916517365674328,0.012092777316492966,-0.014370006609458348,0.018021983062131323,-0.028647362015986076,-0.005915485440920357,-0.006878866435794237,-0.009868046609149616,-0.00034259506010967316,0.3949851837629658,0.6195698623066626,0.8606197947239603,1.0,0.7930288413604974,0.4630193551484925,0.12479390912993653,-0.04044695519990441,-0.06474228379675778,-0.025520706002432423,0.021421577840193873,0.17240537756988392,-0.2394247821626756,-0.33756249163345736,-0.4347475851288172,-0.4766698926600967,-0.410658773993394,-0.3305109182567864,-0.1693075160052229,-0.12784356142352096,-0.19026770038024918,-0.13184852184696627,-0.08859195674152706,-0.16844272524652643,-0.0378274643833301,-0.0755911220906826,-0.0530443971777635,0.14296089966175876,0.07942658720515931,0.005798674527285851,-0.07952422842403377,-0.07294523501777908,0.06386227394042429,0.20359134458397332,0.1508006249625789,0.10645720464212301,0.004625855848249728,0.050366840641447634,-0.17436607974282017,-0.32173613629332076,-0.3891299044985696,-0.4047587245471514,-0.08680713137358254,-0.02755439571716332,-0.0099807524694641,0.03026095957388283,-0.004702003368338646,-0.05287942079153961,-0.16858619875714778,-0.09514180100465439,0.1440227173221092,0.11545945150952698,0.13320126878388888
chroma_05_mean,0.005734109685082624,0.0015608383589499936,0.001561410152644656,-0.33401734119055043,0.3560634011329816,0.35379189488494295,-0.10152476941908306,-0.18185495387586237,0.19061679728322112,0.21283511222732293,-0.03922818285151058,0.0015608303615863492,0.35379189488494295,0.3542565246773683,0.1711684966884939,0.19976811304294212,-0.37137403205836095,0.11778720272264706,0.001561410152644656,0.27547074318067005,-0.02987202286109982,-0.34923808881233603,0.07481062523237872,-0.03922818287334162,0.2757010151106763,0.2220650520046756,0.42497577215392696,-0.1979590099245227,0.3498704259891112,0.12512116493736591,0.3868916006935561,-0.2524599746238076,0.11538683042354902,0.13112020596801033,-0.3944901729517418,-0.26743280592411695,0.3720104692211876,0.00606747172945249,-0.3152010326948905,-0.25997079710574644,-0.22052154257706488,-0.03336924391485068,0.21145538219608187,0.27406623886258846,0.16165174822521286,0.010505591070200297,0.4090569328916853,-0.33957617555104647,-0.16749923929558244,-0.08878766228319047,-0.16714138815280766,0.026912930207731795,-0.061842113143832436,-0.0584696870088074,-0.31457808802607684,-0.2841106890229816,-0.04333629700161498,0.01360625458086873,0.09794058012732286,0.08463736187320879,-0.11561814128586338,-0.17696652994176465,-0.06127432864581736,-0.1477933111714483,-0.13708410863023995,-0.15256413973481914,-0.1925292415258038,-0.2481374123198335,-0.26852815868730334,-0.2686331216331183,-0.28890825229855444,-0.29824253523021604,0.0746930284894616,-0.06863516311898454,-0.09686408293146398,-0.043322739115020215,-0.04763781098237252,0.001820691289821798,-0.015075238216257413,0.009203817566897157,-0.03822407943570014,-0.005126360033936394,-0.00915653291428115,-0.009598487973820156,0.0023648028151936526,0.1177935260895472,0.3093600484123758,0.5194375155390861,0.7930288413604974,1.0,0.7485780998025718,0.3039542686946242,-0.048472927517021216,-0.23525465205035057,-0.19123601878453247,-0.1504828561562464,-0.0677418561958595,-0.195202576280295,-0.29519747233268173,-0.35595198885039053,-0.4789361494359313,-0.5421696493069124,-0.5000784416718033,-0.31071668021395965,-0.16929097416261377,-0.18627089098616847,-0.15277651778214915,-0.09363146478636314,-0.13202947169154794,-0.09406636824160793,-0.17027723248836463,-0.05696696961740314,0.2453756654561508,0.18205110839463745,0.10532465201743188,-0.1881123000243653,-0.1863965943313722,0.08950786099300327,0.34545315942952265,0.2954523136709746,0.2549799866455117,-0.054233318614329194,0.005653758754138064,-0.1968778887648831,-0.3490530960285474,-0.3982361210588098,-0.41079774695564486,-0.21872174293160793,-0.15578180795803012,-0.006480385192815468,0.16744359758583366,0.1548182415634716,0.10539676299443639,-0.2400708104680666,-0.1464292300652158,0.19791377960562473,0.16267998425848773,0.12826708097633815
chroma_06_mean,0.005073240461716807,0.001154429833498865,0.0011548846389032987,-0.26320881478504454,0.2864170156737309,0.28208552128247966,-0.09154288737829878,-0.19096913129739698,0.1618705696982494,0.16819509465281243,-0.06611250559388433,0.0011544243360794328,0.28208552128247966,0.28566891663286764,0.05605718337963789,0.11164740330555688,-0.3116287041103183,0.011945684733580474,0.0011548846389032987,0.14420259561923646,0.035171232673538125,-0.23988597620764335,0.10729748205697615,-0.06611250561161772,0.14628426017563315,0.18415354152877222,0.3177877308919992,-0.05232298772162477,0.21805335079634316,0.18330777380987154,0.2740090083317843,-0.09854867798044116,0.09186026070478172,0.10883566223649593,-0.23514756814572793,-0.13137090355760528,0.23269207334675918,-0.06898532739209715,-0.21097556732088296,-0.2117134706015698,-0.08692626986321904,-0.011235130733888972,0.08096213980682694,0.14009992168423113,0.042859083297120924,0.0010454718140978814,0.24878919358909268,-0.23040918402442065,0.0014866879313046942,-0.03005186998947331,0.03724247773522109,0.07069854356104999,-0.06870368569773434,-0.09075487534850246,-0.2452701547043188,-0.03581762307270963,-0.002634684657136255,0.07259432230837681,-0.06841400645575148,0.07909808137746346,-0.03497879915704632,-0.11497860867969009,-0.08303118742214718,-0.1515137556162922,-0.14936382692904737,-0.18566449657861692,-0.19217762330677982,-0.23116991796258846,-0.2652560816701485,-0.26231620278929774,-0.2717643704174893,-0.2775924618812776,0.048956768786918445,-0.06194582845272245,-0.08136932345555042,-0.03889780242722182,-0.053151083804997355,-0.004431014769815077,-0.02583344918934985,-0.009511682768198295,-0.03855760017051909,-0.005364911140955173,-0.016451134966462548,0.00358072387146632,-0.0031727240489207577,-0.02198615244765572,0.09281278027628856,0.24017998118146686,0.4630193551484925,0.7485780998025718,1.0,0.6430255824932024,0.15013121697055257,-0.13144448385107665,-0.11657011519944487,-0.12217331412458764,-0.11416625148541729,-0.17246629644621048,-0.21458817713017903,-0.27425353843054995,-0.4040911779012848,-0.54844508330192,-0.6745019207823172,-0.5233128549001773,-0.2998354523964615,-0.17466216321295802,-0.16118845860610131,-0.12034427015977824,-0.13859657133182204,-0.05208449022069018,-0.11222280087553965,-0.07648773056203081,0.12630069011276238,0.08160763840218191,0.048922747982693325,-0.08417786532567441,-0.055054872176081224,0.05310287513272318,0.18984500062980114,0.1637777728965435,0.1540662046256712,-0.04804749020105257,-0.04538066177189468,-0.20355807648058738,-0.32775479686240394,-0.3541675098086379,-0.34603310190696557,-0.12004709213351815,-0.07217613245056556,-0.06115541779757144,0.0031854429427432274,0.027000737843454952,0.0209460561412701,-0.22543297630053713,-0.039017098409050266,0.15665685468833418,0.1232127058068521,0.0995563584852502
chroma_07_mean,0.0137670949403196,-0.011260213138838363,-0.011259892103238783,-0.1875449495494895,0.20639680455553858,0.20230215024750445,-0.05824808652227536,-0.18407891809013469,0.1192943200054148,0.11079824614632948,-0.03672642784219021,-0.011260215496033142,0.20230215024750445,0.20694951386599666,-0.07018403746025727,0.017203211124353555,-0.24211271955956432,-0.12768319372396972,-0.011259892103238783,0.008366935281894833,0.0722066768374838,-0.13163481101001392,0.043598464245750215,-0.036726427801361886,-0.0021094021018251835,0.1031697005353354,0.1576522908809796,0.1240932432402916,0.054742242271000656,0.20529157396299727,0.11350567575080546,0.09629342907900562,0.014773077818792215,0.04961307033947855,-0.04231416078421432,0.007339694072853558,0.06559830959229428,-0.12406058347033945,-0.05965253269218149,-0.15483620970399942,0.04198111835548282,-0.005044308936510208,-0.03915785410246419,0.005498568754392326,-0.0735315242109796,0.0021531568620598725,0.04311121420207028,-0.08888337996455559,0.16464130157846427,0.03497600951742314,0.21678717021369706,0.07399609323363808,-0.04473487437844265,-0.11792656729915639,0.013393764392404327,0.22469167709492113,0.06298859871277297,-0.05130285229394273,-0.08048821442538033,0.0781358586982792,0.06913762667995388,-0.054504671140345344,-0.10120547959969524,-0.15380309375825782,-0.1556562239631428,-0.17898529177421188,-0.19713813771665853,-0.210594552965282,-0.21171506586953512,-0.21838115023109317,-0.2310282737233755,-0.2299285820660455,0.03722798248117712,-0.04859204181525904,-0.05874166191511873,-0.040738144771660614,-0.0512632455898038,-0.01696853886700568,-0.03662618251029657,-0.0094955189808644,-0.017471922648273384,-0.023660795633913947,-0.011936173526967927,-0.006887407678560467,-0.007098021468492502,-0.06449273240828553,-0.025553040975115897,0.010883021557896676,0.12479390912993653,0.3039542686946242,0.6430255824932024,1.0,0.5338349010611343,0.044901881009901015,-0.00834677344950494,-0.057221295550401945,-0.08836513201809965,-0.1260283245286652,-0.12530444727751736,-0.15962894669186836,-0.2601916235773017,-0.3995445725518051,-0.5810143640288958,-0.6576695927121146,-0.45301476151569847,-0.12094692326991106,-0.13254693484095711,-0.1231301122158425,-0.09503144192175247,0.012319463401239735,-0.02986828021904265,-0.04687971270570726,0.019238934533401645,-0.007238854635988543,0.005142945255616176,0.04145587746256443,0.041474857053608656,-0.0012722635135081666,0.01589954208639269,0.024662733490052238,0.04740566984950938,-0.038269922075878704,-0.1013651339150682,-0.2255734699933072,-0.3130786124920575,-0.2991663425942852,-0.2651387702924703,0.015354305954684564,-0.00831355465002146,-0.14140174101881142,-0.17806051592208383,-0.10039072652591853,-0.055116446471671715,-0.1888636205670925,0.06609974165661393,0.10385271945108644,0.07411472639194142,0.050585663374404226
chroma_08_mean,0.010288491851463615,-0.000530039279161185,-0.000530154695740456,0.05382277513802632,-0.05647383441739452,-0.05650037745657244,0.0025981118577209123,0.03795082800531677,-0.019181924094045368,-0.04575940950991489,-0.018229837454208007,-0.0005300359700881311,-0.05650037745657244,-0.05166758124558971,-0.3545094562041743,-0.2948273260325635,0.06844534307460053,-0.1916282708551875,-0.000530154695740456,-0.30803940493016774,0.1766018309047612,0.02498911056949992,-0.018126665492933014,-0.018229837452759003,-0.32975559329472204,-0.2152652536338557,-0.24350412303756921,0.1420074736704011,-0.30983889881005106,0.018906685379680294,-0.26811822137643143,0.22134514062642882,-0.11557844529507234,-0.08588568554890251,0.23700314401440703,0.12064153458858698,-0.2459711981398856,-0.26138870714293994,0.20562806622206872,0.03617841814038611,0.28850969807600974,0.034275158116398696,-0.14515209024933834,-0.22494366243872105,-0.3310223901369494,-0.15866444553015593,-0.22570174518533784,0.2863947721087981,0.29277356702661883,0.17076390986714562,0.3399985941130263,0.11314307606253247,0.009355527655070703,0.05306353795922384,0.35418174612822545,0.2745028849096481,-0.003359620127813243,-0.08474156936295313,0.1646293703056435,-0.01108059089934052,-0.050773553336968064,-0.03675952197767731,-0.20294466641470135,-0.21551490320751662,-0.21862472867285251,-0.16318999641981966,-0.2037148328100467,-0.1891270572086293,-0.19068031660350535,-0.18053745919928063,-0.14333771110959115,-0.12367537579878533,-0.016226661279409152,-0.016148573460198077,0.014948868320577215,0.009373987414087627,-0.020846184158308932,-0.01736161603288085,-0.04010706719159095,-0.0046442440739442965,-0.003316616938061169,-0.0159681069164001,0.008423075900450687,-0.004906257529721758,-0.0156742173342053,0.17044152740366525,0.08136197815839304,-0.004265975226389225,-0.04044695519990441,-0.048472927517021216,0.15013121697055257,0.5338349010611343,1.0,0.6029244746403096,0.42432454256400837,0.32515983946240495,0.25626039526802336,-0.2724996874645542,-0.21498622415339094,-0.22196166946112436,-0.2050300897981697,-0.23680132057405953,-0.3075929226630788,-0.45560956721850693,-0.5204802887044307,-0.24527201428975964,-0.19361938144862623,-0.238187962632397,-0.2638835210617994,0.08245571822017166,0.15835635490010241,-0.014253238982640375,-0.18872638868787664,-0.2512570836033074,-0.2000387260808915,0.21610584532345983,0.2937593402169435,-0.02111902084728166,-0.2620126691270092,-0.3005248906300248,-0.26931166698932374,0.09132093474913654,0.01357359001404658,-0.009347845192660029,-0.06831105664690805,-0.07973162487944038,-0.06297620435593065,0.2432878679069559,0.27016318861032795,-0.04388014105683043,-0.3251698793950241,-0.35545869757984144,-0.29459493989389657,0.0564537338400191,0.06784972691787886,-0.06917874868642597,-0.06240819652853373,0.08367091698713253
chroma_09_mean,0.00225417864690436,0.01048217594107826,0.010481523641028374,0.3840733362296711,-0.41325418868487107,-0.40897383821310906,0.0627588500624133,0.23345302018778064,-0.19190383725827892,-0.2588232589751731,-0.008347235188152268,0.010482187001885026,-0.40897383821310906,-0.40372723782436576,-0.765550892461616,-0.6832706326408712,0.44697609910942626,-0.33415189804906364,0.010481523641028374,-0.734368153045924,0.3175405749108333,0.20551099328501843,-0.052156981318511236,-0.008347235226856773,-0.8008058553392758,-0.6334647264714002,-0.7648989104675702,0.11644003831737468,-0.8050449057103509,-0.2595017339364308,-0.786123837003964,0.3422340007546764,-0.310428414961988,-0.3023381934859767,0.5996156423019232,0.25748181412567556,-0.6345458156176677,-0.4712281621236882,0.5029110629311083,0.297950838464936,0.5973566126940886,0.14523797399856733,-0.31777040053896644,-0.5627481489905415,-0.5970658122258083,-0.44776708994829945,-0.5624312897882956,0.8124576824179707,0.4439081958633344,0.36747972531016215,0.3570784345598016,0.24607150899544009,0.1426694774083349,0.2853065085857237,0.40327569506990285,0.24935065330849457,0.061830291638713314,0.15665188224491233,0.24376816169200394,-0.13454917553778523,-0.16806144808370885,-0.03329495624592128,-0.2699275974770078,-0.2303510231782141,-0.19791235961656253,-0.12860804072381288,-0.13713237342038823,-0.1123322635627733,-0.10978775729269521,-0.07758266550569617,-0.03479302864865528,-0.009403972603639482,-0.08743744374469495,0.048817662552788015,0.1042035654833612,0.07587750616568803,0.013362275039753183,0.018261422097725796,-0.011116821445200613,0.013917256390359367,0.0015486859482791975,0.003581625769673002,0.030459239277861684,0.0027504927654063557,-0.01075438807414771,0.5169391721376113,0.3410867013307126,0.09507924410751262,-0.06474228379675778,-0.23525465205035057,-0.13144448385107665,0.044901881009901015,0.6029244746403096,1.0,0.902483824075578,0.7633485191647534,0.6680198169609443,-0.3789371232870988,-0.27986923571274763,-0.25166139334024895,-0.13824781503963976,-0.1240382969721533,-0.07638725716526733,-0.18916872818893785,-0.3468736176681319,-0.21425428376884748,-0.27227917047686856,-0.3730738050236119,-0.3772487716187733,0.1850359659507056,0.4028381610200468,0.03030421096693464,-0.49647042824772813,-0.5689608913121629,-0.5093116203547234,0.44638927784349686,0.6356335025867683,0.0035430367327554143,-0.621936142260081,-0.7307766706431638,-0.7195121351957235,0.2894971754549668,0.14353239164893838,0.2330518231138621,0.26131360393948605,0.18958240063087586,0.17348355275507502,0.5372499920700513,0.6182344218118216,0.09708894629590334,-0.5320890152269824,-0.7462868985254489,-0.7214521165396665,0.30910503338119033,0.1837643636885163,-0.2770167713890033,-0.23825637928862653,0.1313097701080134
chroma_10_mean,-0.004502403730527983,0.01060247106245357,0.010601934230030282,0.3577997996672361,-0.3766434665235879,-0.37628854108202603,0.05488921379387481,0.19707524631476717,-0.15906068603249737,-0.2388743886824218,-0.055119680399264945,0.01060248121344713,-0.37628854108202603,-0.3720942220320666,-0.7541994717478316,-0.6442283481389101,0.4062436548289743,-0.3538148863119512,0.010601934230030282,-0.6966692819210863,0.3196179140696725,0.17756850098327517,-0.008774341794175964,-0.055119680436097766,-0.7779810202758158,-0.601786776048346,-0.728483484979028,0.10747597286919103,-0.7741653518517766,-0.24793939404389692,-0.7551471333299835,0.3058090372386417,-0.27848400390499367,-0.28258384141668813,0.5739952304534135,0.24555127256658585,-0.5875263203837563,-0.46631813763163465,0.4532381565996225,0.27463198809750783,0.5628626667020671,0.14031626629404323,-0.2855978284213297,-0.5345150293753372,-0.5594825774565299,-0.4445230718615452,-0.5289431771242766,0.7804850369354152,0.4012602472416071,0.41957512295558674,0.3495847460383569,0.2095664009970611,0.17460166801456684,0.36762630802149154,0.3649733352227627,0.13387752673364112,0.0671139045067357,0.21645728068619788,0.11555706188539984,-0.091597631775602,-0.1589041796154338,-0.035455449113245406,-0.24319240747799634,-0.18039742838636078,-0.17182802692483604,-0.11774464422037376,-0.12737884178497372,-0.10537466903986233,-0.1212039712750895,-0.09627010856574401,-0.02568699072063251,-0.040823008845342346,-0.0665273083796188,0.04288915081261723,0.09053154508264864,0.07800102431828387,0.01959946168736606,0.03274456051015119,-0.014749767940438658,0.010398584509588837,0.005687546692258178,0.007560842068653928,0.03919542998927605,0.0070199513417986276,-0.006668743876386674,0.6198263899631016,0.4260783807522823,0.14541984802358196,-0.025520706002432423,-0.19123601878453247,-0.11657011519944487,-0.00834677344950494,0.42432454256400837,0.902483824075578,1.0,0.909421089704078,0.7729480189233653,-0.3819986628343842,-0.2948595401138462,-0.25519655252010726,-0.138728877719588,-0.12770445988339055,-0.05380600795603339,-0.13836557816074407,-0.2638968487503406,-0.16732377678078134,-0.2491857426883698,-0.3721548702186723,-0.369459295872345,0.1656272664587396,0.34681983704825076,-0.014783099127770006,-0.4830314409299191,-0.5459052643147013,-0.4962780836121335,0.42337989041535784,0.603678228162618,0.00379557082347954,-0.5823133746540227,-0.6879794034930141,-0.6853088254505373,0.30819264695415366,0.14836201256605402,0.19933289794647627,0.211930751970224,0.1248258251718845,0.09352937385720456,0.518916212687947,0.5939345779991607,0.07606569761307502,-0.5287508825319733,-0.7323332766661487,-0.7186420659089938,0.27439446424114206,0.19199156581747034,-0.2577461731489785,-0.22285751394600772,0.1525705751659755
chroma_11_mean,-0.004385103907452945,0.007452925186827958,0.00745254681971786,0.27284936153564743,-0.28162481453816585,-0.2837905361812193,0.05192054429810127,0.12698154432857653,-0.1107757007182428,-0.18430064475137972,-0.04831715710278319,0.007452933533731285,-0.2837905361812193,-0.27958267052762004,-0.6633355059872648,-0.5447547634338932,0.29539517481518696,-0.32463186970801317,0.00745254681971786,-0.5971750113346825,0.2766971944421935,0.10881747115166138,0.0035823306939024085,-0.04831715713007257,-0.6733040401511856,-0.5073972325603909,-0.6067760514170647,0.08664736026452785,-0.6577227542795505,-0.19292567914563294,-0.6370909212617603,0.25339584577529134,-0.24689714218586808,-0.2433788866590206,0.4577956249396638,0.17528134014970093,-0.47364593893386886,-0.42286056353804785,0.34891506621676177,0.2062833348349885,0.4618441154380003,0.15323199593977668,-0.19785423115688952,-0.4549419143868416,-0.49025623254769574,-0.41223925798528316,-0.42525696609801367,0.6752640928249588,0.3212001487157657,0.4008867097377976,0.260393741244281,0.08780147133840717,0.16759748351343234,0.41079884801007566,0.27172658173870257,0.03138835567658737,0.08118885769559782,0.16591998852937923,-0.036620209734619644,-0.05984173356471148,-0.13373176794253427,-0.0516136041061167,-0.23079866845457359,-0.16058788846085348,-0.16476938720463688,-0.14516126136468696,-0.1497307952237095,-0.12425034787810126,-0.15641039675393995,-0.125905127931402,-0.047766855879085676,-0.073549704542043,-0.038736219654974764,0.021959888837424286,0.06340630519722863,0.06660819193732766,0.013518860528574768,0.023653251704207817,-0.015501038192444869,0.008717841755329485,0.008908666584283386,0.008170058266455886,0.04018291241808051,0.0005130483932149688,-0.013238499132769817,0.706098091364647,0.4918399584298027,0.21119937435614125,0.021421577840193873,-0.1504828561562464,-0.12217331412458764,-0.057221295550401945,0.32515983946240495,0.7633485191647534,0.909421089704078,1.0,0.887831353108214,-0.37652539762818305,-0.32224172224956893,-0.2773994162141798,-0.15969958527644468,-0.12520670904869122,-0.038802505625333196,-0.10744270795084637,-0.21298865367115138,-0.1225838236883149,-0.22565312169061408,-0.3327753146564214,-0.34999027406896993,0.13626308589952865,0.28775313398258967,0.0051445507631618665,-0.399043530694241,-0.4749044739880619,-0.44512047477767186,0.34901320052313956,0.5142626549653665,0.04766346450952,-0.4742242533144879,-0.5893348084582989,-0.5977868098696572,0.27623338072013065,0.11923818511506544,0.12420516622649233,0.12259566181369395,0.045712241858220655,0.011095266212369448,0.430779092541278,0.5060227200063427,0.08007824472672823,-0.4628237618994371,-0.6594790740021891,-0.6597903047332275,0.19410805985304896,0.17711779203743455,-0.1993781959921146,-0.17420161066415712,0.14774999892898427
chroma_12_mean,0.003457186795956003,0.008898690997031972,0.008898424722432293,0.20724684624730438,-0.2086590156847736,-0.21259193143081836,0.03929274726555853,0.136956055702062,-0.07191482598679826,-0.14182471221525692,-0.021277601379408356,0.008898697957650081,-0.21259193143081836,-0.20763013303975475,-0.6189315619816516,-0.504334687409001,0.23225980343684832,-0.2792885192582458,0.008898424722432293,-0.5278992466035606,0.2869684310434385,0.04351209358435932,-0.01592816469781011,-0.021277601417132752,-0.6115804438754165,-0.44609368162758206,-0.5266657324821173,0.05688787521846689,-0.5890368736389828,-0.16726706680844974,-0.5648857588743456,0.21985990014121914,-0.2414239059700968,-0.22200901220605496,0.3959021270892692,0.15371724091362296,-0.41284391326809894,-0.39439568741717845,0.3154610463597606,0.15439948124174246,0.4246519135963975,0.10331875903040805,-0.1674412541621323,-0.4015329913033409,-0.426152263828391,-0.38308955469465716,-0.3640547502229387,0.5850947030528707,0.31405600199737876,0.42922034553292654,0.20705735445368553,0.09353467176579315,0.26682696319170085,0.43607970038409805,0.15648250049748536,0.013791909787701976,0.08334818862829227,0.06015878644736474,0.030080514663022848,-0.034648451737964464,-0.1636691047861537,-0.0885633347531256,-0.21340067699314808,-0.16383992595007096,-0.15267411123043179,-0.17188893976973638,-0.17455609541924033,-0.1664285227292733,-0.18849668234779146,-0.1432775623836177,-0.10298151282811549,-0.11307605365418519,-0.022530168623526227,0.009021069354093938,0.03108035814785306,0.046499851767206786,0.013639953681016535,0.013873821543098928,-0.011676100578389163,0.005630833992747633,0.0017865198877887423,0.008807172420364797,0.03825573826408096,-0.006861283806142847,-0.028407263296008237,0.864379014824896,0.6514800060033341,0.3865259495866806,0.17240537756988392,-0.0677418561958595,-0.11416625148541729,-0.08836513201809965,0.25626039526802336,0.6680198169609443,0.7729480189233653,0.887831353108214,1.0,-0.3925992828776965,-0.35526677090953757,-0.34177790988773454,-0.2079412420857518,-0.1326715012044538,-0.047048749989769864,-0.07791738233292335,-0.20605470058624628,-0.1756643578148182,-0.21595510876119284,-0.31166517204765726,-0.35109158651698064,0.14579900149364436,0.25873359637117677,-9.994616712871522e-06,-0.3346164463492537,-0.4093929992364295,-0.39386471321760846,0.34328337451270124,0.4470336195135756,0.01308983622900051,-0.41647591060581485,-0.5106099475434207,-0.5221659635254328,0.2543043859785903,0.13277050465594242,0.08844795118773814,0.04211986251278565,-0.052913093100564926,-0.0872169826065756,0.42292971447256456,0.4645406278383901,0.04315368958378616,-0.4341106217687222,-0.6010249161075237,-0.6047246097488371,0.17888331539558502,0.12388387193971742,-0.15442212624647678,-0.1342592382562444,0.14876886216929175
chroma_01_std,-0.002180614255411854,0.004610641461627541,0.004610768418622735,-0.07895709603936142,0.06916569227804722,0.07516265873270958,0.011994264992341023,-0.23397110656989015,-0.005406050105090535,0.036498284192195564,0.1282085805054614,0.004610636176810203,0.07516265873270958,0.06586220498510935,0.38412944797779036,0.4571397499579368,-0.1669740732051526,0.017282741891138983,0.004610768418622735,0.4096596117028513,-0.3016368301977918,0.03050705547995217,-0.06293721898856829,0.12820858050341108,0.350989806640571,0.4365244290977729,0.260490927245806,0.09763204193713801,0.31862387349903504,0.1955477370495012,0.2768559016173868,-0.019290809188966803,0.06706397848298348,0.09104520154637408,-0.17109147012808087,0.07131452192253329,0.27561550407600977,0.4318269088136796,-0.23669067334975666,-0.041573543698313106,-0.34704804605463024,-0.05101588508884113,0.10494057986501873,0.22167505574377075,0.42469252966750487,0.3542438550645465,0.13241533349346282,-0.2764084183762219,-0.23484122545632244,-0.24417453017787638,-0.2153282562187495,-0.22853178055293116,-0.22176533164233575,-0.20630905279856923,-0.12832564984082462,-0.08356323602696167,-0.10670048074119935,-0.13283859601604683,-0.12065445887665888,0.12146969073854849,0.35228596464524153,0.2873737971275028,0.3854270435051592,0.4012778329333436,0.4417484608456409,0.3903523261903289,0.3711981855171579,0.3139770021564086,0.3204500638029562,0.3130518782170852,0.2873209706685098,0.24048195490225124,-0.019267441816115616,0.011653461779314025,-0.010562206148570383,-0.02803070911146846,-0.007975230308387671,-0.03008708476757892,0.015608446973318889,-0.022314376454850876,-0.005896865875571358,0.02237208954013463,-0.013968831992423648,-0.002610410883609411,0.003443726363388705,-0.3597013223029978,-0.356312942166367,-0.279468108860274,-0.2394247821626756,-0.195202576280295,-0.17246629644621048,-0.1260283245286652,-0.2724996874645542,-0.3789371232870988,-0.3819986628343842,-0.37652539762818305,-0.3925992828776965,1.0,0.8236021740009972,0.6711227361082601,0.5594547229138052,0.5418493942031831,0.4750299720517701,0.45740642944471466,0.525321104248344,0.48844112681710355,0.5653978534391344,0.6742865537679786,0.8218156921437995,-0.1067745429404954,-0.15199434075751025,0.10140790139462044,0.26163403610666264,0.42725977920535585,0.42974453621545067,-0.2723355994091166,-0.35862304381284577,-0.005950262022285609,0.2514268419112016,0.3910432542636435,0.4084539309289032,-0.1965339068691109,-0.15936636340359014,-0.14255304385405662,-0.061762871474434475,-0.007463571252105244,0.015557382700413985,-0.3234734628864669,-0.37990360113385085,-0.050982852106604644,0.23322131152400233,0.35881007308473073,0.343945176403271,-0.19458383882762811,0.1374803300154276,0.09872959131338953,0.05987264644765403,-0.1977536489711841
chroma_02_std,-0.0014778025329963732,-0.0007212401366882852,-0.000721250338872144,0.010484372145521347,-0.02746270757015201,-0.020298485311411037,0.03707845409674609,-0.1730146077667626,-0.04758192360906515,-0.016885396859203657,0.11386560185008246,-0.0007212427337295385,-0.020298485311411037,-0.029094954400718194,0.277138640195776,0.36025119243149745,-0.057523776963264564,-0.03873775267224539,-0.000721250338872144,0.29469404080884304,-0.24192459578332398,0.15005986528943427,-0.06330102539232284,0.11386560185487257,0.2278907430684511,0.36263001903121106,0.12515173517096959,0.1647942926612081,0.18470833012257656,0.15987141176139438,0.13961240542676337,0.06886753803600132,0.046700381626781584,0.057357487668226,-0.013939134590490138,0.20862029698086634,0.12968135849118387,0.3824473901331415,-0.09703092489176891,0.028203672105501263,-0.20705259666268278,-0.10649248864188063,-0.012790998275539455,0.14081620243005233,0.3500352210547969,0.32386634505260264,-0.027082273750736203,-0.16410619836477064,-0.12602813419474312,-0.15405245754248129,-0.08382018679125088,-0.13140775783021177,-0.15147121235322616,-0.1295668601440659,-0.046701897250941975,0.004323327689906244,-0.032802109295513256,-0.09229763830844569,-0.1101677529593008,0.14605116361743414,0.36210539410501635,0.3233953983160459,0.35932338641005707,0.41596874672615175,0.3936775299063785,0.40333786609820776,0.36715560561332955,0.3618339837313042,0.35958652965302196,0.3626163530602742,0.2837407217328952,0.29505934351916824,-0.04184292589604613,0.017624388922989002,-0.005904926394728297,-0.005225139902345097,-0.008283472844951017,-0.008041813549090795,0.028487370422663392,-0.004111669298264276,-0.0007670995014174549,0.009633571290654949,-0.02021448854218465,0.0025880334791245872,0.003434114893969514,-0.39591856410941667,-0.4128932887246256,-0.36351734859925516,-0.33756249163345736,-0.29519747233268173,-0.21458817713017903,-0.12530444727751736,-0.21498622415339094,-0.27986923571274763,-0.2948595401138462,-0.32224172224956893,-0.35526677090953757,0.8236021740009972,1.0,0.8214312633146793,0.6558708284920601,0.593240941695382,0.4859037926628559,0.470542125258718,0.505227551271322,0.4683898908463382,0.5380638117899288,0.5695326765319254,0.6357378925495715,-0.05963641626072305,-0.08371825997432615,0.04196503668077634,0.1597903445184142,0.3467882426791274,0.37296740154356667,-0.1680884976312315,-0.25393383723152124,-0.103781455932429,0.11756554437578866,0.2826062184527067,0.31286136481727844,-0.16573865397092502,-0.1435130262710576,-0.08795365017134565,0.004430381170732856,0.04786073552674855,0.0720490092216876,-0.20560066339536595,-0.28380096340368516,-0.11596777882548762,0.12924305284409932,0.2752191111345451,0.27826952192154236,-0.11796517076117025,0.18240895986870892,0.04073950937708214,0.010868443206674515,-0.2245813527123392
chroma_03_std,0.0022413969548474855,-0.005286849728648883,-0.005286895893527709,0.040555388829375656,-0.05563654463536485,-0.049958464357367234,0.02689392219135555,-0.1437307025674521,-0.052885174634678074,-0.02955369083564758,0.1027656917813882,-0.005286851633804899,-0.049958464357367234,-0.058791104822903215,0.2805552493277351,0.3383621063547298,-0.015733704059909495,-0.010501974221987518,-0.005286895893527709,0.28326612199374357,-0.25186344567270275,0.1850790495244572,-0.041081056516949564,0.1027656918229783,0.2168630879359423,0.29495154845001853,0.09241515662255134,0.11089255085620235,0.16564622087900738,0.0749138910729599,0.11524356175704803,0.017964285115685697,0.045459682315034035,0.048245010037114934,0.007263197760726661,0.21866214789810134,0.1146132647258309,0.3881037239915082,-0.08872474779677444,0.045769619165777084,-0.20288760245696588,-0.1058581216599896,-0.015781681007690937,0.14505183229301052,0.330261749764546,0.328472050491307,-0.031967541252007424,-0.13418108651008467,-0.16516844449114781,-0.1647091223963361,-0.06895355062502517,-0.1494972835710863,-0.15668540677103918,-0.1425408170418126,-0.021130158770043997,0.028616917289498247,-0.04054821641852494,-0.12339340792471896,-0.13335281042127883,0.1473155210794482,0.2928997630769678,0.32924045951632297,0.36162242184810156,0.42896215182880193,0.3898344842829023,0.39916505775539274,0.3920754090719145,0.422206299245312,0.40853426906081164,0.3729046779924688,0.3256143724380241,0.3319107087214457,-0.034005262061751994,0.03206898046350777,0.011847331676823855,0.005117086599353007,0.009743863918300745,-0.0065881852298961,0.020377458608511378,-0.012185786500605523,0.01513018278124826,-0.022336300312190388,-0.011610692061172339,-0.009919411975812706,0.03731658787067376,-0.3961425165913168,-0.44658129402315505,-0.4492938683392254,-0.4347475851288172,-0.35595198885039053,-0.27425353843054995,-0.15962894669186836,-0.22196166946112436,-0.25166139334024895,-0.25519655252010726,-0.2773994162141798,-0.34177790988773454,0.6711227361082601,0.8214312633146793,1.0,0.8274701025246826,0.6434452332583608,0.5368087176872318,0.47354682657977065,0.5420790008043735,0.480807120607009,0.4815841069272101,0.4952072743222274,0.5798193329931098,-0.06943459542863203,-0.07927293513655927,0.033537201076233196,0.15196110265125665,0.3299907165554013,0.3643673094215334,-0.17403164734603446,-0.2426179245144229,-0.10729448294270431,0.11472222981975959,0.2649313259592873,0.2964442628327915,-0.15065707968660733,-0.1287521558330116,-0.04664324009993216,0.06457210834563856,0.10452022081978687,0.12061163329472417,-0.20537439723101936,-0.2726909067381716,-0.09150881971137707,0.15484833588282879,0.28308113245399513,0.28535959371322084,-0.08607152150712298,0.17172337522347667,0.0237889646962183,-0.0015566846717825153,-0.21081462890300762
chroma_04_std,-0.012412104858162342,-0.013387768703436491,-0.013387916180636608,0.1238157832310294,-0.139497029387349,-0.13538471186442913,0.03801944025001691,-0.03493695011225742,-0.09562063221714251,-0.08540090579491716,0.09066042876153596,-0.01338776825546776,-0.13538471186442913,-0.14280204485020961,0.16889178512227956,0.22883577499022373,0.09897428023806107,-0.029066475697098262,-0.013387916180636608,0.17852802985524796,-0.1760889333161942,0.2405113874311329,-0.07871966046864683,0.09066042884273474,0.09533895051709701,0.1824328335072328,-0.0367831113660011,0.11190887111051066,0.0358708862758686,-0.005411177846622017,-0.016687172056044326,0.050622514929681665,0.006659242877728417,0.0018916980083226516,0.11920882331872196,0.28795078521864403,-0.006708703158401721,0.34479041619180145,0.030563229128362433,0.10714301583555746,-0.09148256345080615,-0.1552835748477791,-0.07627931276354247,0.06615164399544228,0.27641601263088855,0.2743962927593004,-0.1336040318398787,-0.028186577030084946,-0.08924352252220287,-0.05812636049859526,-0.005400503268406503,-0.08498098461171145,-0.04099397792197515,-0.03022578837307862,0.07121646527881348,0.09466318271984782,0.0083493306592996,-0.07192687867857653,-0.05810642057318021,0.1377238772772397,0.20464207389977632,0.31115718608620346,0.3716170873693853,0.4044475766108238,0.4051828659973185,0.3876430076427681,0.3926347508600567,0.41588183497991327,0.42877764706061994,0.3483013801108041,0.34060121010537686,0.34930864191465905,-0.03925744833592806,0.04366594780828611,0.031320931327581514,0.0404846978087382,0.0207739750099103,-0.000826764634487526,0.03643006853819812,0.024325051519442864,0.03065047082360193,-0.025919244426025,0.019796309272252507,0.003187894625379387,0.014991039647451533,-0.2752098005414503,-0.3561855916041201,-0.4381914562231608,-0.4766698926600967,-0.4789361494359313,-0.4040911779012848,-0.2601916235773017,-0.2050300897981697,-0.13824781503963976,-0.138728877719588,-0.15969958527644468,-0.2079412420857518,0.5594547229138052,0.6558708284920601,0.8274701025246826,1.0,0.8086940178428027,0.647280506669363,0.5325691800351254,0.5517798104542978,0.44958566347744217,0.45607754559220415,0.46076368189938643,0.5144741823284552,-0.018114541933988666,-0.0338949057919641,-0.008044654628221574,0.07062789498124222,0.2529847959331682,0.28876656886522806,-0.06712144257282766,-0.17825992513919875,-0.18067739766772384,0.01381604036441479,0.16926604689029304,0.19542886163070516,-0.08404142764376327,-0.05627752402062341,0.029423455878158776,0.12414868702834934,0.14060156026082335,0.14658056535900182,-0.07049106736588512,-0.17552669762391604,-0.11584098671045905,0.08352692573180968,0.20388152957515404,0.20554552604611318,0.022792194650708118,0.16108116698602926,-0.035419304523181705,-0.047310149686812575,-0.18926577697652888
chroma_05_std,-0.017680503773858613,-0.012832783071312295,-0.012832941698634609,0.12137263367592624,-0.1364538098560947,-0.13254921722984772,0.03780326230022624,-0.05127231784217017,-0.1007780393418495,-0.08675552031829495,0.10464305321177414,-0.012832782651668697,-0.13254921722984772,-0.14084044725889866,0.1890548127311564,0.22222704366478074,0.08443137694357458,-0.03859867915914107,-0.012832941698634609,0.1937940923026542,-0.1962798343723149,0.22267198331482965,-0.10288179644062573,0.10464305327754683,0.12150369275609309,0.1886383652554155,-0.043529741110428705,0.09850583803053345,0.050663816758996255,-0.0019377718733846647,-0.006212916751245782,0.04124618921999593,-0.0013110289436790536,-0.011677158377447186,0.06581893560896196,0.23267485206132213,0.01333604941800058,0.3708533959927321,0.005442907178754528,0.12151023441405563,-0.135547985465502,-0.11839121082636467,-0.019870934542167453,0.0759226446643055,0.30745499810820553,0.23860851188266385,-0.10754734682115194,-0.03713887383483263,-0.13129754806034385,-0.08665158092974849,-0.1090142254076687,-0.1527492547566481,-0.050165188454480494,-0.023255931324457125,0.060510914328581335,0.007439763042046176,-0.06148220814282919,-0.10326144516692717,-0.042920745430303234,0.11848613904265326,0.21538372059719696,0.3018290531111051,0.39164980321292436,0.3885413198824809,0.4058537054158651,0.38708329438511874,0.3865720168728543,0.3999824113297571,0.3720419581100487,0.3559911821614804,0.33043153756167337,0.33336382185495184,-0.026099760219297694,0.04031549907234127,0.029058606338530947,0.02045555123286814,0.02698083357254158,0.006168243712985725,0.03886264802280497,0.009094586561959439,0.027416140194468242,-0.011543574337233175,0.018454602553843895,-0.00017978445504159457,0.015481694138854574,-0.1798987534842386,-0.25133868095837364,-0.3011284984317751,-0.410658773993394,-0.5421696493069124,-0.54844508330192,-0.3995445725518051,-0.23680132057405953,-0.1240382969721533,-0.12770445988339055,-0.12520670904869122,-0.1326715012044538,0.5418493942031831,0.593240941695382,0.6434452332583608,0.8086940178428027,1.0,0.8256531320059697,0.6810232232367459,0.5938460384869003,0.43766749393422416,0.4918450306406932,0.5046669925401486,0.49517558271753676,-0.033787192703764256,-0.030193327277482272,0.03000402652450881,0.08888949008897927,0.2534829550775743,0.2603920535187235,-0.11174495365132406,-0.2046162818247268,-0.13550399018587983,0.04692675277482871,0.18150453292921817,0.18749644187889455,-0.09315840351090218,-0.05819899263175366,0.0228036396012838,0.11170739340286623,0.12695949329023193,0.13383446889747566,-0.11881772691416004,-0.19616371486761766,-0.07506206504902872,0.11455869499722789,0.22028769431354847,0.21070200153889126,0.007921984254806856,0.1571122605882593,-0.03756098022089366,-0.0449486945827329,-0.20192684710963196
chroma_06_std,-0.01463039124190597,-0.006006565934913796,-0.006006744441511589,0.16215867431126377,-0.18423320343213342,-0.1781779406462591,0.04712566982243229,-0.03442088559747819,-0.1235129755008743,-0.11270381186695533,0.08322230646934081,-0.006006564781089465,-0.1781779406462591,-0.1873415318508242,0.14572911188637777,0.1615462348866414,0.13076515041631043,-0.05748177046750004,-0.006006744441511589,0.15278342190310365,-0.20674675121273997,0.26222945487798593,-0.10590857029801404,0.08322230652277796,0.07265176752031763,0.08731127112531865,-0.10849756254315515,0.044296390168651285,-0.000891371672648566,-0.09481200402044236,-0.0663198425387846,-0.005504126224157567,-0.029030046810140965,-0.03483812132194332,0.08418334817547778,0.17142320332904645,-0.027397484919088343,0.35170546054162355,0.03900595371584734,0.14929740312939363,-0.12114312052724709,-0.0921587667977124,-0.02282801719850046,0.046593607291158017,0.312466295847346,0.1529439559689395,-0.12122760353384746,0.034291128995767424,-0.14637032212708484,-0.061595711604117656,-0.14918007776766212,-0.15671671717576244,-0.04088110688130108,0.00808671832144773,0.07238674870243153,-0.06967780690241589,-0.09331517760191543,-0.0707697571643837,0.026791699568704825,0.03450306391630332,0.1713227939885575,0.25275267164932375,0.3664188183208106,0.37808843842161166,0.38629669717035453,0.3996210429070704,0.3961952434985863,0.39590785023620995,0.3706360996331275,0.35708970725973144,0.34329197323789756,0.31187570237257073,-0.020231751897171708,0.06092867857107389,0.035987599468702246,0.02162941957065695,0.04068572323690037,0.005304981546725695,0.03764032698446778,0.003779409572542771,0.01890232415895576,-0.003786938214888525,0.013770161515001454,-0.011894060560330698,0.009005067133660562,-0.07008138459037248,-0.13261391655618573,-0.20973367492128508,-0.3305109182567864,-0.5000784416718033,-0.6745019207823172,-0.5810143640288958,-0.3075929226630788,-0.07638725716526733,-0.05380600795603339,-0.038802505625333196,-0.047048749989769864,0.4750299720517701,0.4859037926628559,0.5368087176872318,0.647280506669363,0.8256531320059697,1.0,0.8306680276358502,0.6538228674874613,0.41725498076620543,0.4243729111802832,0.4296328476824241,0.45981793780718655,-0.044993909947605354,-0.029184378837943555,0.03760260958621792,0.05994988427850741,0.22082168633156296,0.1996336822116149,-0.10765491805054869,-0.18080166666991324,-0.11221396234902657,0.023147232019378548,0.14163229840384836,0.12751532408132418,-0.062387657739043936,-0.021104409330379686,0.06476241527355173,0.1668854234060003,0.17317366326607375,0.1690991973169695,-0.10393430960762748,-0.1639837369813833,-0.04306060985816902,0.11070727656760725,0.18163156160330748,0.1542073982543297,0.029489929300547762,0.1648694267405061,-0.0628767689870088,-0.06882472861402462,-0.16178939676407478
chroma_07_std,-0.012877341928903639,-0.006191504606881763,-0.006191574349949387,0.0928606851973089,-0.1109689946916881,-0.10512036284309846,0.03249326563990683,-0.045065397782941885,-0.08338728468297726,-0.06328105227280346,0.0699531786148403,-0.006191505817452856,-0.10512036284309846,-0.11519024664639518,0.22320614601428138,0.2238023720887151,0.06294516193544518,0.0025797265155715855,-0.006191574349949387,0.24668927257809176,-0.23084700248488257,0.19268131067327834,-0.09093909001145943,0.06995317867029119,0.16987050155906952,0.16265616002240996,-0.00461259652286592,-0.013254271772231855,0.10289531937809888,-0.07647185712681039,0.03808261179162179,-0.08140368081754236,0.03151986725585935,0.010719914422581968,-0.02082505662319586,0.11687554404130102,0.069243858654521,0.38647042722007885,-0.043346867067862206,0.09147721050359586,-0.1937041136515411,-0.11100501235661725,0.02298257557956276,0.12171984862317135,0.4063365581031274,0.1596063659657136,-0.023685628208127262,-0.07466981072438987,-0.203482961531854,-0.07815807899495023,-0.22171137446875167,-0.16202376027496496,-0.03349316576519129,0.014931878728785191,-0.047769754068691245,-0.18135664877892996,-0.0963948478746246,-0.02773393425185228,0.03866968246848486,0.0718936511245437,0.14921172517623432,0.23671501154609684,0.3987553243325658,0.4160333815481211,0.40698718164449593,0.4120735593138147,0.38928886765285114,0.33260474489853364,0.3424266960872188,0.30883886145472444,0.27762794100546867,0.2671996885451689,-0.014704189599009413,0.04470311731572695,0.012239409362970627,0.0010167618866843086,0.02833526797342809,0.00039186539072193184,0.029752329770352408,0.012842819657274835,0.0076738452985611666,0.014062102040230213,-0.0037843511836902163,-0.011251631669602583,0.009024930383569446,-0.06572943965560225,-0.0814233433696881,-0.08831510863157138,-0.1693075160052229,-0.31071668021395965,-0.5233128549001773,-0.6576695927121146,-0.45560956721850693,-0.18916872818893785,-0.13836557816074407,-0.10744270795084637,-0.07791738233292335,0.45740642944471466,0.470542125258718,0.47354682657977065,0.5325691800351254,0.6810232232367459,0.8306680276358502,1.0,0.7975390263997062,0.4044078239101775,0.4240082787811803,0.43903766562167945,0.4292700274755221,-0.07183933100684274,-0.0818313508602701,0.013999804705700709,0.12112591568693058,0.28995979146934553,0.23626849924608173,-0.16641317581691473,-0.25148553254819545,-0.10367896217400563,0.11737491710876735,0.241438151123091,0.21210763841617733,-0.076749802751306,-0.016807925998696373,0.03617361238719138,0.10925382185824113,0.10569181815742089,0.08967782362293907,-0.16759944829469808,-0.21815123680022097,-0.0445221074715792,0.18010073721752015,0.2659435072429042,0.22530473473240487,-0.005753523575105727,0.11170527806042685,-0.01053527049484766,-0.02199200767580065,-0.13828460344195165
chroma_08_std,-0.006023948702548949,0.0034804487731539425,0.0034805263309686616,-0.01010301952066972,-0.005111893977494987,0.001736114607925051,-0.004585795989231702,-0.1543662969863258,-0.03444381310799867,0.0017797264562299702,0.07122031075584906,0.0034804447122448734,0.001736114607925051,-0.009647346102778724,0.3417922978696439,0.3651563756382492,-0.0688029084048075,0.03691638028170965,0.0034805263309686616,0.3686757357843493,-0.2919361700664942,0.11573716980615104,-0.030056676679000884,0.0712203107912121,0.29799154086841095,0.2915208563509775,0.15927427348175938,-0.037436134897823534,0.24863888002702234,0.010267654130564099,0.1973471711775289,-0.13813948624189773,0.06707269573897907,0.05491628739787796,-0.14529429003942182,0.04589864697771755,0.21940524788096077,0.43476590265962467,-0.18687700418786068,0.008126199071870519,-0.303152699995865,-0.09429585240416623,0.09198261616105897,0.21127670045109442,0.4802548833495458,0.2320844978563185,0.11512621667748542,-0.19888414699287477,-0.3072178488371938,-0.18206046197995868,-0.27060217997661495,-0.2136853801333567,-0.11751661426936959,-0.10564239665913881,-0.15983140307758165,-0.20417518682580804,-0.09147757980362964,-0.050205550142351126,-0.10380822521233045,0.09097581820588722,0.19789723201995643,0.25538594742356924,0.41431441952575404,0.4470854788258058,0.43018512118020963,0.4107394976921199,0.3908547498229743,0.3764083461521307,0.34412470032334375,0.30594804634294687,0.2921812764751572,0.23581751018739097,0.017409744126141134,0.021229399270406464,-0.004710146374368474,-0.020424496543744747,0.0069634324421079955,-0.00473476000663142,0.013278937466665133,-0.006862466222738387,0.012564921156587298,0.017812741401458644,-0.0040698098639848105,-0.015203106399889222,-0.01472365164789382,-0.17758574849874034,-0.15530395753033305,-0.1108173422966573,-0.12784356142352096,-0.16929097416261377,-0.2998354523964615,-0.45301476151569847,-0.5204802887044307,-0.3468736176681319,-0.2638968487503406,-0.21298865367115138,-0.20605470058624628,0.525321104248344,0.505227551271322,0.5420790008043735,0.5517798104542978,0.5938460384869003,0.6538228674874613,0.7975390263997062,1.0,0.6507121942535066,0.5186695394559958,0.49881082415966976,0.5112191707191471,-0.11810343779571063,-0.14577575605797188,0.03398137218768096,0.211617755197725,0.3780614293863297,0.32203875781727526,-0.2654334167650539,-0.32775056460835816,-0.04698336052601469,0.24084038623254522,0.3589306148919169,0.3285720170445301,-0.13188204853497493,-0.07307198264759464,-0.041862145779063636,0.032365859002969406,0.04631716634617509,0.04325096469752822,-0.29443896943994163,-0.31628721450370534,-0.023042045611112828,0.2611765995749937,0.34744827943543505,0.2947663752410817,-0.11741018764959868,0.11623874469079155,0.06328584224356214,0.03569312493314203,-0.14466974186947726
chroma_09_std,0.012690022057574126,-0.0026927050869343856,-0.002692691841660822,-0.017910508358795357,0.0004691480457248316,0.008458136297174948,-0.006469970159085751,-0.26233715315023026,-0.04287158584388689,-0.014025552006218366,0.0983854276023997,-0.0026927093401241313,0.008458136297174948,-0.0026887291748499127,0.22838718122297566,0.35374480105198536,-0.11957087307285305,-0.09115696388896793,-0.002692691841660822,0.24630153594975457,-0.22075586872989983,0.05105215034582285,-0.007726802298599461,0.09838542766924509,0.20062322534940738,0.348975482875631,0.13506057260771623,0.16631923055882247,0.17843560846603582,0.23990646038828822,0.15650705276446175,0.08422810942508616,0.001795853770669269,0.018068306369868045,-0.11295936664935874,0.06226729187285584,0.17907042591824107,0.28799153962217927,-0.1791529470092317,0.022380445656898555,-0.2503120872966398,0.04142839578102868,0.10189466424530197,0.10864835578040823,0.30092922593265287,0.15498585566559037,0.07320094148880507,-0.12032203243009824,-0.2148442686225383,-0.1944963198521815,-0.22205520766738804,-0.24617854989372698,-0.22959589047874351,-0.17386881730784068,-0.1306935442078941,-0.07694835884132928,-0.017036001211386084,-0.1146302004163777,-0.21948643042936025,0.10348786324982844,0.40146091669002615,0.2686372120651341,0.3085023989181504,0.33921796803572246,0.35554370263695045,0.3230999257288913,0.2726419562386678,0.32332012907141566,0.27527442505709615,0.24968591200066007,0.23476239945361035,0.18694906686848753,-0.023054116729176746,0.027443012019180858,0.014338343262188616,-0.013614878616766864,0.013890254080082121,-0.006344144501169868,0.010341254208206413,-0.004353600629976556,0.024671811970629762,-0.008873521713391385,0.007766661971702019,-0.0018255063635313508,1.8137140984969277e-05,-0.21055862684031554,-0.21599976424034037,-0.18833394210343876,-0.19026770038024918,-0.18627089098616847,-0.17466216321295802,-0.12094692326991106,-0.24527201428975964,-0.21425428376884748,-0.16732377678078134,-0.1225838236883149,-0.1756643578148182,0.48844112681710355,0.4683898908463382,0.480807120607009,0.44958566347744217,0.43766749393422416,0.41725498076620543,0.4044078239101775,0.6507121942535066,1.0,0.7516683272474327,0.5602165332880958,0.5101144750477198,-0.10952414821284609,-0.08399650011510429,0.1347349147729473,0.16933603636570854,0.27107396590103294,0.24217793175596578,-0.2274060750278033,-0.20616461809552755,0.08347324668705926,0.16720922309143182,0.23041399887524547,0.21718960424191747,-0.14220462120424718,-0.17457809458397888,-0.12811946197367233,-0.02870719501202839,0.021438795672891475,0.04672766808571235,-0.2744831673678486,-0.2647040478472951,0.024818512725330776,0.15158131206431177,0.17616136170342767,0.14215967572658053,-0.19348006389041936,0.19947388117884585,0.03923284135170212,0.004919938694808438,-0.14972412477349734
chroma_10_std,0.0025715824265800376,-0.00462188051537439,-0.004621766377196282,-0.0787800627861072,0.06401150793705279,0.07217220673306188,-0.01132760965623709,-0.23683721066884772,-0.021984722115287736,0.01856789962753811,0.10742638178850529,-0.004621886168177252,0.07217220673306188,0.06213081724673939,0.3005964092847961,0.4219542935139885,-0.17085796618246038,-0.02808191731334036,-0.004621766377196282,0.3282573873333212,-0.20605205350627673,-0.0017157952449431623,-0.03652607951014752,0.10742638184225717,0.28464971101306813,0.45281540960542777,0.23094820643540753,0.15203791041616552,0.263694166419631,0.30204115683641414,0.2439224055731787,0.062184936114829004,0.041129834935790366,0.06407807721379559,-0.15853124623209097,0.069410700636725,0.229776236252103,0.3377186044447951,-0.19649739265242794,-0.018349749991954864,-0.2825486612746953,-0.038422661390339584,0.11897387092350423,0.16924215835736528,0.3666365477841046,0.22807206695534427,0.1305182801587306,-0.23901203926675413,-0.2101481480403354,-0.17564336627317953,-0.20830146080414827,-0.20713521127524268,-0.17744600099944388,-0.14089522745398395,-0.10615577707809079,-0.05811043747891548,-0.06005783363400066,-0.16601641933286945,-0.1468638177708251,0.12251068807590756,0.37346011553885883,0.28070204377390134,0.33488264917201027,0.3385893024756264,0.3922396356883673,0.3144510194570978,0.27963333861399337,0.2848983902565979,0.24370675354615443,0.23262234258442832,0.20007272528074535,0.19838350830193024,-0.015093566323823842,0.021168631602977377,-0.029742629460704384,-0.031200441707902114,-0.0020171335538545867,-0.002030745724931121,0.0030115738382213643,-0.026683203098681635,0.024583927022123645,-0.0051776795775319235,0.0017413791558175378,-0.029886369048080334,0.0014361913186506077,-0.23253379413149974,-0.22499091379750522,-0.14484761574751212,-0.13184852184696627,-0.15277651778214915,-0.16118845860610131,-0.13254693484095711,-0.19361938144862623,-0.27227917047686856,-0.2491857426883698,-0.22565312169061408,-0.21595510876119284,0.5653978534391344,0.5380638117899288,0.4815841069272101,0.45607754559220415,0.4918450306406932,0.4243729111802832,0.4240082787811803,0.5186695394559958,0.7516683272474327,1.0,0.8145018690070209,0.6205060466334223,-0.10292716191891459,-0.11747230595822564,0.09719516152310635,0.2185767722595795,0.3418991894889349,0.3204419331989965,-0.23625092571118572,-0.28131445948410133,0.012044668202728249,0.2172603422282912,0.32185113394283044,0.3191239274901272,-0.1637889319355035,-0.15277708405347104,-0.16090231002741245,-0.10194231414918209,-0.06099746800847232,-0.03845227581815342,-0.27993776716444874,-0.3091597837311307,-0.04714113611811873,0.17993430203641603,0.2641073733351888,0.236692881536236,-0.19300319756012588,0.15083562291337263,0.07968667978571807,0.039739671312293716,-0.16277622395477412
chroma_11_std,0.005683166986026755,0.007550883420395085,0.007551112271739399,-0.13920538672816496,0.12995688108747197,0.1370395284736237,-0.022626380777795697,-0.2633532313609426,0.015669389365037558,0.0599805561872118,0.13165667606501313,0.007550876059601513,0.1370395284736237,0.12743354042142616,0.4028646979353468,0.49275330397119554,-0.23572915812831677,0.02930967660950578,0.007551112271739399,0.4393178082086407,-0.27238970694162595,-0.04520097348981644,-0.05068935213709217,0.1316566760907206,0.3934713646524478,0.4979606760945584,0.32957016162809283,0.06975634356720337,0.372587453081397,0.2636013778519996,0.34568336834136804,-0.038221128875277906,0.08932014700205806,0.10857801613441335,-0.26250316911274946,0.0070818670801906115,0.32687780111879117,0.4137586675354858,-0.27702413968934714,-0.07652655777165612,-0.3708032250344749,-0.05626126602118655,0.1626008593372059,0.2577477478268858,0.44551018059755965,0.30919524131343284,0.21892338736968975,-0.3351520034301039,-0.2777421297155859,-0.24614180190075444,-0.2743293457749433,-0.23795318965868964,-0.20210374436560757,-0.2048280685540713,-0.15918946302349768,-0.09678790666532856,-0.13583068131514378,-0.20139444542728907,-0.13054640005278575,0.13933595709518698,0.32659014874439535,0.270781339773638,0.36256732640849765,0.34179839947816454,0.42837435841852806,0.3014727446850552,0.31398928424923983,0.2554984504954596,0.25025002850304867,0.21899219512253537,0.18979801710219527,0.2159117447117038,0.006313907780548054,0.018732117259571367,-0.03890202997471629,-0.04003712467719847,-0.015390911271289491,-0.0021890747109336137,0.017203544852981603,-0.03326538842824427,0.010200108108683985,-0.009305249999685137,-0.02476924757208253,-0.019344232341605427,0.001560330658282921,-0.268502741893393,-0.23796749418763377,-0.12546334319325303,-0.08859195674152706,-0.09363146478636314,-0.12034427015977824,-0.1231301122158425,-0.238187962632397,-0.3730738050236119,-0.3721548702186723,-0.3327753146564214,-0.31166517204765726,0.6742865537679786,0.5695326765319254,0.4952072743222274,0.46076368189938643,0.5046669925401486,0.4296328476824241,0.43903766562167945,0.49881082415966976,0.5602165332880958,0.8145018690070209,1.0,0.8033918577969461,-0.12331745954933983,-0.15074752953868123,0.10647902909285922,0.2997891290535747,0.4306182178031982,0.40423925424580726,-0.30642621942059667,-0.36857548930325795,0.016134791561528812,0.3131267450201931,0.4286137721080811,0.42645523601554075,-0.20389718300682644,-0.14941638733253035,-0.17298519257896938,-0.13218763563267236,-0.09380617722536176,-0.07679157221510392,-0.36581929431173604,-0.38173100270499405,-0.03808065809702406,0.2626791538488891,0.3680400668617517,0.33690936979302494,-0.23179161915503596,0.11740352486047194,0.1259365288330357,0.08202793883590385,-0.16600509753394893
chroma_12_std,-0.0018692523264765945,0.004079713000007471,0.004079913713404143,-0.09580212784721719,0.08664488394286426,0.09273532144211499,-0.02351711163597659,-0.23282964520972957,0.005065823578762915,0.04468774596899403,0.11458902301921531,0.004079707147242471,0.09273532144211499,0.08339353309370492,0.38909405392557794,0.4760593450749649,-0.17503731454011479,0.02308985301705318,0.004079913713404143,0.42724880208355903,-0.28651087465063235,0.02238002112061728,-0.054223793284889486,0.11458902304177317,0.35911514680222245,0.4402037065960839,0.2767472792540277,0.06290290909197711,0.3295290770087306,0.18630599537743545,0.28968605757690363,-0.05498091924318309,0.07601634769926303,0.09753146907116711,-0.18218920646658981,0.049989573726453025,0.2888294860179327,0.42938901948722114,-0.23363049494775776,-0.05119449784422782,-0.3426538414237977,-0.09679529536958557,0.12401433940863762,0.23996554918427948,0.4473964227736571,0.34054437432991913,0.15983508746144065,-0.29602893666615393,-0.25571345420787817,-0.22245630819323797,-0.21406036496068373,-0.19527644568940075,-0.1840076125277689,-0.1873240852013177,-0.10801754611256092,-0.061866563172869996,-0.10604327294987684,-0.142746146356824,-0.09654441434287157,0.11835463194599065,0.3112064369445042,0.27424996718482075,0.38384209473069936,0.3756713345620519,0.47046607177791117,0.3485283504782858,0.35947573477088024,0.2838590549836196,0.2925945018047029,0.2669152187011233,0.24535738228653112,0.23554946788320202,-0.009996605233315286,0.032687995767937426,-0.00810728651608618,-0.026303063157772314,-0.0028298332899485035,-0.024003307769718277,0.027741812720899782,-0.027196691225503455,-0.005805065378452935,0.007280837193878201,-0.03457295307079205,-0.007601325164123138,0.007702309824912628,-0.3055674015513026,-0.2814540089403746,-0.21108696305619715,-0.16844272524652643,-0.13202947169154794,-0.13859657133182204,-0.09503144192175247,-0.2638835210617994,-0.3772487716187733,-0.369459295872345,-0.34999027406896993,-0.35109158651698064,0.8218156921437995,0.6357378925495715,0.5798193329931098,0.5144741823284552,0.49517558271753676,0.45981793780718655,0.4292700274755221,0.5112191707191471,0.5101144750477198,0.6205060466334223,0.8033918577969461,1.0,-0.10684193082888992,-0.17450519140653725,0.07787253453892547,0.27973450198968997,0.4409650367746051,0.43292971899258303,-0.26349288555674505,-0.3766289329449532,-0.03431778996199618,0.2737767909142869,0.4157645947046346,0.42702084568294957,-0.18862831231322608,-0.12683713472569616,-0.14540778396201867,-0.08726617670772763,-0.047225529398445674,-0.02967538506040667,-0.3137327443237509,-0.3823674035537391,-0.07451179703091361,0.24180741118313104,0.36901870606237525,0.34944631975470447,-0.19207222828295722,0.1244119821372603,0.10495570327167326,0.07080413623044093,-0.16789101270709386
dwt_cA5_energy,0.006124614111757582,0.04615339825690155,0.04615314594092046,0.1120152518297119,-0.07526610755189203,-0.09372898378298104,0.020473480714762897,0.1593030135323116,0.14969545579459823,0.05159434953539171,0.2777219385460007,0.04615340160903681,-0.09372898378298104,-0.06720653722378978,-0.2720895885690432,-0.21459672648418884,0.15152285384787154,-0.0788223911044501,0.04615314594092046,-0.265128779033374,0.25047828681924567,0.11861826559629281,-0.09200549863100614,0.2777219380947608,-0.2872102859328525,-0.14640053787233082,-0.23548968592681166,0.11262526264906562,-0.2788151481947554,-0.012413356611049859,-0.26661989493186733,0.20463942854505213,-0.07027954445376167,-0.0049435671005500816,0.3120333013626482,0.22956880452983658,-0.28217983302453536,-0.1951164301894267,0.28883257332517737,0.004652503584056269,0.3396417331027611,-0.170156809371195,-0.2443072401747332,-0.20182825785382155,-0.16495384593579115,-0.10009971688692697,-0.27262517896667304,0.21201907698921377,0.2638228761247415,0.25464889948021224,0.2583281591420852,0.26640766946575817,0.252961654200286,0.2444172854101626,0.20666842618133038,0.20892252100996275,0.1684620578958469,0.18004212339720224,0.15450190926330046,-0.008628468686892427,-0.03456618095526934,0.001087698079597612,-0.07737458519834814,-0.07860288488768467,-0.07258888187831532,-0.04203698821619787,-0.039418057720687745,-0.016926184002521466,-0.015645935729846277,-0.0030521204825531053,0.007644111574788422,0.019752882611617305,-0.07268185000089479,0.016868783142898632,0.03912088585558128,0.014856174617684102,0.014783411718237048,0.011603837079691755,0.008687773746059032,0.002248644729937778,0.0002014414018073091,-0.0005551957525670899,0.007917443092525187,-0.0048849915171036195,-0.0035665774612216794,0.1058046298704134,0.07190474051852518,0.006481097537636478,-0.0378274643833301,-0.09406636824160793,-0.05208449022069018,0.012319463401239735,0.08245571822017166,0.1850359659507056,0.1656272664587396,0.13626308589952865,0.14579900149364436,-0.1067745429404954,-0.05963641626072305,-0.06943459542863203,-0.018114541933988666,-0.033787192703764256,-0.044993909947605354,-0.07183933100684274,-0.11810343779571063,-0.10952414821284609,-0.10292716191891459,-0.12331745954933983,-0.10684193082888992,1.0,0.35218660586488987,-0.0030428470534839594,-0.15875566159893925,-0.1436746361546991,-0.12742996434503578,0.6548706968641712,0.20602655349268217,-0.2504910731062458,-0.291078944270944,-0.22492051661214998,-0.20744064890587158,-0.1438261779978515,0.006944124270964538,0.055055048073139184,0.024126710647683857,-0.005900345319219798,0.0029407586638373435,0.3881363104438958,0.2243451085357356,-0.17757355558903082,-0.27202435238674416,-0.23062328097973034,-0.19621779992722685,0.1574586634836601,0.0776004773960773,0.08069250323520565,0.28642488965464297,-0.014208061824775065
dwt_cD5_energy,0.014947001113477094,0.015463561652996725,0.01546295029328677,0.26961818955543937,-0.29408967552923254,-0.2893486539580166,0.15407151366249522,0.12171419337927807,-0.1843530135331604,-0.2445358201124388,0.6842304768240459,0.015463570639900887,-0.2893486539580166,-0.28839986170383497,-0.45336278113348155,-0.36555515727930893,0.27330930588685287,-0.2105261886049416,0.01546295029328677,-0.5122548608301495,0.21887558538516613,0.13778841861986757,-0.18910175889075112,0.6842304767473436,-0.4983888746443328,-0.2937532238834729,-0.46003807821729015,0.15296910362395205,-0.49301434984928416,-0.02067017408265587,-0.4787852870760163,0.35359807191650083,-0.3146951261756229,-0.24768957737158917,0.43616981111413,0.24738002700360603,-0.4516624981954978,-0.35562134990679806,0.3404591427783706,0.25376885019588635,0.49171803436818795,0.11947182188732561,-0.39915239064791375,-0.4689607887008341,-0.38788752038676766,-0.2525110569125643,-0.38290874506353473,0.5006353113428379,0.44305657419044886,0.28313861947532576,0.25631728749148536,0.22679253267287347,0.1574047863566684,0.16022956564610982,0.13334344771014778,0.11135557828609646,0.024856564598729747,-0.0068536917916540326,0.0029907774449532483,-0.0780545086722695,0.02200297264041644,0.09518985368557699,-0.10571042778556075,-0.11656344368076861,-0.11180635731224337,-0.04634743126039554,-0.01629291705026474,0.021301884394472236,0.052673852543783754,0.0572611609869913,0.07744481875588578,0.10700628130913012,-0.1568488162676765,0.06121612134625786,0.1128329021021326,0.04765331552278744,0.04284626121610531,0.02643561569677818,0.02159801862652615,0.010011881366929315,0.0031083524668283655,0.013316327824467728,0.020850235429073483,-0.004993742173303103,0.009355086952652409,0.17579436234060763,0.10397431760374334,-0.0020669048188622675,-0.0755911220906826,-0.17027723248836463,-0.11222280087553965,-0.02986828021904265,0.15835635490010241,0.4028381610200468,0.34681983704825076,0.28775313398258967,0.25873359637117677,-0.15199434075751025,-0.08371825997432615,-0.07927293513655927,-0.0338949057919641,-0.030193327277482272,-0.029184378837943555,-0.0818313508602701,-0.14577575605797188,-0.08399650011510429,-0.11747230595822564,-0.15074752953868123,-0.17450519140653725,0.35218660586488987,1.0,0.4171710874274713,-0.28330619022371867,-0.34691082550688823,-0.2926821921238693,0.26792730484202903,0.6426492482479365,-0.024483173892595498,-0.5183036527817405,-0.5013318231296431,-0.46161399670370645,0.05359664857946664,-0.07095496658632405,0.13318298610864102,0.2050801652406155,0.16795388793298743,0.18606695663079226,0.2903620903212184,0.5480802800869349,0.0773901815086561,-0.38968752672897655,-0.45065904770808557,-0.40509548726502376,0.21539466680774205,0.22163698148352098,-0.22325629877552014,-0.20185266982925093,-0.054414845436794826
dwt_cD4_energy,0.00854105150660981,0.004120241110918026,0.004120079290842543,-0.11727403526168623,0.08504271614478785,0.10165341937066497,0.027584411007733324,-0.16785300920170468,-0.05434383101104147,-0.0011947962487333175,0.6940406475096917,0.004120238455893201,0.10165341937066497,0.08877967843601463,0.07045766852817208,0.01602539601718553,-0.1793662455725433,-0.00518507445291986,0.004120079290842543,0.005118554859397741,-0.2663199542785685,-0.33497254628385087,-0.09845659852268919,0.6940406475227904,0.050167581987546866,-0.01864658515979193,-0.014718425412191049,-0.09721429747405455,0.037868733245950185,0.016752045132298932,0.025095374822055573,-0.0038721143722221974,-0.203785457621209,-0.10278428656180803,-0.2031391009840822,-0.23894706354119483,0.21373375057807373,-0.06591794360732695,-0.3333171046084704,-0.011426397094741527,-0.31287700198922197,0.5475001348348574,0.3007574660073807,-0.0299714913986935,-0.13833413069924005,-0.1041453780190188,0.133253033340736,0.09660420769745785,-0.09019589245022319,-0.3330710851461391,-0.3987482201092134,-0.4219826453032035,-0.41792252377174,-0.33702567414168766,-0.2659508675272007,-0.21141976584855207,-0.17438581261922612,-0.22658282813967937,-0.12394761804212542,-0.00982870532024913,0.12258291817680593,0.059909516586949825,0.007565856467565056,0.008110128039285092,0.045009211233772876,0.02190987318818571,0.023380407240770985,0.033137332853805004,0.0968421140577016,0.09244082713595861,0.06503673748467527,0.058795218408152806,-0.10530633209141835,0.021543761992998456,0.05367221321066185,-0.006014754835927766,0.019392395023055217,0.014584180672601114,0.008330184130445633,-0.0009599374447507114,-0.0045610310144195525,0.004116087790642295,0.009880919475567667,-0.002809607726874614,0.007528411276710604,-0.004239487209823792,-0.03617975213833474,-0.028915823379628156,-0.0530443971777635,-0.05696696961740314,-0.07648773056203081,-0.04687971270570726,-0.014253238982640375,0.03030421096693464,-0.014783099127770006,0.0051445507631618665,-9.994616712871522e-06,0.10140790139462044,0.04196503668077634,0.033537201076233196,-0.008044654628221574,0.03000402652450881,0.03760260958621792,0.013999804705700709,0.03398137218768096,0.1347349147729473,0.09719516152310635,0.10647902909285922,0.07787253453892547,-0.0030428470534839594,0.4171710874274713,1.0,0.3007485840503569,-0.011679784944259933,-0.045881354241563435,-0.2868990633608736,-0.005099487158529959,0.6156521443608123,0.1366425876279204,-0.0613174136396031,-0.07800646510233872,-0.09572886436517701,-0.2101856636831347,-0.18087671194414703,-0.0455975621686985,-0.006013350503586139,0.031066908876052825,-0.3162679508461678,-0.07761466530219957,0.4841675703859028,0.17540035814724592,-0.06345993471737575,-0.0905524369873503,-0.14136065078922502,-0.012299421960766308,0.01981825293234714,0.010995237962218152,-0.05349303365608549
dwt_cD3_energy,0.004405640828606751,-0.014707434090735244,-0.014706840576016005,-0.6931691704403273,0.6651760097961522,0.6925786857187219,-0.06874679028353649,-0.3056353194851972,0.23777695368408577,0.5319894114792579,0.41768650077604946,-0.01470744807120315,0.6925786857187219,0.6625439642627889,0.6338801833946256,0.49515398556337176,-0.6392954967267459,0.3297829521734725,-0.014706840576016005,0.7276977784904323,-0.47972922085946,-0.43834362426908596,0.011724922089071109,0.4176865008744189,0.6837108189228229,0.45699622302282944,0.6104180841085589,-0.36229661843552263,0.6819791206174808,0.061444139665256865,0.6429460579713476,-0.4557207733535153,0.05853170326879339,0.15664968297936122,-0.6262092650294457,-0.37722109346564353,0.7579456183355773,0.414865753420728,-0.6397856237525661,-0.4718711575794109,-0.667689834009245,-0.16593730640921028,0.5352947704469708,0.7921846833377216,0.5115779597793833,0.24014573074101284,0.5238433415709459,-0.6174526330768294,-0.5917725844085588,-0.42051145522309874,-0.3710166264655878,-0.34285001092042716,-0.2560546619908986,-0.25509365813290724,-0.27609160207585576,-0.250228466019691,-0.21379755557548832,-0.22108701378182638,-0.14105436277195801,0.17971290702807108,0.0526522157092521,0.11025096648756116,0.1905679706267001,0.13199620633851675,0.12191885976408215,0.07273942413880465,0.053790419171675256,0.02439893272226585,0.03035362068049141,0.028429754646821796,-0.009317869535111519,-0.03803880199990925,0.0155395402696358,-0.03965283023180021,-0.06655421711585831,-0.07415508484857715,-0.020874754968102587,-0.009007266505703392,-0.004140041325635539,-0.007612005646090514,0.00015713919056274393,-0.00614285772575722,-0.0020756719826601523,-0.005725312265104945,0.0018775639264142696,-0.20823052586377946,-0.11654082667990912,0.0468456041348273,0.14296089966175876,0.2453756654561508,0.12630069011276238,0.019238934533401645,-0.18872638868787664,-0.49647042824772813,-0.4830314409299191,-0.399043530694241,-0.3346164463492537,0.26163403610666264,0.1597903445184142,0.15196110265125665,0.07062789498124222,0.08888949008897927,0.05994988427850741,0.12112591568693058,0.211617755197725,0.16933603636570854,0.2185767722595795,0.2997891290535747,0.27973450198968997,-0.15875566159893925,-0.28330619022371867,0.3007485840503569,1.0,0.6882725525902577,0.49249891738105894,-0.5150277379075437,-0.7044259565437412,0.06832409261823019,0.813798711580418,0.6981312251316064,0.6245642352765278,-0.33959972251259335,-0.23540911298152944,-0.4055984307994723,-0.48205505196791415,-0.425157228891737,-0.4087644273725977,-0.5935974831074193,-0.6550445285015343,-0.04076609138622033,0.5458273388809312,0.5383620940881894,0.45613896336950116,-0.4564292238942373,-0.27125510293096466,0.5389779334878061,0.4902440577091965,-0.04400701101960961
dwt_cD2_energy,0.004000616358845629,-0.008090528431266696,-0.008089894441971055,-0.5006860650217311,0.47607372833197714,0.4977800578128434,-0.041978083646811076,-0.31491704297988726,0.15787869094645687,0.36933357270546496,0.2734671546532288,-0.008090542489342076,0.4977800578128434,0.4732070755600825,0.6495649279357024,0.615212949897389,-0.5195847897113239,0.22273833114685126,-0.008089894441971055,0.8410445092872078,-0.46157101631407116,-0.07274899152135521,-0.04317561591189044,0.27346715470689537,0.6721496852644371,0.5991260130245526,0.5775280502685233,-0.2088966541051982,0.6509588544783457,0.11352342085639412,0.6019630823867502,-0.3768513803921061,0.11426769754564008,0.18890848194820303,-0.48964011983014466,-0.15431973521422807,0.6014897068422491,0.711328100380584,-0.43851621808856656,-0.32183179437742016,-0.5724586700935378,-0.3454311548319911,0.18611033639978178,0.5770064907144301,0.8337993472007325,0.6046185533853115,0.37808630057991954,-0.6359880558544126,-0.431814212245613,-0.260111150288132,-0.26343129382682456,-0.24859782787870502,-0.1680267302659184,-0.18489281130731114,-0.21865991262725457,-0.21411449976788496,-0.17852783229645097,-0.1747112230586674,-0.11549638268998232,0.1517702887476148,0.19690079094680996,0.14032157778230755,0.27741311607981317,0.2422179191209779,0.23090541302479856,0.1687401998596378,0.14097210674306002,0.08176648011618717,0.05822715853825502,0.03374288155631502,-0.0073238273262791285,-0.03517696597280078,0.012969531694733574,-0.03679550816414394,-0.056080331892790096,-0.06292679834906065,-0.01403627548156969,-0.010273217593909473,0.0065559522486859844,-0.005588659257217457,0.001965357573304697,-0.007108219416379066,-0.00198368473983235,-0.0029124858102533733,0.0004256313306354177,-0.29159413922857835,-0.18338699499393923,-0.024193832070830062,0.07942658720515931,0.18205110839463745,0.08160763840218191,-0.007238854635988543,-0.2512570836033074,-0.5689608913121629,-0.5459052643147013,-0.4749044739880619,-0.4093929992364295,0.42725977920535585,0.3467882426791274,0.3299907165554013,0.2529847959331682,0.2534829550775743,0.22082168633156296,0.28995979146934553,0.3780614293863297,0.27107396590103294,0.3418991894889349,0.4306182178031982,0.4409650367746051,-0.1436746361546991,-0.34691082550688823,-0.011679784944259933,0.6882725525902577,1.0,0.880157438547592,-0.4435237987578295,-0.7099062227988537,-0.22681677620013854,0.5599963379708647,0.8675047229694217,0.8512611013624863,-0.3603247204719457,-0.2183899724181792,-0.35032117188497547,-0.39752031198419874,-0.38904715337447,-0.3560704744753938,-0.5168479884228313,-0.663218524128327,-0.2957099486277475,0.35082902682281664,0.6470309625431618,0.6314022000074252,-0.4290501881387736,-0.01230414527440168,0.47199317660584156,0.39282662187417267,-0.13458042713144655
dwt_cD1_energy,0.007732136821605685,-0.005041816317957438,-0.005041289330593195,-0.3473653787483449,0.32704350102795177,0.3435167265148014,-0.023847257630925864,-0.25118657480941453,0.08849687612625255,0.23415802098616145,0.2074842373114042,-0.005041827973554637,0.3435167265148014,0.3238879717746447,0.5864831193551435,0.5921684440922615,-0.38472904472825076,0.16554304932090252,-0.005041289330593195,0.7574745605066879,-0.38589795974718333,0.02004102178481822,-0.04837115287911235,0.20748423734319305,0.5872587390610099,0.5792926808333723,0.4762316410751017,-0.12133097532683204,0.5526309753525299,0.12849194269065062,0.5040064589137565,-0.2850180346818454,0.11556156573320205,0.16718229361986958,-0.3824266662782299,-0.08216374267367006,0.47913649920218393,0.7092183307332237,-0.3344237682356786,-0.2115738411039126,-0.46851635702384803,-0.3123701096597457,0.09855923144417411,0.3891248682370502,0.6694959507391824,0.7914517188462514,0.2888337288863545,-0.5426844631515728,-0.31432824942217147,-0.23247328498972855,-0.21019581323405254,-0.21365694026456444,-0.1295703255796406,-0.1478867241904216,-0.17426850955559856,-0.1767462782988019,-0.14171430050922904,-0.14604258496019987,-0.09793948108246694,0.11108566981388601,0.20926151041175697,0.13506275884708668,0.23992857590181083,0.21295977075105726,0.19858391565964656,0.15064481453534176,0.13324772821630007,0.0838700085043299,0.052992234346451055,0.027124085035812283,-0.011056956937386436,-0.02404416228288621,-0.0022025279107176286,-0.02474009684905752,-0.036764497893862005,-0.05326059202045926,-0.00461525561991472,-0.007406010084203459,0.002764299904717745,-0.007031903450626141,0.0035189302370189925,-0.008482195002873569,0.00032426910349617563,0.0020114460439390387,-0.0015202147544781878,-0.3079140653315658,-0.21907871183533142,-0.08755272454360338,0.005798674527285851,0.10532465201743188,0.048922747982693325,0.005142945255616176,-0.2000387260808915,-0.5093116203547234,-0.4962780836121335,-0.44512047477767186,-0.39386471321760846,0.42974453621545067,0.37296740154356667,0.3643673094215334,0.28876656886522806,0.2603920535187235,0.1996336822116149,0.23626849924608173,0.32203875781727526,0.24217793175596578,0.3204419331989965,0.40423925424580726,0.43292971899258303,-0.12742996434503578,-0.2926821921238693,-0.045881354241563435,0.49249891738105894,0.880157438547592,1.0,-0.35970797409182753,-0.596660522487364,-0.2337190988092325,0.39504316762050057,0.7469067684846239,0.8547615958474745,-0.3158064266128475,-0.18780514885542351,-0.2678664328410242,-0.30353121833281566,-0.27626529046984527,-0.2586678495432383,-0.4236558727420399,-0.5596674927215882,-0.2798970799841248,0.24442581435212318,0.5997231653080097,0.6774786778014068,-0.325729990853912,0.03570208706405998,0.34165357724158824,0.2676350931522434,-0.13437916562794308
dwt_cA5_std,0.001677076015156616,0.004274733345066366,0.004274290859270077,0.35075586320952934,-0.3388401186849159,-0.3517267609848498,0.00876520739961452,0.4166775560702561,-0.07642191435469564,-0.21017017215641448,-0.08353367481933278,0.004274744573868191,-0.3517267609848498,-0.32656679404565714,-0.6410589912904965,-0.4861361288107413,0.4713197579285203,-0.164315551282552,0.004274290859270077,-0.63212793781925,0.6192973955374081,0.3213850875412313,-0.10172510773684357,-0.08353367491440135,-0.6602327114781648,-0.3762659879441192,-0.5144734668465097,0.28414749265441336,-0.6288464702725589,-0.05770338542906185,-0.5944265719753886,0.41581641521084467,-0.10465719974405764,-0.06190943095274181,0.6761675950228996,0.4353302028140866,-0.6728415408929912,-0.45329981409484366,0.6854252117085791,0.18681073995247446,0.7769858059798673,-0.3028611515700948,-0.5415278526749179,-0.5169106300839472,-0.43008568862608787,-0.26622135172081796,-0.5367128513240412,0.5017161872176381,0.5620205935678345,0.5773635782295721,0.5946390975343651,0.6041882639953852,0.5566774606773408,0.5183750738160926,0.48304469843256215,0.483930056608418,0.42344448535268625,0.4372735350337006,0.361232135077364,-0.12319425231051165,-0.1401562926612244,-0.08216737472889944,-0.1977229154766719,-0.17066126315562188,-0.14668051935656076,-0.08893237053918798,-0.07148653422092331,-0.029985844208174607,-0.03415313387795512,-0.015356511312915247,0.014419676543477098,0.03633062147451814,-0.0776497214077987,0.025163606229167777,0.051128111311092385,0.03863914092509395,0.016609885533615552,0.0014745112045045907,0.0005310041147637251,-0.0053508146853049315,-0.001268702886732331,0.006480450587860805,0.010270039105033968,-0.014502718179968265,-0.01440297765843189,0.2500402662676887,0.17601114891832295,0.017173985423775674,-0.07952422842403377,-0.1881123000243653,-0.08417786532567441,0.04145587746256443,0.21610584532345983,0.44638927784349686,0.42337989041535784,0.34901320052313956,0.34328337451270124,-0.2723355994091166,-0.1680884976312315,-0.17403164734603446,-0.06712144257282766,-0.11174495365132406,-0.10765491805054869,-0.16641317581691473,-0.2654334167650539,-0.2274060750278033,-0.23625092571118572,-0.30642621942059667,-0.26349288555674505,0.6548706968641712,0.26792730484202903,-0.2868990633608736,-0.5150277379075437,-0.4435237987578295,-0.35970797409182753,1.0,0.5122707052310278,-0.46837148096934805,-0.665999571290515,-0.5614377517100341,-0.5079533206911578,0.006499701141390267,0.20777776082733682,0.2703832192025583,0.2052485501640624,0.14476559811358122,0.13205566774155844,0.8559049794230876,0.563634096931755,-0.2941310516623135,-0.5635003483371241,-0.506360140459055,-0.4338213334739369,0.45461680355507494,0.10060037800764171,-0.19803298552573761,-0.09181877754758336,0.05287761804578238
dwt_cD5_std,0.010900978387772028,0.017694356045524766,0.017693626560793735,0.5321642510100303,-0.53771490341696,-0.5469756133475394,0.10266838351970659,0.287360444519346,-0.24721949298239443,-0.4306972601240332,0.0035670337332187403,0.017694368261805805,-0.5469756133475394,-0.5300162669637084,-0.7790070533801049,-0.596461017318272,0.5610809760392036,-0.29842986527363674,0.017693626560793735,-0.8726012635471248,0.5380296609085565,0.2514175558759555,-0.06719272139697696,0.0035670336183464195,-0.8091672152966576,-0.49908008372940327,-0.6398416027723465,0.30101436606819887,-0.7607079529783799,-0.005969985294618533,-0.7053613444505776,0.5039749665594748,-0.2949925072442418,-0.2976109711858184,0.6686988699077644,0.3391716824809403,-0.740999047303134,-0.6667170282546181,0.594842509285501,0.4261668215891593,0.7978175221705878,0.23228177230064098,-0.5953856163909054,-0.7892768010758496,-0.7055583202740848,-0.47245098368158567,-0.5078001577849786,0.7523904585208683,0.6844843456739425,0.5191544992362699,0.4998485131825728,0.426216404383013,0.3009649796618823,0.2678822791923713,0.26905910625111296,0.22664420624630086,0.11960868523598409,0.11640713607085551,0.0483111537005727,-0.2052294207893504,-0.06755863711412362,-0.03379576349955578,-0.2619832133141561,-0.2268649885707672,-0.21163856764981345,-0.1258761067853535,-0.07713490063886323,-0.01619791864479382,-0.0097706110477131,0.008514693563446994,0.056603168651067376,0.08687832534334053,-0.1124865466370083,0.06540433033849011,0.11595120820203023,0.08897852829934189,0.03717670517949804,0.022469667182482445,-0.002930259076378953,-0.0034321219698020384,-0.005577391214905954,0.007193888033206072,0.020210966047087685,0.0017569484767905833,-0.0014257758150884722,0.319276712360411,0.21057937680479924,0.032916342960079434,-0.07294523501777908,-0.1863965943313722,-0.055054872176081224,0.041474857053608656,0.2937593402169435,0.6356335025867683,0.603678228162618,0.5142626549653665,0.4470336195135756,-0.35862304381284577,-0.25393383723152124,-0.2426179245144229,-0.17825992513919875,-0.2046162818247268,-0.18080166666991324,-0.25148553254819545,-0.32775056460835816,-0.20616461809552755,-0.28131445948410133,-0.36857548930325795,-0.3766289329449532,0.20602655349268217,0.6426492482479365,-0.005099487158529959,-0.7044259565437412,-0.7099062227988537,-0.596660522487364,0.5122707052310278,1.0,-0.018300886470919046,-0.8251833417849863,-0.8421075712826721,-0.7866538785385147,0.31070887954227927,0.09913727503484572,0.3639882209935577,0.416442079166423,0.36063112406113773,0.3509843843039408,0.5918382462798047,0.8884997483221402,0.13860770673034734,-0.6021050140279222,-0.7263609130817327,-0.6662956194736931,0.43799448396524804,0.24985023909998783,-0.4584670905445982,-0.4008869097333691,0.08234338836890155
dwt_cD4_std,-0.004810330593165811,0.001021753745239512,0.0010217342890350338,-0.043288979118720664,0.04729601878684104,0.04650085464116181,-0.01752756903801693,-0.22792230404255936,-0.005594787825911137,-0.044034028424622604,0.035421650576253454,0.001021749983820646,0.04650085464116181,0.04746233265815929,0.13364158941050258,0.04058222745200371,-0.17864929704523846,0.04154719383997872,0.0010217342890350338,-0.0014800140799099842,-0.3181693059092094,-0.4915028327867127,0.13791312120580426,0.03542165057437779,0.14698751658950943,-0.05870140510022273,0.12614399658538206,-0.146540934173147,0.1580104698214657,0.03219105578003549,0.17497432758067696,-0.12128689109019561,0.013621602558411359,-0.0015774724426734523,-0.4278528268694584,-0.4645159778562208,0.3586825305594514,-0.13738775351810928,-0.540366665032532,-0.010823035586841244,-0.49982802305818336,0.8716179007468425,0.5466279737583025,-0.02120792175152385,-0.26668883079925754,-0.20831437712879367,0.3802444422477988,0.0313366114075799,-0.23396616667881814,-0.5072099331961726,-0.604373163663723,-0.6344735067686732,-0.6383098537397349,-0.5189407716674114,-0.43712330958210077,-0.390708218842255,-0.2997630037213637,-0.3096786559951986,-0.24692289924207886,-0.04758410025035919,0.02750104642377852,-0.10301198008001759,-0.06686708458926892,-0.04655761817363783,-0.008415682402836872,-0.05388637155812185,-0.05595043794012249,-0.06826704238228377,-0.018331247415875735,-0.024143190487358437,-0.029745567219872968,-0.044945624562786224,0.019480083907423614,-0.0015977909208179306,-0.001346796358656585,0.009088305216270326,-0.010331256292004888,-0.005293145968686451,-0.022018161439602276,0.0017301665618375418,-0.024510659890461462,-0.017553993819456187,0.0007647378951072324,0.015351269791242413,-0.0027212211947177842,0.030302994794791867,0.01571616232323416,0.057677659802516906,0.06386227394042429,0.08950786099300327,0.05310287513272318,-0.0012722635135081666,-0.02111902084728166,0.0035430367327554143,0.00379557082347954,0.04766346450952,0.01308983622900051,-0.005950262022285609,-0.103781455932429,-0.10729448294270431,-0.18067739766772384,-0.13550399018587983,-0.11221396234902657,-0.10367896217400563,-0.04698336052601469,0.08347324668705926,0.012044668202728249,0.016134791561528812,-0.03431778996199618,-0.2504910731062458,-0.024483173892595498,0.6156521443608123,0.06832409261823019,-0.22681677620013854,-0.2337190988092325,-0.46837148096934805,-0.018300886470919046,1.0,0.2690962026616947,-0.10125011120226292,-0.14481400189900362,0.06461036944823115,-0.10311360110427037,-0.13121033860566794,0.03008519843499316,0.081673989735634,0.09347320193663286,-0.4925327931346707,-0.10122902876270244,0.7803789511228718,0.3438461603972989,-0.04704903901773098,-0.11151430319112232,-0.18592908115304935,-0.10838422985596245,-0.0753834746737188,-0.07431134804103733,0.09510081896473836
dwt_cD3_std,-0.0027214735826671106,-0.01578303049566688,-0.015782237187933226,-0.6479020827881339,0.666364346697899,0.6725416859566017,-0.1103278626838129,-0.3214641212049925,0.30416035344569997,0.48148834423794484,0.05105478525753255,-0.015783044987567052,0.6725416859566017,0.6605385563650031,0.7944267811001254,0.6193438149044338,-0.6810528235283414,0.41537557367117806,-0.015782237187933226,0.8418988754848938,-0.5567893881277148,-0.5392485574765187,0.11696816316110469,0.05105478535434634,0.8622460941708856,0.5189388642292344,0.7774010456184559,-0.4336956963823921,0.8621661298552853,0.06745654581893223,0.8288535184623012,-0.5973845824503803,0.2788409343023748,0.29542417095797374,-0.8433466147388249,-0.5406127563205853,0.9252559605338228,0.442875400750363,-0.8251099884564238,-0.5174996433480105,-0.8641540133218995,-0.020703518783783532,0.7479464134068011,0.872634544835097,0.5404945600936328,0.24981534467091845,0.7492825818054906,-0.7689991094202343,-0.7967335005006491,-0.6099808556125719,-0.5574071829459906,-0.5009286314071852,-0.3971058118603328,-0.37516833413679845,-0.3963219058180762,-0.3638354771146818,-0.28453050769478994,-0.2852339212528321,-0.2176824757583225,0.20240490652621115,-0.00034746377223658767,0.03898294080931783,0.20247746751387619,0.13019211255212693,0.11392804265544372,0.04784586448916276,0.009839321650898103,-0.03502530235850199,-0.03962306271622747,-0.04725721763429012,-0.0830386321166267,-0.11357389169636364,0.1373783068261308,-0.07875696969445867,-0.14452657426342344,-0.08969299801156397,-0.044374060137496056,-0.018385734282218194,-0.01588852308150281,-0.004141121894081876,-0.0032445211295412907,-0.005766847702525086,-0.026605559286712464,-0.006696098330281942,0.005752071521175254,-0.2599704171995454,-0.1435411731246823,0.07164240956599655,0.20359134458397332,0.34545315942952265,0.18984500062980114,0.01589954208639269,-0.2620126691270092,-0.621936142260081,-0.5823133746540227,-0.4742242533144879,-0.41647591060581485,0.2514268419112016,0.11756554437578866,0.11472222981975959,0.01381604036441479,0.04692675277482871,0.023147232019378548,0.11737491710876735,0.24084038623254522,0.16720922309143182,0.2172603422282912,0.3131267450201931,0.2737767909142869,-0.291078944270944,-0.5183036527817405,0.1366425876279204,0.813798711580418,0.5599963379708647,0.39504316762050057,-0.665999571290515,-0.8251833417849863,0.2690962026616947,1.0,0.7912241906745585,0.6916096877746272,-0.2639814456282055,-0.12223750387658969,-0.3469333987708776,-0.46093673818610187,-0.3961998440107728,-0.3984836394817607,-0.7552512023066364,-0.7528720371489415,0.13698678510850645,0.7752722027964208,0.6952377711881947,0.5755784607629871,-0.46539625546382213,-0.39600426921918286,0.45251552803182493,0.40451462015398953,0.00119624137808572
dwt_cD2_std,0.0039052392183210683,-0.011635000400606901,-0.011634113040364217,-0.5888296499081703,0.6055179434749032,0.6111715542111164,-0.08628929970750351,-0.29738742091142045,0.26333169310219373,0.41736473907937494,0.08100860898312791,-0.011635015753002626,0.6111715542111164,0.5984319455197676,0.8291012354683183,0.7590742978126999,-0.6268939579275269,0.35930335990389944,-0.011634113040364217,0.9816704108710286,-0.49758064101753496,-0.2578519872479279,0.02970588511346372,0.08100860905661124,0.8857179282348531,0.7018862083648252,0.795885299602667,-0.3056249989160936,0.8756644093766592,0.147378972255454,0.8296824409485165,-0.5365692643572783,0.2941498821702699,0.3300529588375056,-0.7090299198132552,-0.32075440429529617,0.8157112134952302,0.6829170401552076,-0.6390274409111709,-0.45100914313608237,-0.748730638523763,-0.2893335924734991,0.3962682556082705,0.7549764353632495,0.8408421396496951,0.5960329018546017,0.6224109836166446,-0.8535335383326792,-0.615217732726329,-0.3756573676435596,-0.36251985627360983,-0.3406718360596406,-0.2377350754526711,-0.25647166723459774,-0.3028806606845478,-0.2963599835166324,-0.24116634171052723,-0.23618395992683489,-0.17672177503894565,0.21266565459212128,0.12936454578911089,0.0939419445227448,0.2836699707014307,0.23278239017065985,0.20561747682038148,0.14166648215892175,0.09525680623910555,0.03353174567056184,0.006890241748131164,-0.016261772273887375,-0.061082073330333705,-0.08932551779355791,0.11077110876053724,-0.0781340275954607,-0.13620388283562954,-0.09362683357105572,-0.03492313751769127,-0.022845827046599085,-0.004630328146660963,-0.014156875128857188,0.0017264594283232031,-0.009610705379598593,-0.02095704716412139,-0.010945318509182017,0.0028857632052513445,-0.35150263626103057,-0.2120172781851785,0.0078334949037107,0.1508006249625789,0.2954523136709746,0.1637777728965435,0.024662733490052238,-0.3005248906300248,-0.7307766706431638,-0.6879794034930141,-0.5893348084582989,-0.5106099475434207,0.3910432542636435,0.2826062184527067,0.2649313259592873,0.16926604689029304,0.18150453292921817,0.14163229840384836,0.241438151123091,0.3589306148919169,0.23041399887524547,0.32185113394283044,0.4286137721080811,0.4157645947046346,-0.22492051661214998,-0.5013318231296431,-0.0613174136396031,0.6981312251316064,0.8675047229694217,0.7469067684846239,-0.5614377517100341,-0.8421075712826721,-0.10125011120226292,0.7912241906745585,1.0,0.9567403256570317,-0.33533854734697643,-0.13345443560388784,-0.33375187354369446,-0.4535174575406129,-0.45630530061390107,-0.44026989365469194,-0.6509011030042485,-0.7602386470557705,-0.18290270359208774,0.5859715692423224,0.8443691586128735,0.7991663947536126,-0.4309886611324579,-0.23202944623265848,0.4578648126082521,0.3906319566568759,-0.08041992904684594
dwt_cD1_std,0.005449216456752188,-0.012897850843927266,-0.012897006126769075,-0.5279549949009522,0.5420358994398033,0.547489197950539,-0.07133012571302458,-0.26841907723068253,0.22320573678827751,0.3586406149998924,0.08310687807244768,-0.012897865415253996,0.547489197950539,0.5350394091195942,0.8051389639075246,0.7642444415605221,-0.5677668165365265,0.32979175696015356,-0.012897006126769075,0.9593010616074039,-0.45541000141852983,-0.19749116671076103,0.015478747632424943,0.08310687814304984,0.8493323862834952,0.7177494930549013,0.7527824147098582,-0.24304767144431857,0.8321793120923551,0.17332031499100534,0.7851379779776039,-0.47626889148717,0.28651778759188185,0.320722214667094,-0.6429970714236771,-0.2681296768376081,0.7514411175567742,0.7040896477212587,-0.5723398780343996,-0.3959319375843153,-0.6851139280503797,-0.3020583808366819,0.311783107397651,0.6484997053881725,0.7908442297996362,0.7315426401821286,0.5623388933391574,-0.8197741438363991,-0.5171490526806873,-0.3365672812563128,-0.31215360306581147,-0.3069210775185802,-0.20121746208535743,-0.22462291182049413,-0.27097650166954823,-0.27095569227193883,-0.2177881310304628,-0.21942180290071064,-0.16186411927435207,0.18901927420781006,0.1579785383857621,0.08582977006375092,0.26824607685507135,0.2230453829321586,0.1962026995222729,0.1370302242841791,0.09844070661246915,0.03770449086374621,0.009650276917789767,-0.017677272244381037,-0.06449259132414532,-0.08152957476239746,0.08942908611512229,-0.07102387636863913,-0.12002843898776462,-0.09154764897059903,-0.030390677839730245,-0.020896737529925626,-0.007761784285778589,-0.014527647367479501,8.041794064658992e-05,-0.013751730042819965,-0.020046319348782544,-0.007156039851697571,0.0029635133911486214,-0.3794607505833649,-0.24509864792311176,-0.03638003250764635,0.10645720464212301,0.2549799866455117,0.1540662046256712,0.04740566984950938,-0.26931166698932374,-0.7195121351957235,-0.6853088254505373,-0.5977868098696572,-0.5221659635254328,0.4084539309289032,0.31286136481727844,0.2964442628327915,0.19542886163070516,0.18749644187889455,0.12751532408132418,0.21210763841617733,0.3285720170445301,0.21718960424191747,0.3191239274901272,0.42645523601554075,0.42702084568294957,-0.20744064890587158,-0.46161399670370645,-0.07800646510233872,0.6245642352765278,0.8512611013624863,0.8547615958474745,-0.5079533206911578,-0.7866538785385147,-0.14481400189900362,0.6916096877746272,0.9567403256570317,1.0,-0.337445149347178,-0.1391095851597889,-0.30965072997601095,-0.42447161688373014,-0.40780271245225813,-0.40456426160402986,-0.595050231920987,-0.7130294666721655,-0.21710396631638,0.5022497547617824,0.8349653021288475,0.8562877324280896,-0.3860178269379564,-0.1908991687306593,0.4112837803474293,0.34214106882040435,-0.09109111779457829
dwt_cA5_entropy,-0.02673591574831084,0.014166386467097284,0.014166138067421829,0.3544086481917644,-0.302946371230704,-0.3331362269985545,0.0018703153457766792,0.4800764046414935,-0.054533003469569734,-0.26745787963166645,-0.209645380412119,0.014166392789825217,-0.3331362269985545,-0.3180153064516131,-0.3690125392818342,-0.2707305439808991,0.47461978232783314,0.062468010675668914,0.014166138067421829,-0.3424239027765448,0.2536538199254675,0.018001582243718214,0.03249826472944535,-0.20964538045073125,-0.34926069661792597,-0.31203538048690854,-0.26090119382601634,-0.0750304017169733,-0.3192841087592981,-0.15187618611585632,-0.30310515211024847,0.00229860699514492,-0.19416758462255462,-0.27435013963245924,0.2751262093846845,0.05987730236089191,-0.2484018386988389,-0.28737343298190793,0.20668284556260655,0.2754640168716493,0.25482957167059644,0.12429887433737836,-0.11745098934337997,-0.29600053115906727,-0.2914005474829251,-0.2545235582875333,-0.014574222071031177,0.3089571132954162,0.2264447160341485,0.26518757125327064,0.20635003391206547,0.21399691194296655,0.1720633806318784,0.18639520786068814,0.15847796954844326,0.13389564800328696,0.11630207938922504,0.1424299310688202,0.1143266963844697,-0.17448946023875078,-0.22240891637864113,-0.10287299328982978,-0.14186186751278693,-0.08700901732894183,-0.08463620032750029,-0.05865990256019999,-0.05730636107908767,-0.04368213389394991,-0.022388689964246325,-0.00019130604572488875,0.0143421907721976,0.024450067099192188,0.01710030485848361,0.012044005602857663,0.027800761990958697,0.04581767921019221,-0.009365238341344881,0.012575971699267675,0.005226844318361181,0.011726747853914383,0.00012284270785563436,0.01332894738064536,0.011192615559549693,0.018124739805222202,0.00999101730633887,0.21356567599580678,0.16248080307073365,0.05493989745060823,0.004625855848249728,-0.054233318614329194,-0.04804749020105257,-0.038269922075878704,0.09132093474913654,0.2894971754549668,0.30819264695415366,0.27623338072013065,0.2543043859785903,-0.1965339068691109,-0.16573865397092502,-0.15065707968660733,-0.08404142764376327,-0.09315840351090218,-0.062387657739043936,-0.076749802751306,-0.13188204853497493,-0.14220462120424718,-0.1637889319355035,-0.20389718300682644,-0.18862831231322608,-0.1438261779978515,0.05359664857946664,-0.09572886436517701,-0.33959972251259335,-0.3603247204719457,-0.3158064266128475,0.006499701141390267,0.31070887954227927,0.06461036944823115,-0.2639814456282055,-0.33533854734697643,-0.337445149347178,1.0,0.6043401779884778,0.4627557696500756,0.3535271742526605,0.2588442419230391,0.19808971578001397,0.38082905064059047,0.5003064561783063,0.2998370982034184,-0.035682351305117425,-0.20644149013667284,-0.23444073397778398,0.5466573016357007,-0.29108228947273457,-0.4489472946304285,-0.3596721403418144,0.2523477560471266
dwt_cD5_entropy,-0.03008115960965979,-0.0046294999740065165,-0.004629534096012929,0.30649287938324565,-0.2258707147931971,-0.26770861068279583,-0.007939589488342754,0.6770626081320343,0.018238644995700052,-0.23068585050177873,-0.231081455311876,-0.004629495226653117,-0.26770861068279583,-0.24225737349770637,-0.19669021389005778,-0.15526276973902298,0.5112709323152737,0.3073751933209033,-0.004629534096012929,-0.15864475026788433,0.24150460263457332,0.025092985935543422,-0.015082596007160191,-0.23108145524596813,-0.17564763993120844,-0.23264015298862425,-0.13105105876471132,-0.18420712018826835,-0.16257888990932864,-0.21874755405069554,-0.15811174635006275,-0.13230595943110798,0.001821902469797716,-0.014983641243420835,0.17436835354273156,0.0038510521587998277,-0.13864515399616673,-0.17063779710739907,0.1902172185769425,0.12824435769622125,0.2032716010635136,-0.11127433197319646,-0.04602548870567343,-0.14077664110808907,-0.12617109430304077,-0.10135292149881744,0.1633871894170119,0.1273660904363276,0.09964609846243241,0.1939442795239644,0.16086677530887467,0.21962082126475158,0.21761349229672425,0.1974065658755836,0.13511281144132103,0.13244910379964867,0.1310544240707597,0.14994562531717653,0.15051693137275554,-0.20711378318956727,-0.3545879863362061,-0.12177065585265757,-0.11826129047140788,-0.0980566908804753,-0.08839243967010554,-0.07681173953862853,-0.06726096334272268,-0.06274559387827339,-0.05863933563940238,-0.03799875835939245,-0.027461377212069843,-0.009567062208536049,0.04132230120740524,-0.02330965429989004,-0.02137631723323624,0.0036467491295403016,-0.013756695820613356,0.0012850414136247712,-0.0028046308182700934,-0.0059759774483722165,0.0008982869144267373,0.0072408491478940015,-0.0011769182454124537,0.0015435162178028582,-5.498488844050513e-05,0.13111985506486676,0.11448499445289627,0.06742545215575739,0.050366840641447634,0.005653758754138064,-0.04538066177189468,-0.1013651339150682,0.01357359001404658,0.14353239164893838,0.14836201256605402,0.11923818511506544,0.13277050465594242,-0.15936636340359014,-0.1435130262710576,-0.1287521558330116,-0.05627752402062341,-0.05819899263175366,-0.021104409330379686,-0.016807925998696373,-0.07307198264759464,-0.17457809458397888,-0.15277708405347104,-0.14941638733253035,-0.12683713472569616,0.006944124270964538,-0.07095496658632405,-0.2101856636831347,-0.23540911298152944,-0.2183899724181792,-0.18780514885542351,0.20777776082733682,0.09913727503484572,-0.10311360110427037,-0.12223750387658969,-0.13345443560388784,-0.1391095851597889,0.6043401779884778,1.0,0.6726095390012654,0.38956458999720806,0.24805738736123878,0.17268331557693384,0.4060834183739867,0.4665705754944381,0.3203241614948488,0.17912732954762478,0.05501927824392604,0.010216119365312503,0.7192705346175613,-0.545130330948624,-0.4689919267505304,-0.3354107491617024,0.3013629169989867
dwt_cD4_entropy,-0.014009969808316937,-0.01063430469841599,-0.010634734972493958,0.6030159626145494,-0.542144206392119,-0.5818875897361114,0.054403247994571545,0.6731520500251954,-0.15905839324629661,-0.45028315865415025,-0.19790244280494337,-0.010634296369957278,-0.5818875897361114,-0.558626248856504,-0.2425511481289483,-0.24291766371695286,0.7785914244622807,0.20092846046209542,-0.010634734972493958,-0.35010972608340524,0.24942483760554002,0.2001654608441344,-0.06390769433328752,-0.19790244276362326,-0.2844645071667002,-0.3303970367483377,-0.3286953406399849,-0.10705504994508298,-0.3104257546217208,-0.2641999451187364,-0.3207681637621354,0.005123668162525852,-0.05275857954246026,-0.0983828429432292,0.2969821782957156,0.05455303425398746,-0.34635425761348254,-0.21215037175004797,0.35067308034635597,0.4027063528735053,0.3464687713105468,-0.020569317671739844,-0.22134446491708526,-0.31859097493921296,-0.2510889327906482,-0.13442439603172063,0.0010240496164095267,0.2999496789175749,0.1518708738040876,0.10755259716631708,0.14483835397698136,0.17762691315031837,0.14147054110642873,0.10872601640982318,0.10810232421573542,0.12145663917572604,0.10582713955418299,0.10401458998775934,0.08994179983411181,-0.29241497745847883,-0.28876160549466906,-0.009049055898266652,-0.13038015940369693,-0.13346459088686458,-0.12424376497716753,-0.07112544294713355,-0.02412125714352021,0.023574363673635756,0.06467500770241429,0.09318773190516429,0.11960940283963797,0.14829045929859896,-0.03962865388183867,0.010082793240419434,0.05172687428594497,0.06197262460564788,0.029487211876387715,0.017642088966743397,0.0029952640190335574,0.010044197430785128,0.011094975955304492,0.005552557944074032,-0.007973563072616943,0.007286130872779158,0.010848842349497949,0.023107019433351902,-0.042865995361685616,-0.13461031546788757,-0.17436607974282017,-0.1968778887648831,-0.20355807648058738,-0.2255734699933072,-0.009347845192660029,0.2330518231138621,0.19933289794647627,0.12420516622649233,0.08844795118773814,-0.14255304385405662,-0.08795365017134565,-0.04664324009993216,0.029423455878158776,0.0228036396012838,0.06476241527355173,0.03617361238719138,-0.041862145779063636,-0.12811946197367233,-0.16090231002741245,-0.17298519257896938,-0.14540778396201867,0.055055048073139184,0.13318298610864102,-0.18087671194414703,-0.4055984307994723,-0.35032117188497547,-0.2678664328410242,0.2703832192025583,0.3639882209935577,-0.13121033860566794,-0.3469333987708776,-0.33375187354369446,-0.30965072997601095,0.4627557696500756,0.6726095390012654,1.0,0.7738701436955383,0.6202339581238742,0.5489086191957304,0.4052680782014153,0.5646440899615632,0.4256661052971391,0.1495262229608799,-0.02018694243614271,-0.04155851544486334,0.8027384733522397,-0.34738279982400183,-0.639870375684233,-0.4849439168180972,0.18480646236307927
dwt_cD3_entropy,-0.015367739389784656,0.0017267372900073151,0.001726011611707679,0.719678990411549,-0.7131174334891976,-0.7317680989426171,0.08425200914220202,0.48064533713632945,-0.29407462198063344,-0.5231946914637192,-0.15423472888135026,0.0017267472849065504,-0.7317680989426171,-0.7226840397781495,-0.22932477343699997,-0.2610103219761181,0.8250828672268644,0.06573353766258112,0.001726011611707679,-0.44673505118558227,0.12437815834177549,0.2830674323774714,-0.04813687308873603,-0.1542347288974449,-0.3278937684988018,-0.38907867026906956,-0.43370303072282135,-0.028044409115697864,-0.37876390468908266,-0.2856845589645577,-0.4067715955005924,0.0992741203128415,-0.08155598255373694,-0.1613076321715444,0.33246819681273054,0.06350308665243345,-0.42969312649428315,-0.17463801041730057,0.3754278756291875,0.5436782736997077,0.3298213430264726,0.11734932449280697,-0.22364191497359878,-0.3960529716149442,-0.3005702911018978,-0.16875499176690195,-0.1396724871426295,0.40862055709447476,0.12065092371816329,-0.011486526562605983,0.04873580586200536,0.0926532308351991,0.03894841280974135,0.03494336499681822,0.12001319607453803,0.14276728597456487,0.1188983815507461,0.08998823060601066,0.05479654956113848,-0.34747639843984524,-0.16376392751835164,0.035676004795232044,-0.13461145513666245,-0.10683263370702378,-0.07778045569172631,-0.0011304310829043734,0.05421740061318688,0.10106639831755977,0.16569358977754187,0.1871927398633587,0.2173279722056232,0.2545385606752718,-0.10545401277254081,0.06993098297968026,0.1340550175730938,0.09457885650876281,0.05070550479062011,0.020706955633642075,0.0162869017105313,0.011739230910510684,0.013064773226700988,0.006644160808955946,-0.0031885946531954572,0.01947841419176035,0.008944685317754074,-0.06859893503539652,-0.15701880378414104,-0.2652615003495191,-0.32173613629332076,-0.3490530960285474,-0.32775479686240394,-0.3130786124920575,-0.06831105664690805,0.26131360393948605,0.211930751970224,0.12259566181369395,0.04211986251278565,-0.061762871474434475,0.004430381170732856,0.06457210834563856,0.12414868702834934,0.11170739340286623,0.1668854234060003,0.10925382185824113,0.032365859002969406,-0.02870719501202839,-0.10194231414918209,-0.13218763563267236,-0.08726617670772763,0.024126710647683857,0.2050801652406155,-0.0455975621686985,-0.48205505196791415,-0.39752031198419874,-0.30353121833281566,0.2052485501640624,0.416442079166423,0.03008519843499316,-0.46093673818610187,-0.4535174575406129,-0.42447161688373014,0.3535271742526605,0.38956458999720806,0.7738701436955383,1.0,0.873904679075867,0.8231400453041247,0.3057089181630305,0.4692835741965812,0.41964456060593947,0.09545490537124829,-0.11023544824296198,-0.13029948696819116,0.6482778608797185,-0.08539404928540188,-0.6076619165856999,-0.48825246843592035,0.06650560412812496
dwt_cD2_entropy,-0.01435444348191454,-0.002171287303106552,-0.0021720290817827215,0.6414128105473674,-0.6448359242749125,-0.6574206147363058,0.0954569999579861,0.347750163415627,-0.2818912769155708,-0.4519915495799071,-0.1541386628901705,-0.0021712781593985087,-0.6574206147363058,-0.6509893597994582,-0.1466715763449929,-0.19770547094471266,0.7114667603006994,0.0411934307226003,-0.0021720290817827215,-0.41163036196508307,0.012037263210008566,0.2925014969113559,-0.035509818246755,-0.15413866289157166,-0.26728947468231706,-0.33940011449466434,-0.38213613964882553,0.042942145176565756,-0.3241871512960509,-0.22617130926220871,-0.34916628897819757,0.15648394937474405,-0.06898398384492806,-0.15238964458006302,0.2931856290308818,0.05574069607248209,-0.4001366548318128,-0.13824382104555874,0.3335242439590355,0.4790750276632542,0.26293113523446454,0.16670619653563454,-0.1860869050357336,-0.36407459435858247,-0.2882558968219768,-0.14585792001719916,-0.15490028843158804,0.3589871464829484,0.10916582011704214,-0.09892873029335926,-0.004673495407922805,0.00839326856917002,-0.04428915933798295,-0.029694406191447822,0.11514786909871748,0.1272226827670887,0.11181921936270728,0.062149225730463005,0.024667954756793866,-0.3769055390833043,-0.07033761096546384,0.046830791054151055,-0.106684562703666,-0.09998028139803389,-0.06600881300573973,-0.0038402402882836903,0.05671178658776741,0.09961925343267693,0.17217759833047439,0.19478919126497643,0.21507341786500953,0.2631333323560443,-0.11134237481614162,0.0741202805015757,0.13169005173610693,0.0832386698102953,0.05338943563240774,0.01529273609947274,0.012366613087356215,0.0134178997078748,0.010837457551303277,0.005210970683736788,0.0005099414971910878,0.026025318049615973,0.013624611120062923,-0.18328119679497995,-0.2613985080599899,-0.3430316464548593,-0.3891299044985696,-0.3982361210588098,-0.3541675098086379,-0.2991663425942852,-0.07973162487944038,0.18958240063087586,0.1248258251718845,0.045712241858220655,-0.052913093100564926,-0.007463571252105244,0.04786073552674855,0.10452022081978687,0.14060156026082335,0.12695949329023193,0.17317366326607375,0.10569181815742089,0.04631716634617509,0.021438795672891475,-0.06099746800847232,-0.09380617722536176,-0.047225529398445674,-0.005900345319219798,0.16795388793298743,-0.006013350503586139,-0.425157228891737,-0.38904715337447,-0.27626529046984527,0.14476559811358122,0.36063112406113773,0.081673989735634,-0.3961998440107728,-0.45630530061390107,-0.40780271245225813,0.2588442419230391,0.24805738736123878,0.6202339581238742,0.873904679075867,1.0,0.9467259202956831,0.2087857005814958,0.34944201721535656,0.371191179481666,0.07686641552378283,-0.10167213659570541,-0.10233128553991729,0.5028246175543506,0.003073120605423033,-0.5105635193675208,-0.41796162255820646,-0.001175280272337578
dwt_cD1_entropy,-0.008018505488067864,-0.0013930671660292067,-0.0013938489312318582,0.5985953222237503,-0.6118644325485619,-0.6192214473672956,0.0903093010487455,0.26573634006271046,-0.2843042151008719,-0.41417494276462524,-0.11455876273945079,-0.001393058774318895,-0.6192214473672956,-0.614286848056029,-0.1314535184916242,-0.18671024658842747,0.6517425626547911,0.006404268570656575,-0.0013938489312318582,-0.4013262934496464,-0.03575561105007597,0.31332930702449774,-0.05343492146637992,-0.11455876274041457,-0.2602693323185656,-0.31331075060149566,-0.37123306163180053,0.09857759980189172,-0.31875964389672656,-0.1826713292767835,-0.33861165136506716,0.2210094049642059,-0.08634704953404317,-0.15772413095186455,0.295881830684302,0.07595984240683441,-0.40054152821435185,-0.12140234682090925,0.33080035942904196,0.44920701087881604,0.2477663947939583,0.1832401939858312,-0.1918938431484075,-0.3635195782677059,-0.27166984390965343,-0.14135610293950357,-0.1868923451317759,0.35409982444859184,0.14012676843585342,-0.13545088440044345,-0.02173940279903391,-0.02470241546310252,-0.08169540273359553,-0.06650829645704308,0.1120815803122762,0.1283763397229401,0.11163338201897854,0.04303163960407414,0.02115575166402974,-0.38240279074210576,-0.007888290016107155,0.07386070086086266,-0.09523669112145458,-0.09803917363599143,-0.07121217286478211,-0.0024355218040329344,0.05635950281694755,0.09912588915630893,0.18058295706996322,0.2079364944218483,0.22393196511308242,0.27488848774819863,-0.1285747964617809,0.08227248408900528,0.13754763199899186,0.08311058334204131,0.05335955026400957,0.014665463995037965,0.01801597832345969,0.009724235168531862,0.009720112455909306,0.006712850026578106,0.007004627690623338,0.019553105534393204,0.014487694364573374,-0.22073724354427782,-0.29451841217157326,-0.36390589266096107,-0.4047587245471514,-0.41079774695564486,-0.34603310190696557,-0.2651387702924703,-0.06297620435593065,0.17348355275507502,0.09352937385720456,0.011095266212369448,-0.0872169826065756,0.015557382700413985,0.0720490092216876,0.12061163329472417,0.14658056535900182,0.13383446889747566,0.1690991973169695,0.08967782362293907,0.04325096469752822,0.04672766808571235,-0.03845227581815342,-0.07679157221510392,-0.02967538506040667,0.0029407586638373435,0.18606695663079226,0.031066908876052825,-0.4087644273725977,-0.3560704744753938,-0.2586678495432383,0.13205566774155844,0.3509843843039408,0.09347320193663286,-0.3984836394817607,-0.44026989365469194,-0.40456426160402986,0.19808971578001397,0.17268331557693384,0.5489086191957304,0.8231400453041247,0.9467259202956831,1.0,0.169094423231657,0.30444926928945665,0.338944697469372,0.036789056291315306,-0.123773108424433,-0.11582949941942806,0.4194178839952857,0.07151132470590263,-0.4580124789359789,-0.3790827259507531,-0.043757525060029966
dwt_cA5_mean_abs,-0.010449949908143139,0.00867425732417802,0.008673754320571337,0.45261637807794625,-0.44339477208420197,-0.4573433614839205,0.0282114090345552,0.6325737388035366,-0.16562281770403176,-0.32084416891059714,-0.11924714862996147,0.008674271067165996,-0.4573433614839205,-0.4382026792927429,-0.7615466194585725,-0.5844361680514099,0.6374541664472297,-0.12294151391537003,0.008673754320571337,-0.7265001876302305,0.7199982358590198,0.33452471397671085,-0.11125894867735958,-0.11924714867952024,-0.7761699365261236,-0.4891852953105329,-0.615013777840716,0.23631227875478214,-0.7414318611874857,-0.13264750590502936,-0.7070885118290152,0.3901381950462523,-0.21600567680691546,-0.20756296018786943,0.7893335659487319,0.4717671669798652,-0.7611725030988179,-0.5142953151622794,0.767990964477046,0.3179591999490468,0.8671721162613876,-0.3144302657405339,-0.6000476512108973,-0.5958840058458089,-0.49318236133222704,-0.32099359638197195,-0.5662225061584503,0.5918923653473438,0.641024094745611,0.6976133113779904,0.6903992000087238,0.7137344990313657,0.6552475665774067,0.6093557790568838,0.5563284193593844,0.539354044804095,0.4789468803986986,0.49375308655309674,0.41378831667136895,-0.1671939947768268,-0.2354260072467018,-0.11828167298957108,-0.24018367601452506,-0.18655949856117512,-0.16771692367775606,-0.10678937806476646,-0.08807263048964663,-0.04190490045431607,-0.03766192914717703,-0.01849170322026119,0.009112358381323741,0.041047928664505594,-0.07900202181717575,0.03439000002965264,0.07877231699843901,0.05444552214552719,0.017673158826964457,0.0050123382855730494,0.006590811958644962,0.002235145283413767,0.006805834394483382,0.014095824104714967,0.014182235963079041,-0.014277046990026718,-0.00866460269519947,0.3167336919254511,0.22651078822121473,0.026196901752597413,-0.08680713137358254,-0.21872174293160793,-0.12004709213351815,0.015354305954684564,0.2432878679069559,0.5372499920700513,0.518916212687947,0.430779092541278,0.42292971447256456,-0.3234734628864669,-0.20560066339536595,-0.20537439723101936,-0.07049106736588512,-0.11881772691416004,-0.10393430960762748,-0.16759944829469808,-0.29443896943994163,-0.2744831673678486,-0.27993776716444874,-0.36581929431173604,-0.3137327443237509,0.3881363104438958,0.2903620903212184,-0.3162679508461678,-0.5935974831074193,-0.5168479884228313,-0.4236558727420399,0.8559049794230876,0.5918382462798047,-0.4925327931346707,-0.7552512023066364,-0.6509011030042485,-0.595050231920987,0.38082905064059047,0.4060834183739867,0.4052680782014153,0.3057089181630305,0.2087857005814958,0.169094423231657,1.0,0.7328009661042861,-0.23849305205023633,-0.5911730712170451,-0.5620246239299329,-0.4964241044097425,0.6673324787890581,-0.032070916521616456,-0.3698361709601375,-0.28784293087099916,0.1329384655254399
dwt_cD5_mean_abs,-0.0032260406561781074,0.01419612683757477,0.014195514294574576,0.5243160697921981,-0.5050815671718257,-0.5249643258598464,0.10187657556727837,0.6159144327001067,-0.201608769597169,-0.42328789333477174,-0.028242645495447985,0.014196139200938124,-0.5249643258598464,-0.5035920973400307,-0.7703747252463188,-0.5917591480687581,0.6753878285529668,-0.06262222510651905,0.014195514294574576,-0.8037860405432972,0.6026256439578758,0.18457418181660723,-0.08740060439129856,-0.028242645572073,-0.7809571729857343,-0.5322470457883856,-0.6084043981884892,0.1364698675812668,-0.7307423251391264,-0.1154861388608775,-0.6811865843956559,0.3426419351711193,-0.281323512103691,-0.27467286754864806,0.6616032546696593,0.2861634531225319,-0.6794779467622877,-0.6441054390925007,0.5814797220397084,0.38592372771683,0.7849255593536735,0.10417174194696482,-0.5449333957016257,-0.713647969562311,-0.6500829033581258,-0.4375530394768541,-0.37517976384641544,0.6986475490276021,0.6392334954143777,0.5744706596737408,0.5389696032961921,0.5013069550955699,0.4040127619169499,0.35773564572893934,0.2993180946944692,0.25530249112725234,0.1665213694922401,0.17411527054468526,0.12256154222728417,-0.25017660497847244,-0.26063605736493833,-0.0894349874210495,-0.2927980265410625,-0.25562774096774726,-0.2356360757608361,-0.15931259962616287,-0.11549637168833575,-0.05963792025411123,-0.05249964024407033,-0.031229673171541936,0.012725258807787819,0.053732082531807765,-0.09314305123154651,0.045143907010639396,0.09649370835105585,0.07596425930762772,0.029134305897365483,0.018794073970359405,-0.0034988776041216412,-0.004539447816199648,-0.0004539869753072007,0.008265180363901886,0.016777380373320466,-0.0010581865197715136,-0.001662223601270673,0.3600339427210316,0.25718631959358995,0.0765316295047838,-0.02755439571716332,-0.15578180795803012,-0.07217613245056556,-0.00831355465002146,0.27016318861032795,0.6182344218118216,0.5939345779991607,0.5060227200063427,0.4645406278383901,-0.37990360113385085,-0.28380096340368516,-0.2726909067381716,-0.17552669762391604,-0.19616371486761766,-0.1639837369813833,-0.21815123680022097,-0.31628721450370534,-0.2647040478472951,-0.3091597837311307,-0.38173100270499405,-0.3823674035537391,0.2243451085357356,0.5480802800869349,-0.07761466530219957,-0.6550445285015343,-0.663218524128327,-0.5596674927215882,0.563634096931755,0.8884997483221402,-0.10122902876270244,-0.7528720371489415,-0.7602386470557705,-0.7130294666721655,0.5003064561783063,0.4665705754944381,0.5646440899615632,0.4692835741965812,0.34944201721535656,0.30444926928945665,0.7328009661042861,1.0,0.23255708113688786,-0.46774425583560125,-0.6152962097174419,-0.5755793594788069,0.7173006009319182,-0.08001117101516612,-0.5236352892903332,-0.4220338605567684,0.21402857200113076
dwt_cD4_mean_abs,-0.007885964436457185,-0.0033748357691007454,-0.0033750306959758345,0.18587092859157978,-0.14978665559390777,-0.1695806994840262,0.01365454446119928,0.2590702110582093,-0.05373231092775345,-0.21622316807934228,0.026883390885097374,-0.0033748360253398166,-0.1695806994840262,-0.15702767932093298,0.03757942463519293,-0.047715418636785946,0.21563758870960473,0.304152452497085,-0.0033750306959758345,-0.10751519817293821,-0.1721765108516392,-0.4177778978497225,0.05643544384021421,0.026883390902139228,0.030572746406824496,-0.18212270403455036,-0.008579211766820955,-0.3011213819347158,0.03122789391938254,-0.13719576193580763,0.03544514021764526,-0.19293964806195069,-0.048310938809649165,-0.05539889188754362,-0.2683900604548457,-0.44294703916025485,0.22827166474020785,-0.21165724628964744,-0.3684422849256676,0.13750052346632347,-0.2924121033767643,0.6988220296010813,0.39146044680089526,-0.11101682464522308,-0.30687238479311024,-0.22569599226470424,0.4300034245836352,0.14633670447832303,-0.19495087116491944,-0.4180456061786355,-0.4721385038311882,-0.47698134361330663,-0.48639176045152066,-0.4049624199343969,-0.3558185772684983,-0.3070223455822215,-0.24692378340124424,-0.24813350306758078,-0.1796894785162257,-0.21318290521122102,-0.18978848587360245,-0.0599689642514241,-0.1374053606433907,-0.15220559456342272,-0.11160088184792226,-0.11501459049500502,-0.07992658155845243,-0.06202081219288603,0.009557617252947502,0.02592350966654331,0.03394044854331232,0.04264912920423071,-0.014586825386032827,0.001428078235206025,0.022236834241922306,0.02822411564584594,0.005971055400298614,0.00901933998093119,-0.019084747892340125,0.0071347050990798215,-0.013163539196747771,-0.011213106326439728,-0.003999021511927647,0.014872596553682615,0.0015141256368562844,0.04005009188970532,-0.0016446428744182758,0.004361783099064746,-0.0099807524694641,-0.006480385192815468,-0.06115541779757144,-0.14140174101881142,-0.04388014105683043,0.09708894629590334,0.07606569761307502,0.08007824472672823,0.04315368958378616,-0.050982852106604644,-0.11596777882548762,-0.09150881971137707,-0.11584098671045905,-0.07506206504902872,-0.04306060985816902,-0.0445221074715792,-0.023042045611112828,0.024818512725330776,-0.04714113611811873,-0.03808065809702406,-0.07451179703091361,-0.17757355558903082,0.0773901815086561,0.4841675703859028,-0.04076609138622033,-0.2957099486277475,-0.2798970799841248,-0.2941310516623135,0.13860770673034734,0.7803789511228718,0.13698678510850645,-0.18290270359208774,-0.21710396631638,0.2998370982034184,0.3203241614948488,0.4256661052971391,0.41964456060593947,0.371191179481666,0.338944697469372,-0.23849305205023633,0.23255708113688786,1.0,0.49263169227452297,0.01638631151171281,-0.07099205392715138,0.33365316166798475,-0.4094875027136937,-0.34969874289926245,-0.2618370503044748,0.19322153732525071
dwt_cD3_mean_abs,-0.013109949285991867,-0.017437856057847853,-0.017437392010957096,-0.2182561904159141,0.2630215417897101,0.24831514978335367,-0.07602097152027372,0.06638889762276343,0.1241839897157098,0.08654188729895858,0.003941148819888784,-0.017437865555818163,0.24831514978335367,0.25171427120781154,0.7401615328125605,0.5374293160068561,-0.202162182767867,0.5785160827751094,-0.017437392010957096,0.631073162135,-0.4502334342968322,-0.4628746001758643,0.06422184218215642,0.003941148899469189,0.7519624130685179,0.34775095781581167,0.6088666964592678,-0.49369446647170684,0.7255769503786746,-0.07894340841235357,0.6751576580718198,-0.5862323634887441,0.25081115210450855,0.24047572660299488,-0.7183424086576954,-0.5457453893007322,0.7544813332996194,0.3323686017686614,-0.6654581494796089,-0.17318869650338523,-0.7189210089484179,0.07093871466449532,0.6636817857124976,0.6608412391259813,0.377278601969045,0.17753847492301203,0.803223129388148,-0.6181081301437402,-0.7827460098513516,-0.6403521182974592,-0.5578645042307339,-0.47294191916050565,-0.3929999067102604,-0.3676137387822242,-0.34636068709948814,-0.2901335320749783,-0.21993550114310495,-0.24507306519312555,-0.18937029860318572,0.01152408857531582,-0.10540212134277845,0.020724498062894878,0.11229261150702995,0.05708561383194778,0.06472656704709565,0.03624744190350726,0.037712826763833744,0.023419854743034287,0.05754118628942955,0.06369797347050518,0.04085186216757719,0.035574542181928355,0.08189944519131416,-0.0478218817909343,-0.082334290922656,-0.03969746243645705,-0.01653918303591501,-0.0025592356464968387,-0.0038914259077000206,0.008096026405058602,0.002649280250515353,0.0004775635341712828,-0.03444608578233376,0.0010057009099850639,0.011755753122586978,-0.3325367862769084,-0.2576624443346108,-0.0772548958733975,0.03026095957388283,0.16744359758583366,0.0031854429427432274,-0.17806051592208383,-0.3251698793950241,-0.5320890152269824,-0.5287508825319733,-0.4628237618994371,-0.4341106217687222,0.23322131152400233,0.12924305284409932,0.15484833588282879,0.08352692573180968,0.11455869499722789,0.11070727656760725,0.18010073721752015,0.2611765995749937,0.15158131206431177,0.17993430203641603,0.2626791538488891,0.24180741118313104,-0.27202435238674416,-0.38968752672897655,0.17540035814724592,0.5458273388809312,0.35082902682281664,0.24442581435212318,-0.5635003483371241,-0.6021050140279222,0.3438461603972989,0.7752722027964208,0.5859715692423224,0.5022497547617824,-0.035682351305117425,0.17912732954762478,0.1495262229608799,0.09545490537124829,0.07686641552378283,0.036789056291315306,-0.5911730712170451,-0.46774425583560125,0.49263169227452297,1.0,0.7762883404791984,0.6237795654138463,0.039056157698781756,-0.5792890861212256,0.003744648308037609,0.04436921317717794,0.047783788789398124
dwt_cD2_mean_abs,0.0004537986313535579,-0.015863667830506193,-0.015862951721662594,-0.29810295797461245,0.34389060540801125,0.3304911893662007,-0.059471304176947015,-0.023953909067547692,0.15650770519339285,0.1483861078245349,-0.004416983638818798,-0.015863679296687434,0.3304911893662007,0.331203264293273,0.882758658003734,0.7482494054288797,-0.31159050995749304,0.485168989656968,-0.015862951721662594,0.8485092608543127,-0.4284504404372556,-0.22742566559300095,0.018249520070717336,-0.004416983562741985,0.8904721619617945,0.593923866430253,0.7266509361905981,-0.31378263095445397,0.8474638534520682,0.04685446916610359,0.7856281967373306,-0.5361039013153518,0.3461146327322053,0.3429725338485413,-0.6571348639108072,-0.33492461891190517,0.7200532141748791,0.5933482400256748,-0.550803952568056,-0.23489636426222,-0.6739871680589242,-0.2298390667011881,0.379528991478032,0.663054231668841,0.6939912953298281,0.5474827978439439,0.6814905383193959,-0.8436510692922478,-0.6098524860736263,-0.4058162692284119,-0.35551267970885914,-0.324176347515434,-0.2333621443458741,-0.24989619726120255,-0.2549386459259346,-0.2491268587168965,-0.1935718807627716,-0.21175552590843283,-0.16412092334284317,0.10182164355224008,0.06100091048094098,0.05738752054837453,0.24277814703138798,0.19836359535208603,0.17837451101367496,0.1379529382093051,0.11385879473110365,0.07279325860038553,0.06625179730298056,0.05122765080502633,0.009445833936813582,0.0040968952965259944,0.09147242970280951,-0.05268512018694011,-0.10719102077861446,-0.07305344661855147,-0.018277508589928392,-0.024010797520810968,-0.003983138830485677,-0.010838472639549878,0.006251581601585782,-0.010082689626929596,-0.02822692260761725,-0.006978497992689154,0.008233332301041929,-0.481979540608378,-0.3621288810444142,-0.14654464876643483,-0.004702003368338646,0.1548182415634716,0.027000737843454952,-0.10039072652591853,-0.35545869757984144,-0.7462868985254489,-0.7323332766661487,-0.6594790740021891,-0.6010249161075237,0.35881007308473073,0.2752191111345451,0.28308113245399513,0.20388152957515404,0.22028769431354847,0.18163156160330748,0.2659435072429042,0.34744827943543505,0.17616136170342767,0.2641073733351888,0.3680400668617517,0.36901870606237525,-0.23062328097973034,-0.45065904770808557,-0.06345993471737575,0.5383620940881894,0.6470309625431618,0.5997231653080097,-0.506360140459055,-0.7263609130817327,-0.04704903901773098,0.6952377711881947,0.8443691586128735,0.8349653021288475,-0.20644149013667284,0.05501927824392604,-0.02018694243614271,-0.11023544824296198,-0.10167213659570541,-0.123773108424433,-0.5620246239299329,-0.6152962097174419,0.01638631151171281,0.7762883404791984,1.0,0.9557082791355946,-0.08009962829748254,-0.4110323084730292,0.12805331266164746,0.13086080956725346,-0.055531441945505466
dwt_cD1_mean_abs,0.005486650976144169,-0.014329108107961595,-0.014328437151112566,-0.2671476440425444,0.30859375821034607,0.2964058393393677,-0.0425285664898135,-0.02488126610020135,0.13901485832134036,0.1335353769193738,-0.0025716492708366605,-0.014329118522436925,0.2964058393393677,0.29691813153935653,0.8396367399190076,0.7310062516362662,-0.2819328842155694,0.4137247776263626,-0.014328437151112566,0.8107213874751258,-0.3821332606769241,-0.14323308184900774,0.005183785747547225,-0.002571649208182207,0.8377966149054804,0.59692563768513,0.6640036560055553,-0.21610247679709538,0.7845448905138114,0.08144712949253045,0.7256814773269799,-0.44793315044338133,0.3380625992701711,0.3340421479287986,-0.568994992648622,-0.258809448689549,0.6273725592473028,0.6027052003718975,-0.46439092495303275,-0.21147602698377388,-0.5924263602530707,-0.2492882443589924,0.27620390892032376,0.5521956116756979,0.6408135194184229,0.6437629912453253,0.5712747377407793,-0.8003546711430441,-0.46997188687613334,-0.3470281273631189,-0.28172302456724335,-0.2759719347931449,-0.178471068657858,-0.20892268521024338,-0.20936425345286977,-0.2180584135439347,-0.16210108190130326,-0.18920191500076755,-0.14034302870002222,0.09487180746026348,0.09516917733243155,0.05859234585393249,0.23230454310209095,0.19529393559400415,0.16687983330599523,0.13026559770500598,0.108812071383034,0.06900426580936174,0.05492811382234501,0.035077272029704246,-0.00941328124395899,-0.0032471806250125982,0.07081369771057121,-0.045157344145955555,-0.09413205699310662,-0.07410884442759817,-0.015352310618486836,-0.026268657656314188,-0.006723087030398333,-0.013168846039654012,0.007364085429489259,-0.016961961731288583,-0.023112437035641063,-0.004987519502681938,0.0071191379219293395,-0.5038659511508623,-0.3908251275252838,-0.19174928433401084,-0.05287942079153961,0.10539676299443639,0.0209460561412701,-0.055116446471671715,-0.29459493989389657,-0.7214521165396665,-0.7186420659089938,-0.6597903047332275,-0.6047246097488371,0.343945176403271,0.27826952192154236,0.28535959371322084,0.20554552604611318,0.21070200153889126,0.1542073982543297,0.22530473473240487,0.2947663752410817,0.14215967572658053,0.236692881536236,0.33690936979302494,0.34944631975470447,-0.19621779992722685,-0.40509548726502376,-0.0905524369873503,0.45613896336950116,0.6314022000074252,0.6774786778014068,-0.4338213334739369,-0.6662956194736931,-0.11151430319112232,0.5755784607629871,0.7991663947536126,0.8562877324280896,-0.23444073397778398,0.010216119365312503,-0.04155851544486334,-0.13029948696819116,-0.10233128553991729,-0.11582949941942806,-0.4964241044097425,-0.5755793594788069,-0.07099205392715138,0.6237795654138463,0.9557082791355946,1.0,-0.07835231076634062,-0.33956663886801763,0.12243603715200893,0.12128971679825659,-0.07293398668233443
env_mean,-0.018490338503981994,0.0019652013582589856,0.001964796011591734,0.5672279274635286,-0.5182375088832433,-0.5520210558226928,0.05041827123040529,0.9119150338892581,-0.1965661517639274,-0.4922511851759325,-0.11476260283414838,0.0019652116662688558,-0.5520210558226928,-0.5261336858426781,-0.3813069265065406,-0.32460146879983526,0.8026905293366775,0.2669253915037353,0.001964796011591734,-0.4669527090790662,0.4625056194133927,0.12531174398214762,-0.11075326563983012,-0.11476260285464368,-0.4213227614825786,-0.3869083380251578,-0.4102531463782036,-0.06591930283418963,-0.4329128938806332,-0.25278016535732306,-0.43402969409547343,0.06352331606465014,-0.11570649845449126,-0.1321740824308892,0.47348431205029673,0.1660153220616421,-0.4294136330877863,-0.34783357294476763,0.43870608392565985,0.41050938477647564,0.4986142849974409,-0.09688529068643688,-0.3125300484190061,-0.40507550353420757,-0.364066372510954,-0.1960237358616442,-0.09502469785354656,0.3564051623363635,0.3051491083371695,0.3446857439823987,0.3537029601257164,0.3917783983255759,0.35517676293793526,0.3167940368763513,0.27621543174063157,0.27077675587986644,0.23543467791906045,0.22871466249824224,0.20481870251011192,-0.2640967002789047,-0.3445105424353297,-0.07249048613303251,-0.18731657400833157,-0.16360267692963057,-0.1408064560471768,-0.08884160422278106,-0.04901182793997931,0.000768319298962669,0.02884324010285723,0.052481391831847884,0.06857500561496448,0.1201166923760259,-0.0688244629840712,0.02895139502246547,0.0693441537537994,0.055194544495674104,0.023037916140782592,0.00950096906560119,0.007498555169654958,0.010885837866304496,0.015728312444250395,0.009641464312317436,-0.002930907380838696,-0.002267786777841215,0.004159725087078011,0.09886553390933321,0.02228118800422278,-0.1030250907652472,-0.16858619875714778,-0.2400708104680666,-0.22543297630053713,-0.1888636205670925,0.0564537338400191,0.30910503338119033,0.27439446424114206,0.19410805985304896,0.17888331539558502,-0.19458383882762811,-0.11796517076117025,-0.08607152150712298,0.022792194650708118,0.007921984254806856,0.029489929300547762,-0.005753523575105727,-0.11741018764959868,-0.19348006389041936,-0.19300319756012588,-0.23179161915503596,-0.19207222828295722,0.1574586634836601,0.21539466680774205,-0.14136065078922502,-0.4564292238942373,-0.4290501881387736,-0.325729990853912,0.45461680355507494,0.43799448396524804,-0.18592908115304935,-0.46539625546382213,-0.4309886611324579,-0.3860178269379564,0.5466573016357007,0.7192705346175613,0.8027384733522397,0.6482778608797185,0.5028246175543506,0.4194178839952857,0.6673324787890581,0.7173006009319182,0.33365316166798475,0.039056157698781756,-0.08009962829748254,-0.07835231076634062,1.0,-0.46948846362083013,-0.6468754488874401,-0.4897925792772899,0.22254402741764892
env_std,0.01466232817443952,0.018771554084969,0.018771216840702837,0.23158028086229576,-0.29789177663228117,-0.2740941354805337,0.05413968354160633,-0.6298664668695501,-0.2090564989439214,-0.1870089688986835,0.05416295721896712,0.018771556299755274,-0.2740941354805337,-0.2908071059180334,-0.25549301405246677,-0.11186264192296615,-0.039092433344368675,-0.6928397105937149,0.018771216840702837,-0.2333835983807003,0.00612870063502646,0.5100046996078004,-0.09381653325053327,0.05416295708625287,-0.2985617981547424,0.007796861316817259,-0.2784284093018435,0.4903857933030652,-0.3056143381313916,0.20933030962534832,-0.2873046711893721,0.4733230314194959,-0.10840032388243385,-0.12720621843210142,0.3021509033635704,0.3950248772943183,-0.4202406298246291,0.10329634464114591,0.3486313489550791,0.24987697670708128,0.24076711874155232,0.05289074860711441,-0.3578866532269445,-0.3468114620313612,0.008781187378158032,0.008504456994405198,-0.5499038675242758,0.3057210738862155,0.3028512872308029,0.12887750556582792,0.08641561879605275,0.02711587910745969,-0.01362400228827716,0.0049921933814568425,0.0841098271375995,0.06969467352344441,0.019396787169234417,0.017297551434657894,-0.03383433544113363,0.1027021293357521,0.423178604475878,0.15282193470146277,0.15193536624239293,0.189812972737515,0.1785569808238004,0.18342137215282642,0.19139477500583216,0.18103032520825363,0.14960710963173587,0.12237150409174945,0.13801515630728653,0.11172077574011105,-0.06315078922130203,0.05667238307105023,0.07469930127382989,0.041339666468263335,0.027984027026120434,0.011047572212546299,0.01752330163094678,0.0021557316414457404,-0.002178516523805137,-0.0006679747650373681,0.02692252567568327,0.008912116070731505,-0.0010085674450300113,0.057525988361453374,0.02707705414130411,-0.042382439006909946,-0.09514180100465439,-0.1464292300652158,-0.039017098409050266,0.06609974165661393,0.06784972691787886,0.1837643636885163,0.19199156581747034,0.17711779203743455,0.12388387193971742,0.1374803300154276,0.18240895986870892,0.17172337522347667,0.16108116698602926,0.1571122605882593,0.1648694267405061,0.11170527806042685,0.11623874469079155,0.19947388117884585,0.15083562291337263,0.11740352486047194,0.1244119821372603,0.0776004773960773,0.22163698148352098,-0.012299421960766308,-0.27125510293096466,-0.01230414527440168,0.03570208706405998,0.10060037800764171,0.24985023909998783,-0.10838422985596245,-0.39600426921918286,-0.23202944623265848,-0.1908991687306593,-0.29108228947273457,-0.545130330948624,-0.34738279982400183,-0.08539404928540188,0.003073120605423033,0.07151132470590263,-0.032070916521616456,-0.08001117101516612,-0.4094875027136937,-0.5792890861212256,-0.4110323084730292,-0.33956663886801763,-0.46948846362083013,1.0,0.085533428184068,-0.021978609979212117,-0.3045091982433122
env_skew,0.01129026610131135,0.0051239253871275875,0.005124381377416586,-0.7783184608837631,0.7228749362471243,0.7641011817086619,-0.038195392445195,-0.36787925010594835,0.3431807797479014,0.8075845169170472,0.16314582928208965,0.005123917396636619,0.7641011817086619,0.7374510332968206,0.3169400148754411,0.21084126550297952,-0.7101686212742816,0.22965699801620829,0.005124381377416586,0.4618653857006092,-0.2969806837835405,-0.21374793285419297,0.045535521097059,0.16314582923639054,0.34892547456482764,0.2536360955448426,0.3707280380642588,-0.1837782203310336,0.3717264549429439,0.05170275171277414,0.3641935126204053,-0.23975975578417177,0.054171890574386414,0.11470448830551724,-0.3500081399950751,-0.23198642385862217,0.4175246741567254,0.281564602328271,-0.3779979163678225,-0.6492154908773972,-0.3519678856872055,-0.16622310145259245,0.20367800784646545,0.46012780420562105,0.36674239737606873,0.19638983255324421,0.13307119562232017,-0.34155678645920956,-0.25983966005474535,-0.1504252561156599,-0.1317387727474461,-0.14016788822296264,-0.09446132205166999,-0.12300408185613827,-0.1514427648065855,-0.1451958161461745,-0.11766428173030925,-0.10231655931455803,-0.08208278228858482,0.08923508945962555,0.004737294154529731,-0.035827036328575715,0.015402052968714244,-0.009615481702150323,-0.01922672572000631,-0.04299442085713088,-0.07261371403636398,-0.09311597663772682,-0.10871265187231022,-0.12056865944757882,-0.1358884946100955,-0.13957727943745465,0.057380837725200425,-0.04099904181104937,-0.07890885288654366,-0.08481281359630823,-0.03472493638197803,-0.026226430358273444,-0.00729498004150499,-0.015807795548969588,-0.009219148385882054,-0.00919586874941863,-0.0032132822854770535,-0.012481172585919206,-0.00683827648200969,-0.07483809243539989,-0.011868315583929045,0.08919956052178794,0.1440227173221092,0.19791377960562473,0.15665685468833418,0.10385271945108644,-0.06917874868642597,-0.2770167713890033,-0.2577461731489785,-0.1993781959921146,-0.15442212624647678,0.09872959131338953,0.04073950937708214,0.0237889646962183,-0.035419304523181705,-0.03756098022089366,-0.0628767689870088,-0.01053527049484766,0.06328584224356214,0.03923284135170212,0.07968667978571807,0.1259365288330357,0.10495570327167326,0.08069250323520565,-0.22325629877552014,0.01981825293234714,0.5389779334878061,0.47199317660584156,0.34165357724158824,-0.19803298552573761,-0.4584670905445982,-0.0753834746737188,0.45251552803182493,0.4578648126082521,0.4112837803474293,-0.4489472946304285,-0.4689919267505304,-0.639870375684233,-0.6076619165856999,-0.5105635193675208,-0.4580124789359789,-0.3698361709601375,-0.5236352892903332,-0.34969874289926245,0.003744648308037609,0.12805331266164746,0.12243603715200893,-0.6468754488874401,0.085533428184068,1.0,0.9284949267550997,-0.07195169769548124
env_kurtosis,0.009008681591258803,0.016353202671447443,0.016353573887058975,-0.692071649786302,0.6641616507752521,0.6915040240952863,-0.04416624334236179,-0.24760788300562778,0.411666736432961,0.826910794987369,0.14428564572202793,0.016353195220313615,0.6915040240952863,0.6758026388926074,0.2739079135855792,0.17010531647161242,-0.5683817405106805,0.2472713811451892,0.016353573887058975,0.3899750046173694,-0.23682675366537154,-0.2183539593507899,0.03611629839027491,0.1442856455149899,0.303584205984604,0.20267190967891888,0.3172888417781144,-0.18911803532604063,0.32115524843199883,0.026898809316922224,0.3148871490114995,-0.22671718349383543,0.05475710182815489,0.10930100180414996,-0.29766470521880894,-0.21512012598667352,0.37425476181898587,0.20469052027479295,-0.33627532065140736,-0.6186679240736996,-0.300550659977634,-0.1539439490293356,0.19484951973286582,0.419380990689766,0.28922259401690503,0.14986119850453744,0.14057065715810266,-0.30143238544216266,-0.23414989097024716,-0.13214098127324925,-0.10439574606041847,-0.10705712201129602,-0.06604485149132552,-0.09835556910400596,-0.1277344477403379,-0.1197635203890798,-0.10350522354938317,-0.08660503366856405,-0.06765627685826,0.07377221281508242,-0.030144961906222307,-0.025093125191982306,-0.0006810330663891117,-0.024127269352371254,-0.029403903416263998,-0.04361381464530281,-0.06928925404901388,-0.08033281607972359,-0.09358313347674002,-0.09672239298135228,-0.10941620768671506,-0.10878349131600241,0.0447539112844183,-0.03407282902229984,-0.06540164798905672,-0.07391689495787712,-0.033240995719056615,-0.02320750203524999,-0.005064628639488501,-0.010167298473394443,-0.0031700669575464753,-0.010870630616275518,-0.003914601656588774,-0.01002203595348184,-0.003970457895182143,-0.06549703456549791,-0.013443057546595652,0.0695041420727352,0.11545945150952698,0.16267998425848773,0.1232127058068521,0.07411472639194142,-0.06240819652853373,-0.23825637928862653,-0.22285751394600772,-0.17420161066415712,-0.1342592382562444,0.05987264644765403,0.010868443206674515,-0.0015566846717825153,-0.047310149686812575,-0.0449486945827329,-0.06882472861402462,-0.02199200767580065,0.03569312493314203,0.004919938694808438,0.039739671312293716,0.08202793883590385,0.07080413623044093,0.28642488965464297,-0.20185266982925093,0.010995237962218152,0.4902440577091965,0.39282662187417267,0.2676350931522434,-0.09181877754758336,-0.4008869097333691,-0.07431134804103733,0.40451462015398953,0.3906319566568759,0.34214106882040435,-0.3596721403418144,-0.3354107491617024,-0.4849439168180972,-0.48825246843592035,-0.41796162255820646,-0.3790827259507531,-0.28784293087099916,-0.4220338605567684,-0.2618370503044748,0.04436921317717794,0.13086080956725346,0.12128971679825659,-0.4897925792772899,-0.021978609979212117,0.9284949267550997,1.0,-0.028763599325208698
env_peak_rate,-0.02262398155665239,-0.010898390384123515,-0.010898295954561607,-0.015312923978727848,0.0433474451639389,0.03147406335830588,0.005837789879206998,0.26704610166026616,0.07196179757780943,0.022822220742697366,-0.11597340670027126,-0.010898389494348027,0.03147406335830588,0.03780732820691956,-0.11774163746387929,-0.14039506788626605,0.10619293420015649,0.16934945330613374,-0.010898295954561607,-0.08623429184312946,0.10664984561539392,-0.14051813133372615,0.08240713809568036,-0.11597340662369339,-0.08718422950584749,-0.18753073224380962,-0.03485987789469242,-0.190801561622818,-0.06281025819799031,-0.145186786392241,-0.05106613321459863,-0.15809339159979593,-0.019022836325443826,-0.022867392203407732,0.024467050539922874,-0.13028125769910467,0.023105236522510664,-0.1634870265662654,-0.027321713833581972,-0.04371952111486586,0.04238133334365903,0.06862714715635682,0.06879438179251814,-0.03724636013171814,-0.15998283028652024,-0.11839947452549822,0.16356798016232468,0.07073907486117942,0.03967936795519801,0.08598543060158438,0.04955474345749316,0.05419168820566199,0.05305040917726916,0.06380983946334053,0.024208268324486644,-0.001426354522030332,0.014504071989250534,0.045980289573069495,0.03387763916016898,-0.1495559600240075,-0.26117792396469197,-0.11685770644871984,-0.12861185089293214,-0.0864584867072922,-0.0955399606291759,-0.10235353407798471,-0.1172795770424981,-0.11854089630117318,-0.10936794607386706,-0.088771544037839,-0.09180902077526666,-0.08338520743285392,0.026269796938474095,-0.03371025222270987,-0.01717721123248071,0.01552080733156483,-0.02124002977582974,-0.016153205169698905,-0.01877408601725809,-0.005272559683436753,-0.031540110332808825,0.005134348000391971,0.006804620765702618,-0.017062165803873736,-0.03195480017648226,0.16929119547640328,0.1548768115398229,0.11722975779150677,0.13320126878388888,0.12826708097633815,0.0995563584852502,0.050585663374404226,0.08367091698713253,0.1313097701080134,0.1525705751659755,0.14774999892898427,0.14876886216929175,-0.1977536489711841,-0.2245813527123392,-0.21081462890300762,-0.18926577697652888,-0.20192684710963196,-0.16178939676407478,-0.13828460344195165,-0.14466974186947726,-0.14972412477349734,-0.16277622395477412,-0.16600509753394893,-0.16789101270709386,-0.014208061824775065,-0.054414845436794826,-0.05349303365608549,-0.04400701101960961,-0.13458042713144655,-0.13437916562794308,0.05287761804578238,0.08234338836890155,0.09510081896473836,0.00119624137808572,-0.08041992904684594,-0.09109111779457829,0.2523477560471266,0.3013629169989867,0.18480646236307927,0.06650560412812496,-0.001175280272337578,-0.043757525060029966,0.1329384655254399,0.21402857200113076,0.19322153732525071,0.047783788789398124,-0.055531441945505466,-0.07293398668233443,0.22254402741764892,-0.3045091982433122,-0.07195169769548124,-0.028763599325208698,1.0
